
/home/pi/NN2022Code/IMUAdapterFirmware/build/IMUAdapterFirmware.elf:     file format elf32-littlearm

Sections:
Idx Name          Size      VMA       LMA       File off  Algn
  0 .boot2        00000100  10000000  10000000  00001000  2**0
                  CONTENTS, ALLOC, LOAD, READONLY, CODE
  1 .flashtext    000001d8  10000100  10000100  00001100  2**3
                  CONTENTS, ALLOC, LOAD, READONLY, CODE
  2 .rodata       00000000  100002d8  100002d8  00008858  2**0
                  CONTENTS, ALLOC, LOAD, DATA
  3 .binary_info  0000001c  100002d8  100002d8  000012d8  2**2
                  CONTENTS, ALLOC, LOAD, READONLY, DATA
  4 .ram_vector_table 000000c0  20000000  20000000  00009000  2**2
                  ALLOC
  5 .text         000052a0  200000c0  100002f4  000020c0  2**2
                  CONTENTS, ALLOC, LOAD, READONLY, CODE
  6 .data         000014f8  20005360  10005594  00007360  2**4
                  CONTENTS, ALLOC, LOAD, CODE
  7 .uninitialized_data 00000000  20006858  20006858  00008858  2**0
                  CONTENTS
  8 .scratch_x    00000000  20040000  20040000  00008858  2**0
                  CONTENTS
  9 .scratch_y    00000000  20041000  20041000  00008858  2**0
                  CONTENTS
 10 .bss          00000578  20006858  20006858  00008858  2**3
                  ALLOC
 11 .heap         00000800  20006dd0  20006dd0  00008858  2**2
                  CONTENTS, READONLY
 12 .stack_dummy  00000800  20041000  20041000  00009060  2**5
                  CONTENTS, READONLY
 13 .ARM.attributes 00000028  00000000  00000000  00009860  2**0
                  CONTENTS, READONLY
 14 .comment      00000033  00000000  00000000  00009888  2**0
                  CONTENTS, READONLY
 15 .debug_info   0001cc78  00000000  00000000  000098bb  2**0
                  CONTENTS, READONLY, DEBUGGING, OCTETS
 16 .debug_abbrev 000050e9  00000000  00000000  00026533  2**0
                  CONTENTS, READONLY, DEBUGGING, OCTETS
 17 .debug_loc    00013b5f  00000000  00000000  0002b61c  2**0
                  CONTENTS, READONLY, DEBUGGING, OCTETS
 18 .debug_aranges 00001068  00000000  00000000  0003f180  2**3
                  CONTENTS, READONLY, DEBUGGING, OCTETS
 19 .debug_ranges 00004190  00000000  00000000  000401e8  2**3
                  CONTENTS, READONLY, DEBUGGING, OCTETS
 20 .debug_line   00010cde  00000000  00000000  00044378  2**0
                  CONTENTS, READONLY, DEBUGGING, OCTETS
 21 .debug_str    00004a80  00000000  00000000  00055056  2**0
                  CONTENTS, READONLY, DEBUGGING, OCTETS
 22 .debug_frame  00001e34  00000000  00000000  00059ad8  2**2
                  CONTENTS, READONLY, DEBUGGING, OCTETS

/home/pi/NN2022Code/IMUAdapterFirmware/build/IMUAdapterFirmware.elf:     file format elf32-littlearm


Disassembly of section .boot2:

10000000 <__boot2_start__>:
10000000:	4b32b500 	.word	0x4b32b500
10000004:	60582021 	.word	0x60582021
10000008:	21026898 	.word	0x21026898
1000000c:	60984388 	.word	0x60984388
10000010:	611860d8 	.word	0x611860d8
10000014:	4b2e6158 	.word	0x4b2e6158
10000018:	60992100 	.word	0x60992100
1000001c:	61592102 	.word	0x61592102
10000020:	22f02101 	.word	0x22f02101
10000024:	492b5099 	.word	0x492b5099
10000028:	21016019 	.word	0x21016019
1000002c:	20356099 	.word	0x20356099
10000030:	f844f000 	.word	0xf844f000
10000034:	42902202 	.word	0x42902202
10000038:	2106d014 	.word	0x2106d014
1000003c:	f0006619 	.word	0xf0006619
10000040:	6e19f834 	.word	0x6e19f834
10000044:	66192101 	.word	0x66192101
10000048:	66182000 	.word	0x66182000
1000004c:	f000661a 	.word	0xf000661a
10000050:	6e19f82c 	.word	0x6e19f82c
10000054:	6e196e19 	.word	0x6e196e19
10000058:	f0002005 	.word	0xf0002005
1000005c:	2101f82f 	.word	0x2101f82f
10000060:	d1f94208 	.word	0xd1f94208
10000064:	60992100 	.word	0x60992100
10000068:	6019491b 	.word	0x6019491b
1000006c:	60592100 	.word	0x60592100
10000070:	481b491a 	.word	0x481b491a
10000074:	21016001 	.word	0x21016001
10000078:	21eb6099 	.word	0x21eb6099
1000007c:	21a06619 	.word	0x21a06619
10000080:	f0006619 	.word	0xf0006619
10000084:	2100f812 	.word	0x2100f812
10000088:	49166099 	.word	0x49166099
1000008c:	60014814 	.word	0x60014814
10000090:	60992101 	.word	0x60992101
10000094:	2800bc01 	.word	0x2800bc01
10000098:	4700d000 	.word	0x4700d000
1000009c:	49134812 	.word	0x49134812
100000a0:	c8036008 	.word	0xc8036008
100000a4:	8808f380 	.word	0x8808f380
100000a8:	b5034708 	.word	0xb5034708
100000ac:	20046a99 	.word	0x20046a99
100000b0:	d0fb4201 	.word	0xd0fb4201
100000b4:	42012001 	.word	0x42012001
100000b8:	bd03d1f8 	.word	0xbd03d1f8
100000bc:	6618b502 	.word	0x6618b502
100000c0:	f7ff6618 	.word	0xf7ff6618
100000c4:	6e18fff2 	.word	0x6e18fff2
100000c8:	bd026e18 	.word	0xbd026e18
100000cc:	40020000 	.word	0x40020000
100000d0:	18000000 	.word	0x18000000
100000d4:	00070000 	.word	0x00070000
100000d8:	005f0300 	.word	0x005f0300
100000dc:	00002221 	.word	0x00002221
100000e0:	180000f4 	.word	0x180000f4
100000e4:	a0002022 	.word	0xa0002022
100000e8:	10000100 	.word	0x10000100
100000ec:	e000ed08 	.word	0xe000ed08
	...
100000fc:	7a4eb274 	.word	0x7a4eb274

Disassembly of section .flashtext:

10000100 <__VECTOR_TABLE>:
10000100:	20042000 	.word	0x20042000
10000104:	100001f7 	.word	0x100001f7
10000108:	100001c3 	.word	0x100001c3
1000010c:	100001c5 	.word	0x100001c5
10000110:	100001c1 	.word	0x100001c1
10000114:	100001c1 	.word	0x100001c1
10000118:	100001c1 	.word	0x100001c1
1000011c:	100001c1 	.word	0x100001c1
10000120:	100001c1 	.word	0x100001c1
10000124:	100001c1 	.word	0x100001c1
10000128:	100001c1 	.word	0x100001c1
1000012c:	100001c7 	.word	0x100001c7
10000130:	100001c1 	.word	0x100001c1
10000134:	100001c1 	.word	0x100001c1
10000138:	100001c9 	.word	0x100001c9
1000013c:	100001cb 	.word	0x100001cb
10000140:	100001cd 	.word	0x100001cd
10000144:	100001cd 	.word	0x100001cd
10000148:	100001cd 	.word	0x100001cd
1000014c:	100001cd 	.word	0x100001cd
10000150:	100001cd 	.word	0x100001cd
10000154:	100001cd 	.word	0x100001cd
10000158:	100001cd 	.word	0x100001cd
1000015c:	100001cd 	.word	0x100001cd
10000160:	100001cd 	.word	0x100001cd
10000164:	100001cd 	.word	0x100001cd
10000168:	100001cd 	.word	0x100001cd
1000016c:	100001cd 	.word	0x100001cd
10000170:	100001cd 	.word	0x100001cd
10000174:	100001cd 	.word	0x100001cd
10000178:	100001cd 	.word	0x100001cd
1000017c:	100001cd 	.word	0x100001cd
10000180:	100001cd 	.word	0x100001cd
10000184:	100001cd 	.word	0x100001cd
10000188:	100001cd 	.word	0x100001cd
1000018c:	100001cd 	.word	0x100001cd
10000190:	100001cd 	.word	0x100001cd
10000194:	100001cd 	.word	0x100001cd
10000198:	100001cd 	.word	0x100001cd
1000019c:	100001cd 	.word	0x100001cd
100001a0:	100001cd 	.word	0x100001cd
100001a4:	100001cd 	.word	0x100001cd
100001a8:	100001cd 	.word	0x100001cd
100001ac:	100001cd 	.word	0x100001cd
100001b0:	100001cd 	.word	0x100001cd
100001b4:	100001cd 	.word	0x100001cd
100001b8:	100001cd 	.word	0x100001cd
100001bc:	100001cd 	.word	0x100001cd

100001c0 <isr_invalid>:
100001c0:	be00      	bkpt	0x0000

100001c2 <isr_nmi>:
100001c2:	be00      	bkpt	0x0000

100001c4 <isr_hardfault>:
100001c4:	be00      	bkpt	0x0000

100001c6 <isr_svcall>:
100001c6:	be00      	bkpt	0x0000

100001c8 <isr_pendsv>:
100001c8:	be00      	bkpt	0x0000

100001ca <isr_systick>:
100001ca:	be00      	bkpt	0x0000

100001cc <__unhandled_user_irq>:
100001cc:	f3ef 8005 	mrs	r0, IPSR
100001d0:	3810      	subs	r0, #16

100001d2 <unhandled_user_irq_num_in_r0>:
100001d2:	be00      	bkpt	0x0000

100001d4 <binary_info_header>:
100001d4:	7188ebf2 	.word	0x7188ebf2
100001d8:	100002d8 	.word	0x100002d8
100001dc:	100002f4 	.word	0x100002f4
100001e0:	10000234 	.word	0x10000234
100001e4:	e71aa390 	.word	0xe71aa390

100001e8 <_entry_point>:
100001e8:	2000      	movs	r0, #0
100001ea:	4922      	ldr	r1, [pc, #136]	; (10000274 <hold_non_core0_in_bootrom+0xa>)
100001ec:	6008      	str	r0, [r1, #0]
100001ee:	c806      	ldmia	r0!, {r1, r2}
100001f0:	f381 8808 	msr	MSP, r1
100001f4:	4710      	bx	r2

100001f6 <_reset_handler>:
100001f6:	4820      	ldr	r0, [pc, #128]	; (10000278 <hold_non_core0_in_bootrom+0xe>)
100001f8:	6800      	ldr	r0, [r0, #0]
100001fa:	2800      	cmp	r0, #0
100001fc:	d135      	bne.n	1000026a <hold_non_core0_in_bootrom>
100001fe:	a40d      	add	r4, pc, #52	; (adr r4, 10000234 <data_cpy_table>)
10000200:	cc0e      	ldmia	r4!, {r1, r2, r3}
10000202:	2900      	cmp	r1, #0
10000204:	d002      	beq.n	1000020c <_reset_handler+0x16>
10000206:	f000 f812 	bl	1000022e <data_cpy>
1000020a:	e7f9      	b.n	10000200 <_reset_handler+0xa>
1000020c:	491b      	ldr	r1, [pc, #108]	; (1000027c <hold_non_core0_in_bootrom+0x12>)
1000020e:	4a1c      	ldr	r2, [pc, #112]	; (10000280 <hold_non_core0_in_bootrom+0x16>)
10000210:	2000      	movs	r0, #0
10000212:	e000      	b.n	10000216 <bss_fill_test>

10000214 <bss_fill_loop>:
10000214:	c101      	stmia	r1!, {r0}

10000216 <bss_fill_test>:
10000216:	4291      	cmp	r1, r2
10000218:	d1fc      	bne.n	10000214 <bss_fill_loop>

1000021a <platform_entry>:
1000021a:	491a      	ldr	r1, [pc, #104]	; (10000284 <hold_non_core0_in_bootrom+0x1a>)
1000021c:	4788      	blx	r1
1000021e:	491a      	ldr	r1, [pc, #104]	; (10000288 <hold_non_core0_in_bootrom+0x1e>)
10000220:	4788      	blx	r1
10000222:	491a      	ldr	r1, [pc, #104]	; (1000028c <hold_non_core0_in_bootrom+0x22>)
10000224:	4788      	blx	r1
10000226:	be00      	bkpt	0x0000
10000228:	e7fd      	b.n	10000226 <platform_entry+0xc>

1000022a <data_cpy_loop>:
1000022a:	c901      	ldmia	r1!, {r0}
1000022c:	c201      	stmia	r2!, {r0}

1000022e <data_cpy>:
1000022e:	429a      	cmp	r2, r3
10000230:	d3fb      	bcc.n	1000022a <data_cpy_loop>
10000232:	4770      	bx	lr

10000234 <data_cpy_table>:
10000234:	100002f4 	.word	0x100002f4
10000238:	200000c0 	.word	0x200000c0
1000023c:	20005360 	.word	0x20005360
10000240:	10005594 	.word	0x10005594
10000244:	20005360 	.word	0x20005360
10000248:	20006858 	.word	0x20006858
1000024c:	10006a8c 	.word	0x10006a8c
10000250:	20040000 	.word	0x20040000
10000254:	20040000 	.word	0x20040000
10000258:	10006a8c 	.word	0x10006a8c
1000025c:	20041000 	.word	0x20041000
10000260:	20041000 	.word	0x20041000
10000264:	00000000 	.word	0x00000000
10000268:	4770      	bx	lr

1000026a <hold_non_core0_in_bootrom>:
1000026a:	4809      	ldr	r0, [pc, #36]	; (10000290 <hold_non_core0_in_bootrom+0x26>)
1000026c:	f000 f814 	bl	10000298 <__rom_func_lookup_veneer>
10000270:	4700      	bx	r0
10000272:	0000      	.short	0x0000
10000274:	e000ed08 	.word	0xe000ed08
10000278:	d0000000 	.word	0xd0000000
1000027c:	20006858 	.word	0x20006858
10000280:	20006dd0 	.word	0x20006dd0
10000284:	2000281d 	.word	0x2000281d
10000288:	20000511 	.word	0x20000511
1000028c:	200027d9 	.word	0x200027d9
10000290:	00005657 	.word	0x00005657
10000294:	00000000 	.word	0x00000000

10000298 <__rom_func_lookup_veneer>:
10000298:	b401      	push	{r0}
1000029a:	4802      	ldr	r0, [pc, #8]	; (100002a4 <__rom_func_lookup_veneer+0xc>)
1000029c:	4684      	mov	ip, r0
1000029e:	bc01      	pop	{r0}
100002a0:	4760      	bx	ip
100002a2:	bf00      	nop
100002a4:	20003a95 	.word	0x20003a95

100002a8 <__bi_50>:
100002a8:	50520006 5360b3ab 200064b8              ..RP..`S.d. 

100002b4 <__bi_38>:
100002b4:	50520006 02031c86 200064c8              ..RP.....d. 

100002c0 <__bi_30>:
100002c0:	50520006 9da22254 200064dc              ..RPT"...d. 

100002cc <__bi_22>:
100002cc:	50520005 68f465de 10006a8c              ..RP.e.h.j..

Disassembly of section .text:

200000c0 <_init>:
200000c0:	b5f8      	push	{r3, r4, r5, r6, r7, lr}
200000c2:	46c0      	nop			; (mov r8, r8)

200000c4 <deregister_tm_clones>:
200000c4:	4804      	ldr	r0, [pc, #16]	; (200000d8 <deregister_tm_clones+0x14>)
200000c6:	4b05      	ldr	r3, [pc, #20]	; (200000dc <deregister_tm_clones+0x18>)
200000c8:	b510      	push	{r4, lr}
200000ca:	4283      	cmp	r3, r0
200000cc:	d003      	beq.n	200000d6 <deregister_tm_clones+0x12>
200000ce:	4b04      	ldr	r3, [pc, #16]	; (200000e0 <deregister_tm_clones+0x1c>)
200000d0:	2b00      	cmp	r3, #0
200000d2:	d000      	beq.n	200000d6 <deregister_tm_clones+0x12>
200000d4:	4798      	blx	r3
200000d6:	bd10      	pop	{r4, pc}
200000d8:	20006858 	.word	0x20006858
200000dc:	20006858 	.word	0x20006858
200000e0:	00000000 	.word	0x00000000

200000e4 <register_tm_clones>:
200000e4:	4806      	ldr	r0, [pc, #24]	; (20000100 <register_tm_clones+0x1c>)
200000e6:	4907      	ldr	r1, [pc, #28]	; (20000104 <register_tm_clones+0x20>)
200000e8:	1a09      	subs	r1, r1, r0
200000ea:	108b      	asrs	r3, r1, #2
200000ec:	0fc9      	lsrs	r1, r1, #31
200000ee:	18c9      	adds	r1, r1, r3
200000f0:	b510      	push	{r4, lr}
200000f2:	1049      	asrs	r1, r1, #1
200000f4:	d003      	beq.n	200000fe <register_tm_clones+0x1a>
200000f6:	4b04      	ldr	r3, [pc, #16]	; (20000108 <register_tm_clones+0x24>)
200000f8:	2b00      	cmp	r3, #0
200000fa:	d000      	beq.n	200000fe <register_tm_clones+0x1a>
200000fc:	4798      	blx	r3
200000fe:	bd10      	pop	{r4, pc}
20000100:	20006858 	.word	0x20006858
20000104:	20006858 	.word	0x20006858
20000108:	00000000 	.word	0x00000000

2000010c <__do_global_dtors_aux>:
2000010c:	b510      	push	{r4, lr}
2000010e:	4c07      	ldr	r4, [pc, #28]	; (2000012c <__do_global_dtors_aux+0x20>)
20000110:	7823      	ldrb	r3, [r4, #0]
20000112:	2b00      	cmp	r3, #0
20000114:	d109      	bne.n	2000012a <__do_global_dtors_aux+0x1e>
20000116:	f7ff ffd5 	bl	200000c4 <deregister_tm_clones>
2000011a:	4b05      	ldr	r3, [pc, #20]	; (20000130 <__do_global_dtors_aux+0x24>)
2000011c:	2b00      	cmp	r3, #0
2000011e:	d002      	beq.n	20000126 <__do_global_dtors_aux+0x1a>
20000120:	4804      	ldr	r0, [pc, #16]	; (20000134 <__do_global_dtors_aux+0x28>)
20000122:	e000      	b.n	20000126 <__do_global_dtors_aux+0x1a>
20000124:	bf00      	nop
20000126:	2301      	movs	r3, #1
20000128:	7023      	strb	r3, [r4, #0]
2000012a:	bd10      	pop	{r4, pc}
2000012c:	20006958 	.word	0x20006958
20000130:	00000000 	.word	0x00000000
20000134:	20005360 	.word	0x20005360

20000138 <frame_dummy>:
20000138:	4b05      	ldr	r3, [pc, #20]	; (20000150 <frame_dummy+0x18>)
2000013a:	b510      	push	{r4, lr}
2000013c:	2b00      	cmp	r3, #0
2000013e:	d003      	beq.n	20000148 <frame_dummy+0x10>
20000140:	4904      	ldr	r1, [pc, #16]	; (20000154 <frame_dummy+0x1c>)
20000142:	4805      	ldr	r0, [pc, #20]	; (20000158 <frame_dummy+0x20>)
20000144:	e000      	b.n	20000148 <frame_dummy+0x10>
20000146:	bf00      	nop
20000148:	f7ff ffcc 	bl	200000e4 <register_tm_clones>
2000014c:	bd10      	pop	{r4, pc}
2000014e:	46c0      	nop			; (mov r8, r8)
20000150:	00000000 	.word	0x00000000
20000154:	2000695c 	.word	0x2000695c
20000158:	20005360 	.word	0x20005360

2000015c <uart_rx_program_init>:
2000015c:	b5f0      	push	{r4, r5, r6, r7, lr}
2000015e:	46c6      	mov	lr, r8
20000160:	b500      	push	{lr}
20000162:	b090      	sub	sp, #64	; 0x40
20000164:	0006      	movs	r6, r0
20000166:	000f      	movs	r7, r1
20000168:	4690      	mov	r8, r2
2000016a:	001d      	movs	r5, r3
2000016c:	2300      	movs	r3, #0
2000016e:	9300      	str	r3, [sp, #0]
20000170:	3301      	adds	r3, #1
20000172:	002a      	movs	r2, r5
20000174:	f004 fe2e 	bl	20004dd4 <pio_sm_set_consecutive_pindirs>
20000178:	4b35      	ldr	r3, [pc, #212]	; (20000250 <uart_rx_program_init+0xf4>)
2000017a:	429e      	cmp	r6, r3
2000017c:	d066      	beq.n	2000024c <uart_rx_program_init+0xf0>
2000017e:	2107      	movs	r1, #7
20000180:	0028      	movs	r0, r5
20000182:	f000 fc69 	bl	20000a58 <gpio_set_function>
20000186:	2200      	movs	r2, #0
20000188:	2101      	movs	r1, #1
2000018a:	0028      	movs	r0, r5
2000018c:	f000 fc7c 	bl	20000a88 <gpio_set_pulls>
20000190:	2210      	movs	r2, #16
20000192:	2100      	movs	r1, #0
20000194:	a808      	add	r0, sp, #32
20000196:	f004 fbc7 	bl	20004928 <__wrap_memset>
2000019a:	2380      	movs	r3, #128	; 0x80
2000019c:	025b      	lsls	r3, r3, #9
2000019e:	9308      	str	r3, [sp, #32]
200001a0:	23f8      	movs	r3, #248	; 0xf8
200001a2:	025b      	lsls	r3, r3, #9
200001a4:	9309      	str	r3, [sp, #36]	; 0x24
200001a6:	2480      	movs	r4, #128	; 0x80
200001a8:	02e4      	lsls	r4, r4, #11
200001aa:	940a      	str	r4, [sp, #40]	; 0x28
200001ac:	23c0      	movs	r3, #192	; 0xc0
200001ae:	031b      	lsls	r3, r3, #12
200001b0:	930a      	str	r3, [sp, #40]	; 0x28
200001b2:	2210      	movs	r2, #16
200001b4:	a908      	add	r1, sp, #32
200001b6:	a804      	add	r0, sp, #16
200001b8:	f004 fbbc 	bl	20004934 <__wrap___aeabi_memcpy>
200001bc:	4642      	mov	r2, r8
200001be:	3208      	adds	r2, #8
200001c0:	9b05      	ldr	r3, [sp, #20]
200001c2:	9303      	str	r3, [sp, #12]
200001c4:	4b23      	ldr	r3, [pc, #140]	; (20000254 <uart_rx_program_init+0xf8>)
200001c6:	9903      	ldr	r1, [sp, #12]
200001c8:	400b      	ands	r3, r1
200001ca:	4641      	mov	r1, r8
200001cc:	01c9      	lsls	r1, r1, #7
200001ce:	430b      	orrs	r3, r1
200001d0:	0312      	lsls	r2, r2, #12
200001d2:	4313      	orrs	r3, r2
200001d4:	9305      	str	r3, [sp, #20]
200001d6:	2210      	movs	r2, #16
200001d8:	a904      	add	r1, sp, #16
200001da:	a80c      	add	r0, sp, #48	; 0x30
200001dc:	f004 fbaa 	bl	20004934 <__wrap___aeabi_memcpy>
200001e0:	9b0f      	ldr	r3, [sp, #60]	; 0x3c
200001e2:	9303      	str	r3, [sp, #12]
200001e4:	4b1c      	ldr	r3, [pc, #112]	; (20000258 <uart_rx_program_init+0xfc>)
200001e6:	9a03      	ldr	r2, [sp, #12]
200001e8:	4013      	ands	r3, r2
200001ea:	03ea      	lsls	r2, r5, #15
200001ec:	4313      	orrs	r3, r2
200001ee:	930f      	str	r3, [sp, #60]	; 0x3c
200001f0:	9b0d      	ldr	r3, [sp, #52]	; 0x34
200001f2:	9303      	str	r3, [sp, #12]
200001f4:	4b19      	ldr	r3, [pc, #100]	; (2000025c <uart_rx_program_init+0x100>)
200001f6:	9a03      	ldr	r2, [sp, #12]
200001f8:	4013      	ands	r3, r2
200001fa:	062d      	lsls	r5, r5, #24
200001fc:	431d      	orrs	r5, r3
200001fe:	950d      	str	r5, [sp, #52]	; 0x34
20000200:	9b0e      	ldr	r3, [sp, #56]	; 0x38
20000202:	9303      	str	r3, [sp, #12]
20000204:	4b16      	ldr	r3, [pc, #88]	; (20000260 <uart_rx_program_init+0x104>)
20000206:	9a03      	ldr	r2, [sp, #12]
20000208:	4013      	ands	r3, r2
2000020a:	431c      	orrs	r4, r3
2000020c:	940e      	str	r4, [sp, #56]	; 0x38
2000020e:	00a4      	lsls	r4, r4, #2
20000210:	08a4      	lsrs	r4, r4, #2
20000212:	2380      	movs	r3, #128	; 0x80
20000214:	061b      	lsls	r3, r3, #24
20000216:	431c      	orrs	r4, r3
20000218:	940e      	str	r4, [sp, #56]	; 0x38
2000021a:	2005      	movs	r0, #5
2000021c:	f002 fa24 	bl	20002668 <clock_get_hz>
20000220:	9b16      	ldr	r3, [sp, #88]	; 0x58
20000222:	0119      	lsls	r1, r3, #4
20000224:	f003 fc8a 	bl	20003b3c <__wrap___aeabi_uidiv>
20000228:	0400      	lsls	r0, r0, #16
2000022a:	900c      	str	r0, [sp, #48]	; 0x30
2000022c:	ab0c      	add	r3, sp, #48	; 0x30
2000022e:	4642      	mov	r2, r8
20000230:	0039      	movs	r1, r7
20000232:	0030      	movs	r0, r6
20000234:	f004 fe20 	bl	20004e78 <pio_sm_init>
20000238:	6832      	ldr	r2, [r6, #0]
2000023a:	2301      	movs	r3, #1
2000023c:	40bb      	lsls	r3, r7
2000023e:	439a      	bics	r2, r3
20000240:	4313      	orrs	r3, r2
20000242:	6033      	str	r3, [r6, #0]
20000244:	b010      	add	sp, #64	; 0x40
20000246:	bc80      	pop	{r7}
20000248:	46b8      	mov	r8, r7
2000024a:	bdf0      	pop	{r4, r5, r6, r7, pc}
2000024c:	2106      	movs	r1, #6
2000024e:	e797      	b.n	20000180 <uart_rx_program_init+0x24>
20000250:	50200000 	.word	0x50200000
20000254:	fffe007f 	.word	0xfffe007f
20000258:	fff07fff 	.word	0xfff07fff
2000025c:	e0ffffff 	.word	0xe0ffffff
20000260:	fe0affff 	.word	0xfe0affff

20000264 <strobe_imu_rx_all>:
20000264:	b510      	push	{r4, lr}
20000266:	2300      	movs	r3, #0
20000268:	e008      	b.n	2000027c <strobe_imu_rx_all+0x18>
2000026a:	0099      	lsls	r1, r3, #2
2000026c:	4a0d      	ldr	r2, [pc, #52]	; (200002a4 <strobe_imu_rx_all+0x40>)
2000026e:	5889      	ldr	r1, [r1, r2]
20000270:	2201      	movs	r2, #1
20000272:	408a      	lsls	r2, r1
20000274:	21d0      	movs	r1, #208	; 0xd0
20000276:	0609      	lsls	r1, r1, #24
20000278:	618a      	str	r2, [r1, #24]
2000027a:	3301      	adds	r3, #1
2000027c:	2b06      	cmp	r3, #6
2000027e:	d9f4      	bls.n	2000026a <strobe_imu_rx_all+0x6>
20000280:	2004      	movs	r0, #4
20000282:	2100      	movs	r1, #0
20000284:	f001 fbe8 	bl	20001a58 <sleep_us>
20000288:	2300      	movs	r3, #0
2000028a:	e008      	b.n	2000029e <strobe_imu_rx_all+0x3a>
2000028c:	0099      	lsls	r1, r3, #2
2000028e:	4a05      	ldr	r2, [pc, #20]	; (200002a4 <strobe_imu_rx_all+0x40>)
20000290:	5889      	ldr	r1, [r1, r2]
20000292:	2201      	movs	r2, #1
20000294:	408a      	lsls	r2, r1
20000296:	21d0      	movs	r1, #208	; 0xd0
20000298:	0609      	lsls	r1, r1, #24
2000029a:	614a      	str	r2, [r1, #20]
2000029c:	3301      	adds	r3, #1
2000029e:	2b06      	cmp	r3, #6
200002a0:	d9f4      	bls.n	2000028c <strobe_imu_rx_all+0x28>
200002a2:	bd10      	pop	{r4, pc}
200002a4:	200055f8 	.word	0x200055f8

200002a8 <read_int_acc_raw>:
200002a8:	b530      	push	{r4, r5, lr}
200002aa:	b083      	sub	sp, #12
200002ac:	0004      	movs	r4, r0
200002ae:	4d0e      	ldr	r5, [pc, #56]	; (200002e8 <read_int_acc_raw+0x40>)
200002b0:	2301      	movs	r3, #1
200002b2:	9300      	str	r3, [sp, #0]
200002b4:	4a0d      	ldr	r2, [pc, #52]	; (200002ec <read_int_acc_raw+0x44>)
200002b6:	216a      	movs	r1, #106	; 0x6a
200002b8:	0028      	movs	r0, r5
200002ba:	f005 f807 	bl	200052cc <i2c_write_blocking>
200002be:	1ca2      	adds	r2, r4, #2
200002c0:	2300      	movs	r3, #0
200002c2:	9300      	str	r3, [sp, #0]
200002c4:	330e      	adds	r3, #14
200002c6:	216a      	movs	r1, #106	; 0x6a
200002c8:	0028      	movs	r0, r5
200002ca:	f005 f80b 	bl	200052e4 <i2c_read_blocking>
200002ce:	280e      	cmp	r0, #14
200002d0:	d106      	bne.n	200002e0 <read_int_acc_raw+0x38>
200002d2:	23ff      	movs	r3, #255	; 0xff
200002d4:	7023      	strb	r3, [r4, #0]
200002d6:	3bf1      	subs	r3, #241	; 0xf1
200002d8:	7063      	strb	r3, [r4, #1]
200002da:	2000      	movs	r0, #0
200002dc:	b003      	add	sp, #12
200002de:	bd30      	pop	{r4, r5, pc}
200002e0:	2002      	movs	r0, #2
200002e2:	4240      	negs	r0, r0
200002e4:	e7fa      	b.n	200002dc <read_int_acc_raw+0x34>
200002e6:	46c0      	nop			; (mov r8, r8)
200002e8:	20006830 	.word	0x20006830
200002ec:	200055f5 	.word	0x200055f5

200002f0 <refresh_imu_buf>:
200002f0:	b570      	push	{r4, r5, r6, lr}
200002f2:	2300      	movs	r3, #0
200002f4:	e006      	b.n	20000304 <refresh_imu_buf+0x14>
200002f6:	00da      	lsls	r2, r3, #3
200002f8:	18d2      	adds	r2, r2, r3
200002fa:	0051      	lsls	r1, r2, #1
200002fc:	4a49      	ldr	r2, [pc, #292]	; (20000424 <refresh_imu_buf+0x134>)
200002fe:	2000      	movs	r0, #0
20000300:	5288      	strh	r0, [r1, r2]
20000302:	3301      	adds	r3, #1
20000304:	2b06      	cmp	r3, #6
20000306:	d9f6      	bls.n	200002f6 <refresh_imu_buf+0x6>
20000308:	2400      	movs	r4, #0
2000030a:	e029      	b.n	20000360 <refresh_imu_buf+0x70>
2000030c:	00a3      	lsls	r3, r4, #2
2000030e:	4946      	ldr	r1, [pc, #280]	; (20000428 <refresh_imu_buf+0x138>)
20000310:	468c      	mov	ip, r1
20000312:	4463      	add	r3, ip
20000314:	8858      	ldrh	r0, [r3, #2]
20000316:	00e3      	lsls	r3, r4, #3
20000318:	191b      	adds	r3, r3, r4
2000031a:	189b      	adds	r3, r3, r2
2000031c:	005b      	lsls	r3, r3, #1
2000031e:	4941      	ldr	r1, [pc, #260]	; (20000424 <refresh_imu_buf+0x134>)
20000320:	5258      	strh	r0, [r3, r1]
20000322:	3201      	adds	r2, #1
20000324:	2a07      	cmp	r2, #7
20000326:	d9f1      	bls.n	2000030c <refresh_imu_buf+0x1c>
20000328:	4b40      	ldr	r3, [pc, #256]	; (2000042c <refresh_imu_buf+0x13c>)
2000032a:	681b      	ldr	r3, [r3, #0]
2000032c:	3308      	adds	r3, #8
2000032e:	211f      	movs	r1, #31
20000330:	4019      	ands	r1, r3
20000332:	0062      	lsls	r2, r4, #1
20000334:	1912      	adds	r2, r2, r4
20000336:	00d3      	lsls	r3, r2, #3
20000338:	4a3d      	ldr	r2, [pc, #244]	; (20000430 <refresh_imu_buf+0x140>)
2000033a:	4694      	mov	ip, r2
2000033c:	4463      	add	r3, ip
2000033e:	6019      	str	r1, [r3, #0]
20000340:	2001      	movs	r0, #1
20000342:	2100      	movs	r1, #0
20000344:	f001 fb88 	bl	20001a58 <sleep_us>
20000348:	00a3      	lsls	r3, r4, #2
2000034a:	4a37      	ldr	r2, [pc, #220]	; (20000428 <refresh_imu_buf+0x138>)
2000034c:	4694      	mov	ip, r2
2000034e:	4463      	add	r3, ip
20000350:	78d9      	ldrb	r1, [r3, #3]
20000352:	00e3      	lsls	r3, r4, #3
20000354:	191b      	adds	r3, r3, r4
20000356:	005a      	lsls	r2, r3, #1
20000358:	4b32      	ldr	r3, [pc, #200]	; (20000424 <refresh_imu_buf+0x134>)
2000035a:	189b      	adds	r3, r3, r2
2000035c:	8219      	strh	r1, [r3, #16]
2000035e:	3401      	adds	r4, #1
20000360:	2c03      	cmp	r4, #3
20000362:	d807      	bhi.n	20000374 <refresh_imu_buf+0x84>
20000364:	4b33      	ldr	r3, [pc, #204]	; (20000434 <refresh_imu_buf+0x144>)
20000366:	685a      	ldr	r2, [r3, #4]
20000368:	2301      	movs	r3, #1
2000036a:	40a3      	lsls	r3, r4
2000036c:	4213      	tst	r3, r2
2000036e:	d0f6      	beq.n	2000035e <refresh_imu_buf+0x6e>
20000370:	2200      	movs	r2, #0
20000372:	e7d7      	b.n	20000324 <refresh_imu_buf+0x34>
20000374:	2400      	movs	r4, #0
20000376:	e02b      	b.n	200003d0 <refresh_imu_buf+0xe0>
20000378:	00a1      	lsls	r1, r4, #2
2000037a:	4b2f      	ldr	r3, [pc, #188]	; (20000438 <refresh_imu_buf+0x148>)
2000037c:	469c      	mov	ip, r3
2000037e:	4461      	add	r1, ip
20000380:	1d20      	adds	r0, r4, #4
20000382:	884d      	ldrh	r5, [r1, #2]
20000384:	00c3      	lsls	r3, r0, #3
20000386:	181b      	adds	r3, r3, r0
20000388:	189b      	adds	r3, r3, r2
2000038a:	005b      	lsls	r3, r3, #1
2000038c:	4925      	ldr	r1, [pc, #148]	; (20000424 <refresh_imu_buf+0x134>)
2000038e:	525d      	strh	r5, [r3, r1]
20000390:	3201      	adds	r2, #1
20000392:	2a07      	cmp	r2, #7
20000394:	d9f0      	bls.n	20000378 <refresh_imu_buf+0x88>
20000396:	4b29      	ldr	r3, [pc, #164]	; (2000043c <refresh_imu_buf+0x14c>)
20000398:	681b      	ldr	r3, [r3, #0]
2000039a:	3308      	adds	r3, #8
2000039c:	211f      	movs	r1, #31
2000039e:	4019      	ands	r1, r3
200003a0:	0062      	lsls	r2, r4, #1
200003a2:	1912      	adds	r2, r2, r4
200003a4:	00d3      	lsls	r3, r2, #3
200003a6:	4a26      	ldr	r2, [pc, #152]	; (20000440 <refresh_imu_buf+0x150>)
200003a8:	4694      	mov	ip, r2
200003aa:	4463      	add	r3, ip
200003ac:	6019      	str	r1, [r3, #0]
200003ae:	2001      	movs	r0, #1
200003b0:	2100      	movs	r1, #0
200003b2:	f001 fb51 	bl	20001a58 <sleep_us>
200003b6:	00a2      	lsls	r2, r4, #2
200003b8:	4b1f      	ldr	r3, [pc, #124]	; (20000438 <refresh_imu_buf+0x148>)
200003ba:	469c      	mov	ip, r3
200003bc:	4462      	add	r2, ip
200003be:	1d21      	adds	r1, r4, #4
200003c0:	78d0      	ldrb	r0, [r2, #3]
200003c2:	00cb      	lsls	r3, r1, #3
200003c4:	185b      	adds	r3, r3, r1
200003c6:	005a      	lsls	r2, r3, #1
200003c8:	4b16      	ldr	r3, [pc, #88]	; (20000424 <refresh_imu_buf+0x134>)
200003ca:	189b      	adds	r3, r3, r2
200003cc:	8218      	strh	r0, [r3, #16]
200003ce:	3401      	adds	r4, #1
200003d0:	2c02      	cmp	r4, #2
200003d2:	d807      	bhi.n	200003e4 <refresh_imu_buf+0xf4>
200003d4:	4b1b      	ldr	r3, [pc, #108]	; (20000444 <refresh_imu_buf+0x154>)
200003d6:	685a      	ldr	r2, [r3, #4]
200003d8:	2301      	movs	r3, #1
200003da:	40a3      	lsls	r3, r4
200003dc:	4213      	tst	r3, r2
200003de:	d0f6      	beq.n	200003ce <refresh_imu_buf+0xde>
200003e0:	2200      	movs	r2, #0
200003e2:	e7d6      	b.n	20000392 <refresh_imu_buf+0xa2>
200003e4:	2200      	movs	r2, #0
200003e6:	e015      	b.n	20000414 <refresh_imu_buf+0x124>
200003e8:	0050      	lsls	r0, r2, #1
200003ea:	1881      	adds	r1, r0, r2
200003ec:	00cb      	lsls	r3, r1, #3
200003ee:	4916      	ldr	r1, [pc, #88]	; (20000448 <refresh_imu_buf+0x158>)
200003f0:	468c      	mov	ip, r1
200003f2:	4463      	add	r3, ip
200003f4:	2180      	movs	r1, #128	; 0x80
200003f6:	0149      	lsls	r1, r1, #5
200003f8:	430b      	orrs	r3, r1
200003fa:	2480      	movs	r4, #128	; 0x80
200003fc:	0624      	lsls	r4, r4, #24
200003fe:	601c      	str	r4, [r3, #0]
20000400:	601c      	str	r4, [r3, #0]
20000402:	1880      	adds	r0, r0, r2
20000404:	00c3      	lsls	r3, r0, #3
20000406:	4811      	ldr	r0, [pc, #68]	; (2000044c <refresh_imu_buf+0x15c>)
20000408:	4684      	mov	ip, r0
2000040a:	4463      	add	r3, ip
2000040c:	430b      	orrs	r3, r1
2000040e:	601c      	str	r4, [r3, #0]
20000410:	601c      	str	r4, [r3, #0]
20000412:	3201      	adds	r2, #1
20000414:	2a03      	cmp	r2, #3
20000416:	d9e7      	bls.n	200003e8 <refresh_imu_buf+0xf8>
20000418:	f7ff ff24 	bl	20000264 <strobe_imu_rx_all>
2000041c:	480c      	ldr	r0, [pc, #48]	; (20000450 <refresh_imu_buf+0x160>)
2000041e:	f7ff ff43 	bl	200002a8 <read_int_acc_raw>
20000422:	bd70      	pop	{r4, r5, r6, pc}
20000424:	20006afc 	.word	0x20006afc
20000428:	50200020 	.word	0x50200020
2000042c:	20006dc0 	.word	0x20006dc0
20000430:	502000d8 	.word	0x502000d8
20000434:	50200000 	.word	0x50200000
20000438:	50300020 	.word	0x50300020
2000043c:	20006dc4 	.word	0x20006dc4
20000440:	503000d8 	.word	0x503000d8
20000444:	50300000 	.word	0x50300000
20000448:	502000d0 	.word	0x502000d0
2000044c:	503000d0 	.word	0x503000d0
20000450:	20006b7a 	.word	0x20006b7a

20000454 <init_int_acc>:
20000454:	b570      	push	{r4, r5, r6, lr}
20000456:	b084      	sub	sp, #16
20000458:	2301      	movs	r3, #1
2000045a:	9300      	str	r3, [sp, #0]
2000045c:	4a29      	ldr	r2, [pc, #164]	; (20000504 <init_int_acc+0xb0>)
2000045e:	216a      	movs	r1, #106	; 0x6a
20000460:	4829      	ldr	r0, [pc, #164]	; (20000508 <init_int_acc+0xb4>)
20000462:	f004 ff33 	bl	200052cc <i2c_write_blocking>
20000466:	1c83      	adds	r3, r0, #2
20000468:	d040      	beq.n	200004ec <init_int_acc+0x98>
2000046a:	ac03      	add	r4, sp, #12
2000046c:	2300      	movs	r3, #0
2000046e:	9300      	str	r3, [sp, #0]
20000470:	3301      	adds	r3, #1
20000472:	0022      	movs	r2, r4
20000474:	216a      	movs	r1, #106	; 0x6a
20000476:	4824      	ldr	r0, [pc, #144]	; (20000508 <init_int_acc+0xb4>)
20000478:	f004 ff34 	bl	200052e4 <i2c_read_blocking>
2000047c:	7823      	ldrb	r3, [r4, #0]
2000047e:	2b6b      	cmp	r3, #107	; 0x6b
20000480:	d136      	bne.n	200004f0 <init_int_acc+0x9c>
20000482:	3b59      	subs	r3, #89	; 0x59
20000484:	7023      	strb	r3, [r4, #0]
20000486:	3b0f      	subs	r3, #15
20000488:	7063      	strb	r3, [r4, #1]
2000048a:	4e1f      	ldr	r6, [pc, #124]	; (20000508 <init_int_acc+0xb4>)
2000048c:	2500      	movs	r5, #0
2000048e:	9500      	str	r5, [sp, #0]
20000490:	3b01      	subs	r3, #1
20000492:	0022      	movs	r2, r4
20000494:	216a      	movs	r1, #106	; 0x6a
20000496:	0030      	movs	r0, r6
20000498:	f004 ff18 	bl	200052cc <i2c_write_blocking>
2000049c:	2064      	movs	r0, #100	; 0x64
2000049e:	2100      	movs	r1, #0
200004a0:	f001 fada 	bl	20001a58 <sleep_us>
200004a4:	2310      	movs	r3, #16
200004a6:	7023      	strb	r3, [r4, #0]
200004a8:	3368      	adds	r3, #104	; 0x68
200004aa:	7063      	strb	r3, [r4, #1]
200004ac:	3b08      	subs	r3, #8
200004ae:	70a3      	strb	r3, [r4, #2]
200004b0:	9500      	str	r5, [sp, #0]
200004b2:	3b6d      	subs	r3, #109	; 0x6d
200004b4:	0022      	movs	r2, r4
200004b6:	216a      	movs	r1, #106	; 0x6a
200004b8:	0030      	movs	r0, r6
200004ba:	f004 ff07 	bl	200052cc <i2c_write_blocking>
200004be:	7025      	strb	r5, [r4, #0]
200004c0:	7065      	strb	r5, [r4, #1]
200004c2:	2301      	movs	r3, #1
200004c4:	9300      	str	r3, [sp, #0]
200004c6:	4a11      	ldr	r2, [pc, #68]	; (2000050c <init_int_acc+0xb8>)
200004c8:	216a      	movs	r1, #106	; 0x6a
200004ca:	0030      	movs	r0, r6
200004cc:	f004 fefe 	bl	200052cc <i2c_write_blocking>
200004d0:	9500      	str	r5, [sp, #0]
200004d2:	2302      	movs	r3, #2
200004d4:	0022      	movs	r2, r4
200004d6:	216a      	movs	r1, #106	; 0x6a
200004d8:	0030      	movs	r0, r6
200004da:	f004 ff03 	bl	200052e4 <i2c_read_blocking>
200004de:	7823      	ldrb	r3, [r4, #0]
200004e0:	2b78      	cmp	r3, #120	; 0x78
200004e2:	d108      	bne.n	200004f6 <init_int_acc+0xa2>
200004e4:	7863      	ldrb	r3, [r4, #1]
200004e6:	2b70      	cmp	r3, #112	; 0x70
200004e8:	d108      	bne.n	200004fc <init_int_acc+0xa8>
200004ea:	2000      	movs	r0, #0
200004ec:	b004      	add	sp, #16
200004ee:	bd70      	pop	{r4, r5, r6, pc}
200004f0:	2002      	movs	r0, #2
200004f2:	4240      	negs	r0, r0
200004f4:	e7fa      	b.n	200004ec <init_int_acc+0x98>
200004f6:	2002      	movs	r0, #2
200004f8:	4240      	negs	r0, r0
200004fa:	e7f7      	b.n	200004ec <init_int_acc+0x98>
200004fc:	2002      	movs	r0, #2
200004fe:	4240      	negs	r0, r0
20000500:	e7f4      	b.n	200004ec <init_int_acc+0x98>
20000502:	46c0      	nop			; (mov r8, r8)
20000504:	200055f6 	.word	0x200055f6
20000508:	20006830 	.word	0x20006830
2000050c:	200055f4 	.word	0x200055f4

20000510 <main>:
20000510:	b5f0      	push	{r4, r5, r6, r7, lr}
20000512:	b089      	sub	sp, #36	; 0x24
20000514:	ab07      	add	r3, sp, #28
20000516:	4adc      	ldr	r2, [pc, #880]	; (20000888 <main+0x378>)
20000518:	801a      	strh	r2, [r3, #0]
2000051a:	ab06      	add	r3, sp, #24
2000051c:	4adb      	ldr	r2, [pc, #876]	; (2000088c <main+0x37c>)
2000051e:	801a      	strh	r2, [r3, #0]
20000520:	ab05      	add	r3, sp, #20
20000522:	2200      	movs	r2, #0
20000524:	801a      	strh	r2, [r3, #0]
20000526:	2006      	movs	r0, #6
20000528:	f001 ff84 	bl	20002434 <clock_stop>
2000052c:	4bd8      	ldr	r3, [pc, #864]	; (20000890 <main+0x380>)
2000052e:	9300      	str	r3, [sp, #0]
20000530:	2200      	movs	r2, #0
20000532:	2100      	movs	r1, #0
20000534:	2005      	movs	r0, #5
20000536:	f001 ff93 	bl	20002460 <clock_configure>
2000053a:	4cd6      	ldr	r4, [pc, #856]	; (20000894 <main+0x384>)
2000053c:	0020      	movs	r0, r4
2000053e:	f002 f929 	bl	20002794 <pll_deinit>
20000542:	2304      	movs	r3, #4
20000544:	9300      	str	r3, [sp, #0]
20000546:	4ad4      	ldr	r2, [pc, #848]	; (20000898 <main+0x388>)
20000548:	2101      	movs	r1, #1
2000054a:	0020      	movs	r0, r4
2000054c:	f002 f892 	bl	20002674 <pll_init>
20000550:	4cd2      	ldr	r4, [pc, #840]	; (2000089c <main+0x38c>)
20000552:	9400      	str	r4, [sp, #0]
20000554:	0023      	movs	r3, r4
20000556:	2200      	movs	r2, #0
20000558:	2101      	movs	r1, #1
2000055a:	2005      	movs	r0, #5
2000055c:	f001 ff80 	bl	20002460 <clock_configure>
20000560:	9400      	str	r4, [sp, #0]
20000562:	0023      	movs	r3, r4
20000564:	2201      	movs	r2, #1
20000566:	2100      	movs	r1, #0
20000568:	2006      	movs	r0, #6
2000056a:	f001 ff79 	bl	20002460 <clock_configure>
2000056e:	2004      	movs	r0, #4
20000570:	f000 fabc 	bl	20000aec <gpio_init>
20000574:	2005      	movs	r0, #5
20000576:	f000 fab9 	bl	20000aec <gpio_init>
2000057a:	2006      	movs	r0, #6
2000057c:	f000 fab6 	bl	20000aec <gpio_init>
20000580:	24d0      	movs	r4, #208	; 0xd0
20000582:	0624      	lsls	r4, r4, #24
20000584:	2340      	movs	r3, #64	; 0x40
20000586:	6263      	str	r3, [r4, #36]	; 0x24
20000588:	200a      	movs	r0, #10
2000058a:	f000 faaf 	bl	20000aec <gpio_init>
2000058e:	2380      	movs	r3, #128	; 0x80
20000590:	00db      	lsls	r3, r3, #3
20000592:	6263      	str	r3, [r4, #36]	; 0x24
20000594:	61a3      	str	r3, [r4, #24]
20000596:	2008      	movs	r0, #8
20000598:	f000 faa8 	bl	20000aec <gpio_init>
2000059c:	2380      	movs	r3, #128	; 0x80
2000059e:	005b      	lsls	r3, r3, #1
200005a0:	6263      	str	r3, [r4, #36]	; 0x24
200005a2:	2007      	movs	r0, #7
200005a4:	f000 faa2 	bl	20000aec <gpio_init>
200005a8:	2380      	movs	r3, #128	; 0x80
200005aa:	6263      	str	r3, [r4, #36]	; 0x24
200005ac:	6163      	str	r3, [r4, #20]
200005ae:	2400      	movs	r4, #0
200005b0:	e00c      	b.n	200005cc <main+0xbc>
200005b2:	00a2      	lsls	r2, r4, #2
200005b4:	4bba      	ldr	r3, [pc, #744]	; (200008a0 <main+0x390>)
200005b6:	58d5      	ldr	r5, [r2, r3]
200005b8:	0028      	movs	r0, r5
200005ba:	f000 fa97 	bl	20000aec <gpio_init>
200005be:	2301      	movs	r3, #1
200005c0:	40ab      	lsls	r3, r5
200005c2:	22d0      	movs	r2, #208	; 0xd0
200005c4:	0612      	lsls	r2, r2, #24
200005c6:	6253      	str	r3, [r2, #36]	; 0x24
200005c8:	6193      	str	r3, [r2, #24]
200005ca:	3401      	adds	r4, #1
200005cc:	2c06      	cmp	r4, #6
200005ce:	d9f0      	bls.n	200005b2 <main+0xa2>
200005d0:	4cb4      	ldr	r4, [pc, #720]	; (200008a4 <main+0x394>)
200005d2:	49b5      	ldr	r1, [pc, #724]	; (200008a8 <main+0x398>)
200005d4:	0020      	movs	r0, r4
200005d6:	f001 feed 	bl	200023b4 <uart_init>
200005da:	6b22      	ldr	r2, [r4, #48]	; 0x30
200005dc:	2380      	movs	r3, #128	; 0x80
200005de:	021b      	lsls	r3, r3, #8
200005e0:	4053      	eors	r3, r2
200005e2:	22c0      	movs	r2, #192	; 0xc0
200005e4:	0212      	lsls	r2, r2, #8
200005e6:	4013      	ands	r3, r2
200005e8:	49b0      	ldr	r1, [pc, #704]	; (200008ac <main+0x39c>)
200005ea:	2280      	movs	r2, #128	; 0x80
200005ec:	0152      	lsls	r2, r2, #5
200005ee:	430a      	orrs	r2, r1
200005f0:	6013      	str	r3, [r2, #0]
200005f2:	2102      	movs	r1, #2
200005f4:	2000      	movs	r0, #0
200005f6:	f000 fa2f 	bl	20000a58 <gpio_set_function>
200005fa:	2102      	movs	r1, #2
200005fc:	2001      	movs	r0, #1
200005fe:	f000 fa2b 	bl	20000a58 <gpio_set_function>
20000602:	2102      	movs	r1, #2
20000604:	2002      	movs	r0, #2
20000606:	f000 fa27 	bl	20000a58 <gpio_set_function>
2000060a:	f004 fb15 	bl	20004c38 <adc_init>
2000060e:	4ca8      	ldr	r4, [pc, #672]	; (200008b0 <main+0x3a0>)
20000610:	2302      	movs	r3, #2
20000612:	6023      	str	r3, [r4, #0]
20000614:	211f      	movs	r1, #31
20000616:	201d      	movs	r0, #29
20000618:	f000 fa1e 	bl	20000a58 <gpio_set_function>
2000061c:	2200      	movs	r2, #0
2000061e:	2100      	movs	r1, #0
20000620:	201d      	movs	r0, #29
20000622:	f000 fa31 	bl	20000a88 <gpio_set_pulls>
20000626:	2100      	movs	r1, #0
20000628:	201d      	movs	r0, #29
2000062a:	f000 fa47 	bl	20000abc <gpio_set_input_enabled>
2000062e:	4ba1      	ldr	r3, [pc, #644]	; (200008b4 <main+0x3a4>)
20000630:	681a      	ldr	r2, [r3, #0]
20000632:	2380      	movs	r3, #128	; 0x80
20000634:	01db      	lsls	r3, r3, #7
20000636:	4053      	eors	r3, r2
20000638:	22e0      	movs	r2, #224	; 0xe0
2000063a:	01d2      	lsls	r2, r2, #7
2000063c:	4013      	ands	r3, r2
2000063e:	4a9e      	ldr	r2, [pc, #632]	; (200008b8 <main+0x3a8>)
20000640:	6013      	str	r3, [r2, #0]
20000642:	2304      	movs	r3, #4
20000644:	6023      	str	r3, [r4, #0]
20000646:	4b9b      	ldr	r3, [pc, #620]	; (200008b4 <main+0x3a4>)
20000648:	681b      	ldr	r3, [r3, #0]
2000064a:	05db      	lsls	r3, r3, #23
2000064c:	d5fb      	bpl.n	20000646 <main+0x136>
2000064e:	4b99      	ldr	r3, [pc, #612]	; (200008b4 <main+0x3a4>)
20000650:	685a      	ldr	r2, [r3, #4]
20000652:	4b9a      	ldr	r3, [pc, #616]	; (200008bc <main+0x3ac>)
20000654:	801a      	strh	r2, [r3, #0]
20000656:	ac03      	add	r4, sp, #12
20000658:	0020      	movs	r0, r4
2000065a:	f004 fac1 	bl	20004be0 <pico_get_unique_board_id>
2000065e:	200a      	movs	r0, #10
20000660:	f001 fa26 	bl	20001ab0 <sleep_ms>
20000664:	2200      	movs	r2, #0
20000666:	2101      	movs	r1, #1
20000668:	200c      	movs	r0, #12
2000066a:	f000 fa0d 	bl	20000a88 <gpio_set_pulls>
2000066e:	2200      	movs	r2, #0
20000670:	2101      	movs	r1, #1
20000672:	200d      	movs	r0, #13
20000674:	f000 fa08 	bl	20000a88 <gpio_set_pulls>
20000678:	20c8      	movs	r0, #200	; 0xc8
2000067a:	2100      	movs	r1, #0
2000067c:	f001 f9ec 	bl	20001a58 <sleep_us>
20000680:	498f      	ldr	r1, [pc, #572]	; (200008c0 <main+0x3b0>)
20000682:	4890      	ldr	r0, [pc, #576]	; (200008c4 <main+0x3b4>)
20000684:	f004 fdf6 	bl	20005274 <i2c_init>
20000688:	2103      	movs	r1, #3
2000068a:	200c      	movs	r0, #12
2000068c:	f000 f9e4 	bl	20000a58 <gpio_set_function>
20000690:	2103      	movs	r1, #3
20000692:	200d      	movs	r0, #13
20000694:	f000 f9e0 	bl	20000a58 <gpio_set_function>
20000698:	79a1      	ldrb	r1, [r4, #6]
2000069a:	2300      	movs	r3, #0
2000069c:	014a      	lsls	r2, r1, #5
2000069e:	2080      	movs	r0, #128	; 0x80
200006a0:	0080      	lsls	r0, r0, #2
200006a2:	2100      	movs	r1, #0
200006a4:	1880      	adds	r0, r0, r2
200006a6:	4159      	adcs	r1, r3
200006a8:	f001 f9d6 	bl	20001a58 <sleep_us>
200006ac:	200a      	movs	r0, #10
200006ae:	f001 f9ff 	bl	20001ab0 <sleep_ms>
200006b2:	23d0      	movs	r3, #208	; 0xd0
200006b4:	061b      	lsls	r3, r3, #24
200006b6:	2280      	movs	r2, #128	; 0x80
200006b8:	00d2      	lsls	r2, r2, #3
200006ba:	615a      	str	r2, [r3, #20]
200006bc:	2300      	movs	r3, #0
200006be:	e008      	b.n	200006d2 <main+0x1c2>
200006c0:	0099      	lsls	r1, r3, #2
200006c2:	4a77      	ldr	r2, [pc, #476]	; (200008a0 <main+0x390>)
200006c4:	5889      	ldr	r1, [r1, r2]
200006c6:	2201      	movs	r2, #1
200006c8:	408a      	lsls	r2, r1
200006ca:	21d0      	movs	r1, #208	; 0xd0
200006cc:	0609      	lsls	r1, r1, #24
200006ce:	614a      	str	r2, [r1, #20]
200006d0:	3301      	adds	r3, #1
200006d2:	2b06      	cmp	r3, #6
200006d4:	d9f4      	bls.n	200006c0 <main+0x1b0>
200006d6:	2002      	movs	r0, #2
200006d8:	f001 f9ea 	bl	20001ab0 <sleep_ms>
200006dc:	4c7a      	ldr	r4, [pc, #488]	; (200008c8 <main+0x3b8>)
200006de:	0021      	movs	r1, r4
200006e0:	487a      	ldr	r0, [pc, #488]	; (200008cc <main+0x3bc>)
200006e2:	f004 fb5b 	bl	20004d9c <pio_add_program>
200006e6:	4b7a      	ldr	r3, [pc, #488]	; (200008d0 <main+0x3c0>)
200006e8:	6018      	str	r0, [r3, #0]
200006ea:	0021      	movs	r1, r4
200006ec:	4879      	ldr	r0, [pc, #484]	; (200008d4 <main+0x3c4>)
200006ee:	f004 fb55 	bl	20004d9c <pio_add_program>
200006f2:	4b79      	ldr	r3, [pc, #484]	; (200008d8 <main+0x3c8>)
200006f4:	6018      	str	r0, [r3, #0]
200006f6:	2400      	movs	r4, #0
200006f8:	e00b      	b.n	20000712 <main+0x202>
200006fa:	00a2      	lsls	r2, r4, #2
200006fc:	4b77      	ldr	r3, [pc, #476]	; (200008dc <main+0x3cc>)
200006fe:	58d3      	ldr	r3, [r2, r3]
20000700:	4a73      	ldr	r2, [pc, #460]	; (200008d0 <main+0x3c0>)
20000702:	6812      	ldr	r2, [r2, #0]
20000704:	4976      	ldr	r1, [pc, #472]	; (200008e0 <main+0x3d0>)
20000706:	9100      	str	r1, [sp, #0]
20000708:	0021      	movs	r1, r4
2000070a:	4870      	ldr	r0, [pc, #448]	; (200008cc <main+0x3bc>)
2000070c:	f7ff fd26 	bl	2000015c <uart_rx_program_init>
20000710:	3401      	adds	r4, #1
20000712:	2c03      	cmp	r4, #3
20000714:	d9f1      	bls.n	200006fa <main+0x1ea>
20000716:	2400      	movs	r4, #0
20000718:	e00c      	b.n	20000734 <main+0x224>
2000071a:	1d23      	adds	r3, r4, #4
2000071c:	009b      	lsls	r3, r3, #2
2000071e:	4a6f      	ldr	r2, [pc, #444]	; (200008dc <main+0x3cc>)
20000720:	589b      	ldr	r3, [r3, r2]
20000722:	4a6d      	ldr	r2, [pc, #436]	; (200008d8 <main+0x3c8>)
20000724:	6812      	ldr	r2, [r2, #0]
20000726:	496e      	ldr	r1, [pc, #440]	; (200008e0 <main+0x3d0>)
20000728:	9100      	str	r1, [sp, #0]
2000072a:	0021      	movs	r1, r4
2000072c:	4869      	ldr	r0, [pc, #420]	; (200008d4 <main+0x3c4>)
2000072e:	f7ff fd15 	bl	2000015c <uart_rx_program_init>
20000732:	3401      	adds	r4, #1
20000734:	2c02      	cmp	r4, #2
20000736:	d9f0      	bls.n	2000071a <main+0x20a>
20000738:	2400      	movs	r4, #0
2000073a:	2c02      	cmp	r4, #2
2000073c:	d809      	bhi.n	20000752 <main+0x242>
2000073e:	f7ff fe89 	bl	20000454 <init_int_acc>
20000742:	1c83      	adds	r3, r0, #2
20000744:	d105      	bne.n	20000752 <main+0x242>
20000746:	20fa      	movs	r0, #250	; 0xfa
20000748:	2100      	movs	r1, #0
2000074a:	f001 f985 	bl	20001a58 <sleep_us>
2000074e:	3401      	adds	r4, #1
20000750:	e7f3      	b.n	2000073a <main+0x22a>
20000752:	f7ff fdcd 	bl	200002f0 <refresh_imu_buf>
20000756:	23d0      	movs	r3, #208	; 0xd0
20000758:	061b      	lsls	r3, r3, #24
2000075a:	2280      	movs	r2, #128	; 0x80
2000075c:	619a      	str	r2, [r3, #24]
2000075e:	2500      	movs	r5, #0
20000760:	2100      	movs	r1, #0
20000762:	e0dd      	b.n	20000920 <main+0x410>
20000764:	4b4f      	ldr	r3, [pc, #316]	; (200008a4 <main+0x394>)
20000766:	699b      	ldr	r3, [r3, #24]
20000768:	069b      	lsls	r3, r3, #26
2000076a:	d4fb      	bmi.n	20000764 <main+0x254>
2000076c:	7808      	ldrb	r0, [r1, #0]
2000076e:	4b4d      	ldr	r3, [pc, #308]	; (200008a4 <main+0x394>)
20000770:	6018      	str	r0, [r3, #0]
20000772:	3201      	adds	r2, #1
20000774:	3101      	adds	r1, #1
20000776:	2a01      	cmp	r2, #1
20000778:	d9f4      	bls.n	20000764 <main+0x254>
2000077a:	220b      	movs	r2, #11
2000077c:	446a      	add	r2, sp
2000077e:	7015      	strb	r5, [r2, #0]
20000780:	2100      	movs	r1, #0
20000782:	e00b      	b.n	2000079c <main+0x28c>
20000784:	2200      	movs	r2, #0
20000786:	a906      	add	r1, sp, #24
20000788:	e7f5      	b.n	20000776 <main+0x266>
2000078a:	4b46      	ldr	r3, [pc, #280]	; (200008a4 <main+0x394>)
2000078c:	699b      	ldr	r3, [r3, #24]
2000078e:	069b      	lsls	r3, r3, #26
20000790:	d4fb      	bmi.n	2000078a <main+0x27a>
20000792:	7810      	ldrb	r0, [r2, #0]
20000794:	4b43      	ldr	r3, [pc, #268]	; (200008a4 <main+0x394>)
20000796:	6018      	str	r0, [r3, #0]
20000798:	3101      	adds	r1, #1
2000079a:	3201      	adds	r2, #1
2000079c:	2900      	cmp	r1, #0
2000079e:	d0f4      	beq.n	2000078a <main+0x27a>
200007a0:	2200      	movs	r2, #0
200007a2:	a903      	add	r1, sp, #12
200007a4:	e008      	b.n	200007b8 <main+0x2a8>
200007a6:	4b3f      	ldr	r3, [pc, #252]	; (200008a4 <main+0x394>)
200007a8:	699b      	ldr	r3, [r3, #24]
200007aa:	069b      	lsls	r3, r3, #26
200007ac:	d4fb      	bmi.n	200007a6 <main+0x296>
200007ae:	7808      	ldrb	r0, [r1, #0]
200007b0:	4b3c      	ldr	r3, [pc, #240]	; (200008a4 <main+0x394>)
200007b2:	6018      	str	r0, [r3, #0]
200007b4:	3201      	adds	r2, #1
200007b6:	3101      	adds	r1, #1
200007b8:	2a07      	cmp	r2, #7
200007ba:	d9f4      	bls.n	200007a6 <main+0x296>
200007bc:	2200      	movs	r2, #0
200007be:	a905      	add	r1, sp, #20
200007c0:	e008      	b.n	200007d4 <main+0x2c4>
200007c2:	4b38      	ldr	r3, [pc, #224]	; (200008a4 <main+0x394>)
200007c4:	699b      	ldr	r3, [r3, #24]
200007c6:	069b      	lsls	r3, r3, #26
200007c8:	d4fb      	bmi.n	200007c2 <main+0x2b2>
200007ca:	7808      	ldrb	r0, [r1, #0]
200007cc:	4b35      	ldr	r3, [pc, #212]	; (200008a4 <main+0x394>)
200007ce:	6018      	str	r0, [r3, #0]
200007d0:	3201      	adds	r2, #1
200007d2:	3101      	adds	r1, #1
200007d4:	2a01      	cmp	r2, #1
200007d6:	d9f4      	bls.n	200007c2 <main+0x2b2>
200007d8:	2200      	movs	r2, #0
200007da:	4938      	ldr	r1, [pc, #224]	; (200008bc <main+0x3ac>)
200007dc:	e008      	b.n	200007f0 <main+0x2e0>
200007de:	4b31      	ldr	r3, [pc, #196]	; (200008a4 <main+0x394>)
200007e0:	699b      	ldr	r3, [r3, #24]
200007e2:	069b      	lsls	r3, r3, #26
200007e4:	d4fb      	bmi.n	200007de <main+0x2ce>
200007e6:	7808      	ldrb	r0, [r1, #0]
200007e8:	4b2e      	ldr	r3, [pc, #184]	; (200008a4 <main+0x394>)
200007ea:	6018      	str	r0, [r3, #0]
200007ec:	3201      	adds	r2, #1
200007ee:	3101      	adds	r1, #1
200007f0:	2a01      	cmp	r2, #1
200007f2:	d9f4      	bls.n	200007de <main+0x2ce>
200007f4:	220b      	movs	r2, #11
200007f6:	446a      	add	r2, sp
200007f8:	2300      	movs	r3, #0
200007fa:	7013      	strb	r3, [r2, #0]
200007fc:	2100      	movs	r1, #0
200007fe:	e008      	b.n	20000812 <main+0x302>
20000800:	4b28      	ldr	r3, [pc, #160]	; (200008a4 <main+0x394>)
20000802:	699b      	ldr	r3, [r3, #24]
20000804:	069b      	lsls	r3, r3, #26
20000806:	d4fb      	bmi.n	20000800 <main+0x2f0>
20000808:	7810      	ldrb	r0, [r2, #0]
2000080a:	4b26      	ldr	r3, [pc, #152]	; (200008a4 <main+0x394>)
2000080c:	6018      	str	r0, [r3, #0]
2000080e:	3101      	adds	r1, #1
20000810:	3201      	adds	r2, #1
20000812:	2900      	cmp	r1, #0
20000814:	d0f4      	beq.n	20000800 <main+0x2f0>
20000816:	220b      	movs	r2, #11
20000818:	446a      	add	r2, sp
2000081a:	2300      	movs	r3, #0
2000081c:	7013      	strb	r3, [r2, #0]
2000081e:	2100      	movs	r1, #0
20000820:	e008      	b.n	20000834 <main+0x324>
20000822:	4b20      	ldr	r3, [pc, #128]	; (200008a4 <main+0x394>)
20000824:	699b      	ldr	r3, [r3, #24]
20000826:	069b      	lsls	r3, r3, #26
20000828:	d4fb      	bmi.n	20000822 <main+0x312>
2000082a:	7810      	ldrb	r0, [r2, #0]
2000082c:	4b1d      	ldr	r3, [pc, #116]	; (200008a4 <main+0x394>)
2000082e:	6018      	str	r0, [r3, #0]
20000830:	3101      	adds	r1, #1
20000832:	3201      	adds	r2, #1
20000834:	2900      	cmp	r1, #0
20000836:	d0f4      	beq.n	20000822 <main+0x312>
20000838:	220b      	movs	r2, #11
2000083a:	446a      	add	r2, sp
2000083c:	2300      	movs	r3, #0
2000083e:	7013      	strb	r3, [r2, #0]
20000840:	2100      	movs	r1, #0
20000842:	e008      	b.n	20000856 <main+0x346>
20000844:	4b17      	ldr	r3, [pc, #92]	; (200008a4 <main+0x394>)
20000846:	699b      	ldr	r3, [r3, #24]
20000848:	069b      	lsls	r3, r3, #26
2000084a:	d4fb      	bmi.n	20000844 <main+0x334>
2000084c:	7810      	ldrb	r0, [r2, #0]
2000084e:	4b15      	ldr	r3, [pc, #84]	; (200008a4 <main+0x394>)
20000850:	6018      	str	r0, [r3, #0]
20000852:	3101      	adds	r1, #1
20000854:	3201      	adds	r2, #1
20000856:	2900      	cmp	r1, #0
20000858:	d0f4      	beq.n	20000844 <main+0x334>
2000085a:	220b      	movs	r2, #11
2000085c:	446a      	add	r2, sp
2000085e:	2300      	movs	r3, #0
20000860:	7013      	strb	r3, [r2, #0]
20000862:	2100      	movs	r1, #0
20000864:	e008      	b.n	20000878 <main+0x368>
20000866:	4b0f      	ldr	r3, [pc, #60]	; (200008a4 <main+0x394>)
20000868:	699b      	ldr	r3, [r3, #24]
2000086a:	069b      	lsls	r3, r3, #26
2000086c:	d4fb      	bmi.n	20000866 <main+0x356>
2000086e:	7810      	ldrb	r0, [r2, #0]
20000870:	4b0c      	ldr	r3, [pc, #48]	; (200008a4 <main+0x394>)
20000872:	6018      	str	r0, [r3, #0]
20000874:	3101      	adds	r1, #1
20000876:	3201      	adds	r2, #1
20000878:	2900      	cmp	r1, #0
2000087a:	d0f4      	beq.n	20000866 <main+0x356>
2000087c:	220b      	movs	r2, #11
2000087e:	446a      	add	r2, sp
20000880:	2300      	movs	r3, #0
20000882:	7013      	strb	r3, [r2, #0]
20000884:	2100      	movs	r1, #0
20000886:	e036      	b.n	200008f6 <main+0x3e6>
20000888:	fffffbfd 	.word	0xfffffbfd
2000088c:	ffffedef 	.word	0xffffedef
20000890:	00b71b00 	.word	0x00b71b00
20000894:	40028000 	.word	0x40028000
20000898:	5b8d8000 	.word	0x5b8d8000
2000089c:	05b8d800 	.word	0x05b8d800
200008a0:	200055f8 	.word	0x200055f8
200008a4:	40034000 	.word	0x40034000
200008a8:	005b8d80 	.word	0x005b8d80
200008ac:	40034030 	.word	0x40034030
200008b0:	4004e000 	.word	0x4004e000
200008b4:	4004c000 	.word	0x4004c000
200008b8:	4004d000 	.word	0x4004d000
200008bc:	20006dc8 	.word	0x20006dc8
200008c0:	000249f0 	.word	0x000249f0
200008c4:	20006830 	.word	0x20006830
200008c8:	20005630 	.word	0x20005630
200008cc:	50200000 	.word	0x50200000
200008d0:	20006dc0 	.word	0x20006dc0
200008d4:	50300000 	.word	0x50300000
200008d8:	20006dc4 	.word	0x20006dc4
200008dc:	20005614 	.word	0x20005614
200008e0:	0003d090 	.word	0x0003d090
200008e4:	4b56      	ldr	r3, [pc, #344]	; (20000a40 <main+0x530>)
200008e6:	699b      	ldr	r3, [r3, #24]
200008e8:	069b      	lsls	r3, r3, #26
200008ea:	d4fb      	bmi.n	200008e4 <main+0x3d4>
200008ec:	7810      	ldrb	r0, [r2, #0]
200008ee:	4b54      	ldr	r3, [pc, #336]	; (20000a40 <main+0x530>)
200008f0:	6018      	str	r0, [r3, #0]
200008f2:	3101      	adds	r1, #1
200008f4:	3201      	adds	r2, #1
200008f6:	2900      	cmp	r1, #0
200008f8:	d0f4      	beq.n	200008e4 <main+0x3d4>
200008fa:	4b52      	ldr	r3, [pc, #328]	; (20000a44 <main+0x534>)
200008fc:	2204      	movs	r2, #4
200008fe:	601a      	str	r2, [r3, #0]
20000900:	4b51      	ldr	r3, [pc, #324]	; (20000a48 <main+0x538>)
20000902:	681b      	ldr	r3, [r3, #0]
20000904:	05db      	lsls	r3, r3, #23
20000906:	d5fb      	bpl.n	20000900 <main+0x3f0>
20000908:	4b4f      	ldr	r3, [pc, #316]	; (20000a48 <main+0x538>)
2000090a:	685a      	ldr	r2, [r3, #4]
2000090c:	4b4f      	ldr	r3, [pc, #316]	; (20000a4c <main+0x53c>)
2000090e:	801a      	strh	r2, [r3, #0]
20000910:	2307      	movs	r3, #7
20000912:	402b      	ands	r3, r5
20000914:	2b07      	cmp	r3, #7
20000916:	d100      	bne.n	2000091a <main+0x40a>
20000918:	e08e      	b.n	20000a38 <main+0x528>
2000091a:	3501      	adds	r5, #1
2000091c:	b2ed      	uxtb	r5, r5
2000091e:	0021      	movs	r1, r4
20000920:	23d0      	movs	r3, #208	; 0xd0
20000922:	061b      	lsls	r3, r3, #24
20000924:	685b      	ldr	r3, [r3, #4]
20000926:	091b      	lsrs	r3, r3, #4
20000928:	2201      	movs	r2, #1
2000092a:	0014      	movs	r4, r2
2000092c:	401c      	ands	r4, r3
2000092e:	421a      	tst	r2, r3
20000930:	d0f5      	beq.n	2000091e <main+0x40e>
20000932:	2900      	cmp	r1, #0
20000934:	d1f3      	bne.n	2000091e <main+0x40e>
20000936:	23d0      	movs	r3, #208	; 0xd0
20000938:	061b      	lsls	r3, r3, #24
2000093a:	685b      	ldr	r3, [r3, #4]
2000093c:	095b      	lsrs	r3, r3, #5
2000093e:	0016      	movs	r6, r2
20000940:	401e      	ands	r6, r3
20000942:	421a      	tst	r2, r3
20000944:	d000      	beq.n	20000948 <main+0x438>
20000946:	e71d      	b.n	20000784 <main+0x274>
20000948:	0032      	movs	r2, r6
2000094a:	a907      	add	r1, sp, #28
2000094c:	e008      	b.n	20000960 <main+0x450>
2000094e:	4b3c      	ldr	r3, [pc, #240]	; (20000a40 <main+0x530>)
20000950:	699b      	ldr	r3, [r3, #24]
20000952:	069b      	lsls	r3, r3, #26
20000954:	d4fb      	bmi.n	2000094e <main+0x43e>
20000956:	7808      	ldrb	r0, [r1, #0]
20000958:	4b39      	ldr	r3, [pc, #228]	; (20000a40 <main+0x530>)
2000095a:	6018      	str	r0, [r3, #0]
2000095c:	3201      	adds	r2, #1
2000095e:	3101      	adds	r1, #1
20000960:	2a01      	cmp	r2, #1
20000962:	d9f4      	bls.n	2000094e <main+0x43e>
20000964:	220b      	movs	r2, #11
20000966:	446a      	add	r2, sp
20000968:	7015      	strb	r5, [r2, #0]
2000096a:	0031      	movs	r1, r6
2000096c:	e008      	b.n	20000980 <main+0x470>
2000096e:	4b34      	ldr	r3, [pc, #208]	; (20000a40 <main+0x530>)
20000970:	699b      	ldr	r3, [r3, #24]
20000972:	069b      	lsls	r3, r3, #26
20000974:	d4fb      	bmi.n	2000096e <main+0x45e>
20000976:	7810      	ldrb	r0, [r2, #0]
20000978:	4b31      	ldr	r3, [pc, #196]	; (20000a40 <main+0x530>)
2000097a:	6018      	str	r0, [r3, #0]
2000097c:	3101      	adds	r1, #1
2000097e:	3201      	adds	r2, #1
20000980:	2900      	cmp	r1, #0
20000982:	d0f4      	beq.n	2000096e <main+0x45e>
20000984:	2307      	movs	r3, #7
20000986:	402b      	ands	r3, r5
20000988:	00da      	lsls	r2, r3, #3
2000098a:	18d2      	adds	r2, r2, r3
2000098c:	0052      	lsls	r2, r2, #1
2000098e:	4930      	ldr	r1, [pc, #192]	; (20000a50 <main+0x540>)
20000990:	5a51      	ldrh	r1, [r2, r1]
20000992:	4a30      	ldr	r2, [pc, #192]	; (20000a54 <main+0x544>)
20000994:	4291      	cmp	r1, r2
20000996:	d001      	beq.n	2000099c <main+0x48c>
20000998:	0037      	movs	r7, r6
2000099a:	e034      	b.n	20000a06 <main+0x4f6>
2000099c:	00da      	lsls	r2, r3, #3
2000099e:	18d2      	adds	r2, r2, r3
200009a0:	0052      	lsls	r2, r2, #1
200009a2:	3202      	adds	r2, #2
200009a4:	4b2a      	ldr	r3, [pc, #168]	; (20000a50 <main+0x540>)
200009a6:	18d2      	adds	r2, r2, r3
200009a8:	0031      	movs	r1, r6
200009aa:	e008      	b.n	200009be <main+0x4ae>
200009ac:	4b24      	ldr	r3, [pc, #144]	; (20000a40 <main+0x530>)
200009ae:	699b      	ldr	r3, [r3, #24]
200009b0:	069b      	lsls	r3, r3, #26
200009b2:	d4fb      	bmi.n	200009ac <main+0x49c>
200009b4:	7810      	ldrb	r0, [r2, #0]
200009b6:	4b22      	ldr	r3, [pc, #136]	; (20000a40 <main+0x530>)
200009b8:	6018      	str	r0, [r3, #0]
200009ba:	3101      	adds	r1, #1
200009bc:	3201      	adds	r2, #1
200009be:	290d      	cmp	r1, #13
200009c0:	d9f4      	bls.n	200009ac <main+0x49c>
200009c2:	0037      	movs	r7, r6
200009c4:	e000      	b.n	200009c8 <main+0x4b8>
200009c6:	3701      	adds	r7, #1
200009c8:	2f09      	cmp	r7, #9
200009ca:	d824      	bhi.n	20000a16 <main+0x506>
200009cc:	220b      	movs	r2, #11
200009ce:	446a      	add	r2, sp
200009d0:	2300      	movs	r3, #0
200009d2:	7013      	strb	r3, [r2, #0]
200009d4:	0031      	movs	r1, r6
200009d6:	2900      	cmp	r1, #0
200009d8:	d1f5      	bne.n	200009c6 <main+0x4b6>
200009da:	4b19      	ldr	r3, [pc, #100]	; (20000a40 <main+0x530>)
200009dc:	699b      	ldr	r3, [r3, #24]
200009de:	069b      	lsls	r3, r3, #26
200009e0:	d4fb      	bmi.n	200009da <main+0x4ca>
200009e2:	7810      	ldrb	r0, [r2, #0]
200009e4:	4b16      	ldr	r3, [pc, #88]	; (20000a40 <main+0x530>)
200009e6:	6018      	str	r0, [r3, #0]
200009e8:	3101      	adds	r1, #1
200009ea:	3201      	adds	r2, #1
200009ec:	e7f3      	b.n	200009d6 <main+0x4c6>
200009ee:	4b14      	ldr	r3, [pc, #80]	; (20000a40 <main+0x530>)
200009f0:	699b      	ldr	r3, [r3, #24]
200009f2:	069b      	lsls	r3, r3, #26
200009f4:	d4fb      	bmi.n	200009ee <main+0x4de>
200009f6:	7810      	ldrb	r0, [r2, #0]
200009f8:	4b11      	ldr	r3, [pc, #68]	; (20000a40 <main+0x530>)
200009fa:	6018      	str	r0, [r3, #0]
200009fc:	3101      	adds	r1, #1
200009fe:	3201      	adds	r2, #1
20000a00:	2900      	cmp	r1, #0
20000a02:	d0f4      	beq.n	200009ee <main+0x4de>
20000a04:	3701      	adds	r7, #1
20000a06:	2f17      	cmp	r7, #23
20000a08:	d805      	bhi.n	20000a16 <main+0x506>
20000a0a:	220b      	movs	r2, #11
20000a0c:	446a      	add	r2, sp
20000a0e:	2300      	movs	r3, #0
20000a10:	7013      	strb	r3, [r2, #0]
20000a12:	0031      	movs	r1, r6
20000a14:	e7f4      	b.n	20000a00 <main+0x4f0>
20000a16:	220b      	movs	r2, #11
20000a18:	446a      	add	r2, sp
20000a1a:	2300      	movs	r3, #0
20000a1c:	7013      	strb	r3, [r2, #0]
20000a1e:	e008      	b.n	20000a32 <main+0x522>
20000a20:	4b07      	ldr	r3, [pc, #28]	; (20000a40 <main+0x530>)
20000a22:	699b      	ldr	r3, [r3, #24]
20000a24:	069b      	lsls	r3, r3, #26
20000a26:	d4fb      	bmi.n	20000a20 <main+0x510>
20000a28:	7811      	ldrb	r1, [r2, #0]
20000a2a:	4b05      	ldr	r3, [pc, #20]	; (20000a40 <main+0x530>)
20000a2c:	6019      	str	r1, [r3, #0]
20000a2e:	3601      	adds	r6, #1
20000a30:	3201      	adds	r2, #1
20000a32:	2e00      	cmp	r6, #0
20000a34:	d0f4      	beq.n	20000a20 <main+0x510>
20000a36:	e76b      	b.n	20000910 <main+0x400>
20000a38:	f7ff fc5a 	bl	200002f0 <refresh_imu_buf>
20000a3c:	e76d      	b.n	2000091a <main+0x40a>
20000a3e:	46c0      	nop			; (mov r8, r8)
20000a40:	40034000 	.word	0x40034000
20000a44:	4004e000 	.word	0x4004e000
20000a48:	4004c000 	.word	0x4004c000
20000a4c:	20006dc8 	.word	0x20006dc8
20000a50:	20006afc 	.word	0x20006afc
20000a54:	00000eff 	.word	0x00000eff

20000a58 <gpio_set_function>:
20000a58:	b510      	push	{r4, lr}
20000a5a:	0083      	lsls	r3, r0, #2
20000a5c:	4a08      	ldr	r2, [pc, #32]	; (20000a80 <gpio_set_function+0x28>)
20000a5e:	4694      	mov	ip, r2
20000a60:	4463      	add	r3, ip
20000a62:	681c      	ldr	r4, [r3, #0]
20000a64:	2240      	movs	r2, #64	; 0x40
20000a66:	4062      	eors	r2, r4
20000a68:	24c0      	movs	r4, #192	; 0xc0
20000a6a:	4014      	ands	r4, r2
20000a6c:	2280      	movs	r2, #128	; 0x80
20000a6e:	0152      	lsls	r2, r2, #5
20000a70:	4313      	orrs	r3, r2
20000a72:	601c      	str	r4, [r3, #0]
20000a74:	00c0      	lsls	r0, r0, #3
20000a76:	4b03      	ldr	r3, [pc, #12]	; (20000a84 <gpio_set_function+0x2c>)
20000a78:	469c      	mov	ip, r3
20000a7a:	4460      	add	r0, ip
20000a7c:	6041      	str	r1, [r0, #4]
20000a7e:	bd10      	pop	{r4, pc}
20000a80:	4001c004 	.word	0x4001c004
20000a84:	40014000 	.word	0x40014000

20000a88 <gpio_set_pulls>:
20000a88:	0080      	lsls	r0, r0, #2
20000a8a:	4b0b      	ldr	r3, [pc, #44]	; (20000ab8 <gpio_set_pulls+0x30>)
20000a8c:	469c      	mov	ip, r3
20000a8e:	4460      	add	r0, ip
20000a90:	2900      	cmp	r1, #0
20000a92:	d00d      	beq.n	20000ab0 <gpio_set_pulls+0x28>
20000a94:	2308      	movs	r3, #8
20000a96:	2a00      	cmp	r2, #0
20000a98:	d00c      	beq.n	20000ab4 <gpio_set_pulls+0x2c>
20000a9a:	2204      	movs	r2, #4
20000a9c:	4313      	orrs	r3, r2
20000a9e:	6802      	ldr	r2, [r0, #0]
20000aa0:	4053      	eors	r3, r2
20000aa2:	220c      	movs	r2, #12
20000aa4:	4013      	ands	r3, r2
20000aa6:	2280      	movs	r2, #128	; 0x80
20000aa8:	0152      	lsls	r2, r2, #5
20000aaa:	4310      	orrs	r0, r2
20000aac:	6003      	str	r3, [r0, #0]
20000aae:	4770      	bx	lr
20000ab0:	2300      	movs	r3, #0
20000ab2:	e7f0      	b.n	20000a96 <gpio_set_pulls+0xe>
20000ab4:	2200      	movs	r2, #0
20000ab6:	e7f1      	b.n	20000a9c <gpio_set_pulls+0x14>
20000ab8:	4001c004 	.word	0x4001c004

20000abc <gpio_set_input_enabled>:
20000abc:	2900      	cmp	r1, #0
20000abe:	d009      	beq.n	20000ad4 <gpio_set_input_enabled+0x18>
20000ac0:	0080      	lsls	r0, r0, #2
20000ac2:	4b09      	ldr	r3, [pc, #36]	; (20000ae8 <gpio_set_input_enabled+0x2c>)
20000ac4:	469c      	mov	ip, r3
20000ac6:	4460      	add	r0, ip
20000ac8:	2380      	movs	r3, #128	; 0x80
20000aca:	019b      	lsls	r3, r3, #6
20000acc:	4318      	orrs	r0, r3
20000ace:	2340      	movs	r3, #64	; 0x40
20000ad0:	6003      	str	r3, [r0, #0]
20000ad2:	4770      	bx	lr
20000ad4:	0080      	lsls	r0, r0, #2
20000ad6:	4b04      	ldr	r3, [pc, #16]	; (20000ae8 <gpio_set_input_enabled+0x2c>)
20000ad8:	469c      	mov	ip, r3
20000ada:	4460      	add	r0, ip
20000adc:	23c0      	movs	r3, #192	; 0xc0
20000ade:	019b      	lsls	r3, r3, #6
20000ae0:	4318      	orrs	r0, r3
20000ae2:	2340      	movs	r3, #64	; 0x40
20000ae4:	6003      	str	r3, [r0, #0]
20000ae6:	e7f4      	b.n	20000ad2 <gpio_set_input_enabled+0x16>
20000ae8:	4001c004 	.word	0x4001c004

20000aec <gpio_init>:
20000aec:	b510      	push	{r4, lr}
20000aee:	2301      	movs	r3, #1
20000af0:	4083      	lsls	r3, r0
20000af2:	22d0      	movs	r2, #208	; 0xd0
20000af4:	0612      	lsls	r2, r2, #24
20000af6:	6293      	str	r3, [r2, #40]	; 0x28
20000af8:	6193      	str	r3, [r2, #24]
20000afa:	2105      	movs	r1, #5
20000afc:	f7ff ffac 	bl	20000a58 <gpio_set_function>
20000b00:	bd10      	pop	{r4, pc}
	...

20000b04 <running_on_fpga>:
20000b04:	4b03      	ldr	r3, [pc, #12]	; (20000b14 <running_on_fpga+0x10>)
20000b06:	681b      	ldr	r3, [r3, #0]
20000b08:	2002      	movs	r0, #2
20000b0a:	4018      	ands	r0, r3
20000b0c:	1e43      	subs	r3, r0, #1
20000b0e:	4198      	sbcs	r0, r3
20000b10:	b2c0      	uxtb	r0, r0
20000b12:	4770      	bx	lr
20000b14:	4006c000 	.word	0x4006c000

20000b18 <hw_claim_lock>:
20000b18:	f3ef 8010 	mrs	r0, PRIMASK
20000b1c:	b672      	cpsid	i
20000b1e:	4b03      	ldr	r3, [pc, #12]	; (20000b2c <hw_claim_lock+0x14>)
20000b20:	681b      	ldr	r3, [r3, #0]
20000b22:	2b00      	cmp	r3, #0
20000b24:	d0fb      	beq.n	20000b1e <hw_claim_lock+0x6>
20000b26:	f3bf 8f5f 	dmb	sy
20000b2a:	4770      	bx	lr
20000b2c:	d000012c 	.word	0xd000012c

20000b30 <hw_claim_unlock>:
20000b30:	f3bf 8f5f 	dmb	sy
20000b34:	4b02      	ldr	r3, [pc, #8]	; (20000b40 <hw_claim_unlock+0x10>)
20000b36:	2200      	movs	r2, #0
20000b38:	601a      	str	r2, [r3, #0]
20000b3a:	f380 8810 	msr	PRIMASK, r0
20000b3e:	4770      	bx	lr
20000b40:	d000012c 	.word	0xd000012c

20000b44 <hw_claim_or_assert>:
20000b44:	b5f8      	push	{r3, r4, r5, r6, r7, lr}
20000b46:	0006      	movs	r6, r0
20000b48:	000c      	movs	r4, r1
20000b4a:	0015      	movs	r5, r2
20000b4c:	f7ff ffe4 	bl	20000b18 <hw_claim_lock>
20000b50:	08e3      	lsrs	r3, r4, #3
20000b52:	18f7      	adds	r7, r6, r3
20000b54:	5cf1      	ldrb	r1, [r6, r3]
20000b56:	2207      	movs	r2, #7
20000b58:	4022      	ands	r2, r4
20000b5a:	2301      	movs	r3, #1
20000b5c:	4093      	lsls	r3, r2
20000b5e:	420b      	tst	r3, r1
20000b60:	d105      	bne.n	20000b6e <hw_claim_or_assert+0x2a>
20000b62:	b2db      	uxtb	r3, r3
20000b64:	430b      	orrs	r3, r1
20000b66:	703b      	strb	r3, [r7, #0]
20000b68:	f7ff ffe2 	bl	20000b30 <hw_claim_unlock>
20000b6c:	bdf8      	pop	{r3, r4, r5, r6, r7, pc}
20000b6e:	0021      	movs	r1, r4
20000b70:	0028      	movs	r0, r5
20000b72:	f001 fecf 	bl	20002914 <panic>
	...

20000b78 <spin_locks_reset>:
20000b78:	2300      	movs	r3, #0
20000b7a:	e007      	b.n	20000b8c <spin_locks_reset+0x14>
20000b7c:	4a05      	ldr	r2, [pc, #20]	; (20000b94 <spin_locks_reset+0x1c>)
20000b7e:	189a      	adds	r2, r3, r2
20000b80:	0092      	lsls	r2, r2, #2
20000b82:	f3bf 8f5f 	dmb	sy
20000b86:	2100      	movs	r1, #0
20000b88:	6011      	str	r1, [r2, #0]
20000b8a:	3301      	adds	r3, #1
20000b8c:	2b1f      	cmp	r3, #31
20000b8e:	d9f5      	bls.n	20000b7c <spin_locks_reset+0x4>
20000b90:	4770      	bx	lr
20000b92:	46c0      	nop			; (mov r8, r8)
20000b94:	34000040 	.word	0x34000040

20000b98 <next_striped_spin_lock_num>:
20000b98:	4a05      	ldr	r2, [pc, #20]	; (20000bb0 <next_striped_spin_lock_num+0x18>)
20000b9a:	7810      	ldrb	r0, [r2, #0]
20000b9c:	1c43      	adds	r3, r0, #1
20000b9e:	b2db      	uxtb	r3, r3
20000ba0:	7013      	strb	r3, [r2, #0]
20000ba2:	2b17      	cmp	r3, #23
20000ba4:	d902      	bls.n	20000bac <next_striped_spin_lock_num+0x14>
20000ba6:	0013      	movs	r3, r2
20000ba8:	2210      	movs	r2, #16
20000baa:	701a      	strb	r2, [r3, #0]
20000bac:	4770      	bx	lr
20000bae:	46c0      	nop			; (mov r8, r8)
20000bb0:	2000679c 	.word	0x2000679c

20000bb4 <set_raw_irq_handler_and_unlock>:
20000bb4:	4b07      	ldr	r3, [pc, #28]	; (20000bd4 <set_raw_irq_handler_and_unlock+0x20>)
20000bb6:	689b      	ldr	r3, [r3, #8]
20000bb8:	3010      	adds	r0, #16
20000bba:	0080      	lsls	r0, r0, #2
20000bbc:	5019      	str	r1, [r3, r0]
20000bbe:	f3bf 8f5f 	dmb	sy
20000bc2:	f3bf 8f5f 	dmb	sy
20000bc6:	4b04      	ldr	r3, [pc, #16]	; (20000bd8 <set_raw_irq_handler_and_unlock+0x24>)
20000bc8:	2100      	movs	r1, #0
20000bca:	6019      	str	r1, [r3, #0]
20000bcc:	f382 8810 	msr	PRIMASK, r2
20000bd0:	4770      	bx	lr
20000bd2:	46c0      	nop			; (mov r8, r8)
20000bd4:	e000ed00 	.word	0xe000ed00
20000bd8:	d0000124 	.word	0xd0000124

20000bdc <make_branch>:
20000bdc:	b510      	push	{r4, lr}
20000bde:	1a09      	subs	r1, r1, r0
20000be0:	1f08      	subs	r0, r1, #4
20000be2:	4b0a      	ldr	r3, [pc, #40]	; (20000c0c <make_branch+0x30>)
20000be4:	469c      	mov	ip, r3
20000be6:	4461      	add	r1, ip
20000be8:	4a09      	ldr	r2, [pc, #36]	; (20000c10 <make_branch+0x34>)
20000bea:	4291      	cmp	r1, r2
20000bec:	d808      	bhi.n	20000c00 <make_branch+0x24>
20000bee:	07c3      	lsls	r3, r0, #31
20000bf0:	d406      	bmi.n	20000c00 <make_branch+0x24>
20000bf2:	1040      	asrs	r0, r0, #1
20000bf4:	0540      	lsls	r0, r0, #21
20000bf6:	0d40      	lsrs	r0, r0, #21
20000bf8:	4b06      	ldr	r3, [pc, #24]	; (20000c14 <make_branch+0x38>)
20000bfa:	4318      	orrs	r0, r3
20000bfc:	b280      	uxth	r0, r0
20000bfe:	bd10      	pop	{r4, pc}
20000c00:	4b05      	ldr	r3, [pc, #20]	; (20000c18 <make_branch+0x3c>)
20000c02:	4a06      	ldr	r2, [pc, #24]	; (20000c1c <make_branch+0x40>)
20000c04:	21a3      	movs	r1, #163	; 0xa3
20000c06:	4806      	ldr	r0, [pc, #24]	; (20000c20 <make_branch+0x44>)
20000c08:	f001 fdea 	bl	200027e0 <__assert_func>
20000c0c:	000007fc 	.word	0x000007fc
20000c10:	00000ffe 	.word	0x00000ffe
20000c14:	ffffe000 	.word	0xffffe000
20000c18:	2000564c 	.word	0x2000564c
20000c1c:	2000589c 	.word	0x2000589c
20000c20:	2000567c 	.word	0x2000567c

20000c24 <insert_branch_and_link>:
20000c24:	b510      	push	{r4, lr}
20000c26:	1a09      	subs	r1, r1, r0
20000c28:	3904      	subs	r1, #4
20000c2a:	084c      	lsrs	r4, r1, #1
20000c2c:	0b09      	lsrs	r1, r1, #12
20000c2e:	d108      	bne.n	20000c42 <insert_branch_and_link+0x1e>
20000c30:	0549      	lsls	r1, r1, #21
20000c32:	0d49      	lsrs	r1, r1, #21
20000c34:	4a06      	ldr	r2, [pc, #24]	; (20000c50 <insert_branch_and_link+0x2c>)
20000c36:	4311      	orrs	r1, r2
20000c38:	8001      	strh	r1, [r0, #0]
20000c3a:	4b06      	ldr	r3, [pc, #24]	; (20000c54 <insert_branch_and_link+0x30>)
20000c3c:	4323      	orrs	r3, r4
20000c3e:	8043      	strh	r3, [r0, #2]
20000c40:	bd10      	pop	{r4, pc}
20000c42:	4b05      	ldr	r3, [pc, #20]	; (20000c58 <insert_branch_and_link+0x34>)
20000c44:	4a05      	ldr	r2, [pc, #20]	; (20000c5c <insert_branch_and_link+0x38>)
20000c46:	21ab      	movs	r1, #171	; 0xab
20000c48:	4805      	ldr	r0, [pc, #20]	; (20000c60 <insert_branch_and_link+0x3c>)
20000c4a:	f001 fdc9 	bl	200027e0 <__assert_func>
20000c4e:	46c0      	nop			; (mov r8, r8)
20000c50:	fffff000 	.word	0xfffff000
20000c54:	fffff800 	.word	0xfffff800
20000c58:	200056b8 	.word	0x200056b8
20000c5c:	20005870 	.word	0x20005870
20000c60:	2000567c 	.word	0x2000567c

20000c64 <irq_is_enabled>:
20000c64:	2301      	movs	r3, #1
20000c66:	4083      	lsls	r3, r0
20000c68:	4a03      	ldr	r2, [pc, #12]	; (20000c78 <irq_is_enabled+0x14>)
20000c6a:	6810      	ldr	r0, [r2, #0]
20000c6c:	4018      	ands	r0, r3
20000c6e:	1e43      	subs	r3, r0, #1
20000c70:	4198      	sbcs	r0, r3
20000c72:	b2c0      	uxtb	r0, r0
20000c74:	4770      	bx	lr
20000c76:	46c0      	nop			; (mov r8, r8)
20000c78:	e000e100 	.word	0xe000e100

20000c7c <irq_set_mask_enabled>:
20000c7c:	2900      	cmp	r1, #0
20000c7e:	d004      	beq.n	20000c8a <irq_set_mask_enabled+0xe>
20000c80:	4b03      	ldr	r3, [pc, #12]	; (20000c90 <irq_set_mask_enabled+0x14>)
20000c82:	6018      	str	r0, [r3, #0]
20000c84:	4b03      	ldr	r3, [pc, #12]	; (20000c94 <irq_set_mask_enabled+0x18>)
20000c86:	6018      	str	r0, [r3, #0]
20000c88:	4770      	bx	lr
20000c8a:	4b03      	ldr	r3, [pc, #12]	; (20000c98 <irq_set_mask_enabled+0x1c>)
20000c8c:	6018      	str	r0, [r3, #0]
20000c8e:	e7fb      	b.n	20000c88 <irq_set_mask_enabled+0xc>
20000c90:	e000e280 	.word	0xe000e280
20000c94:	e000e100 	.word	0xe000e100
20000c98:	e000e180 	.word	0xe000e180

20000c9c <irq_set_enabled>:
20000c9c:	b510      	push	{r4, lr}
20000c9e:	2301      	movs	r3, #1
20000ca0:	4083      	lsls	r3, r0
20000ca2:	0018      	movs	r0, r3
20000ca4:	f7ff ffea 	bl	20000c7c <irq_set_mask_enabled>
20000ca8:	bd10      	pop	{r4, pc}
	...

20000cac <irq_get_vtable_handler>:
20000cac:	4b02      	ldr	r3, [pc, #8]	; (20000cb8 <irq_get_vtable_handler+0xc>)
20000cae:	689b      	ldr	r3, [r3, #8]
20000cb0:	3010      	adds	r0, #16
20000cb2:	0080      	lsls	r0, r0, #2
20000cb4:	58c0      	ldr	r0, [r0, r3]
20000cb6:	4770      	bx	lr
20000cb8:	e000ed00 	.word	0xe000ed00

20000cbc <irq_set_exclusive_handler>:
20000cbc:	b570      	push	{r4, r5, r6, lr}
20000cbe:	0004      	movs	r4, r0
20000cc0:	000d      	movs	r5, r1
20000cc2:	f3ef 8610 	mrs	r6, PRIMASK
20000cc6:	b672      	cpsid	i
20000cc8:	4b0c      	ldr	r3, [pc, #48]	; (20000cfc <irq_set_exclusive_handler+0x40>)
20000cca:	681b      	ldr	r3, [r3, #0]
20000ccc:	2b00      	cmp	r3, #0
20000cce:	d0fb      	beq.n	20000cc8 <irq_set_exclusive_handler+0xc>
20000cd0:	f3bf 8f5f 	dmb	sy
20000cd4:	0020      	movs	r0, r4
20000cd6:	f7ff ffe9 	bl	20000cac <irq_get_vtable_handler>
20000cda:	4b09      	ldr	r3, [pc, #36]	; (20000d00 <irq_set_exclusive_handler+0x44>)
20000cdc:	4298      	cmp	r0, r3
20000cde:	d001      	beq.n	20000ce4 <irq_set_exclusive_handler+0x28>
20000ce0:	42a8      	cmp	r0, r5
20000ce2:	d105      	bne.n	20000cf0 <irq_set_exclusive_handler+0x34>
20000ce4:	0032      	movs	r2, r6
20000ce6:	0029      	movs	r1, r5
20000ce8:	0020      	movs	r0, r4
20000cea:	f7ff ff63 	bl	20000bb4 <set_raw_irq_handler_and_unlock>
20000cee:	bd70      	pop	{r4, r5, r6, pc}
20000cf0:	4b04      	ldr	r3, [pc, #16]	; (20000d04 <irq_set_exclusive_handler+0x48>)
20000cf2:	4a05      	ldr	r2, [pc, #20]	; (20000d08 <irq_set_exclusive_handler+0x4c>)
20000cf4:	2186      	movs	r1, #134	; 0x86
20000cf6:	4805      	ldr	r0, [pc, #20]	; (20000d0c <irq_set_exclusive_handler+0x50>)
20000cf8:	f001 fd72 	bl	200027e0 <__assert_func>
20000cfc:	d0000124 	.word	0xd0000124
20000d00:	100001cd 	.word	0x100001cd
20000d04:	200056c8 	.word	0x200056c8
20000d08:	200058b8 	.word	0x200058b8
20000d0c:	2000567c 	.word	0x2000567c

20000d10 <irq_remove_handler>:
20000d10:	b5f0      	push	{r4, r5, r6, r7, lr}
20000d12:	46ce      	mov	lr, r9
20000d14:	4647      	mov	r7, r8
20000d16:	b580      	push	{r7, lr}
20000d18:	b083      	sub	sp, #12
20000d1a:	0006      	movs	r6, r0
20000d1c:	000d      	movs	r5, r1
20000d1e:	f3ef 8810 	mrs	r8, PRIMASK
20000d22:	b672      	cpsid	i
20000d24:	4b56      	ldr	r3, [pc, #344]	; (20000e80 <irq_remove_handler+0x170>)
20000d26:	681b      	ldr	r3, [r3, #0]
20000d28:	2b00      	cmp	r3, #0
20000d2a:	d0fb      	beq.n	20000d24 <irq_remove_handler+0x14>
20000d2c:	f3bf 8f5f 	dmb	sy
20000d30:	4b54      	ldr	r3, [pc, #336]	; (20000e84 <irq_remove_handler+0x174>)
20000d32:	689a      	ldr	r2, [r3, #8]
20000d34:	0034      	movs	r4, r6
20000d36:	3410      	adds	r4, #16
20000d38:	00a3      	lsls	r3, r4, #2
20000d3a:	58d7      	ldr	r7, [r2, r3]
20000d3c:	4b52      	ldr	r3, [pc, #328]	; (20000e88 <irq_remove_handler+0x178>)
20000d3e:	429f      	cmp	r7, r3
20000d40:	d007      	beq.n	20000d52 <irq_remove_handler+0x42>
20000d42:	42af      	cmp	r7, r5
20000d44:	d100      	bne.n	20000d48 <irq_remove_handler+0x38>
20000d46:	e098      	b.n	20000e7a <irq_remove_handler+0x16a>
20000d48:	9701      	str	r7, [sp, #4]
20000d4a:	4b50      	ldr	r3, [pc, #320]	; (20000e8c <irq_remove_handler+0x17c>)
20000d4c:	1afb      	subs	r3, r7, r3
20000d4e:	2b2f      	cmp	r3, #47	; 0x2f
20000d50:	d909      	bls.n	20000d66 <irq_remove_handler+0x56>
20000d52:	4642      	mov	r2, r8
20000d54:	0039      	movs	r1, r7
20000d56:	0030      	movs	r0, r6
20000d58:	f7ff ff2c 	bl	20000bb4 <set_raw_irq_handler_and_unlock>
20000d5c:	b003      	add	sp, #12
20000d5e:	bcc0      	pop	{r6, r7}
20000d60:	46b9      	mov	r9, r7
20000d62:	46b0      	mov	r8, r6
20000d64:	bdf0      	pop	{r4, r5, r6, r7, pc}
20000d66:	0030      	movs	r0, r6
20000d68:	f7ff ff7c 	bl	20000c64 <irq_is_enabled>
20000d6c:	4681      	mov	r9, r0
20000d6e:	2100      	movs	r1, #0
20000d70:	0030      	movs	r0, r6
20000d72:	f7ff ff93 	bl	20000c9c <irq_set_enabled>
20000d76:	f3bf 8f5f 	dmb	sy
20000d7a:	f3ef 8105 	mrs	r1, IPSR
20000d7e:	2900      	cmp	r1, #0
20000d80:	d001      	beq.n	20000d86 <irq_remove_handler+0x76>
20000d82:	428c      	cmp	r4, r1
20000d84:	d111      	bne.n	20000daa <irq_remove_handler+0x9a>
20000d86:	2301      	movs	r3, #1
20000d88:	9c01      	ldr	r4, [sp, #4]
20000d8a:	439c      	bics	r4, r3
20000d8c:	2200      	movs	r2, #0
20000d8e:	68a3      	ldr	r3, [r4, #8]
20000d90:	42ab      	cmp	r3, r5
20000d92:	d012      	beq.n	20000dba <irq_remove_handler+0xaa>
20000d94:	2206      	movs	r2, #6
20000d96:	56a2      	ldrsb	r2, [r4, r2]
20000d98:	2a00      	cmp	r2, #0
20000d9a:	db0d      	blt.n	20000db8 <irq_remove_handler+0xa8>
20000d9c:	0053      	lsls	r3, r2, #1
20000d9e:	189b      	adds	r3, r3, r2
20000da0:	009b      	lsls	r3, r3, #2
20000da2:	0022      	movs	r2, r4
20000da4:	4c39      	ldr	r4, [pc, #228]	; (20000e8c <irq_remove_handler+0x17c>)
20000da6:	18e4      	adds	r4, r4, r3
20000da8:	e7f1      	b.n	20000d8e <irq_remove_handler+0x7e>
20000daa:	2136      	movs	r1, #54	; 0x36
20000dac:	4b38      	ldr	r3, [pc, #224]	; (20000e90 <irq_remove_handler+0x180>)
20000dae:	4a39      	ldr	r2, [pc, #228]	; (20000e94 <irq_remove_handler+0x184>)
20000db0:	31ff      	adds	r1, #255	; 0xff
20000db2:	4839      	ldr	r0, [pc, #228]	; (20000e98 <irq_remove_handler+0x188>)
20000db4:	f001 fd14 	bl	200027e0 <__assert_func>
20000db8:	0022      	movs	r2, r4
20000dba:	42ab      	cmp	r3, r5
20000dbc:	d156      	bne.n	20000e6c <irq_remove_handler+0x15c>
20000dbe:	2506      	movs	r5, #6
20000dc0:	5765      	ldrsb	r5, [r4, r5]
20000dc2:	2d00      	cmp	r5, #0
20000dc4:	db38      	blt.n	20000e38 <irq_remove_handler+0x128>
20000dc6:	006b      	lsls	r3, r5, #1
20000dc8:	195b      	adds	r3, r3, r5
20000dca:	009a      	lsls	r2, r3, #2
20000dcc:	4b2f      	ldr	r3, [pc, #188]	; (20000e8c <irq_remove_handler+0x17c>)
20000dce:	189b      	adds	r3, r3, r2
20000dd0:	689a      	ldr	r2, [r3, #8]
20000dd2:	60a2      	str	r2, [r4, #8]
20000dd4:	79da      	ldrb	r2, [r3, #7]
20000dd6:	71e2      	strb	r2, [r4, #7]
20000dd8:	2206      	movs	r2, #6
20000dda:	569a      	ldrsb	r2, [r3, r2]
20000ddc:	71a2      	strb	r2, [r4, #6]
20000dde:	799b      	ldrb	r3, [r3, #6]
20000de0:	b25b      	sxtb	r3, r3
20000de2:	2b00      	cmp	r3, #0
20000de4:	da0f      	bge.n	20000e06 <irq_remove_handler+0xf6>
20000de6:	482d      	ldr	r0, [pc, #180]	; (20000e9c <irq_remove_handler+0x18c>)
20000de8:	80a0      	strh	r0, [r4, #4]
20000dea:	006b      	lsls	r3, r5, #1
20000dec:	195b      	adds	r3, r3, r5
20000dee:	009b      	lsls	r3, r3, #2
20000df0:	4a26      	ldr	r2, [pc, #152]	; (20000e8c <irq_remove_handler+0x17c>)
20000df2:	18d3      	adds	r3, r2, r3
20000df4:	4a2a      	ldr	r2, [pc, #168]	; (20000ea0 <irq_remove_handler+0x190>)
20000df6:	7811      	ldrb	r1, [r2, #0]
20000df8:	7199      	strb	r1, [r3, #6]
20000dfa:	7015      	strb	r5, [r2, #0]
20000dfc:	4649      	mov	r1, r9
20000dfe:	0030      	movs	r0, r6
20000e00:	f7ff ff4c 	bl	20000c9c <irq_set_enabled>
20000e04:	e7a5      	b.n	20000d52 <irq_remove_handler+0x42>
20000e06:	1d20      	adds	r0, r4, #4
20000e08:	006b      	lsls	r3, r5, #1
20000e0a:	195b      	adds	r3, r3, r5
20000e0c:	009b      	lsls	r3, r3, #2
20000e0e:	4a1f      	ldr	r2, [pc, #124]	; (20000e8c <irq_remove_handler+0x17c>)
20000e10:	189b      	adds	r3, r3, r2
20000e12:	1d1a      	adds	r2, r3, #4
20000e14:	889b      	ldrh	r3, [r3, #4]
20000e16:	0ad9      	lsrs	r1, r3, #11
20000e18:	291c      	cmp	r1, #28
20000e1a:	d107      	bne.n	20000e2c <irq_remove_handler+0x11c>
20000e1c:	055b      	lsls	r3, r3, #21
20000e1e:	155b      	asrs	r3, r3, #21
20000e20:	3302      	adds	r3, #2
20000e22:	0059      	lsls	r1, r3, #1
20000e24:	1851      	adds	r1, r2, r1
20000e26:	f7ff fed9 	bl	20000bdc <make_branch>
20000e2a:	e7dd      	b.n	20000de8 <irq_remove_handler+0xd8>
20000e2c:	4b1d      	ldr	r3, [pc, #116]	; (20000ea4 <irq_remove_handler+0x194>)
20000e2e:	4a1e      	ldr	r2, [pc, #120]	; (20000ea8 <irq_remove_handler+0x198>)
20000e30:	21b1      	movs	r1, #177	; 0xb1
20000e32:	4819      	ldr	r0, [pc, #100]	; (20000e98 <irq_remove_handler+0x188>)
20000e34:	f001 fcd4 	bl	200027e0 <__assert_func>
20000e38:	2900      	cmp	r1, #0
20000e3a:	d112      	bne.n	20000e62 <irq_remove_handler+0x152>
20000e3c:	2a00      	cmp	r2, #0
20000e3e:	d00e      	beq.n	20000e5e <irq_remove_handler+0x14e>
20000e40:	23ff      	movs	r3, #255	; 0xff
20000e42:	7193      	strb	r3, [r2, #6]
20000e44:	4b19      	ldr	r3, [pc, #100]	; (20000eac <irq_remove_handler+0x19c>)
20000e46:	8093      	strh	r3, [r2, #4]
20000e48:	4a15      	ldr	r2, [pc, #84]	; (20000ea0 <irq_remove_handler+0x190>)
20000e4a:	7813      	ldrb	r3, [r2, #0]
20000e4c:	71a3      	strb	r3, [r4, #6]
20000e4e:	4b18      	ldr	r3, [pc, #96]	; (20000eb0 <irq_remove_handler+0x1a0>)
20000e50:	490e      	ldr	r1, [pc, #56]	; (20000e8c <irq_remove_handler+0x17c>)
20000e52:	1a64      	subs	r4, r4, r1
20000e54:	4164      	adcs	r4, r4
20000e56:	4363      	muls	r3, r4
20000e58:	0d1b      	lsrs	r3, r3, #20
20000e5a:	7013      	strb	r3, [r2, #0]
20000e5c:	e7ce      	b.n	20000dfc <irq_remove_handler+0xec>
20000e5e:	4f0a      	ldr	r7, [pc, #40]	; (20000e88 <irq_remove_handler+0x178>)
20000e60:	e7f2      	b.n	20000e48 <irq_remove_handler+0x138>
20000e62:	1d20      	adds	r0, r4, #4
20000e64:	4913      	ldr	r1, [pc, #76]	; (20000eb4 <irq_remove_handler+0x1a4>)
20000e66:	f7ff fedd 	bl	20000c24 <insert_branch_and_link>
20000e6a:	e7c7      	b.n	20000dfc <irq_remove_handler+0xec>
20000e6c:	216a      	movs	r1, #106	; 0x6a
20000e6e:	4b12      	ldr	r3, [pc, #72]	; (20000eb8 <irq_remove_handler+0x1a8>)
20000e70:	4a08      	ldr	r2, [pc, #32]	; (20000e94 <irq_remove_handler+0x184>)
20000e72:	31ff      	adds	r1, #255	; 0xff
20000e74:	4808      	ldr	r0, [pc, #32]	; (20000e98 <irq_remove_handler+0x188>)
20000e76:	f001 fcb3 	bl	200027e0 <__assert_func>
20000e7a:	4f03      	ldr	r7, [pc, #12]	; (20000e88 <irq_remove_handler+0x178>)
20000e7c:	e769      	b.n	20000d52 <irq_remove_handler+0x42>
20000e7e:	46c0      	nop			; (mov r8, r8)
20000e80:	d0000124 	.word	0xd0000124
20000e84:	e000ed00 	.word	0xe000ed00
20000e88:	100001cd 	.word	0x100001cd
20000e8c:	200067a0 	.word	0x200067a0
20000e90:	200057dc 	.word	0x200057dc
20000e94:	20005888 	.word	0x20005888
20000e98:	2000567c 	.word	0x2000567c
20000e9c:	0000bd01 	.word	0x0000bd01
20000ea0:	20006dcc 	.word	0x20006dcc
20000ea4:	200057c4 	.word	0x200057c4
20000ea8:	200058a8 	.word	0x200058a8
20000eac:	ffffbd01 	.word	0xffffbd01
20000eb0:	0000aaaa 	.word	0x0000aaaa
20000eb4:	200067da 	.word	0x200067da
20000eb8:	20005810 	.word	0x20005810

20000ebc <irq_add_tail_to_free_list>:
20000ebc:	b570      	push	{r4, r5, r6, lr}
20000ebe:	2101      	movs	r1, #1
20000ec0:	4301      	orrs	r1, r0
20000ec2:	4b2e      	ldr	r3, [pc, #184]	; (20000f7c <irq_add_tail_to_free_list+0xc0>)
20000ec4:	1acb      	subs	r3, r1, r3
20000ec6:	2b2f      	cmp	r3, #47	; 0x2f
20000ec8:	d828      	bhi.n	20000f1c <irq_add_tail_to_free_list+0x60>
20000eca:	f3ef 8305 	mrs	r3, IPSR
20000ece:	2b00      	cmp	r3, #0
20000ed0:	d02b      	beq.n	20000f2a <irq_add_tail_to_free_list+0x6e>
20000ed2:	f3ef 8c10 	mrs	ip, PRIMASK
20000ed6:	b672      	cpsid	i
20000ed8:	4a29      	ldr	r2, [pc, #164]	; (20000f80 <irq_add_tail_to_free_list+0xc4>)
20000eda:	6812      	ldr	r2, [r2, #0]
20000edc:	2a00      	cmp	r2, #0
20000ede:	d0fb      	beq.n	20000ed8 <irq_add_tail_to_free_list+0x1c>
20000ee0:	f3bf 8f5f 	dmb	sy
20000ee4:	4a27      	ldr	r2, [pc, #156]	; (20000f84 <irq_add_tail_to_free_list+0xc8>)
20000ee6:	0004      	movs	r4, r0
20000ee8:	4d24      	ldr	r5, [pc, #144]	; (20000f7c <irq_add_tail_to_free_list+0xc0>)
20000eea:	1b64      	subs	r4, r4, r5
20000eec:	4164      	adcs	r4, r4
20000eee:	4362      	muls	r2, r4
20000ef0:	0d12      	lsrs	r2, r2, #20
20000ef2:	b254      	sxtb	r4, r2
20000ef4:	4a24      	ldr	r2, [pc, #144]	; (20000f88 <irq_add_tail_to_free_list+0xcc>)
20000ef6:	6892      	ldr	r2, [r2, #8]
20000ef8:	009b      	lsls	r3, r3, #2
20000efa:	58d2      	ldr	r2, [r2, r3]
20000efc:	428a      	cmp	r2, r1
20000efe:	d01b      	beq.n	20000f38 <irq_add_tail_to_free_list+0x7c>
20000f00:	2200      	movs	r2, #0
20000f02:	2a03      	cmp	r2, #3
20000f04:	d832      	bhi.n	20000f6c <irq_add_tail_to_free_list+0xb0>
20000f06:	0053      	lsls	r3, r2, #1
20000f08:	189b      	adds	r3, r3, r2
20000f0a:	009b      	lsls	r3, r3, #2
20000f0c:	491b      	ldr	r1, [pc, #108]	; (20000f7c <irq_add_tail_to_free_list+0xc0>)
20000f0e:	18cb      	adds	r3, r1, r3
20000f10:	799b      	ldrb	r3, [r3, #6]
20000f12:	b25b      	sxtb	r3, r3
20000f14:	42a3      	cmp	r3, r4
20000f16:	d01f      	beq.n	20000f58 <irq_add_tail_to_free_list+0x9c>
20000f18:	3201      	adds	r2, #1
20000f1a:	e7f2      	b.n	20000f02 <irq_add_tail_to_free_list+0x46>
20000f1c:	21c7      	movs	r1, #199	; 0xc7
20000f1e:	4b1b      	ldr	r3, [pc, #108]	; (20000f8c <irq_add_tail_to_free_list+0xd0>)
20000f20:	4a1b      	ldr	r2, [pc, #108]	; (20000f90 <irq_add_tail_to_free_list+0xd4>)
20000f22:	0049      	lsls	r1, r1, #1
20000f24:	481b      	ldr	r0, [pc, #108]	; (20000f94 <irq_add_tail_to_free_list+0xd8>)
20000f26:	f001 fc5b 	bl	200027e0 <__assert_func>
20000f2a:	2192      	movs	r1, #146	; 0x92
20000f2c:	4b1a      	ldr	r3, [pc, #104]	; (20000f98 <irq_add_tail_to_free_list+0xdc>)
20000f2e:	4a18      	ldr	r2, [pc, #96]	; (20000f90 <irq_add_tail_to_free_list+0xd4>)
20000f30:	31ff      	adds	r1, #255	; 0xff
20000f32:	4818      	ldr	r0, [pc, #96]	; (20000f94 <irq_add_tail_to_free_list+0xd8>)
20000f34:	f001 fc54 	bl	200027e0 <__assert_func>
20000f38:	4a13      	ldr	r2, [pc, #76]	; (20000f88 <irq_add_tail_to_free_list+0xcc>)
20000f3a:	6892      	ldr	r2, [r2, #8]
20000f3c:	4917      	ldr	r1, [pc, #92]	; (20000f9c <irq_add_tail_to_free_list+0xe0>)
20000f3e:	50d1      	str	r1, [r2, r3]
20000f40:	4b17      	ldr	r3, [pc, #92]	; (20000fa0 <irq_add_tail_to_free_list+0xe4>)
20000f42:	781a      	ldrb	r2, [r3, #0]
20000f44:	7182      	strb	r2, [r0, #6]
20000f46:	701c      	strb	r4, [r3, #0]
20000f48:	f3bf 8f5f 	dmb	sy
20000f4c:	4b0c      	ldr	r3, [pc, #48]	; (20000f80 <irq_add_tail_to_free_list+0xc4>)
20000f4e:	2200      	movs	r2, #0
20000f50:	601a      	str	r2, [r3, #0]
20000f52:	f38c 8810 	msr	PRIMASK, ip
20000f56:	bd70      	pop	{r4, r5, r6, pc}
20000f58:	000d      	movs	r5, r1
20000f5a:	0053      	lsls	r3, r2, #1
20000f5c:	1899      	adds	r1, r3, r2
20000f5e:	0089      	lsls	r1, r1, #2
20000f60:	1869      	adds	r1, r5, r1
20000f62:	26ff      	movs	r6, #255	; 0xff
20000f64:	718e      	strb	r6, [r1, #6]
20000f66:	4a0f      	ldr	r2, [pc, #60]	; (20000fa4 <irq_add_tail_to_free_list+0xe8>)
20000f68:	808a      	strh	r2, [r1, #4]
20000f6a:	e7e9      	b.n	20000f40 <irq_add_tail_to_free_list+0x84>
20000f6c:	21d1      	movs	r1, #209	; 0xd1
20000f6e:	4b0e      	ldr	r3, [pc, #56]	; (20000fa8 <irq_add_tail_to_free_list+0xec>)
20000f70:	4a07      	ldr	r2, [pc, #28]	; (20000f90 <irq_add_tail_to_free_list+0xd4>)
20000f72:	0049      	lsls	r1, r1, #1
20000f74:	4807      	ldr	r0, [pc, #28]	; (20000f94 <irq_add_tail_to_free_list+0xd8>)
20000f76:	f001 fc33 	bl	200027e0 <__assert_func>
20000f7a:	46c0      	nop			; (mov r8, r8)
20000f7c:	200067a0 	.word	0x200067a0
20000f80:	d0000124 	.word	0xd0000124
20000f84:	0000aaaa 	.word	0x0000aaaa
20000f88:	e000ed00 	.word	0xe000ed00
20000f8c:	20005818 	.word	0x20005818
20000f90:	20005854 	.word	0x20005854
20000f94:	2000567c 	.word	0x2000567c
20000f98:	20005840 	.word	0x20005840
20000f9c:	100001cd 	.word	0x100001cd
20000fa0:	20006dcc 	.word	0x20006dcc
20000fa4:	ffffbd01 	.word	0xffffbd01
20000fa8:	2000584c 	.word	0x2000584c

20000fac <irq_init_priorities>:
20000fac:	2200      	movs	r2, #0
20000fae:	4b04      	ldr	r3, [pc, #16]	; (20000fc0 <irq_init_priorities+0x14>)
20000fb0:	e002      	b.n	20000fb8 <irq_init_priorities+0xc>
20000fb2:	4904      	ldr	r1, [pc, #16]	; (20000fc4 <irq_init_priorities+0x18>)
20000fb4:	c302      	stmia	r3!, {r1}
20000fb6:	3201      	adds	r2, #1
20000fb8:	2a07      	cmp	r2, #7
20000fba:	d9fa      	bls.n	20000fb2 <irq_init_priorities+0x6>
20000fbc:	4770      	bx	lr
20000fbe:	46c0      	nop			; (mov r8, r8)
20000fc0:	e000e400 	.word	0xe000e400
20000fc4:	80808080 	.word	0x80808080

20000fc8 <lock_init>:
20000fc8:	4b02      	ldr	r3, [pc, #8]	; (20000fd4 <lock_init+0xc>)
20000fca:	469c      	mov	ip, r3
20000fcc:	4461      	add	r1, ip
20000fce:	0089      	lsls	r1, r1, #2
20000fd0:	6001      	str	r1, [r0, #0]
20000fd2:	4770      	bx	lr
20000fd4:	34000040 	.word	0x34000040

20000fd8 <mutex_init>:
20000fd8:	b510      	push	{r4, lr}
20000fda:	0004      	movs	r4, r0
20000fdc:	f7ff fddc 	bl	20000b98 <next_striped_spin_lock_num>
20000fe0:	0001      	movs	r1, r0
20000fe2:	0020      	movs	r0, r4
20000fe4:	f7ff fff0 	bl	20000fc8 <lock_init>
20000fe8:	23ff      	movs	r3, #255	; 0xff
20000fea:	7123      	strb	r3, [r4, #4]
20000fec:	f3bf 8f5f 	dmb	sy
20000ff0:	bd10      	pop	{r4, pc}

20000ff2 <recursive_mutex_init>:
20000ff2:	b510      	push	{r4, lr}
20000ff4:	0004      	movs	r4, r0
20000ff6:	f7ff fdcf 	bl	20000b98 <next_striped_spin_lock_num>
20000ffa:	0001      	movs	r1, r0
20000ffc:	0020      	movs	r0, r4
20000ffe:	f7ff ffe3 	bl	20000fc8 <lock_init>
20001002:	23ff      	movs	r3, #255	; 0xff
20001004:	7123      	strb	r3, [r4, #4]
20001006:	2300      	movs	r3, #0
20001008:	7163      	strb	r3, [r4, #5]
2000100a:	f3bf 8f5f 	dmb	sy
2000100e:	bd10      	pop	{r4, pc}

20001010 <alarm_pool_post_alloc_init>:
20001010:	b570      	push	{r4, r5, r6, lr}
20001012:	0005      	movs	r5, r0
20001014:	000c      	movs	r4, r1
20001016:	0008      	movs	r0, r1
20001018:	f000 fefe 	bl	20001e18 <hardware_alarm_cancel>
2000101c:	4909      	ldr	r1, [pc, #36]	; (20001044 <alarm_pool_post_alloc_init+0x34>)
2000101e:	0020      	movs	r0, r4
20001020:	f000 fe3e 	bl	20001ca0 <hardware_alarm_set_callback>
20001024:	f7ff fdb8 	bl	20000b98 <next_striped_spin_lock_num>
20001028:	4b07      	ldr	r3, [pc, #28]	; (20001048 <alarm_pool_post_alloc_init+0x38>)
2000102a:	469c      	mov	ip, r3
2000102c:	4460      	add	r0, ip
2000102e:	0080      	lsls	r0, r0, #2
20001030:	6068      	str	r0, [r5, #4]
20001032:	752c      	strb	r4, [r5, #20]
20001034:	23d0      	movs	r3, #208	; 0xd0
20001036:	061b      	lsls	r3, r3, #24
20001038:	781b      	ldrb	r3, [r3, #0]
2000103a:	756b      	strb	r3, [r5, #21]
2000103c:	00a4      	lsls	r4, r4, #2
2000103e:	4b03      	ldr	r3, [pc, #12]	; (2000104c <alarm_pool_post_alloc_init+0x3c>)
20001040:	50e5      	str	r5, [r4, r3]
20001042:	bd70      	pop	{r4, r5, r6, pc}
20001044:	20001355 	.word	0x20001355
20001048:	34000040 	.word	0x34000040
2000104c:	20006b8c 	.word	0x20006b8c

20001050 <sleep_until_callback>:
20001050:	4b0a      	ldr	r3, [pc, #40]	; (2000107c <sleep_until_callback+0x2c>)
20001052:	681a      	ldr	r2, [r3, #0]
20001054:	f3ef 8110 	mrs	r1, PRIMASK
20001058:	b672      	cpsid	i
2000105a:	6813      	ldr	r3, [r2, #0]
2000105c:	2b00      	cmp	r3, #0
2000105e:	d0fc      	beq.n	2000105a <sleep_until_callback+0xa>
20001060:	f3bf 8f5f 	dmb	sy
20001064:	4b05      	ldr	r3, [pc, #20]	; (2000107c <sleep_until_callback+0x2c>)
20001066:	681b      	ldr	r3, [r3, #0]
20001068:	f3bf 8f5f 	dmb	sy
2000106c:	2200      	movs	r2, #0
2000106e:	601a      	str	r2, [r3, #0]
20001070:	f381 8810 	msr	PRIMASK, r1
20001074:	bf40      	sev
20001076:	2000      	movs	r0, #0
20001078:	2100      	movs	r1, #0
2000107a:	4770      	bx	lr
2000107c:	20006da8 	.word	0x20006da8

20001080 <timer_pool_entry_comparator>:
20001080:	b510      	push	{r4, lr}
20001082:	2900      	cmp	r1, #0
20001084:	d022      	beq.n	200010cc <timer_pool_entry_comparator+0x4c>
20001086:	6803      	ldr	r3, [r0, #0]
20001088:	7b1b      	ldrb	r3, [r3, #12]
2000108a:	4299      	cmp	r1, r3
2000108c:	d81e      	bhi.n	200010cc <timer_pool_entry_comparator+0x4c>
2000108e:	4b17      	ldr	r3, [pc, #92]	; (200010ec <timer_pool_entry_comparator+0x6c>)
20001090:	469c      	mov	ip, r3
20001092:	4461      	add	r1, ip
20001094:	0109      	lsls	r1, r1, #4
20001096:	6883      	ldr	r3, [r0, #8]
20001098:	469c      	mov	ip, r3
2000109a:	4461      	add	r1, ip
2000109c:	680c      	ldr	r4, [r1, #0]
2000109e:	6849      	ldr	r1, [r1, #4]
200010a0:	2a00      	cmp	r2, #0
200010a2:	d019      	beq.n	200010d8 <timer_pool_entry_comparator+0x58>
200010a4:	6803      	ldr	r3, [r0, #0]
200010a6:	7b1b      	ldrb	r3, [r3, #12]
200010a8:	429a      	cmp	r2, r3
200010aa:	d815      	bhi.n	200010d8 <timer_pool_entry_comparator+0x58>
200010ac:	6883      	ldr	r3, [r0, #8]
200010ae:	480f      	ldr	r0, [pc, #60]	; (200010ec <timer_pool_entry_comparator+0x6c>)
200010b0:	4684      	mov	ip, r0
200010b2:	4462      	add	r2, ip
200010b4:	0112      	lsls	r2, r2, #4
200010b6:	189a      	adds	r2, r3, r2
200010b8:	6810      	ldr	r0, [r2, #0]
200010ba:	6853      	ldr	r3, [r2, #4]
200010bc:	0002      	movs	r2, r0
200010be:	2001      	movs	r0, #1
200010c0:	428b      	cmp	r3, r1
200010c2:	d801      	bhi.n	200010c8 <timer_pool_entry_comparator+0x48>
200010c4:	d00e      	beq.n	200010e4 <timer_pool_entry_comparator+0x64>
200010c6:	2000      	movs	r0, #0
200010c8:	b2c0      	uxtb	r0, r0
200010ca:	bd10      	pop	{r4, pc}
200010cc:	4b08      	ldr	r3, [pc, #32]	; (200010f0 <timer_pool_entry_comparator+0x70>)
200010ce:	4a09      	ldr	r2, [pc, #36]	; (200010f4 <timer_pool_entry_comparator+0x74>)
200010d0:	213c      	movs	r1, #60	; 0x3c
200010d2:	4809      	ldr	r0, [pc, #36]	; (200010f8 <timer_pool_entry_comparator+0x78>)
200010d4:	f001 fb84 	bl	200027e0 <__assert_func>
200010d8:	4b05      	ldr	r3, [pc, #20]	; (200010f0 <timer_pool_entry_comparator+0x70>)
200010da:	4a06      	ldr	r2, [pc, #24]	; (200010f4 <timer_pool_entry_comparator+0x74>)
200010dc:	213c      	movs	r1, #60	; 0x3c
200010de:	4806      	ldr	r0, [pc, #24]	; (200010f8 <timer_pool_entry_comparator+0x78>)
200010e0:	f001 fb7e 	bl	200027e0 <__assert_func>
200010e4:	42a2      	cmp	r2, r4
200010e6:	d8ef      	bhi.n	200010c8 <timer_pool_entry_comparator+0x48>
200010e8:	e7ed      	b.n	200010c6 <timer_pool_entry_comparator+0x46>
200010ea:	46c0      	nop			; (mov r8, r8)
200010ec:	0fffffff 	.word	0x0fffffff
200010f0:	20005a28 	.word	0x20005a28
200010f4:	20005c88 	.word	0x20005c88
200010f8:	200059f4 	.word	0x200059f4

200010fc <ph_add_child_node>:
200010fc:	b510      	push	{r4, lr}
200010fe:	2900      	cmp	r1, #0
20001100:	d01e      	beq.n	20001140 <ph_add_child_node+0x44>
20001102:	7b03      	ldrb	r3, [r0, #12]
20001104:	4299      	cmp	r1, r3
20001106:	d81b      	bhi.n	20001140 <ph_add_child_node+0x44>
20001108:	004b      	lsls	r3, r1, #1
2000110a:	185b      	adds	r3, r3, r1
2000110c:	3b03      	subs	r3, #3
2000110e:	6804      	ldr	r4, [r0, #0]
20001110:	46a4      	mov	ip, r4
20001112:	4463      	add	r3, ip
20001114:	2900      	cmp	r1, #0
20001116:	d019      	beq.n	2000114c <ph_add_child_node+0x50>
20001118:	2a00      	cmp	r2, #0
2000111a:	d01d      	beq.n	20001158 <ph_add_child_node+0x5c>
2000111c:	4291      	cmp	r1, r2
2000111e:	d021      	beq.n	20001164 <ph_add_child_node+0x68>
20001120:	2a00      	cmp	r2, #0
20001122:	d025      	beq.n	20001170 <ph_add_child_node+0x74>
20001124:	7b04      	ldrb	r4, [r0, #12]
20001126:	42a2      	cmp	r2, r4
20001128:	d822      	bhi.n	20001170 <ph_add_child_node+0x74>
2000112a:	6804      	ldr	r4, [r0, #0]
2000112c:	0050      	lsls	r0, r2, #1
2000112e:	1880      	adds	r0, r0, r2
20001130:	3803      	subs	r0, #3
20001132:	1820      	adds	r0, r4, r0
20001134:	7081      	strb	r1, [r0, #2]
20001136:	7819      	ldrb	r1, [r3, #0]
20001138:	2900      	cmp	r1, #0
2000113a:	d11f      	bne.n	2000117c <ph_add_child_node+0x80>
2000113c:	701a      	strb	r2, [r3, #0]
2000113e:	bd10      	pop	{r4, pc}
20001140:	4b10      	ldr	r3, [pc, #64]	; (20001184 <ph_add_child_node+0x88>)
20001142:	4a11      	ldr	r2, [pc, #68]	; (20001188 <ph_add_child_node+0x8c>)
20001144:	2168      	movs	r1, #104	; 0x68
20001146:	4811      	ldr	r0, [pc, #68]	; (2000118c <ph_add_child_node+0x90>)
20001148:	f001 fb4a 	bl	200027e0 <__assert_func>
2000114c:	4b10      	ldr	r3, [pc, #64]	; (20001190 <ph_add_child_node+0x94>)
2000114e:	4a11      	ldr	r2, [pc, #68]	; (20001194 <ph_add_child_node+0x98>)
20001150:	316f      	adds	r1, #111	; 0x6f
20001152:	480e      	ldr	r0, [pc, #56]	; (2000118c <ph_add_child_node+0x90>)
20001154:	f001 fb44 	bl	200027e0 <__assert_func>
20001158:	4b0f      	ldr	r3, [pc, #60]	; (20001198 <ph_add_child_node+0x9c>)
2000115a:	4a0e      	ldr	r2, [pc, #56]	; (20001194 <ph_add_child_node+0x98>)
2000115c:	2170      	movs	r1, #112	; 0x70
2000115e:	480b      	ldr	r0, [pc, #44]	; (2000118c <ph_add_child_node+0x90>)
20001160:	f001 fb3e 	bl	200027e0 <__assert_func>
20001164:	4b0d      	ldr	r3, [pc, #52]	; (2000119c <ph_add_child_node+0xa0>)
20001166:	4a0b      	ldr	r2, [pc, #44]	; (20001194 <ph_add_child_node+0x98>)
20001168:	2171      	movs	r1, #113	; 0x71
2000116a:	4808      	ldr	r0, [pc, #32]	; (2000118c <ph_add_child_node+0x90>)
2000116c:	f001 fb38 	bl	200027e0 <__assert_func>
20001170:	4b04      	ldr	r3, [pc, #16]	; (20001184 <ph_add_child_node+0x88>)
20001172:	4a05      	ldr	r2, [pc, #20]	; (20001188 <ph_add_child_node+0x8c>)
20001174:	2168      	movs	r1, #104	; 0x68
20001176:	4805      	ldr	r0, [pc, #20]	; (2000118c <ph_add_child_node+0x90>)
20001178:	f001 fb32 	bl	200027e0 <__assert_func>
2000117c:	7041      	strb	r1, [r0, #1]
2000117e:	701a      	strb	r2, [r3, #0]
20001180:	e7dd      	b.n	2000113e <ph_add_child_node+0x42>
20001182:	46c0      	nop			; (mov r8, r8)
20001184:	20005a4c 	.word	0x20005a4c
20001188:	20005cf4 	.word	0x20005cf4
2000118c:	20005a68 	.word	0x20005a68
20001190:	20005ab0 	.word	0x20005ab0
20001194:	20005cd0 	.word	0x20005cd0
20001198:	20005abc 	.word	0x20005abc
2000119c:	20005ac8 	.word	0x20005ac8

200011a0 <ph_merge_nodes>:
200011a0:	b570      	push	{r4, r5, r6, lr}
200011a2:	0006      	movs	r6, r0
200011a4:	000d      	movs	r5, r1
200011a6:	0014      	movs	r4, r2
200011a8:	2900      	cmp	r1, #0
200011aa:	d014      	beq.n	200011d6 <ph_merge_nodes+0x36>
200011ac:	2a00      	cmp	r2, #0
200011ae:	d014      	beq.n	200011da <ph_merge_nodes+0x3a>
200011b0:	6880      	ldr	r0, [r0, #8]
200011b2:	6873      	ldr	r3, [r6, #4]
200011b4:	4798      	blx	r3
200011b6:	2800      	cmp	r0, #0
200011b8:	d006      	beq.n	200011c8 <ph_merge_nodes+0x28>
200011ba:	0022      	movs	r2, r4
200011bc:	0029      	movs	r1, r5
200011be:	0030      	movs	r0, r6
200011c0:	f7ff ff9c 	bl	200010fc <ph_add_child_node>
200011c4:	0028      	movs	r0, r5
200011c6:	e007      	b.n	200011d8 <ph_merge_nodes+0x38>
200011c8:	002a      	movs	r2, r5
200011ca:	0021      	movs	r1, r4
200011cc:	0030      	movs	r0, r6
200011ce:	f7ff ff95 	bl	200010fc <ph_add_child_node>
200011d2:	0020      	movs	r0, r4
200011d4:	e000      	b.n	200011d8 <ph_merge_nodes+0x38>
200011d6:	0010      	movs	r0, r2
200011d8:	bd70      	pop	{r4, r5, r6, pc}
200011da:	0008      	movs	r0, r1
200011dc:	e7fc      	b.n	200011d8 <ph_merge_nodes+0x38>
	...

200011e0 <add_alarm_under_lock>:
200011e0:	b5f0      	push	{r4, r5, r6, r7, lr}
200011e2:	b083      	sub	sp, #12
200011e4:	0005      	movs	r5, r0
200011e6:	9200      	str	r2, [sp, #0]
200011e8:	9301      	str	r3, [sp, #4]
200011ea:	ab0a      	add	r3, sp, #40	; 0x28
200011ec:	781c      	ldrb	r4, [r3, #0]
200011ee:	ab0b      	add	r3, sp, #44	; 0x2c
200011f0:	781f      	ldrb	r7, [r3, #0]
200011f2:	2c00      	cmp	r4, #0
200011f4:	d026      	beq.n	20001244 <add_alarm_under_lock+0x64>
200011f6:	6803      	ldr	r3, [r0, #0]
200011f8:	7b5a      	ldrb	r2, [r3, #13]
200011fa:	4294      	cmp	r4, r2
200011fc:	d107      	bne.n	2000120e <add_alarm_under_lock+0x2e>
200011fe:	2301      	movs	r3, #1
20001200:	2b00      	cmp	r3, #0
20001202:	d119      	bne.n	20001238 <add_alarm_under_lock+0x58>
20001204:	2c00      	cmp	r4, #0
20001206:	d13b      	bne.n	20001280 <add_alarm_under_lock+0xa0>
20001208:	0020      	movs	r0, r4
2000120a:	b003      	add	sp, #12
2000120c:	bdf0      	pop	{r4, r5, r6, r7, pc}
2000120e:	2c00      	cmp	r4, #0
20001210:	d00c      	beq.n	2000122c <add_alarm_under_lock+0x4c>
20001212:	7b1a      	ldrb	r2, [r3, #12]
20001214:	4294      	cmp	r4, r2
20001216:	d809      	bhi.n	2000122c <add_alarm_under_lock+0x4c>
20001218:	681a      	ldr	r2, [r3, #0]
2000121a:	0063      	lsls	r3, r4, #1
2000121c:	191b      	adds	r3, r3, r4
2000121e:	3b03      	subs	r3, #3
20001220:	18d3      	adds	r3, r2, r3
20001222:	789b      	ldrb	r3, [r3, #2]
20001224:	2b00      	cmp	r3, #0
20001226:	d0eb      	beq.n	20001200 <add_alarm_under_lock+0x20>
20001228:	2301      	movs	r3, #1
2000122a:	e7e9      	b.n	20001200 <add_alarm_under_lock+0x20>
2000122c:	4b3e      	ldr	r3, [pc, #248]	; (20001328 <add_alarm_under_lock+0x148>)
2000122e:	4a3f      	ldr	r2, [pc, #252]	; (2000132c <add_alarm_under_lock+0x14c>)
20001230:	2168      	movs	r1, #104	; 0x68
20001232:	483f      	ldr	r0, [pc, #252]	; (20001330 <add_alarm_under_lock+0x150>)
20001234:	f001 fad4 	bl	200027e0 <__assert_func>
20001238:	4b3e      	ldr	r3, [pc, #248]	; (20001334 <add_alarm_under_lock+0x154>)
2000123a:	4a3f      	ldr	r2, [pc, #252]	; (20001338 <add_alarm_under_lock+0x158>)
2000123c:	2167      	movs	r1, #103	; 0x67
2000123e:	483f      	ldr	r0, [pc, #252]	; (2000133c <add_alarm_under_lock+0x15c>)
20001240:	f001 face 	bl	200027e0 <__assert_func>
20001244:	6803      	ldr	r3, [r0, #0]
20001246:	7b9c      	ldrb	r4, [r3, #14]
20001248:	2c00      	cmp	r4, #0
2000124a:	d0db      	beq.n	20001204 <add_alarm_under_lock+0x24>
2000124c:	d012      	beq.n	20001274 <add_alarm_under_lock+0x94>
2000124e:	7b1a      	ldrb	r2, [r3, #12]
20001250:	4294      	cmp	r4, r2
20001252:	d80f      	bhi.n	20001274 <add_alarm_under_lock+0x94>
20001254:	0062      	lsls	r2, r4, #1
20001256:	1912      	adds	r2, r2, r4
20001258:	3a03      	subs	r2, #3
2000125a:	6819      	ldr	r1, [r3, #0]
2000125c:	468c      	mov	ip, r1
2000125e:	4462      	add	r2, ip
20001260:	7851      	ldrb	r1, [r2, #1]
20001262:	7399      	strb	r1, [r3, #14]
20001264:	2900      	cmp	r1, #0
20001266:	d100      	bne.n	2000126a <add_alarm_under_lock+0x8a>
20001268:	73d9      	strb	r1, [r3, #15]
2000126a:	2300      	movs	r3, #0
2000126c:	7093      	strb	r3, [r2, #2]
2000126e:	7053      	strb	r3, [r2, #1]
20001270:	7013      	strb	r3, [r2, #0]
20001272:	e7c7      	b.n	20001204 <add_alarm_under_lock+0x24>
20001274:	4b2c      	ldr	r3, [pc, #176]	; (20001328 <add_alarm_under_lock+0x148>)
20001276:	4a2d      	ldr	r2, [pc, #180]	; (2000132c <add_alarm_under_lock+0x14c>)
20001278:	2168      	movs	r1, #104	; 0x68
2000127a:	482d      	ldr	r0, [pc, #180]	; (20001330 <add_alarm_under_lock+0x150>)
2000127c:	f001 fab0 	bl	200027e0 <__assert_func>
20001280:	2c00      	cmp	r4, #0
20001282:	d03a      	beq.n	200012fa <add_alarm_under_lock+0x11a>
20001284:	682b      	ldr	r3, [r5, #0]
20001286:	7b1b      	ldrb	r3, [r3, #12]
20001288:	429c      	cmp	r4, r3
2000128a:	d836      	bhi.n	200012fa <add_alarm_under_lock+0x11a>
2000128c:	4b2c      	ldr	r3, [pc, #176]	; (20001340 <add_alarm_under_lock+0x160>)
2000128e:	18e3      	adds	r3, r4, r3
20001290:	011b      	lsls	r3, r3, #4
20001292:	68aa      	ldr	r2, [r5, #8]
20001294:	4694      	mov	ip, r2
20001296:	4463      	add	r3, ip
20001298:	9a00      	ldr	r2, [sp, #0]
2000129a:	601a      	str	r2, [r3, #0]
2000129c:	9a01      	ldr	r2, [sp, #4]
2000129e:	605a      	str	r2, [r3, #4]
200012a0:	9a08      	ldr	r2, [sp, #32]
200012a2:	609a      	str	r2, [r3, #8]
200012a4:	9a09      	ldr	r2, [sp, #36]	; 0x24
200012a6:	60da      	str	r2, [r3, #12]
200012a8:	682e      	ldr	r6, [r5, #0]
200012aa:	2c00      	cmp	r4, #0
200012ac:	d02b      	beq.n	20001306 <add_alarm_under_lock+0x126>
200012ae:	d030      	beq.n	20001312 <add_alarm_under_lock+0x132>
200012b0:	7b33      	ldrb	r3, [r6, #12]
200012b2:	429c      	cmp	r4, r3
200012b4:	d82d      	bhi.n	20001312 <add_alarm_under_lock+0x132>
200012b6:	0063      	lsls	r3, r4, #1
200012b8:	191b      	adds	r3, r3, r4
200012ba:	3b03      	subs	r3, #3
200012bc:	6832      	ldr	r2, [r6, #0]
200012be:	4694      	mov	ip, r2
200012c0:	4463      	add	r3, ip
200012c2:	2200      	movs	r2, #0
200012c4:	709a      	strb	r2, [r3, #2]
200012c6:	705a      	strb	r2, [r3, #1]
200012c8:	701a      	strb	r2, [r3, #0]
200012ca:	7b71      	ldrb	r1, [r6, #13]
200012cc:	0022      	movs	r2, r4
200012ce:	0030      	movs	r0, r6
200012d0:	f7ff ff66 	bl	200011a0 <ph_merge_nodes>
200012d4:	7370      	strb	r0, [r6, #13]
200012d6:	4284      	cmp	r4, r0
200012d8:	d000      	beq.n	200012dc <add_alarm_under_lock+0xfc>
200012da:	e795      	b.n	20001208 <add_alarm_under_lock+0x28>
200012dc:	7d28      	ldrb	r0, [r5, #20]
200012de:	9a00      	ldr	r2, [sp, #0]
200012e0:	9b01      	ldr	r3, [sp, #4]
200012e2:	f000 fd25 	bl	20001d30 <hardware_alarm_set_target>
200012e6:	1e06      	subs	r6, r0, #0
200012e8:	d001      	beq.n	200012ee <add_alarm_under_lock+0x10e>
200012ea:	2f00      	cmp	r7, #0
200012ec:	d017      	beq.n	2000131e <add_alarm_under_lock+0x13e>
200012ee:	9b0c      	ldr	r3, [sp, #48]	; 0x30
200012f0:	2b00      	cmp	r3, #0
200012f2:	d100      	bne.n	200012f6 <add_alarm_under_lock+0x116>
200012f4:	e788      	b.n	20001208 <add_alarm_under_lock+0x28>
200012f6:	701e      	strb	r6, [r3, #0]
200012f8:	e786      	b.n	20001208 <add_alarm_under_lock+0x28>
200012fa:	4b12      	ldr	r3, [pc, #72]	; (20001344 <add_alarm_under_lock+0x164>)
200012fc:	4a12      	ldr	r2, [pc, #72]	; (20001348 <add_alarm_under_lock+0x168>)
200012fe:	213c      	movs	r1, #60	; 0x3c
20001300:	480e      	ldr	r0, [pc, #56]	; (2000133c <add_alarm_under_lock+0x15c>)
20001302:	f001 fa6d 	bl	200027e0 <__assert_func>
20001306:	4b11      	ldr	r3, [pc, #68]	; (2000134c <add_alarm_under_lock+0x16c>)
20001308:	4a11      	ldr	r2, [pc, #68]	; (20001350 <add_alarm_under_lock+0x170>)
2000130a:	21a5      	movs	r1, #165	; 0xa5
2000130c:	4808      	ldr	r0, [pc, #32]	; (20001330 <add_alarm_under_lock+0x150>)
2000130e:	f001 fa67 	bl	200027e0 <__assert_func>
20001312:	4b05      	ldr	r3, [pc, #20]	; (20001328 <add_alarm_under_lock+0x148>)
20001314:	4a05      	ldr	r2, [pc, #20]	; (2000132c <add_alarm_under_lock+0x14c>)
20001316:	2168      	movs	r1, #104	; 0x68
20001318:	4805      	ldr	r0, [pc, #20]	; (20001330 <add_alarm_under_lock+0x150>)
2000131a:	f001 fa61 	bl	200027e0 <__assert_func>
2000131e:	6828      	ldr	r0, [r5, #0]
20001320:	0021      	movs	r1, r4
20001322:	f000 ff3d 	bl	200021a0 <ph_remove_and_free_node>
20001326:	e7e2      	b.n	200012ee <add_alarm_under_lock+0x10e>
20001328:	20005a4c 	.word	0x20005a4c
2000132c:	20005cf4 	.word	0x20005cf4
20001330:	20005a68 	.word	0x20005a68
20001334:	20005ae0 	.word	0x20005ae0
20001338:	20005d00 	.word	0x20005d00
2000133c:	200059f4 	.word	0x200059f4
20001340:	0fffffff 	.word	0x0fffffff
20001344:	20005a28 	.word	0x20005a28
20001348:	20005c88 	.word	0x20005c88
2000134c:	200059f0 	.word	0x200059f0
20001350:	20005ce4 	.word	0x20005ce4

20001354 <alarm_pool_alarm_callback>:
20001354:	b5f0      	push	{r4, r5, r6, r7, lr}
20001356:	46de      	mov	lr, fp
20001358:	4657      	mov	r7, sl
2000135a:	464e      	mov	r6, r9
2000135c:	4645      	mov	r5, r8
2000135e:	b5e0      	push	{r5, r6, r7, lr}
20001360:	b08b      	sub	sp, #44	; 0x2c
20001362:	9009      	str	r0, [sp, #36]	; 0x24
20001364:	2300      	movs	r3, #0
20001366:	9308      	str	r3, [sp, #32]
20001368:	0082      	lsls	r2, r0, #2
2000136a:	4bb5      	ldr	r3, [pc, #724]	; (20001640 <alarm_pool_alarm_callback+0x2ec>)
2000136c:	58d6      	ldr	r6, [r2, r3]
2000136e:	0037      	movs	r7, r6
20001370:	e052      	b.n	20001418 <alarm_pool_alarm_callback+0xc4>
20001372:	4bb4      	ldr	r3, [pc, #720]	; (20001644 <alarm_pool_alarm_callback+0x2f0>)
20001374:	4ab4      	ldr	r2, [pc, #720]	; (20001648 <alarm_pool_alarm_callback+0x2f4>)
20001376:	213f      	movs	r1, #63	; 0x3f
20001378:	48b4      	ldr	r0, [pc, #720]	; (2000164c <alarm_pool_alarm_callback+0x2f8>)
2000137a:	f001 fa31 	bl	200027e0 <__assert_func>
2000137e:	4bb4      	ldr	r3, [pc, #720]	; (20001650 <alarm_pool_alarm_callback+0x2fc>)
20001380:	4ab4      	ldr	r2, [pc, #720]	; (20001654 <alarm_pool_alarm_callback+0x300>)
20001382:	213c      	movs	r1, #60	; 0x3c
20001384:	48b4      	ldr	r0, [pc, #720]	; (20001658 <alarm_pool_alarm_callback+0x304>)
20001386:	f001 fa2b 	bl	200027e0 <__assert_func>
2000138a:	2900      	cmp	r1, #0
2000138c:	d101      	bne.n	20001392 <alarm_pool_alarm_callback+0x3e>
2000138e:	2800      	cmp	r0, #0
20001390:	d169      	bne.n	20001466 <alarm_pool_alarm_callback+0x112>
20001392:	2100      	movs	r1, #0
20001394:	4640      	mov	r0, r8
20001396:	f000 fef9 	bl	2000218c <ph_remove_head>
2000139a:	42a0      	cmp	r0, r4
2000139c:	d119      	bne.n	200013d2 <alarm_pool_alarm_callback+0x7e>
2000139e:	682a      	ldr	r2, [r5, #0]
200013a0:	686b      	ldr	r3, [r5, #4]
200013a2:	9206      	str	r2, [sp, #24]
200013a4:	9307      	str	r3, [sp, #28]
200013a6:	68ab      	ldr	r3, [r5, #8]
200013a8:	4698      	mov	r8, r3
200013aa:	68eb      	ldr	r3, [r5, #12]
200013ac:	469a      	mov	sl, r3
200013ae:	4643      	mov	r3, r8
200013b0:	2b00      	cmp	r3, #0
200013b2:	d014      	beq.n	200013de <alarm_pool_alarm_callback+0x8a>
200013b4:	2c00      	cmp	r4, #0
200013b6:	d018      	beq.n	200013ea <alarm_pool_alarm_callback+0x96>
200013b8:	683b      	ldr	r3, [r7, #0]
200013ba:	7b1b      	ldrb	r3, [r3, #12]
200013bc:	429c      	cmp	r4, r3
200013be:	d814      	bhi.n	200013ea <alarm_pool_alarm_callback+0x96>
200013c0:	1e63      	subs	r3, r4, #1
200013c2:	68fa      	ldr	r2, [r7, #12]
200013c4:	5cd3      	ldrb	r3, [r2, r3]
200013c6:	9308      	str	r3, [sp, #32]
200013c8:	021b      	lsls	r3, r3, #8
200013ca:	4318      	orrs	r0, r3
200013cc:	6138      	str	r0, [r7, #16]
200013ce:	2000      	movs	r0, #0
200013d0:	e015      	b.n	200013fe <alarm_pool_alarm_callback+0xaa>
200013d2:	4ba2      	ldr	r3, [pc, #648]	; (2000165c <alarm_pool_alarm_callback+0x308>)
200013d4:	4aa2      	ldr	r2, [pc, #648]	; (20001660 <alarm_pool_alarm_callback+0x30c>)
200013d6:	218e      	movs	r1, #142	; 0x8e
200013d8:	489f      	ldr	r0, [pc, #636]	; (20001658 <alarm_pool_alarm_callback+0x304>)
200013da:	f001 fa01 	bl	200027e0 <__assert_func>
200013de:	4ba1      	ldr	r3, [pc, #644]	; (20001664 <alarm_pool_alarm_callback+0x310>)
200013e0:	4a9f      	ldr	r2, [pc, #636]	; (20001660 <alarm_pool_alarm_callback+0x30c>)
200013e2:	2192      	movs	r1, #146	; 0x92
200013e4:	489c      	ldr	r0, [pc, #624]	; (20001658 <alarm_pool_alarm_callback+0x304>)
200013e6:	f001 f9fb 	bl	200027e0 <__assert_func>
200013ea:	4b99      	ldr	r3, [pc, #612]	; (20001650 <alarm_pool_alarm_callback+0x2fc>)
200013ec:	4a9e      	ldr	r2, [pc, #632]	; (20001668 <alarm_pool_alarm_callback+0x314>)
200013ee:	2141      	movs	r1, #65	; 0x41
200013f0:	4899      	ldr	r0, [pc, #612]	; (20001658 <alarm_pool_alarm_callback+0x304>)
200013f2:	f001 f9f5 	bl	200027e0 <__assert_func>
200013f6:	2300      	movs	r3, #0
200013f8:	469a      	mov	sl, r3
200013fa:	4698      	mov	r8, r3
200013fc:	2000      	movs	r0, #0
200013fe:	687b      	ldr	r3, [r7, #4]
20001400:	f3bf 8f5f 	dmb	sy
20001404:	2200      	movs	r2, #0
20001406:	601a      	str	r2, [r3, #0]
20001408:	f386 8810 	msr	PRIMASK, r6
2000140c:	4643      	mov	r3, r8
2000140e:	2b00      	cmp	r3, #0
20001410:	d132      	bne.n	20001478 <alarm_pool_alarm_callback+0x124>
20001412:	2800      	cmp	r0, #0
20001414:	d100      	bne.n	20001418 <alarm_pool_alarm_callback+0xc4>
20001416:	e10c      	b.n	20001632 <alarm_pool_alarm_callback+0x2de>
20001418:	f000 fbfe 	bl	20001c18 <time_us_64>
2000141c:	0002      	movs	r2, r0
2000141e:	1e0b      	subs	r3, r1, #0
20001420:	dba7      	blt.n	20001372 <alarm_pool_alarm_callback+0x1e>
20001422:	2000      	movs	r0, #0
20001424:	2100      	movs	r1, #0
20001426:	9006      	str	r0, [sp, #24]
20001428:	9107      	str	r1, [sp, #28]
2000142a:	6878      	ldr	r0, [r7, #4]
2000142c:	f3ef 8610 	mrs	r6, PRIMASK
20001430:	b672      	cpsid	i
20001432:	6801      	ldr	r1, [r0, #0]
20001434:	2900      	cmp	r1, #0
20001436:	d0fc      	beq.n	20001432 <alarm_pool_alarm_callback+0xde>
20001438:	f3bf 8f5f 	dmb	sy
2000143c:	6839      	ldr	r1, [r7, #0]
2000143e:	4688      	mov	r8, r1
20001440:	7b4c      	ldrb	r4, [r1, #13]
20001442:	2c00      	cmp	r4, #0
20001444:	d0d7      	beq.n	200013f6 <alarm_pool_alarm_callback+0xa2>
20001446:	d09a      	beq.n	2000137e <alarm_pool_alarm_callback+0x2a>
20001448:	7b09      	ldrb	r1, [r1, #12]
2000144a:	428c      	cmp	r4, r1
2000144c:	d897      	bhi.n	2000137e <alarm_pool_alarm_callback+0x2a>
2000144e:	4987      	ldr	r1, [pc, #540]	; (2000166c <alarm_pool_alarm_callback+0x318>)
20001450:	1865      	adds	r5, r4, r1
20001452:	012d      	lsls	r5, r5, #4
20001454:	68b9      	ldr	r1, [r7, #8]
20001456:	468c      	mov	ip, r1
20001458:	4465      	add	r5, ip
2000145a:	6828      	ldr	r0, [r5, #0]
2000145c:	6869      	ldr	r1, [r5, #4]
2000145e:	1a80      	subs	r0, r0, r2
20001460:	4199      	sbcs	r1, r3
20001462:	2900      	cmp	r1, #0
20001464:	dd91      	ble.n	2000138a <alarm_pool_alarm_callback+0x36>
20001466:	682a      	ldr	r2, [r5, #0]
20001468:	686b      	ldr	r3, [r5, #4]
2000146a:	9809      	ldr	r0, [sp, #36]	; 0x24
2000146c:	f000 fc60 	bl	20001d30 <hardware_alarm_set_target>
20001470:	2300      	movs	r3, #0
20001472:	469a      	mov	sl, r3
20001474:	4698      	mov	r8, r3
20001476:	e7c2      	b.n	200013fe <alarm_pool_alarm_callback+0xaa>
20001478:	9b08      	ldr	r3, [sp, #32]
2000147a:	021b      	lsls	r3, r3, #8
2000147c:	4323      	orrs	r3, r4
2000147e:	4699      	mov	r9, r3
20001480:	4651      	mov	r1, sl
20001482:	0018      	movs	r0, r3
20001484:	47c0      	blx	r8
20001486:	0005      	movs	r5, r0
20001488:	000e      	movs	r6, r1
2000148a:	687a      	ldr	r2, [r7, #4]
2000148c:	f3ef 8b10 	mrs	fp, PRIMASK
20001490:	b672      	cpsid	i
20001492:	6813      	ldr	r3, [r2, #0]
20001494:	4259      	negs	r1, r3
20001496:	414b      	adcs	r3, r1
20001498:	b2d9      	uxtb	r1, r3
2000149a:	2b00      	cmp	r3, #0
2000149c:	d1f9      	bne.n	20001492 <alarm_pool_alarm_callback+0x13e>
2000149e:	f3bf 8f5f 	dmb	sy
200014a2:	2e00      	cmp	r6, #0
200014a4:	db1e      	blt.n	200014e4 <alarm_pool_alarm_callback+0x190>
200014a6:	2e00      	cmp	r6, #0
200014a8:	dd46      	ble.n	20001538 <alarm_pool_alarm_callback+0x1e4>
200014aa:	693b      	ldr	r3, [r7, #16]
200014ac:	2b00      	cmp	r3, #0
200014ae:	d047      	beq.n	20001540 <alarm_pool_alarm_callback+0x1ec>
200014b0:	454b      	cmp	r3, r9
200014b2:	d16d      	bne.n	20001590 <alarm_pool_alarm_callback+0x23c>
200014b4:	f000 fbb0 	bl	20001c18 <time_us_64>
200014b8:	0002      	movs	r2, r0
200014ba:	1e0b      	subs	r3, r1, #0
200014bc:	db6e      	blt.n	2000159c <alarm_pool_alarm_callback+0x248>
200014be:	1952      	adds	r2, r2, r5
200014c0:	4173      	adcs	r3, r6
200014c2:	2b00      	cmp	r3, #0
200014c4:	db70      	blt.n	200015a8 <alarm_pool_alarm_callback+0x254>
200014c6:	2b00      	cmp	r3, #0
200014c8:	db72      	blt.n	200015b0 <alarm_pool_alarm_callback+0x25c>
200014ca:	2100      	movs	r1, #0
200014cc:	9104      	str	r1, [sp, #16]
200014ce:	3101      	adds	r1, #1
200014d0:	9103      	str	r1, [sp, #12]
200014d2:	9402      	str	r4, [sp, #8]
200014d4:	4651      	mov	r1, sl
200014d6:	9101      	str	r1, [sp, #4]
200014d8:	4641      	mov	r1, r8
200014da:	9100      	str	r1, [sp, #0]
200014dc:	0038      	movs	r0, r7
200014de:	f7ff fe7f 	bl	200011e0 <add_alarm_under_lock>
200014e2:	e04c      	b.n	2000157e <alarm_pool_alarm_callback+0x22a>
200014e4:	693b      	ldr	r3, [r7, #16]
200014e6:	2b00      	cmp	r3, #0
200014e8:	d0dd      	beq.n	200014a6 <alarm_pool_alarm_callback+0x152>
200014ea:	454b      	cmp	r3, r9
200014ec:	d114      	bne.n	20001518 <alarm_pool_alarm_callback+0x1c4>
200014ee:	9a06      	ldr	r2, [sp, #24]
200014f0:	9b07      	ldr	r3, [sp, #28]
200014f2:	1b52      	subs	r2, r2, r5
200014f4:	41b3      	sbcs	r3, r6
200014f6:	2b00      	cmp	r3, #0
200014f8:	db14      	blt.n	20001524 <alarm_pool_alarm_callback+0x1d0>
200014fa:	2b00      	cmp	r3, #0
200014fc:	db16      	blt.n	2000152c <alarm_pool_alarm_callback+0x1d8>
200014fe:	2100      	movs	r1, #0
20001500:	9104      	str	r1, [sp, #16]
20001502:	3101      	adds	r1, #1
20001504:	9103      	str	r1, [sp, #12]
20001506:	9402      	str	r4, [sp, #8]
20001508:	4651      	mov	r1, sl
2000150a:	9101      	str	r1, [sp, #4]
2000150c:	4641      	mov	r1, r8
2000150e:	9100      	str	r1, [sp, #0]
20001510:	0038      	movs	r0, r7
20001512:	f7ff fe65 	bl	200011e0 <add_alarm_under_lock>
20001516:	e032      	b.n	2000157e <alarm_pool_alarm_callback+0x22a>
20001518:	4b55      	ldr	r3, [pc, #340]	; (20001670 <alarm_pool_alarm_callback+0x31c>)
2000151a:	4a51      	ldr	r2, [pc, #324]	; (20001660 <alarm_pool_alarm_callback+0x30c>)
2000151c:	21a1      	movs	r1, #161	; 0xa1
2000151e:	484e      	ldr	r0, [pc, #312]	; (20001658 <alarm_pool_alarm_callback+0x304>)
20001520:	f001 f95e 	bl	200027e0 <__assert_func>
20001524:	2201      	movs	r2, #1
20001526:	4252      	negs	r2, r2
20001528:	4b52      	ldr	r3, [pc, #328]	; (20001674 <alarm_pool_alarm_callback+0x320>)
2000152a:	e7e6      	b.n	200014fa <alarm_pool_alarm_callback+0x1a6>
2000152c:	4b45      	ldr	r3, [pc, #276]	; (20001644 <alarm_pool_alarm_callback+0x2f0>)
2000152e:	4a46      	ldr	r2, [pc, #280]	; (20001648 <alarm_pool_alarm_callback+0x2f4>)
20001530:	213f      	movs	r1, #63	; 0x3f
20001532:	4846      	ldr	r0, [pc, #280]	; (2000164c <alarm_pool_alarm_callback+0x2f8>)
20001534:	f001 f954 	bl	200027e0 <__assert_func>
20001538:	2e00      	cmp	r6, #0
2000153a:	d101      	bne.n	20001540 <alarm_pool_alarm_callback+0x1ec>
2000153c:	2d00      	cmp	r5, #0
2000153e:	d1b4      	bne.n	200014aa <alarm_pool_alarm_callback+0x156>
20001540:	683b      	ldr	r3, [r7, #0]
20001542:	2c00      	cmp	r4, #0
20001544:	d050      	beq.n	200015e8 <alarm_pool_alarm_callback+0x294>
20001546:	7b5a      	ldrb	r2, [r3, #13]
20001548:	4294      	cmp	r4, r2
2000154a:	d137      	bne.n	200015bc <alarm_pool_alarm_callback+0x268>
2000154c:	2101      	movs	r1, #1
2000154e:	2900      	cmp	r1, #0
20001550:	d14a      	bne.n	200015e8 <alarm_pool_alarm_callback+0x294>
20001552:	7bda      	ldrb	r2, [r3, #15]
20001554:	2a00      	cmp	r2, #0
20001556:	d14d      	bne.n	200015f4 <alarm_pool_alarm_callback+0x2a0>
20001558:	7b9a      	ldrb	r2, [r3, #14]
2000155a:	2a00      	cmp	r2, #0
2000155c:	d103      	bne.n	20001566 <alarm_pool_alarm_callback+0x212>
2000155e:	7bda      	ldrb	r2, [r3, #15]
20001560:	2a00      	cmp	r2, #0
20001562:	d15a      	bne.n	2000161a <alarm_pool_alarm_callback+0x2c6>
20001564:	739c      	strb	r4, [r3, #14]
20001566:	73dc      	strb	r4, [r3, #15]
20001568:	2c00      	cmp	r4, #0
2000156a:	d05c      	beq.n	20001626 <alarm_pool_alarm_callback+0x2d2>
2000156c:	683b      	ldr	r3, [r7, #0]
2000156e:	7b1b      	ldrb	r3, [r3, #12]
20001570:	429c      	cmp	r4, r3
20001572:	d858      	bhi.n	20001626 <alarm_pool_alarm_callback+0x2d2>
20001574:	68fa      	ldr	r2, [r7, #12]
20001576:	3c01      	subs	r4, #1
20001578:	5d13      	ldrb	r3, [r2, r4]
2000157a:	3301      	adds	r3, #1
2000157c:	5513      	strb	r3, [r2, r4]
2000157e:	2300      	movs	r3, #0
20001580:	613b      	str	r3, [r7, #16]
20001582:	687a      	ldr	r2, [r7, #4]
20001584:	f3bf 8f5f 	dmb	sy
20001588:	6013      	str	r3, [r2, #0]
2000158a:	f38b 8810 	msr	PRIMASK, fp
2000158e:	e743      	b.n	20001418 <alarm_pool_alarm_callback+0xc4>
20001590:	4b37      	ldr	r3, [pc, #220]	; (20001670 <alarm_pool_alarm_callback+0x31c>)
20001592:	4a33      	ldr	r2, [pc, #204]	; (20001660 <alarm_pool_alarm_callback+0x30c>)
20001594:	21a4      	movs	r1, #164	; 0xa4
20001596:	4830      	ldr	r0, [pc, #192]	; (20001658 <alarm_pool_alarm_callback+0x304>)
20001598:	f001 f922 	bl	200027e0 <__assert_func>
2000159c:	4b29      	ldr	r3, [pc, #164]	; (20001644 <alarm_pool_alarm_callback+0x2f0>)
2000159e:	4a2a      	ldr	r2, [pc, #168]	; (20001648 <alarm_pool_alarm_callback+0x2f4>)
200015a0:	213f      	movs	r1, #63	; 0x3f
200015a2:	482a      	ldr	r0, [pc, #168]	; (2000164c <alarm_pool_alarm_callback+0x2f8>)
200015a4:	f001 f91c 	bl	200027e0 <__assert_func>
200015a8:	2201      	movs	r2, #1
200015aa:	4252      	negs	r2, r2
200015ac:	4b31      	ldr	r3, [pc, #196]	; (20001674 <alarm_pool_alarm_callback+0x320>)
200015ae:	e78a      	b.n	200014c6 <alarm_pool_alarm_callback+0x172>
200015b0:	4b24      	ldr	r3, [pc, #144]	; (20001644 <alarm_pool_alarm_callback+0x2f0>)
200015b2:	4a25      	ldr	r2, [pc, #148]	; (20001648 <alarm_pool_alarm_callback+0x2f4>)
200015b4:	213f      	movs	r1, #63	; 0x3f
200015b6:	4825      	ldr	r0, [pc, #148]	; (2000164c <alarm_pool_alarm_callback+0x2f8>)
200015b8:	f001 f912 	bl	200027e0 <__assert_func>
200015bc:	2c00      	cmp	r4, #0
200015be:	d00d      	beq.n	200015dc <alarm_pool_alarm_callback+0x288>
200015c0:	7b1a      	ldrb	r2, [r3, #12]
200015c2:	4294      	cmp	r4, r2
200015c4:	d80a      	bhi.n	200015dc <alarm_pool_alarm_callback+0x288>
200015c6:	0062      	lsls	r2, r4, #1
200015c8:	1912      	adds	r2, r2, r4
200015ca:	3a03      	subs	r2, #3
200015cc:	6818      	ldr	r0, [r3, #0]
200015ce:	4684      	mov	ip, r0
200015d0:	4462      	add	r2, ip
200015d2:	7892      	ldrb	r2, [r2, #2]
200015d4:	2a00      	cmp	r2, #0
200015d6:	d0ba      	beq.n	2000154e <alarm_pool_alarm_callback+0x1fa>
200015d8:	2101      	movs	r1, #1
200015da:	e7b8      	b.n	2000154e <alarm_pool_alarm_callback+0x1fa>
200015dc:	4b26      	ldr	r3, [pc, #152]	; (20001678 <alarm_pool_alarm_callback+0x324>)
200015de:	4a27      	ldr	r2, [pc, #156]	; (2000167c <alarm_pool_alarm_callback+0x328>)
200015e0:	2168      	movs	r1, #104	; 0x68
200015e2:	4827      	ldr	r0, [pc, #156]	; (20001680 <alarm_pool_alarm_callback+0x32c>)
200015e4:	f001 f8fc 	bl	200027e0 <__assert_func>
200015e8:	4b26      	ldr	r3, [pc, #152]	; (20001684 <alarm_pool_alarm_callback+0x330>)
200015ea:	4a27      	ldr	r2, [pc, #156]	; (20001688 <alarm_pool_alarm_callback+0x334>)
200015ec:	21f6      	movs	r1, #246	; 0xf6
200015ee:	4824      	ldr	r0, [pc, #144]	; (20001680 <alarm_pool_alarm_callback+0x32c>)
200015f0:	f001 f8f6 	bl	200027e0 <__assert_func>
200015f4:	2a00      	cmp	r2, #0
200015f6:	d00a      	beq.n	2000160e <alarm_pool_alarm_callback+0x2ba>
200015f8:	7b19      	ldrb	r1, [r3, #12]
200015fa:	428a      	cmp	r2, r1
200015fc:	d807      	bhi.n	2000160e <alarm_pool_alarm_callback+0x2ba>
200015fe:	0051      	lsls	r1, r2, #1
20001600:	188a      	adds	r2, r1, r2
20001602:	3a03      	subs	r2, #3
20001604:	6819      	ldr	r1, [r3, #0]
20001606:	468c      	mov	ip, r1
20001608:	4462      	add	r2, ip
2000160a:	7054      	strb	r4, [r2, #1]
2000160c:	e7a4      	b.n	20001558 <alarm_pool_alarm_callback+0x204>
2000160e:	4b1a      	ldr	r3, [pc, #104]	; (20001678 <alarm_pool_alarm_callback+0x324>)
20001610:	4a1a      	ldr	r2, [pc, #104]	; (2000167c <alarm_pool_alarm_callback+0x328>)
20001612:	2168      	movs	r1, #104	; 0x68
20001614:	481a      	ldr	r0, [pc, #104]	; (20001680 <alarm_pool_alarm_callback+0x32c>)
20001616:	f001 f8e3 	bl	200027e0 <__assert_func>
2000161a:	4b1c      	ldr	r3, [pc, #112]	; (2000168c <alarm_pool_alarm_callback+0x338>)
2000161c:	4a1a      	ldr	r2, [pc, #104]	; (20001688 <alarm_pool_alarm_callback+0x334>)
2000161e:	21fb      	movs	r1, #251	; 0xfb
20001620:	4817      	ldr	r0, [pc, #92]	; (20001680 <alarm_pool_alarm_callback+0x32c>)
20001622:	f001 f8dd 	bl	200027e0 <__assert_func>
20001626:	4b0a      	ldr	r3, [pc, #40]	; (20001650 <alarm_pool_alarm_callback+0x2fc>)
20001628:	4a0f      	ldr	r2, [pc, #60]	; (20001668 <alarm_pool_alarm_callback+0x314>)
2000162a:	2141      	movs	r1, #65	; 0x41
2000162c:	480a      	ldr	r0, [pc, #40]	; (20001658 <alarm_pool_alarm_callback+0x304>)
2000162e:	f001 f8d7 	bl	200027e0 <__assert_func>
20001632:	b00b      	add	sp, #44	; 0x2c
20001634:	bcf0      	pop	{r4, r5, r6, r7}
20001636:	46bb      	mov	fp, r7
20001638:	46b2      	mov	sl, r6
2000163a:	46a9      	mov	r9, r5
2000163c:	46a0      	mov	r8, r4
2000163e:	bdf0      	pop	{r4, r5, r6, r7, pc}
20001640:	20006b8c 	.word	0x20006b8c
20001644:	20005924 	.word	0x20005924
20001648:	20005c54 	.word	0x20005c54
2000164c:	20005940 	.word	0x20005940
20001650:	20005a28 	.word	0x20005a28
20001654:	20005c88 	.word	0x20005c88
20001658:	200059f4 	.word	0x200059f4
2000165c:	20005b08 	.word	0x20005b08
20001660:	20005c6c 	.word	0x20005c6c
20001664:	20005b20 	.word	0x20005b20
20001668:	20005cac 	.word	0x20005cac
2000166c:	0fffffff 	.word	0x0fffffff
20001670:	20005b2c 	.word	0x20005b2c
20001674:	7fffffff 	.word	0x7fffffff
20001678:	20005a4c 	.word	0x20005a4c
2000167c:	20005cf4 	.word	0x20005cf4
20001680:	20005a68 	.word	0x20005a68
20001684:	20005b68 	.word	0x20005b68
20001688:	20005cc0 	.word	0x20005cc0
2000168c:	20005b8c 	.word	0x20005b8c

20001690 <alarm_pool_init_default>:
20001690:	b510      	push	{r4, lr}
20001692:	4b0c      	ldr	r3, [pc, #48]	; (200016c4 <alarm_pool_init_default+0x34>)
20001694:	685b      	ldr	r3, [r3, #4]
20001696:	2b00      	cmp	r3, #0
20001698:	d004      	beq.n	200016a4 <alarm_pool_init_default+0x14>
2000169a:	210a      	movs	r1, #10
2000169c:	480a      	ldr	r0, [pc, #40]	; (200016c8 <alarm_pool_init_default+0x38>)
2000169e:	f7ff fc93 	bl	20000fc8 <lock_init>
200016a2:	bd10      	pop	{r4, pc}
200016a4:	4c07      	ldr	r4, [pc, #28]	; (200016c4 <alarm_pool_init_default+0x34>)
200016a6:	0023      	movs	r3, r4
200016a8:	4a08      	ldr	r2, [pc, #32]	; (200016cc <alarm_pool_init_default+0x3c>)
200016aa:	2110      	movs	r1, #16
200016ac:	6820      	ldr	r0, [r4, #0]
200016ae:	f000 fc7d 	bl	20001fac <ph_post_alloc_init>
200016b2:	2003      	movs	r0, #3
200016b4:	f000 faa4 	bl	20001c00 <hardware_alarm_claim>
200016b8:	2103      	movs	r1, #3
200016ba:	0020      	movs	r0, r4
200016bc:	f7ff fca8 	bl	20001010 <alarm_pool_post_alloc_init>
200016c0:	e7eb      	b.n	2000169a <alarm_pool_init_default+0xa>
200016c2:	46c0      	nop			; (mov r8, r8)
200016c4:	200067e8 	.word	0x200067e8
200016c8:	20006da8 	.word	0x20006da8
200016cc:	20001081 	.word	0x20001081

200016d0 <alarm_pool_get_default>:
200016d0:	b510      	push	{r4, lr}
200016d2:	4b06      	ldr	r3, [pc, #24]	; (200016ec <alarm_pool_get_default+0x1c>)
200016d4:	685b      	ldr	r3, [r3, #4]
200016d6:	2b00      	cmp	r3, #0
200016d8:	d001      	beq.n	200016de <alarm_pool_get_default+0xe>
200016da:	4804      	ldr	r0, [pc, #16]	; (200016ec <alarm_pool_get_default+0x1c>)
200016dc:	bd10      	pop	{r4, pc}
200016de:	4b04      	ldr	r3, [pc, #16]	; (200016f0 <alarm_pool_get_default+0x20>)
200016e0:	4a04      	ldr	r2, [pc, #16]	; (200016f4 <alarm_pool_get_default+0x24>)
200016e2:	215e      	movs	r1, #94	; 0x5e
200016e4:	4804      	ldr	r0, [pc, #16]	; (200016f8 <alarm_pool_get_default+0x28>)
200016e6:	f001 f87b 	bl	200027e0 <__assert_func>
200016ea:	46c0      	nop			; (mov r8, r8)
200016ec:	200067e8 	.word	0x200067e8
200016f0:	20005ba0 	.word	0x20005ba0
200016f4:	20005c94 	.word	0x20005c94
200016f8:	200059f4 	.word	0x200059f4

200016fc <alarm_pool_add_alarm_at>:
200016fc:	b5f0      	push	{r4, r5, r6, r7, lr}
200016fe:	46de      	mov	lr, fp
20001700:	4657      	mov	r7, sl
20001702:	464e      	mov	r6, r9
20001704:	4645      	mov	r5, r8
20001706:	b5e0      	push	{r5, r6, r7, lr}
20001708:	b08b      	sub	sp, #44	; 0x2c
2000170a:	4680      	mov	r8, r0
2000170c:	0016      	movs	r6, r2
2000170e:	001f      	movs	r7, r3
20001710:	9b14      	ldr	r3, [sp, #80]	; 0x50
20001712:	469a      	mov	sl, r3
20001714:	9b15      	ldr	r3, [sp, #84]	; 0x54
20001716:	4699      	mov	r9, r3
20001718:	ab16      	add	r3, sp, #88	; 0x58
2000171a:	781b      	ldrb	r3, [r3, #0]
2000171c:	469b      	mov	fp, r3
2000171e:	231f      	movs	r3, #31
20001720:	aa02      	add	r2, sp, #8
20001722:	4694      	mov	ip, r2
20001724:	4463      	add	r3, ip
20001726:	2200      	movs	r2, #0
20001728:	701a      	strb	r2, [r3, #0]
2000172a:	e02b      	b.n	20001784 <alarm_pool_add_alarm_at+0x88>
2000172c:	2800      	cmp	r0, #0
2000172e:	d009      	beq.n	20001744 <alarm_pool_add_alarm_at+0x48>
20001730:	4642      	mov	r2, r8
20001732:	6812      	ldr	r2, [r2, #0]
20001734:	7b12      	ldrb	r2, [r2, #12]
20001736:	4290      	cmp	r0, r2
20001738:	d804      	bhi.n	20001744 <alarm_pool_add_alarm_at+0x48>
2000173a:	1e42      	subs	r2, r0, #1
2000173c:	4641      	mov	r1, r8
2000173e:	68c9      	ldr	r1, [r1, #12]
20001740:	5c8a      	ldrb	r2, [r1, r2]
20001742:	e041      	b.n	200017c8 <alarm_pool_add_alarm_at+0xcc>
20001744:	4b40      	ldr	r3, [pc, #256]	; (20001848 <alarm_pool_add_alarm_at+0x14c>)
20001746:	4a41      	ldr	r2, [pc, #260]	; (2000184c <alarm_pool_add_alarm_at+0x150>)
20001748:	2141      	movs	r1, #65	; 0x41
2000174a:	4841      	ldr	r0, [pc, #260]	; (20001850 <alarm_pool_add_alarm_at+0x154>)
2000174c:	f001 f848 	bl	200027e0 <__assert_func>
20001750:	9807      	ldr	r0, [sp, #28]
20001752:	e04c      	b.n	200017ee <alarm_pool_add_alarm_at+0xf2>
20001754:	1b36      	subs	r6, r6, r4
20001756:	41af      	sbcs	r7, r5
20001758:	2f00      	cmp	r7, #0
2000175a:	db07      	blt.n	2000176c <alarm_pool_add_alarm_at+0x70>
2000175c:	2f00      	cmp	r7, #0
2000175e:	da11      	bge.n	20001784 <alarm_pool_add_alarm_at+0x88>
20001760:	4b3c      	ldr	r3, [pc, #240]	; (20001854 <alarm_pool_add_alarm_at+0x158>)
20001762:	4a3d      	ldr	r2, [pc, #244]	; (20001858 <alarm_pool_add_alarm_at+0x15c>)
20001764:	213f      	movs	r1, #63	; 0x3f
20001766:	483d      	ldr	r0, [pc, #244]	; (2000185c <alarm_pool_add_alarm_at+0x160>)
20001768:	f001 f83a 	bl	200027e0 <__assert_func>
2000176c:	2601      	movs	r6, #1
2000176e:	4276      	negs	r6, r6
20001770:	4f3b      	ldr	r7, [pc, #236]	; (20001860 <alarm_pool_add_alarm_at+0x164>)
20001772:	e7f3      	b.n	2000175c <alarm_pool_add_alarm_at+0x60>
20001774:	4b37      	ldr	r3, [pc, #220]	; (20001854 <alarm_pool_add_alarm_at+0x158>)
20001776:	4a38      	ldr	r2, [pc, #224]	; (20001858 <alarm_pool_add_alarm_at+0x15c>)
20001778:	213f      	movs	r1, #63	; 0x3f
2000177a:	4838      	ldr	r0, [pc, #224]	; (2000185c <alarm_pool_add_alarm_at+0x160>)
2000177c:	f001 f830 	bl	200027e0 <__assert_func>
20001780:	2f00      	cmp	r7, #0
20001782:	db4f      	blt.n	20001824 <alarm_pool_add_alarm_at+0x128>
20001784:	4643      	mov	r3, r8
20001786:	685a      	ldr	r2, [r3, #4]
20001788:	f3ef 8410 	mrs	r4, PRIMASK
2000178c:	b672      	cpsid	i
2000178e:	6813      	ldr	r3, [r2, #0]
20001790:	4259      	negs	r1, r3
20001792:	414b      	adcs	r3, r1
20001794:	b2d9      	uxtb	r1, r3
20001796:	9107      	str	r1, [sp, #28]
20001798:	2b00      	cmp	r3, #0
2000179a:	d1f8      	bne.n	2000178e <alarm_pool_add_alarm_at+0x92>
2000179c:	f3bf 8f5f 	dmb	sy
200017a0:	331f      	adds	r3, #31
200017a2:	aa02      	add	r2, sp, #8
200017a4:	4694      	mov	ip, r2
200017a6:	4463      	add	r3, ip
200017a8:	9304      	str	r3, [sp, #16]
200017aa:	2300      	movs	r3, #0
200017ac:	9303      	str	r3, [sp, #12]
200017ae:	9302      	str	r3, [sp, #8]
200017b0:	464b      	mov	r3, r9
200017b2:	9301      	str	r3, [sp, #4]
200017b4:	4653      	mov	r3, sl
200017b6:	9300      	str	r3, [sp, #0]
200017b8:	0032      	movs	r2, r6
200017ba:	003b      	movs	r3, r7
200017bc:	4640      	mov	r0, r8
200017be:	f7ff fd0f 	bl	200011e0 <add_alarm_under_lock>
200017c2:	1e03      	subs	r3, r0, #0
200017c4:	d1b2      	bne.n	2000172c <alarm_pool_add_alarm_at+0x30>
200017c6:	0002      	movs	r2, r0
200017c8:	4641      	mov	r1, r8
200017ca:	6849      	ldr	r1, [r1, #4]
200017cc:	f3bf 8f5f 	dmb	sy
200017d0:	2500      	movs	r5, #0
200017d2:	600d      	str	r5, [r1, #0]
200017d4:	f384 8810 	msr	PRIMASK, r4
200017d8:	2b00      	cmp	r3, #0
200017da:	d029      	beq.n	20001830 <alarm_pool_add_alarm_at+0x134>
200017dc:	231f      	movs	r3, #31
200017de:	a902      	add	r1, sp, #8
200017e0:	468c      	mov	ip, r1
200017e2:	4463      	add	r3, ip
200017e4:	781b      	ldrb	r3, [r3, #0]
200017e6:	2b00      	cmp	r3, #0
200017e8:	d1b2      	bne.n	20001750 <alarm_pool_add_alarm_at+0x54>
200017ea:	0212      	lsls	r2, r2, #8
200017ec:	4310      	orrs	r0, r2
200017ee:	2b00      	cmp	r3, #0
200017f0:	d020      	beq.n	20001834 <alarm_pool_add_alarm_at+0x138>
200017f2:	465b      	mov	r3, fp
200017f4:	2b00      	cmp	r3, #0
200017f6:	d01d      	beq.n	20001834 <alarm_pool_add_alarm_at+0x138>
200017f8:	4649      	mov	r1, r9
200017fa:	47d0      	blx	sl
200017fc:	0004      	movs	r4, r0
200017fe:	000d      	movs	r5, r1
20001800:	0003      	movs	r3, r0
20001802:	430b      	orrs	r3, r1
20001804:	d01d      	beq.n	20001842 <alarm_pool_add_alarm_at+0x146>
20001806:	2900      	cmp	r1, #0
20001808:	dba4      	blt.n	20001754 <alarm_pool_add_alarm_at+0x58>
2000180a:	f000 fa05 	bl	20001c18 <time_us_64>
2000180e:	0006      	movs	r6, r0
20001810:	1e0f      	subs	r7, r1, #0
20001812:	dbaf      	blt.n	20001774 <alarm_pool_add_alarm_at+0x78>
20001814:	1936      	adds	r6, r6, r4
20001816:	416f      	adcs	r7, r5
20001818:	2f00      	cmp	r7, #0
2000181a:	dab1      	bge.n	20001780 <alarm_pool_add_alarm_at+0x84>
2000181c:	2601      	movs	r6, #1
2000181e:	4276      	negs	r6, r6
20001820:	4f0f      	ldr	r7, [pc, #60]	; (20001860 <alarm_pool_add_alarm_at+0x164>)
20001822:	e7ad      	b.n	20001780 <alarm_pool_add_alarm_at+0x84>
20001824:	4b0b      	ldr	r3, [pc, #44]	; (20001854 <alarm_pool_add_alarm_at+0x158>)
20001826:	4a0c      	ldr	r2, [pc, #48]	; (20001858 <alarm_pool_add_alarm_at+0x15c>)
20001828:	213f      	movs	r1, #63	; 0x3f
2000182a:	480c      	ldr	r0, [pc, #48]	; (2000185c <alarm_pool_add_alarm_at+0x160>)
2000182c:	f000 ffd8 	bl	200027e0 <__assert_func>
20001830:	2001      	movs	r0, #1
20001832:	4240      	negs	r0, r0
20001834:	b00b      	add	sp, #44	; 0x2c
20001836:	bcf0      	pop	{r4, r5, r6, r7}
20001838:	46bb      	mov	fp, r7
2000183a:	46b2      	mov	sl, r6
2000183c:	46a9      	mov	r9, r5
2000183e:	46a0      	mov	r8, r4
20001840:	bdf0      	pop	{r4, r5, r6, r7, pc}
20001842:	9807      	ldr	r0, [sp, #28]
20001844:	e7f6      	b.n	20001834 <alarm_pool_add_alarm_at+0x138>
20001846:	46c0      	nop			; (mov r8, r8)
20001848:	20005a28 	.word	0x20005a28
2000184c:	20005cac 	.word	0x20005cac
20001850:	200059f4 	.word	0x200059f4
20001854:	20005924 	.word	0x20005924
20001858:	20005c54 	.word	0x20005c54
2000185c:	20005940 	.word	0x20005940
20001860:	7fffffff 	.word	0x7fffffff

20001864 <alarm_pool_cancel_alarm>:
20001864:	b5f8      	push	{r3, r4, r5, r6, r7, lr}
20001866:	0004      	movs	r4, r0
20001868:	2900      	cmp	r1, #0
2000186a:	d100      	bne.n	2000186e <alarm_pool_cancel_alarm+0xa>
2000186c:	e062      	b.n	20001934 <alarm_pool_cancel_alarm+0xd0>
2000186e:	6842      	ldr	r2, [r0, #4]
20001870:	f3ef 8510 	mrs	r5, PRIMASK
20001874:	b672      	cpsid	i
20001876:	6813      	ldr	r3, [r2, #0]
20001878:	4258      	negs	r0, r3
2000187a:	4143      	adcs	r3, r0
2000187c:	b2d8      	uxtb	r0, r3
2000187e:	2b00      	cmp	r3, #0
20001880:	d1f9      	bne.n	20001876 <alarm_pool_cancel_alarm+0x12>
20001882:	f3bf 8f5f 	dmb	sy
20001886:	b2cb      	uxtb	r3, r1
20001888:	6822      	ldr	r2, [r4, #0]
2000188a:	7b56      	ldrb	r6, [r2, #13]
2000188c:	42b3      	cmp	r3, r6
2000188e:	d11b      	bne.n	200018c8 <alarm_pool_cancel_alarm+0x64>
20001890:	2001      	movs	r0, #1
20001892:	2800      	cmp	r0, #0
20001894:	d048      	beq.n	20001928 <alarm_pool_cancel_alarm+0xc4>
20001896:	6920      	ldr	r0, [r4, #16]
20001898:	4288      	cmp	r0, r1
2000189a:	d02b      	beq.n	200018f4 <alarm_pool_cancel_alarm+0x90>
2000189c:	0a09      	lsrs	r1, r1, #8
2000189e:	b2c9      	uxtb	r1, r1
200018a0:	2b00      	cmp	r3, #0
200018a2:	d02e      	beq.n	20001902 <alarm_pool_cancel_alarm+0x9e>
200018a4:	6820      	ldr	r0, [r4, #0]
200018a6:	7b00      	ldrb	r0, [r0, #12]
200018a8:	4283      	cmp	r3, r0
200018aa:	d82a      	bhi.n	20001902 <alarm_pool_cancel_alarm+0x9e>
200018ac:	1e58      	subs	r0, r3, #1
200018ae:	68e6      	ldr	r6, [r4, #12]
200018b0:	5c30      	ldrb	r0, [r6, r0]
200018b2:	4288      	cmp	r0, r1
200018b4:	d02b      	beq.n	2000190e <alarm_pool_cancel_alarm+0xaa>
200018b6:	2000      	movs	r0, #0
200018b8:	6863      	ldr	r3, [r4, #4]
200018ba:	f3bf 8f5f 	dmb	sy
200018be:	2200      	movs	r2, #0
200018c0:	601a      	str	r2, [r3, #0]
200018c2:	f385 8810 	msr	PRIMASK, r5
200018c6:	bdf8      	pop	{r3, r4, r5, r6, r7, pc}
200018c8:	2b00      	cmp	r3, #0
200018ca:	d00d      	beq.n	200018e8 <alarm_pool_cancel_alarm+0x84>
200018cc:	7b16      	ldrb	r6, [r2, #12]
200018ce:	42b3      	cmp	r3, r6
200018d0:	d80a      	bhi.n	200018e8 <alarm_pool_cancel_alarm+0x84>
200018d2:	005e      	lsls	r6, r3, #1
200018d4:	18f6      	adds	r6, r6, r3
200018d6:	3e03      	subs	r6, #3
200018d8:	6817      	ldr	r7, [r2, #0]
200018da:	46bc      	mov	ip, r7
200018dc:	4466      	add	r6, ip
200018de:	78b6      	ldrb	r6, [r6, #2]
200018e0:	2e00      	cmp	r6, #0
200018e2:	d0d6      	beq.n	20001892 <alarm_pool_cancel_alarm+0x2e>
200018e4:	2001      	movs	r0, #1
200018e6:	e7d4      	b.n	20001892 <alarm_pool_cancel_alarm+0x2e>
200018e8:	4b13      	ldr	r3, [pc, #76]	; (20001938 <alarm_pool_cancel_alarm+0xd4>)
200018ea:	4a14      	ldr	r2, [pc, #80]	; (2000193c <alarm_pool_cancel_alarm+0xd8>)
200018ec:	2168      	movs	r1, #104	; 0x68
200018ee:	4814      	ldr	r0, [pc, #80]	; (20001940 <alarm_pool_cancel_alarm+0xdc>)
200018f0:	f000 ff76 	bl	200027e0 <__assert_func>
200018f4:	212c      	movs	r1, #44	; 0x2c
200018f6:	4b13      	ldr	r3, [pc, #76]	; (20001944 <alarm_pool_cancel_alarm+0xe0>)
200018f8:	4a13      	ldr	r2, [pc, #76]	; (20001948 <alarm_pool_cancel_alarm+0xe4>)
200018fa:	31ff      	adds	r1, #255	; 0xff
200018fc:	4813      	ldr	r0, [pc, #76]	; (2000194c <alarm_pool_cancel_alarm+0xe8>)
200018fe:	f000 ff6f 	bl	200027e0 <__assert_func>
20001902:	4b13      	ldr	r3, [pc, #76]	; (20001950 <alarm_pool_cancel_alarm+0xec>)
20001904:	4a13      	ldr	r2, [pc, #76]	; (20001954 <alarm_pool_cancel_alarm+0xf0>)
20001906:	2141      	movs	r1, #65	; 0x41
20001908:	4810      	ldr	r0, [pc, #64]	; (2000194c <alarm_pool_cancel_alarm+0xe8>)
2000190a:	f000 ff69 	bl	200027e0 <__assert_func>
2000190e:	0019      	movs	r1, r3
20001910:	0010      	movs	r0, r2
20001912:	f000 fc45 	bl	200021a0 <ph_remove_and_free_node>
20001916:	2800      	cmp	r0, #0
20001918:	d1ce      	bne.n	200018b8 <alarm_pool_cancel_alarm+0x54>
2000191a:	2199      	movs	r1, #153	; 0x99
2000191c:	4b0e      	ldr	r3, [pc, #56]	; (20001958 <alarm_pool_cancel_alarm+0xf4>)
2000191e:	4a0a      	ldr	r2, [pc, #40]	; (20001948 <alarm_pool_cancel_alarm+0xe4>)
20001920:	0049      	lsls	r1, r1, #1
20001922:	480a      	ldr	r0, [pc, #40]	; (2000194c <alarm_pool_cancel_alarm+0xe8>)
20001924:	f000 ff5c 	bl	200027e0 <__assert_func>
20001928:	6923      	ldr	r3, [r4, #16]
2000192a:	428b      	cmp	r3, r1
2000192c:	d1c4      	bne.n	200018b8 <alarm_pool_cancel_alarm+0x54>
2000192e:	2300      	movs	r3, #0
20001930:	6123      	str	r3, [r4, #16]
20001932:	e7c1      	b.n	200018b8 <alarm_pool_cancel_alarm+0x54>
20001934:	2000      	movs	r0, #0
20001936:	e7c6      	b.n	200018c6 <alarm_pool_cancel_alarm+0x62>
20001938:	20005a4c 	.word	0x20005a4c
2000193c:	20005cf4 	.word	0x20005cf4
20001940:	20005a68 	.word	0x20005a68
20001944:	20005bc4 	.word	0x20005bc4
20001948:	20005c3c 	.word	0x20005c3c
2000194c:	200059f4 	.word	0x200059f4
20001950:	20005a28 	.word	0x20005a28
20001954:	20005cac 	.word	0x20005cac
20001958:	20005be8 	.word	0x20005be8

2000195c <sleep_until>:
2000195c:	b5f0      	push	{r4, r5, r6, r7, lr}
2000195e:	b087      	sub	sp, #28
20001960:	0006      	movs	r6, r0
20001962:	000f      	movs	r7, r1
20001964:	f3ef 8305 	mrs	r3, IPSR
20001968:	2b00      	cmp	r3, #0
2000196a:	d11f      	bne.n	200019ac <sleep_until+0x50>
2000196c:	2406      	movs	r4, #6
2000196e:	4264      	negs	r4, r4
20001970:	17e5      	asrs	r5, r4, #31
20001972:	19a4      	adds	r4, r4, r6
20001974:	417d      	adcs	r5, r7
20001976:	428d      	cmp	r5, r1
20001978:	d802      	bhi.n	20001980 <sleep_until+0x24>
2000197a:	d103      	bne.n	20001984 <sleep_until+0x28>
2000197c:	4284      	cmp	r4, r0
2000197e:	d901      	bls.n	20001984 <sleep_until+0x28>
20001980:	2400      	movs	r4, #0
20001982:	2500      	movs	r5, #0
20001984:	2d00      	cmp	r5, #0
20001986:	db14      	blt.n	200019b2 <sleep_until+0x56>
20001988:	9404      	str	r4, [sp, #16]
2000198a:	9505      	str	r5, [sp, #20]
2000198c:	f000 f944 	bl	20001c18 <time_us_64>
20001990:	0002      	movs	r2, r0
20001992:	1e0b      	subs	r3, r1, #0
20001994:	db13      	blt.n	200019be <sleep_until+0x62>
20001996:	1aa4      	subs	r4, r4, r2
20001998:	419d      	sbcs	r5, r3
2000199a:	2d00      	cmp	r5, #0
2000199c:	dc17      	bgt.n	200019ce <sleep_until+0x72>
2000199e:	d014      	beq.n	200019ca <sleep_until+0x6e>
200019a0:	0030      	movs	r0, r6
200019a2:	0039      	movs	r1, r7
200019a4:	f000 f944 	bl	20001c30 <busy_wait_until>
200019a8:	b007      	add	sp, #28
200019aa:	bdf0      	pop	{r4, r5, r6, r7, pc}
200019ac:	4823      	ldr	r0, [pc, #140]	; (20001a3c <sleep_until+0xe0>)
200019ae:	f000 ffb1 	bl	20002914 <panic>
200019b2:	4b23      	ldr	r3, [pc, #140]	; (20001a40 <sleep_until+0xe4>)
200019b4:	4a23      	ldr	r2, [pc, #140]	; (20001a44 <sleep_until+0xe8>)
200019b6:	213f      	movs	r1, #63	; 0x3f
200019b8:	4823      	ldr	r0, [pc, #140]	; (20001a48 <sleep_until+0xec>)
200019ba:	f000 ff11 	bl	200027e0 <__assert_func>
200019be:	4b20      	ldr	r3, [pc, #128]	; (20001a40 <sleep_until+0xe4>)
200019c0:	4a20      	ldr	r2, [pc, #128]	; (20001a44 <sleep_until+0xe8>)
200019c2:	213f      	movs	r1, #63	; 0x3f
200019c4:	4820      	ldr	r0, [pc, #128]	; (20001a48 <sleep_until+0xec>)
200019c6:	f000 ff0b 	bl	200027e0 <__assert_func>
200019ca:	2c00      	cmp	r4, #0
200019cc:	d0e8      	beq.n	200019a0 <sleep_until+0x44>
200019ce:	f7ff fe7f 	bl	200016d0 <alarm_pool_get_default>
200019d2:	2300      	movs	r3, #0
200019d4:	9302      	str	r3, [sp, #8]
200019d6:	9301      	str	r3, [sp, #4]
200019d8:	4b1c      	ldr	r3, [pc, #112]	; (20001a4c <sleep_until+0xf0>)
200019da:	9300      	str	r3, [sp, #0]
200019dc:	9a04      	ldr	r2, [sp, #16]
200019de:	9b05      	ldr	r3, [sp, #20]
200019e0:	f7ff fe8c 	bl	200016fc <alarm_pool_add_alarm_at>
200019e4:	2800      	cmp	r0, #0
200019e6:	da18      	bge.n	20001a1a <sleep_until+0xbe>
200019e8:	e7da      	b.n	200019a0 <sleep_until+0x44>
200019ea:	2300      	movs	r3, #0
200019ec:	e000      	b.n	200019f0 <sleep_until+0x94>
200019ee:	2300      	movs	r3, #0
200019f0:	2b00      	cmp	r3, #0
200019f2:	d1d5      	bne.n	200019a0 <sleep_until+0x44>
200019f4:	4b16      	ldr	r3, [pc, #88]	; (20001a50 <sleep_until+0xf4>)
200019f6:	681a      	ldr	r2, [r3, #0]
200019f8:	f3ef 8110 	mrs	r1, PRIMASK
200019fc:	b672      	cpsid	i
200019fe:	6813      	ldr	r3, [r2, #0]
20001a00:	2b00      	cmp	r3, #0
20001a02:	d0fc      	beq.n	200019fe <sleep_until+0xa2>
20001a04:	f3bf 8f5f 	dmb	sy
20001a08:	4b11      	ldr	r3, [pc, #68]	; (20001a50 <sleep_until+0xf4>)
20001a0a:	681b      	ldr	r3, [r3, #0]
20001a0c:	f3bf 8f5f 	dmb	sy
20001a10:	2200      	movs	r2, #0
20001a12:	601a      	str	r2, [r3, #0]
20001a14:	f381 8810 	msr	PRIMASK, r1
20001a18:	bf20      	wfe
20001a1a:	9904      	ldr	r1, [sp, #16]
20001a1c:	9a05      	ldr	r2, [sp, #20]
20001a1e:	4b0d      	ldr	r3, [pc, #52]	; (20001a54 <sleep_until+0xf8>)
20001a20:	6a5b      	ldr	r3, [r3, #36]	; 0x24
20001a22:	429a      	cmp	r2, r3
20001a24:	d8e3      	bhi.n	200019ee <sleep_until+0x92>
20001a26:	480b      	ldr	r0, [pc, #44]	; (20001a54 <sleep_until+0xf8>)
20001a28:	6a80      	ldr	r0, [r0, #40]	; 0x28
20001a2a:	4288      	cmp	r0, r1
20001a2c:	d203      	bcs.n	20001a36 <sleep_until+0xda>
20001a2e:	429a      	cmp	r2, r3
20001a30:	d0db      	beq.n	200019ea <sleep_until+0x8e>
20001a32:	2301      	movs	r3, #1
20001a34:	e7dc      	b.n	200019f0 <sleep_until+0x94>
20001a36:	2301      	movs	r3, #1
20001a38:	e7da      	b.n	200019f0 <sleep_until+0x94>
20001a3a:	46c0      	nop			; (mov r8, r8)
20001a3c:	20005bec 	.word	0x20005bec
20001a40:	20005924 	.word	0x20005924
20001a44:	20005c54 	.word	0x20005c54
20001a48:	20005940 	.word	0x20005940
20001a4c:	20001051 	.word	0x20001051
20001a50:	20006da8 	.word	0x20006da8
20001a54:	40054000 	.word	0x40054000

20001a58 <sleep_us>:
20001a58:	b570      	push	{r4, r5, r6, lr}
20001a5a:	0004      	movs	r4, r0
20001a5c:	000d      	movs	r5, r1
20001a5e:	f000 f8db 	bl	20001c18 <time_us_64>
20001a62:	0002      	movs	r2, r0
20001a64:	1e0b      	subs	r3, r1, #0
20001a66:	db0a      	blt.n	20001a7e <sleep_us+0x26>
20001a68:	0020      	movs	r0, r4
20001a6a:	0029      	movs	r1, r5
20001a6c:	1880      	adds	r0, r0, r2
20001a6e:	4159      	adcs	r1, r3
20001a70:	2900      	cmp	r1, #0
20001a72:	db0a      	blt.n	20001a8a <sleep_us+0x32>
20001a74:	2900      	cmp	r1, #0
20001a76:	db0c      	blt.n	20001a92 <sleep_us+0x3a>
20001a78:	f7ff ff70 	bl	2000195c <sleep_until>
20001a7c:	bd70      	pop	{r4, r5, r6, pc}
20001a7e:	4b08      	ldr	r3, [pc, #32]	; (20001aa0 <sleep_us+0x48>)
20001a80:	4a08      	ldr	r2, [pc, #32]	; (20001aa4 <sleep_us+0x4c>)
20001a82:	213f      	movs	r1, #63	; 0x3f
20001a84:	4808      	ldr	r0, [pc, #32]	; (20001aa8 <sleep_us+0x50>)
20001a86:	f000 feab 	bl	200027e0 <__assert_func>
20001a8a:	2001      	movs	r0, #1
20001a8c:	4240      	negs	r0, r0
20001a8e:	4907      	ldr	r1, [pc, #28]	; (20001aac <sleep_us+0x54>)
20001a90:	e7f0      	b.n	20001a74 <sleep_us+0x1c>
20001a92:	4b03      	ldr	r3, [pc, #12]	; (20001aa0 <sleep_us+0x48>)
20001a94:	4a03      	ldr	r2, [pc, #12]	; (20001aa4 <sleep_us+0x4c>)
20001a96:	213f      	movs	r1, #63	; 0x3f
20001a98:	4803      	ldr	r0, [pc, #12]	; (20001aa8 <sleep_us+0x50>)
20001a9a:	f000 fea1 	bl	200027e0 <__assert_func>
20001a9e:	46c0      	nop			; (mov r8, r8)
20001aa0:	20005924 	.word	0x20005924
20001aa4:	20005c54 	.word	0x20005c54
20001aa8:	20005940 	.word	0x20005940
20001aac:	7fffffff 	.word	0x7fffffff

20001ab0 <sleep_ms>:
20001ab0:	b510      	push	{r4, lr}
20001ab2:	22fa      	movs	r2, #250	; 0xfa
20001ab4:	0092      	lsls	r2, r2, #2
20001ab6:	2300      	movs	r3, #0
20001ab8:	2100      	movs	r1, #0
20001aba:	f002 fe7b 	bl	200047b4 <__wrap___aeabi_lmul>
20001abe:	f7ff ffcb 	bl	20001a58 <sleep_us>
20001ac2:	bd10      	pop	{r4, pc}

20001ac4 <best_effort_wfe_or_timeout>:
20001ac4:	b570      	push	{r4, r5, r6, lr}
20001ac6:	b084      	sub	sp, #16
20001ac8:	0005      	movs	r5, r0
20001aca:	000c      	movs	r4, r1
20001acc:	f3ef 8305 	mrs	r3, IPSR
20001ad0:	2b00      	cmp	r3, #0
20001ad2:	d11e      	bne.n	20001b12 <best_effort_wfe_or_timeout+0x4e>
20001ad4:	f7ff fdfc 	bl	200016d0 <alarm_pool_get_default>
20001ad8:	2300      	movs	r3, #0
20001ada:	9302      	str	r3, [sp, #8]
20001adc:	9301      	str	r3, [sp, #4]
20001ade:	4b22      	ldr	r3, [pc, #136]	; (20001b68 <best_effort_wfe_or_timeout+0xa4>)
20001ae0:	9300      	str	r3, [sp, #0]
20001ae2:	002a      	movs	r2, r5
20001ae4:	0023      	movs	r3, r4
20001ae6:	f7ff fe09 	bl	200016fc <alarm_pool_add_alarm_at>
20001aea:	1e06      	subs	r6, r0, #0
20001aec:	dd23      	ble.n	20001b36 <best_effort_wfe_or_timeout+0x72>
20001aee:	bf20      	wfe
20001af0:	f7ff fdee 	bl	200016d0 <alarm_pool_get_default>
20001af4:	0031      	movs	r1, r6
20001af6:	f7ff feb5 	bl	20001864 <alarm_pool_cancel_alarm>
20001afa:	4b1c      	ldr	r3, [pc, #112]	; (20001b6c <best_effort_wfe_or_timeout+0xa8>)
20001afc:	6a5b      	ldr	r3, [r3, #36]	; 0x24
20001afe:	429c      	cmp	r4, r3
20001b00:	d82d      	bhi.n	20001b5e <best_effort_wfe_or_timeout+0x9a>
20001b02:	4a1a      	ldr	r2, [pc, #104]	; (20001b6c <best_effort_wfe_or_timeout+0xa8>)
20001b04:	6a92      	ldr	r2, [r2, #40]	; 0x28
20001b06:	42aa      	cmp	r2, r5
20001b08:	d22c      	bcs.n	20001b64 <best_effort_wfe_or_timeout+0xa0>
20001b0a:	429c      	cmp	r4, r3
20001b0c:	d025      	beq.n	20001b5a <best_effort_wfe_or_timeout+0x96>
20001b0e:	2001      	movs	r0, #1
20001b10:	e026      	b.n	20001b60 <best_effort_wfe_or_timeout+0x9c>
20001b12:	4b16      	ldr	r3, [pc, #88]	; (20001b6c <best_effort_wfe_or_timeout+0xa8>)
20001b14:	6a5b      	ldr	r3, [r3, #36]	; 0x24
20001b16:	4299      	cmp	r1, r3
20001b18:	d809      	bhi.n	20001b2e <best_effort_wfe_or_timeout+0x6a>
20001b1a:	4a14      	ldr	r2, [pc, #80]	; (20001b6c <best_effort_wfe_or_timeout+0xa8>)
20001b1c:	6a92      	ldr	r2, [r2, #40]	; 0x28
20001b1e:	4282      	cmp	r2, r0
20001b20:	d207      	bcs.n	20001b32 <best_effort_wfe_or_timeout+0x6e>
20001b22:	4299      	cmp	r1, r3
20001b24:	d001      	beq.n	20001b2a <best_effort_wfe_or_timeout+0x66>
20001b26:	2001      	movs	r0, #1
20001b28:	e01a      	b.n	20001b60 <best_effort_wfe_or_timeout+0x9c>
20001b2a:	2000      	movs	r0, #0
20001b2c:	e018      	b.n	20001b60 <best_effort_wfe_or_timeout+0x9c>
20001b2e:	2000      	movs	r0, #0
20001b30:	e016      	b.n	20001b60 <best_effort_wfe_or_timeout+0x9c>
20001b32:	2001      	movs	r0, #1
20001b34:	e014      	b.n	20001b60 <best_effort_wfe_or_timeout+0x9c>
20001b36:	4b0d      	ldr	r3, [pc, #52]	; (20001b6c <best_effort_wfe_or_timeout+0xa8>)
20001b38:	6a5b      	ldr	r3, [r3, #36]	; 0x24
20001b3a:	429c      	cmp	r4, r3
20001b3c:	d809      	bhi.n	20001b52 <best_effort_wfe_or_timeout+0x8e>
20001b3e:	4a0b      	ldr	r2, [pc, #44]	; (20001b6c <best_effort_wfe_or_timeout+0xa8>)
20001b40:	6a92      	ldr	r2, [r2, #40]	; 0x28
20001b42:	42aa      	cmp	r2, r5
20001b44:	d207      	bcs.n	20001b56 <best_effort_wfe_or_timeout+0x92>
20001b46:	429c      	cmp	r4, r3
20001b48:	d001      	beq.n	20001b4e <best_effort_wfe_or_timeout+0x8a>
20001b4a:	2001      	movs	r0, #1
20001b4c:	e008      	b.n	20001b60 <best_effort_wfe_or_timeout+0x9c>
20001b4e:	2000      	movs	r0, #0
20001b50:	e006      	b.n	20001b60 <best_effort_wfe_or_timeout+0x9c>
20001b52:	2000      	movs	r0, #0
20001b54:	e004      	b.n	20001b60 <best_effort_wfe_or_timeout+0x9c>
20001b56:	2001      	movs	r0, #1
20001b58:	e002      	b.n	20001b60 <best_effort_wfe_or_timeout+0x9c>
20001b5a:	2000      	movs	r0, #0
20001b5c:	e000      	b.n	20001b60 <best_effort_wfe_or_timeout+0x9c>
20001b5e:	2000      	movs	r0, #0
20001b60:	b004      	add	sp, #16
20001b62:	bd70      	pop	{r4, r5, r6, pc}
20001b64:	2001      	movs	r0, #1
20001b66:	e7fb      	b.n	20001b60 <best_effort_wfe_or_timeout+0x9c>
20001b68:	20001051 	.word	0x20001051
20001b6c:	40054000 	.word	0x40054000

20001b70 <hardware_alarm_irq_handler>:
20001b70:	b570      	push	{r4, r5, r6, lr}
20001b72:	f3ef 8005 	mrs	r0, IPSR
20001b76:	3810      	subs	r0, #16
20001b78:	f3ef 8c10 	mrs	ip, PRIMASK
20001b7c:	b672      	cpsid	i
20001b7e:	4b1a      	ldr	r3, [pc, #104]	; (20001be8 <hardware_alarm_irq_handler+0x78>)
20001b80:	681b      	ldr	r3, [r3, #0]
20001b82:	2b00      	cmp	r3, #0
20001b84:	d0fb      	beq.n	20001b7e <hardware_alarm_irq_handler+0xe>
20001b86:	f3bf 8f5f 	dmb	sy
20001b8a:	2201      	movs	r2, #1
20001b8c:	0013      	movs	r3, r2
20001b8e:	4083      	lsls	r3, r0
20001b90:	4916      	ldr	r1, [pc, #88]	; (20001bec <hardware_alarm_irq_handler+0x7c>)
20001b92:	634b      	str	r3, [r1, #52]	; 0x34
20001b94:	4916      	ldr	r1, [pc, #88]	; (20001bf0 <hardware_alarm_irq_handler+0x80>)
20001b96:	600b      	str	r3, [r1, #0]
20001b98:	4916      	ldr	r1, [pc, #88]	; (20001bf4 <hardware_alarm_irq_handler+0x84>)
20001b9a:	7809      	ldrb	r1, [r1, #0]
20001b9c:	000c      	movs	r4, r1
20001b9e:	40c4      	lsrs	r4, r0
20001ba0:	4222      	tst	r2, r4
20001ba2:	d014      	beq.n	20001bce <hardware_alarm_irq_handler+0x5e>
20001ba4:	4a11      	ldr	r2, [pc, #68]	; (20001bec <hardware_alarm_irq_handler+0x7c>)
20001ba6:	6a54      	ldr	r4, [r2, #36]	; 0x24
20001ba8:	0082      	lsls	r2, r0, #2
20001baa:	4d13      	ldr	r5, [pc, #76]	; (20001bf8 <hardware_alarm_irq_handler+0x88>)
20001bac:	5952      	ldr	r2, [r2, r5]
20001bae:	4294      	cmp	r4, r2
20001bb0:	d306      	bcc.n	20001bc0 <hardware_alarm_irq_handler+0x50>
20001bb2:	0082      	lsls	r2, r0, #2
20001bb4:	4c11      	ldr	r4, [pc, #68]	; (20001bfc <hardware_alarm_irq_handler+0x8c>)
20001bb6:	5912      	ldr	r2, [r2, r4]
20001bb8:	4399      	bics	r1, r3
20001bba:	4b0e      	ldr	r3, [pc, #56]	; (20001bf4 <hardware_alarm_irq_handler+0x84>)
20001bbc:	7019      	strb	r1, [r3, #0]
20001bbe:	e007      	b.n	20001bd0 <hardware_alarm_irq_handler+0x60>
20001bc0:	4a0a      	ldr	r2, [pc, #40]	; (20001bec <hardware_alarm_irq_handler+0x7c>)
20001bc2:	1d03      	adds	r3, r0, #4
20001bc4:	009b      	lsls	r3, r3, #2
20001bc6:	5899      	ldr	r1, [r3, r2]
20001bc8:	5099      	str	r1, [r3, r2]
20001bca:	2200      	movs	r2, #0
20001bcc:	e000      	b.n	20001bd0 <hardware_alarm_irq_handler+0x60>
20001bce:	2200      	movs	r2, #0
20001bd0:	f3bf 8f5f 	dmb	sy
20001bd4:	4b04      	ldr	r3, [pc, #16]	; (20001be8 <hardware_alarm_irq_handler+0x78>)
20001bd6:	2100      	movs	r1, #0
20001bd8:	6019      	str	r1, [r3, #0]
20001bda:	f38c 8810 	msr	PRIMASK, ip
20001bde:	2a00      	cmp	r2, #0
20001be0:	d000      	beq.n	20001be4 <hardware_alarm_irq_handler+0x74>
20001be2:	4790      	blx	r2
20001be4:	bd70      	pop	{r4, r5, r6, pc}
20001be6:	46c0      	nop			; (mov r8, r8)
20001be8:	d0000128 	.word	0xd0000128
20001bec:	40054000 	.word	0x40054000
20001bf0:	4005703c 	.word	0x4005703c
20001bf4:	20006dcd 	.word	0x20006dcd
20001bf8:	20006dac 	.word	0x20006dac
20001bfc:	2000697c 	.word	0x2000697c

20001c00 <hardware_alarm_claim>:
20001c00:	b510      	push	{r4, lr}
20001c02:	0001      	movs	r1, r0
20001c04:	4a02      	ldr	r2, [pc, #8]	; (20001c10 <hardware_alarm_claim+0x10>)
20001c06:	4803      	ldr	r0, [pc, #12]	; (20001c14 <hardware_alarm_claim+0x14>)
20001c08:	f7fe ff9c 	bl	20000b44 <hw_claim_or_assert>
20001c0c:	bd10      	pop	{r4, pc}
20001c0e:	46c0      	nop			; (mov r8, r8)
20001c10:	20005d18 	.word	0x20005d18
20001c14:	20006dcb 	.word	0x20006dcb

20001c18 <time_us_64>:
20001c18:	4b04      	ldr	r3, [pc, #16]	; (20001c2c <time_us_64+0x14>)
20001c1a:	6a5b      	ldr	r3, [r3, #36]	; 0x24
20001c1c:	4a03      	ldr	r2, [pc, #12]	; (20001c2c <time_us_64+0x14>)
20001c1e:	6a90      	ldr	r0, [r2, #40]	; 0x28
20001c20:	0019      	movs	r1, r3
20001c22:	6a53      	ldr	r3, [r2, #36]	; 0x24
20001c24:	4299      	cmp	r1, r3
20001c26:	d1f9      	bne.n	20001c1c <time_us_64+0x4>
20001c28:	4770      	bx	lr
20001c2a:	46c0      	nop			; (mov r8, r8)
20001c2c:	40054000 	.word	0x40054000

20001c30 <busy_wait_until>:
20001c30:	4b08      	ldr	r3, [pc, #32]	; (20001c54 <busy_wait_until+0x24>)
20001c32:	6a5b      	ldr	r3, [r3, #36]	; 0x24
20001c34:	e001      	b.n	20001c3a <busy_wait_until+0xa>
20001c36:	4b07      	ldr	r3, [pc, #28]	; (20001c54 <busy_wait_until+0x24>)
20001c38:	6a5b      	ldr	r3, [r3, #36]	; 0x24
20001c3a:	428b      	cmp	r3, r1
20001c3c:	d3fb      	bcc.n	20001c36 <busy_wait_until+0x6>
20001c3e:	e001      	b.n	20001c44 <busy_wait_until+0x14>
20001c40:	4b04      	ldr	r3, [pc, #16]	; (20001c54 <busy_wait_until+0x24>)
20001c42:	6a5b      	ldr	r3, [r3, #36]	; 0x24
20001c44:	428b      	cmp	r3, r1
20001c46:	d103      	bne.n	20001c50 <busy_wait_until+0x20>
20001c48:	4b02      	ldr	r3, [pc, #8]	; (20001c54 <busy_wait_until+0x24>)
20001c4a:	6a9b      	ldr	r3, [r3, #40]	; 0x28
20001c4c:	4283      	cmp	r3, r0
20001c4e:	d3f7      	bcc.n	20001c40 <busy_wait_until+0x10>
20001c50:	4770      	bx	lr
20001c52:	46c0      	nop			; (mov r8, r8)
20001c54:	40054000 	.word	0x40054000

20001c58 <busy_wait_us>:
20001c58:	b570      	push	{r4, r5, r6, lr}
20001c5a:	0004      	movs	r4, r0
20001c5c:	000d      	movs	r5, r1
20001c5e:	f7ff ffdb 	bl	20001c18 <time_us_64>
20001c62:	0002      	movs	r2, r0
20001c64:	000b      	movs	r3, r1
20001c66:	0020      	movs	r0, r4
20001c68:	0029      	movs	r1, r5
20001c6a:	1880      	adds	r0, r0, r2
20001c6c:	4159      	adcs	r1, r3
20001c6e:	428b      	cmp	r3, r1
20001c70:	d802      	bhi.n	20001c78 <busy_wait_us+0x20>
20001c72:	d104      	bne.n	20001c7e <busy_wait_us+0x26>
20001c74:	4282      	cmp	r2, r0
20001c76:	d902      	bls.n	20001c7e <busy_wait_us+0x26>
20001c78:	2001      	movs	r0, #1
20001c7a:	4240      	negs	r0, r0
20001c7c:	17c1      	asrs	r1, r0, #31
20001c7e:	2900      	cmp	r1, #0
20001c80:	db02      	blt.n	20001c88 <busy_wait_us+0x30>
20001c82:	f7ff ffd5 	bl	20001c30 <busy_wait_until>
20001c86:	bd70      	pop	{r4, r5, r6, pc}
20001c88:	4b02      	ldr	r3, [pc, #8]	; (20001c94 <busy_wait_us+0x3c>)
20001c8a:	4a03      	ldr	r2, [pc, #12]	; (20001c98 <busy_wait_us+0x40>)
20001c8c:	213f      	movs	r1, #63	; 0x3f
20001c8e:	4803      	ldr	r0, [pc, #12]	; (20001c9c <busy_wait_us+0x44>)
20001c90:	f000 fda6 	bl	200027e0 <__assert_func>
20001c94:	20005924 	.word	0x20005924
20001c98:	20005dbc 	.word	0x20005dbc
20001c9c:	20005940 	.word	0x20005940

20001ca0 <hardware_alarm_set_callback>:
20001ca0:	b570      	push	{r4, r5, r6, lr}
20001ca2:	0004      	movs	r4, r0
20001ca4:	000d      	movs	r5, r1
20001ca6:	f3ef 8610 	mrs	r6, PRIMASK
20001caa:	b672      	cpsid	i
20001cac:	4b1b      	ldr	r3, [pc, #108]	; (20001d1c <hardware_alarm_set_callback+0x7c>)
20001cae:	681b      	ldr	r3, [r3, #0]
20001cb0:	2b00      	cmp	r3, #0
20001cb2:	d0fb      	beq.n	20001cac <hardware_alarm_set_callback+0xc>
20001cb4:	f3bf 8f5f 	dmb	sy
20001cb8:	2d00      	cmp	r5, #0
20001cba:	d01c      	beq.n	20001cf6 <hardware_alarm_set_callback+0x56>
20001cbc:	0020      	movs	r0, r4
20001cbe:	f7fe fff5 	bl	20000cac <irq_get_vtable_handler>
20001cc2:	4b17      	ldr	r3, [pc, #92]	; (20001d20 <hardware_alarm_set_callback+0x80>)
20001cc4:	4283      	cmp	r3, r0
20001cc6:	d00b      	beq.n	20001ce0 <hardware_alarm_set_callback+0x40>
20001cc8:	0019      	movs	r1, r3
20001cca:	0020      	movs	r0, r4
20001ccc:	f7fe fff6 	bl	20000cbc <irq_set_exclusive_handler>
20001cd0:	2101      	movs	r1, #1
20001cd2:	0020      	movs	r0, r4
20001cd4:	f7fe ffe2 	bl	20000c9c <irq_set_enabled>
20001cd8:	2301      	movs	r3, #1
20001cda:	40a3      	lsls	r3, r4
20001cdc:	4a11      	ldr	r2, [pc, #68]	; (20001d24 <hardware_alarm_set_callback+0x84>)
20001cde:	6013      	str	r3, [r2, #0]
20001ce0:	00a4      	lsls	r4, r4, #2
20001ce2:	4b11      	ldr	r3, [pc, #68]	; (20001d28 <hardware_alarm_set_callback+0x88>)
20001ce4:	50e5      	str	r5, [r4, r3]
20001ce6:	f3bf 8f5f 	dmb	sy
20001cea:	4b0c      	ldr	r3, [pc, #48]	; (20001d1c <hardware_alarm_set_callback+0x7c>)
20001cec:	2200      	movs	r2, #0
20001cee:	601a      	str	r2, [r3, #0]
20001cf0:	f386 8810 	msr	PRIMASK, r6
20001cf4:	bd70      	pop	{r4, r5, r6, pc}
20001cf6:	00a2      	lsls	r2, r4, #2
20001cf8:	4b0b      	ldr	r3, [pc, #44]	; (20001d28 <hardware_alarm_set_callback+0x88>)
20001cfa:	2100      	movs	r1, #0
20001cfc:	50d1      	str	r1, [r2, r3]
20001cfe:	2201      	movs	r2, #1
20001d00:	40a2      	lsls	r2, r4
20001d02:	490a      	ldr	r1, [pc, #40]	; (20001d2c <hardware_alarm_set_callback+0x8c>)
20001d04:	780b      	ldrb	r3, [r1, #0]
20001d06:	4393      	bics	r3, r2
20001d08:	700b      	strb	r3, [r1, #0]
20001d0a:	4905      	ldr	r1, [pc, #20]	; (20001d20 <hardware_alarm_set_callback+0x80>)
20001d0c:	0020      	movs	r0, r4
20001d0e:	f7fe ffff 	bl	20000d10 <irq_remove_handler>
20001d12:	2100      	movs	r1, #0
20001d14:	0020      	movs	r0, r4
20001d16:	f7fe ffc1 	bl	20000c9c <irq_set_enabled>
20001d1a:	e7e4      	b.n	20001ce6 <hardware_alarm_set_callback+0x46>
20001d1c:	d0000128 	.word	0xd0000128
20001d20:	20001b71 	.word	0x20001b71
20001d24:	40056038 	.word	0x40056038
20001d28:	2000697c 	.word	0x2000697c
20001d2c:	20006dcd 	.word	0x20006dcd

20001d30 <hardware_alarm_set_target>:
20001d30:	b5f0      	push	{r4, r5, r6, r7, lr}
20001d32:	46de      	mov	lr, fp
20001d34:	b500      	push	{lr}
20001d36:	b084      	sub	sp, #16
20001d38:	0004      	movs	r4, r0
20001d3a:	0015      	movs	r5, r2
20001d3c:	9201      	str	r2, [sp, #4]
20001d3e:	001e      	movs	r6, r3
20001d40:	9302      	str	r3, [sp, #8]
20001d42:	f7ff ff69 	bl	20001c18 <time_us_64>
20001d46:	9503      	str	r5, [sp, #12]
20001d48:	428e      	cmp	r6, r1
20001d4a:	d802      	bhi.n	20001d52 <hardware_alarm_set_target+0x22>
20001d4c:	d14e      	bne.n	20001dec <hardware_alarm_set_target+0xbc>
20001d4e:	4285      	cmp	r5, r0
20001d50:	d94c      	bls.n	20001dec <hardware_alarm_set_target+0xbc>
20001d52:	f3ef 8b10 	mrs	fp, PRIMASK
20001d56:	b672      	cpsid	i
20001d58:	4b27      	ldr	r3, [pc, #156]	; (20001df8 <hardware_alarm_set_target+0xc8>)
20001d5a:	681b      	ldr	r3, [r3, #0]
20001d5c:	2b00      	cmp	r3, #0
20001d5e:	d0fb      	beq.n	20001d58 <hardware_alarm_set_target+0x28>
20001d60:	f3bf 8f5f 	dmb	sy
20001d64:	4a25      	ldr	r2, [pc, #148]	; (20001dfc <hardware_alarm_set_target+0xcc>)
20001d66:	7817      	ldrb	r7, [r2, #0]
20001d68:	2501      	movs	r5, #1
20001d6a:	40a5      	lsls	r5, r4
20001d6c:	b2eb      	uxtb	r3, r5
20001d6e:	433b      	orrs	r3, r7
20001d70:	7013      	strb	r3, [r2, #0]
20001d72:	4b23      	ldr	r3, [pc, #140]	; (20001e00 <hardware_alarm_set_target+0xd0>)
20001d74:	635d      	str	r5, [r3, #52]	; 0x34
20001d76:	1d22      	adds	r2, r4, #4
20001d78:	0092      	lsls	r2, r2, #2
20001d7a:	9901      	ldr	r1, [sp, #4]
20001d7c:	50d1      	str	r1, [r2, r3]
20001d7e:	00a2      	lsls	r2, r4, #2
20001d80:	4920      	ldr	r1, [pc, #128]	; (20001e04 <hardware_alarm_set_target+0xd4>)
20001d82:	9802      	ldr	r0, [sp, #8]
20001d84:	5050      	str	r0, [r2, r1]
20001d86:	6a1b      	ldr	r3, [r3, #32]
20001d88:	422b      	tst	r3, r5
20001d8a:	d112      	bne.n	20001db2 <hardware_alarm_set_target+0x82>
20001d8c:	4b1c      	ldr	r3, [pc, #112]	; (20001e00 <hardware_alarm_set_target+0xd0>)
20001d8e:	6c1b      	ldr	r3, [r3, #64]	; 0x40
20001d90:	422b      	tst	r3, r5
20001d92:	d008      	beq.n	20001da6 <hardware_alarm_set_target+0x76>
20001d94:	2000      	movs	r0, #0
20001d96:	f3bf 8f5f 	dmb	sy
20001d9a:	4b17      	ldr	r3, [pc, #92]	; (20001df8 <hardware_alarm_set_target+0xc8>)
20001d9c:	2200      	movs	r2, #0
20001d9e:	601a      	str	r2, [r3, #0]
20001da0:	f38b 8810 	msr	PRIMASK, fp
20001da4:	e023      	b.n	20001dee <hardware_alarm_set_target+0xbe>
20001da6:	4b18      	ldr	r3, [pc, #96]	; (20001e08 <hardware_alarm_set_target+0xd8>)
20001da8:	4a18      	ldr	r2, [pc, #96]	; (20001e0c <hardware_alarm_set_target+0xdc>)
20001daa:	21c5      	movs	r1, #197	; 0xc5
20001dac:	4818      	ldr	r0, [pc, #96]	; (20001e10 <hardware_alarm_set_target+0xe0>)
20001dae:	f000 fd17 	bl	200027e0 <__assert_func>
20001db2:	f7ff ff31 	bl	20001c18 <time_us_64>
20001db6:	428e      	cmp	r6, r1
20001db8:	d814      	bhi.n	20001de4 <hardware_alarm_set_target+0xb4>
20001dba:	d102      	bne.n	20001dc2 <hardware_alarm_set_target+0x92>
20001dbc:	9b03      	ldr	r3, [sp, #12]
20001dbe:	4283      	cmp	r3, r0
20001dc0:	d810      	bhi.n	20001de4 <hardware_alarm_set_target+0xb4>
20001dc2:	4b0e      	ldr	r3, [pc, #56]	; (20001dfc <hardware_alarm_set_target+0xcc>)
20001dc4:	781b      	ldrb	r3, [r3, #0]
20001dc6:	42bb      	cmp	r3, r7
20001dc8:	d00e      	beq.n	20001de8 <hardware_alarm_set_target+0xb8>
20001dca:	4b0d      	ldr	r3, [pc, #52]	; (20001e00 <hardware_alarm_set_target+0xd0>)
20001dcc:	621d      	str	r5, [r3, #32]
20001dce:	635d      	str	r5, [r3, #52]	; 0x34
20001dd0:	201f      	movs	r0, #31
20001dd2:	4004      	ands	r4, r0
20001dd4:	2301      	movs	r3, #1
20001dd6:	40a3      	lsls	r3, r4
20001dd8:	4a0e      	ldr	r2, [pc, #56]	; (20001e14 <hardware_alarm_set_target+0xe4>)
20001dda:	6013      	str	r3, [r2, #0]
20001ddc:	4b07      	ldr	r3, [pc, #28]	; (20001dfc <hardware_alarm_set_target+0xcc>)
20001dde:	701f      	strb	r7, [r3, #0]
20001de0:	381e      	subs	r0, #30
20001de2:	e7d8      	b.n	20001d96 <hardware_alarm_set_target+0x66>
20001de4:	2000      	movs	r0, #0
20001de6:	e7d6      	b.n	20001d96 <hardware_alarm_set_target+0x66>
20001de8:	2001      	movs	r0, #1
20001dea:	e7d4      	b.n	20001d96 <hardware_alarm_set_target+0x66>
20001dec:	2001      	movs	r0, #1
20001dee:	b004      	add	sp, #16
20001df0:	bc80      	pop	{r7}
20001df2:	46bb      	mov	fp, r7
20001df4:	bdf0      	pop	{r4, r5, r6, r7, pc}
20001df6:	46c0      	nop			; (mov r8, r8)
20001df8:	d0000128 	.word	0xd0000128
20001dfc:	20006dcd 	.word	0x20006dcd
20001e00:	40054000 	.word	0x40054000
20001e04:	20006dac 	.word	0x20006dac
20001e08:	20005d3c 	.word	0x20005d3c
20001e0c:	20005da0 	.word	0x20005da0
20001e10:	20005d60 	.word	0x20005d60
20001e14:	e000e280 	.word	0xe000e280

20001e18 <hardware_alarm_cancel>:
20001e18:	f3ef 8c10 	mrs	ip, PRIMASK
20001e1c:	b672      	cpsid	i
20001e1e:	4b0b      	ldr	r3, [pc, #44]	; (20001e4c <hardware_alarm_cancel+0x34>)
20001e20:	681b      	ldr	r3, [r3, #0]
20001e22:	2b00      	cmp	r3, #0
20001e24:	d0fb      	beq.n	20001e1e <hardware_alarm_cancel+0x6>
20001e26:	f3bf 8f5f 	dmb	sy
20001e2a:	2301      	movs	r3, #1
20001e2c:	4083      	lsls	r3, r0
20001e2e:	4a08      	ldr	r2, [pc, #32]	; (20001e50 <hardware_alarm_cancel+0x38>)
20001e30:	6213      	str	r3, [r2, #32]
20001e32:	4908      	ldr	r1, [pc, #32]	; (20001e54 <hardware_alarm_cancel+0x3c>)
20001e34:	780a      	ldrb	r2, [r1, #0]
20001e36:	439a      	bics	r2, r3
20001e38:	700a      	strb	r2, [r1, #0]
20001e3a:	f3bf 8f5f 	dmb	sy
20001e3e:	4b03      	ldr	r3, [pc, #12]	; (20001e4c <hardware_alarm_cancel+0x34>)
20001e40:	2200      	movs	r2, #0
20001e42:	601a      	str	r2, [r3, #0]
20001e44:	f38c 8810 	msr	PRIMASK, ip
20001e48:	4770      	bx	lr
20001e4a:	46c0      	nop			; (mov r8, r8)
20001e4c:	d0000128 	.word	0xd0000128
20001e50:	40054000 	.word	0x40054000
20001e54:	20006dcd 	.word	0x20006dcd

20001e58 <ph_add_child_node>:
20001e58:	b510      	push	{r4, lr}
20001e5a:	2900      	cmp	r1, #0
20001e5c:	d01e      	beq.n	20001e9c <ph_add_child_node+0x44>
20001e5e:	7b03      	ldrb	r3, [r0, #12]
20001e60:	4299      	cmp	r1, r3
20001e62:	d81b      	bhi.n	20001e9c <ph_add_child_node+0x44>
20001e64:	004b      	lsls	r3, r1, #1
20001e66:	185b      	adds	r3, r3, r1
20001e68:	3b03      	subs	r3, #3
20001e6a:	6804      	ldr	r4, [r0, #0]
20001e6c:	46a4      	mov	ip, r4
20001e6e:	4463      	add	r3, ip
20001e70:	2900      	cmp	r1, #0
20001e72:	d019      	beq.n	20001ea8 <ph_add_child_node+0x50>
20001e74:	2a00      	cmp	r2, #0
20001e76:	d01d      	beq.n	20001eb4 <ph_add_child_node+0x5c>
20001e78:	4291      	cmp	r1, r2
20001e7a:	d021      	beq.n	20001ec0 <ph_add_child_node+0x68>
20001e7c:	2a00      	cmp	r2, #0
20001e7e:	d025      	beq.n	20001ecc <ph_add_child_node+0x74>
20001e80:	7b04      	ldrb	r4, [r0, #12]
20001e82:	42a2      	cmp	r2, r4
20001e84:	d822      	bhi.n	20001ecc <ph_add_child_node+0x74>
20001e86:	6804      	ldr	r4, [r0, #0]
20001e88:	0050      	lsls	r0, r2, #1
20001e8a:	1880      	adds	r0, r0, r2
20001e8c:	3803      	subs	r0, #3
20001e8e:	1820      	adds	r0, r4, r0
20001e90:	7081      	strb	r1, [r0, #2]
20001e92:	7819      	ldrb	r1, [r3, #0]
20001e94:	2900      	cmp	r1, #0
20001e96:	d11f      	bne.n	20001ed8 <ph_add_child_node+0x80>
20001e98:	701a      	strb	r2, [r3, #0]
20001e9a:	bd10      	pop	{r4, pc}
20001e9c:	4b10      	ldr	r3, [pc, #64]	; (20001ee0 <ph_add_child_node+0x88>)
20001e9e:	4a11      	ldr	r2, [pc, #68]	; (20001ee4 <ph_add_child_node+0x8c>)
20001ea0:	2168      	movs	r1, #104	; 0x68
20001ea2:	4811      	ldr	r0, [pc, #68]	; (20001ee8 <ph_add_child_node+0x90>)
20001ea4:	f000 fc9c 	bl	200027e0 <__assert_func>
20001ea8:	4b10      	ldr	r3, [pc, #64]	; (20001eec <ph_add_child_node+0x94>)
20001eaa:	4a11      	ldr	r2, [pc, #68]	; (20001ef0 <ph_add_child_node+0x98>)
20001eac:	316f      	adds	r1, #111	; 0x6f
20001eae:	480e      	ldr	r0, [pc, #56]	; (20001ee8 <ph_add_child_node+0x90>)
20001eb0:	f000 fc96 	bl	200027e0 <__assert_func>
20001eb4:	4b0f      	ldr	r3, [pc, #60]	; (20001ef4 <ph_add_child_node+0x9c>)
20001eb6:	4a0e      	ldr	r2, [pc, #56]	; (20001ef0 <ph_add_child_node+0x98>)
20001eb8:	2170      	movs	r1, #112	; 0x70
20001eba:	480b      	ldr	r0, [pc, #44]	; (20001ee8 <ph_add_child_node+0x90>)
20001ebc:	f000 fc90 	bl	200027e0 <__assert_func>
20001ec0:	4b0d      	ldr	r3, [pc, #52]	; (20001ef8 <ph_add_child_node+0xa0>)
20001ec2:	4a0b      	ldr	r2, [pc, #44]	; (20001ef0 <ph_add_child_node+0x98>)
20001ec4:	2171      	movs	r1, #113	; 0x71
20001ec6:	4808      	ldr	r0, [pc, #32]	; (20001ee8 <ph_add_child_node+0x90>)
20001ec8:	f000 fc8a 	bl	200027e0 <__assert_func>
20001ecc:	4b04      	ldr	r3, [pc, #16]	; (20001ee0 <ph_add_child_node+0x88>)
20001ece:	4a05      	ldr	r2, [pc, #20]	; (20001ee4 <ph_add_child_node+0x8c>)
20001ed0:	2168      	movs	r1, #104	; 0x68
20001ed2:	4805      	ldr	r0, [pc, #20]	; (20001ee8 <ph_add_child_node+0x90>)
20001ed4:	f000 fc84 	bl	200027e0 <__assert_func>
20001ed8:	7041      	strb	r1, [r0, #1]
20001eda:	701a      	strb	r2, [r3, #0]
20001edc:	e7dd      	b.n	20001e9a <ph_add_child_node+0x42>
20001ede:	46c0      	nop			; (mov r8, r8)
20001ee0:	20005a4c 	.word	0x20005a4c
20001ee4:	20005ebc 	.word	0x20005ebc
20001ee8:	20005a68 	.word	0x20005a68
20001eec:	20005ab0 	.word	0x20005ab0
20001ef0:	20005ea8 	.word	0x20005ea8
20001ef4:	20005abc 	.word	0x20005abc
20001ef8:	20005ac8 	.word	0x20005ac8

20001efc <ph_merge_nodes>:
20001efc:	b570      	push	{r4, r5, r6, lr}
20001efe:	0006      	movs	r6, r0
20001f00:	000d      	movs	r5, r1
20001f02:	0014      	movs	r4, r2
20001f04:	2900      	cmp	r1, #0
20001f06:	d014      	beq.n	20001f32 <ph_merge_nodes+0x36>
20001f08:	2a00      	cmp	r2, #0
20001f0a:	d014      	beq.n	20001f36 <ph_merge_nodes+0x3a>
20001f0c:	6880      	ldr	r0, [r0, #8]
20001f0e:	6873      	ldr	r3, [r6, #4]
20001f10:	4798      	blx	r3
20001f12:	2800      	cmp	r0, #0
20001f14:	d006      	beq.n	20001f24 <ph_merge_nodes+0x28>
20001f16:	0022      	movs	r2, r4
20001f18:	0029      	movs	r1, r5
20001f1a:	0030      	movs	r0, r6
20001f1c:	f7ff ff9c 	bl	20001e58 <ph_add_child_node>
20001f20:	0028      	movs	r0, r5
20001f22:	e007      	b.n	20001f34 <ph_merge_nodes+0x38>
20001f24:	002a      	movs	r2, r5
20001f26:	0021      	movs	r1, r4
20001f28:	0030      	movs	r0, r6
20001f2a:	f7ff ff95 	bl	20001e58 <ph_add_child_node>
20001f2e:	0020      	movs	r0, r4
20001f30:	e000      	b.n	20001f34 <ph_merge_nodes+0x38>
20001f32:	0010      	movs	r0, r2
20001f34:	bd70      	pop	{r4, r5, r6, pc}
20001f36:	0008      	movs	r0, r1
20001f38:	e7fc      	b.n	20001f34 <ph_merge_nodes+0x38>
	...

20001f3c <ph_clear>:
20001f3c:	b510      	push	{r4, lr}
20001f3e:	2300      	movs	r3, #0
20001f40:	7343      	strb	r3, [r0, #13]
20001f42:	3301      	adds	r3, #1
20001f44:	7383      	strb	r3, [r0, #14]
20001f46:	7b03      	ldrb	r3, [r0, #12]
20001f48:	73c3      	strb	r3, [r0, #15]
20001f4a:	2301      	movs	r3, #1
20001f4c:	7b02      	ldrb	r2, [r0, #12]
20001f4e:	429a      	cmp	r2, r3
20001f50:	d914      	bls.n	20001f7c <ph_clear+0x40>
20001f52:	2b00      	cmp	r3, #0
20001f54:	d00c      	beq.n	20001f70 <ph_clear+0x34>
20001f56:	7b02      	ldrb	r2, [r0, #12]
20001f58:	4293      	cmp	r3, r2
20001f5a:	d809      	bhi.n	20001f70 <ph_clear+0x34>
20001f5c:	005a      	lsls	r2, r3, #1
20001f5e:	18d2      	adds	r2, r2, r3
20001f60:	3a03      	subs	r2, #3
20001f62:	6801      	ldr	r1, [r0, #0]
20001f64:	468c      	mov	ip, r1
20001f66:	4462      	add	r2, ip
20001f68:	3301      	adds	r3, #1
20001f6a:	b2db      	uxtb	r3, r3
20001f6c:	7053      	strb	r3, [r2, #1]
20001f6e:	e7ed      	b.n	20001f4c <ph_clear+0x10>
20001f70:	4b0b      	ldr	r3, [pc, #44]	; (20001fa0 <ph_clear+0x64>)
20001f72:	4a0c      	ldr	r2, [pc, #48]	; (20001fa4 <ph_clear+0x68>)
20001f74:	2168      	movs	r1, #104	; 0x68
20001f76:	480c      	ldr	r0, [pc, #48]	; (20001fa8 <ph_clear+0x6c>)
20001f78:	f000 fc32 	bl	200027e0 <__assert_func>
20001f7c:	2a00      	cmp	r2, #0
20001f7e:	d009      	beq.n	20001f94 <ph_clear+0x58>
20001f80:	4292      	cmp	r2, r2
20001f82:	d807      	bhi.n	20001f94 <ph_clear+0x58>
20001f84:	6801      	ldr	r1, [r0, #0]
20001f86:	0053      	lsls	r3, r2, #1
20001f88:	189a      	adds	r2, r3, r2
20001f8a:	3a03      	subs	r2, #3
20001f8c:	188a      	adds	r2, r1, r2
20001f8e:	2300      	movs	r3, #0
20001f90:	7053      	strb	r3, [r2, #1]
20001f92:	bd10      	pop	{r4, pc}
20001f94:	4b02      	ldr	r3, [pc, #8]	; (20001fa0 <ph_clear+0x64>)
20001f96:	4a03      	ldr	r2, [pc, #12]	; (20001fa4 <ph_clear+0x68>)
20001f98:	2168      	movs	r1, #104	; 0x68
20001f9a:	4803      	ldr	r0, [pc, #12]	; (20001fa8 <ph_clear+0x6c>)
20001f9c:	f000 fc20 	bl	200027e0 <__assert_func>
20001fa0:	20005a4c 	.word	0x20005a4c
20001fa4:	20005ebc 	.word	0x20005ebc
20001fa8:	20005a68 	.word	0x20005a68

20001fac <ph_post_alloc_init>:
20001fac:	b510      	push	{r4, lr}
20001fae:	7301      	strb	r1, [r0, #12]
20001fb0:	6042      	str	r2, [r0, #4]
20001fb2:	6083      	str	r3, [r0, #8]
20001fb4:	f7ff ffc2 	bl	20001f3c <ph_clear>
20001fb8:	bd10      	pop	{r4, pc}
	...

20001fbc <ph_merge_two_pass>:
20001fbc:	b570      	push	{r4, r5, r6, lr}
20001fbe:	0004      	movs	r4, r0
20001fc0:	1e08      	subs	r0, r1, #0
20001fc2:	d100      	bne.n	20001fc6 <ph_merge_two_pass+0xa>
20001fc4:	bd70      	pop	{r4, r5, r6, pc}
20001fc6:	2900      	cmp	r1, #0
20001fc8:	d034      	beq.n	20002034 <ph_merge_two_pass+0x78>
20001fca:	7b23      	ldrb	r3, [r4, #12]
20001fcc:	4299      	cmp	r1, r3
20001fce:	d831      	bhi.n	20002034 <ph_merge_two_pass+0x78>
20001fd0:	004b      	lsls	r3, r1, #1
20001fd2:	185b      	adds	r3, r3, r1
20001fd4:	3b03      	subs	r3, #3
20001fd6:	6822      	ldr	r2, [r4, #0]
20001fd8:	4694      	mov	ip, r2
20001fda:	4463      	add	r3, ip
20001fdc:	785a      	ldrb	r2, [r3, #1]
20001fde:	2a00      	cmp	r2, #0
20001fe0:	d0f0      	beq.n	20001fc4 <ph_merge_two_pass+0x8>
20001fe2:	d02d      	beq.n	20002040 <ph_merge_two_pass+0x84>
20001fe4:	7b23      	ldrb	r3, [r4, #12]
20001fe6:	429a      	cmp	r2, r3
20001fe8:	d82a      	bhi.n	20002040 <ph_merge_two_pass+0x84>
20001fea:	0053      	lsls	r3, r2, #1
20001fec:	189b      	adds	r3, r3, r2
20001fee:	3b03      	subs	r3, #3
20001ff0:	6821      	ldr	r1, [r4, #0]
20001ff2:	468c      	mov	ip, r1
20001ff4:	4463      	add	r3, ip
20001ff6:	785d      	ldrb	r5, [r3, #1]
20001ff8:	2100      	movs	r1, #0
20001ffa:	7059      	strb	r1, [r3, #1]
20001ffc:	2800      	cmp	r0, #0
20001ffe:	d025      	beq.n	2000204c <ph_merge_two_pass+0x90>
20002000:	7b23      	ldrb	r3, [r4, #12]
20002002:	4298      	cmp	r0, r3
20002004:	d822      	bhi.n	2000204c <ph_merge_two_pass+0x90>
20002006:	0043      	lsls	r3, r0, #1
20002008:	181b      	adds	r3, r3, r0
2000200a:	3b03      	subs	r3, #3
2000200c:	6821      	ldr	r1, [r4, #0]
2000200e:	468c      	mov	ip, r1
20002010:	4463      	add	r3, ip
20002012:	2100      	movs	r1, #0
20002014:	7059      	strb	r1, [r3, #1]
20002016:	0001      	movs	r1, r0
20002018:	0020      	movs	r0, r4
2000201a:	f7ff ff6f 	bl	20001efc <ph_merge_nodes>
2000201e:	0006      	movs	r6, r0
20002020:	0029      	movs	r1, r5
20002022:	0020      	movs	r0, r4
20002024:	f7ff ffca 	bl	20001fbc <ph_merge_two_pass>
20002028:	0002      	movs	r2, r0
2000202a:	0031      	movs	r1, r6
2000202c:	0020      	movs	r0, r4
2000202e:	f7ff ff65 	bl	20001efc <ph_merge_nodes>
20002032:	e7c7      	b.n	20001fc4 <ph_merge_two_pass+0x8>
20002034:	4b08      	ldr	r3, [pc, #32]	; (20002058 <ph_merge_two_pass+0x9c>)
20002036:	4a09      	ldr	r2, [pc, #36]	; (2000205c <ph_merge_two_pass+0xa0>)
20002038:	2168      	movs	r1, #104	; 0x68
2000203a:	4809      	ldr	r0, [pc, #36]	; (20002060 <ph_merge_two_pass+0xa4>)
2000203c:	f000 fbd0 	bl	200027e0 <__assert_func>
20002040:	4b05      	ldr	r3, [pc, #20]	; (20002058 <ph_merge_two_pass+0x9c>)
20002042:	4a06      	ldr	r2, [pc, #24]	; (2000205c <ph_merge_two_pass+0xa0>)
20002044:	2168      	movs	r1, #104	; 0x68
20002046:	4806      	ldr	r0, [pc, #24]	; (20002060 <ph_merge_two_pass+0xa4>)
20002048:	f000 fbca 	bl	200027e0 <__assert_func>
2000204c:	4b02      	ldr	r3, [pc, #8]	; (20002058 <ph_merge_two_pass+0x9c>)
2000204e:	4a03      	ldr	r2, [pc, #12]	; (2000205c <ph_merge_two_pass+0xa0>)
20002050:	2168      	movs	r1, #104	; 0x68
20002052:	4803      	ldr	r0, [pc, #12]	; (20002060 <ph_merge_two_pass+0xa4>)
20002054:	f000 fbc4 	bl	200027e0 <__assert_func>
20002058:	20005a4c 	.word	0x20005a4c
2000205c:	20005ebc 	.word	0x20005ebc
20002060:	20005a68 	.word	0x20005a68

20002064 <ph_remove_any_head>:
20002064:	b570      	push	{r4, r5, r6, lr}
20002066:	0005      	movs	r5, r0
20002068:	000c      	movs	r4, r1
2000206a:	0016      	movs	r6, r2
2000206c:	2900      	cmp	r1, #0
2000206e:	d02f      	beq.n	200020d0 <ph_remove_any_head+0x6c>
20002070:	d034      	beq.n	200020dc <ph_remove_any_head+0x78>
20002072:	7b03      	ldrb	r3, [r0, #12]
20002074:	4299      	cmp	r1, r3
20002076:	d831      	bhi.n	200020dc <ph_remove_any_head+0x78>
20002078:	004b      	lsls	r3, r1, #1
2000207a:	185b      	adds	r3, r3, r1
2000207c:	3b03      	subs	r3, #3
2000207e:	6802      	ldr	r2, [r0, #0]
20002080:	4694      	mov	ip, r2
20002082:	4463      	add	r3, ip
20002084:	785a      	ldrb	r2, [r3, #1]
20002086:	2a00      	cmp	r2, #0
20002088:	d12e      	bne.n	200020e8 <ph_remove_any_head+0x84>
2000208a:	789a      	ldrb	r2, [r3, #2]
2000208c:	2a00      	cmp	r2, #0
2000208e:	d131      	bne.n	200020f4 <ph_remove_any_head+0x90>
20002090:	7819      	ldrb	r1, [r3, #0]
20002092:	f7ff ff93 	bl	20001fbc <ph_merge_two_pass>
20002096:	0003      	movs	r3, r0
20002098:	2e00      	cmp	r6, #0
2000209a:	d00a      	beq.n	200020b2 <ph_remove_any_head+0x4e>
2000209c:	7bea      	ldrb	r2, [r5, #15]
2000209e:	2a00      	cmp	r2, #0
200020a0:	d12e      	bne.n	20002100 <ph_remove_any_head+0x9c>
200020a2:	7baa      	ldrb	r2, [r5, #14]
200020a4:	2a00      	cmp	r2, #0
200020a6:	d103      	bne.n	200020b0 <ph_remove_any_head+0x4c>
200020a8:	7bea      	ldrb	r2, [r5, #15]
200020aa:	2a00      	cmp	r2, #0
200020ac:	d13b      	bne.n	20002126 <ph_remove_any_head+0xc2>
200020ae:	73ac      	strb	r4, [r5, #14]
200020b0:	73ec      	strb	r4, [r5, #15]
200020b2:	2b00      	cmp	r3, #0
200020b4:	d13d      	bne.n	20002132 <ph_remove_any_head+0xce>
200020b6:	2c00      	cmp	r4, #0
200020b8:	d04f      	beq.n	2000215a <ph_remove_any_head+0xf6>
200020ba:	7b2b      	ldrb	r3, [r5, #12]
200020bc:	429c      	cmp	r4, r3
200020be:	d84c      	bhi.n	2000215a <ph_remove_any_head+0xf6>
200020c0:	682b      	ldr	r3, [r5, #0]
200020c2:	0061      	lsls	r1, r4, #1
200020c4:	190c      	adds	r4, r1, r4
200020c6:	3c03      	subs	r4, #3
200020c8:	191c      	adds	r4, r3, r4
200020ca:	2300      	movs	r3, #0
200020cc:	7063      	strb	r3, [r4, #1]
200020ce:	bd70      	pop	{r4, r5, r6, pc}
200020d0:	4b25      	ldr	r3, [pc, #148]	; (20002168 <ph_remove_any_head+0x104>)
200020d2:	4a26      	ldr	r2, [pc, #152]	; (2000216c <ph_remove_any_head+0x108>)
200020d4:	2138      	movs	r1, #56	; 0x38
200020d6:	4826      	ldr	r0, [pc, #152]	; (20002170 <ph_remove_any_head+0x10c>)
200020d8:	f000 fb82 	bl	200027e0 <__assert_func>
200020dc:	4b25      	ldr	r3, [pc, #148]	; (20002174 <ph_remove_any_head+0x110>)
200020de:	4a26      	ldr	r2, [pc, #152]	; (20002178 <ph_remove_any_head+0x114>)
200020e0:	2168      	movs	r1, #104	; 0x68
200020e2:	4826      	ldr	r0, [pc, #152]	; (2000217c <ph_remove_any_head+0x118>)
200020e4:	f000 fb7c 	bl	200027e0 <__assert_func>
200020e8:	4b25      	ldr	r3, [pc, #148]	; (20002180 <ph_remove_any_head+0x11c>)
200020ea:	4a20      	ldr	r2, [pc, #128]	; (2000216c <ph_remove_any_head+0x108>)
200020ec:	213a      	movs	r1, #58	; 0x3a
200020ee:	4820      	ldr	r0, [pc, #128]	; (20002170 <ph_remove_any_head+0x10c>)
200020f0:	f000 fb76 	bl	200027e0 <__assert_func>
200020f4:	4b23      	ldr	r3, [pc, #140]	; (20002184 <ph_remove_any_head+0x120>)
200020f6:	4a1d      	ldr	r2, [pc, #116]	; (2000216c <ph_remove_any_head+0x108>)
200020f8:	213b      	movs	r1, #59	; 0x3b
200020fa:	481d      	ldr	r0, [pc, #116]	; (20002170 <ph_remove_any_head+0x10c>)
200020fc:	f000 fb70 	bl	200027e0 <__assert_func>
20002100:	2a00      	cmp	r2, #0
20002102:	d00a      	beq.n	2000211a <ph_remove_any_head+0xb6>
20002104:	7b29      	ldrb	r1, [r5, #12]
20002106:	428a      	cmp	r2, r1
20002108:	d807      	bhi.n	2000211a <ph_remove_any_head+0xb6>
2000210a:	0051      	lsls	r1, r2, #1
2000210c:	188a      	adds	r2, r1, r2
2000210e:	3a03      	subs	r2, #3
20002110:	6829      	ldr	r1, [r5, #0]
20002112:	468c      	mov	ip, r1
20002114:	4462      	add	r2, ip
20002116:	7054      	strb	r4, [r2, #1]
20002118:	e7c3      	b.n	200020a2 <ph_remove_any_head+0x3e>
2000211a:	4b16      	ldr	r3, [pc, #88]	; (20002174 <ph_remove_any_head+0x110>)
2000211c:	4a16      	ldr	r2, [pc, #88]	; (20002178 <ph_remove_any_head+0x114>)
2000211e:	2168      	movs	r1, #104	; 0x68
20002120:	4816      	ldr	r0, [pc, #88]	; (2000217c <ph_remove_any_head+0x118>)
20002122:	f000 fb5d 	bl	200027e0 <__assert_func>
20002126:	4b18      	ldr	r3, [pc, #96]	; (20002188 <ph_remove_any_head+0x124>)
20002128:	4a10      	ldr	r2, [pc, #64]	; (2000216c <ph_remove_any_head+0x108>)
2000212a:	2142      	movs	r1, #66	; 0x42
2000212c:	4810      	ldr	r0, [pc, #64]	; (20002170 <ph_remove_any_head+0x10c>)
2000212e:	f000 fb57 	bl	200027e0 <__assert_func>
20002132:	2b00      	cmp	r3, #0
20002134:	d00b      	beq.n	2000214e <ph_remove_any_head+0xea>
20002136:	7b2a      	ldrb	r2, [r5, #12]
20002138:	4293      	cmp	r3, r2
2000213a:	d808      	bhi.n	2000214e <ph_remove_any_head+0xea>
2000213c:	0043      	lsls	r3, r0, #1
2000213e:	181b      	adds	r3, r3, r0
20002140:	3b03      	subs	r3, #3
20002142:	682a      	ldr	r2, [r5, #0]
20002144:	4694      	mov	ip, r2
20002146:	4463      	add	r3, ip
20002148:	2200      	movs	r2, #0
2000214a:	709a      	strb	r2, [r3, #2]
2000214c:	e7b3      	b.n	200020b6 <ph_remove_any_head+0x52>
2000214e:	4b09      	ldr	r3, [pc, #36]	; (20002174 <ph_remove_any_head+0x110>)
20002150:	4a09      	ldr	r2, [pc, #36]	; (20002178 <ph_remove_any_head+0x114>)
20002152:	2168      	movs	r1, #104	; 0x68
20002154:	4809      	ldr	r0, [pc, #36]	; (2000217c <ph_remove_any_head+0x118>)
20002156:	f000 fb43 	bl	200027e0 <__assert_func>
2000215a:	4b06      	ldr	r3, [pc, #24]	; (20002174 <ph_remove_any_head+0x110>)
2000215c:	4a06      	ldr	r2, [pc, #24]	; (20002178 <ph_remove_any_head+0x114>)
2000215e:	2168      	movs	r1, #104	; 0x68
20002160:	4806      	ldr	r0, [pc, #24]	; (2000217c <ph_remove_any_head+0x118>)
20002162:	f000 fb3d 	bl	200027e0 <__assert_func>
20002166:	46c0      	nop			; (mov r8, r8)
20002168:	20005dd4 	.word	0x20005dd4
2000216c:	20005e94 	.word	0x20005e94
20002170:	20005ddc 	.word	0x20005ddc
20002174:	20005a4c 	.word	0x20005a4c
20002178:	20005ebc 	.word	0x20005ebc
2000217c:	20005a68 	.word	0x20005a68
20002180:	20005e10 	.word	0x20005e10
20002184:	20005e38 	.word	0x20005e38
20002188:	20005b8c 	.word	0x20005b8c

2000218c <ph_remove_head>:
2000218c:	b570      	push	{r4, r5, r6, lr}
2000218e:	0004      	movs	r4, r0
20002190:	000a      	movs	r2, r1
20002192:	7b45      	ldrb	r5, [r0, #13]
20002194:	0029      	movs	r1, r5
20002196:	f7ff ff65 	bl	20002064 <ph_remove_any_head>
2000219a:	7360      	strb	r0, [r4, #13]
2000219c:	0028      	movs	r0, r5
2000219e:	bd70      	pop	{r4, r5, r6, pc}

200021a0 <ph_remove_and_free_node>:
200021a0:	b570      	push	{r4, r5, r6, lr}
200021a2:	0004      	movs	r4, r0
200021a4:	2900      	cmp	r1, #0
200021a6:	d067      	beq.n	20002278 <ph_remove_and_free_node+0xd8>
200021a8:	7b43      	ldrb	r3, [r0, #13]
200021aa:	428b      	cmp	r3, r1
200021ac:	d00e      	beq.n	200021cc <ph_remove_and_free_node+0x2c>
200021ae:	2900      	cmp	r1, #0
200021b0:	d011      	beq.n	200021d6 <ph_remove_and_free_node+0x36>
200021b2:	7b03      	ldrb	r3, [r0, #12]
200021b4:	4299      	cmp	r1, r3
200021b6:	d80e      	bhi.n	200021d6 <ph_remove_and_free_node+0x36>
200021b8:	004b      	lsls	r3, r1, #1
200021ba:	185b      	adds	r3, r3, r1
200021bc:	3b03      	subs	r3, #3
200021be:	6802      	ldr	r2, [r0, #0]
200021c0:	18d0      	adds	r0, r2, r3
200021c2:	7883      	ldrb	r3, [r0, #2]
200021c4:	2b00      	cmp	r3, #0
200021c6:	d10c      	bne.n	200021e2 <ph_remove_and_free_node+0x42>
200021c8:	2000      	movs	r0, #0
200021ca:	e056      	b.n	2000227a <ph_remove_and_free_node+0xda>
200021cc:	2101      	movs	r1, #1
200021ce:	f7ff ffdd 	bl	2000218c <ph_remove_head>
200021d2:	2001      	movs	r0, #1
200021d4:	e051      	b.n	2000227a <ph_remove_and_free_node+0xda>
200021d6:	4b29      	ldr	r3, [pc, #164]	; (2000227c <ph_remove_and_free_node+0xdc>)
200021d8:	4a29      	ldr	r2, [pc, #164]	; (20002280 <ph_remove_and_free_node+0xe0>)
200021da:	2168      	movs	r1, #104	; 0x68
200021dc:	4829      	ldr	r0, [pc, #164]	; (20002284 <ph_remove_and_free_node+0xe4>)
200021de:	f000 faff 	bl	200027e0 <__assert_func>
200021e2:	2b00      	cmp	r3, #0
200021e4:	d020      	beq.n	20002228 <ph_remove_and_free_node+0x88>
200021e6:	7b22      	ldrb	r2, [r4, #12]
200021e8:	4293      	cmp	r3, r2
200021ea:	d81d      	bhi.n	20002228 <ph_remove_and_free_node+0x88>
200021ec:	005a      	lsls	r2, r3, #1
200021ee:	18d3      	adds	r3, r2, r3
200021f0:	3b03      	subs	r3, #3
200021f2:	6822      	ldr	r2, [r4, #0]
200021f4:	18d2      	adds	r2, r2, r3
200021f6:	6825      	ldr	r5, [r4, #0]
200021f8:	5ceb      	ldrb	r3, [r5, r3]
200021fa:	428b      	cmp	r3, r1
200021fc:	d01a      	beq.n	20002234 <ph_remove_and_free_node+0x94>
200021fe:	2b00      	cmp	r3, #0
20002200:	d01b      	beq.n	2000223a <ph_remove_and_free_node+0x9a>
20002202:	7b22      	ldrb	r2, [r4, #12]
20002204:	4293      	cmp	r3, r2
20002206:	d818      	bhi.n	2000223a <ph_remove_and_free_node+0x9a>
20002208:	005a      	lsls	r2, r3, #1
2000220a:	18d3      	adds	r3, r2, r3
2000220c:	3b03      	subs	r3, #3
2000220e:	6822      	ldr	r2, [r4, #0]
20002210:	18d2      	adds	r2, r2, r3
20002212:	7853      	ldrb	r3, [r2, #1]
20002214:	428b      	cmp	r3, r1
20002216:	d016      	beq.n	20002246 <ph_remove_and_free_node+0xa6>
20002218:	2b00      	cmp	r3, #0
2000221a:	d1f0      	bne.n	200021fe <ph_remove_and_free_node+0x5e>
2000221c:	4b1a      	ldr	r3, [pc, #104]	; (20002288 <ph_remove_and_free_node+0xe8>)
2000221e:	4a1b      	ldr	r2, [pc, #108]	; (2000228c <ph_remove_and_free_node+0xec>)
20002220:	216b      	movs	r1, #107	; 0x6b
20002222:	481b      	ldr	r0, [pc, #108]	; (20002290 <ph_remove_and_free_node+0xf0>)
20002224:	f000 fadc 	bl	200027e0 <__assert_func>
20002228:	4b14      	ldr	r3, [pc, #80]	; (2000227c <ph_remove_and_free_node+0xdc>)
2000222a:	4a15      	ldr	r2, [pc, #84]	; (20002280 <ph_remove_and_free_node+0xe0>)
2000222c:	2168      	movs	r1, #104	; 0x68
2000222e:	4815      	ldr	r0, [pc, #84]	; (20002284 <ph_remove_and_free_node+0xe4>)
20002230:	f000 fad6 	bl	200027e0 <__assert_func>
20002234:	7843      	ldrb	r3, [r0, #1]
20002236:	7013      	strb	r3, [r2, #0]
20002238:	e007      	b.n	2000224a <ph_remove_and_free_node+0xaa>
2000223a:	4b10      	ldr	r3, [pc, #64]	; (2000227c <ph_remove_and_free_node+0xdc>)
2000223c:	4a10      	ldr	r2, [pc, #64]	; (20002280 <ph_remove_and_free_node+0xe0>)
2000223e:	2168      	movs	r1, #104	; 0x68
20002240:	4810      	ldr	r0, [pc, #64]	; (20002284 <ph_remove_and_free_node+0xe4>)
20002242:	f000 facd 	bl	200027e0 <__assert_func>
20002246:	7843      	ldrb	r3, [r0, #1]
20002248:	7053      	strb	r3, [r2, #1]
2000224a:	2300      	movs	r3, #0
2000224c:	7083      	strb	r3, [r0, #2]
2000224e:	7043      	strb	r3, [r0, #1]
20002250:	2201      	movs	r2, #1
20002252:	0020      	movs	r0, r4
20002254:	f7ff ff06 	bl	20002064 <ph_remove_any_head>
20002258:	0002      	movs	r2, r0
2000225a:	7b61      	ldrb	r1, [r4, #13]
2000225c:	4281      	cmp	r1, r0
2000225e:	d005      	beq.n	2000226c <ph_remove_and_free_node+0xcc>
20002260:	0020      	movs	r0, r4
20002262:	f7ff fe4b 	bl	20001efc <ph_merge_nodes>
20002266:	7360      	strb	r0, [r4, #13]
20002268:	2001      	movs	r0, #1
2000226a:	e006      	b.n	2000227a <ph_remove_and_free_node+0xda>
2000226c:	4b09      	ldr	r3, [pc, #36]	; (20002294 <ph_remove_and_free_node+0xf4>)
2000226e:	4a07      	ldr	r2, [pc, #28]	; (2000228c <ph_remove_and_free_node+0xec>)
20002270:	2171      	movs	r1, #113	; 0x71
20002272:	4807      	ldr	r0, [pc, #28]	; (20002290 <ph_remove_and_free_node+0xf0>)
20002274:	f000 fab4 	bl	200027e0 <__assert_func>
20002278:	2000      	movs	r0, #0
2000227a:	bd70      	pop	{r4, r5, r6, pc}
2000227c:	20005a4c 	.word	0x20005a4c
20002280:	20005ebc 	.word	0x20005ebc
20002284:	20005a68 	.word	0x20005a68
20002288:	2000584c 	.word	0x2000584c
2000228c:	20005e7c 	.word	0x20005e7c
20002290:	20005ddc 	.word	0x20005ddc
20002294:	20005e5c 	.word	0x20005e5c

20002298 <uart_disable_before_lcr_write>:
20002298:	b570      	push	{r4, r5, r6, lr}
2000229a:	6b04      	ldr	r4, [r0, #48]	; 0x30
2000229c:	07e3      	lsls	r3, r4, #31
2000229e:	d401      	bmi.n	200022a4 <uart_disable_before_lcr_write+0xc>
200022a0:	0020      	movs	r0, r4
200022a2:	bd70      	pop	{r4, r5, r6, pc}
200022a4:	0002      	movs	r2, r0
200022a6:	3230      	adds	r2, #48	; 0x30
200022a8:	23c0      	movs	r3, #192	; 0xc0
200022aa:	019b      	lsls	r3, r3, #6
200022ac:	4313      	orrs	r3, r2
200022ae:	4a0a      	ldr	r2, [pc, #40]	; (200022d8 <uart_disable_before_lcr_write+0x40>)
200022b0:	601a      	str	r2, [r3, #0]
200022b2:	6a45      	ldr	r5, [r0, #36]	; 0x24
200022b4:	6a82      	ldr	r2, [r0, #40]	; 0x28
200022b6:	01ad      	lsls	r5, r5, #6
200022b8:	18ad      	adds	r5, r5, r2
200022ba:	02ad      	lsls	r5, r5, #10
200022bc:	2006      	movs	r0, #6
200022be:	f000 f9d3 	bl	20002668 <clock_get_hz>
200022c2:	4906      	ldr	r1, [pc, #24]	; (200022dc <uart_disable_before_lcr_write+0x44>)
200022c4:	f001 fc3a 	bl	20003b3c <__wrap___aeabi_uidiv>
200022c8:	0001      	movs	r1, r0
200022ca:	0028      	movs	r0, r5
200022cc:	f001 fc36 	bl	20003b3c <__wrap___aeabi_uidiv>
200022d0:	2100      	movs	r1, #0
200022d2:	f7ff fcc1 	bl	20001c58 <busy_wait_us>
200022d6:	e7e3      	b.n	200022a0 <uart_disable_before_lcr_write+0x8>
200022d8:	00000301 	.word	0x00000301
200022dc:	00000e4e 	.word	0x00000e4e

200022e0 <uart_write_lcr_bits_masked>:
200022e0:	b570      	push	{r4, r5, r6, lr}
200022e2:	0004      	movs	r4, r0
200022e4:	000e      	movs	r6, r1
200022e6:	0015      	movs	r5, r2
200022e8:	f7ff ffd6 	bl	20002298 <uart_disable_before_lcr_write>
200022ec:	0022      	movs	r2, r4
200022ee:	322c      	adds	r2, #44	; 0x2c
200022f0:	6ae1      	ldr	r1, [r4, #44]	; 0x2c
200022f2:	404e      	eors	r6, r1
200022f4:	4035      	ands	r5, r6
200022f6:	2380      	movs	r3, #128	; 0x80
200022f8:	015b      	lsls	r3, r3, #5
200022fa:	4313      	orrs	r3, r2
200022fc:	601d      	str	r5, [r3, #0]
200022fe:	6320      	str	r0, [r4, #48]	; 0x30
20002300:	bd70      	pop	{r4, r5, r6, pc}
	...

20002304 <uart_set_baudrate>:
20002304:	b570      	push	{r4, r5, r6, lr}
20002306:	0005      	movs	r5, r0
20002308:	000c      	movs	r4, r1
2000230a:	2006      	movs	r0, #6
2000230c:	f000 f9ac 	bl	20002668 <clock_get_hz>
20002310:	00c0      	lsls	r0, r0, #3
20002312:	0021      	movs	r1, r4
20002314:	f001 fc12 	bl	20003b3c <__wrap___aeabi_uidiv>
20002318:	09c6      	lsrs	r6, r0, #7
2000231a:	d008      	beq.n	2000232e <uart_set_baudrate+0x2a>
2000231c:	4b0e      	ldr	r3, [pc, #56]	; (20002358 <uart_set_baudrate+0x54>)
2000231e:	429e      	cmp	r6, r3
20002320:	d816      	bhi.n	20002350 <uart_set_baudrate+0x4c>
20002322:	237f      	movs	r3, #127	; 0x7f
20002324:	4018      	ands	r0, r3
20002326:	3001      	adds	r0, #1
20002328:	0034      	movs	r4, r6
2000232a:	0846      	lsrs	r6, r0, #1
2000232c:	e000      	b.n	20002330 <uart_set_baudrate+0x2c>
2000232e:	2401      	movs	r4, #1
20002330:	626c      	str	r4, [r5, #36]	; 0x24
20002332:	62ae      	str	r6, [r5, #40]	; 0x28
20002334:	2200      	movs	r2, #0
20002336:	2100      	movs	r1, #0
20002338:	0028      	movs	r0, r5
2000233a:	f7ff ffd1 	bl	200022e0 <uart_write_lcr_bits_masked>
2000233e:	2006      	movs	r0, #6
20002340:	f000 f992 	bl	20002668 <clock_get_hz>
20002344:	0080      	lsls	r0, r0, #2
20002346:	01a1      	lsls	r1, r4, #6
20002348:	1989      	adds	r1, r1, r6
2000234a:	f001 fbf7 	bl	20003b3c <__wrap___aeabi_uidiv>
2000234e:	bd70      	pop	{r4, r5, r6, pc}
20002350:	2600      	movs	r6, #0
20002352:	4c02      	ldr	r4, [pc, #8]	; (2000235c <uart_set_baudrate+0x58>)
20002354:	e7ec      	b.n	20002330 <uart_set_baudrate+0x2c>
20002356:	46c0      	nop			; (mov r8, r8)
20002358:	0000fffe 	.word	0x0000fffe
2000235c:	0000ffff 	.word	0x0000ffff

20002360 <uart_set_format>:
20002360:	b510      	push	{r4, lr}
20002362:	3905      	subs	r1, #5
20002364:	0149      	lsls	r1, r1, #5
20002366:	3a01      	subs	r2, #1
20002368:	00d2      	lsls	r2, r2, #3
2000236a:	4311      	orrs	r1, r2
2000236c:	2b00      	cmp	r3, #0
2000236e:	d009      	beq.n	20002384 <uart_set_format+0x24>
20002370:	2202      	movs	r2, #2
20002372:	430a      	orrs	r2, r1
20002374:	2b01      	cmp	r3, #1
20002376:	d007      	beq.n	20002388 <uart_set_format+0x28>
20002378:	2100      	movs	r1, #0
2000237a:	4311      	orrs	r1, r2
2000237c:	226e      	movs	r2, #110	; 0x6e
2000237e:	f7ff ffaf 	bl	200022e0 <uart_write_lcr_bits_masked>
20002382:	bd10      	pop	{r4, pc}
20002384:	2200      	movs	r2, #0
20002386:	e7f4      	b.n	20002372 <uart_set_format+0x12>
20002388:	2104      	movs	r1, #4
2000238a:	e7f6      	b.n	2000237a <uart_set_format+0x1a>

2000238c <uart_set_translate_crlf>:
2000238c:	2900      	cmp	r1, #0
2000238e:	d009      	beq.n	200023a4 <uart_set_translate_crlf+0x18>
20002390:	220a      	movs	r2, #10
20002392:	4b06      	ldr	r3, [pc, #24]	; (200023ac <uart_set_translate_crlf+0x20>)
20002394:	469c      	mov	ip, r3
20002396:	4460      	add	r0, ip
20002398:	4243      	negs	r3, r0
2000239a:	4158      	adcs	r0, r3
2000239c:	0040      	lsls	r0, r0, #1
2000239e:	4b04      	ldr	r3, [pc, #16]	; (200023b0 <uart_set_translate_crlf+0x24>)
200023a0:	52c2      	strh	r2, [r0, r3]
200023a2:	4770      	bx	lr
200023a4:	2280      	movs	r2, #128	; 0x80
200023a6:	0052      	lsls	r2, r2, #1
200023a8:	e7f3      	b.n	20002392 <uart_set_translate_crlf+0x6>
200023aa:	46c0      	nop			; (mov r8, r8)
200023ac:	bffc8000 	.word	0xbffc8000
200023b0:	20006dbc 	.word	0x20006dbc

200023b4 <uart_init>:
200023b4:	b570      	push	{r4, r5, r6, lr}
200023b6:	0005      	movs	r5, r0
200023b8:	000c      	movs	r4, r1
200023ba:	2006      	movs	r0, #6
200023bc:	f000 f954 	bl	20002668 <clock_get_hz>
200023c0:	1e06      	subs	r6, r0, #0
200023c2:	d027      	beq.n	20002414 <uart_init+0x60>
200023c4:	4b16      	ldr	r3, [pc, #88]	; (20002420 <uart_init+0x6c>)
200023c6:	429d      	cmp	r5, r3
200023c8:	d026      	beq.n	20002418 <uart_init+0x64>
200023ca:	2280      	movs	r2, #128	; 0x80
200023cc:	03d2      	lsls	r2, r2, #15
200023ce:	4b15      	ldr	r3, [pc, #84]	; (20002424 <uart_init+0x70>)
200023d0:	601a      	str	r2, [r3, #0]
200023d2:	4b15      	ldr	r3, [pc, #84]	; (20002428 <uart_init+0x74>)
200023d4:	601a      	str	r2, [r3, #0]
200023d6:	4b15      	ldr	r3, [pc, #84]	; (2000242c <uart_init+0x78>)
200023d8:	689b      	ldr	r3, [r3, #8]
200023da:	0011      	movs	r1, r2
200023dc:	4399      	bics	r1, r3
200023de:	d1fa      	bne.n	200023d6 <uart_init+0x22>
200023e0:	2100      	movs	r1, #0
200023e2:	0028      	movs	r0, r5
200023e4:	f7ff ffd2 	bl	2000238c <uart_set_translate_crlf>
200023e8:	0021      	movs	r1, r4
200023ea:	0028      	movs	r0, r5
200023ec:	f7ff ff8a 	bl	20002304 <uart_set_baudrate>
200023f0:	0006      	movs	r6, r0
200023f2:	2300      	movs	r3, #0
200023f4:	2201      	movs	r2, #1
200023f6:	2108      	movs	r1, #8
200023f8:	0028      	movs	r0, r5
200023fa:	f7ff ffb1 	bl	20002360 <uart_set_format>
200023fe:	002a      	movs	r2, r5
20002400:	322c      	adds	r2, #44	; 0x2c
20002402:	2380      	movs	r3, #128	; 0x80
20002404:	019b      	lsls	r3, r3, #6
20002406:	4313      	orrs	r3, r2
20002408:	2210      	movs	r2, #16
2000240a:	601a      	str	r2, [r3, #0]
2000240c:	4b08      	ldr	r3, [pc, #32]	; (20002430 <uart_init+0x7c>)
2000240e:	632b      	str	r3, [r5, #48]	; 0x30
20002410:	2303      	movs	r3, #3
20002412:	64ab      	str	r3, [r5, #72]	; 0x48
20002414:	0030      	movs	r0, r6
20002416:	bd70      	pop	{r4, r5, r6, pc}
20002418:	2280      	movs	r2, #128	; 0x80
2000241a:	0412      	lsls	r2, r2, #16
2000241c:	e7d7      	b.n	200023ce <uart_init+0x1a>
2000241e:	46c0      	nop			; (mov r8, r8)
20002420:	40038000 	.word	0x40038000
20002424:	4000e000 	.word	0x4000e000
20002428:	4000f000 	.word	0x4000f000
2000242c:	4000c000 	.word	0x4000c000
20002430:	00000301 	.word	0x00000301

20002434 <clock_stop>:
20002434:	0043      	lsls	r3, r0, #1
20002436:	181b      	adds	r3, r3, r0
20002438:	009b      	lsls	r3, r3, #2
2000243a:	4a07      	ldr	r2, [pc, #28]	; (20002458 <clock_stop+0x24>)
2000243c:	4694      	mov	ip, r2
2000243e:	4463      	add	r3, ip
20002440:	22c0      	movs	r2, #192	; 0xc0
20002442:	0192      	lsls	r2, r2, #6
20002444:	4313      	orrs	r3, r2
20002446:	2280      	movs	r2, #128	; 0x80
20002448:	0112      	lsls	r2, r2, #4
2000244a:	601a      	str	r2, [r3, #0]
2000244c:	0080      	lsls	r0, r0, #2
2000244e:	4b03      	ldr	r3, [pc, #12]	; (2000245c <clock_stop+0x28>)
20002450:	2200      	movs	r2, #0
20002452:	50c2      	str	r2, [r0, r3]
20002454:	4770      	bx	lr
20002456:	46c0      	nop			; (mov r8, r8)
20002458:	40008000 	.word	0x40008000
2000245c:	20006a8c 	.word	0x20006a8c

20002460 <clock_configure>:
20002460:	b5f8      	push	{r3, r4, r5, r6, r7, lr}
20002462:	46de      	mov	lr, fp
20002464:	4657      	mov	r7, sl
20002466:	464e      	mov	r6, r9
20002468:	4645      	mov	r5, r8
2000246a:	b5e0      	push	{r5, r6, r7, lr}
2000246c:	0005      	movs	r5, r0
2000246e:	000f      	movs	r7, r1
20002470:	4692      	mov	sl, r2
20002472:	9a0a      	ldr	r2, [sp, #40]	; 0x28
20002474:	4293      	cmp	r3, r2
20002476:	d350      	bcc.n	2000251a <clock_configure+0xba>
20002478:	0e1a      	lsrs	r2, r3, #24
2000247a:	4691      	mov	r9, r2
2000247c:	021e      	lsls	r6, r3, #8
2000247e:	9a0a      	ldr	r2, [sp, #40]	; 0x28
20002480:	2300      	movs	r3, #0
20002482:	0030      	movs	r0, r6
20002484:	4649      	mov	r1, r9
20002486:	f001 fb97 	bl	20003bb8 <__wrap___aeabi_uldivmod>
2000248a:	4680      	mov	r8, r0
2000248c:	006c      	lsls	r4, r5, #1
2000248e:	1964      	adds	r4, r4, r5
20002490:	00a4      	lsls	r4, r4, #2
20002492:	4b30      	ldr	r3, [pc, #192]	; (20002554 <clock_configure+0xf4>)
20002494:	469c      	mov	ip, r3
20002496:	4464      	add	r4, ip
20002498:	6863      	ldr	r3, [r4, #4]
2000249a:	4283      	cmp	r3, r0
2000249c:	d200      	bcs.n	200024a0 <clock_configure+0x40>
2000249e:	6060      	str	r0, [r4, #4]
200024a0:	1f2b      	subs	r3, r5, #4
200024a2:	b2db      	uxtb	r3, r3
200024a4:	469b      	mov	fp, r3
200024a6:	2b01      	cmp	r3, #1
200024a8:	d93d      	bls.n	20002526 <clock_configure+0xc6>
200024aa:	23c0      	movs	r3, #192	; 0xc0
200024ac:	019b      	lsls	r3, r3, #6
200024ae:	4323      	orrs	r3, r4
200024b0:	2280      	movs	r2, #128	; 0x80
200024b2:	0112      	lsls	r2, r2, #4
200024b4:	601a      	str	r2, [r3, #0]
200024b6:	00ab      	lsls	r3, r5, #2
200024b8:	4a27      	ldr	r2, [pc, #156]	; (20002558 <clock_configure+0xf8>)
200024ba:	5899      	ldr	r1, [r3, r2]
200024bc:	2900      	cmp	r1, #0
200024be:	d007      	beq.n	200024d0 <clock_configure+0x70>
200024c0:	6950      	ldr	r0, [r2, #20]
200024c2:	f001 fb3b 	bl	20003b3c <__wrap___aeabi_uidiv>
200024c6:	1c43      	adds	r3, r0, #1
200024c8:	0058      	lsls	r0, r3, #1
200024ca:	18c0      	adds	r0, r0, r3
200024cc:	3803      	subs	r0, #3
200024ce:	d2fd      	bcs.n	200024cc <clock_configure+0x6c>
200024d0:	4653      	mov	r3, sl
200024d2:	015a      	lsls	r2, r3, #5
200024d4:	6823      	ldr	r3, [r4, #0]
200024d6:	405a      	eors	r2, r3
200024d8:	23e0      	movs	r3, #224	; 0xe0
200024da:	401a      	ands	r2, r3
200024dc:	2380      	movs	r3, #128	; 0x80
200024de:	015b      	lsls	r3, r3, #5
200024e0:	4323      	orrs	r3, r4
200024e2:	601a      	str	r2, [r3, #0]
200024e4:	465a      	mov	r2, fp
200024e6:	2a01      	cmp	r2, #1
200024e8:	d928      	bls.n	2000253c <clock_configure+0xdc>
200024ea:	2380      	movs	r3, #128	; 0x80
200024ec:	019b      	lsls	r3, r3, #6
200024ee:	4323      	orrs	r3, r4
200024f0:	2280      	movs	r2, #128	; 0x80
200024f2:	0112      	lsls	r2, r2, #4
200024f4:	601a      	str	r2, [r3, #0]
200024f6:	4643      	mov	r3, r8
200024f8:	6063      	str	r3, [r4, #4]
200024fa:	4642      	mov	r2, r8
200024fc:	2300      	movs	r3, #0
200024fe:	0030      	movs	r0, r6
20002500:	4649      	mov	r1, r9
20002502:	f001 fb59 	bl	20003bb8 <__wrap___aeabi_uldivmod>
20002506:	00ad      	lsls	r5, r5, #2
20002508:	4b13      	ldr	r3, [pc, #76]	; (20002558 <clock_configure+0xf8>)
2000250a:	5158      	str	r0, [r3, r5]
2000250c:	2001      	movs	r0, #1
2000250e:	bcf0      	pop	{r4, r5, r6, r7}
20002510:	46bb      	mov	fp, r7
20002512:	46b2      	mov	sl, r6
20002514:	46a9      	mov	r9, r5
20002516:	46a0      	mov	r8, r4
20002518:	bdf8      	pop	{r3, r4, r5, r6, r7, pc}
2000251a:	4b10      	ldr	r3, [pc, #64]	; (2000255c <clock_configure+0xfc>)
2000251c:	4a10      	ldr	r2, [pc, #64]	; (20002560 <clock_configure+0x100>)
2000251e:	2133      	movs	r1, #51	; 0x33
20002520:	4810      	ldr	r0, [pc, #64]	; (20002564 <clock_configure+0x104>)
20002522:	f000 f95d 	bl	200027e0 <__assert_func>
20002526:	2f01      	cmp	r7, #1
20002528:	d1bf      	bne.n	200024aa <clock_configure+0x4a>
2000252a:	23c0      	movs	r3, #192	; 0xc0
2000252c:	019b      	lsls	r3, r3, #6
2000252e:	4323      	orrs	r3, r4
20002530:	2203      	movs	r2, #3
20002532:	601a      	str	r2, [r3, #0]
20002534:	68a3      	ldr	r3, [r4, #8]
20002536:	07db      	lsls	r3, r3, #31
20002538:	d5fc      	bpl.n	20002534 <clock_configure+0xd4>
2000253a:	e7c9      	b.n	200024d0 <clock_configure+0x70>
2000253c:	6821      	ldr	r1, [r4, #0]
2000253e:	4079      	eors	r1, r7
20002540:	2203      	movs	r2, #3
20002542:	400a      	ands	r2, r1
20002544:	601a      	str	r2, [r3, #0]
20002546:	68a2      	ldr	r2, [r4, #8]
20002548:	2301      	movs	r3, #1
2000254a:	40bb      	lsls	r3, r7
2000254c:	4213      	tst	r3, r2
2000254e:	d0fa      	beq.n	20002546 <clock_configure+0xe6>
20002550:	e7cb      	b.n	200024ea <clock_configure+0x8a>
20002552:	46c0      	nop			; (mov r8, r8)
20002554:	40008000 	.word	0x40008000
20002558:	20006a8c 	.word	0x20006a8c
2000255c:	20005ec8 	.word	0x20005ec8
20002560:	20005f1c 	.word	0x20005f1c
20002564:	20005edc 	.word	0x20005edc

20002568 <clocks_init>:
20002568:	b530      	push	{r4, r5, lr}
2000256a:	b083      	sub	sp, #12
2000256c:	200c      	movs	r0, #12
2000256e:	f000 f915 	bl	2000279c <watchdog_start_tick>
20002572:	f7fe fac7 	bl	20000b04 <running_on_fpga>
20002576:	2800      	cmp	r0, #0
20002578:	d00d      	beq.n	20002596 <clocks_init+0x2e>
2000257a:	2300      	movs	r3, #0
2000257c:	e004      	b.n	20002588 <clocks_init+0x20>
2000257e:	0099      	lsls	r1, r3, #2
20002580:	4a2d      	ldr	r2, [pc, #180]	; (20002638 <clocks_init+0xd0>)
20002582:	482e      	ldr	r0, [pc, #184]	; (2000263c <clocks_init+0xd4>)
20002584:	5088      	str	r0, [r1, r2]
20002586:	3301      	adds	r3, #1
20002588:	2b09      	cmp	r3, #9
2000258a:	d9f8      	bls.n	2000257e <clocks_init+0x16>
2000258c:	4b2a      	ldr	r3, [pc, #168]	; (20002638 <clocks_init+0xd0>)
2000258e:	4a2c      	ldr	r2, [pc, #176]	; (20002640 <clocks_init+0xd8>)
20002590:	625a      	str	r2, [r3, #36]	; 0x24
20002592:	b003      	add	sp, #12
20002594:	bd30      	pop	{r4, r5, pc}
20002596:	4b2b      	ldr	r3, [pc, #172]	; (20002644 <clocks_init+0xdc>)
20002598:	2200      	movs	r2, #0
2000259a:	679a      	str	r2, [r3, #120]	; 0x78
2000259c:	f000 f906 	bl	200027ac <xosc_init>
200025a0:	4b29      	ldr	r3, [pc, #164]	; (20002648 <clocks_init+0xe0>)
200025a2:	2201      	movs	r2, #1
200025a4:	601a      	str	r2, [r3, #0]
200025a6:	4b27      	ldr	r3, [pc, #156]	; (20002644 <clocks_init+0xdc>)
200025a8:	6c5b      	ldr	r3, [r3, #68]	; 0x44
200025aa:	2b01      	cmp	r3, #1
200025ac:	d1fb      	bne.n	200025a6 <clocks_init+0x3e>
200025ae:	4b27      	ldr	r3, [pc, #156]	; (2000264c <clocks_init+0xe4>)
200025b0:	2203      	movs	r2, #3
200025b2:	601a      	str	r2, [r3, #0]
200025b4:	4b23      	ldr	r3, [pc, #140]	; (20002644 <clocks_init+0xdc>)
200025b6:	6b9b      	ldr	r3, [r3, #56]	; 0x38
200025b8:	2b01      	cmp	r3, #1
200025ba:	d1fb      	bne.n	200025b4 <clocks_init+0x4c>
200025bc:	3301      	adds	r3, #1
200025be:	9300      	str	r3, [sp, #0]
200025c0:	3304      	adds	r3, #4
200025c2:	4a23      	ldr	r2, [pc, #140]	; (20002650 <clocks_init+0xe8>)
200025c4:	2101      	movs	r1, #1
200025c6:	4823      	ldr	r0, [pc, #140]	; (20002654 <clocks_init+0xec>)
200025c8:	f000 f854 	bl	20002674 <pll_init>
200025cc:	2305      	movs	r3, #5
200025ce:	9300      	str	r3, [sp, #0]
200025d0:	4a21      	ldr	r2, [pc, #132]	; (20002658 <clocks_init+0xf0>)
200025d2:	2101      	movs	r1, #1
200025d4:	4821      	ldr	r0, [pc, #132]	; (2000265c <clocks_init+0xf4>)
200025d6:	f000 f84d 	bl	20002674 <pll_init>
200025da:	4b21      	ldr	r3, [pc, #132]	; (20002660 <clocks_init+0xf8>)
200025dc:	9300      	str	r3, [sp, #0]
200025de:	2200      	movs	r2, #0
200025e0:	2102      	movs	r1, #2
200025e2:	2004      	movs	r0, #4
200025e4:	f7ff ff3c 	bl	20002460 <clock_configure>
200025e8:	4d1e      	ldr	r5, [pc, #120]	; (20002664 <clocks_init+0xfc>)
200025ea:	9500      	str	r5, [sp, #0]
200025ec:	002b      	movs	r3, r5
200025ee:	2200      	movs	r2, #0
200025f0:	2101      	movs	r1, #1
200025f2:	2005      	movs	r0, #5
200025f4:	f7ff ff34 	bl	20002460 <clock_configure>
200025f8:	4c10      	ldr	r4, [pc, #64]	; (2000263c <clocks_init+0xd4>)
200025fa:	9400      	str	r4, [sp, #0]
200025fc:	0023      	movs	r3, r4
200025fe:	2200      	movs	r2, #0
20002600:	2100      	movs	r1, #0
20002602:	2007      	movs	r0, #7
20002604:	f7ff ff2c 	bl	20002460 <clock_configure>
20002608:	9400      	str	r4, [sp, #0]
2000260a:	0023      	movs	r3, r4
2000260c:	2200      	movs	r2, #0
2000260e:	2100      	movs	r1, #0
20002610:	2008      	movs	r0, #8
20002612:	f7ff ff25 	bl	20002460 <clock_configure>
20002616:	4b0a      	ldr	r3, [pc, #40]	; (20002640 <clocks_init+0xd8>)
20002618:	9300      	str	r3, [sp, #0]
2000261a:	0023      	movs	r3, r4
2000261c:	2200      	movs	r2, #0
2000261e:	2100      	movs	r1, #0
20002620:	2009      	movs	r0, #9
20002622:	f7ff ff1d 	bl	20002460 <clock_configure>
20002626:	9500      	str	r5, [sp, #0]
20002628:	002b      	movs	r3, r5
2000262a:	2200      	movs	r2, #0
2000262c:	2100      	movs	r1, #0
2000262e:	2006      	movs	r0, #6
20002630:	f7ff ff16 	bl	20002460 <clock_configure>
20002634:	e7ad      	b.n	20002592 <clocks_init+0x2a>
20002636:	46c0      	nop			; (mov r8, r8)
20002638:	20006a8c 	.word	0x20006a8c
2000263c:	02dc6c00 	.word	0x02dc6c00
20002640:	0000b71b 	.word	0x0000b71b
20002644:	40008000 	.word	0x40008000
20002648:	4000b03c 	.word	0x4000b03c
2000264c:	4000b030 	.word	0x4000b030
20002650:	59682f00 	.word	0x59682f00
20002654:	40028000 	.word	0x40028000
20002658:	47868c00 	.word	0x47868c00
2000265c:	4002c000 	.word	0x4002c000
20002660:	00b71b00 	.word	0x00b71b00
20002664:	07735940 	.word	0x07735940

20002668 <clock_get_hz>:
20002668:	0080      	lsls	r0, r0, #2
2000266a:	4b01      	ldr	r3, [pc, #4]	; (20002670 <clock_get_hz+0x8>)
2000266c:	58c0      	ldr	r0, [r0, r3]
2000266e:	4770      	bx	lr
20002670:	20006a8c 	.word	0x20006a8c

20002674 <pll_init>:
20002674:	b5f0      	push	{r4, r5, r6, r7, lr}
20002676:	46c6      	mov	lr, r8
20002678:	b500      	push	{lr}
2000267a:	0004      	movs	r4, r0
2000267c:	000e      	movs	r6, r1
2000267e:	0017      	movs	r7, r2
20002680:	001d      	movs	r5, r3
20002682:	4837      	ldr	r0, [pc, #220]	; (20002760 <pll_init+0xec>)
20002684:	f001 fa5a 	bl	20003b3c <__wrap___aeabi_uidiv>
20002688:	4680      	mov	r8, r0
2000268a:	4b36      	ldr	r3, [pc, #216]	; (20002764 <pll_init+0xf0>)
2000268c:	18fa      	adds	r2, r7, r3
2000268e:	4b36      	ldr	r3, [pc, #216]	; (20002768 <pll_init+0xf4>)
20002690:	429a      	cmp	r2, r3
20002692:	d839      	bhi.n	20002708 <pll_init+0x94>
20002694:	0001      	movs	r1, r0
20002696:	0038      	movs	r0, r7
20002698:	f001 fa50 	bl	20003b3c <__wrap___aeabi_uidiv>
2000269c:	0002      	movs	r2, r0
2000269e:	3a10      	subs	r2, #16
200026a0:	2398      	movs	r3, #152	; 0x98
200026a2:	005b      	lsls	r3, r3, #1
200026a4:	429a      	cmp	r2, r3
200026a6:	d835      	bhi.n	20002714 <pll_init+0xa0>
200026a8:	1e6b      	subs	r3, r5, #1
200026aa:	2b06      	cmp	r3, #6
200026ac:	d838      	bhi.n	20002720 <pll_init+0xac>
200026ae:	9b06      	ldr	r3, [sp, #24]
200026b0:	3b01      	subs	r3, #1
200026b2:	2b06      	cmp	r3, #6
200026b4:	d834      	bhi.n	20002720 <pll_init+0xac>
200026b6:	093f      	lsrs	r7, r7, #4
200026b8:	4547      	cmp	r7, r8
200026ba:	d337      	bcc.n	2000272c <pll_init+0xb8>
200026bc:	042d      	lsls	r5, r5, #16
200026be:	9b06      	ldr	r3, [sp, #24]
200026c0:	031a      	lsls	r2, r3, #12
200026c2:	4315      	orrs	r5, r2
200026c4:	6823      	ldr	r3, [r4, #0]
200026c6:	2b00      	cmp	r3, #0
200026c8:	db36      	blt.n	20002738 <pll_init+0xc4>
200026ca:	4b28      	ldr	r3, [pc, #160]	; (2000276c <pll_init+0xf8>)
200026cc:	429c      	cmp	r4, r3
200026ce:	d044      	beq.n	2000275a <pll_init+0xe6>
200026d0:	2280      	movs	r2, #128	; 0x80
200026d2:	0152      	lsls	r2, r2, #5
200026d4:	4b26      	ldr	r3, [pc, #152]	; (20002770 <pll_init+0xfc>)
200026d6:	601a      	str	r2, [r3, #0]
200026d8:	4b26      	ldr	r3, [pc, #152]	; (20002774 <pll_init+0x100>)
200026da:	601a      	str	r2, [r3, #0]
200026dc:	4b26      	ldr	r3, [pc, #152]	; (20002778 <pll_init+0x104>)
200026de:	689b      	ldr	r3, [r3, #8]
200026e0:	0011      	movs	r1, r2
200026e2:	4399      	bics	r1, r3
200026e4:	d1fa      	bne.n	200026dc <pll_init+0x68>
200026e6:	6026      	str	r6, [r4, #0]
200026e8:	60a0      	str	r0, [r4, #8]
200026ea:	1d23      	adds	r3, r4, #4
200026ec:	22c0      	movs	r2, #192	; 0xc0
200026ee:	0192      	lsls	r2, r2, #6
200026f0:	431a      	orrs	r2, r3
200026f2:	2321      	movs	r3, #33	; 0x21
200026f4:	6013      	str	r3, [r2, #0]
200026f6:	6823      	ldr	r3, [r4, #0]
200026f8:	2b00      	cmp	r3, #0
200026fa:	dafc      	bge.n	200026f6 <pll_init+0x82>
200026fc:	60e5      	str	r5, [r4, #12]
200026fe:	2308      	movs	r3, #8
20002700:	6013      	str	r3, [r2, #0]
20002702:	bc80      	pop	{r7}
20002704:	46b8      	mov	r8, r7
20002706:	bdf0      	pop	{r4, r5, r6, r7, pc}
20002708:	4b1c      	ldr	r3, [pc, #112]	; (2000277c <pll_init+0x108>)
2000270a:	4a1d      	ldr	r2, [pc, #116]	; (20002780 <pll_init+0x10c>)
2000270c:	2111      	movs	r1, #17
2000270e:	481d      	ldr	r0, [pc, #116]	; (20002784 <pll_init+0x110>)
20002710:	f000 f866 	bl	200027e0 <__assert_func>
20002714:	4b1c      	ldr	r3, [pc, #112]	; (20002788 <pll_init+0x114>)
20002716:	4a1a      	ldr	r2, [pc, #104]	; (20002780 <pll_init+0x10c>)
20002718:	2119      	movs	r1, #25
2000271a:	481a      	ldr	r0, [pc, #104]	; (20002784 <pll_init+0x110>)
2000271c:	f000 f860 	bl	200027e0 <__assert_func>
20002720:	4b1a      	ldr	r3, [pc, #104]	; (2000278c <pll_init+0x118>)
20002722:	4a17      	ldr	r2, [pc, #92]	; (20002780 <pll_init+0x10c>)
20002724:	211c      	movs	r1, #28
20002726:	4817      	ldr	r0, [pc, #92]	; (20002784 <pll_init+0x110>)
20002728:	f000 f85a 	bl	200027e0 <__assert_func>
2000272c:	4b18      	ldr	r3, [pc, #96]	; (20002790 <pll_init+0x11c>)
2000272e:	4a14      	ldr	r2, [pc, #80]	; (20002780 <pll_init+0x10c>)
20002730:	2123      	movs	r1, #35	; 0x23
20002732:	4814      	ldr	r0, [pc, #80]	; (20002784 <pll_init+0x110>)
20002734:	f000 f854 	bl	200027e0 <__assert_func>
20002738:	6822      	ldr	r2, [r4, #0]
2000273a:	233f      	movs	r3, #63	; 0x3f
2000273c:	4013      	ands	r3, r2
2000273e:	42b3      	cmp	r3, r6
20002740:	d1c3      	bne.n	200026ca <pll_init+0x56>
20002742:	68a3      	ldr	r3, [r4, #8]
20002744:	051b      	lsls	r3, r3, #20
20002746:	0d1b      	lsrs	r3, r3, #20
20002748:	4283      	cmp	r3, r0
2000274a:	d1be      	bne.n	200026ca <pll_init+0x56>
2000274c:	68e3      	ldr	r3, [r4, #12]
2000274e:	22ee      	movs	r2, #238	; 0xee
20002750:	02d2      	lsls	r2, r2, #11
20002752:	4013      	ands	r3, r2
20002754:	42ab      	cmp	r3, r5
20002756:	d1b8      	bne.n	200026ca <pll_init+0x56>
20002758:	e7d3      	b.n	20002702 <pll_init+0x8e>
2000275a:	2280      	movs	r2, #128	; 0x80
2000275c:	0192      	lsls	r2, r2, #6
2000275e:	e7b9      	b.n	200026d4 <pll_init+0x60>
20002760:	00b71b00 	.word	0x00b71b00
20002764:	d34be880 	.word	0xd34be880
20002768:	32a9f880 	.word	0x32a9f880
2000276c:	4002c000 	.word	0x4002c000
20002770:	4000e000 	.word	0x4000e000
20002774:	4000f000 	.word	0x4000f000
20002778:	4000c000 	.word	0x4000c000
2000277c:	20005f2c 	.word	0x20005f2c
20002780:	2000604c 	.word	0x2000604c
20002784:	20005f8c 	.word	0x20005f8c
20002788:	20005fc8 	.word	0x20005fc8
2000278c:	20005fe4 	.word	0x20005fe4
20002790:	20006030 	.word	0x20006030

20002794 <pll_deinit>:
20002794:	232d      	movs	r3, #45	; 0x2d
20002796:	6043      	str	r3, [r0, #4]
20002798:	4770      	bx	lr
	...

2000279c <watchdog_start_tick>:
2000279c:	2380      	movs	r3, #128	; 0x80
2000279e:	009b      	lsls	r3, r3, #2
200027a0:	4303      	orrs	r3, r0
200027a2:	4a01      	ldr	r2, [pc, #4]	; (200027a8 <watchdog_start_tick+0xc>)
200027a4:	62d3      	str	r3, [r2, #44]	; 0x2c
200027a6:	4770      	bx	lr
200027a8:	40058000 	.word	0x40058000

200027ac <xosc_init>:
200027ac:	4b06      	ldr	r3, [pc, #24]	; (200027c8 <xosc_init+0x1c>)
200027ae:	22aa      	movs	r2, #170	; 0xaa
200027b0:	0112      	lsls	r2, r2, #4
200027b2:	601a      	str	r2, [r3, #0]
200027b4:	222f      	movs	r2, #47	; 0x2f
200027b6:	60da      	str	r2, [r3, #12]
200027b8:	4b04      	ldr	r3, [pc, #16]	; (200027cc <xosc_init+0x20>)
200027ba:	4a05      	ldr	r2, [pc, #20]	; (200027d0 <xosc_init+0x24>)
200027bc:	601a      	str	r2, [r3, #0]
200027be:	4b02      	ldr	r3, [pc, #8]	; (200027c8 <xosc_init+0x1c>)
200027c0:	685b      	ldr	r3, [r3, #4]
200027c2:	2b00      	cmp	r3, #0
200027c4:	dafb      	bge.n	200027be <xosc_init+0x12>
200027c6:	4770      	bx	lr
200027c8:	40024000 	.word	0x40024000
200027cc:	40026000 	.word	0x40026000
200027d0:	00fab000 	.word	0x00fab000

200027d4 <_exit>:
200027d4:	be00      	bkpt	0x0000
200027d6:	e7fd      	b.n	200027d4 <_exit>

200027d8 <exit>:
200027d8:	b510      	push	{r4, lr}
200027da:	f7ff fffb 	bl	200027d4 <_exit>
	...

200027e0 <__assert_func>:
200027e0:	b510      	push	{r4, lr}
200027e2:	b082      	sub	sp, #8
200027e4:	000c      	movs	r4, r1
200027e6:	0019      	movs	r1, r3
200027e8:	2a00      	cmp	r2, #0
200027ea:	d00c      	beq.n	20002806 <__assert_func+0x26>
200027ec:	4b08      	ldr	r3, [pc, #32]	; (20002810 <__assert_func+0x30>)
200027ee:	2a00      	cmp	r2, #0
200027f0:	d00b      	beq.n	2000280a <__assert_func+0x2a>
200027f2:	9201      	str	r2, [sp, #4]
200027f4:	9300      	str	r3, [sp, #0]
200027f6:	0023      	movs	r3, r4
200027f8:	0002      	movs	r2, r0
200027fa:	4806      	ldr	r0, [pc, #24]	; (20002814 <__assert_func+0x34>)
200027fc:	f002 f9dc 	bl	20004bb8 <__wrap_printf>
20002800:	2001      	movs	r0, #1
20002802:	f7ff ffe7 	bl	200027d4 <_exit>
20002806:	4b04      	ldr	r3, [pc, #16]	; (20002818 <__assert_func+0x38>)
20002808:	e7f1      	b.n	200027ee <__assert_func+0xe>
2000280a:	4a03      	ldr	r2, [pc, #12]	; (20002818 <__assert_func+0x38>)
2000280c:	e7f1      	b.n	200027f2 <__assert_func+0x12>
2000280e:	46c0      	nop			; (mov r8, r8)
20002810:	20006058 	.word	0x20006058
20002814:	20006068 	.word	0x20006068
20002818:	20006064 	.word	0x20006064

2000281c <runtime_init>:
2000281c:	b570      	push	{r4, r5, r6, lr}
2000281e:	4b2b      	ldr	r3, [pc, #172]	; (200028cc <runtime_init+0xb0>)
20002820:	4a2b      	ldr	r2, [pc, #172]	; (200028d0 <runtime_init+0xb4>)
20002822:	601a      	str	r2, [r3, #0]
20002824:	4b2b      	ldr	r3, [pc, #172]	; (200028d4 <runtime_init+0xb8>)
20002826:	4a2c      	ldr	r2, [pc, #176]	; (200028d8 <runtime_init+0xbc>)
20002828:	601a      	str	r2, [r3, #0]
2000282a:	4b2c      	ldr	r3, [pc, #176]	; (200028dc <runtime_init+0xc0>)
2000282c:	689a      	ldr	r2, [r3, #8]
2000282e:	4b2a      	ldr	r3, [pc, #168]	; (200028d8 <runtime_init+0xbc>)
20002830:	4393      	bics	r3, r2
20002832:	d1fa      	bne.n	2000282a <runtime_init+0xe>
20002834:	4c2a      	ldr	r4, [pc, #168]	; (200028e0 <runtime_init+0xc4>)
20002836:	e001      	b.n	2000283c <runtime_init+0x20>
20002838:	cc08      	ldmia	r4!, {r3}
2000283a:	4798      	blx	r3
2000283c:	4b29      	ldr	r3, [pc, #164]	; (200028e4 <runtime_init+0xc8>)
2000283e:	429c      	cmp	r4, r3
20002840:	d3fa      	bcc.n	20002838 <runtime_init+0x1c>
20002842:	f7ff fe91 	bl	20002568 <clocks_init>
20002846:	4b23      	ldr	r3, [pc, #140]	; (200028d4 <runtime_init+0xb8>)
20002848:	4a27      	ldr	r2, [pc, #156]	; (200028e8 <runtime_init+0xcc>)
2000284a:	601a      	str	r2, [r3, #0]
2000284c:	4b23      	ldr	r3, [pc, #140]	; (200028dc <runtime_init+0xc0>)
2000284e:	689b      	ldr	r3, [r3, #8]
20002850:	43db      	mvns	r3, r3
20002852:	01db      	lsls	r3, r3, #7
20002854:	d1fa      	bne.n	2000284c <runtime_init+0x30>
20002856:	4b25      	ldr	r3, [pc, #148]	; (200028ec <runtime_init+0xd0>)
20002858:	2240      	movs	r2, #64	; 0x40
2000285a:	679a      	str	r2, [r3, #120]	; 0x78
2000285c:	675a      	str	r2, [r3, #116]	; 0x74
2000285e:	671a      	str	r2, [r3, #112]	; 0x70
20002860:	66da      	str	r2, [r3, #108]	; 0x6c
20002862:	4c23      	ldr	r4, [pc, #140]	; (200028f0 <runtime_init+0xd4>)
20002864:	e009      	b.n	2000287a <runtime_init+0x5e>
20002866:	4b23      	ldr	r3, [pc, #140]	; (200028f4 <runtime_init+0xd8>)
20002868:	4a23      	ldr	r2, [pc, #140]	; (200028f8 <runtime_init+0xdc>)
2000286a:	2187      	movs	r1, #135	; 0x87
2000286c:	4823      	ldr	r0, [pc, #140]	; (200028fc <runtime_init+0xe0>)
2000286e:	f7ff ffb7 	bl	200027e0 <__assert_func>
20002872:	0020      	movs	r0, r4
20002874:	f7fe fbb0 	bl	20000fd8 <mutex_init>
20002878:	3408      	adds	r4, #8
2000287a:	4b21      	ldr	r3, [pc, #132]	; (20002900 <runtime_init+0xe4>)
2000287c:	429c      	cmp	r4, r3
2000287e:	d209      	bcs.n	20002894 <runtime_init+0x78>
20002880:	6823      	ldr	r3, [r4, #0]
20002882:	2b00      	cmp	r3, #0
20002884:	d0f5      	beq.n	20002872 <runtime_init+0x56>
20002886:	2b01      	cmp	r3, #1
20002888:	d1ed      	bne.n	20002866 <runtime_init+0x4a>
2000288a:	0020      	movs	r0, r4
2000288c:	f7fe fbb1 	bl	20000ff2 <recursive_mutex_init>
20002890:	3408      	adds	r4, #8
20002892:	e7f2      	b.n	2000287a <runtime_init+0x5e>
20002894:	4c1b      	ldr	r4, [pc, #108]	; (20002904 <runtime_init+0xe8>)
20002896:	68a1      	ldr	r1, [r4, #8]
20002898:	4d1b      	ldr	r5, [pc, #108]	; (20002908 <runtime_init+0xec>)
2000289a:	22c0      	movs	r2, #192	; 0xc0
2000289c:	0028      	movs	r0, r5
2000289e:	f002 f849 	bl	20004934 <__wrap___aeabi_memcpy>
200028a2:	60a5      	str	r5, [r4, #8]
200028a4:	f3ef 8305 	mrs	r3, IPSR
200028a8:	2b00      	cmp	r3, #0
200028aa:	d000      	beq.n	200028ae <runtime_init+0x92>
200028ac:	be00      	bkpt	0x0000
200028ae:	f7fe f963 	bl	20000b78 <spin_locks_reset>
200028b2:	f7fe fb7b 	bl	20000fac <irq_init_priorities>
200028b6:	f7fe feeb 	bl	20001690 <alarm_pool_init_default>
200028ba:	4c14      	ldr	r4, [pc, #80]	; (2000290c <runtime_init+0xf0>)
200028bc:	e001      	b.n	200028c2 <runtime_init+0xa6>
200028be:	cc08      	ldmia	r4!, {r3}
200028c0:	4798      	blx	r3
200028c2:	4b13      	ldr	r3, [pc, #76]	; (20002910 <runtime_init+0xf4>)
200028c4:	429c      	cmp	r4, r3
200028c6:	d3fa      	bcc.n	200028be <runtime_init+0xa2>
200028c8:	bd70      	pop	{r4, r5, r6, pc}
200028ca:	46c0      	nop			; (mov r8, r8)
200028cc:	4000e000 	.word	0x4000e000
200028d0:	fefbcdbf 	.word	0xfefbcdbf
200028d4:	4000f000 	.word	0x4000f000
200028d8:	003c7ffe 	.word	0x003c7ffe
200028dc:	4000c000 	.word	0x4000c000
200028e0:	20006840 	.word	0x20006840
200028e4:	20006850 	.word	0x20006850
200028e8:	01ffffff 	.word	0x01ffffff
200028ec:	4001f000 	.word	0x4001f000
200028f0:	20006838 	.word	0x20006838
200028f4:	20006098 	.word	0x20006098
200028f8:	2000610c 	.word	0x2000610c
200028fc:	200060b8 	.word	0x200060b8
20002900:	20006840 	.word	0x20006840
20002904:	e000ed00 	.word	0xe000ed00
20002908:	20000000 	.word	0x20000000
2000290c:	20006850 	.word	0x20006850
20002910:	20006858 	.word	0x20006858

20002914 <panic>:
20002914:	b40f      	push	{r0, r1, r2, r3}
20002916:	b500      	push	{lr}
20002918:	b083      	sub	sp, #12
2000291a:	4808      	ldr	r0, [pc, #32]	; (2000293c <panic+0x28>)
2000291c:	f002 f91c 	bl	20004b58 <__wrap_puts>
20002920:	9b04      	ldr	r3, [sp, #16]
20002922:	2b00      	cmp	r3, #0
20002924:	d007      	beq.n	20002936 <panic+0x22>
20002926:	a905      	add	r1, sp, #20
20002928:	9101      	str	r1, [sp, #4]
2000292a:	0018      	movs	r0, r3
2000292c:	f002 f924 	bl	20004b78 <__wrap_vprintf>
20002930:	4803      	ldr	r0, [pc, #12]	; (20002940 <panic+0x2c>)
20002932:	f002 f911 	bl	20004b58 <__wrap_puts>
20002936:	2001      	movs	r0, #1
20002938:	f7ff ff4c 	bl	200027d4 <_exit>
2000293c:	200060f8 	.word	0x200060f8
20002940:	20006108 	.word	0x20006108

20002944 <_out_null>:
20002944:	4770      	bx	lr

20002946 <_out_fct>:
20002946:	b510      	push	{r4, lr}
20002948:	2800      	cmp	r0, #0
2000294a:	d002      	beq.n	20002952 <_out_fct+0xc>
2000294c:	680b      	ldr	r3, [r1, #0]
2000294e:	6849      	ldr	r1, [r1, #4]
20002950:	4798      	blx	r3
20002952:	bd10      	pop	{r4, pc}

20002954 <_atoi>:
20002954:	0001      	movs	r1, r0
20002956:	2000      	movs	r0, #0
20002958:	e007      	b.n	2000296a <_atoi+0x16>
2000295a:	0083      	lsls	r3, r0, #2
2000295c:	181b      	adds	r3, r3, r0
2000295e:	005b      	lsls	r3, r3, #1
20002960:	1c50      	adds	r0, r2, #1
20002962:	6008      	str	r0, [r1, #0]
20002964:	7810      	ldrb	r0, [r2, #0]
20002966:	18c0      	adds	r0, r0, r3
20002968:	3830      	subs	r0, #48	; 0x30
2000296a:	680a      	ldr	r2, [r1, #0]
2000296c:	7813      	ldrb	r3, [r2, #0]
2000296e:	3b30      	subs	r3, #48	; 0x30
20002970:	b2db      	uxtb	r3, r3
20002972:	2b09      	cmp	r3, #9
20002974:	d9f1      	bls.n	2000295a <_atoi+0x6>
20002976:	4770      	bx	lr

20002978 <_out_rev>:
20002978:	b5f0      	push	{r4, r5, r6, r7, lr}
2000297a:	46de      	mov	lr, fp
2000297c:	4657      	mov	r7, sl
2000297e:	464e      	mov	r6, r9
20002980:	4645      	mov	r5, r8
20002982:	b5e0      	push	{r5, r6, r7, lr}
20002984:	b083      	sub	sp, #12
20002986:	4693      	mov	fp, r2
20002988:	001f      	movs	r7, r3
2000298a:	9b0c      	ldr	r3, [sp, #48]	; 0x30
2000298c:	469a      	mov	sl, r3
2000298e:	9c0d      	ldr	r4, [sp, #52]	; 0x34
20002990:	9b0e      	ldr	r3, [sp, #56]	; 0x38
20002992:	4699      	mov	r9, r3
20002994:	9b0f      	ldr	r3, [sp, #60]	; 0x3c
20002996:	079b      	lsls	r3, r3, #30
20002998:	d003      	beq.n	200029a2 <_out_rev+0x2a>
2000299a:	46b8      	mov	r8, r7
2000299c:	000f      	movs	r7, r1
2000299e:	0006      	movs	r6, r0
200029a0:	e022      	b.n	200029e8 <_out_rev+0x70>
200029a2:	9201      	str	r2, [sp, #4]
200029a4:	46a3      	mov	fp, r4
200029a6:	4688      	mov	r8, r1
200029a8:	464e      	mov	r6, r9
200029aa:	46b9      	mov	r9, r7
200029ac:	0007      	movs	r7, r0
200029ae:	42b4      	cmp	r4, r6
200029b0:	d207      	bcs.n	200029c2 <_out_rev+0x4a>
200029b2:	1c55      	adds	r5, r2, #1
200029b4:	464b      	mov	r3, r9
200029b6:	4641      	mov	r1, r8
200029b8:	2020      	movs	r0, #32
200029ba:	47b8      	blx	r7
200029bc:	3401      	adds	r4, #1
200029be:	002a      	movs	r2, r5
200029c0:	e7f5      	b.n	200029ae <_out_rev+0x36>
200029c2:	003d      	movs	r5, r7
200029c4:	464f      	mov	r7, r9
200029c6:	465c      	mov	r4, fp
200029c8:	9b01      	ldr	r3, [sp, #4]
200029ca:	469b      	mov	fp, r3
200029cc:	46b1      	mov	r9, r6
200029ce:	4646      	mov	r6, r8
200029d0:	46b8      	mov	r8, r7
200029d2:	0037      	movs	r7, r6
200029d4:	002e      	movs	r6, r5
200029d6:	e007      	b.n	200029e8 <_out_rev+0x70>
200029d8:	3c01      	subs	r4, #1
200029da:	1c55      	adds	r5, r2, #1
200029dc:	4653      	mov	r3, sl
200029de:	5d18      	ldrb	r0, [r3, r4]
200029e0:	4643      	mov	r3, r8
200029e2:	0039      	movs	r1, r7
200029e4:	47b0      	blx	r6
200029e6:	002a      	movs	r2, r5
200029e8:	2c00      	cmp	r4, #0
200029ea:	d1f5      	bne.n	200029d8 <_out_rev+0x60>
200029ec:	0035      	movs	r5, r6
200029ee:	003e      	movs	r6, r7
200029f0:	4647      	mov	r7, r8
200029f2:	9b0f      	ldr	r3, [sp, #60]	; 0x3c
200029f4:	079b      	lsls	r3, r3, #30
200029f6:	d407      	bmi.n	20002a08 <_out_rev+0x90>
200029f8:	0010      	movs	r0, r2
200029fa:	b003      	add	sp, #12
200029fc:	bcf0      	pop	{r4, r5, r6, r7}
200029fe:	46bb      	mov	fp, r7
20002a00:	46b2      	mov	sl, r6
20002a02:	46a9      	mov	r9, r5
20002a04:	46a0      	mov	r8, r4
20002a06:	bdf0      	pop	{r4, r5, r6, r7, pc}
20002a08:	46b0      	mov	r8, r6
20002a0a:	464e      	mov	r6, r9
20002a0c:	46b9      	mov	r9, r7
20002a0e:	002f      	movs	r7, r5
20002a10:	465d      	mov	r5, fp
20002a12:	1b53      	subs	r3, r2, r5
20002a14:	42b3      	cmp	r3, r6
20002a16:	d2ef      	bcs.n	200029f8 <_out_rev+0x80>
20002a18:	1c54      	adds	r4, r2, #1
20002a1a:	464b      	mov	r3, r9
20002a1c:	4641      	mov	r1, r8
20002a1e:	2020      	movs	r0, #32
20002a20:	47b8      	blx	r7
20002a22:	0022      	movs	r2, r4
20002a24:	e7f5      	b.n	20002a12 <_out_rev+0x9a>

20002a26 <_ntoa_format>:
20002a26:	b5f0      	push	{r4, r5, r6, r7, lr}
20002a28:	46ce      	mov	lr, r9
20002a2a:	4647      	mov	r7, r8
20002a2c:	b580      	push	{r7, lr}
20002a2e:	b085      	sub	sp, #20
20002a30:	4694      	mov	ip, r2
20002a32:	4698      	mov	r8, r3
20002a34:	9d0c      	ldr	r5, [sp, #48]	; 0x30
20002a36:	9c0d      	ldr	r4, [sp, #52]	; 0x34
20002a38:	ab0e      	add	r3, sp, #56	; 0x38
20002a3a:	781b      	ldrb	r3, [r3, #0]
20002a3c:	4699      	mov	r9, r3
20002a3e:	9a10      	ldr	r2, [sp, #64]	; 0x40
20002a40:	9b11      	ldr	r3, [sp, #68]	; 0x44
20002a42:	9e12      	ldr	r6, [sp, #72]	; 0x48
20002a44:	07b7      	lsls	r7, r6, #30
20002a46:	d41c      	bmi.n	20002a82 <_ntoa_format+0x5c>
20002a48:	2b00      	cmp	r3, #0
20002a4a:	d00c      	beq.n	20002a66 <_ntoa_format+0x40>
20002a4c:	07f7      	lsls	r7, r6, #31
20002a4e:	d50a      	bpl.n	20002a66 <_ntoa_format+0x40>
20002a50:	464f      	mov	r7, r9
20002a52:	2f00      	cmp	r7, #0
20002a54:	d102      	bne.n	20002a5c <_ntoa_format+0x36>
20002a56:	370c      	adds	r7, #12
20002a58:	4237      	tst	r7, r6
20002a5a:	d004      	beq.n	20002a66 <_ntoa_format+0x40>
20002a5c:	3b01      	subs	r3, #1
20002a5e:	e002      	b.n	20002a66 <_ntoa_format+0x40>
20002a60:	2730      	movs	r7, #48	; 0x30
20002a62:	552f      	strb	r7, [r5, r4]
20002a64:	3401      	adds	r4, #1
20002a66:	4294      	cmp	r4, r2
20002a68:	d201      	bcs.n	20002a6e <_ntoa_format+0x48>
20002a6a:	2c1f      	cmp	r4, #31
20002a6c:	d9f8      	bls.n	20002a60 <_ntoa_format+0x3a>
20002a6e:	07f7      	lsls	r7, r6, #31
20002a70:	d507      	bpl.n	20002a82 <_ntoa_format+0x5c>
20002a72:	429c      	cmp	r4, r3
20002a74:	d205      	bcs.n	20002a82 <_ntoa_format+0x5c>
20002a76:	2c1f      	cmp	r4, #31
20002a78:	d803      	bhi.n	20002a82 <_ntoa_format+0x5c>
20002a7a:	2730      	movs	r7, #48	; 0x30
20002a7c:	552f      	strb	r7, [r5, r4]
20002a7e:	3401      	adds	r4, #1
20002a80:	e7f5      	b.n	20002a6e <_ntoa_format+0x48>
20002a82:	06f7      	lsls	r7, r6, #27
20002a84:	d515      	bpl.n	20002ab2 <_ntoa_format+0x8c>
20002a86:	0577      	lsls	r7, r6, #21
20002a88:	d405      	bmi.n	20002a96 <_ntoa_format+0x70>
20002a8a:	2c00      	cmp	r4, #0
20002a8c:	d003      	beq.n	20002a96 <_ntoa_format+0x70>
20002a8e:	4294      	cmp	r4, r2
20002a90:	d024      	beq.n	20002adc <_ntoa_format+0xb6>
20002a92:	429c      	cmp	r4, r3
20002a94:	d022      	beq.n	20002adc <_ntoa_format+0xb6>
20002a96:	9a0f      	ldr	r2, [sp, #60]	; 0x3c
20002a98:	2a10      	cmp	r2, #16
20002a9a:	d02b      	beq.n	20002af4 <_ntoa_format+0xce>
20002a9c:	9a0f      	ldr	r2, [sp, #60]	; 0x3c
20002a9e:	2a10      	cmp	r2, #16
20002aa0:	d030      	beq.n	20002b04 <_ntoa_format+0xde>
20002aa2:	9a0f      	ldr	r2, [sp, #60]	; 0x3c
20002aa4:	2a02      	cmp	r2, #2
20002aa6:	d035      	beq.n	20002b14 <_ntoa_format+0xee>
20002aa8:	2c1f      	cmp	r4, #31
20002aaa:	d802      	bhi.n	20002ab2 <_ntoa_format+0x8c>
20002aac:	2230      	movs	r2, #48	; 0x30
20002aae:	552a      	strb	r2, [r5, r4]
20002ab0:	3401      	adds	r4, #1
20002ab2:	2c1f      	cmp	r4, #31
20002ab4:	d805      	bhi.n	20002ac2 <_ntoa_format+0x9c>
20002ab6:	464a      	mov	r2, r9
20002ab8:	2a00      	cmp	r2, #0
20002aba:	d031      	beq.n	20002b20 <_ntoa_format+0xfa>
20002abc:	222d      	movs	r2, #45	; 0x2d
20002abe:	552a      	strb	r2, [r5, r4]
20002ac0:	3401      	adds	r4, #1
20002ac2:	9603      	str	r6, [sp, #12]
20002ac4:	9302      	str	r3, [sp, #8]
20002ac6:	9401      	str	r4, [sp, #4]
20002ac8:	9500      	str	r5, [sp, #0]
20002aca:	4643      	mov	r3, r8
20002acc:	4662      	mov	r2, ip
20002ace:	f7ff ff53 	bl	20002978 <_out_rev>
20002ad2:	b005      	add	sp, #20
20002ad4:	bcc0      	pop	{r6, r7}
20002ad6:	46b9      	mov	r9, r7
20002ad8:	46b0      	mov	r8, r6
20002ada:	bdf0      	pop	{r4, r5, r6, r7, pc}
20002adc:	1e62      	subs	r2, r4, #1
20002ade:	2c01      	cmp	r4, #1
20002ae0:	d006      	beq.n	20002af0 <_ntoa_format+0xca>
20002ae2:	9f0f      	ldr	r7, [sp, #60]	; 0x3c
20002ae4:	2f10      	cmp	r7, #16
20002ae6:	d001      	beq.n	20002aec <_ntoa_format+0xc6>
20002ae8:	0014      	movs	r4, r2
20002aea:	e7d4      	b.n	20002a96 <_ntoa_format+0x70>
20002aec:	3c02      	subs	r4, #2
20002aee:	e7d2      	b.n	20002a96 <_ntoa_format+0x70>
20002af0:	0014      	movs	r4, r2
20002af2:	e7d0      	b.n	20002a96 <_ntoa_format+0x70>
20002af4:	06b2      	lsls	r2, r6, #26
20002af6:	d4d1      	bmi.n	20002a9c <_ntoa_format+0x76>
20002af8:	2c1f      	cmp	r4, #31
20002afa:	d8cf      	bhi.n	20002a9c <_ntoa_format+0x76>
20002afc:	2278      	movs	r2, #120	; 0x78
20002afe:	552a      	strb	r2, [r5, r4]
20002b00:	3401      	adds	r4, #1
20002b02:	e7d1      	b.n	20002aa8 <_ntoa_format+0x82>
20002b04:	06b2      	lsls	r2, r6, #26
20002b06:	d5cc      	bpl.n	20002aa2 <_ntoa_format+0x7c>
20002b08:	2c1f      	cmp	r4, #31
20002b0a:	d8ca      	bhi.n	20002aa2 <_ntoa_format+0x7c>
20002b0c:	2258      	movs	r2, #88	; 0x58
20002b0e:	552a      	strb	r2, [r5, r4]
20002b10:	3401      	adds	r4, #1
20002b12:	e7c9      	b.n	20002aa8 <_ntoa_format+0x82>
20002b14:	2c1f      	cmp	r4, #31
20002b16:	d8c7      	bhi.n	20002aa8 <_ntoa_format+0x82>
20002b18:	3260      	adds	r2, #96	; 0x60
20002b1a:	552a      	strb	r2, [r5, r4]
20002b1c:	3401      	adds	r4, #1
20002b1e:	e7c3      	b.n	20002aa8 <_ntoa_format+0x82>
20002b20:	0772      	lsls	r2, r6, #29
20002b22:	d503      	bpl.n	20002b2c <_ntoa_format+0x106>
20002b24:	222b      	movs	r2, #43	; 0x2b
20002b26:	552a      	strb	r2, [r5, r4]
20002b28:	3401      	adds	r4, #1
20002b2a:	e7ca      	b.n	20002ac2 <_ntoa_format+0x9c>
20002b2c:	0732      	lsls	r2, r6, #28
20002b2e:	d5c8      	bpl.n	20002ac2 <_ntoa_format+0x9c>
20002b30:	2220      	movs	r2, #32
20002b32:	552a      	strb	r2, [r5, r4]
20002b34:	3401      	adds	r4, #1
20002b36:	e7c4      	b.n	20002ac2 <_ntoa_format+0x9c>

20002b38 <_ntoa_long>:
20002b38:	b5f0      	push	{r4, r5, r6, r7, lr}
20002b3a:	46de      	mov	lr, fp
20002b3c:	4657      	mov	r7, sl
20002b3e:	464e      	mov	r6, r9
20002b40:	4645      	mov	r5, r8
20002b42:	b5e0      	push	{r5, r6, r7, lr}
20002b44:	b093      	sub	sp, #76	; 0x4c
20002b46:	4681      	mov	r9, r0
20002b48:	468a      	mov	sl, r1
20002b4a:	9208      	str	r2, [sp, #32]
20002b4c:	9309      	str	r3, [sp, #36]	; 0x24
20002b4e:	ab1c      	add	r3, sp, #112	; 0x70
20002b50:	cb10      	ldmia	r3!, {r4}
20002b52:	781b      	ldrb	r3, [r3, #0]
20002b54:	469b      	mov	fp, r3
20002b56:	9d1e      	ldr	r5, [sp, #120]	; 0x78
20002b58:	9b21      	ldr	r3, [sp, #132]	; 0x84
20002b5a:	4698      	mov	r8, r3
20002b5c:	2c00      	cmp	r4, #0
20002b5e:	d103      	bne.n	20002b68 <_ntoa_long+0x30>
20002b60:	2310      	movs	r3, #16
20002b62:	4642      	mov	r2, r8
20002b64:	439a      	bics	r2, r3
20002b66:	4690      	mov	r8, r2
20002b68:	2380      	movs	r3, #128	; 0x80
20002b6a:	00db      	lsls	r3, r3, #3
20002b6c:	4646      	mov	r6, r8
20002b6e:	401e      	ands	r6, r3
20002b70:	4642      	mov	r2, r8
20002b72:	421a      	tst	r2, r3
20002b74:	d012      	beq.n	20002b9c <_ntoa_long+0x64>
20002b76:	2c00      	cmp	r4, #0
20002b78:	d022      	beq.n	20002bc0 <_ntoa_long+0x88>
20002b7a:	2600      	movs	r6, #0
20002b7c:	e00e      	b.n	20002b9c <_ntoa_long+0x64>
20002b7e:	3330      	adds	r3, #48	; 0x30
20002b80:	b2d9      	uxtb	r1, r3
20002b82:	1c77      	adds	r7, r6, #1
20002b84:	ab0a      	add	r3, sp, #40	; 0x28
20002b86:	5599      	strb	r1, [r3, r6]
20002b88:	0029      	movs	r1, r5
20002b8a:	0020      	movs	r0, r4
20002b8c:	f000 ffd6 	bl	20003b3c <__wrap___aeabi_uidiv>
20002b90:	42ac      	cmp	r4, r5
20002b92:	d316      	bcc.n	20002bc2 <_ntoa_long+0x8a>
20002b94:	2f1f      	cmp	r7, #31
20002b96:	d814      	bhi.n	20002bc2 <_ntoa_long+0x8a>
20002b98:	003e      	movs	r6, r7
20002b9a:	0004      	movs	r4, r0
20002b9c:	0029      	movs	r1, r5
20002b9e:	0020      	movs	r0, r4
20002ba0:	f000 ffcc 	bl	20003b3c <__wrap___aeabi_uidiv>
20002ba4:	b2cb      	uxtb	r3, r1
20002ba6:	2b09      	cmp	r3, #9
20002ba8:	d9e9      	bls.n	20002b7e <_ntoa_long+0x46>
20002baa:	4642      	mov	r2, r8
20002bac:	0692      	lsls	r2, r2, #26
20002bae:	d505      	bpl.n	20002bbc <_ntoa_long+0x84>
20002bb0:	2141      	movs	r1, #65	; 0x41
20002bb2:	18c9      	adds	r1, r1, r3
20002bb4:	b2c9      	uxtb	r1, r1
20002bb6:	390a      	subs	r1, #10
20002bb8:	b2c9      	uxtb	r1, r1
20002bba:	e7e2      	b.n	20002b82 <_ntoa_long+0x4a>
20002bbc:	2161      	movs	r1, #97	; 0x61
20002bbe:	e7f8      	b.n	20002bb2 <_ntoa_long+0x7a>
20002bc0:	0027      	movs	r7, r4
20002bc2:	4643      	mov	r3, r8
20002bc4:	9306      	str	r3, [sp, #24]
20002bc6:	9b20      	ldr	r3, [sp, #128]	; 0x80
20002bc8:	9305      	str	r3, [sp, #20]
20002bca:	9b1f      	ldr	r3, [sp, #124]	; 0x7c
20002bcc:	9304      	str	r3, [sp, #16]
20002bce:	9503      	str	r5, [sp, #12]
20002bd0:	465b      	mov	r3, fp
20002bd2:	9302      	str	r3, [sp, #8]
20002bd4:	9701      	str	r7, [sp, #4]
20002bd6:	ab0a      	add	r3, sp, #40	; 0x28
20002bd8:	9300      	str	r3, [sp, #0]
20002bda:	9b09      	ldr	r3, [sp, #36]	; 0x24
20002bdc:	9a08      	ldr	r2, [sp, #32]
20002bde:	4651      	mov	r1, sl
20002be0:	4648      	mov	r0, r9
20002be2:	f7ff ff20 	bl	20002a26 <_ntoa_format>
20002be6:	b013      	add	sp, #76	; 0x4c
20002be8:	bcf0      	pop	{r4, r5, r6, r7}
20002bea:	46bb      	mov	fp, r7
20002bec:	46b2      	mov	sl, r6
20002bee:	46a9      	mov	r9, r5
20002bf0:	46a0      	mov	r8, r4
20002bf2:	bdf0      	pop	{r4, r5, r6, r7, pc}

20002bf4 <_ntoa_long_long>:
20002bf4:	b5f0      	push	{r4, r5, r6, r7, lr}
20002bf6:	46de      	mov	lr, fp
20002bf8:	4657      	mov	r7, sl
20002bfa:	464e      	mov	r6, r9
20002bfc:	4645      	mov	r5, r8
20002bfe:	b5e0      	push	{r5, r6, r7, lr}
20002c00:	b095      	sub	sp, #84	; 0x54
20002c02:	9008      	str	r0, [sp, #32]
20002c04:	9109      	str	r1, [sp, #36]	; 0x24
20002c06:	920a      	str	r2, [sp, #40]	; 0x28
20002c08:	930b      	str	r3, [sp, #44]	; 0x2c
20002c0a:	9e1e      	ldr	r6, [sp, #120]	; 0x78
20002c0c:	9c1f      	ldr	r4, [sp, #124]	; 0x7c
20002c0e:	ab20      	add	r3, sp, #128	; 0x80
20002c10:	781b      	ldrb	r3, [r3, #0]
20002c12:	469b      	mov	fp, r3
20002c14:	9b22      	ldr	r3, [sp, #136]	; 0x88
20002c16:	4699      	mov	r9, r3
20002c18:	9d23      	ldr	r5, [sp, #140]	; 0x8c
20002c1a:	9b26      	ldr	r3, [sp, #152]	; 0x98
20002c1c:	469a      	mov	sl, r3
20002c1e:	0033      	movs	r3, r6
20002c20:	4323      	orrs	r3, r4
20002c22:	d103      	bne.n	20002c2c <_ntoa_long_long+0x38>
20002c24:	3310      	adds	r3, #16
20002c26:	4652      	mov	r2, sl
20002c28:	439a      	bics	r2, r3
20002c2a:	4692      	mov	sl, r2
20002c2c:	2380      	movs	r3, #128	; 0x80
20002c2e:	00db      	lsls	r3, r3, #3
20002c30:	4657      	mov	r7, sl
20002c32:	401f      	ands	r7, r3
20002c34:	4652      	mov	r2, sl
20002c36:	421a      	tst	r2, r3
20002c38:	d019      	beq.n	20002c6e <_ntoa_long_long+0x7a>
20002c3a:	0033      	movs	r3, r6
20002c3c:	4323      	orrs	r3, r4
20002c3e:	d02d      	beq.n	20002c9c <_ntoa_long_long+0xa8>
20002c40:	2700      	movs	r7, #0
20002c42:	e014      	b.n	20002c6e <_ntoa_long_long+0x7a>
20002c44:	3330      	adds	r3, #48	; 0x30
20002c46:	b2da      	uxtb	r2, r3
20002c48:	1c7b      	adds	r3, r7, #1
20002c4a:	4698      	mov	r8, r3
20002c4c:	ab0c      	add	r3, sp, #48	; 0x30
20002c4e:	55da      	strb	r2, [r3, r7]
20002c50:	464a      	mov	r2, r9
20002c52:	002b      	movs	r3, r5
20002c54:	0030      	movs	r0, r6
20002c56:	0021      	movs	r1, r4
20002c58:	f000 ffae 	bl	20003bb8 <__wrap___aeabi_uldivmod>
20002c5c:	42a5      	cmp	r5, r4
20002c5e:	d81f      	bhi.n	20002ca0 <_ntoa_long_long+0xac>
20002c60:	d019      	beq.n	20002c96 <_ntoa_long_long+0xa2>
20002c62:	4643      	mov	r3, r8
20002c64:	2b1f      	cmp	r3, #31
20002c66:	d81b      	bhi.n	20002ca0 <_ntoa_long_long+0xac>
20002c68:	4647      	mov	r7, r8
20002c6a:	0006      	movs	r6, r0
20002c6c:	000c      	movs	r4, r1
20002c6e:	464a      	mov	r2, r9
20002c70:	002b      	movs	r3, r5
20002c72:	0030      	movs	r0, r6
20002c74:	0021      	movs	r1, r4
20002c76:	f000 ff9f 	bl	20003bb8 <__wrap___aeabi_uldivmod>
20002c7a:	b2d3      	uxtb	r3, r2
20002c7c:	2b09      	cmp	r3, #9
20002c7e:	d9e1      	bls.n	20002c44 <_ntoa_long_long+0x50>
20002c80:	4652      	mov	r2, sl
20002c82:	0692      	lsls	r2, r2, #26
20002c84:	d505      	bpl.n	20002c92 <_ntoa_long_long+0x9e>
20002c86:	2241      	movs	r2, #65	; 0x41
20002c88:	18d2      	adds	r2, r2, r3
20002c8a:	b2d2      	uxtb	r2, r2
20002c8c:	3a0a      	subs	r2, #10
20002c8e:	b2d2      	uxtb	r2, r2
20002c90:	e7da      	b.n	20002c48 <_ntoa_long_long+0x54>
20002c92:	2261      	movs	r2, #97	; 0x61
20002c94:	e7f8      	b.n	20002c88 <_ntoa_long_long+0x94>
20002c96:	45b1      	cmp	r9, r6
20002c98:	d9e3      	bls.n	20002c62 <_ntoa_long_long+0x6e>
20002c9a:	e001      	b.n	20002ca0 <_ntoa_long_long+0xac>
20002c9c:	2300      	movs	r3, #0
20002c9e:	4698      	mov	r8, r3
20002ca0:	4653      	mov	r3, sl
20002ca2:	9306      	str	r3, [sp, #24]
20002ca4:	9b25      	ldr	r3, [sp, #148]	; 0x94
20002ca6:	9305      	str	r3, [sp, #20]
20002ca8:	9b24      	ldr	r3, [sp, #144]	; 0x90
20002caa:	9304      	str	r3, [sp, #16]
20002cac:	464b      	mov	r3, r9
20002cae:	9303      	str	r3, [sp, #12]
20002cb0:	465b      	mov	r3, fp
20002cb2:	9302      	str	r3, [sp, #8]
20002cb4:	4643      	mov	r3, r8
20002cb6:	9301      	str	r3, [sp, #4]
20002cb8:	ab0c      	add	r3, sp, #48	; 0x30
20002cba:	9300      	str	r3, [sp, #0]
20002cbc:	9b0b      	ldr	r3, [sp, #44]	; 0x2c
20002cbe:	9a0a      	ldr	r2, [sp, #40]	; 0x28
20002cc0:	9909      	ldr	r1, [sp, #36]	; 0x24
20002cc2:	9808      	ldr	r0, [sp, #32]
20002cc4:	f7ff feaf 	bl	20002a26 <_ntoa_format>
20002cc8:	b015      	add	sp, #84	; 0x54
20002cca:	bcf0      	pop	{r4, r5, r6, r7}
20002ccc:	46bb      	mov	fp, r7
20002cce:	46b2      	mov	sl, r6
20002cd0:	46a9      	mov	r9, r5
20002cd2:	46a0      	mov	r8, r4
20002cd4:	bdf0      	pop	{r4, r5, r6, r7, pc}
	...

20002cd8 <_etoa>:
20002cd8:	b5f0      	push	{r4, r5, r6, r7, lr}
20002cda:	46de      	mov	lr, fp
20002cdc:	4657      	mov	r7, sl
20002cde:	464e      	mov	r6, r9
20002ce0:	4645      	mov	r5, r8
20002ce2:	b5e0      	push	{r5, r6, r7, lr}
20002ce4:	b091      	sub	sp, #68	; 0x44
20002ce6:	4683      	mov	fp, r0
20002ce8:	468a      	mov	sl, r1
20002cea:	920c      	str	r2, [sp, #48]	; 0x30
20002cec:	4698      	mov	r8, r3
20002cee:	9c1a      	ldr	r4, [sp, #104]	; 0x68
20002cf0:	9408      	str	r4, [sp, #32]
20002cf2:	9d1b      	ldr	r5, [sp, #108]	; 0x6c
20002cf4:	9509      	str	r5, [sp, #36]	; 0x24
20002cf6:	0022      	movs	r2, r4
20002cf8:	002b      	movs	r3, r5
20002cfa:	0020      	movs	r0, r4
20002cfc:	0029      	movs	r1, r5
20002cfe:	f001 f9e6 	bl	200040ce <__wrap___aeabi_dcmpun>
20002d02:	2800      	cmp	r0, #0
20002d04:	d000      	beq.n	20002d08 <_etoa+0x30>
20002d06:	e0e5      	b.n	20002ed4 <_etoa+0x1fc>
20002d08:	2201      	movs	r2, #1
20002d0a:	4252      	negs	r2, r2
20002d0c:	4bd7      	ldr	r3, [pc, #860]	; (2000306c <_etoa+0x394>)
20002d0e:	0020      	movs	r0, r4
20002d10:	0029      	movs	r1, r5
20002d12:	f001 f9d7 	bl	200040c4 <__wrap___aeabi_dcmpgt>
20002d16:	2800      	cmp	r0, #0
20002d18:	d000      	beq.n	20002d1c <_etoa+0x44>
20002d1a:	e0db      	b.n	20002ed4 <_etoa+0x1fc>
20002d1c:	2201      	movs	r2, #1
20002d1e:	4252      	negs	r2, r2
20002d20:	4bd3      	ldr	r3, [pc, #844]	; (20003070 <_etoa+0x398>)
20002d22:	0020      	movs	r0, r4
20002d24:	0029      	movs	r1, r5
20002d26:	f001 f9b7 	bl	20004098 <__wrap___aeabi_dcmplt>
20002d2a:	2800      	cmp	r0, #0
20002d2c:	d000      	beq.n	20002d30 <_etoa+0x58>
20002d2e:	e0d1      	b.n	20002ed4 <_etoa+0x1fc>
20002d30:	2200      	movs	r2, #0
20002d32:	2300      	movs	r3, #0
20002d34:	9e08      	ldr	r6, [sp, #32]
20002d36:	0030      	movs	r0, r6
20002d38:	9d09      	ldr	r5, [sp, #36]	; 0x24
20002d3a:	0029      	movs	r1, r5
20002d3c:	f001 f9ac 	bl	20004098 <__wrap___aeabi_dcmplt>
20002d40:	2800      	cmp	r0, #0
20002d42:	d000      	beq.n	20002d46 <_etoa+0x6e>
20002d44:	e0dd      	b.n	20002f02 <_etoa+0x22a>
20002d46:	9808      	ldr	r0, [sp, #32]
20002d48:	9909      	ldr	r1, [sp, #36]	; 0x24
20002d4a:	9006      	str	r0, [sp, #24]
20002d4c:	9107      	str	r1, [sp, #28]
20002d4e:	2380      	movs	r3, #128	; 0x80
20002d50:	00db      	lsls	r3, r3, #3
20002d52:	9a1e      	ldr	r2, [sp, #120]	; 0x78
20002d54:	401a      	ands	r2, r3
20002d56:	920d      	str	r2, [sp, #52]	; 0x34
20002d58:	9a1e      	ldr	r2, [sp, #120]	; 0x78
20002d5a:	421a      	tst	r2, r3
20002d5c:	d101      	bne.n	20002d62 <_etoa+0x8a>
20002d5e:	2306      	movs	r3, #6
20002d60:	931c      	str	r3, [sp, #112]	; 0x70
20002d62:	9806      	ldr	r0, [sp, #24]
20002d64:	9907      	ldr	r1, [sp, #28]
20002d66:	0004      	movs	r4, r0
20002d68:	000d      	movs	r5, r1
20002d6a:	000a      	movs	r2, r1
20002d6c:	0006      	movs	r6, r0
20002d6e:	4302      	orrs	r2, r0
20002d70:	d100      	bne.n	20002d74 <_etoa+0x9c>
20002d72:	e0d1      	b.n	20002f18 <_etoa+0x240>
20002d74:	0d08      	lsrs	r0, r1, #20
20002d76:	0540      	lsls	r0, r0, #21
20002d78:	0d40      	lsrs	r0, r0, #21
20002d7a:	4cbe      	ldr	r4, [pc, #760]	; (20003074 <_etoa+0x39c>)
20002d7c:	46a4      	mov	ip, r4
20002d7e:	4460      	add	r0, ip
20002d80:	030a      	lsls	r2, r1, #12
20002d82:	0b12      	lsrs	r2, r2, #12
20002d84:	4bbc      	ldr	r3, [pc, #752]	; (20003078 <_etoa+0x3a0>)
20002d86:	4313      	orrs	r3, r2
20002d88:	001f      	movs	r7, r3
20002d8a:	f001 f9b3 	bl	200040f4 <__wrap___aeabi_i2d>
20002d8e:	4abb      	ldr	r2, [pc, #748]	; (2000307c <_etoa+0x3a4>)
20002d90:	4bbb      	ldr	r3, [pc, #748]	; (20003080 <_etoa+0x3a8>)
20002d92:	f001 f93e 	bl	20004012 <__wrap___aeabi_dmul>
20002d96:	4abb      	ldr	r2, [pc, #748]	; (20003084 <_etoa+0x3ac>)
20002d98:	4bbb      	ldr	r3, [pc, #748]	; (20003088 <_etoa+0x3b0>)
20002d9a:	f001 f913 	bl	20003fc4 <__wrap___aeabi_dadd>
20002d9e:	0004      	movs	r4, r0
20002da0:	000d      	movs	r5, r1
20002da2:	2200      	movs	r2, #0
20002da4:	4bb9      	ldr	r3, [pc, #740]	; (2000308c <_etoa+0x3b4>)
20002da6:	0030      	movs	r0, r6
20002da8:	0039      	movs	r1, r7
20002daa:	f001 f902 	bl	20003fb2 <__wrap___aeabi_dsub>
20002dae:	4ab8      	ldr	r2, [pc, #736]	; (20003090 <_etoa+0x3b8>)
20002db0:	4bb8      	ldr	r3, [pc, #736]	; (20003094 <_etoa+0x3bc>)
20002db2:	f001 f92e 	bl	20004012 <__wrap___aeabi_dmul>
20002db6:	0002      	movs	r2, r0
20002db8:	000b      	movs	r3, r1
20002dba:	0020      	movs	r0, r4
20002dbc:	0029      	movs	r1, r5
20002dbe:	f001 f901 	bl	20003fc4 <__wrap___aeabi_dadd>
20002dc2:	f001 f9af 	bl	20004124 <__wrap___aeabi_d2iz>
20002dc6:	4681      	mov	r9, r0
20002dc8:	f001 f994 	bl	200040f4 <__wrap___aeabi_i2d>
20002dcc:	0004      	movs	r4, r0
20002dce:	000d      	movs	r5, r1
20002dd0:	4ab1      	ldr	r2, [pc, #708]	; (20003098 <_etoa+0x3c0>)
20002dd2:	4bb2      	ldr	r3, [pc, #712]	; (2000309c <_etoa+0x3c4>)
20002dd4:	f001 f91d 	bl	20004012 <__wrap___aeabi_dmul>
20002dd8:	2200      	movs	r2, #0
20002dda:	4bb1      	ldr	r3, [pc, #708]	; (200030a0 <_etoa+0x3c8>)
20002ddc:	f001 f8f2 	bl	20003fc4 <__wrap___aeabi_dadd>
20002de0:	f001 f9a0 	bl	20004124 <__wrap___aeabi_d2iz>
20002de4:	0006      	movs	r6, r0
20002de6:	4aaf      	ldr	r2, [pc, #700]	; (200030a4 <_etoa+0x3cc>)
20002de8:	4baf      	ldr	r3, [pc, #700]	; (200030a8 <_etoa+0x3d0>)
20002dea:	0020      	movs	r0, r4
20002dec:	0029      	movs	r1, r5
20002dee:	f001 f910 	bl	20004012 <__wrap___aeabi_dmul>
20002df2:	0004      	movs	r4, r0
20002df4:	000d      	movs	r5, r1
20002df6:	0030      	movs	r0, r6
20002df8:	f001 f97c 	bl	200040f4 <__wrap___aeabi_i2d>
20002dfc:	4aab      	ldr	r2, [pc, #684]	; (200030ac <_etoa+0x3d4>)
20002dfe:	4bac      	ldr	r3, [pc, #688]	; (200030b0 <_etoa+0x3d8>)
20002e00:	f001 f907 	bl	20004012 <__wrap___aeabi_dmul>
20002e04:	0002      	movs	r2, r0
20002e06:	000b      	movs	r3, r1
20002e08:	0020      	movs	r0, r4
20002e0a:	0029      	movs	r1, r5
20002e0c:	f001 f8d1 	bl	20003fb2 <__wrap___aeabi_dsub>
20002e10:	0004      	movs	r4, r0
20002e12:	000d      	movs	r5, r1
20002e14:	0002      	movs	r2, r0
20002e16:	000b      	movs	r3, r1
20002e18:	f001 f8fb 	bl	20004012 <__wrap___aeabi_dmul>
20002e1c:	900a      	str	r0, [sp, #40]	; 0x28
20002e1e:	910b      	str	r1, [sp, #44]	; 0x2c
20002e20:	4ba4      	ldr	r3, [pc, #656]	; (200030b4 <_etoa+0x3dc>)
20002e22:	18f3      	adds	r3, r6, r3
20002e24:	2600      	movs	r6, #0
20002e26:	051f      	lsls	r7, r3, #20
20002e28:	0022      	movs	r2, r4
20002e2a:	002b      	movs	r3, r5
20002e2c:	0020      	movs	r0, r4
20002e2e:	0029      	movs	r1, r5
20002e30:	f001 f8c8 	bl	20003fc4 <__wrap___aeabi_dadd>
20002e34:	900e      	str	r0, [sp, #56]	; 0x38
20002e36:	910f      	str	r1, [sp, #60]	; 0x3c
20002e38:	0022      	movs	r2, r4
20002e3a:	002b      	movs	r3, r5
20002e3c:	2000      	movs	r0, #0
20002e3e:	2180      	movs	r1, #128	; 0x80
20002e40:	05c9      	lsls	r1, r1, #23
20002e42:	f001 f8b6 	bl	20003fb2 <__wrap___aeabi_dsub>
20002e46:	0004      	movs	r4, r0
20002e48:	000d      	movs	r5, r1
20002e4a:	2200      	movs	r2, #0
20002e4c:	4b9a      	ldr	r3, [pc, #616]	; (200030b8 <_etoa+0x3e0>)
20002e4e:	980a      	ldr	r0, [sp, #40]	; 0x28
20002e50:	990b      	ldr	r1, [sp, #44]	; 0x2c
20002e52:	f001 f8c0 	bl	20003fd6 <__wrap___aeabi_ddiv>
20002e56:	2200      	movs	r2, #0
20002e58:	4b98      	ldr	r3, [pc, #608]	; (200030bc <_etoa+0x3e4>)
20002e5a:	f001 f8b3 	bl	20003fc4 <__wrap___aeabi_dadd>
20002e5e:	0002      	movs	r2, r0
20002e60:	000b      	movs	r3, r1
20002e62:	980a      	ldr	r0, [sp, #40]	; 0x28
20002e64:	990b      	ldr	r1, [sp, #44]	; 0x2c
20002e66:	f001 f8b6 	bl	20003fd6 <__wrap___aeabi_ddiv>
20002e6a:	2200      	movs	r2, #0
20002e6c:	4b94      	ldr	r3, [pc, #592]	; (200030c0 <_etoa+0x3e8>)
20002e6e:	f001 f8a9 	bl	20003fc4 <__wrap___aeabi_dadd>
20002e72:	0002      	movs	r2, r0
20002e74:	000b      	movs	r3, r1
20002e76:	980a      	ldr	r0, [sp, #40]	; 0x28
20002e78:	990b      	ldr	r1, [sp, #44]	; 0x2c
20002e7a:	f001 f8ac 	bl	20003fd6 <__wrap___aeabi_ddiv>
20002e7e:	0002      	movs	r2, r0
20002e80:	000b      	movs	r3, r1
20002e82:	0020      	movs	r0, r4
20002e84:	0029      	movs	r1, r5
20002e86:	f001 f89d 	bl	20003fc4 <__wrap___aeabi_dadd>
20002e8a:	0002      	movs	r2, r0
20002e8c:	000b      	movs	r3, r1
20002e8e:	980e      	ldr	r0, [sp, #56]	; 0x38
20002e90:	990f      	ldr	r1, [sp, #60]	; 0x3c
20002e92:	f001 f8a0 	bl	20003fd6 <__wrap___aeabi_ddiv>
20002e96:	2200      	movs	r2, #0
20002e98:	4b77      	ldr	r3, [pc, #476]	; (20003078 <_etoa+0x3a0>)
20002e9a:	f001 f893 	bl	20003fc4 <__wrap___aeabi_dadd>
20002e9e:	0032      	movs	r2, r6
20002ea0:	003b      	movs	r3, r7
20002ea2:	f001 f8b6 	bl	20004012 <__wrap___aeabi_dmul>
20002ea6:	0006      	movs	r6, r0
20002ea8:	000f      	movs	r7, r1
20002eaa:	0004      	movs	r4, r0
20002eac:	000d      	movs	r5, r1
20002eae:	9a06      	ldr	r2, [sp, #24]
20002eb0:	9b07      	ldr	r3, [sp, #28]
20002eb2:	f001 f907 	bl	200040c4 <__wrap___aeabi_dcmpgt>
20002eb6:	2800      	cmp	r0, #0
20002eb8:	d030      	beq.n	20002f1c <_etoa+0x244>
20002eba:	2301      	movs	r3, #1
20002ebc:	425b      	negs	r3, r3
20002ebe:	469c      	mov	ip, r3
20002ec0:	44e1      	add	r9, ip
20002ec2:	2200      	movs	r2, #0
20002ec4:	4b7d      	ldr	r3, [pc, #500]	; (200030bc <_etoa+0x3e4>)
20002ec6:	0030      	movs	r0, r6
20002ec8:	0039      	movs	r1, r7
20002eca:	f001 f884 	bl	20003fd6 <__wrap___aeabi_ddiv>
20002ece:	0004      	movs	r4, r0
20002ed0:	000d      	movs	r5, r1
20002ed2:	e023      	b.n	20002f1c <_etoa+0x244>
20002ed4:	9b1e      	ldr	r3, [sp, #120]	; 0x78
20002ed6:	9304      	str	r3, [sp, #16]
20002ed8:	9b1d      	ldr	r3, [sp, #116]	; 0x74
20002eda:	9303      	str	r3, [sp, #12]
20002edc:	9b1c      	ldr	r3, [sp, #112]	; 0x70
20002ede:	9302      	str	r3, [sp, #8]
20002ee0:	9a08      	ldr	r2, [sp, #32]
20002ee2:	9b09      	ldr	r3, [sp, #36]	; 0x24
20002ee4:	9200      	str	r2, [sp, #0]
20002ee6:	9301      	str	r3, [sp, #4]
20002ee8:	4643      	mov	r3, r8
20002eea:	9a0c      	ldr	r2, [sp, #48]	; 0x30
20002eec:	4651      	mov	r1, sl
20002eee:	4658      	mov	r0, fp
20002ef0:	f000 f8fc 	bl	200030ec <_ftoa>
20002ef4:	b011      	add	sp, #68	; 0x44
20002ef6:	bcf0      	pop	{r4, r5, r6, r7}
20002ef8:	46bb      	mov	fp, r7
20002efa:	46b2      	mov	sl, r6
20002efc:	46a9      	mov	r9, r5
20002efe:	46a0      	mov	r8, r4
20002f00:	bdf0      	pop	{r4, r5, r6, r7, pc}
20002f02:	2300      	movs	r3, #0
20002f04:	2400      	movs	r4, #0
20002f06:	9306      	str	r3, [sp, #24]
20002f08:	9407      	str	r4, [sp, #28]
20002f0a:	9606      	str	r6, [sp, #24]
20002f0c:	2380      	movs	r3, #128	; 0x80
20002f0e:	061b      	lsls	r3, r3, #24
20002f10:	469c      	mov	ip, r3
20002f12:	4465      	add	r5, ip
20002f14:	9507      	str	r5, [sp, #28]
20002f16:	e71a      	b.n	20002d4e <_etoa+0x76>
20002f18:	2300      	movs	r3, #0
20002f1a:	4699      	mov	r9, r3
20002f1c:	464b      	mov	r3, r9
20002f1e:	3363      	adds	r3, #99	; 0x63
20002f20:	2bc6      	cmp	r3, #198	; 0xc6
20002f22:	d81e      	bhi.n	20002f62 <_etoa+0x28a>
20002f24:	2604      	movs	r6, #4
20002f26:	9b1e      	ldr	r3, [sp, #120]	; 0x78
20002f28:	051b      	lsls	r3, r3, #20
20002f2a:	d526      	bpl.n	20002f7a <_etoa+0x2a2>
20002f2c:	002b      	movs	r3, r5
20002f2e:	4323      	orrs	r3, r4
20002f30:	d00f      	beq.n	20002f52 <_etoa+0x27a>
20002f32:	4a64      	ldr	r2, [pc, #400]	; (200030c4 <_etoa+0x3ec>)
20002f34:	4b64      	ldr	r3, [pc, #400]	; (200030c8 <_etoa+0x3f0>)
20002f36:	9806      	ldr	r0, [sp, #24]
20002f38:	9907      	ldr	r1, [sp, #28]
20002f3a:	f001 f8bb 	bl	200040b4 <__wrap___aeabi_dcmpge>
20002f3e:	2800      	cmp	r0, #0
20002f40:	d079      	beq.n	20003036 <_etoa+0x35e>
20002f42:	2200      	movs	r2, #0
20002f44:	4b61      	ldr	r3, [pc, #388]	; (200030cc <_etoa+0x3f4>)
20002f46:	9806      	ldr	r0, [sp, #24]
20002f48:	9907      	ldr	r1, [sp, #28]
20002f4a:	f001 f8a5 	bl	20004098 <__wrap___aeabi_dcmplt>
20002f4e:	2800      	cmp	r0, #0
20002f50:	d071      	beq.n	20003036 <_etoa+0x35e>
20002f52:	9b1c      	ldr	r3, [sp, #112]	; 0x70
20002f54:	454b      	cmp	r3, r9
20002f56:	dd06      	ble.n	20002f66 <_etoa+0x28e>
20002f58:	464a      	mov	r2, r9
20002f5a:	1a98      	subs	r0, r3, r2
20002f5c:	1e43      	subs	r3, r0, #1
20002f5e:	931c      	str	r3, [sp, #112]	; 0x70
20002f60:	e003      	b.n	20002f6a <_etoa+0x292>
20002f62:	2605      	movs	r6, #5
20002f64:	e7df      	b.n	20002f26 <_etoa+0x24e>
20002f66:	2300      	movs	r3, #0
20002f68:	931c      	str	r3, [sp, #112]	; 0x70
20002f6a:	2380      	movs	r3, #128	; 0x80
20002f6c:	00db      	lsls	r3, r3, #3
20002f6e:	9a1e      	ldr	r2, [sp, #120]	; 0x78
20002f70:	431a      	orrs	r2, r3
20002f72:	921e      	str	r2, [sp, #120]	; 0x78
20002f74:	2600      	movs	r6, #0
20002f76:	2300      	movs	r3, #0
20002f78:	4699      	mov	r9, r3
20002f7a:	9b1d      	ldr	r3, [sp, #116]	; 0x74
20002f7c:	429e      	cmp	r6, r3
20002f7e:	d264      	bcs.n	2000304a <_etoa+0x372>
20002f80:	1b9f      	subs	r7, r3, r6
20002f82:	2302      	movs	r3, #2
20002f84:	9a1e      	ldr	r2, [sp, #120]	; 0x78
20002f86:	401a      	ands	r2, r3
20002f88:	920a      	str	r2, [sp, #40]	; 0x28
20002f8a:	9a1e      	ldr	r2, [sp, #120]	; 0x78
20002f8c:	4213      	tst	r3, r2
20002f8e:	d002      	beq.n	20002f96 <_etoa+0x2be>
20002f90:	2e00      	cmp	r6, #0
20002f92:	d000      	beq.n	20002f96 <_etoa+0x2be>
20002f94:	2700      	movs	r7, #0
20002f96:	464b      	mov	r3, r9
20002f98:	2b00      	cmp	r3, #0
20002f9a:	d007      	beq.n	20002fac <_etoa+0x2d4>
20002f9c:	0022      	movs	r2, r4
20002f9e:	002b      	movs	r3, r5
20002fa0:	9806      	ldr	r0, [sp, #24]
20002fa2:	9907      	ldr	r1, [sp, #28]
20002fa4:	f001 f817 	bl	20003fd6 <__wrap___aeabi_ddiv>
20002fa8:	9006      	str	r0, [sp, #24]
20002faa:	9107      	str	r1, [sp, #28]
20002fac:	2200      	movs	r2, #0
20002fae:	2300      	movs	r3, #0
20002fb0:	9808      	ldr	r0, [sp, #32]
20002fb2:	9909      	ldr	r1, [sp, #36]	; 0x24
20002fb4:	f001 f870 	bl	20004098 <__wrap___aeabi_dcmplt>
20002fb8:	2800      	cmp	r0, #0
20002fba:	d148      	bne.n	2000304e <_etoa+0x376>
20002fbc:	4b44      	ldr	r3, [pc, #272]	; (200030d0 <_etoa+0x3f8>)
20002fbe:	9a1e      	ldr	r2, [sp, #120]	; 0x78
20002fc0:	4013      	ands	r3, r2
20002fc2:	9304      	str	r3, [sp, #16]
20002fc4:	9703      	str	r7, [sp, #12]
20002fc6:	9b1c      	ldr	r3, [sp, #112]	; 0x70
20002fc8:	9302      	str	r3, [sp, #8]
20002fca:	9b06      	ldr	r3, [sp, #24]
20002fcc:	9c07      	ldr	r4, [sp, #28]
20002fce:	9300      	str	r3, [sp, #0]
20002fd0:	9401      	str	r4, [sp, #4]
20002fd2:	4643      	mov	r3, r8
20002fd4:	9a0c      	ldr	r2, [sp, #48]	; 0x30
20002fd6:	4651      	mov	r1, sl
20002fd8:	4658      	mov	r0, fp
20002fda:	f000 f887 	bl	200030ec <_ftoa>
20002fde:	2e00      	cmp	r6, #0
20002fe0:	d100      	bne.n	20002fe4 <_etoa+0x30c>
20002fe2:	e787      	b.n	20002ef4 <_etoa+0x21c>
20002fe4:	9b1e      	ldr	r3, [sp, #120]	; 0x78
20002fe6:	069b      	lsls	r3, r3, #26
20002fe8:	d53d      	bpl.n	20003066 <_etoa+0x38e>
20002fea:	2545      	movs	r5, #69	; 0x45
20002fec:	1c44      	adds	r4, r0, #1
20002fee:	4643      	mov	r3, r8
20002ff0:	0002      	movs	r2, r0
20002ff2:	4651      	mov	r1, sl
20002ff4:	0028      	movs	r0, r5
20002ff6:	47d8      	blx	fp
20002ff8:	464b      	mov	r3, r9
20002ffa:	17da      	asrs	r2, r3, #31
20002ffc:	189b      	adds	r3, r3, r2
20002ffe:	4053      	eors	r3, r2
20003000:	2205      	movs	r2, #5
20003002:	9205      	str	r2, [sp, #20]
20003004:	3e01      	subs	r6, #1
20003006:	9604      	str	r6, [sp, #16]
20003008:	2200      	movs	r2, #0
2000300a:	9203      	str	r2, [sp, #12]
2000300c:	320a      	adds	r2, #10
2000300e:	9202      	str	r2, [sp, #8]
20003010:	464a      	mov	r2, r9
20003012:	0fd0      	lsrs	r0, r2, #31
20003014:	9001      	str	r0, [sp, #4]
20003016:	9300      	str	r3, [sp, #0]
20003018:	4643      	mov	r3, r8
2000301a:	0022      	movs	r2, r4
2000301c:	4651      	mov	r1, sl
2000301e:	4658      	mov	r0, fp
20003020:	f7ff fd8a 	bl	20002b38 <_ntoa_long>
20003024:	9b0a      	ldr	r3, [sp, #40]	; 0x28
20003026:	2b00      	cmp	r3, #0
20003028:	d100      	bne.n	2000302c <_etoa+0x354>
2000302a:	e763      	b.n	20002ef4 <_etoa+0x21c>
2000302c:	0002      	movs	r2, r0
2000302e:	465f      	mov	r7, fp
20003030:	9e0c      	ldr	r6, [sp, #48]	; 0x30
20003032:	9d1d      	ldr	r5, [sp, #116]	; 0x74
20003034:	e054      	b.n	200030e0 <_etoa+0x408>
20003036:	9b1c      	ldr	r3, [sp, #112]	; 0x70
20003038:	2b00      	cmp	r3, #0
2000303a:	d09e      	beq.n	20002f7a <_etoa+0x2a2>
2000303c:	9b0d      	ldr	r3, [sp, #52]	; 0x34
2000303e:	2b00      	cmp	r3, #0
20003040:	d09b      	beq.n	20002f7a <_etoa+0x2a2>
20003042:	9b1c      	ldr	r3, [sp, #112]	; 0x70
20003044:	3b01      	subs	r3, #1
20003046:	931c      	str	r3, [sp, #112]	; 0x70
20003048:	e797      	b.n	20002f7a <_etoa+0x2a2>
2000304a:	2700      	movs	r7, #0
2000304c:	e799      	b.n	20002f82 <_etoa+0x2aa>
2000304e:	9c06      	ldr	r4, [sp, #24]
20003050:	9d07      	ldr	r5, [sp, #28]
20003052:	0022      	movs	r2, r4
20003054:	0029      	movs	r1, r5
20003056:	2080      	movs	r0, #128	; 0x80
20003058:	0600      	lsls	r0, r0, #24
2000305a:	4684      	mov	ip, r0
2000305c:	4461      	add	r1, ip
2000305e:	000b      	movs	r3, r1
20003060:	9206      	str	r2, [sp, #24]
20003062:	9307      	str	r3, [sp, #28]
20003064:	e7aa      	b.n	20002fbc <_etoa+0x2e4>
20003066:	2565      	movs	r5, #101	; 0x65
20003068:	e7c0      	b.n	20002fec <_etoa+0x314>
2000306a:	46c0      	nop			; (mov r8, r8)
2000306c:	7fefffff 	.word	0x7fefffff
20003070:	ffefffff 	.word	0xffefffff
20003074:	fffffc01 	.word	0xfffffc01
20003078:	3ff00000 	.word	0x3ff00000
2000307c:	509f79fb 	.word	0x509f79fb
20003080:	3fd34413 	.word	0x3fd34413
20003084:	8b60c8b3 	.word	0x8b60c8b3
20003088:	3fc68a28 	.word	0x3fc68a28
2000308c:	3ff80000 	.word	0x3ff80000
20003090:	636f4361 	.word	0x636f4361
20003094:	3fd287a7 	.word	0x3fd287a7
20003098:	0979a371 	.word	0x0979a371
2000309c:	400a934f 	.word	0x400a934f
200030a0:	3fe00000 	.word	0x3fe00000
200030a4:	bbb55516 	.word	0xbbb55516
200030a8:	40026bb1 	.word	0x40026bb1
200030ac:	fefa39ef 	.word	0xfefa39ef
200030b0:	3fe62e42 	.word	0x3fe62e42
200030b4:	000003ff 	.word	0x000003ff
200030b8:	402c0000 	.word	0x402c0000
200030bc:	40240000 	.word	0x40240000
200030c0:	40180000 	.word	0x40180000
200030c4:	eb1c432d 	.word	0xeb1c432d
200030c8:	3f1a36e2 	.word	0x3f1a36e2
200030cc:	412e8480 	.word	0x412e8480
200030d0:	fffff7ff 	.word	0xfffff7ff
200030d4:	1c54      	adds	r4, r2, #1
200030d6:	4643      	mov	r3, r8
200030d8:	4651      	mov	r1, sl
200030da:	2020      	movs	r0, #32
200030dc:	47b8      	blx	r7
200030de:	0022      	movs	r2, r4
200030e0:	1b93      	subs	r3, r2, r6
200030e2:	42ab      	cmp	r3, r5
200030e4:	d3f6      	bcc.n	200030d4 <_etoa+0x3fc>
200030e6:	0010      	movs	r0, r2
200030e8:	e704      	b.n	20002ef4 <_etoa+0x21c>
200030ea:	46c0      	nop			; (mov r8, r8)

200030ec <_ftoa>:
200030ec:	b5f0      	push	{r4, r5, r6, r7, lr}
200030ee:	46de      	mov	lr, fp
200030f0:	4657      	mov	r7, sl
200030f2:	464e      	mov	r6, r9
200030f4:	4645      	mov	r5, r8
200030f6:	b5e0      	push	{r5, r6, r7, lr}
200030f8:	b095      	sub	sp, #84	; 0x54
200030fa:	9006      	str	r0, [sp, #24]
200030fc:	9107      	str	r1, [sp, #28]
200030fe:	4693      	mov	fp, r2
20003100:	4699      	mov	r9, r3
20003102:	9f20      	ldr	r7, [sp, #128]	; 0x80
20003104:	9a1e      	ldr	r2, [sp, #120]	; 0x78
20003106:	9b1f      	ldr	r3, [sp, #124]	; 0x7c
20003108:	0010      	movs	r0, r2
2000310a:	0019      	movs	r1, r3
2000310c:	f000 ffdf 	bl	200040ce <__wrap___aeabi_dcmpun>
20003110:	2800      	cmp	r0, #0
20003112:	d131      	bne.n	20003178 <_ftoa+0x8c>
20003114:	2201      	movs	r2, #1
20003116:	4252      	negs	r2, r2
20003118:	4bbf      	ldr	r3, [pc, #764]	; (20003418 <_ftoa+0x32c>)
2000311a:	981e      	ldr	r0, [sp, #120]	; 0x78
2000311c:	991f      	ldr	r1, [sp, #124]	; 0x7c
2000311e:	f000 ffbb 	bl	20004098 <__wrap___aeabi_dcmplt>
20003122:	2800      	cmp	r0, #0
20003124:	d137      	bne.n	20003196 <_ftoa+0xaa>
20003126:	2201      	movs	r2, #1
20003128:	4252      	negs	r2, r2
2000312a:	4bbc      	ldr	r3, [pc, #752]	; (2000341c <_ftoa+0x330>)
2000312c:	981e      	ldr	r0, [sp, #120]	; 0x78
2000312e:	991f      	ldr	r1, [sp, #124]	; 0x7c
20003130:	f000 ffc8 	bl	200040c4 <__wrap___aeabi_dcmpgt>
20003134:	2800      	cmp	r0, #0
20003136:	d13d      	bne.n	200031b4 <_ftoa+0xc8>
20003138:	2200      	movs	r2, #0
2000313a:	4bb9      	ldr	r3, [pc, #740]	; (20003420 <_ftoa+0x334>)
2000313c:	981e      	ldr	r0, [sp, #120]	; 0x78
2000313e:	991f      	ldr	r1, [sp, #124]	; 0x7c
20003140:	f000 ffc0 	bl	200040c4 <__wrap___aeabi_dcmpgt>
20003144:	2800      	cmp	r0, #0
20003146:	d150      	bne.n	200031ea <_ftoa+0xfe>
20003148:	2200      	movs	r2, #0
2000314a:	4bb6      	ldr	r3, [pc, #728]	; (20003424 <_ftoa+0x338>)
2000314c:	981e      	ldr	r0, [sp, #120]	; 0x78
2000314e:	991f      	ldr	r1, [sp, #124]	; 0x7c
20003150:	f000 ffa2 	bl	20004098 <__wrap___aeabi_dcmplt>
20003154:	2800      	cmp	r0, #0
20003156:	d148      	bne.n	200031ea <_ftoa+0xfe>
20003158:	2200      	movs	r2, #0
2000315a:	2300      	movs	r3, #0
2000315c:	981e      	ldr	r0, [sp, #120]	; 0x78
2000315e:	991f      	ldr	r1, [sp, #124]	; 0x7c
20003160:	f000 ff9a 	bl	20004098 <__wrap___aeabi_dcmplt>
20003164:	2800      	cmp	r0, #0
20003166:	d150      	bne.n	2000320a <_ftoa+0x11e>
20003168:	2300      	movs	r3, #0
2000316a:	4698      	mov	r8, r3
2000316c:	9b22      	ldr	r3, [sp, #136]	; 0x88
2000316e:	055b      	lsls	r3, r3, #21
20003170:	d400      	bmi.n	20003174 <_ftoa+0x88>
20003172:	e0b6      	b.n	200032e2 <_ftoa+0x1f6>
20003174:	2400      	movs	r4, #0
20003176:	e058      	b.n	2000322a <_ftoa+0x13e>
20003178:	9b22      	ldr	r3, [sp, #136]	; 0x88
2000317a:	9303      	str	r3, [sp, #12]
2000317c:	9b21      	ldr	r3, [sp, #132]	; 0x84
2000317e:	9302      	str	r3, [sp, #8]
20003180:	2303      	movs	r3, #3
20003182:	9301      	str	r3, [sp, #4]
20003184:	4ba8      	ldr	r3, [pc, #672]	; (20003428 <_ftoa+0x33c>)
20003186:	9300      	str	r3, [sp, #0]
20003188:	464b      	mov	r3, r9
2000318a:	465a      	mov	r2, fp
2000318c:	9907      	ldr	r1, [sp, #28]
2000318e:	9806      	ldr	r0, [sp, #24]
20003190:	f7ff fbf2 	bl	20002978 <_out_rev>
20003194:	e10e      	b.n	200033b4 <_ftoa+0x2c8>
20003196:	9b22      	ldr	r3, [sp, #136]	; 0x88
20003198:	9303      	str	r3, [sp, #12]
2000319a:	9b21      	ldr	r3, [sp, #132]	; 0x84
2000319c:	9302      	str	r3, [sp, #8]
2000319e:	2304      	movs	r3, #4
200031a0:	9301      	str	r3, [sp, #4]
200031a2:	4ba2      	ldr	r3, [pc, #648]	; (2000342c <_ftoa+0x340>)
200031a4:	9300      	str	r3, [sp, #0]
200031a6:	464b      	mov	r3, r9
200031a8:	465a      	mov	r2, fp
200031aa:	9907      	ldr	r1, [sp, #28]
200031ac:	9806      	ldr	r0, [sp, #24]
200031ae:	f7ff fbe3 	bl	20002978 <_out_rev>
200031b2:	e0ff      	b.n	200033b4 <_ftoa+0x2c8>
200031b4:	2304      	movs	r3, #4
200031b6:	9a22      	ldr	r2, [sp, #136]	; 0x88
200031b8:	401a      	ands	r2, r3
200031ba:	9922      	ldr	r1, [sp, #136]	; 0x88
200031bc:	420b      	tst	r3, r1
200031be:	d010      	beq.n	200031e2 <_ftoa+0xf6>
200031c0:	4b9b      	ldr	r3, [pc, #620]	; (20003430 <_ftoa+0x344>)
200031c2:	2a00      	cmp	r2, #0
200031c4:	d00f      	beq.n	200031e6 <_ftoa+0xfa>
200031c6:	2204      	movs	r2, #4
200031c8:	9922      	ldr	r1, [sp, #136]	; 0x88
200031ca:	9103      	str	r1, [sp, #12]
200031cc:	9921      	ldr	r1, [sp, #132]	; 0x84
200031ce:	9102      	str	r1, [sp, #8]
200031d0:	9201      	str	r2, [sp, #4]
200031d2:	9300      	str	r3, [sp, #0]
200031d4:	464b      	mov	r3, r9
200031d6:	465a      	mov	r2, fp
200031d8:	9907      	ldr	r1, [sp, #28]
200031da:	9806      	ldr	r0, [sp, #24]
200031dc:	f7ff fbcc 	bl	20002978 <_out_rev>
200031e0:	e0e8      	b.n	200033b4 <_ftoa+0x2c8>
200031e2:	4b94      	ldr	r3, [pc, #592]	; (20003434 <_ftoa+0x348>)
200031e4:	e7ed      	b.n	200031c2 <_ftoa+0xd6>
200031e6:	2203      	movs	r2, #3
200031e8:	e7ee      	b.n	200031c8 <_ftoa+0xdc>
200031ea:	9b22      	ldr	r3, [sp, #136]	; 0x88
200031ec:	9304      	str	r3, [sp, #16]
200031ee:	9b21      	ldr	r3, [sp, #132]	; 0x84
200031f0:	9303      	str	r3, [sp, #12]
200031f2:	9702      	str	r7, [sp, #8]
200031f4:	9b1e      	ldr	r3, [sp, #120]	; 0x78
200031f6:	9c1f      	ldr	r4, [sp, #124]	; 0x7c
200031f8:	9300      	str	r3, [sp, #0]
200031fa:	9401      	str	r4, [sp, #4]
200031fc:	464b      	mov	r3, r9
200031fe:	465a      	mov	r2, fp
20003200:	9907      	ldr	r1, [sp, #28]
20003202:	9806      	ldr	r0, [sp, #24]
20003204:	f7ff fd68 	bl	20002cd8 <_etoa>
20003208:	e0d4      	b.n	200033b4 <_ftoa+0x2c8>
2000320a:	9a1e      	ldr	r2, [sp, #120]	; 0x78
2000320c:	9b1f      	ldr	r3, [sp, #124]	; 0x7c
2000320e:	2000      	movs	r0, #0
20003210:	2100      	movs	r1, #0
20003212:	f000 fece 	bl	20003fb2 <__wrap___aeabi_dsub>
20003216:	901e      	str	r0, [sp, #120]	; 0x78
20003218:	911f      	str	r1, [sp, #124]	; 0x7c
2000321a:	2301      	movs	r3, #1
2000321c:	4698      	mov	r8, r3
2000321e:	e7a5      	b.n	2000316c <_ftoa+0x80>
20003220:	ab0c      	add	r3, sp, #48	; 0x30
20003222:	2230      	movs	r2, #48	; 0x30
20003224:	551a      	strb	r2, [r3, r4]
20003226:	3f01      	subs	r7, #1
20003228:	3401      	adds	r4, #1
2000322a:	2c1f      	cmp	r4, #31
2000322c:	d801      	bhi.n	20003232 <_ftoa+0x146>
2000322e:	2f09      	cmp	r7, #9
20003230:	d8f6      	bhi.n	20003220 <_ftoa+0x134>
20003232:	981e      	ldr	r0, [sp, #120]	; 0x78
20003234:	991f      	ldr	r1, [sp, #124]	; 0x7c
20003236:	f000 ff75 	bl	20004124 <__wrap___aeabi_d2iz>
2000323a:	0005      	movs	r5, r0
2000323c:	f000 ff5a 	bl	200040f4 <__wrap___aeabi_i2d>
20003240:	0002      	movs	r2, r0
20003242:	000b      	movs	r3, r1
20003244:	981e      	ldr	r0, [sp, #120]	; 0x78
20003246:	991f      	ldr	r1, [sp, #124]	; 0x7c
20003248:	f000 feb3 	bl	20003fb2 <__wrap___aeabi_dsub>
2000324c:	00fa      	lsls	r2, r7, #3
2000324e:	4b7a      	ldr	r3, [pc, #488]	; (20003438 <_ftoa+0x34c>)
20003250:	189b      	adds	r3, r3, r2
20003252:	681a      	ldr	r2, [r3, #0]
20003254:	685b      	ldr	r3, [r3, #4]
20003256:	920a      	str	r2, [sp, #40]	; 0x28
20003258:	930b      	str	r3, [sp, #44]	; 0x2c
2000325a:	f000 feda 	bl	20004012 <__wrap___aeabi_dmul>
2000325e:	9008      	str	r0, [sp, #32]
20003260:	9109      	str	r1, [sp, #36]	; 0x24
20003262:	f000 ff83 	bl	2000416c <__wrap___aeabi_d2uiz>
20003266:	0006      	movs	r6, r0
20003268:	f000 ff40 	bl	200040ec <__wrap___aeabi_ui2d>
2000326c:	0002      	movs	r2, r0
2000326e:	000b      	movs	r3, r1
20003270:	9808      	ldr	r0, [sp, #32]
20003272:	9909      	ldr	r1, [sp, #36]	; 0x24
20003274:	f000 fe9d 	bl	20003fb2 <__wrap___aeabi_dsub>
20003278:	9008      	str	r0, [sp, #32]
2000327a:	9109      	str	r1, [sp, #36]	; 0x24
2000327c:	2200      	movs	r2, #0
2000327e:	4b6f      	ldr	r3, [pc, #444]	; (2000343c <_ftoa+0x350>)
20003280:	f000 ff20 	bl	200040c4 <__wrap___aeabi_dcmpgt>
20003284:	2800      	cmp	r0, #0
20003286:	d02e      	beq.n	200032e6 <_ftoa+0x1fa>
20003288:	3601      	adds	r6, #1
2000328a:	0030      	movs	r0, r6
2000328c:	f000 ff2e 	bl	200040ec <__wrap___aeabi_ui2d>
20003290:	0002      	movs	r2, r0
20003292:	000b      	movs	r3, r1
20003294:	980a      	ldr	r0, [sp, #40]	; 0x28
20003296:	990b      	ldr	r1, [sp, #44]	; 0x2c
20003298:	f000 ff04 	bl	200040a4 <__wrap___aeabi_dcmple>
2000329c:	2800      	cmp	r0, #0
2000329e:	d001      	beq.n	200032a4 <_ftoa+0x1b8>
200032a0:	3501      	adds	r5, #1
200032a2:	2600      	movs	r6, #0
200032a4:	2f00      	cmp	r7, #0
200032a6:	d12c      	bne.n	20003302 <_ftoa+0x216>
200032a8:	0028      	movs	r0, r5
200032aa:	f000 ff23 	bl	200040f4 <__wrap___aeabi_i2d>
200032ae:	0002      	movs	r2, r0
200032b0:	000b      	movs	r3, r1
200032b2:	981e      	ldr	r0, [sp, #120]	; 0x78
200032b4:	991f      	ldr	r1, [sp, #124]	; 0x7c
200032b6:	f000 fe7c 	bl	20003fb2 <__wrap___aeabi_dsub>
200032ba:	0006      	movs	r6, r0
200032bc:	000f      	movs	r7, r1
200032be:	2200      	movs	r2, #0
200032c0:	4b5e      	ldr	r3, [pc, #376]	; (2000343c <_ftoa+0x350>)
200032c2:	f000 fee9 	bl	20004098 <__wrap___aeabi_dcmplt>
200032c6:	2800      	cmp	r0, #0
200032c8:	d146      	bne.n	20003358 <_ftoa+0x26c>
200032ca:	2200      	movs	r2, #0
200032cc:	4b5b      	ldr	r3, [pc, #364]	; (2000343c <_ftoa+0x350>)
200032ce:	0030      	movs	r0, r6
200032d0:	0039      	movs	r1, r7
200032d2:	f000 fef7 	bl	200040c4 <__wrap___aeabi_dcmpgt>
200032d6:	2800      	cmp	r0, #0
200032d8:	d13e      	bne.n	20003358 <_ftoa+0x26c>
200032da:	07eb      	lsls	r3, r5, #31
200032dc:	d53c      	bpl.n	20003358 <_ftoa+0x26c>
200032de:	3501      	adds	r5, #1
200032e0:	e03a      	b.n	20003358 <_ftoa+0x26c>
200032e2:	2706      	movs	r7, #6
200032e4:	e746      	b.n	20003174 <_ftoa+0x88>
200032e6:	2200      	movs	r2, #0
200032e8:	4b54      	ldr	r3, [pc, #336]	; (2000343c <_ftoa+0x350>)
200032ea:	9808      	ldr	r0, [sp, #32]
200032ec:	9909      	ldr	r1, [sp, #36]	; 0x24
200032ee:	f000 fed3 	bl	20004098 <__wrap___aeabi_dcmplt>
200032f2:	2800      	cmp	r0, #0
200032f4:	d1d6      	bne.n	200032a4 <_ftoa+0x1b8>
200032f6:	2e00      	cmp	r6, #0
200032f8:	d001      	beq.n	200032fe <_ftoa+0x212>
200032fa:	07f3      	lsls	r3, r6, #31
200032fc:	d5d2      	bpl.n	200032a4 <_ftoa+0x1b8>
200032fe:	3601      	adds	r6, #1
20003300:	e7d0      	b.n	200032a4 <_ftoa+0x1b8>
20003302:	46aa      	mov	sl, r5
20003304:	2c1f      	cmp	r4, #31
20003306:	d811      	bhi.n	2000332c <_ftoa+0x240>
20003308:	3f01      	subs	r7, #1
2000330a:	210a      	movs	r1, #10
2000330c:	0030      	movs	r0, r6
2000330e:	f000 fc15 	bl	20003b3c <__wrap___aeabi_uidiv>
20003312:	1c65      	adds	r5, r4, #1
20003314:	3130      	adds	r1, #48	; 0x30
20003316:	ab0c      	add	r3, sp, #48	; 0x30
20003318:	5519      	strb	r1, [r3, r4]
2000331a:	210a      	movs	r1, #10
2000331c:	0030      	movs	r0, r6
2000331e:	f000 fc0d 	bl	20003b3c <__wrap___aeabi_uidiv>
20003322:	2e09      	cmp	r6, #9
20003324:	d90e      	bls.n	20003344 <_ftoa+0x258>
20003326:	0006      	movs	r6, r0
20003328:	002c      	movs	r4, r5
2000332a:	e7eb      	b.n	20003304 <_ftoa+0x218>
2000332c:	4655      	mov	r5, sl
2000332e:	2c1f      	cmp	r4, #31
20003330:	d80c      	bhi.n	2000334c <_ftoa+0x260>
20003332:	1e7b      	subs	r3, r7, #1
20003334:	2f00      	cmp	r7, #0
20003336:	d009      	beq.n	2000334c <_ftoa+0x260>
20003338:	aa0c      	add	r2, sp, #48	; 0x30
2000333a:	2130      	movs	r1, #48	; 0x30
2000333c:	5511      	strb	r1, [r2, r4]
2000333e:	001f      	movs	r7, r3
20003340:	3401      	adds	r4, #1
20003342:	e7f4      	b.n	2000332e <_ftoa+0x242>
20003344:	002b      	movs	r3, r5
20003346:	4655      	mov	r5, sl
20003348:	001c      	movs	r4, r3
2000334a:	e7f0      	b.n	2000332e <_ftoa+0x242>
2000334c:	2c1f      	cmp	r4, #31
2000334e:	d803      	bhi.n	20003358 <_ftoa+0x26c>
20003350:	ab0c      	add	r3, sp, #48	; 0x30
20003352:	222e      	movs	r2, #46	; 0x2e
20003354:	551a      	strb	r2, [r3, r4]
20003356:	3401      	adds	r4, #1
20003358:	2c1f      	cmp	r4, #31
2000335a:	d810      	bhi.n	2000337e <_ftoa+0x292>
2000335c:	210a      	movs	r1, #10
2000335e:	0028      	movs	r0, r5
20003360:	f000 fbc4 	bl	20003aec <__wrap___aeabi_idiv>
20003364:	1c66      	adds	r6, r4, #1
20003366:	3130      	adds	r1, #48	; 0x30
20003368:	ab0c      	add	r3, sp, #48	; 0x30
2000336a:	5519      	strb	r1, [r3, r4]
2000336c:	210a      	movs	r1, #10
2000336e:	0028      	movs	r0, r5
20003370:	f000 fbbc 	bl	20003aec <__wrap___aeabi_idiv>
20003374:	1e05      	subs	r5, r0, #0
20003376:	d001      	beq.n	2000337c <_ftoa+0x290>
20003378:	0034      	movs	r4, r6
2000337a:	e7ed      	b.n	20003358 <_ftoa+0x26c>
2000337c:	0034      	movs	r4, r6
2000337e:	2303      	movs	r3, #3
20003380:	9a22      	ldr	r2, [sp, #136]	; 0x88
20003382:	4013      	ands	r3, r2
20003384:	2b01      	cmp	r3, #1
20003386:	d01c      	beq.n	200033c2 <_ftoa+0x2d6>
20003388:	2c1f      	cmp	r4, #31
2000338a:	d806      	bhi.n	2000339a <_ftoa+0x2ae>
2000338c:	4643      	mov	r3, r8
2000338e:	2b00      	cmp	r3, #0
20003390:	d032      	beq.n	200033f8 <_ftoa+0x30c>
20003392:	ab0c      	add	r3, sp, #48	; 0x30
20003394:	222d      	movs	r2, #45	; 0x2d
20003396:	551a      	strb	r2, [r3, r4]
20003398:	3401      	adds	r4, #1
2000339a:	9b22      	ldr	r3, [sp, #136]	; 0x88
2000339c:	9303      	str	r3, [sp, #12]
2000339e:	9b21      	ldr	r3, [sp, #132]	; 0x84
200033a0:	9302      	str	r3, [sp, #8]
200033a2:	9401      	str	r4, [sp, #4]
200033a4:	ab0c      	add	r3, sp, #48	; 0x30
200033a6:	9300      	str	r3, [sp, #0]
200033a8:	464b      	mov	r3, r9
200033aa:	465a      	mov	r2, fp
200033ac:	9907      	ldr	r1, [sp, #28]
200033ae:	9806      	ldr	r0, [sp, #24]
200033b0:	f7ff fae2 	bl	20002978 <_out_rev>
200033b4:	b015      	add	sp, #84	; 0x54
200033b6:	bcf0      	pop	{r4, r5, r6, r7}
200033b8:	46bb      	mov	fp, r7
200033ba:	46b2      	mov	sl, r6
200033bc:	46a9      	mov	r9, r5
200033be:	46a0      	mov	r8, r4
200033c0:	bdf0      	pop	{r4, r5, r6, r7, pc}
200033c2:	9b21      	ldr	r3, [sp, #132]	; 0x84
200033c4:	2b00      	cmp	r3, #0
200033c6:	d013      	beq.n	200033f0 <_ftoa+0x304>
200033c8:	4643      	mov	r3, r8
200033ca:	2b00      	cmp	r3, #0
200033cc:	d102      	bne.n	200033d4 <_ftoa+0x2e8>
200033ce:	330c      	adds	r3, #12
200033d0:	4213      	tst	r3, r2
200033d2:	d00f      	beq.n	200033f4 <_ftoa+0x308>
200033d4:	9b21      	ldr	r3, [sp, #132]	; 0x84
200033d6:	3b01      	subs	r3, #1
200033d8:	9321      	str	r3, [sp, #132]	; 0x84
200033da:	0019      	movs	r1, r3
200033dc:	e003      	b.n	200033e6 <_ftoa+0x2fa>
200033de:	ab0c      	add	r3, sp, #48	; 0x30
200033e0:	2230      	movs	r2, #48	; 0x30
200033e2:	551a      	strb	r2, [r3, r4]
200033e4:	3401      	adds	r4, #1
200033e6:	428c      	cmp	r4, r1
200033e8:	d2ce      	bcs.n	20003388 <_ftoa+0x29c>
200033ea:	2c1f      	cmp	r4, #31
200033ec:	d9f7      	bls.n	200033de <_ftoa+0x2f2>
200033ee:	e7cb      	b.n	20003388 <_ftoa+0x29c>
200033f0:	9921      	ldr	r1, [sp, #132]	; 0x84
200033f2:	e7f8      	b.n	200033e6 <_ftoa+0x2fa>
200033f4:	9921      	ldr	r1, [sp, #132]	; 0x84
200033f6:	e7f6      	b.n	200033e6 <_ftoa+0x2fa>
200033f8:	9b22      	ldr	r3, [sp, #136]	; 0x88
200033fa:	075b      	lsls	r3, r3, #29
200033fc:	d504      	bpl.n	20003408 <_ftoa+0x31c>
200033fe:	ab0c      	add	r3, sp, #48	; 0x30
20003400:	222b      	movs	r2, #43	; 0x2b
20003402:	551a      	strb	r2, [r3, r4]
20003404:	3401      	adds	r4, #1
20003406:	e7c8      	b.n	2000339a <_ftoa+0x2ae>
20003408:	9b22      	ldr	r3, [sp, #136]	; 0x88
2000340a:	071b      	lsls	r3, r3, #28
2000340c:	d5c5      	bpl.n	2000339a <_ftoa+0x2ae>
2000340e:	ab0c      	add	r3, sp, #48	; 0x30
20003410:	2220      	movs	r2, #32
20003412:	551a      	strb	r2, [r3, r4]
20003414:	3401      	adds	r4, #1
20003416:	e7c0      	b.n	2000339a <_ftoa+0x2ae>
20003418:	ffefffff 	.word	0xffefffff
2000341c:	7fefffff 	.word	0x7fefffff
20003420:	41cdcd65 	.word	0x41cdcd65
20003424:	c1cdcd65 	.word	0xc1cdcd65
20003428:	20006128 	.word	0x20006128
2000342c:	2000612c 	.word	0x2000612c
20003430:	20006120 	.word	0x20006120
20003434:	2000611c 	.word	0x2000611c
20003438:	20006318 	.word	0x20006318
2000343c:	3fe00000 	.word	0x3fe00000

20003440 <_vsnprintf>:
20003440:	b5f0      	push	{r4, r5, r6, r7, lr}
20003442:	46de      	mov	lr, fp
20003444:	4657      	mov	r7, sl
20003446:	464e      	mov	r6, r9
20003448:	4645      	mov	r5, r8
2000344a:	b5e0      	push	{r5, r6, r7, lr}
2000344c:	b093      	sub	sp, #76	; 0x4c
2000344e:	4682      	mov	sl, r0
20003450:	468b      	mov	fp, r1
20003452:	4690      	mov	r8, r2
20003454:	9311      	str	r3, [sp, #68]	; 0x44
20003456:	2900      	cmp	r1, #0
20003458:	d100      	bne.n	2000345c <_vsnprintf+0x1c>
2000345a:	e2eb      	b.n	20003a34 <_vsnprintf+0x5f4>
2000345c:	2700      	movs	r7, #0
2000345e:	4655      	mov	r5, sl
20003460:	9b11      	ldr	r3, [sp, #68]	; 0x44
20003462:	7818      	ldrb	r0, [r3, #0]
20003464:	2800      	cmp	r0, #0
20003466:	d100      	bne.n	2000346a <_vsnprintf+0x2a>
20003468:	e2e7      	b.n	20003a3a <_vsnprintf+0x5fa>
2000346a:	2825      	cmp	r0, #37	; 0x25
2000346c:	d009      	beq.n	20003482 <_vsnprintf+0x42>
2000346e:	1c7c      	adds	r4, r7, #1
20003470:	4643      	mov	r3, r8
20003472:	003a      	movs	r2, r7
20003474:	4659      	mov	r1, fp
20003476:	47a8      	blx	r5
20003478:	9b11      	ldr	r3, [sp, #68]	; 0x44
2000347a:	3301      	adds	r3, #1
2000347c:	9311      	str	r3, [sp, #68]	; 0x44
2000347e:	0027      	movs	r7, r4
20003480:	e7ee      	b.n	20003460 <_vsnprintf+0x20>
20003482:	3301      	adds	r3, #1
20003484:	9311      	str	r3, [sp, #68]	; 0x44
20003486:	2400      	movs	r4, #0
20003488:	9a11      	ldr	r2, [sp, #68]	; 0x44
2000348a:	7811      	ldrb	r1, [r2, #0]
2000348c:	000b      	movs	r3, r1
2000348e:	3b20      	subs	r3, #32
20003490:	b2d8      	uxtb	r0, r3
20003492:	2810      	cmp	r0, #16
20003494:	d803      	bhi.n	2000349e <_vsnprintf+0x5e>
20003496:	0083      	lsls	r3, r0, #2
20003498:	48d0      	ldr	r0, [pc, #832]	; (200037dc <_vsnprintf+0x39c>)
2000349a:	58c3      	ldr	r3, [r0, r3]
2000349c:	469f      	mov	pc, r3
2000349e:	000b      	movs	r3, r1
200034a0:	3b30      	subs	r3, #48	; 0x30
200034a2:	b2db      	uxtb	r3, r3
200034a4:	2b09      	cmp	r3, #9
200034a6:	d92c      	bls.n	20003502 <_vsnprintf+0xc2>
200034a8:	292a      	cmp	r1, #42	; 0x2a
200034aa:	d02f      	beq.n	2000350c <_vsnprintf+0xcc>
200034ac:	2300      	movs	r3, #0
200034ae:	930a      	str	r3, [sp, #40]	; 0x28
200034b0:	9b11      	ldr	r3, [sp, #68]	; 0x44
200034b2:	781a      	ldrb	r2, [r3, #0]
200034b4:	2a2e      	cmp	r2, #46	; 0x2e
200034b6:	d039      	beq.n	2000352c <_vsnprintf+0xec>
200034b8:	2300      	movs	r3, #0
200034ba:	469a      	mov	sl, r3
200034bc:	9a11      	ldr	r2, [sp, #68]	; 0x44
200034be:	7813      	ldrb	r3, [r2, #0]
200034c0:	3b68      	subs	r3, #104	; 0x68
200034c2:	b2d9      	uxtb	r1, r3
200034c4:	2912      	cmp	r1, #18
200034c6:	d876      	bhi.n	200035b6 <_vsnprintf+0x176>
200034c8:	008b      	lsls	r3, r1, #2
200034ca:	49c5      	ldr	r1, [pc, #788]	; (200037e0 <_vsnprintf+0x3a0>)
200034cc:	58cb      	ldr	r3, [r1, r3]
200034ce:	469f      	mov	pc, r3
200034d0:	2301      	movs	r3, #1
200034d2:	431c      	orrs	r4, r3
200034d4:	3201      	adds	r2, #1
200034d6:	9211      	str	r2, [sp, #68]	; 0x44
200034d8:	e7d6      	b.n	20003488 <_vsnprintf+0x48>
200034da:	2302      	movs	r3, #2
200034dc:	431c      	orrs	r4, r3
200034de:	3201      	adds	r2, #1
200034e0:	9211      	str	r2, [sp, #68]	; 0x44
200034e2:	e7d1      	b.n	20003488 <_vsnprintf+0x48>
200034e4:	2304      	movs	r3, #4
200034e6:	431c      	orrs	r4, r3
200034e8:	3201      	adds	r2, #1
200034ea:	9211      	str	r2, [sp, #68]	; 0x44
200034ec:	e7cc      	b.n	20003488 <_vsnprintf+0x48>
200034ee:	2308      	movs	r3, #8
200034f0:	431c      	orrs	r4, r3
200034f2:	3201      	adds	r2, #1
200034f4:	9211      	str	r2, [sp, #68]	; 0x44
200034f6:	e7c7      	b.n	20003488 <_vsnprintf+0x48>
200034f8:	2310      	movs	r3, #16
200034fa:	431c      	orrs	r4, r3
200034fc:	3201      	adds	r2, #1
200034fe:	9211      	str	r2, [sp, #68]	; 0x44
20003500:	e7c2      	b.n	20003488 <_vsnprintf+0x48>
20003502:	a811      	add	r0, sp, #68	; 0x44
20003504:	f7ff fa26 	bl	20002954 <_atoi>
20003508:	900a      	str	r0, [sp, #40]	; 0x28
2000350a:	e7d1      	b.n	200034b0 <_vsnprintf+0x70>
2000350c:	9b1c      	ldr	r3, [sp, #112]	; 0x70
2000350e:	1d1a      	adds	r2, r3, #4
20003510:	921c      	str	r2, [sp, #112]	; 0x70
20003512:	6818      	ldr	r0, [r3, #0]
20003514:	2800      	cmp	r0, #0
20003516:	db04      	blt.n	20003522 <_vsnprintf+0xe2>
20003518:	900a      	str	r0, [sp, #40]	; 0x28
2000351a:	9b11      	ldr	r3, [sp, #68]	; 0x44
2000351c:	3301      	adds	r3, #1
2000351e:	9311      	str	r3, [sp, #68]	; 0x44
20003520:	e7c6      	b.n	200034b0 <_vsnprintf+0x70>
20003522:	2302      	movs	r3, #2
20003524:	431c      	orrs	r4, r3
20003526:	4243      	negs	r3, r0
20003528:	930a      	str	r3, [sp, #40]	; 0x28
2000352a:	e7f6      	b.n	2000351a <_vsnprintf+0xda>
2000352c:	2280      	movs	r2, #128	; 0x80
2000352e:	00d2      	lsls	r2, r2, #3
20003530:	4314      	orrs	r4, r2
20003532:	1c5a      	adds	r2, r3, #1
20003534:	9211      	str	r2, [sp, #68]	; 0x44
20003536:	785a      	ldrb	r2, [r3, #1]
20003538:	0013      	movs	r3, r2
2000353a:	3b30      	subs	r3, #48	; 0x30
2000353c:	b2db      	uxtb	r3, r3
2000353e:	2b09      	cmp	r3, #9
20003540:	d904      	bls.n	2000354c <_vsnprintf+0x10c>
20003542:	2a2a      	cmp	r2, #42	; 0x2a
20003544:	d007      	beq.n	20003556 <_vsnprintf+0x116>
20003546:	2300      	movs	r3, #0
20003548:	469a      	mov	sl, r3
2000354a:	e7b7      	b.n	200034bc <_vsnprintf+0x7c>
2000354c:	a811      	add	r0, sp, #68	; 0x44
2000354e:	f7ff fa01 	bl	20002954 <_atoi>
20003552:	4682      	mov	sl, r0
20003554:	e7b2      	b.n	200034bc <_vsnprintf+0x7c>
20003556:	9b1c      	ldr	r3, [sp, #112]	; 0x70
20003558:	1d1a      	adds	r2, r3, #4
2000355a:	921c      	str	r2, [sp, #112]	; 0x70
2000355c:	6818      	ldr	r0, [r3, #0]
2000355e:	2800      	cmp	r0, #0
20003560:	db04      	blt.n	2000356c <_vsnprintf+0x12c>
20003562:	4682      	mov	sl, r0
20003564:	9b11      	ldr	r3, [sp, #68]	; 0x44
20003566:	3301      	adds	r3, #1
20003568:	9311      	str	r3, [sp, #68]	; 0x44
2000356a:	e7a7      	b.n	200034bc <_vsnprintf+0x7c>
2000356c:	2000      	movs	r0, #0
2000356e:	e7f8      	b.n	20003562 <_vsnprintf+0x122>
20003570:	2380      	movs	r3, #128	; 0x80
20003572:	005b      	lsls	r3, r3, #1
20003574:	4323      	orrs	r3, r4
20003576:	1c51      	adds	r1, r2, #1
20003578:	9111      	str	r1, [sp, #68]	; 0x44
2000357a:	7852      	ldrb	r2, [r2, #1]
2000357c:	2a6c      	cmp	r2, #108	; 0x6c
2000357e:	d001      	beq.n	20003584 <_vsnprintf+0x144>
20003580:	001c      	movs	r4, r3
20003582:	e018      	b.n	200035b6 <_vsnprintf+0x176>
20003584:	23c0      	movs	r3, #192	; 0xc0
20003586:	009b      	lsls	r3, r3, #2
20003588:	431c      	orrs	r4, r3
2000358a:	3101      	adds	r1, #1
2000358c:	9111      	str	r1, [sp, #68]	; 0x44
2000358e:	e012      	b.n	200035b6 <_vsnprintf+0x176>
20003590:	2380      	movs	r3, #128	; 0x80
20003592:	4323      	orrs	r3, r4
20003594:	1c51      	adds	r1, r2, #1
20003596:	9111      	str	r1, [sp, #68]	; 0x44
20003598:	7852      	ldrb	r2, [r2, #1]
2000359a:	2a68      	cmp	r2, #104	; 0x68
2000359c:	d001      	beq.n	200035a2 <_vsnprintf+0x162>
2000359e:	001c      	movs	r4, r3
200035a0:	e009      	b.n	200035b6 <_vsnprintf+0x176>
200035a2:	23c0      	movs	r3, #192	; 0xc0
200035a4:	431c      	orrs	r4, r3
200035a6:	3101      	adds	r1, #1
200035a8:	9111      	str	r1, [sp, #68]	; 0x44
200035aa:	e004      	b.n	200035b6 <_vsnprintf+0x176>
200035ac:	2380      	movs	r3, #128	; 0x80
200035ae:	005b      	lsls	r3, r3, #1
200035b0:	431c      	orrs	r4, r3
200035b2:	3201      	adds	r2, #1
200035b4:	9211      	str	r2, [sp, #68]	; 0x44
200035b6:	9b11      	ldr	r3, [sp, #68]	; 0x44
200035b8:	7818      	ldrb	r0, [r3, #0]
200035ba:	0003      	movs	r3, r0
200035bc:	3b25      	subs	r3, #37	; 0x25
200035be:	b2da      	uxtb	r2, r3
200035c0:	2a53      	cmp	r2, #83	; 0x53
200035c2:	d900      	bls.n	200035c6 <_vsnprintf+0x186>
200035c4:	e22c      	b.n	20003a20 <_vsnprintf+0x5e0>
200035c6:	0093      	lsls	r3, r2, #2
200035c8:	4a86      	ldr	r2, [pc, #536]	; (200037e4 <_vsnprintf+0x3a4>)
200035ca:	58d3      	ldr	r3, [r2, r3]
200035cc:	469f      	mov	pc, r3
200035ce:	2380      	movs	r3, #128	; 0x80
200035d0:	009b      	lsls	r3, r3, #2
200035d2:	431c      	orrs	r4, r3
200035d4:	3201      	adds	r2, #1
200035d6:	9211      	str	r2, [sp, #68]	; 0x44
200035d8:	e7ed      	b.n	200035b6 <_vsnprintf+0x176>
200035da:	2380      	movs	r3, #128	; 0x80
200035dc:	005b      	lsls	r3, r3, #1
200035de:	431c      	orrs	r4, r3
200035e0:	3201      	adds	r2, #1
200035e2:	9211      	str	r2, [sp, #68]	; 0x44
200035e4:	e7e7      	b.n	200035b6 <_vsnprintf+0x176>
200035e6:	2878      	cmp	r0, #120	; 0x78
200035e8:	d009      	beq.n	200035fe <_vsnprintf+0x1be>
200035ea:	2858      	cmp	r0, #88	; 0x58
200035ec:	d038      	beq.n	20003660 <_vsnprintf+0x220>
200035ee:	286f      	cmp	r0, #111	; 0x6f
200035f0:	d038      	beq.n	20003664 <_vsnprintf+0x224>
200035f2:	2862      	cmp	r0, #98	; 0x62
200035f4:	d038      	beq.n	20003668 <_vsnprintf+0x228>
200035f6:	2310      	movs	r3, #16
200035f8:	439c      	bics	r4, r3
200035fa:	260a      	movs	r6, #10
200035fc:	e000      	b.n	20003600 <_vsnprintf+0x1c0>
200035fe:	2610      	movs	r6, #16
20003600:	2858      	cmp	r0, #88	; 0x58
20003602:	d033      	beq.n	2000366c <_vsnprintf+0x22c>
20003604:	2869      	cmp	r0, #105	; 0x69
20003606:	d003      	beq.n	20003610 <_vsnprintf+0x1d0>
20003608:	2864      	cmp	r0, #100	; 0x64
2000360a:	d001      	beq.n	20003610 <_vsnprintf+0x1d0>
2000360c:	220c      	movs	r2, #12
2000360e:	4394      	bics	r4, r2
20003610:	0563      	lsls	r3, r4, #21
20003612:	d501      	bpl.n	20003618 <_vsnprintf+0x1d8>
20003614:	2201      	movs	r2, #1
20003616:	4394      	bics	r4, r2
20003618:	2869      	cmp	r0, #105	; 0x69
2000361a:	d02a      	beq.n	20003672 <_vsnprintf+0x232>
2000361c:	2864      	cmp	r0, #100	; 0x64
2000361e:	d028      	beq.n	20003672 <_vsnprintf+0x232>
20003620:	05a3      	lsls	r3, r4, #22
20003622:	d500      	bpl.n	20003626 <_vsnprintf+0x1e6>
20003624:	e09f      	b.n	20003766 <_vsnprintf+0x326>
20003626:	05e3      	lsls	r3, r4, #23
20003628:	d500      	bpl.n	2000362c <_vsnprintf+0x1ec>
2000362a:	e0b8      	b.n	2000379e <_vsnprintf+0x35e>
2000362c:	0663      	lsls	r3, r4, #25
2000362e:	d400      	bmi.n	20003632 <_vsnprintf+0x1f2>
20003630:	e0ca      	b.n	200037c8 <_vsnprintf+0x388>
20003632:	9a1c      	ldr	r2, [sp, #112]	; 0x70
20003634:	1d11      	adds	r1, r2, #4
20003636:	911c      	str	r1, [sp, #112]	; 0x70
20003638:	6811      	ldr	r1, [r2, #0]
2000363a:	22ff      	movs	r2, #255	; 0xff
2000363c:	400a      	ands	r2, r1
2000363e:	9405      	str	r4, [sp, #20]
20003640:	9b0a      	ldr	r3, [sp, #40]	; 0x28
20003642:	9304      	str	r3, [sp, #16]
20003644:	4653      	mov	r3, sl
20003646:	9303      	str	r3, [sp, #12]
20003648:	9602      	str	r6, [sp, #8]
2000364a:	2300      	movs	r3, #0
2000364c:	9301      	str	r3, [sp, #4]
2000364e:	9200      	str	r2, [sp, #0]
20003650:	4643      	mov	r3, r8
20003652:	003a      	movs	r2, r7
20003654:	4659      	mov	r1, fp
20003656:	0028      	movs	r0, r5
20003658:	f7ff fa6e 	bl	20002b38 <_ntoa_long>
2000365c:	0007      	movs	r7, r0
2000365e:	e027      	b.n	200036b0 <_vsnprintf+0x270>
20003660:	2610      	movs	r6, #16
20003662:	e7cd      	b.n	20003600 <_vsnprintf+0x1c0>
20003664:	2608      	movs	r6, #8
20003666:	e7cb      	b.n	20003600 <_vsnprintf+0x1c0>
20003668:	2602      	movs	r6, #2
2000366a:	e7c9      	b.n	20003600 <_vsnprintf+0x1c0>
2000366c:	2220      	movs	r2, #32
2000366e:	4314      	orrs	r4, r2
20003670:	e7c8      	b.n	20003604 <_vsnprintf+0x1c4>
20003672:	05a3      	lsls	r3, r4, #22
20003674:	d420      	bmi.n	200036b8 <_vsnprintf+0x278>
20003676:	05e3      	lsls	r3, r4, #23
20003678:	d450      	bmi.n	2000371c <_vsnprintf+0x2dc>
2000367a:	0663      	lsls	r3, r4, #25
2000367c:	d566      	bpl.n	2000374c <_vsnprintf+0x30c>
2000367e:	9a1c      	ldr	r2, [sp, #112]	; 0x70
20003680:	1d11      	adds	r1, r2, #4
20003682:	911c      	str	r1, [sp, #112]	; 0x70
20003684:	6811      	ldr	r1, [r2, #0]
20003686:	22ff      	movs	r2, #255	; 0xff
20003688:	400a      	ands	r2, r1
2000368a:	17d3      	asrs	r3, r2, #31
2000368c:	18d1      	adds	r1, r2, r3
2000368e:	4059      	eors	r1, r3
20003690:	9405      	str	r4, [sp, #20]
20003692:	9b0a      	ldr	r3, [sp, #40]	; 0x28
20003694:	9304      	str	r3, [sp, #16]
20003696:	4653      	mov	r3, sl
20003698:	9303      	str	r3, [sp, #12]
2000369a:	9602      	str	r6, [sp, #8]
2000369c:	0fd2      	lsrs	r2, r2, #31
2000369e:	9201      	str	r2, [sp, #4]
200036a0:	9100      	str	r1, [sp, #0]
200036a2:	4643      	mov	r3, r8
200036a4:	003a      	movs	r2, r7
200036a6:	4659      	mov	r1, fp
200036a8:	0028      	movs	r0, r5
200036aa:	f7ff fa45 	bl	20002b38 <_ntoa_long>
200036ae:	0007      	movs	r7, r0
200036b0:	9b11      	ldr	r3, [sp, #68]	; 0x44
200036b2:	3301      	adds	r3, #1
200036b4:	9311      	str	r3, [sp, #68]	; 0x44
200036b6:	e6d3      	b.n	20003460 <_vsnprintf+0x20>
200036b8:	9b1c      	ldr	r3, [sp, #112]	; 0x70
200036ba:	1dda      	adds	r2, r3, #7
200036bc:	2107      	movs	r1, #7
200036be:	438a      	bics	r2, r1
200036c0:	0011      	movs	r1, r2
200036c2:	3108      	adds	r1, #8
200036c4:	911c      	str	r1, [sp, #112]	; 0x70
200036c6:	6811      	ldr	r1, [r2, #0]
200036c8:	6853      	ldr	r3, [r2, #4]
200036ca:	469c      	mov	ip, r3
200036cc:	17db      	asrs	r3, r3, #31
200036ce:	930c      	str	r3, [sp, #48]	; 0x30
200036d0:	930d      	str	r3, [sp, #52]	; 0x34
200036d2:	9a0c      	ldr	r2, [sp, #48]	; 0x30
200036d4:	9b0d      	ldr	r3, [sp, #52]	; 0x34
200036d6:	0010      	movs	r0, r2
200036d8:	4048      	eors	r0, r1
200036da:	900e      	str	r0, [sp, #56]	; 0x38
200036dc:	4662      	mov	r2, ip
200036de:	4053      	eors	r3, r2
200036e0:	930f      	str	r3, [sp, #60]	; 0x3c
200036e2:	980e      	ldr	r0, [sp, #56]	; 0x38
200036e4:	990f      	ldr	r1, [sp, #60]	; 0x3c
200036e6:	9a0c      	ldr	r2, [sp, #48]	; 0x30
200036e8:	9b0d      	ldr	r3, [sp, #52]	; 0x34
200036ea:	1a80      	subs	r0, r0, r2
200036ec:	4199      	sbcs	r1, r3
200036ee:	900e      	str	r0, [sp, #56]	; 0x38
200036f0:	910f      	str	r1, [sp, #60]	; 0x3c
200036f2:	9408      	str	r4, [sp, #32]
200036f4:	9b0a      	ldr	r3, [sp, #40]	; 0x28
200036f6:	9307      	str	r3, [sp, #28]
200036f8:	4653      	mov	r3, sl
200036fa:	9306      	str	r3, [sp, #24]
200036fc:	9604      	str	r6, [sp, #16]
200036fe:	2300      	movs	r3, #0
20003700:	9305      	str	r3, [sp, #20]
20003702:	4663      	mov	r3, ip
20003704:	0fda      	lsrs	r2, r3, #31
20003706:	9202      	str	r2, [sp, #8]
20003708:	9000      	str	r0, [sp, #0]
2000370a:	9101      	str	r1, [sp, #4]
2000370c:	4643      	mov	r3, r8
2000370e:	003a      	movs	r2, r7
20003710:	4659      	mov	r1, fp
20003712:	0028      	movs	r0, r5
20003714:	f7ff fa6e 	bl	20002bf4 <_ntoa_long_long>
20003718:	0007      	movs	r7, r0
2000371a:	e7c9      	b.n	200036b0 <_vsnprintf+0x270>
2000371c:	9a1c      	ldr	r2, [sp, #112]	; 0x70
2000371e:	1d11      	adds	r1, r2, #4
20003720:	911c      	str	r1, [sp, #112]	; 0x70
20003722:	6812      	ldr	r2, [r2, #0]
20003724:	17d3      	asrs	r3, r2, #31
20003726:	18d1      	adds	r1, r2, r3
20003728:	4059      	eors	r1, r3
2000372a:	9405      	str	r4, [sp, #20]
2000372c:	9b0a      	ldr	r3, [sp, #40]	; 0x28
2000372e:	9304      	str	r3, [sp, #16]
20003730:	4653      	mov	r3, sl
20003732:	9303      	str	r3, [sp, #12]
20003734:	9602      	str	r6, [sp, #8]
20003736:	0fd2      	lsrs	r2, r2, #31
20003738:	9201      	str	r2, [sp, #4]
2000373a:	9100      	str	r1, [sp, #0]
2000373c:	4643      	mov	r3, r8
2000373e:	003a      	movs	r2, r7
20003740:	4659      	mov	r1, fp
20003742:	0028      	movs	r0, r5
20003744:	f7ff f9f8 	bl	20002b38 <_ntoa_long>
20003748:	0007      	movs	r7, r0
2000374a:	e7b1      	b.n	200036b0 <_vsnprintf+0x270>
2000374c:	0623      	lsls	r3, r4, #24
2000374e:	d505      	bpl.n	2000375c <_vsnprintf+0x31c>
20003750:	9a1c      	ldr	r2, [sp, #112]	; 0x70
20003752:	1d11      	adds	r1, r2, #4
20003754:	911c      	str	r1, [sp, #112]	; 0x70
20003756:	2300      	movs	r3, #0
20003758:	5ed2      	ldrsh	r2, [r2, r3]
2000375a:	e796      	b.n	2000368a <_vsnprintf+0x24a>
2000375c:	9a1c      	ldr	r2, [sp, #112]	; 0x70
2000375e:	1d11      	adds	r1, r2, #4
20003760:	911c      	str	r1, [sp, #112]	; 0x70
20003762:	6812      	ldr	r2, [r2, #0]
20003764:	e791      	b.n	2000368a <_vsnprintf+0x24a>
20003766:	9b1c      	ldr	r3, [sp, #112]	; 0x70
20003768:	1dda      	adds	r2, r3, #7
2000376a:	2107      	movs	r1, #7
2000376c:	438a      	bics	r2, r1
2000376e:	0011      	movs	r1, r2
20003770:	3108      	adds	r1, #8
20003772:	911c      	str	r1, [sp, #112]	; 0x70
20003774:	9408      	str	r4, [sp, #32]
20003776:	9b0a      	ldr	r3, [sp, #40]	; 0x28
20003778:	9307      	str	r3, [sp, #28]
2000377a:	4653      	mov	r3, sl
2000377c:	9306      	str	r3, [sp, #24]
2000377e:	9604      	str	r6, [sp, #16]
20003780:	2300      	movs	r3, #0
20003782:	9305      	str	r3, [sp, #20]
20003784:	9302      	str	r3, [sp, #8]
20003786:	6813      	ldr	r3, [r2, #0]
20003788:	6854      	ldr	r4, [r2, #4]
2000378a:	9300      	str	r3, [sp, #0]
2000378c:	9401      	str	r4, [sp, #4]
2000378e:	4643      	mov	r3, r8
20003790:	003a      	movs	r2, r7
20003792:	4659      	mov	r1, fp
20003794:	0028      	movs	r0, r5
20003796:	f7ff fa2d 	bl	20002bf4 <_ntoa_long_long>
2000379a:	0007      	movs	r7, r0
2000379c:	e788      	b.n	200036b0 <_vsnprintf+0x270>
2000379e:	9a1c      	ldr	r2, [sp, #112]	; 0x70
200037a0:	1d11      	adds	r1, r2, #4
200037a2:	911c      	str	r1, [sp, #112]	; 0x70
200037a4:	9405      	str	r4, [sp, #20]
200037a6:	9b0a      	ldr	r3, [sp, #40]	; 0x28
200037a8:	9304      	str	r3, [sp, #16]
200037aa:	4653      	mov	r3, sl
200037ac:	9303      	str	r3, [sp, #12]
200037ae:	9602      	str	r6, [sp, #8]
200037b0:	2300      	movs	r3, #0
200037b2:	9301      	str	r3, [sp, #4]
200037b4:	6813      	ldr	r3, [r2, #0]
200037b6:	9300      	str	r3, [sp, #0]
200037b8:	4643      	mov	r3, r8
200037ba:	003a      	movs	r2, r7
200037bc:	4659      	mov	r1, fp
200037be:	0028      	movs	r0, r5
200037c0:	f7ff f9ba 	bl	20002b38 <_ntoa_long>
200037c4:	0007      	movs	r7, r0
200037c6:	e773      	b.n	200036b0 <_vsnprintf+0x270>
200037c8:	0623      	lsls	r3, r4, #24
200037ca:	d50d      	bpl.n	200037e8 <_vsnprintf+0x3a8>
200037cc:	9a1c      	ldr	r2, [sp, #112]	; 0x70
200037ce:	1d11      	adds	r1, r2, #4
200037d0:	911c      	str	r1, [sp, #112]	; 0x70
200037d2:	6812      	ldr	r2, [r2, #0]
200037d4:	0412      	lsls	r2, r2, #16
200037d6:	0c12      	lsrs	r2, r2, #16
200037d8:	e731      	b.n	2000363e <_vsnprintf+0x1fe>
200037da:	46c0      	nop			; (mov r8, r8)
200037dc:	20006134 	.word	0x20006134
200037e0:	20006178 	.word	0x20006178
200037e4:	200061c4 	.word	0x200061c4
200037e8:	9a1c      	ldr	r2, [sp, #112]	; 0x70
200037ea:	1d11      	adds	r1, r2, #4
200037ec:	911c      	str	r1, [sp, #112]	; 0x70
200037ee:	6812      	ldr	r2, [r2, #0]
200037f0:	e725      	b.n	2000363e <_vsnprintf+0x1fe>
200037f2:	2846      	cmp	r0, #70	; 0x46
200037f4:	d01a      	beq.n	2000382c <_vsnprintf+0x3ec>
200037f6:	9b1c      	ldr	r3, [sp, #112]	; 0x70
200037f8:	3307      	adds	r3, #7
200037fa:	2207      	movs	r2, #7
200037fc:	4393      	bics	r3, r2
200037fe:	001a      	movs	r2, r3
20003800:	3208      	adds	r2, #8
20003802:	921c      	str	r2, [sp, #112]	; 0x70
20003804:	9404      	str	r4, [sp, #16]
20003806:	9a0a      	ldr	r2, [sp, #40]	; 0x28
20003808:	9203      	str	r2, [sp, #12]
2000380a:	4652      	mov	r2, sl
2000380c:	9202      	str	r2, [sp, #8]
2000380e:	685c      	ldr	r4, [r3, #4]
20003810:	681b      	ldr	r3, [r3, #0]
20003812:	9300      	str	r3, [sp, #0]
20003814:	9401      	str	r4, [sp, #4]
20003816:	4643      	mov	r3, r8
20003818:	003a      	movs	r2, r7
2000381a:	4659      	mov	r1, fp
2000381c:	0028      	movs	r0, r5
2000381e:	f7ff fc65 	bl	200030ec <_ftoa>
20003822:	0007      	movs	r7, r0
20003824:	9b11      	ldr	r3, [sp, #68]	; 0x44
20003826:	3301      	adds	r3, #1
20003828:	9311      	str	r3, [sp, #68]	; 0x44
2000382a:	e619      	b.n	20003460 <_vsnprintf+0x20>
2000382c:	2320      	movs	r3, #32
2000382e:	431c      	orrs	r4, r3
20003830:	e7e1      	b.n	200037f6 <_vsnprintf+0x3b6>
20003832:	2867      	cmp	r0, #103	; 0x67
20003834:	d001      	beq.n	2000383a <_vsnprintf+0x3fa>
20003836:	2847      	cmp	r0, #71	; 0x47
20003838:	d102      	bne.n	20003840 <_vsnprintf+0x400>
2000383a:	2380      	movs	r3, #128	; 0x80
2000383c:	011b      	lsls	r3, r3, #4
2000383e:	431c      	orrs	r4, r3
20003840:	2845      	cmp	r0, #69	; 0x45
20003842:	d001      	beq.n	20003848 <_vsnprintf+0x408>
20003844:	2847      	cmp	r0, #71	; 0x47
20003846:	d101      	bne.n	2000384c <_vsnprintf+0x40c>
20003848:	2320      	movs	r3, #32
2000384a:	431c      	orrs	r4, r3
2000384c:	9b1c      	ldr	r3, [sp, #112]	; 0x70
2000384e:	3307      	adds	r3, #7
20003850:	2207      	movs	r2, #7
20003852:	4393      	bics	r3, r2
20003854:	001a      	movs	r2, r3
20003856:	3208      	adds	r2, #8
20003858:	921c      	str	r2, [sp, #112]	; 0x70
2000385a:	9404      	str	r4, [sp, #16]
2000385c:	9a0a      	ldr	r2, [sp, #40]	; 0x28
2000385e:	9203      	str	r2, [sp, #12]
20003860:	4652      	mov	r2, sl
20003862:	9202      	str	r2, [sp, #8]
20003864:	685c      	ldr	r4, [r3, #4]
20003866:	681b      	ldr	r3, [r3, #0]
20003868:	9300      	str	r3, [sp, #0]
2000386a:	9401      	str	r4, [sp, #4]
2000386c:	4643      	mov	r3, r8
2000386e:	003a      	movs	r2, r7
20003870:	4659      	mov	r1, fp
20003872:	0028      	movs	r0, r5
20003874:	f7ff fa30 	bl	20002cd8 <_etoa>
20003878:	0007      	movs	r7, r0
2000387a:	9b11      	ldr	r3, [sp, #68]	; 0x44
2000387c:	3301      	adds	r3, #1
2000387e:	9311      	str	r3, [sp, #68]	; 0x44
20003880:	e5ee      	b.n	20003460 <_vsnprintf+0x20>
20003882:	2302      	movs	r3, #2
20003884:	001a      	movs	r2, r3
20003886:	4022      	ands	r2, r4
20003888:	4692      	mov	sl, r2
2000388a:	4223      	tst	r3, r4
2000388c:	d01f      	beq.n	200038ce <_vsnprintf+0x48e>
2000388e:	2401      	movs	r4, #1
20003890:	9b1c      	ldr	r3, [sp, #112]	; 0x70
20003892:	1d1a      	adds	r2, r3, #4
20003894:	921c      	str	r2, [sp, #112]	; 0x70
20003896:	1c7a      	adds	r2, r7, #1
20003898:	4691      	mov	r9, r2
2000389a:	7818      	ldrb	r0, [r3, #0]
2000389c:	4643      	mov	r3, r8
2000389e:	003a      	movs	r2, r7
200038a0:	4659      	mov	r1, fp
200038a2:	47a8      	blx	r5
200038a4:	4653      	mov	r3, sl
200038a6:	2b00      	cmp	r3, #0
200038a8:	d116      	bne.n	200038d8 <_vsnprintf+0x498>
200038aa:	9b11      	ldr	r3, [sp, #68]	; 0x44
200038ac:	3301      	adds	r3, #1
200038ae:	9311      	str	r3, [sp, #68]	; 0x44
200038b0:	464f      	mov	r7, r9
200038b2:	e5d5      	b.n	20003460 <_vsnprintf+0x20>
200038b4:	1c56      	adds	r6, r2, #1
200038b6:	4643      	mov	r3, r8
200038b8:	4659      	mov	r1, fp
200038ba:	2020      	movs	r0, #32
200038bc:	47b8      	blx	r7
200038be:	0023      	movs	r3, r4
200038c0:	0032      	movs	r2, r6
200038c2:	1c5c      	adds	r4, r3, #1
200038c4:	429d      	cmp	r5, r3
200038c6:	d8f5      	bhi.n	200038b4 <_vsnprintf+0x474>
200038c8:	003d      	movs	r5, r7
200038ca:	0017      	movs	r7, r2
200038cc:	e7e0      	b.n	20003890 <_vsnprintf+0x450>
200038ce:	2301      	movs	r3, #1
200038d0:	003a      	movs	r2, r7
200038d2:	002f      	movs	r7, r5
200038d4:	9d0a      	ldr	r5, [sp, #40]	; 0x28
200038d6:	e7f4      	b.n	200038c2 <_vsnprintf+0x482>
200038d8:	464a      	mov	r2, r9
200038da:	46a9      	mov	r9, r5
200038dc:	9d0a      	ldr	r5, [sp, #40]	; 0x28
200038de:	e006      	b.n	200038ee <_vsnprintf+0x4ae>
200038e0:	1c57      	adds	r7, r2, #1
200038e2:	4643      	mov	r3, r8
200038e4:	4659      	mov	r1, fp
200038e6:	2020      	movs	r0, #32
200038e8:	47c8      	blx	r9
200038ea:	0034      	movs	r4, r6
200038ec:	003a      	movs	r2, r7
200038ee:	1c66      	adds	r6, r4, #1
200038f0:	42a5      	cmp	r5, r4
200038f2:	d8f5      	bhi.n	200038e0 <_vsnprintf+0x4a0>
200038f4:	464d      	mov	r5, r9
200038f6:	4691      	mov	r9, r2
200038f8:	e7d7      	b.n	200038aa <_vsnprintf+0x46a>
200038fa:	9b1c      	ldr	r3, [sp, #112]	; 0x70
200038fc:	1d1a      	adds	r2, r3, #4
200038fe:	921c      	str	r2, [sp, #112]	; 0x70
20003900:	681b      	ldr	r3, [r3, #0]
20003902:	4699      	mov	r9, r3
20003904:	4653      	mov	r3, sl
20003906:	2b00      	cmp	r3, #0
20003908:	d100      	bne.n	2000390c <_vsnprintf+0x4cc>
2000390a:	3b01      	subs	r3, #1
2000390c:	464e      	mov	r6, r9
2000390e:	e001      	b.n	20003914 <_vsnprintf+0x4d4>
20003910:	3601      	adds	r6, #1
20003912:	0013      	movs	r3, r2
20003914:	7832      	ldrb	r2, [r6, #0]
20003916:	2a00      	cmp	r2, #0
20003918:	d002      	beq.n	20003920 <_vsnprintf+0x4e0>
2000391a:	1e5a      	subs	r2, r3, #1
2000391c:	2b00      	cmp	r3, #0
2000391e:	d1f7      	bne.n	20003910 <_vsnprintf+0x4d0>
20003920:	464b      	mov	r3, r9
20003922:	1af2      	subs	r2, r6, r3
20003924:	9210      	str	r2, [sp, #64]	; 0x40
20003926:	2380      	movs	r3, #128	; 0x80
20003928:	00db      	lsls	r3, r3, #3
2000392a:	0026      	movs	r6, r4
2000392c:	401e      	ands	r6, r3
2000392e:	421c      	tst	r4, r3
20003930:	d003      	beq.n	2000393a <_vsnprintf+0x4fa>
20003932:	4552      	cmp	r2, sl
20003934:	d901      	bls.n	2000393a <_vsnprintf+0x4fa>
20003936:	4653      	mov	r3, sl
20003938:	9310      	str	r3, [sp, #64]	; 0x40
2000393a:	2302      	movs	r3, #2
2000393c:	001a      	movs	r2, r3
2000393e:	4022      	ands	r2, r4
20003940:	920b      	str	r2, [sp, #44]	; 0x2c
20003942:	4223      	tst	r3, r4
20003944:	d005      	beq.n	20003952 <_vsnprintf+0x512>
20003946:	003a      	movs	r2, r7
20003948:	0037      	movs	r7, r6
2000394a:	464c      	mov	r4, r9
2000394c:	46a9      	mov	r9, r5
2000394e:	4655      	mov	r5, sl
20003950:	e020      	b.n	20003994 <_vsnprintf+0x554>
20003952:	003a      	movs	r2, r7
20003954:	9b10      	ldr	r3, [sp, #64]	; 0x40
20003956:	465f      	mov	r7, fp
20003958:	46b3      	mov	fp, r6
2000395a:	002e      	movs	r6, r5
2000395c:	e006      	b.n	2000396c <_vsnprintf+0x52c>
2000395e:	1c55      	adds	r5, r2, #1
20003960:	4643      	mov	r3, r8
20003962:	0039      	movs	r1, r7
20003964:	2020      	movs	r0, #32
20003966:	47b0      	blx	r6
20003968:	0023      	movs	r3, r4
2000396a:	002a      	movs	r2, r5
2000396c:	1c5c      	adds	r4, r3, #1
2000396e:	990a      	ldr	r1, [sp, #40]	; 0x28
20003970:	4299      	cmp	r1, r3
20003972:	d8f4      	bhi.n	2000395e <_vsnprintf+0x51e>
20003974:	0035      	movs	r5, r6
20003976:	465e      	mov	r6, fp
20003978:	46bb      	mov	fp, r7
2000397a:	9410      	str	r4, [sp, #64]	; 0x40
2000397c:	0037      	movs	r7, r6
2000397e:	464c      	mov	r4, r9
20003980:	46a9      	mov	r9, r5
20003982:	4655      	mov	r5, sl
20003984:	e006      	b.n	20003994 <_vsnprintf+0x554>
20003986:	001d      	movs	r5, r3
20003988:	3401      	adds	r4, #1
2000398a:	1c56      	adds	r6, r2, #1
2000398c:	4643      	mov	r3, r8
2000398e:	4659      	mov	r1, fp
20003990:	47c8      	blx	r9
20003992:	0032      	movs	r2, r6
20003994:	7820      	ldrb	r0, [r4, #0]
20003996:	2800      	cmp	r0, #0
20003998:	d004      	beq.n	200039a4 <_vsnprintf+0x564>
2000399a:	2f00      	cmp	r7, #0
2000399c:	d0f4      	beq.n	20003988 <_vsnprintf+0x548>
2000399e:	1e6b      	subs	r3, r5, #1
200039a0:	2d00      	cmp	r5, #0
200039a2:	d1f0      	bne.n	20003986 <_vsnprintf+0x546>
200039a4:	0017      	movs	r7, r2
200039a6:	464d      	mov	r5, r9
200039a8:	9b0b      	ldr	r3, [sp, #44]	; 0x2c
200039aa:	2b00      	cmp	r3, #0
200039ac:	d103      	bne.n	200039b6 <_vsnprintf+0x576>
200039ae:	9b11      	ldr	r3, [sp, #68]	; 0x44
200039b0:	3301      	adds	r3, #1
200039b2:	9311      	str	r3, [sp, #68]	; 0x44
200039b4:	e554      	b.n	20003460 <_vsnprintf+0x20>
200039b6:	9f0a      	ldr	r7, [sp, #40]	; 0x28
200039b8:	9b10      	ldr	r3, [sp, #64]	; 0x40
200039ba:	e006      	b.n	200039ca <_vsnprintf+0x58a>
200039bc:	1c56      	adds	r6, r2, #1
200039be:	4643      	mov	r3, r8
200039c0:	4659      	mov	r1, fp
200039c2:	2020      	movs	r0, #32
200039c4:	47a8      	blx	r5
200039c6:	0023      	movs	r3, r4
200039c8:	0032      	movs	r2, r6
200039ca:	1c5c      	adds	r4, r3, #1
200039cc:	429f      	cmp	r7, r3
200039ce:	d8f5      	bhi.n	200039bc <_vsnprintf+0x57c>
200039d0:	0017      	movs	r7, r2
200039d2:	e7ec      	b.n	200039ae <_vsnprintf+0x56e>
200039d4:	2321      	movs	r3, #33	; 0x21
200039d6:	431c      	orrs	r4, r3
200039d8:	9b1c      	ldr	r3, [sp, #112]	; 0x70
200039da:	1d1a      	adds	r2, r3, #4
200039dc:	921c      	str	r2, [sp, #112]	; 0x70
200039de:	681b      	ldr	r3, [r3, #0]
200039e0:	9300      	str	r3, [sp, #0]
200039e2:	9405      	str	r4, [sp, #20]
200039e4:	2308      	movs	r3, #8
200039e6:	9304      	str	r3, [sp, #16]
200039e8:	4653      	mov	r3, sl
200039ea:	9303      	str	r3, [sp, #12]
200039ec:	2310      	movs	r3, #16
200039ee:	9302      	str	r3, [sp, #8]
200039f0:	2300      	movs	r3, #0
200039f2:	9301      	str	r3, [sp, #4]
200039f4:	4643      	mov	r3, r8
200039f6:	003a      	movs	r2, r7
200039f8:	4659      	mov	r1, fp
200039fa:	0028      	movs	r0, r5
200039fc:	f7ff f89c 	bl	20002b38 <_ntoa_long>
20003a00:	0007      	movs	r7, r0
20003a02:	9b11      	ldr	r3, [sp, #68]	; 0x44
20003a04:	3301      	adds	r3, #1
20003a06:	9311      	str	r3, [sp, #68]	; 0x44
20003a08:	e52a      	b.n	20003460 <_vsnprintf+0x20>
20003a0a:	1c7c      	adds	r4, r7, #1
20003a0c:	4643      	mov	r3, r8
20003a0e:	003a      	movs	r2, r7
20003a10:	4659      	mov	r1, fp
20003a12:	2025      	movs	r0, #37	; 0x25
20003a14:	47a8      	blx	r5
20003a16:	9b11      	ldr	r3, [sp, #68]	; 0x44
20003a18:	3301      	adds	r3, #1
20003a1a:	9311      	str	r3, [sp, #68]	; 0x44
20003a1c:	0027      	movs	r7, r4
20003a1e:	e51f      	b.n	20003460 <_vsnprintf+0x20>
20003a20:	1c7c      	adds	r4, r7, #1
20003a22:	4643      	mov	r3, r8
20003a24:	003a      	movs	r2, r7
20003a26:	4659      	mov	r1, fp
20003a28:	47a8      	blx	r5
20003a2a:	9b11      	ldr	r3, [sp, #68]	; 0x44
20003a2c:	3301      	adds	r3, #1
20003a2e:	9311      	str	r3, [sp, #68]	; 0x44
20003a30:	0027      	movs	r7, r4
20003a32:	e515      	b.n	20003460 <_vsnprintf+0x20>
20003a34:	4b0a      	ldr	r3, [pc, #40]	; (20003a60 <_vsnprintf+0x620>)
20003a36:	469a      	mov	sl, r3
20003a38:	e510      	b.n	2000345c <_vsnprintf+0x1c>
20003a3a:	46aa      	mov	sl, r5
20003a3c:	4547      	cmp	r7, r8
20003a3e:	d302      	bcc.n	20003a46 <_vsnprintf+0x606>
20003a40:	4643      	mov	r3, r8
20003a42:	1e5a      	subs	r2, r3, #1
20003a44:	e000      	b.n	20003a48 <_vsnprintf+0x608>
20003a46:	003a      	movs	r2, r7
20003a48:	4643      	mov	r3, r8
20003a4a:	4659      	mov	r1, fp
20003a4c:	2000      	movs	r0, #0
20003a4e:	47d0      	blx	sl
20003a50:	0038      	movs	r0, r7
20003a52:	b013      	add	sp, #76	; 0x4c
20003a54:	bcf0      	pop	{r4, r5, r6, r7}
20003a56:	46bb      	mov	fp, r7
20003a58:	46b2      	mov	sl, r6
20003a5a:	46a9      	mov	r9, r5
20003a5c:	46a0      	mov	r8, r4
20003a5e:	bdf0      	pop	{r4, r5, r6, r7, pc}
20003a60:	20002945 	.word	0x20002945

20003a64 <vfctprintf>:
20003a64:	b500      	push	{lr}
20003a66:	b085      	sub	sp, #20
20003a68:	9002      	str	r0, [sp, #8]
20003a6a:	9103      	str	r1, [sp, #12]
20003a6c:	2101      	movs	r1, #1
20003a6e:	9300      	str	r3, [sp, #0]
20003a70:	0013      	movs	r3, r2
20003a72:	424a      	negs	r2, r1
20003a74:	a902      	add	r1, sp, #8
20003a76:	4802      	ldr	r0, [pc, #8]	; (20003a80 <vfctprintf+0x1c>)
20003a78:	f7ff fce2 	bl	20003440 <_vsnprintf>
20003a7c:	b005      	add	sp, #20
20003a7e:	bd00      	pop	{pc}
20003a80:	20002947 	.word	0x20002947

20003a84 <__aeabi_bits_init>:
20003a84:	4801      	ldr	r0, [pc, #4]	; (20003a8c <__aeabi_bits_init+0x8>)
20003a86:	2104      	movs	r1, #4
20003a88:	4b01      	ldr	r3, [pc, #4]	; (20003a90 <__aeabi_bits_init+0xc>)
20003a8a:	4718      	bx	r3
20003a8c:	20006810 	.word	0x20006810
20003a90:	20003ab5 	.word	0x20003ab5

20003a94 <rom_func_lookup>:
20003a94:	b510      	push	{r4, lr}
20003a96:	0001      	movs	r1, r0
20003a98:	2318      	movs	r3, #24
20003a9a:	881b      	ldrh	r3, [r3, #0]
20003a9c:	2214      	movs	r2, #20
20003a9e:	8810      	ldrh	r0, [r2, #0]
20003aa0:	4798      	blx	r3
20003aa2:	bd10      	pop	{r4, pc}

20003aa4 <rom_data_lookup>:
20003aa4:	b510      	push	{r4, lr}
20003aa6:	0001      	movs	r1, r0
20003aa8:	2318      	movs	r3, #24
20003aaa:	881b      	ldrh	r3, [r3, #0]
20003aac:	2216      	movs	r2, #22
20003aae:	8810      	ldrh	r0, [r2, #0]
20003ab0:	4798      	blx	r3
20003ab2:	bd10      	pop	{r4, pc}

20003ab4 <rom_funcs_lookup>:
20003ab4:	b5f0      	push	{r4, r5, r6, r7, lr}
20003ab6:	46c6      	mov	lr, r8
20003ab8:	b500      	push	{lr}
20003aba:	0007      	movs	r7, r0
20003abc:	000e      	movs	r6, r1
20003abe:	2500      	movs	r5, #0
20003ac0:	2301      	movs	r3, #1
20003ac2:	4698      	mov	r8, r3
20003ac4:	e000      	b.n	20003ac8 <rom_funcs_lookup+0x14>
20003ac6:	3501      	adds	r5, #1
20003ac8:	42b5      	cmp	r5, r6
20003aca:	d20a      	bcs.n	20003ae2 <rom_funcs_lookup+0x2e>
20003acc:	00ac      	lsls	r4, r5, #2
20003ace:	193c      	adds	r4, r7, r4
20003ad0:	6820      	ldr	r0, [r4, #0]
20003ad2:	f7ff ffdf 	bl	20003a94 <rom_func_lookup>
20003ad6:	6020      	str	r0, [r4, #0]
20003ad8:	2800      	cmp	r0, #0
20003ada:	d1f4      	bne.n	20003ac6 <rom_funcs_lookup+0x12>
20003adc:	2300      	movs	r3, #0
20003ade:	4698      	mov	r8, r3
20003ae0:	e7f1      	b.n	20003ac6 <rom_funcs_lookup+0x12>
20003ae2:	4640      	mov	r0, r8
20003ae4:	bc80      	pop	{r7}
20003ae6:	46b8      	mov	r8, r7
20003ae8:	bdf0      	pop	{r4, r5, r6, r7, pc}
	...

20003aec <__wrap___aeabi_idiv>:
20003aec:	4a12      	ldr	r2, [pc, #72]	; (20003b38 <divmod_s32s32_savestate+0x18>)
20003aee:	6f93      	ldr	r3, [r2, #120]	; 0x78
20003af0:	089b      	lsrs	r3, r3, #2
20003af2:	d215      	bcs.n	20003b20 <divmod_s32s32_savestate>

20003af4 <divmod_s32s32_unsafe>:
20003af4:	6690      	str	r0, [r2, #104]	; 0x68
20003af6:	66d1      	str	r1, [r2, #108]	; 0x6c
20003af8:	2900      	cmp	r1, #0
20003afa:	d005      	beq.n	20003b08 <divmod_s32s32_unsafe+0x14>
20003afc:	e7ff      	b.n	20003afe <divmod_s32s32_unsafe+0xa>
20003afe:	e7ff      	b.n	20003b00 <divmod_s32s32_unsafe+0xc>
20003b00:	e7ff      	b.n	20003b02 <divmod_s32s32_unsafe+0xe>
20003b02:	6f51      	ldr	r1, [r2, #116]	; 0x74
20003b04:	6f10      	ldr	r0, [r2, #112]	; 0x70
20003b06:	4770      	bx	lr
20003b08:	b504      	push	{r2, lr}
20003b0a:	2180      	movs	r1, #128	; 0x80
20003b0c:	0609      	lsls	r1, r1, #24
20003b0e:	17c2      	asrs	r2, r0, #31
20003b10:	4051      	eors	r1, r2
20003b12:	2800      	cmp	r0, #0
20003b14:	d000      	beq.n	20003b18 <divmod_s32s32_unsafe+0x24>
20003b16:	43c8      	mvns	r0, r1
20003b18:	f001 fbf0 	bl	200052fc <__aeabi_idiv0>
20003b1c:	2100      	movs	r1, #0
20003b1e:	bd04      	pop	{r2, pc}

20003b20 <divmod_s32s32_savestate>:
20003b20:	b5f0      	push	{r4, r5, r6, r7, lr}
20003b22:	6e14      	ldr	r4, [r2, #96]	; 0x60
20003b24:	6e55      	ldr	r5, [r2, #100]	; 0x64
20003b26:	6f57      	ldr	r7, [r2, #116]	; 0x74
20003b28:	6f16      	ldr	r6, [r2, #112]	; 0x70
20003b2a:	f7ff ffe3 	bl	20003af4 <divmod_s32s32_unsafe>
20003b2e:	6614      	str	r4, [r2, #96]	; 0x60
20003b30:	6655      	str	r5, [r2, #100]	; 0x64
20003b32:	6757      	str	r7, [r2, #116]	; 0x74
20003b34:	6716      	str	r6, [r2, #112]	; 0x70
20003b36:	bdf0      	pop	{r4, r5, r6, r7, pc}
20003b38:	d0000000 	.word	0xd0000000

20003b3c <__wrap___aeabi_uidiv>:
20003b3c:	4a11      	ldr	r2, [pc, #68]	; (20003b84 <divmod_u32u32_savestate+0x18>)
20003b3e:	6f93      	ldr	r3, [r2, #120]	; 0x78
20003b40:	089b      	lsrs	r3, r3, #2
20003b42:	d213      	bcs.n	20003b6c <divmod_u32u32_savestate>

20003b44 <divmod_u32u32_unsafe>:
20003b44:	6610      	str	r0, [r2, #96]	; 0x60
20003b46:	6651      	str	r1, [r2, #100]	; 0x64
20003b48:	2900      	cmp	r1, #0
20003b4a:	d005      	beq.n	20003b58 <divmod_u32u32_unsafe+0x14>
20003b4c:	e7ff      	b.n	20003b4e <divmod_u32u32_unsafe+0xa>
20003b4e:	e7ff      	b.n	20003b50 <divmod_u32u32_unsafe+0xc>
20003b50:	e7ff      	b.n	20003b52 <divmod_u32u32_unsafe+0xe>
20003b52:	6f51      	ldr	r1, [r2, #116]	; 0x74
20003b54:	6f10      	ldr	r0, [r2, #112]	; 0x70
20003b56:	4770      	bx	lr
20003b58:	b504      	push	{r2, lr}
20003b5a:	2800      	cmp	r0, #0
20003b5c:	d001      	beq.n	20003b62 <divmod_u32u32_unsafe+0x1e>
20003b5e:	2000      	movs	r0, #0
20003b60:	43c0      	mvns	r0, r0
20003b62:	f001 fbcb 	bl	200052fc <__aeabi_idiv0>
20003b66:	2100      	movs	r1, #0
20003b68:	bd04      	pop	{r2, pc}
20003b6a:	46c0      	nop			; (mov r8, r8)

20003b6c <divmod_u32u32_savestate>:
20003b6c:	b5f0      	push	{r4, r5, r6, r7, lr}
20003b6e:	6e14      	ldr	r4, [r2, #96]	; 0x60
20003b70:	6e55      	ldr	r5, [r2, #100]	; 0x64
20003b72:	6f57      	ldr	r7, [r2, #116]	; 0x74
20003b74:	6f16      	ldr	r6, [r2, #112]	; 0x70
20003b76:	f7ff ffe5 	bl	20003b44 <divmod_u32u32_unsafe>
20003b7a:	6614      	str	r4, [r2, #96]	; 0x60
20003b7c:	6655      	str	r5, [r2, #100]	; 0x64
20003b7e:	6757      	str	r7, [r2, #116]	; 0x74
20003b80:	6716      	str	r6, [r2, #112]	; 0x70
20003b82:	bdf0      	pop	{r4, r5, r6, r7, pc}
20003b84:	d0000000 	.word	0xd0000000

20003b88 <__wrap___aeabi_ldivmod>:
20003b88:	4694      	mov	ip, r2
20003b8a:	4a4a      	ldr	r2, [pc, #296]	; (20003cb4 <udiv0+0x1a>)
20003b8c:	6f92      	ldr	r2, [r2, #120]	; 0x78
20003b8e:	0892      	lsrs	r2, r2, #2
20003b90:	4662      	mov	r2, ip
20003b92:	d201      	bcs.n	20003b98 <divmod_s64s64_savestate>
20003b94:	e028      	b.n	20003be8 <divmod_s64s64_unsafe>
20003b96:	46c0      	nop			; (mov r8, r8)

20003b98 <divmod_s64s64_savestate>:
20003b98:	b5f0      	push	{r4, r5, r6, r7, lr}
20003b9a:	4e46      	ldr	r6, [pc, #280]	; (20003cb4 <udiv0+0x1a>)
20003b9c:	6e34      	ldr	r4, [r6, #96]	; 0x60
20003b9e:	6e75      	ldr	r5, [r6, #100]	; 0x64
20003ba0:	6f77      	ldr	r7, [r6, #116]	; 0x74
20003ba2:	6f36      	ldr	r6, [r6, #112]	; 0x70
20003ba4:	f000 f820 	bl	20003be8 <divmod_s64s64_unsafe>
20003ba8:	4694      	mov	ip, r2
20003baa:	4a42      	ldr	r2, [pc, #264]	; (20003cb4 <udiv0+0x1a>)
20003bac:	6614      	str	r4, [r2, #96]	; 0x60
20003bae:	6655      	str	r5, [r2, #100]	; 0x64
20003bb0:	6757      	str	r7, [r2, #116]	; 0x74
20003bb2:	6716      	str	r6, [r2, #112]	; 0x70
20003bb4:	4662      	mov	r2, ip
20003bb6:	bdf0      	pop	{r4, r5, r6, r7, pc}

20003bb8 <__wrap___aeabi_uldivmod>:
20003bb8:	4694      	mov	ip, r2
20003bba:	4a3e      	ldr	r2, [pc, #248]	; (20003cb4 <udiv0+0x1a>)
20003bbc:	6f92      	ldr	r2, [r2, #120]	; 0x78
20003bbe:	0892      	lsrs	r2, r2, #2
20003bc0:	4662      	mov	r2, ip
20003bc2:	d201      	bcs.n	20003bc8 <divmod_u64u64_savestate>
20003bc4:	e054      	b.n	20003c70 <divmod_u64u64_unsafe>
20003bc6:	46c0      	nop			; (mov r8, r8)

20003bc8 <divmod_u64u64_savestate>:
20003bc8:	b5f0      	push	{r4, r5, r6, r7, lr}
20003bca:	4e3a      	ldr	r6, [pc, #232]	; (20003cb4 <udiv0+0x1a>)
20003bcc:	6e34      	ldr	r4, [r6, #96]	; 0x60
20003bce:	6e75      	ldr	r5, [r6, #100]	; 0x64
20003bd0:	6f77      	ldr	r7, [r6, #116]	; 0x74
20003bd2:	6f36      	ldr	r6, [r6, #112]	; 0x70
20003bd4:	f000 f84c 	bl	20003c70 <divmod_u64u64_unsafe>
20003bd8:	4694      	mov	ip, r2
20003bda:	4a36      	ldr	r2, [pc, #216]	; (20003cb4 <udiv0+0x1a>)
20003bdc:	6614      	str	r4, [r2, #96]	; 0x60
20003bde:	6655      	str	r5, [r2, #100]	; 0x64
20003be0:	6757      	str	r7, [r2, #116]	; 0x74
20003be2:	6716      	str	r6, [r2, #112]	; 0x70
20003be4:	4662      	mov	r2, ip
20003be6:	bdf0      	pop	{r4, r5, r6, r7, pc}

20003be8 <divmod_s64s64_unsafe>:
20003be8:	2b00      	cmp	r3, #0
20003bea:	db24      	blt.n	20003c36 <l42_1+0x26>
20003bec:	d011      	beq.n	20003c12 <l42_1+0x2>
20003bee:	2900      	cmp	r1, #0
20003bf0:	da3e      	bge.n	20003c70 <divmod_u64u64_unsafe>
20003bf2:	b500      	push	{lr}
20003bf4:	43c9      	mvns	r1, r1
20003bf6:	4240      	negs	r0, r0
20003bf8:	d100      	bne.n	20003bfc <l40_1>
20003bfa:	3101      	adds	r1, #1

20003bfc <l40_1>:
20003bfc:	f000 f838 	bl	20003c70 <divmod_u64u64_unsafe>
20003c00:	43c9      	mvns	r1, r1
20003c02:	4240      	negs	r0, r0
20003c04:	d100      	bne.n	20003c08 <l41_1>
20003c06:	3101      	adds	r1, #1

20003c08 <l41_1>:
20003c08:	43db      	mvns	r3, r3
20003c0a:	4252      	negs	r2, r2
20003c0c:	d100      	bne.n	20003c10 <l42_1>
20003c0e:	3301      	adds	r3, #1

20003c10 <l42_1>:
20003c10:	bd00      	pop	{pc}
20003c12:	2a00      	cmp	r2, #0
20003c14:	d1eb      	bne.n	20003bee <divmod_s64s64_unsafe+0x6>
20003c16:	2800      	cmp	r0, #0
20003c18:	d101      	bne.n	20003c1e <l42_1+0xe>
20003c1a:	2900      	cmp	r1, #0
20003c1c:	d005      	beq.n	20003c2a <l42_1+0x1a>
20003c1e:	2000      	movs	r0, #0
20003c20:	0fc9      	lsrs	r1, r1, #31
20003c22:	07c9      	lsls	r1, r1, #31
20003c24:	d101      	bne.n	20003c2a <l42_1+0x1a>
20003c26:	43c0      	mvns	r0, r0
20003c28:	0841      	lsrs	r1, r0, #1
20003c2a:	b500      	push	{lr}
20003c2c:	f001 fb66 	bl	200052fc <__aeabi_idiv0>
20003c30:	2200      	movs	r2, #0
20003c32:	2300      	movs	r3, #0
20003c34:	bd00      	pop	{pc}
20003c36:	b500      	push	{lr}
20003c38:	2900      	cmp	r1, #0
20003c3a:	db0a      	blt.n	20003c52 <l44_1+0x2>
20003c3c:	43db      	mvns	r3, r3
20003c3e:	4252      	negs	r2, r2
20003c40:	d100      	bne.n	20003c44 <l43_1>
20003c42:	3301      	adds	r3, #1

20003c44 <l43_1>:
20003c44:	f000 f814 	bl	20003c70 <divmod_u64u64_unsafe>
20003c48:	43c9      	mvns	r1, r1
20003c4a:	4240      	negs	r0, r0
20003c4c:	d100      	bne.n	20003c50 <l44_1>
20003c4e:	3101      	adds	r1, #1

20003c50 <l44_1>:
20003c50:	bd00      	pop	{pc}
20003c52:	43c9      	mvns	r1, r1
20003c54:	4240      	negs	r0, r0
20003c56:	d100      	bne.n	20003c5a <l45_1>
20003c58:	3101      	adds	r1, #1

20003c5a <l45_1>:
20003c5a:	43db      	mvns	r3, r3
20003c5c:	4252      	negs	r2, r2
20003c5e:	d100      	bne.n	20003c62 <l46_1>
20003c60:	3301      	adds	r3, #1

20003c62 <l46_1>:
20003c62:	f000 f805 	bl	20003c70 <divmod_u64u64_unsafe>
20003c66:	43db      	mvns	r3, r3
20003c68:	4252      	negs	r2, r2
20003c6a:	d100      	bne.n	20003c6e <l47_1>
20003c6c:	3301      	adds	r3, #1

20003c6e <l47_1>:
20003c6e:	bd00      	pop	{pc}

20003c70 <divmod_u64u64_unsafe>:
20003c70:	2900      	cmp	r1, #0
20003c72:	d123      	bne.n	20003cbc <y64>
20003c74:	2b00      	cmp	r3, #0
20003c76:	d118      	bne.n	20003caa <udiv0+0x10>
20003c78:	2a00      	cmp	r2, #0
20003c7a:	d00c      	beq.n	20003c96 <divmod_u64u64_unsafe+0x26>
20003c7c:	46bc      	mov	ip, r7
20003c7e:	4f0d      	ldr	r7, [pc, #52]	; (20003cb4 <udiv0+0x1a>)
20003c80:	6638      	str	r0, [r7, #96]	; 0x60
20003c82:	667a      	str	r2, [r7, #100]	; 0x64
20003c84:	2100      	movs	r1, #0
20003c86:	2300      	movs	r3, #0
20003c88:	e7ff      	b.n	20003c8a <divmod_u64u64_unsafe+0x1a>
20003c8a:	e7ff      	b.n	20003c8c <divmod_u64u64_unsafe+0x1c>
20003c8c:	e7ff      	b.n	20003c8e <divmod_u64u64_unsafe+0x1e>
20003c8e:	6f7a      	ldr	r2, [r7, #116]	; 0x74
20003c90:	6f38      	ldr	r0, [r7, #112]	; 0x70
20003c92:	4667      	mov	r7, ip
20003c94:	4770      	bx	lr
20003c96:	2800      	cmp	r0, #0
20003c98:	d001      	beq.n	20003c9e <udiv0+0x4>

20003c9a <udiv0>:
20003c9a:	4807      	ldr	r0, [pc, #28]	; (20003cb8 <udiv0+0x1e>)
20003c9c:	0001      	movs	r1, r0
20003c9e:	b500      	push	{lr}
20003ca0:	f001 fb2c 	bl	200052fc <__aeabi_idiv0>
20003ca4:	2200      	movs	r2, #0
20003ca6:	2300      	movs	r3, #0
20003ca8:	bd00      	pop	{pc}
20003caa:	0002      	movs	r2, r0
20003cac:	000b      	movs	r3, r1
20003cae:	2000      	movs	r0, #0
20003cb0:	2100      	movs	r1, #0
20003cb2:	4770      	bx	lr
20003cb4:	d0000000 	.word	0xd0000000
20003cb8:	ffffffff 	.word	0xffffffff

20003cbc <y64>:
20003cbc:	2b00      	cmp	r3, #0
20003cbe:	d000      	beq.n	20003cc2 <y64+0x6>
20003cc0:	e0bf      	b.n	20003e42 <y64_x48>
20003cc2:	0c13      	lsrs	r3, r2, #16
20003cc4:	d128      	bne.n	20003d18 <y64_x32>
20003cc6:	2a00      	cmp	r2, #0
20003cc8:	d0e7      	beq.n	20003c9a <udiv0>
20003cca:	b480      	push	{r7}
20003ccc:	4f11      	ldr	r7, [pc, #68]	; (20003d14 <y64+0x58>)
20003cce:	6639      	str	r1, [r7, #96]	; 0x60
20003cd0:	667a      	str	r2, [r7, #100]	; 0x64
20003cd2:	e7ff      	b.n	20003cd4 <y64+0x18>
20003cd4:	e7ff      	b.n	20003cd6 <y64+0x1a>
20003cd6:	b430      	push	{r4, r5}
20003cd8:	0c04      	lsrs	r4, r0, #16
20003cda:	6f7b      	ldr	r3, [r7, #116]	; 0x74
20003cdc:	6f39      	ldr	r1, [r7, #112]	; 0x70
20003cde:	041b      	lsls	r3, r3, #16
20003ce0:	4323      	orrs	r3, r4
20003ce2:	663b      	str	r3, [r7, #96]	; 0x60
20003ce4:	667a      	str	r2, [r7, #100]	; 0x64
20003ce6:	e7ff      	b.n	20003ce8 <y64+0x2c>
20003ce8:	e7ff      	b.n	20003cea <y64+0x2e>
20003cea:	e7ff      	b.n	20003cec <y64+0x30>
20003cec:	46c0      	nop			; (mov r8, r8)
20003cee:	b284      	uxth	r4, r0
20003cf0:	6f7b      	ldr	r3, [r7, #116]	; 0x74
20003cf2:	6f3d      	ldr	r5, [r7, #112]	; 0x70
20003cf4:	041b      	lsls	r3, r3, #16
20003cf6:	4323      	orrs	r3, r4
20003cf8:	663b      	str	r3, [r7, #96]	; 0x60
20003cfa:	667a      	str	r2, [r7, #100]	; 0x64
20003cfc:	e7ff      	b.n	20003cfe <y64+0x42>
20003cfe:	e7ff      	b.n	20003d00 <y64+0x44>
20003d00:	46c0      	nop			; (mov r8, r8)
20003d02:	2300      	movs	r3, #0
20003d04:	042c      	lsls	r4, r5, #16
20003d06:	0c2d      	lsrs	r5, r5, #16
20003d08:	6f7a      	ldr	r2, [r7, #116]	; 0x74
20003d0a:	6f38      	ldr	r0, [r7, #112]	; 0x70
20003d0c:	1900      	adds	r0, r0, r4
20003d0e:	4169      	adcs	r1, r5
20003d10:	bcb0      	pop	{r4, r5, r7}
20003d12:	4770      	bx	lr
20003d14:	d0000000 	.word	0xd0000000

20003d18 <y64_x32>:
20003d18:	b5f0      	push	{r4, r5, r6, r7, lr}
20003d1a:	4694      	mov	ip, r2
20003d1c:	2500      	movs	r5, #0
20003d1e:	0e14      	lsrs	r4, r2, #24
20003d20:	d101      	bne.n	20003d26 <y64_x32+0xe>
20003d22:	0212      	lsls	r2, r2, #8
20003d24:	3508      	adds	r5, #8
20003d26:	0f14      	lsrs	r4, r2, #28
20003d28:	d101      	bne.n	20003d2e <y64_x32+0x16>
20003d2a:	0112      	lsls	r2, r2, #4
20003d2c:	3504      	adds	r5, #4
20003d2e:	0f94      	lsrs	r4, r2, #30
20003d30:	d101      	bne.n	20003d36 <y64_x32+0x1e>
20003d32:	0092      	lsls	r2, r2, #2
20003d34:	3502      	adds	r5, #2
20003d36:	0fd4      	lsrs	r4, r2, #31
20003d38:	d101      	bne.n	20003d3e <y64_x32+0x26>
20003d3a:	0052      	lsls	r2, r2, #1
20003d3c:	3501      	adds	r5, #1
20003d3e:	0bd4      	lsrs	r4, r2, #15
20003d40:	3401      	adds	r4, #1
20003d42:	4f25      	ldr	r7, [pc, #148]	; (20003dd8 <y64_x32+0xc0>)
20003d44:	667c      	str	r4, [r7, #100]	; 0x64
20003d46:	4c25      	ldr	r4, [pc, #148]	; (20003ddc <y64_x32+0xc4>)
20003d48:	663c      	str	r4, [r7, #96]	; 0x60
20003d4a:	0c0e      	lsrs	r6, r1, #16
20003d4c:	b293      	uxth	r3, r2
20003d4e:	e7ff      	b.n	20003d50 <y64_x32+0x38>
20003d50:	e7ff      	b.n	20003d52 <y64_x32+0x3a>
20003d52:	e7ff      	b.n	20003d54 <y64_x32+0x3c>
20003d54:	6f3c      	ldr	r4, [r7, #112]	; 0x70
20003d56:	4366      	muls	r6, r4
20003d58:	0c36      	lsrs	r6, r6, #16
20003d5a:	0377      	lsls	r7, r6, #13
20003d5c:	46be      	mov	lr, r7
20003d5e:	4373      	muls	r3, r6
20003d60:	0bdf      	lsrs	r7, r3, #15
20003d62:	045b      	lsls	r3, r3, #17
20003d64:	1ac0      	subs	r0, r0, r3
20003d66:	41b9      	sbcs	r1, r7
20003d68:	0c13      	lsrs	r3, r2, #16
20003d6a:	4373      	muls	r3, r6
20003d6c:	18db      	adds	r3, r3, r3
20003d6e:	1ac9      	subs	r1, r1, r3
20003d70:	08ce      	lsrs	r6, r1, #3
20003d72:	4366      	muls	r6, r4
20003d74:	0c36      	lsrs	r6, r6, #16
20003d76:	44b6      	add	lr, r6
20003d78:	b293      	uxth	r3, r2
20003d7a:	4373      	muls	r3, r6
20003d7c:	0f1f      	lsrs	r7, r3, #28
20003d7e:	011b      	lsls	r3, r3, #4
20003d80:	1ac0      	subs	r0, r0, r3
20003d82:	41b9      	sbcs	r1, r7
20003d84:	0c13      	lsrs	r3, r2, #16
20003d86:	4373      	muls	r3, r6
20003d88:	0b1f      	lsrs	r7, r3, #12
20003d8a:	051b      	lsls	r3, r3, #20
20003d8c:	1ac0      	subs	r0, r0, r3
20003d8e:	41b9      	sbcs	r1, r7
20003d90:	0d86      	lsrs	r6, r0, #22
20003d92:	028f      	lsls	r7, r1, #10
20003d94:	433e      	orrs	r6, r7
20003d96:	4366      	muls	r6, r4
20003d98:	0c36      	lsrs	r6, r6, #16
20003d9a:	2d09      	cmp	r5, #9
20003d9c:	db24      	blt.n	20003de8 <last0>
20003d9e:	0a52      	lsrs	r2, r2, #9
20003da0:	4372      	muls	r2, r6
20003da2:	1a80      	subs	r0, r0, r2
20003da4:	0377      	lsls	r7, r6, #13
20003da6:	0a46      	lsrs	r6, r0, #9
20003da8:	4366      	muls	r6, r4
20003daa:	0c36      	lsrs	r6, r6, #16
20003dac:	2316      	movs	r3, #22
20003dae:	1b5b      	subs	r3, r3, r5
20003db0:	40de      	lsrs	r6, r3
20003db2:	40df      	lsrs	r7, r3
20003db4:	19bf      	adds	r7, r7, r6
20003db6:	4664      	mov	r4, ip
20003db8:	4366      	muls	r6, r4
20003dba:	1b82      	subs	r2, r0, r6
20003dbc:	4670      	mov	r0, lr
20003dbe:	3504      	adds	r5, #4
20003dc0:	3306      	adds	r3, #6
20003dc2:	0001      	movs	r1, r0
20003dc4:	40d9      	lsrs	r1, r3
20003dc6:	40a8      	lsls	r0, r5
20003dc8:	19c0      	adds	r0, r0, r7
20003dca:	d300      	bcc.n	20003dce <y64_x32+0xb6>
20003dcc:	3101      	adds	r1, #1
20003dce:	42a2      	cmp	r2, r4
20003dd0:	d206      	bcs.n	20003de0 <y64_x32+0xc8>
20003dd2:	2300      	movs	r3, #0
20003dd4:	bdf0      	pop	{r4, r5, r6, r7, pc}
20003dd6:	0000      	.short	0x0000
20003dd8:	d0000000 	.word	0xd0000000
20003ddc:	ffffffff 	.word	0xffffffff
20003de0:	1b12      	subs	r2, r2, r4
20003de2:	3001      	adds	r0, #1
20003de4:	d3f3      	bcc.n	20003dce <y64_x32+0xb6>
20003de6:	e7f1      	b.n	20003dcc <y64_x32+0xb4>

20003de8 <last0>:
20003de8:	2709      	movs	r7, #9
20003dea:	1b7f      	subs	r7, r7, r5
20003dec:	40fe      	lsrs	r6, r7
20003dee:	4664      	mov	r4, ip
20003df0:	b2a2      	uxth	r2, r4
20003df2:	4372      	muls	r2, r6
20003df4:	1a80      	subs	r0, r0, r2
20003df6:	d200      	bcs.n	20003dfa <last0+0x12>
20003df8:	3901      	subs	r1, #1
20003dfa:	0c22      	lsrs	r2, r4, #16
20003dfc:	4372      	muls	r2, r6
20003dfe:	0c13      	lsrs	r3, r2, #16
20003e00:	0412      	lsls	r2, r2, #16
20003e02:	1a82      	subs	r2, r0, r2
20003e04:	4199      	sbcs	r1, r3
20003e06:	000b      	movs	r3, r1
20003e08:	4670      	mov	r0, lr
20003e0a:	3504      	adds	r5, #4
20003e0c:	3713      	adds	r7, #19
20003e0e:	0001      	movs	r1, r0
20003e10:	40f9      	lsrs	r1, r7
20003e12:	40a8      	lsls	r0, r5
20003e14:	1980      	adds	r0, r0, r6
20003e16:	d300      	bcc.n	20003e1a <last0+0x32>
20003e18:	3101      	adds	r1, #1
20003e1a:	2b00      	cmp	r3, #0
20003e1c:	d102      	bne.n	20003e24 <last0+0x3c>
20003e1e:	42a2      	cmp	r2, r4
20003e20:	d20a      	bcs.n	20003e38 <last0+0x50>
20003e22:	bdf0      	pop	{r4, r5, r6, r7, pc}
20003e24:	3001      	adds	r0, #1
20003e26:	d300      	bcc.n	20003e2a <last0+0x42>
20003e28:	3101      	adds	r1, #1
20003e2a:	1b12      	subs	r2, r2, r4
20003e2c:	d2fa      	bcs.n	20003e24 <last0+0x3c>
20003e2e:	3b01      	subs	r3, #1
20003e30:	d1f8      	bne.n	20003e24 <last0+0x3c>
20003e32:	42a2      	cmp	r2, r4
20003e34:	d200      	bcs.n	20003e38 <last0+0x50>
20003e36:	bdf0      	pop	{r4, r5, r6, r7, pc}
20003e38:	3001      	adds	r0, #1
20003e3a:	d300      	bcc.n	20003e3e <last0+0x56>
20003e3c:	3101      	adds	r1, #1
20003e3e:	1b12      	subs	r2, r2, r4
20003e40:	e7f7      	b.n	20003e32 <last0+0x4a>

20003e42 <y64_x48>:
20003e42:	b5f0      	push	{r4, r5, r6, r7, lr}
20003e44:	0c1c      	lsrs	r4, r3, #16
20003e46:	d000      	beq.n	20003e4a <y64_x48+0x8>
20003e48:	e080      	b.n	20003f4c <y64_x64>
20003e4a:	b40c      	push	{r2, r3}
20003e4c:	2500      	movs	r5, #0
20003e4e:	0a1c      	lsrs	r4, r3, #8
20003e50:	d104      	bne.n	20003e5c <y64_x48+0x1a>
20003e52:	021b      	lsls	r3, r3, #8
20003e54:	0e16      	lsrs	r6, r2, #24
20003e56:	4333      	orrs	r3, r6
20003e58:	0212      	lsls	r2, r2, #8
20003e5a:	3508      	adds	r5, #8
20003e5c:	0b1c      	lsrs	r4, r3, #12
20003e5e:	d104      	bne.n	20003e6a <y64_x48+0x28>
20003e60:	011b      	lsls	r3, r3, #4
20003e62:	0f16      	lsrs	r6, r2, #28
20003e64:	4333      	orrs	r3, r6
20003e66:	0112      	lsls	r2, r2, #4
20003e68:	3504      	adds	r5, #4
20003e6a:	0b9c      	lsrs	r4, r3, #14
20003e6c:	d104      	bne.n	20003e78 <y64_x48+0x36>
20003e6e:	009b      	lsls	r3, r3, #2
20003e70:	0f96      	lsrs	r6, r2, #30
20003e72:	4333      	orrs	r3, r6
20003e74:	0092      	lsls	r2, r2, #2
20003e76:	3502      	adds	r5, #2
20003e78:	0bdc      	lsrs	r4, r3, #15
20003e7a:	d102      	bne.n	20003e82 <y64_x48+0x40>
20003e7c:	1892      	adds	r2, r2, r2
20003e7e:	415b      	adcs	r3, r3
20003e80:	3501      	adds	r5, #1
20003e82:	001c      	movs	r4, r3
20003e84:	1897      	adds	r7, r2, r2
20003e86:	4164      	adcs	r4, r4
20003e88:	3401      	adds	r4, #1
20003e8a:	4f46      	ldr	r7, [pc, #280]	; (20003fa4 <y64_x64+0x58>)
20003e8c:	667c      	str	r4, [r7, #100]	; 0x64
20003e8e:	4c46      	ldr	r4, [pc, #280]	; (20003fa8 <y64_x64+0x5c>)
20003e90:	663c      	str	r4, [r7, #96]	; 0x60
20003e92:	0c0e      	lsrs	r6, r1, #16
20003e94:	e7ff      	b.n	20003e96 <y64_x48+0x54>
20003e96:	e7ff      	b.n	20003e98 <y64_x48+0x56>
20003e98:	e7ff      	b.n	20003e9a <y64_x48+0x58>
20003e9a:	46c0      	nop			; (mov r8, r8)
20003e9c:	6f3c      	ldr	r4, [r7, #112]	; 0x70
20003e9e:	4366      	muls	r6, r4
20003ea0:	0c36      	lsrs	r6, r6, #16
20003ea2:	0377      	lsls	r7, r6, #13
20003ea4:	46be      	mov	lr, r7
20003ea6:	b297      	uxth	r7, r2
20003ea8:	4377      	muls	r7, r6
20003eaa:	1bc0      	subs	r0, r0, r7
20003eac:	d200      	bcs.n	20003eb0 <y64_x48+0x6e>
20003eae:	3901      	subs	r1, #1
20003eb0:	1bc0      	subs	r0, r0, r7
20003eb2:	d200      	bcs.n	20003eb6 <y64_x48+0x74>
20003eb4:	3901      	subs	r1, #1
20003eb6:	b29f      	uxth	r7, r3
20003eb8:	4377      	muls	r7, r6
20003eba:	1bc9      	subs	r1, r1, r7
20003ebc:	1bc9      	subs	r1, r1, r7
20003ebe:	0c17      	lsrs	r7, r2, #16
20003ec0:	4377      	muls	r7, r6
20003ec2:	047e      	lsls	r6, r7, #17
20003ec4:	0bff      	lsrs	r7, r7, #15
20003ec6:	1b80      	subs	r0, r0, r6
20003ec8:	41b9      	sbcs	r1, r7
20003eca:	08ce      	lsrs	r6, r1, #3
20003ecc:	4366      	muls	r6, r4
20003ece:	0c36      	lsrs	r6, r6, #16
20003ed0:	2d0c      	cmp	r5, #12
20003ed2:	db33      	blt.n	20003f3c <last1>
20003ed4:	44b6      	add	lr, r6
20003ed6:	0b12      	lsrs	r2, r2, #12
20003ed8:	051f      	lsls	r7, r3, #20
20003eda:	433a      	orrs	r2, r7
20003edc:	0b1b      	lsrs	r3, r3, #12
20003ede:	b297      	uxth	r7, r2
20003ee0:	4377      	muls	r7, r6
20003ee2:	1bc0      	subs	r0, r0, r7
20003ee4:	d200      	bcs.n	20003ee8 <y64_x48+0xa6>
20003ee6:	3901      	subs	r1, #1
20003ee8:	b29f      	uxth	r7, r3
20003eea:	4377      	muls	r7, r6
20003eec:	1bc9      	subs	r1, r1, r7
20003eee:	0c17      	lsrs	r7, r2, #16
20003ef0:	4377      	muls	r7, r6
20003ef2:	043e      	lsls	r6, r7, #16
20003ef4:	0c3f      	lsrs	r7, r7, #16
20003ef6:	1b80      	subs	r0, r0, r6
20003ef8:	41b9      	sbcs	r1, r7
20003efa:	0d86      	lsrs	r6, r0, #22
20003efc:	028f      	lsls	r7, r1, #10
20003efe:	433e      	orrs	r6, r7
20003f00:	4366      	muls	r6, r4
20003f02:	2729      	movs	r7, #41	; 0x29
20003f04:	1b7f      	subs	r7, r7, r5
20003f06:	40fe      	lsrs	r6, r7
20003f08:	3d0c      	subs	r5, #12
20003f0a:	4677      	mov	r7, lr
20003f0c:	40af      	lsls	r7, r5
20003f0e:	19bf      	adds	r7, r7, r6
20003f10:	bc30      	pop	{r4, r5}
20003f12:	b2a2      	uxth	r2, r4
20003f14:	b2ab      	uxth	r3, r5
20003f16:	4372      	muls	r2, r6
20003f18:	4373      	muls	r3, r6
20003f1a:	1a80      	subs	r0, r0, r2
20003f1c:	4199      	sbcs	r1, r3
20003f1e:	0c22      	lsrs	r2, r4, #16
20003f20:	4372      	muls	r2, r6
20003f22:	0c13      	lsrs	r3, r2, #16
20003f24:	0412      	lsls	r2, r2, #16
20003f26:	1a80      	subs	r0, r0, r2
20003f28:	4199      	sbcs	r1, r3
20003f2a:	0002      	movs	r2, r0
20003f2c:	000b      	movs	r3, r1
20003f2e:	3701      	adds	r7, #1
20003f30:	1b00      	subs	r0, r0, r4
20003f32:	41a9      	sbcs	r1, r5
20003f34:	d2f9      	bcs.n	20003f2a <y64_x48+0xe8>
20003f36:	1e78      	subs	r0, r7, #1
20003f38:	2100      	movs	r1, #0
20003f3a:	bdf0      	pop	{r4, r5, r6, r7, pc}

20003f3c <last1>:
20003f3c:	270c      	movs	r7, #12
20003f3e:	1b7f      	subs	r7, r7, r5
20003f40:	40fe      	lsrs	r6, r7
20003f42:	4677      	mov	r7, lr
20003f44:	0b7f      	lsrs	r7, r7, #13
20003f46:	40af      	lsls	r7, r5
20003f48:	19ff      	adds	r7, r7, r7
20003f4a:	e7e0      	b.n	20003f0e <y64_x48+0xcc>

20003f4c <y64_x64>:
20003f4c:	2400      	movs	r4, #0
20003f4e:	1c5d      	adds	r5, r3, #1
20003f50:	d007      	beq.n	20003f62 <y64_x64+0x16>
20003f52:	4f14      	ldr	r7, [pc, #80]	; (20003fa4 <y64_x64+0x58>)
20003f54:	667d      	str	r5, [r7, #100]	; 0x64
20003f56:	6639      	str	r1, [r7, #96]	; 0x60
20003f58:	e7ff      	b.n	20003f5a <y64_x64+0xe>
20003f5a:	e7ff      	b.n	20003f5c <y64_x64+0x10>
20003f5c:	e7ff      	b.n	20003f5e <y64_x64+0x12>
20003f5e:	e7ff      	b.n	20003f60 <y64_x64+0x14>
20003f60:	6f3c      	ldr	r4, [r7, #112]	; 0x70
20003f62:	b295      	uxth	r5, r2
20003f64:	b29e      	uxth	r6, r3
20003f66:	4365      	muls	r5, r4
20003f68:	4366      	muls	r6, r4
20003f6a:	1b40      	subs	r0, r0, r5
20003f6c:	41b1      	sbcs	r1, r6
20003f6e:	0c15      	lsrs	r5, r2, #16
20003f70:	0c1e      	lsrs	r6, r3, #16
20003f72:	4365      	muls	r5, r4
20003f74:	4366      	muls	r6, r4
20003f76:	0436      	lsls	r6, r6, #16
20003f78:	0c2f      	lsrs	r7, r5, #16
20003f7a:	433e      	orrs	r6, r7
20003f7c:	042d      	lsls	r5, r5, #16
20003f7e:	1b40      	subs	r0, r0, r5
20003f80:	41b1      	sbcs	r1, r6
20003f82:	4299      	cmp	r1, r3
20003f84:	d204      	bcs.n	20003f90 <y64_x64+0x44>
20003f86:	0002      	movs	r2, r0
20003f88:	000b      	movs	r3, r1
20003f8a:	0020      	movs	r0, r4
20003f8c:	2100      	movs	r1, #0
20003f8e:	bdf0      	pop	{r4, r5, r6, r7, pc}
20003f90:	d101      	bne.n	20003f96 <y64_x64+0x4a>
20003f92:	4290      	cmp	r0, r2
20003f94:	d3f7      	bcc.n	20003f86 <y64_x64+0x3a>
20003f96:	1a80      	subs	r0, r0, r2
20003f98:	4199      	sbcs	r1, r3
20003f9a:	3401      	adds	r4, #1
20003f9c:	4299      	cmp	r1, r3
20003f9e:	d3f2      	bcc.n	20003f86 <y64_x64+0x3a>
20003fa0:	e7f6      	b.n	20003f90 <y64_x64+0x44>
20003fa2:	0000      	.short	0x0000
20003fa4:	d0000000 	.word	0xd0000000
20003fa8:	ffffffff 	.word	0xffffffff

20003fac <__wrap___aeabi_drsub>:
20003fac:	4048      	eors	r0, r1
20003fae:	4041      	eors	r1, r0
20003fb0:	4048      	eors	r0, r1

20003fb2 <__wrap___aeabi_dsub>:
20003fb2:	b418      	push	{r3, r4}
20003fb4:	4b1b      	ldr	r3, [pc, #108]	; (20004024 <__wrap___aeabi_dmul+0x12>)
20003fb6:	685b      	ldr	r3, [r3, #4]
20003fb8:	46fc      	mov	ip, pc
20003fba:	9301      	str	r3, [sp, #4]
20003fbc:	bd08      	pop	{r3, pc}
20003fbe:	df04      	.short	0xdf04
20003fc0:	20004287 	.word	0x20004287

20003fc4 <__wrap___aeabi_dadd>:
20003fc4:	b418      	push	{r3, r4}
20003fc6:	4b17      	ldr	r3, [pc, #92]	; (20004024 <__wrap___aeabi_dmul+0x12>)
20003fc8:	681b      	ldr	r3, [r3, #0]
20003fca:	46fc      	mov	ip, pc
20003fcc:	9301      	str	r3, [sp, #4]
20003fce:	bd08      	pop	{r3, pc}
20003fd0:	4291df00 	.word	0x4291df00
20003fd4:	2000      	.short	0x2000

20003fd6 <__wrap___aeabi_ddiv>:
20003fd6:	4694      	mov	ip, r2
20003fd8:	4a13      	ldr	r2, [pc, #76]	; (20004028 <__wrap___aeabi_dmul+0x16>)
20003fda:	6f92      	ldr	r2, [r2, #120]	; 0x78
20003fdc:	0892      	lsrs	r2, r2, #2
20003fde:	d209      	bcs.n	20003ff4 <ddiv_save_state>
20003fe0:	4662      	mov	r2, ip

20003fe2 <ddiv_shim_call>:
20003fe2:	b418      	push	{r3, r4}
20003fe4:	4b0f      	ldr	r3, [pc, #60]	; (20004024 <__wrap___aeabi_dmul+0x12>)
20003fe6:	68db      	ldr	r3, [r3, #12]
20003fe8:	46fc      	mov	ip, pc
20003fea:	9301      	str	r3, [sp, #4]
20003fec:	bd08      	pop	{r3, pc}
20003fee:	df0c      	.short	0xdf0c
20003ff0:	20004549 	.word	0x20004549

20003ff4 <ddiv_save_state>:
20003ff4:	4a0c      	ldr	r2, [pc, #48]	; (20004028 <__wrap___aeabi_dmul+0x16>)
20003ff6:	b5f0      	push	{r4, r5, r6, r7, lr}
20003ff8:	6e14      	ldr	r4, [r2, #96]	; 0x60
20003ffa:	6e55      	ldr	r5, [r2, #100]	; 0x64
20003ffc:	6f57      	ldr	r7, [r2, #116]	; 0x74
20003ffe:	6f16      	ldr	r6, [r2, #112]	; 0x70
20004000:	4662      	mov	r2, ip
20004002:	f7ff ffee 	bl	20003fe2 <ddiv_shim_call>
20004006:	4a08      	ldr	r2, [pc, #32]	; (20004028 <__wrap___aeabi_dmul+0x16>)
20004008:	6614      	str	r4, [r2, #96]	; 0x60
2000400a:	6655      	str	r5, [r2, #100]	; 0x64
2000400c:	6757      	str	r7, [r2, #116]	; 0x74
2000400e:	6716      	str	r6, [r2, #112]	; 0x70
20004010:	bdf0      	pop	{r4, r5, r6, r7, pc}

20004012 <__wrap___aeabi_dmul>:
20004012:	b418      	push	{r3, r4}
20004014:	4b03      	ldr	r3, [pc, #12]	; (20004024 <__wrap___aeabi_dmul+0x12>)
20004016:	689b      	ldr	r3, [r3, #8]
20004018:	46fc      	mov	ip, pc
2000401a:	9301      	str	r3, [sp, #4]
2000401c:	bd08      	pop	{r3, pc}
2000401e:	df08      	.short	0xdf08
20004020:	200043ed 	.word	0x200043ed
20004024:	20006ba4 	.word	0x20006ba4
20004028:	d0000000 	.word	0xd0000000

2000402c <__wrap___aeabi_cdrcmple>:
2000402c:	b5ff      	push	{r0, r1, r2, r3, r4, r5, r6, r7, lr}
2000402e:	4050      	eors	r0, r2
20004030:	4042      	eors	r2, r0
20004032:	4050      	eors	r0, r2
20004034:	4059      	eors	r1, r3
20004036:	404b      	eors	r3, r1
20004038:	4059      	eors	r1, r3
2000403a:	e000      	b.n	2000403e <__aeabi_dfcmple_guts>

2000403c <__wrap___aeabi_cdcmpeq>:
2000403c:	b5ff      	push	{r0, r1, r2, r3, r4, r5, r6, r7, lr}

2000403e <__aeabi_dfcmple_guts>:
2000403e:	4f15      	ldr	r7, [pc, #84]	; (20004094 <__aeabi_dfcmple_guts+0x56>)
20004040:	004c      	lsls	r4, r1, #1
20004042:	0d64      	lsrs	r4, r4, #21
20004044:	d003      	beq.n	2000404e <__aeabi_dfcmple_guts+0x10>
20004046:	42bc      	cmp	r4, r7
20004048:	d104      	bne.n	20004054 <__aeabi_dfcmple_guts+0x16>
2000404a:	030c      	lsls	r4, r1, #12
2000404c:	d814      	bhi.n	20004078 <__aeabi_dfcmple_guts+0x3a>
2000404e:	2000      	movs	r0, #0
20004050:	0d09      	lsrs	r1, r1, #20
20004052:	0509      	lsls	r1, r1, #20
20004054:	005c      	lsls	r4, r3, #1
20004056:	0d64      	lsrs	r4, r4, #21
20004058:	d003      	beq.n	20004062 <__aeabi_dfcmple_guts+0x24>
2000405a:	42bc      	cmp	r4, r7
2000405c:	d104      	bne.n	20004068 <__aeabi_dfcmple_guts+0x2a>
2000405e:	031c      	lsls	r4, r3, #12
20004060:	d80a      	bhi.n	20004078 <__aeabi_dfcmple_guts+0x3a>
20004062:	2200      	movs	r2, #0
20004064:	0d1b      	lsrs	r3, r3, #20
20004066:	051b      	lsls	r3, r3, #20
20004068:	2601      	movs	r6, #1
2000406a:	404b      	eors	r3, r1
2000406c:	d409      	bmi.n	20004082 <__aeabi_dfcmple_guts+0x44>
2000406e:	404b      	eors	r3, r1
20004070:	d503      	bpl.n	2000407a <__aeabi_dfcmple_guts+0x3c>
20004072:	428b      	cmp	r3, r1
20004074:	d100      	bne.n	20004078 <__aeabi_dfcmple_guts+0x3a>
20004076:	4282      	cmp	r2, r0
20004078:	bdff      	pop	{r0, r1, r2, r3, r4, r5, r6, r7, pc}
2000407a:	4299      	cmp	r1, r3
2000407c:	d1fc      	bne.n	20004078 <__aeabi_dfcmple_guts+0x3a>
2000407e:	4290      	cmp	r0, r2
20004080:	bdff      	pop	{r0, r1, r2, r3, r4, r5, r6, r7, pc}
20004082:	430b      	orrs	r3, r1
20004084:	18db      	adds	r3, r3, r3
20004086:	4303      	orrs	r3, r0
20004088:	4313      	orrs	r3, r2
2000408a:	d0f5      	beq.n	20004078 <__aeabi_dfcmple_guts+0x3a>
2000408c:	43c9      	mvns	r1, r1
2000408e:	1849      	adds	r1, r1, r1
20004090:	bdff      	pop	{r0, r1, r2, r3, r4, r5, r6, r7, pc}
20004092:	0000      	.short	0x0000
20004094:	000007ff 	.word	0x000007ff

20004098 <__wrap___aeabi_dcmplt>:
20004098:	b500      	push	{lr}
2000409a:	f7ff ffcf 	bl	2000403c <__wrap___aeabi_cdcmpeq>
2000409e:	4180      	sbcs	r0, r0
200040a0:	bd00      	pop	{pc}
200040a2:	46c0      	nop			; (mov r8, r8)

200040a4 <__wrap___aeabi_dcmple>:
200040a4:	b500      	push	{lr}
200040a6:	f7ff ffc9 	bl	2000403c <__wrap___aeabi_cdcmpeq>
200040aa:	d901      	bls.n	200040b0 <__wrap___aeabi_dcmple+0xc>
200040ac:	2000      	movs	r0, #0
200040ae:	bd00      	pop	{pc}
200040b0:	2001      	movs	r0, #1
200040b2:	bd00      	pop	{pc}

200040b4 <__wrap___aeabi_dcmpge>:
200040b4:	b500      	push	{lr}
200040b6:	f7ff ffb9 	bl	2000402c <__wrap___aeabi_cdrcmple>
200040ba:	d901      	bls.n	200040c0 <__wrap___aeabi_dcmpge+0xc>
200040bc:	2000      	movs	r0, #0
200040be:	bd00      	pop	{pc}
200040c0:	2001      	movs	r0, #1
200040c2:	bd00      	pop	{pc}

200040c4 <__wrap___aeabi_dcmpgt>:
200040c4:	b500      	push	{lr}
200040c6:	f7ff ffb1 	bl	2000402c <__wrap___aeabi_cdrcmple>
200040ca:	4180      	sbcs	r0, r0
200040cc:	bd00      	pop	{pc}

200040ce <__wrap___aeabi_dcmpun>:
200040ce:	2001      	movs	r0, #1
200040d0:	0540      	lsls	r0, r0, #21
200040d2:	004a      	lsls	r2, r1, #1
200040d4:	1812      	adds	r2, r2, r0
200040d6:	d804      	bhi.n	200040e2 <__wrap___aeabi_dcmpun+0x14>
200040d8:	005a      	lsls	r2, r3, #1
200040da:	1812      	adds	r2, r2, r0
200040dc:	d801      	bhi.n	200040e2 <__wrap___aeabi_dcmpun+0x14>
200040de:	2000      	movs	r0, #0
200040e0:	4770      	bx	lr
200040e2:	2001      	movs	r0, #1
200040e4:	4770      	bx	lr
200040e6:	2000      	movs	r0, #0
200040e8:	4770      	bx	lr
	...

200040ec <__wrap___aeabi_ui2d>:
200040ec:	2100      	movs	r1, #0
200040ee:	2800      	cmp	r0, #0
200040f0:	d105      	bne.n	200040fe <__wrap___aeabi_i2d+0xa>
200040f2:	4770      	bx	lr

200040f4 <__wrap___aeabi_i2d>:
200040f4:	17c1      	asrs	r1, r0, #31
200040f6:	4048      	eors	r0, r1
200040f8:	1a40      	subs	r0, r0, r1
200040fa:	d0fa      	beq.n	200040f2 <__wrap___aeabi_ui2d+0x6>
200040fc:	07c9      	lsls	r1, r1, #31
200040fe:	b513      	push	{r0, r1, r4, lr}
20004100:	4b06      	ldr	r3, [pc, #24]	; (2000411c <__wrap___aeabi_i2d+0x28>)
20004102:	681b      	ldr	r3, [r3, #0]
20004104:	4798      	blx	r3
20004106:	bc0c      	pop	{r2, r3}
20004108:	1c44      	adds	r4, r0, #1
2000410a:	40a2      	lsls	r2, r4
2000410c:	0510      	lsls	r0, r2, #20
2000410e:	0b12      	lsrs	r2, r2, #12
20004110:	4903      	ldr	r1, [pc, #12]	; (20004120 <__wrap___aeabi_i2d+0x2c>)
20004112:	1b09      	subs	r1, r1, r4
20004114:	0509      	lsls	r1, r1, #20
20004116:	4319      	orrs	r1, r3
20004118:	4311      	orrs	r1, r2
2000411a:	bd10      	pop	{r4, pc}
2000411c:	20006ca4 	.word	0x20006ca4
20004120:	0000041f 	.word	0x0000041f

20004124 <__wrap___aeabi_d2iz>:
20004124:	b510      	push	{r4, lr}
20004126:	004c      	lsls	r4, r1, #1
20004128:	0d62      	lsrs	r2, r4, #21
2000412a:	2380      	movs	r3, #128	; 0x80
2000412c:	18d2      	adds	r2, r2, r3
2000412e:	00db      	lsls	r3, r3, #3
20004130:	1ad2      	subs	r2, r2, r3
20004132:	055b      	lsls	r3, r3, #21
20004134:	2a7e      	cmp	r2, #126	; 0x7e
20004136:	dd10      	ble.n	2000415a <__wrap___aeabi_d2iz+0x36>
20004138:	3a9e      	subs	r2, #158	; 0x9e
2000413a:	da13      	bge.n	20004164 <__wrap___aeabi_d2iz+0x40>
2000413c:	17cc      	asrs	r4, r1, #31
2000413e:	0309      	lsls	r1, r1, #12
20004140:	0849      	lsrs	r1, r1, #1
20004142:	4319      	orrs	r1, r3
20004144:	4252      	negs	r2, r2
20004146:	40d1      	lsrs	r1, r2
20004148:	0064      	lsls	r4, r4, #1
2000414a:	3401      	adds	r4, #1
2000414c:	3215      	adds	r2, #21
2000414e:	2a20      	cmp	r2, #32
20004150:	da05      	bge.n	2000415e <__wrap___aeabi_d2iz+0x3a>
20004152:	40d0      	lsrs	r0, r2
20004154:	4308      	orrs	r0, r1
20004156:	4360      	muls	r0, r4
20004158:	bd10      	pop	{r4, pc}
2000415a:	2000      	movs	r0, #0
2000415c:	bd10      	pop	{r4, pc}
2000415e:	4608      	mov	r0, r1
20004160:	4360      	muls	r0, r4
20004162:	bd10      	pop	{r4, pc}
20004164:	0fc8      	lsrs	r0, r1, #31
20004166:	18c0      	adds	r0, r0, r3
20004168:	3801      	subs	r0, #1
2000416a:	bd10      	pop	{r4, pc}

2000416c <__wrap___aeabi_d2uiz>:
2000416c:	b418      	push	{r3, r4}
2000416e:	4b04      	ldr	r3, [pc, #16]	; (20004180 <__wrap___aeabi_d2uiz+0x14>)
20004170:	6a5b      	ldr	r3, [r3, #36]	; 0x24
20004172:	46fc      	mov	ip, pc
20004174:	9301      	str	r3, [sp, #4]
20004176:	bd08      	pop	{r3, pc}
20004178:	46f9df24 	.word	0x46f9df24
2000417c:	00002000 	.word	0x00002000
20004180:	20006ba4 	.word	0x20006ba4

20004184 <__aeabi_double_init>:
20004184:	b570      	push	{r4, r5, r6, lr}
20004186:	2313      	movs	r3, #19
20004188:	781c      	ldrb	r4, [r3, #0]
2000418a:	2c01      	cmp	r4, #1
2000418c:	d014      	beq.n	200041b8 <__aeabi_double_init+0x34>
2000418e:	2c01      	cmp	r4, #1
20004190:	dc14      	bgt.n	200041bc <__aeabi_double_init+0x38>
20004192:	2c02      	cmp	r4, #2
20004194:	dc02      	bgt.n	2000419c <__aeabi_double_init+0x18>
20004196:	4a1f      	ldr	r2, [pc, #124]	; (20004214 <__aeabi_double_init+0x90>)
20004198:	4b1f      	ldr	r3, [pc, #124]	; (20004218 <__aeabi_double_init+0x94>)
2000419a:	649a      	str	r2, [r3, #72]	; 0x48
2000419c:	481f      	ldr	r0, [pc, #124]	; (2000421c <__aeabi_double_init+0x98>)
2000419e:	f7ff fc79 	bl	20003a94 <rom_func_lookup>
200041a2:	4b1f      	ldr	r3, [pc, #124]	; (20004220 <__aeabi_double_init+0x9c>)
200041a4:	6018      	str	r0, [r3, #0]
200041a6:	bd70      	pop	{r4, r5, r6, pc}
200041a8:	0099      	lsls	r1, r3, #2
200041aa:	481a      	ldr	r0, [pc, #104]	; (20004214 <__aeabi_double_init+0x90>)
200041ac:	4a1a      	ldr	r2, [pc, #104]	; (20004218 <__aeabi_double_init+0x94>)
200041ae:	5088      	str	r0, [r1, r2]
200041b0:	3301      	adds	r3, #1
200041b2:	2b1f      	cmp	r3, #31
200041b4:	d9f8      	bls.n	200041a8 <__aeabi_double_init+0x24>
200041b6:	e7ea      	b.n	2000418e <__aeabi_double_init+0xa>
200041b8:	2300      	movs	r3, #0
200041ba:	e7fa      	b.n	200041b2 <__aeabi_double_init+0x2e>
200041bc:	4819      	ldr	r0, [pc, #100]	; (20004224 <__aeabi_double_init+0xa0>)
200041be:	f7ff fc71 	bl	20003aa4 <rom_data_lookup>
200041c2:	0005      	movs	r5, r0
200041c4:	4818      	ldr	r0, [pc, #96]	; (20004228 <__aeabi_double_init+0xa4>)
200041c6:	f7ff fc6d 	bl	20003aa4 <rom_data_lookup>
200041ca:	3802      	subs	r0, #2
200041cc:	7803      	ldrb	r3, [r0, #0]
200041ce:	009b      	lsls	r3, r3, #2
200041d0:	2b7f      	cmp	r3, #127	; 0x7f
200041d2:	dd19      	ble.n	20004208 <__aeabi_double_init+0x84>
200041d4:	2280      	movs	r2, #128	; 0x80
200041d6:	0029      	movs	r1, r5
200041d8:	480f      	ldr	r0, [pc, #60]	; (20004218 <__aeabi_double_init+0x94>)
200041da:	f000 fbab 	bl	20004934 <__wrap___aeabi_memcpy>
200041de:	2c02      	cmp	r4, #2
200041e0:	d1d7      	bne.n	20004192 <__aeabi_double_init+0xe>
200041e2:	4b12      	ldr	r3, [pc, #72]	; (2000422c <__aeabi_double_init+0xa8>)
200041e4:	881a      	ldrh	r2, [r3, #0]
200041e6:	23b5      	movs	r3, #181	; 0xb5
200041e8:	021b      	lsls	r3, r3, #8
200041ea:	429a      	cmp	r2, r3
200041ec:	d109      	bne.n	20004202 <__aeabi_double_init+0x7e>
200041ee:	4b10      	ldr	r3, [pc, #64]	; (20004230 <__aeabi_double_init+0xac>)
200041f0:	881a      	ldrh	r2, [r3, #0]
200041f2:	4b10      	ldr	r3, [pc, #64]	; (20004234 <__aeabi_double_init+0xb0>)
200041f4:	429a      	cmp	r2, r3
200041f6:	d104      	bne.n	20004202 <__aeabi_double_init+0x7e>
200041f8:	4b0f      	ldr	r3, [pc, #60]	; (20004238 <__aeabi_double_init+0xb4>)
200041fa:	881a      	ldrh	r2, [r3, #0]
200041fc:	4b0f      	ldr	r3, [pc, #60]	; (2000423c <__aeabi_double_init+0xb8>)
200041fe:	429a      	cmp	r2, r3
20004200:	d0c7      	beq.n	20004192 <__aeabi_double_init+0xe>
20004202:	2000      	movs	r0, #0
20004204:	f7fe fb86 	bl	20002914 <panic>
20004208:	4b0d      	ldr	r3, [pc, #52]	; (20004240 <__aeabi_double_init+0xbc>)
2000420a:	4a0e      	ldr	r2, [pc, #56]	; (20004244 <__aeabi_double_init+0xc0>)
2000420c:	2132      	movs	r1, #50	; 0x32
2000420e:	480e      	ldr	r0, [pc, #56]	; (20004248 <__aeabi_double_init+0xc4>)
20004210:	f7fe fae6 	bl	200027e0 <__assert_func>
20004214:	2000424d 	.word	0x2000424d
20004218:	20006ba4 	.word	0x20006ba4
2000421c:	0000334c 	.word	0x0000334c
20004220:	20006ca4 	.word	0x20006ca4
20004224:	00004453 	.word	0x00004453
20004228:	00004653 	.word	0x00004653
2000422c:	00003854 	.word	0x00003854
20004230:	000038d8 	.word	0x000038d8
20004234:	00004649 	.word	0x00004649
20004238:	0000389c 	.word	0x0000389c
2000423c:	00004659 	.word	0x00004659
20004240:	20006368 	.word	0x20006368
20004244:	20006400 	.word	0x20006400
20004248:	200063bc 	.word	0x200063bc

2000424c <double_table_shim_on_use_helper>:
2000424c:	b507      	push	{r0, r1, r2, lr}
2000424e:	4660      	mov	r0, ip
20004250:	2800      	cmp	r0, #0
20004252:	d100      	bne.n	20004256 <double_table_shim_on_use_helper+0xa>
20004254:	be00      	bkpt	0x0000
20004256:	8801      	ldrh	r1, [r0, #0]
20004258:	0a0a      	lsrs	r2, r1, #8
2000425a:	3002      	adds	r0, #2
2000425c:	2adf      	cmp	r2, #223	; 0xdf
2000425e:	d1fa      	bne.n	20004256 <double_table_shim_on_use_helper+0xa>
20004260:	b2c9      	uxtb	r1, r1
20004262:	0882      	lsrs	r2, r0, #2
20004264:	d304      	bcc.n	20004270 <double_table_shim_on_use_helper+0x24>
20004266:	8802      	ldrh	r2, [r0, #0]
20004268:	8840      	ldrh	r0, [r0, #2]
2000426a:	0400      	lsls	r0, r0, #16
2000426c:	4310      	orrs	r0, r2
2000426e:	e000      	b.n	20004272 <double_table_shim_on_use_helper+0x26>
20004270:	6800      	ldr	r0, [r0, #0]
20004272:	4a02      	ldr	r2, [pc, #8]	; (2000427c <double_table_shim_on_use_helper+0x30>)
20004274:	5050      	str	r0, [r2, r1]
20004276:	9003      	str	r0, [sp, #12]
20004278:	bd07      	pop	{r0, r1, r2, pc}
2000427a:	0000      	.short	0x0000
2000427c:	20006ba4 	.word	0x20006ba4

20004280 <drsub_shim>:
20004280:	b40f      	push	{r0, r1, r2, r3}
20004282:	bc03      	pop	{r0, r1}
20004284:	bc0c      	pop	{r2, r3}

20004286 <dsub_shim>:
20004286:	b5f0      	push	{r4, r5, r6, r7, lr}
20004288:	2401      	movs	r4, #1
2000428a:	07e4      	lsls	r4, r4, #31
2000428c:	4063      	eors	r3, r4
2000428e:	e000      	b.n	20004292 <da_entry>

20004290 <dadd_shim>:
20004290:	b5f0      	push	{r4, r5, r6, r7, lr}

20004292 <da_entry>:
20004292:	0d0c      	lsrs	r4, r1, #20
20004294:	0fcf      	lsrs	r7, r1, #31
20004296:	1e66      	subs	r6, r4, #1
20004298:	0536      	lsls	r6, r6, #20
2000429a:	1b89      	subs	r1, r1, r6
2000429c:	0564      	lsls	r4, r4, #21
2000429e:	d303      	bcc.n	200042a8 <l8_1>
200042a0:	43c9      	mvns	r1, r1
200042a2:	4240      	negs	r0, r0
200042a4:	d300      	bcc.n	200042a8 <l8_1>
200042a6:	3101      	adds	r1, #1

200042a8 <l8_1>:
200042a8:	0d64      	lsrs	r4, r4, #21
200042aa:	d003      	beq.n	200042b4 <l8_2>
200042ac:	1c66      	adds	r6, r4, #1
200042ae:	0af6      	lsrs	r6, r6, #11
200042b0:	d007      	beq.n	200042c2 <l8_3>
200042b2:	1be4      	subs	r4, r4, r7

200042b4 <l8_2>:
200042b4:	2000      	movs	r0, #0
200042b6:	007f      	lsls	r7, r7, #1
200042b8:	1c79      	adds	r1, r7, #1
200042ba:	0789      	lsls	r1, r1, #30
200042bc:	1289      	asrs	r1, r1, #10
200042be:	3c80      	subs	r4, #128	; 0x80
200042c0:	0324      	lsls	r4, r4, #12

200042c2 <l8_3>:
200042c2:	0d1d      	lsrs	r5, r3, #20
200042c4:	0fdf      	lsrs	r7, r3, #31
200042c6:	1e6e      	subs	r6, r5, #1
200042c8:	0536      	lsls	r6, r6, #20
200042ca:	1b9b      	subs	r3, r3, r6
200042cc:	056d      	lsls	r5, r5, #21
200042ce:	d303      	bcc.n	200042d8 <l9_1>
200042d0:	43db      	mvns	r3, r3
200042d2:	4252      	negs	r2, r2
200042d4:	d300      	bcc.n	200042d8 <l9_1>
200042d6:	3301      	adds	r3, #1

200042d8 <l9_1>:
200042d8:	0d6d      	lsrs	r5, r5, #21
200042da:	d003      	beq.n	200042e4 <l9_2>
200042dc:	1c6e      	adds	r6, r5, #1
200042de:	0af6      	lsrs	r6, r6, #11
200042e0:	d007      	beq.n	200042f2 <l9_3>
200042e2:	1bed      	subs	r5, r5, r7

200042e4 <l9_2>:
200042e4:	2200      	movs	r2, #0
200042e6:	007f      	lsls	r7, r7, #1
200042e8:	1c7b      	adds	r3, r7, #1
200042ea:	079b      	lsls	r3, r3, #30
200042ec:	129b      	asrs	r3, r3, #10
200042ee:	3d80      	subs	r5, #128	; 0x80
200042f0:	032d      	lsls	r5, r5, #12

200042f2 <l9_3>:
200042f2:	1b2f      	subs	r7, r5, r4
200042f4:	1b66      	subs	r6, r4, r5
200042f6:	d458      	bmi.n	200043aa <da_ygtx>
200042f8:	46a4      	mov	ip, r4
200042fa:	2e20      	cmp	r6, #32
200042fc:	da46      	bge.n	2000438c <da_xrgty>
200042fe:	3720      	adds	r7, #32
20004300:	0014      	movs	r4, r2
20004302:	40bc      	lsls	r4, r7

20004304 <da_xgty0>:
20004304:	001d      	movs	r5, r3
20004306:	40bd      	lsls	r5, r7
20004308:	40f2      	lsrs	r2, r6
2000430a:	4133      	asrs	r3, r6
2000430c:	432a      	orrs	r2, r5

2000430e <da_add>:
2000430e:	1880      	adds	r0, r0, r2
20004310:	4159      	adcs	r1, r3

20004312 <da_pack>:
20004312:	0fcb      	lsrs	r3, r1, #31
20004314:	d005      	beq.n	20004322 <da_pack+0x10>
20004316:	43c9      	mvns	r1, r1
20004318:	43c0      	mvns	r0, r0
2000431a:	2200      	movs	r2, #0
2000431c:	4264      	negs	r4, r4
2000431e:	4150      	adcs	r0, r2
20004320:	4151      	adcs	r1, r2
20004322:	4662      	mov	r2, ip
20004324:	0d4d      	lsrs	r5, r1, #21
20004326:	d128      	bne.n	2000437a <da_0>
20004328:	0d0d      	lsrs	r5, r1, #20
2000432a:	d107      	bne.n	2000433c <da_1>
2000432c:	2800      	cmp	r0, #0
2000432e:	d01f      	beq.n	20004370 <da_5>

20004330 <da_2>:
20004330:	1924      	adds	r4, r4, r4
20004332:	4140      	adcs	r0, r0
20004334:	4149      	adcs	r1, r1
20004336:	3a01      	subs	r2, #1
20004338:	0d0d      	lsrs	r5, r1, #20
2000433a:	d0f9      	beq.n	20004330 <da_2>

2000433c <da_1>:
2000433c:	0064      	lsls	r4, r4, #1
2000433e:	d306      	bcc.n	2000434e <da_3>

20004340 <da_4>:
20004340:	3001      	adds	r0, #1
20004342:	d300      	bcc.n	20004346 <da_4+0x6>
20004344:	3101      	adds	r1, #1
20004346:	2c00      	cmp	r4, #0
20004348:	d101      	bne.n	2000434e <da_3>
2000434a:	0840      	lsrs	r0, r0, #1
2000434c:	0040      	lsls	r0, r0, #1

2000434e <da_3>:
2000434e:	3a01      	subs	r2, #1
20004350:	d40b      	bmi.n	2000436a <da_6>
20004352:	1c94      	adds	r4, r2, #2
20004354:	0ae4      	lsrs	r4, r4, #11
20004356:	d104      	bne.n	20004362 <da_7>
20004358:	0512      	lsls	r2, r2, #20
2000435a:	4411      	add	r1, r2
2000435c:	07db      	lsls	r3, r3, #31
2000435e:	4419      	add	r1, r3
20004360:	bdf0      	pop	{r4, r5, r6, r7, pc}

20004362 <da_7>:
20004362:	07d9      	lsls	r1, r3, #31
20004364:	4b20      	ldr	r3, [pc, #128]	; (200043e8 <da_xmgty+0x4>)
20004366:	4319      	orrs	r1, r3
20004368:	e000      	b.n	2000436c <da_6+0x2>

2000436a <da_6>:
2000436a:	07d9      	lsls	r1, r3, #31
2000436c:	2000      	movs	r0, #0
2000436e:	bdf0      	pop	{r4, r5, r6, r7, pc}

20004370 <da_5>:
20004370:	2900      	cmp	r1, #0
20004372:	d1dd      	bne.n	20004330 <da_2>
20004374:	2c00      	cmp	r4, #0
20004376:	d1db      	bne.n	20004330 <da_2>
20004378:	bdf0      	pop	{r4, r5, r6, r7, pc}

2000437a <da_0>:
2000437a:	3201      	adds	r2, #1
2000437c:	07c6      	lsls	r6, r0, #31
2000437e:	0840      	lsrs	r0, r0, #1
20004380:	07cd      	lsls	r5, r1, #31
20004382:	4328      	orrs	r0, r5
20004384:	0849      	lsrs	r1, r1, #1
20004386:	2e00      	cmp	r6, #0
20004388:	d0e1      	beq.n	2000434e <da_3>
2000438a:	e7d9      	b.n	20004340 <da_4>

2000438c <da_xrgty>:
2000438c:	2e3c      	cmp	r6, #60	; 0x3c
2000438e:	da29      	bge.n	200043e4 <da_xmgty>
20004390:	3e20      	subs	r6, #32
20004392:	3740      	adds	r7, #64	; 0x40
20004394:	0014      	movs	r4, r2
20004396:	40bc      	lsls	r4, r7
20004398:	d000      	beq.n	2000439c <da_xrgty+0x10>
2000439a:	2401      	movs	r4, #1
2000439c:	40f2      	lsrs	r2, r6
2000439e:	4314      	orrs	r4, r2
200043a0:	001a      	movs	r2, r3
200043a2:	40bb      	lsls	r3, r7
200043a4:	431c      	orrs	r4, r3
200043a6:	17d3      	asrs	r3, r2, #31
200043a8:	e7ac      	b.n	20004304 <da_xgty0>

200043aa <da_ygtx>:
200043aa:	46ac      	mov	ip, r5
200043ac:	2f20      	cmp	r7, #32
200043ae:	da08      	bge.n	200043c2 <da_yrgtx>
200043b0:	3620      	adds	r6, #32
200043b2:	0004      	movs	r4, r0
200043b4:	40b4      	lsls	r4, r6

200043b6 <da_ygtx0>:
200043b6:	000d      	movs	r5, r1
200043b8:	40b5      	lsls	r5, r6
200043ba:	40f8      	lsrs	r0, r7
200043bc:	4139      	asrs	r1, r7
200043be:	4328      	orrs	r0, r5
200043c0:	e7a5      	b.n	2000430e <da_add>

200043c2 <da_yrgtx>:
200043c2:	2f3c      	cmp	r7, #60	; 0x3c
200043c4:	da0c      	bge.n	200043e0 <da_ymgtx>
200043c6:	3f20      	subs	r7, #32
200043c8:	3640      	adds	r6, #64	; 0x40
200043ca:	0004      	movs	r4, r0
200043cc:	40b4      	lsls	r4, r6
200043ce:	d000      	beq.n	200043d2 <da_yrgtx+0x10>
200043d0:	2401      	movs	r4, #1
200043d2:	40f8      	lsrs	r0, r7
200043d4:	4304      	orrs	r4, r0
200043d6:	0008      	movs	r0, r1
200043d8:	40b1      	lsls	r1, r6
200043da:	430c      	orrs	r4, r1
200043dc:	17c1      	asrs	r1, r0, #31
200043de:	e7ea      	b.n	200043b6 <da_ygtx0>

200043e0 <da_ymgtx>:
200043e0:	0010      	movs	r0, r2
200043e2:	0019      	movs	r1, r3

200043e4 <da_xmgty>:
200043e4:	2400      	movs	r4, #0
200043e6:	e794      	b.n	20004312 <da_pack>
200043e8:	7ff00000 	.word	0x7ff00000

200043ec <dmul_shim>:
200043ec:	b5f0      	push	{r4, r5, r6, r7, lr}
200043ee:	0d0c      	lsrs	r4, r1, #20
200043f0:	1e66      	subs	r6, r4, #1
200043f2:	0536      	lsls	r6, r6, #20
200043f4:	1b89      	subs	r1, r1, r6
200043f6:	0ae6      	lsrs	r6, r4, #11
200043f8:	0564      	lsls	r4, r4, #21
200043fa:	0d64      	lsrs	r4, r4, #21
200043fc:	d002      	beq.n	20004404 <l12_1>
200043fe:	1c65      	adds	r5, r4, #1
20004400:	0aed      	lsrs	r5, r5, #11
20004402:	d004      	beq.n	2000440e <l12_2>

20004404 <l12_1>:
20004404:	2000      	movs	r0, #0
20004406:	2101      	movs	r1, #1
20004408:	0509      	lsls	r1, r1, #20
2000440a:	3c80      	subs	r4, #128	; 0x80
2000440c:	0324      	lsls	r4, r4, #12

2000440e <l12_2>:
2000440e:	46a4      	mov	ip, r4
20004410:	0d1c      	lsrs	r4, r3, #20
20004412:	1e67      	subs	r7, r4, #1
20004414:	053f      	lsls	r7, r7, #20
20004416:	1bdb      	subs	r3, r3, r7
20004418:	0ae7      	lsrs	r7, r4, #11
2000441a:	0564      	lsls	r4, r4, #21
2000441c:	0d64      	lsrs	r4, r4, #21
2000441e:	d002      	beq.n	20004426 <l13_1>
20004420:	1c65      	adds	r5, r4, #1
20004422:	0aed      	lsrs	r5, r5, #11
20004424:	d004      	beq.n	20004430 <l13_2>

20004426 <l13_1>:
20004426:	2200      	movs	r2, #0
20004428:	2301      	movs	r3, #1
2000442a:	051b      	lsls	r3, r3, #20
2000442c:	3c80      	subs	r4, #128	; 0x80
2000442e:	0324      	lsls	r4, r4, #12

20004430 <l13_2>:
20004430:	4077      	eors	r7, r6
20004432:	4464      	add	r4, ip
20004434:	b497      	push	{r0, r1, r2, r4, r7}
20004436:	b284      	uxth	r4, r0
20004438:	b296      	uxth	r6, r2
2000443a:	4374      	muls	r4, r6
2000443c:	0c07      	lsrs	r7, r0, #16
2000443e:	437e      	muls	r6, r7
20004440:	0c15      	lsrs	r5, r2, #16
20004442:	436f      	muls	r7, r5
20004444:	b280      	uxth	r0, r0
20004446:	4368      	muls	r0, r5
20004448:	1836      	adds	r6, r6, r0
2000444a:	d302      	bcc.n	20004452 <l14_1>
2000444c:	2001      	movs	r0, #1
2000444e:	0400      	lsls	r0, r0, #16
20004450:	183f      	adds	r7, r7, r0

20004452 <l14_1>:
20004452:	0430      	lsls	r0, r6, #16
20004454:	0c35      	lsrs	r5, r6, #16
20004456:	1900      	adds	r0, r0, r4
20004458:	417d      	adcs	r5, r7
2000445a:	4684      	mov	ip, r0
2000445c:	b288      	uxth	r0, r1
2000445e:	b29a      	uxth	r2, r3
20004460:	4350      	muls	r0, r2
20004462:	0c0c      	lsrs	r4, r1, #16
20004464:	4362      	muls	r2, r4
20004466:	0c1f      	lsrs	r7, r3, #16
20004468:	437c      	muls	r4, r7
2000446a:	b28e      	uxth	r6, r1
2000446c:	437e      	muls	r6, r7
2000446e:	1992      	adds	r2, r2, r6
20004470:	d302      	bcc.n	20004478 <l15_1>
20004472:	2601      	movs	r6, #1
20004474:	0436      	lsls	r6, r6, #16
20004476:	19a4      	adds	r4, r4, r6

20004478 <l15_1>:
20004478:	0416      	lsls	r6, r2, #16
2000447a:	0c17      	lsrs	r7, r2, #16
2000447c:	1836      	adds	r6, r6, r0
2000447e:	4167      	adcs	r7, r4
20004480:	bc01      	pop	{r0}
20004482:	b281      	uxth	r1, r0
20004484:	b29a      	uxth	r2, r3
20004486:	4351      	muls	r1, r2
20004488:	0c04      	lsrs	r4, r0, #16
2000448a:	4362      	muls	r2, r4
2000448c:	0c1b      	lsrs	r3, r3, #16
2000448e:	435c      	muls	r4, r3
20004490:	b280      	uxth	r0, r0
20004492:	4358      	muls	r0, r3
20004494:	1812      	adds	r2, r2, r0
20004496:	d302      	bcc.n	2000449e <l16_1>
20004498:	2001      	movs	r0, #1
2000449a:	0400      	lsls	r0, r0, #16
2000449c:	1824      	adds	r4, r4, r0

2000449e <l16_1>:
2000449e:	0410      	lsls	r0, r2, #16
200044a0:	0c13      	lsrs	r3, r2, #16
200044a2:	1840      	adds	r0, r0, r1
200044a4:	4163      	adcs	r3, r4
200044a6:	182d      	adds	r5, r5, r0
200044a8:	415e      	adcs	r6, r3
200044aa:	2000      	movs	r0, #0
200044ac:	4147      	adcs	r7, r0
200044ae:	bc06      	pop	{r1, r2}
200044b0:	b288      	uxth	r0, r1
200044b2:	b293      	uxth	r3, r2
200044b4:	4358      	muls	r0, r3
200044b6:	0c0c      	lsrs	r4, r1, #16
200044b8:	4363      	muls	r3, r4
200044ba:	0c12      	lsrs	r2, r2, #16
200044bc:	4354      	muls	r4, r2
200044be:	b289      	uxth	r1, r1
200044c0:	4351      	muls	r1, r2
200044c2:	185b      	adds	r3, r3, r1
200044c4:	d302      	bcc.n	200044cc <l17_1>
200044c6:	2101      	movs	r1, #1
200044c8:	0409      	lsls	r1, r1, #16
200044ca:	1864      	adds	r4, r4, r1

200044cc <l17_1>:
200044cc:	0419      	lsls	r1, r3, #16
200044ce:	0c1a      	lsrs	r2, r3, #16
200044d0:	1809      	adds	r1, r1, r0
200044d2:	4162      	adcs	r2, r4
200044d4:	186d      	adds	r5, r5, r1
200044d6:	4156      	adcs	r6, r2
200044d8:	2000      	movs	r0, #0
200044da:	4147      	adcs	r7, r0
200044dc:	bc18      	pop	{r3, r4}
200044de:	02f9      	lsls	r1, r7, #11
200044e0:	0d72      	lsrs	r2, r6, #21
200044e2:	4311      	orrs	r1, r2
200044e4:	02f0      	lsls	r0, r6, #11
200044e6:	0d6a      	lsrs	r2, r5, #21
200044e8:	4310      	orrs	r0, r2
200044ea:	02ed      	lsls	r5, r5, #11
200044ec:	0d0a      	lsrs	r2, r1, #20
200044ee:	d103      	bne.n	200044f8 <l17_1+0x2c>
200044f0:	196d      	adds	r5, r5, r5
200044f2:	4140      	adcs	r0, r0
200044f4:	4149      	adcs	r1, r1
200044f6:	3b01      	subs	r3, #1
200044f8:	4e12      	ldr	r6, [pc, #72]	; (20004544 <dm_1+0xa>)
200044fa:	1b9b      	subs	r3, r3, r6
200044fc:	0076      	lsls	r6, r6, #1
200044fe:	42b3      	cmp	r3, r6
20004500:	d20e      	bcs.n	20004520 <dm_0>
20004502:	006d      	lsls	r5, r5, #1
20004504:	d307      	bcc.n	20004516 <l17_1+0x4a>
20004506:	3001      	adds	r0, #1
20004508:	2600      	movs	r6, #0
2000450a:	4171      	adcs	r1, r6
2000450c:	4666      	mov	r6, ip
2000450e:	4335      	orrs	r5, r6
20004510:	d101      	bne.n	20004516 <l17_1+0x4a>
20004512:	0840      	lsrs	r0, r0, #1
20004514:	0040      	lsls	r0, r0, #1
20004516:	051b      	lsls	r3, r3, #20
20004518:	18c9      	adds	r1, r1, r3

2000451a <dm_2>:
2000451a:	07e4      	lsls	r4, r4, #31
2000451c:	4421      	add	r1, r4
2000451e:	bdf0      	pop	{r4, r5, r6, r7, pc}

20004520 <dm_0>:
20004520:	da0b      	bge.n	2000453a <dm_1>
20004522:	3301      	adds	r3, #1
20004524:	d106      	bne.n	20004534 <dm_0+0x14>
20004526:	3001      	adds	r0, #1
20004528:	d104      	bne.n	20004534 <dm_0+0x14>
2000452a:	3101      	adds	r1, #1
2000452c:	0d4f      	lsrs	r7, r1, #21
2000452e:	d001      	beq.n	20004534 <dm_0+0x14>
20004530:	0849      	lsrs	r1, r1, #1
20004532:	e7f2      	b.n	2000451a <dm_2>
20004534:	07e1      	lsls	r1, r4, #31
20004536:	2000      	movs	r0, #0
20004538:	bdf0      	pop	{r4, r5, r6, r7, pc}

2000453a <dm_1>:
2000453a:	3601      	adds	r6, #1
2000453c:	0531      	lsls	r1, r6, #20
2000453e:	2000      	movs	r0, #0
20004540:	e7eb      	b.n	2000451a <dm_2>
20004542:	0000      	.short	0x0000
20004544:	000003ff 	.word	0x000003ff

20004548 <ddiv_shim>:
20004548:	b5f0      	push	{r4, r5, r6, r7, lr}

2000454a <ddiv0>:
2000454a:	0d1c      	lsrs	r4, r3, #20
2000454c:	1e67      	subs	r7, r4, #1
2000454e:	053f      	lsls	r7, r7, #20
20004550:	1bdb      	subs	r3, r3, r7
20004552:	0ae7      	lsrs	r7, r4, #11
20004554:	0564      	lsls	r4, r4, #21
20004556:	0d64      	lsrs	r4, r4, #21
20004558:	d002      	beq.n	20004560 <l20_1>
2000455a:	1c66      	adds	r6, r4, #1
2000455c:	0af6      	lsrs	r6, r6, #11
2000455e:	d004      	beq.n	2000456a <l20_2>

20004560 <l20_1>:
20004560:	2200      	movs	r2, #0
20004562:	2301      	movs	r3, #1
20004564:	051b      	lsls	r3, r3, #20
20004566:	3c80      	subs	r4, #128	; 0x80
20004568:	0324      	lsls	r4, r4, #12

2000456a <l20_2>:
2000456a:	25d0      	movs	r5, #208	; 0xd0
2000456c:	062d      	lsls	r5, r5, #24
2000456e:	2600      	movs	r6, #0
20004570:	43f6      	mvns	r6, r6
20004572:	662e      	str	r6, [r5, #96]	; 0x60
20004574:	091e      	lsrs	r6, r3, #4
20004576:	666e      	str	r6, [r5, #100]	; 0x64
20004578:	0fce      	lsrs	r6, r1, #31
2000457a:	19f6      	adds	r6, r6, r7
2000457c:	46b4      	mov	ip, r6
2000457e:	0049      	lsls	r1, r1, #1
20004580:	0d4f      	lsrs	r7, r1, #21
20004582:	d002      	beq.n	2000458a <l20_2+0x20>
20004584:	1c7e      	adds	r6, r7, #1
20004586:	0af6      	lsrs	r6, r6, #11
20004588:	d003      	beq.n	20004592 <l20_2+0x28>
2000458a:	2000      	movs	r0, #0
2000458c:	2100      	movs	r1, #0
2000458e:	3f40      	subs	r7, #64	; 0x40
20004590:	033f      	lsls	r7, r7, #12
20004592:	1b3e      	subs	r6, r7, r4
20004594:	00b6      	lsls	r6, r6, #2
20004596:	44b4      	add	ip, r6
20004598:	3f01      	subs	r7, #1
2000459a:	057f      	lsls	r7, r7, #21
2000459c:	1bc9      	subs	r1, r1, r7
2000459e:	0849      	lsrs	r1, r1, #1
200045a0:	6f2e      	ldr	r6, [r5, #112]	; 0x70
200045a2:	3601      	adds	r6, #1
200045a4:	0876      	lsrs	r6, r6, #1
200045a6:	029c      	lsls	r4, r3, #10
200045a8:	0d95      	lsrs	r5, r2, #22
200045aa:	4325      	orrs	r5, r4
200045ac:	4375      	muls	r5, r6
200045ae:	13ed      	asrs	r5, r5, #15
200045b0:	4375      	muls	r5, r6
200045b2:	13ad      	asrs	r5, r5, #14
200045b4:	3501      	adds	r5, #1
200045b6:	106d      	asrs	r5, r5, #1
200045b8:	03f6      	lsls	r6, r6, #15
200045ba:	1b76      	subs	r6, r6, r5
200045bc:	b40c      	push	{r2, r3}
200045be:	02cc      	lsls	r4, r1, #11
200045c0:	0d45      	lsrs	r5, r0, #21
200045c2:	432c      	orrs	r4, r5
200045c4:	b2a2      	uxth	r2, r4
200045c6:	b2b3      	uxth	r3, r6
200045c8:	435a      	muls	r2, r3
200045ca:	0c27      	lsrs	r7, r4, #16
200045cc:	437b      	muls	r3, r7
200045ce:	0c35      	lsrs	r5, r6, #16
200045d0:	436f      	muls	r7, r5
200045d2:	b2a4      	uxth	r4, r4
200045d4:	436c      	muls	r4, r5
200045d6:	191b      	adds	r3, r3, r4
200045d8:	d302      	bcc.n	200045e0 <l21_1>
200045da:	2401      	movs	r4, #1
200045dc:	0424      	lsls	r4, r4, #16
200045de:	193f      	adds	r7, r7, r4

200045e0 <l21_1>:
200045e0:	041c      	lsls	r4, r3, #16
200045e2:	0c1d      	lsrs	r5, r3, #16
200045e4:	18a4      	adds	r4, r4, r2
200045e6:	417d      	adcs	r5, r7
200045e8:	1924      	adds	r4, r4, r4
200045ea:	416d      	adcs	r5, r5
200045ec:	9a00      	ldr	r2, [sp, #0]
200045ee:	b291      	uxth	r1, r2
200045f0:	b2ac      	uxth	r4, r5
200045f2:	4361      	muls	r1, r4
200045f4:	0c17      	lsrs	r7, r2, #16
200045f6:	437c      	muls	r4, r7
200045f8:	0c2b      	lsrs	r3, r5, #16
200045fa:	435f      	muls	r7, r3
200045fc:	b292      	uxth	r2, r2
200045fe:	435a      	muls	r2, r3
20004600:	18a4      	adds	r4, r4, r2
20004602:	d302      	bcc.n	2000460a <l22_1>
20004604:	2201      	movs	r2, #1
20004606:	0412      	lsls	r2, r2, #16
20004608:	18bf      	adds	r7, r7, r2

2000460a <l22_1>:
2000460a:	0422      	lsls	r2, r4, #16
2000460c:	0c23      	lsrs	r3, r4, #16
2000460e:	1852      	adds	r2, r2, r1
20004610:	417b      	adcs	r3, r7
20004612:	9c01      	ldr	r4, [sp, #4]
20004614:	436c      	muls	r4, r5
20004616:	191b      	adds	r3, r3, r4
20004618:	0e52      	lsrs	r2, r2, #25
2000461a:	01d9      	lsls	r1, r3, #7
2000461c:	430a      	orrs	r2, r1
2000461e:	0144      	lsls	r4, r0, #5
20004620:	1aa0      	subs	r0, r4, r2
20004622:	b281      	uxth	r1, r0
20004624:	b2b2      	uxth	r2, r6
20004626:	4351      	muls	r1, r2
20004628:	1403      	asrs	r3, r0, #16
2000462a:	435a      	muls	r2, r3
2000462c:	0c36      	lsrs	r6, r6, #16
2000462e:	4373      	muls	r3, r6
20004630:	b287      	uxth	r7, r0
20004632:	4377      	muls	r7, r6
20004634:	17d6      	asrs	r6, r2, #31
20004636:	19d2      	adds	r2, r2, r7
20004638:	2700      	movs	r7, #0
2000463a:	417e      	adcs	r6, r7
2000463c:	0436      	lsls	r6, r6, #16
2000463e:	199b      	adds	r3, r3, r6
20004640:	0417      	lsls	r7, r2, #16
20004642:	0c16      	lsrs	r6, r2, #16
20004644:	187f      	adds	r7, r7, r1
20004646:	415e      	adcs	r6, r3
20004648:	1673      	asrs	r3, r6, #25
2000464a:	18ed      	adds	r5, r5, r3
2000464c:	01f3      	lsls	r3, r6, #7
2000464e:	2600      	movs	r6, #0
20004650:	3380      	adds	r3, #128	; 0x80
20004652:	4175      	adcs	r5, r6
20004654:	0fa9      	lsrs	r1, r5, #30
20004656:	d106      	bne.n	20004666 <dd_0>
20004658:	0064      	lsls	r4, r4, #1
2000465a:	0a69      	lsrs	r1, r5, #9
2000465c:	05e8      	lsls	r0, r5, #23
2000465e:	0a5b      	lsrs	r3, r3, #9
20004660:	4318      	orrs	r0, r3
20004662:	d209      	bcs.n	20004678 <dd_1>
20004664:	e02f      	b.n	200046c6 <dd_2>

20004666 <dd_0>:
20004666:	2204      	movs	r2, #4
20004668:	4494      	add	ip, r2
2000466a:	3380      	adds	r3, #128	; 0x80
2000466c:	4175      	adcs	r5, r6
2000466e:	0aa9      	lsrs	r1, r5, #10
20004670:	05a8      	lsls	r0, r5, #22
20004672:	0a9b      	lsrs	r3, r3, #10
20004674:	4318      	orrs	r0, r3
20004676:	d326      	bcc.n	200046c6 <dd_2>

20004678 <dd_1>:
20004678:	4140      	adcs	r0, r0
2000467a:	4149      	adcs	r1, r1
2000467c:	0424      	lsls	r4, r4, #16
2000467e:	9a00      	ldr	r2, [sp, #0]
20004680:	9b01      	ldr	r3, [sp, #4]
20004682:	000d      	movs	r5, r1
20004684:	4355      	muls	r5, r2
20004686:	1b64      	subs	r4, r4, r5
20004688:	4343      	muls	r3, r0
2000468a:	1ae4      	subs	r4, r4, r3
2000468c:	b295      	uxth	r5, r2
2000468e:	b286      	uxth	r6, r0
20004690:	4375      	muls	r5, r6
20004692:	0c17      	lsrs	r7, r2, #16
20004694:	437e      	muls	r6, r7
20004696:	0c03      	lsrs	r3, r0, #16
20004698:	435f      	muls	r7, r3
2000469a:	b292      	uxth	r2, r2
2000469c:	435a      	muls	r2, r3
2000469e:	18b6      	adds	r6, r6, r2
200046a0:	d302      	bcc.n	200046a8 <l24_1>
200046a2:	2201      	movs	r2, #1
200046a4:	0412      	lsls	r2, r2, #16
200046a6:	18bf      	adds	r7, r7, r2

200046a8 <l24_1>:
200046a8:	0432      	lsls	r2, r6, #16
200046aa:	0c33      	lsrs	r3, r6, #16
200046ac:	1952      	adds	r2, r2, r5
200046ae:	417b      	adcs	r3, r7
200046b0:	4252      	negs	r2, r2
200046b2:	419c      	sbcs	r4, r3
200046b4:	2c00      	cmp	r4, #0
200046b6:	d402      	bmi.n	200046be <l24_1+0x16>
200046b8:	2200      	movs	r2, #0
200046ba:	3001      	adds	r0, #1
200046bc:	4151      	adcs	r1, r2
200046be:	0840      	lsrs	r0, r0, #1
200046c0:	07ca      	lsls	r2, r1, #31
200046c2:	4310      	orrs	r0, r2
200046c4:	0849      	lsrs	r1, r1, #1

200046c6 <dd_2>:
200046c6:	b002      	add	sp, #8
200046c8:	4662      	mov	r2, ip
200046ca:	07d7      	lsls	r7, r2, #31
200046cc:	1092      	asrs	r2, r2, #2
200046ce:	4b08      	ldr	r3, [pc, #32]	; (200046f0 <dd_4+0x6>)
200046d0:	18d2      	adds	r2, r2, r3
200046d2:	4b08      	ldr	r3, [pc, #32]	; (200046f4 <dd_4+0xa>)
200046d4:	429a      	cmp	r2, r3
200046d6:	d203      	bcs.n	200046e0 <dd_3>
200046d8:	0512      	lsls	r2, r2, #20
200046da:	1889      	adds	r1, r1, r2

200046dc <dd_5>:
200046dc:	19c9      	adds	r1, r1, r7
200046de:	bdf0      	pop	{r4, r5, r6, r7, pc}

200046e0 <dd_3>:
200046e0:	2000      	movs	r0, #0
200046e2:	2a00      	cmp	r2, #0
200046e4:	dc01      	bgt.n	200046ea <dd_4>
200046e6:	0039      	movs	r1, r7
200046e8:	bdf0      	pop	{r4, r5, r6, r7, pc}

200046ea <dd_4>:
200046ea:	3301      	adds	r3, #1
200046ec:	0519      	lsls	r1, r3, #20
200046ee:	e7f5      	b.n	200046dc <dd_5>
200046f0:	000003fd 	.word	0x000003fd
200046f4:	000007fe 	.word	0x000007fe

200046f8 <double2uint_shim>:
200046f8:	2200      	movs	r2, #0

200046fa <double2ufix_shim>:
200046fa:	b500      	push	{lr}
200046fc:	3220      	adds	r2, #32
200046fe:	f000 f804 	bl	2000470a <double2ufix64_shim>
20004702:	0008      	movs	r0, r1
20004704:	bd00      	pop	{pc}
	...

20004708 <double2uint64_shim>:
20004708:	2200      	movs	r2, #0

2000470a <double2ufix64_shim>:
2000470a:	150b      	asrs	r3, r1, #20
2000470c:	d40a      	bmi.n	20004724 <ret_dzero>

2000470e <d2fix>:
2000470e:	b510      	push	{r4, lr}
20004710:	4694      	mov	ip, r2
20004712:	f000 f831 	bl	20004778 <dunpacks>
20004716:	1414      	asrs	r4, r2, #16
20004718:	3401      	adds	r4, #1
2000471a:	da00      	bge.n	2000471e <d2fix+0x10>
2000471c:	2100      	movs	r1, #0
2000471e:	17cb      	asrs	r3, r1, #31
20004720:	4c14      	ldr	r4, [pc, #80]	; (20004774 <d2fix_a+0x4a>)
20004722:	4720      	bx	r4

20004724 <ret_dzero>:
20004724:	2000      	movs	r0, #0
20004726:	2100      	movs	r1, #0
20004728:	4770      	bx	lr

2000472a <d2fix_a>:
2000472a:	4462      	add	r2, ip
2000472c:	3a34      	subs	r2, #52	; 0x34
2000472e:	d40c      	bmi.n	2000474a <d2fix_a+0x20>
20004730:	2a0c      	cmp	r2, #12
20004732:	da07      	bge.n	20004744 <d2fix_a+0x1a>
20004734:	0004      	movs	r4, r0
20004736:	4091      	lsls	r1, r2
20004738:	4090      	lsls	r0, r2
2000473a:	4252      	negs	r2, r2
2000473c:	3220      	adds	r2, #32
2000473e:	40d4      	lsrs	r4, r2
20004740:	4321      	orrs	r1, r4
20004742:	bd10      	pop	{r4, pc}
20004744:	43d8      	mvns	r0, r3
20004746:	43d9      	mvns	r1, r3
20004748:	bd10      	pop	{r4, pc}
2000474a:	3220      	adds	r2, #32
2000474c:	d407      	bmi.n	2000475e <d2fix_a+0x34>
2000474e:	460c      	mov	r4, r1
20004750:	4094      	lsls	r4, r2
20004752:	4252      	negs	r2, r2
20004754:	3220      	adds	r2, #32
20004756:	4111      	asrs	r1, r2
20004758:	40d0      	lsrs	r0, r2
2000475a:	4320      	orrs	r0, r4
2000475c:	bd10      	pop	{r4, pc}
2000475e:	0008      	movs	r0, r1
20004760:	17c9      	asrs	r1, r1, #31
20004762:	3220      	adds	r2, #32
20004764:	d403      	bmi.n	2000476e <d2fix_a+0x44>
20004766:	4252      	negs	r2, r2
20004768:	3220      	adds	r2, #32
2000476a:	4110      	asrs	r0, r2
2000476c:	bd10      	pop	{r4, pc}
2000476e:	0018      	movs	r0, r3
20004770:	0019      	movs	r1, r3
20004772:	bd10      	pop	{r4, pc}
20004774:	2000472b 	.word	0x2000472b

20004778 <dunpacks>:
20004778:	0d0a      	lsrs	r2, r1, #20
2000477a:	0fcc      	lsrs	r4, r1, #31
2000477c:	1e53      	subs	r3, r2, #1
2000477e:	051b      	lsls	r3, r3, #20
20004780:	1ac9      	subs	r1, r1, r3
20004782:	0552      	lsls	r2, r2, #21
20004784:	d303      	bcc.n	2000478e <l60_1>
20004786:	43c9      	mvns	r1, r1
20004788:	4240      	negs	r0, r0
2000478a:	d300      	bcc.n	2000478e <l60_1>
2000478c:	3101      	adds	r1, #1

2000478e <l60_1>:
2000478e:	0d52      	lsrs	r2, r2, #21
20004790:	d003      	beq.n	2000479a <l60_2>
20004792:	1c53      	adds	r3, r2, #1
20004794:	0adb      	lsrs	r3, r3, #11
20004796:	d007      	beq.n	200047a8 <l60_3>
20004798:	1b12      	subs	r2, r2, r4

2000479a <l60_2>:
2000479a:	2000      	movs	r0, #0
2000479c:	0064      	lsls	r4, r4, #1
2000479e:	1c61      	adds	r1, r4, #1
200047a0:	0789      	lsls	r1, r1, #30
200047a2:	1289      	asrs	r1, r1, #10
200047a4:	3a80      	subs	r2, #128	; 0x80
200047a6:	0312      	lsls	r2, r2, #12

200047a8 <l60_3>:
200047a8:	4b01      	ldr	r3, [pc, #4]	; (200047b0 <l60_3+0x8>)
200047aa:	1ad2      	subs	r2, r2, r3
200047ac:	4770      	bx	lr
200047ae:	0000      	.short	0x0000
200047b0:	000003ff 	.word	0x000003ff

200047b4 <__wrap___aeabi_lmul>:
200047b4:	4351      	muls	r1, r2
200047b6:	4343      	muls	r3, r0
200047b8:	18c9      	adds	r1, r1, r3
200047ba:	468c      	mov	ip, r1
200047bc:	0c11      	lsrs	r1, r2, #16
200047be:	b283      	uxth	r3, r0
200047c0:	434b      	muls	r3, r1
200047c2:	b410      	push	{r4}
200047c4:	0c04      	lsrs	r4, r0, #16
200047c6:	4361      	muls	r1, r4
200047c8:	b292      	uxth	r2, r2
200047ca:	b280      	uxth	r0, r0
200047cc:	4350      	muls	r0, r2
200047ce:	4362      	muls	r2, r4
200047d0:	041c      	lsls	r4, r3, #16
200047d2:	0c1b      	lsrs	r3, r3, #16
200047d4:	1900      	adds	r0, r0, r4
200047d6:	bc10      	pop	{r4}
200047d8:	4159      	adcs	r1, r3
200047da:	0413      	lsls	r3, r2, #16
200047dc:	0c12      	lsrs	r2, r2, #16
200047de:	18c0      	adds	r0, r0, r3
200047e0:	4151      	adcs	r1, r2
200047e2:	4461      	add	r1, ip
200047e4:	4770      	bx	lr
	...

200047e8 <__aeabi_float_init>:
200047e8:	b570      	push	{r4, r5, r6, lr}
200047ea:	2313      	movs	r3, #19
200047ec:	781d      	ldrb	r5, [r3, #0]
200047ee:	482a      	ldr	r0, [pc, #168]	; (20004898 <__aeabi_float_init+0xb0>)
200047f0:	f7ff f958 	bl	20003aa4 <rom_data_lookup>
200047f4:	0004      	movs	r4, r0
200047f6:	2d01      	cmp	r5, #1
200047f8:	d011      	beq.n	2000481e <__aeabi_float_init+0x36>
200047fa:	2d01      	cmp	r5, #1
200047fc:	dd09      	ble.n	20004812 <__aeabi_float_init+0x2a>
200047fe:	1ea3      	subs	r3, r4, #2
20004800:	781b      	ldrb	r3, [r3, #0]
20004802:	009b      	lsls	r3, r3, #2
20004804:	2b7f      	cmp	r3, #127	; 0x7f
20004806:	dd40      	ble.n	2000488a <__aeabi_float_init+0xa2>
20004808:	2280      	movs	r2, #128	; 0x80
2000480a:	0021      	movs	r1, r4
2000480c:	4823      	ldr	r0, [pc, #140]	; (2000489c <__aeabi_float_init+0xb4>)
2000480e:	f000 f891 	bl	20004934 <__wrap___aeabi_memcpy>
20004812:	4823      	ldr	r0, [pc, #140]	; (200048a0 <__aeabi_float_init+0xb8>)
20004814:	f7ff f93e 	bl	20003a94 <rom_func_lookup>
20004818:	4b22      	ldr	r3, [pc, #136]	; (200048a4 <__aeabi_float_init+0xbc>)
2000481a:	6018      	str	r0, [r3, #0]
2000481c:	bd70      	pop	{r4, r5, r6, pc}
2000481e:	2254      	movs	r2, #84	; 0x54
20004820:	0001      	movs	r1, r0
20004822:	481e      	ldr	r0, [pc, #120]	; (2000489c <__aeabi_float_init+0xb4>)
20004824:	f000 f886 	bl	20004934 <__wrap___aeabi_memcpy>
20004828:	4b1f      	ldr	r3, [pc, #124]	; (200048a8 <__aeabi_float_init+0xc0>)
2000482a:	881a      	ldrh	r2, [r3, #0]
2000482c:	4b1f      	ldr	r3, [pc, #124]	; (200048ac <__aeabi_float_init+0xc4>)
2000482e:	429a      	cmp	r2, r3
20004830:	d11c      	bne.n	2000486c <__aeabi_float_init+0x84>
20004832:	23a7      	movs	r3, #167	; 0xa7
20004834:	019b      	lsls	r3, r3, #6
20004836:	881a      	ldrh	r2, [r3, #0]
20004838:	4b1d      	ldr	r3, [pc, #116]	; (200048b0 <__aeabi_float_init+0xc8>)
2000483a:	429a      	cmp	r2, r3
2000483c:	d116      	bne.n	2000486c <__aeabi_float_init+0x84>
2000483e:	4b1d      	ldr	r3, [pc, #116]	; (200048b4 <__aeabi_float_init+0xcc>)
20004840:	881a      	ldrh	r2, [r3, #0]
20004842:	4b1d      	ldr	r3, [pc, #116]	; (200048b8 <__aeabi_float_init+0xd0>)
20004844:	429a      	cmp	r2, r3
20004846:	d111      	bne.n	2000486c <__aeabi_float_init+0x84>
20004848:	4b1c      	ldr	r3, [pc, #112]	; (200048bc <__aeabi_float_init+0xd4>)
2000484a:	881a      	ldrh	r2, [r3, #0]
2000484c:	2394      	movs	r3, #148	; 0x94
2000484e:	019b      	lsls	r3, r3, #6
20004850:	429a      	cmp	r2, r3
20004852:	d10b      	bne.n	2000486c <__aeabi_float_init+0x84>
20004854:	4b1a      	ldr	r3, [pc, #104]	; (200048c0 <__aeabi_float_init+0xd8>)
20004856:	881a      	ldrh	r2, [r3, #0]
20004858:	4b1a      	ldr	r3, [pc, #104]	; (200048c4 <__aeabi_float_init+0xdc>)
2000485a:	429a      	cmp	r2, r3
2000485c:	d106      	bne.n	2000486c <__aeabi_float_init+0x84>
2000485e:	4b1a      	ldr	r3, [pc, #104]	; (200048c8 <__aeabi_float_init+0xe0>)
20004860:	681a      	ldr	r2, [r3, #0]
20004862:	4b1a      	ldr	r3, [pc, #104]	; (200048cc <__aeabi_float_init+0xe4>)
20004864:	429a      	cmp	r2, r3
20004866:	d101      	bne.n	2000486c <__aeabi_float_init+0x84>
20004868:	2315      	movs	r3, #21
2000486a:	e007      	b.n	2000487c <__aeabi_float_init+0x94>
2000486c:	4818      	ldr	r0, [pc, #96]	; (200048d0 <__aeabi_float_init+0xe8>)
2000486e:	f7fe f851 	bl	20002914 <panic>
20004872:	0099      	lsls	r1, r3, #2
20004874:	4817      	ldr	r0, [pc, #92]	; (200048d4 <__aeabi_float_init+0xec>)
20004876:	4a09      	ldr	r2, [pc, #36]	; (2000489c <__aeabi_float_init+0xb4>)
20004878:	5088      	str	r0, [r1, r2]
2000487a:	3301      	adds	r3, #1
2000487c:	2b1f      	cmp	r3, #31
2000487e:	d9f8      	bls.n	20004872 <__aeabi_float_init+0x8a>
20004880:	4a14      	ldr	r2, [pc, #80]	; (200048d4 <__aeabi_float_init+0xec>)
20004882:	4b06      	ldr	r3, [pc, #24]	; (2000489c <__aeabi_float_init+0xb4>)
20004884:	621a      	str	r2, [r3, #32]
20004886:	61da      	str	r2, [r3, #28]
20004888:	e7b7      	b.n	200047fa <__aeabi_float_init+0x12>
2000488a:	4b13      	ldr	r3, [pc, #76]	; (200048d8 <__aeabi_float_init+0xf0>)
2000488c:	4a13      	ldr	r2, [pc, #76]	; (200048dc <__aeabi_float_init+0xf4>)
2000488e:	2142      	movs	r1, #66	; 0x42
20004890:	4813      	ldr	r0, [pc, #76]	; (200048e0 <__aeabi_float_init+0xf8>)
20004892:	f7fd ffa5 	bl	200027e0 <__assert_func>
20004896:	46c0      	nop			; (mov r8, r8)
20004898:	00004653 	.word	0x00004653
2000489c:	20006ca8 	.word	0x20006ca8
200048a0:	0000334c 	.word	0x0000334c
200048a4:	20006ca4 	.word	0x20006ca4
200048a8:	000029ee 	.word	0x000029ee
200048ac:	00000fc4 	.word	0x00000fc4
200048b0:	00000dc2 	.word	0x00000dc2
200048b4:	00002b96 	.word	0x00002b96
200048b8:	0000b5c0 	.word	0x0000b5c0
200048bc:	00002b18 	.word	0x00002b18
200048c0:	00002acc 	.word	0x00002acc
200048c4:	0000b510 	.word	0x0000b510
200048c8:	00002cfc 	.word	0x00002cfc
200048cc:	6487ed51 	.word	0x6487ed51
200048d0:	20006064 	.word	0x20006064
200048d4:	200048e5 	.word	0x200048e5
200048d8:	20006414 	.word	0x20006414
200048dc:	2000648c 	.word	0x2000648c
200048e0:	20006448 	.word	0x20006448

200048e4 <float_table_shim_on_use_helper>:
200048e4:	b507      	push	{r0, r1, r2, lr}
200048e6:	4660      	mov	r0, ip
200048e8:	2800      	cmp	r0, #0
200048ea:	d100      	bne.n	200048ee <float_table_shim_on_use_helper+0xa>
200048ec:	be00      	bkpt	0x0000
200048ee:	8801      	ldrh	r1, [r0, #0]
200048f0:	0a0a      	lsrs	r2, r1, #8
200048f2:	3002      	adds	r0, #2
200048f4:	2adf      	cmp	r2, #223	; 0xdf
200048f6:	d1fa      	bne.n	200048ee <float_table_shim_on_use_helper+0xa>
200048f8:	b2c9      	uxtb	r1, r1
200048fa:	0882      	lsrs	r2, r0, #2
200048fc:	d304      	bcc.n	20004908 <float_table_shim_on_use_helper+0x24>
200048fe:	8802      	ldrh	r2, [r0, #0]
20004900:	8840      	ldrh	r0, [r0, #2]
20004902:	0400      	lsls	r0, r0, #16
20004904:	4310      	orrs	r0, r2
20004906:	e000      	b.n	2000490a <float_table_shim_on_use_helper+0x26>
20004908:	6800      	ldr	r0, [r0, #0]
2000490a:	4a02      	ldr	r2, [pc, #8]	; (20004914 <float_table_shim_on_use_helper+0x30>)
2000490c:	5050      	str	r0, [r2, r1]
2000490e:	9003      	str	r0, [sp, #12]
20004910:	bd07      	pop	{r0, r1, r2, pc}
20004912:	0000      	.short	0x0000
20004914:	20006ca8 	.word	0x20006ca8

20004918 <__aeabi_mem_init>:
20004918:	4801      	ldr	r0, [pc, #4]	; (20004920 <__aeabi_mem_init+0x8>)
2000491a:	2104      	movs	r1, #4
2000491c:	4b01      	ldr	r3, [pc, #4]	; (20004924 <__aeabi_mem_init+0xc>)
2000491e:	4718      	bx	r3
20004920:	20006820 	.word	0x20006820
20004924:	20003ab5 	.word	0x20003ab5

20004928 <__wrap_memset>:
20004928:	4b01      	ldr	r3, [pc, #4]	; (20004930 <__wrap_memset+0x8>)
2000492a:	681b      	ldr	r3, [r3, #0]
2000492c:	4718      	bx	r3
2000492e:	0000      	.short	0x0000
20004930:	20006820 	.word	0x20006820

20004934 <__wrap___aeabi_memcpy>:
20004934:	4b01      	ldr	r3, [pc, #4]	; (2000493c <__wrap___aeabi_memcpy+0x8>)
20004936:	685b      	ldr	r3, [r3, #4]
20004938:	4718      	bx	r3
2000493a:	0000      	.short	0x0000
2000493c:	20006820 	.word	0x20006820

20004940 <stdio_out_chars_no_crlf>:
20004940:	b510      	push	{r4, lr}
20004942:	0003      	movs	r3, r0
20004944:	0008      	movs	r0, r1
20004946:	0011      	movs	r1, r2
20004948:	681b      	ldr	r3, [r3, #0]
2000494a:	4798      	blx	r3
2000494c:	bd10      	pop	{r4, pc}
	...

20004950 <stdio_out_chars_crlf>:
20004950:	b5f8      	push	{r3, r4, r5, r6, r7, lr}
20004952:	0007      	movs	r7, r0
20004954:	000d      	movs	r5, r1
20004956:	0016      	movs	r6, r2
20004958:	7d43      	ldrb	r3, [r0, #21]
2000495a:	2b00      	cmp	r3, #0
2000495c:	d002      	beq.n	20004964 <stdio_out_chars_crlf+0x14>
2000495e:	2400      	movs	r4, #0
20004960:	2000      	movs	r0, #0
20004962:	e00c      	b.n	2000497e <stdio_out_chars_crlf+0x2e>
20004964:	6803      	ldr	r3, [r0, #0]
20004966:	0011      	movs	r1, r2
20004968:	0028      	movs	r0, r5
2000496a:	4798      	blx	r3
2000496c:	e02d      	b.n	200049ca <stdio_out_chars_crlf+0x7a>
2000496e:	7d3b      	ldrb	r3, [r7, #20]
20004970:	e010      	b.n	20004994 <stdio_out_chars_crlf+0x44>
20004972:	2102      	movs	r1, #2
20004974:	4815      	ldr	r0, [pc, #84]	; (200049cc <stdio_out_chars_crlf+0x7c>)
20004976:	683b      	ldr	r3, [r7, #0]
20004978:	4798      	blx	r3
2000497a:	1c60      	adds	r0, r4, #1
2000497c:	3401      	adds	r4, #1
2000497e:	42b4      	cmp	r4, r6
20004980:	da14      	bge.n	200049ac <stdio_out_chars_crlf+0x5c>
20004982:	2c00      	cmp	r4, #0
20004984:	ddf3      	ble.n	2000496e <stdio_out_chars_crlf+0x1e>
20004986:	192b      	adds	r3, r5, r4
20004988:	3b01      	subs	r3, #1
2000498a:	781b      	ldrb	r3, [r3, #0]
2000498c:	3b0d      	subs	r3, #13
2000498e:	425a      	negs	r2, r3
20004990:	4153      	adcs	r3, r2
20004992:	b2db      	uxtb	r3, r3
20004994:	5d2a      	ldrb	r2, [r5, r4]
20004996:	2a0a      	cmp	r2, #10
20004998:	d1f0      	bne.n	2000497c <stdio_out_chars_crlf+0x2c>
2000499a:	2b00      	cmp	r3, #0
2000499c:	d1ee      	bne.n	2000497c <stdio_out_chars_crlf+0x2c>
2000499e:	42a0      	cmp	r0, r4
200049a0:	dae7      	bge.n	20004972 <stdio_out_chars_crlf+0x22>
200049a2:	1a21      	subs	r1, r4, r0
200049a4:	1828      	adds	r0, r5, r0
200049a6:	683b      	ldr	r3, [r7, #0]
200049a8:	4798      	blx	r3
200049aa:	e7e2      	b.n	20004972 <stdio_out_chars_crlf+0x22>
200049ac:	42b0      	cmp	r0, r6
200049ae:	da03      	bge.n	200049b8 <stdio_out_chars_crlf+0x68>
200049b0:	1a31      	subs	r1, r6, r0
200049b2:	1828      	adds	r0, r5, r0
200049b4:	683b      	ldr	r3, [r7, #0]
200049b6:	4798      	blx	r3
200049b8:	2e00      	cmp	r6, #0
200049ba:	dd06      	ble.n	200049ca <stdio_out_chars_crlf+0x7a>
200049bc:	19ad      	adds	r5, r5, r6
200049be:	3d01      	subs	r5, #1
200049c0:	782b      	ldrb	r3, [r5, #0]
200049c2:	3b0d      	subs	r3, #13
200049c4:	425a      	negs	r2, r3
200049c6:	4153      	adcs	r3, r2
200049c8:	753b      	strb	r3, [r7, #20]
200049ca:	bdf8      	pop	{r3, r4, r5, r6, r7, pc}
200049cc:	20006524 	.word	0x20006524

200049d0 <stdio_stack_buffer_flush>:
200049d0:	b570      	push	{r4, r5, r6, lr}
200049d2:	0005      	movs	r5, r0
200049d4:	6803      	ldr	r3, [r0, #0]
200049d6:	2b00      	cmp	r3, #0
200049d8:	d016      	beq.n	20004a08 <stdio_stack_buffer_flush+0x38>
200049da:	4b0c      	ldr	r3, [pc, #48]	; (20004a0c <stdio_stack_buffer_flush+0x3c>)
200049dc:	681c      	ldr	r4, [r3, #0]
200049de:	e005      	b.n	200049ec <stdio_stack_buffer_flush+0x1c>
200049e0:	0029      	movs	r1, r5
200049e2:	c904      	ldmia	r1!, {r2}
200049e4:	0020      	movs	r0, r4
200049e6:	f7ff ffb3 	bl	20004950 <stdio_out_chars_crlf>
200049ea:	6924      	ldr	r4, [r4, #16]
200049ec:	2c00      	cmp	r4, #0
200049ee:	d009      	beq.n	20004a04 <stdio_stack_buffer_flush+0x34>
200049f0:	6823      	ldr	r3, [r4, #0]
200049f2:	2b00      	cmp	r3, #0
200049f4:	d0f9      	beq.n	200049ea <stdio_stack_buffer_flush+0x1a>
200049f6:	4b06      	ldr	r3, [pc, #24]	; (20004a10 <stdio_stack_buffer_flush+0x40>)
200049f8:	681b      	ldr	r3, [r3, #0]
200049fa:	2b00      	cmp	r3, #0
200049fc:	d0f0      	beq.n	200049e0 <stdio_stack_buffer_flush+0x10>
200049fe:	42a3      	cmp	r3, r4
20004a00:	d1f3      	bne.n	200049ea <stdio_stack_buffer_flush+0x1a>
20004a02:	e7ed      	b.n	200049e0 <stdio_stack_buffer_flush+0x10>
20004a04:	2300      	movs	r3, #0
20004a06:	602b      	str	r3, [r5, #0]
20004a08:	bd70      	pop	{r4, r5, r6, pc}
20004a0a:	46c0      	nop			; (mov r8, r8)
20004a0c:	20006af4 	.word	0x20006af4
20004a10:	20006af8 	.word	0x20006af8

20004a14 <stdio_buffered_printer>:
20004a14:	b570      	push	{r4, r5, r6, lr}
20004a16:	0005      	movs	r5, r0
20004a18:	000c      	movs	r4, r1
20004a1a:	680b      	ldr	r3, [r1, #0]
20004a1c:	2b80      	cmp	r3, #128	; 0x80
20004a1e:	d005      	beq.n	20004a2c <stdio_buffered_printer+0x18>
20004a20:	6821      	ldr	r1, [r4, #0]
20004a22:	1c4b      	adds	r3, r1, #1
20004a24:	6023      	str	r3, [r4, #0]
20004a26:	1864      	adds	r4, r4, r1
20004a28:	7125      	strb	r5, [r4, #4]
20004a2a:	bd70      	pop	{r4, r5, r6, pc}
20004a2c:	0008      	movs	r0, r1
20004a2e:	f7ff ffcf 	bl	200049d0 <stdio_stack_buffer_flush>
20004a32:	e7f5      	b.n	20004a20 <stdio_buffered_printer+0xc>

20004a34 <stdout_serialize_begin>:
20004a34:	b510      	push	{r4, lr}
20004a36:	f7fd f8ef 	bl	20001c18 <time_us_64>
20004a3a:	0002      	movs	r2, r0
20004a3c:	1e0b      	subs	r3, r1, #0
20004a3e:	db0b      	blt.n	20004a58 <stdout_serialize_begin+0x24>
20004a40:	480d      	ldr	r0, [pc, #52]	; (20004a78 <stdout_serialize_begin+0x44>)
20004a42:	2100      	movs	r1, #0
20004a44:	1812      	adds	r2, r2, r0
20004a46:	414b      	adcs	r3, r1
20004a48:	2b00      	cmp	r3, #0
20004a4a:	db0b      	blt.n	20004a64 <stdout_serialize_begin+0x30>
20004a4c:	2b00      	cmp	r3, #0
20004a4e:	db0d      	blt.n	20004a6c <stdout_serialize_begin+0x38>
20004a50:	480a      	ldr	r0, [pc, #40]	; (20004a7c <stdout_serialize_begin+0x48>)
20004a52:	f000 fcef 	bl	20005434 <mutex_try_enter_block_until>
20004a56:	bd10      	pop	{r4, pc}
20004a58:	4b09      	ldr	r3, [pc, #36]	; (20004a80 <stdout_serialize_begin+0x4c>)
20004a5a:	4a0a      	ldr	r2, [pc, #40]	; (20004a84 <stdout_serialize_begin+0x50>)
20004a5c:	213f      	movs	r1, #63	; 0x3f
20004a5e:	480a      	ldr	r0, [pc, #40]	; (20004a88 <stdout_serialize_begin+0x54>)
20004a60:	f7fd febe 	bl	200027e0 <__assert_func>
20004a64:	2201      	movs	r2, #1
20004a66:	4252      	negs	r2, r2
20004a68:	4b08      	ldr	r3, [pc, #32]	; (20004a8c <stdout_serialize_begin+0x58>)
20004a6a:	e7ef      	b.n	20004a4c <stdout_serialize_begin+0x18>
20004a6c:	4b04      	ldr	r3, [pc, #16]	; (20004a80 <stdout_serialize_begin+0x4c>)
20004a6e:	4a05      	ldr	r2, [pc, #20]	; (20004a84 <stdout_serialize_begin+0x50>)
20004a70:	213f      	movs	r1, #63	; 0x3f
20004a72:	4805      	ldr	r0, [pc, #20]	; (20004a88 <stdout_serialize_begin+0x54>)
20004a74:	f7fd feb4 	bl	200027e0 <__assert_func>
20004a78:	000f4240 	.word	0x000f4240
20004a7c:	20006838 	.word	0x20006838
20004a80:	20005924 	.word	0x20005924
20004a84:	2000650c 	.word	0x2000650c
20004a88:	20005940 	.word	0x20005940
20004a8c:	7fffffff 	.word	0x7fffffff

20004a90 <stdout_serialize_end>:
20004a90:	b510      	push	{r4, lr}
20004a92:	4802      	ldr	r0, [pc, #8]	; (20004a9c <stdout_serialize_end+0xc>)
20004a94:	f000 fce8 	bl	20005468 <mutex_exit>
20004a98:	bd10      	pop	{r4, pc}
20004a9a:	46c0      	nop			; (mov r8, r8)
20004a9c:	20006838 	.word	0x20006838

20004aa0 <stdio_put_string>:
20004aa0:	b5f0      	push	{r4, r5, r6, r7, lr}
20004aa2:	46ce      	mov	lr, r9
20004aa4:	4647      	mov	r7, r8
20004aa6:	b580      	push	{r7, lr}
20004aa8:	b083      	sub	sp, #12
20004aaa:	0006      	movs	r6, r0
20004aac:	000d      	movs	r5, r1
20004aae:	4690      	mov	r8, r2
20004ab0:	001c      	movs	r4, r3
20004ab2:	f7ff ffbf 	bl	20004a34 <stdout_serialize_begin>
20004ab6:	4681      	mov	r9, r0
20004ab8:	1c6b      	adds	r3, r5, #1
20004aba:	d005      	beq.n	20004ac8 <stdio_put_string+0x28>
20004abc:	2c00      	cmp	r4, #0
20004abe:	d008      	beq.n	20004ad2 <stdio_put_string+0x32>
20004ac0:	4f19      	ldr	r7, [pc, #100]	; (20004b28 <stdio_put_string+0x88>)
20004ac2:	4b1a      	ldr	r3, [pc, #104]	; (20004b2c <stdio_put_string+0x8c>)
20004ac4:	681c      	ldr	r4, [r3, #0]
20004ac6:	e007      	b.n	20004ad8 <stdio_put_string+0x38>
20004ac8:	0030      	movs	r0, r6
20004aca:	f000 fc19 	bl	20005300 <strlen>
20004ace:	0005      	movs	r5, r0
20004ad0:	e7f4      	b.n	20004abc <stdio_put_string+0x1c>
20004ad2:	4f17      	ldr	r7, [pc, #92]	; (20004b30 <stdio_put_string+0x90>)
20004ad4:	e7f5      	b.n	20004ac2 <stdio_put_string+0x22>
20004ad6:	6924      	ldr	r4, [r4, #16]
20004ad8:	2c00      	cmp	r4, #0
20004ada:	d017      	beq.n	20004b0c <stdio_put_string+0x6c>
20004adc:	6823      	ldr	r3, [r4, #0]
20004ade:	2b00      	cmp	r3, #0
20004ae0:	d0f9      	beq.n	20004ad6 <stdio_put_string+0x36>
20004ae2:	4b14      	ldr	r3, [pc, #80]	; (20004b34 <stdio_put_string+0x94>)
20004ae4:	681b      	ldr	r3, [r3, #0]
20004ae6:	2b00      	cmp	r3, #0
20004ae8:	d001      	beq.n	20004aee <stdio_put_string+0x4e>
20004aea:	42a3      	cmp	r3, r4
20004aec:	d1f3      	bne.n	20004ad6 <stdio_put_string+0x36>
20004aee:	002a      	movs	r2, r5
20004af0:	0031      	movs	r1, r6
20004af2:	0020      	movs	r0, r4
20004af4:	47b8      	blx	r7
20004af6:	4643      	mov	r3, r8
20004af8:	2b00      	cmp	r3, #0
20004afa:	d0ec      	beq.n	20004ad6 <stdio_put_string+0x36>
20004afc:	466b      	mov	r3, sp
20004afe:	1dd9      	adds	r1, r3, #7
20004b00:	230a      	movs	r3, #10
20004b02:	700b      	strb	r3, [r1, #0]
20004b04:	2201      	movs	r2, #1
20004b06:	0020      	movs	r0, r4
20004b08:	47b8      	blx	r7
20004b0a:	e7e4      	b.n	20004ad6 <stdio_put_string+0x36>
20004b0c:	464b      	mov	r3, r9
20004b0e:	2b00      	cmp	r3, #0
20004b10:	d107      	bne.n	20004b22 <stdio_put_string+0x82>
20004b12:	1e6b      	subs	r3, r5, #1
20004b14:	419d      	sbcs	r5, r3
20004b16:	b2e8      	uxtb	r0, r5
20004b18:	b003      	add	sp, #12
20004b1a:	bcc0      	pop	{r6, r7}
20004b1c:	46b9      	mov	r9, r7
20004b1e:	46b0      	mov	r8, r6
20004b20:	bdf0      	pop	{r4, r5, r6, r7, pc}
20004b22:	f7ff ffb5 	bl	20004a90 <stdout_serialize_end>
20004b26:	e7f4      	b.n	20004b12 <stdio_put_string+0x72>
20004b28:	20004941 	.word	0x20004941
20004b2c:	20006af4 	.word	0x20006af4
20004b30:	20004951 	.word	0x20004951
20004b34:	20006af8 	.word	0x20006af8

20004b38 <stdio_flush>:
20004b38:	b510      	push	{r4, lr}
20004b3a:	4b06      	ldr	r3, [pc, #24]	; (20004b54 <stdio_flush+0x1c>)
20004b3c:	681c      	ldr	r4, [r3, #0]
20004b3e:	e001      	b.n	20004b44 <stdio_flush+0xc>
20004b40:	4798      	blx	r3
20004b42:	6924      	ldr	r4, [r4, #16]
20004b44:	2c00      	cmp	r4, #0
20004b46:	d003      	beq.n	20004b50 <stdio_flush+0x18>
20004b48:	6863      	ldr	r3, [r4, #4]
20004b4a:	2b00      	cmp	r3, #0
20004b4c:	d1f8      	bne.n	20004b40 <stdio_flush+0x8>
20004b4e:	e7f8      	b.n	20004b42 <stdio_flush+0xa>
20004b50:	bd10      	pop	{r4, pc}
20004b52:	46c0      	nop			; (mov r8, r8)
20004b54:	20006af4 	.word	0x20006af4

20004b58 <__wrap_puts>:
20004b58:	b570      	push	{r4, r5, r6, lr}
20004b5a:	0005      	movs	r5, r0
20004b5c:	f000 fbd0 	bl	20005300 <strlen>
20004b60:	0004      	movs	r4, r0
20004b62:	2300      	movs	r3, #0
20004b64:	2201      	movs	r2, #1
20004b66:	0001      	movs	r1, r0
20004b68:	0028      	movs	r0, r5
20004b6a:	f7ff ff99 	bl	20004aa0 <stdio_put_string>
20004b6e:	f7ff ffe3 	bl	20004b38 <stdio_flush>
20004b72:	0020      	movs	r0, r4
20004b74:	bd70      	pop	{r4, r5, r6, pc}
	...

20004b78 <__wrap_vprintf>:
20004b78:	b570      	push	{r4, r5, r6, lr}
20004b7a:	b0a2      	sub	sp, #136	; 0x88
20004b7c:	0004      	movs	r4, r0
20004b7e:	000e      	movs	r6, r1
20004b80:	f7ff ff58 	bl	20004a34 <stdout_serialize_begin>
20004b84:	0005      	movs	r5, r0
20004b86:	2300      	movs	r3, #0
20004b88:	9301      	str	r3, [sp, #4]
20004b8a:	0033      	movs	r3, r6
20004b8c:	0022      	movs	r2, r4
20004b8e:	a901      	add	r1, sp, #4
20004b90:	4808      	ldr	r0, [pc, #32]	; (20004bb4 <__wrap_vprintf+0x3c>)
20004b92:	f7fe ff67 	bl	20003a64 <vfctprintf>
20004b96:	0004      	movs	r4, r0
20004b98:	a801      	add	r0, sp, #4
20004b9a:	f7ff ff19 	bl	200049d0 <stdio_stack_buffer_flush>
20004b9e:	f7ff ffcb 	bl	20004b38 <stdio_flush>
20004ba2:	2d00      	cmp	r5, #0
20004ba4:	d102      	bne.n	20004bac <__wrap_vprintf+0x34>
20004ba6:	0020      	movs	r0, r4
20004ba8:	b022      	add	sp, #136	; 0x88
20004baa:	bd70      	pop	{r4, r5, r6, pc}
20004bac:	f7ff ff70 	bl	20004a90 <stdout_serialize_end>
20004bb0:	e7f9      	b.n	20004ba6 <__wrap_vprintf+0x2e>
20004bb2:	46c0      	nop			; (mov r8, r8)
20004bb4:	20004a15 	.word	0x20004a15

20004bb8 <__wrap_printf>:
20004bb8:	b40f      	push	{r0, r1, r2, r3}
20004bba:	b500      	push	{lr}
20004bbc:	b083      	sub	sp, #12
20004bbe:	a904      	add	r1, sp, #16
20004bc0:	c901      	ldmia	r1!, {r0}
20004bc2:	9101      	str	r1, [sp, #4]
20004bc4:	f7ff ffd8 	bl	20004b78 <__wrap_vprintf>
20004bc8:	b003      	add	sp, #12
20004bca:	bc08      	pop	{r3}
20004bcc:	b004      	add	sp, #16
20004bce:	4718      	bx	r3

20004bd0 <_retrieve_unique_id_on_boot>:
20004bd0:	b510      	push	{r4, lr}
20004bd2:	4802      	ldr	r0, [pc, #8]	; (20004bdc <_retrieve_unique_id_on_boot+0xc>)
20004bd4:	f000 f80c 	bl	20004bf0 <flash_get_unique_id>
20004bd8:	bd10      	pop	{r4, pc}
20004bda:	46c0      	nop			; (mov r8, r8)
20004bdc:	20006b9c 	.word	0x20006b9c

20004be0 <pico_get_unique_board_id>:
20004be0:	b510      	push	{r4, lr}
20004be2:	2208      	movs	r2, #8
20004be4:	4901      	ldr	r1, [pc, #4]	; (20004bec <pico_get_unique_board_id+0xc>)
20004be6:	f7ff fea5 	bl	20004934 <__wrap___aeabi_memcpy>
20004bea:	bd10      	pop	{r4, pc}
20004bec:	20006b9c 	.word	0x20006b9c

20004bf0 <flash_get_unique_id>:
20004bf0:	b570      	push	{r4, r5, r6, lr}
20004bf2:	b088      	sub	sp, #32
20004bf4:	0004      	movs	r4, r0
20004bf6:	ad04      	add	r5, sp, #16
20004bf8:	2600      	movs	r6, #0
20004bfa:	9604      	str	r6, [sp, #16]
20004bfc:	2209      	movs	r2, #9
20004bfe:	2100      	movs	r1, #0
20004c00:	a805      	add	r0, sp, #20
20004c02:	f7ff fe91 	bl	20004928 <__wrap_memset>
20004c06:	9600      	str	r6, [sp, #0]
20004c08:	2209      	movs	r2, #9
20004c0a:	2100      	movs	r1, #0
20004c0c:	a801      	add	r0, sp, #4
20004c0e:	f7ff fe8b 	bl	20004928 <__wrap_memset>
20004c12:	234b      	movs	r3, #75	; 0x4b
20004c14:	702b      	strb	r3, [r5, #0]
20004c16:	220d      	movs	r2, #13
20004c18:	4669      	mov	r1, sp
20004c1a:	0028      	movs	r0, r5
20004c1c:	f000 fc7e 	bl	2000551c <flash_do_cmd>
20004c20:	2300      	movs	r3, #0
20004c22:	e004      	b.n	20004c2e <flash_get_unique_id+0x3e>
20004c24:	1d5a      	adds	r2, r3, #5
20004c26:	4669      	mov	r1, sp
20004c28:	5c8a      	ldrb	r2, [r1, r2]
20004c2a:	54e2      	strb	r2, [r4, r3]
20004c2c:	3301      	adds	r3, #1
20004c2e:	2b07      	cmp	r3, #7
20004c30:	ddf8      	ble.n	20004c24 <flash_get_unique_id+0x34>
20004c32:	b008      	add	sp, #32
20004c34:	bd70      	pop	{r4, r5, r6, pc}
	...

20004c38 <adc_init>:
20004c38:	2301      	movs	r3, #1
20004c3a:	4a08      	ldr	r2, [pc, #32]	; (20004c5c <adc_init+0x24>)
20004c3c:	6013      	str	r3, [r2, #0]
20004c3e:	4a08      	ldr	r2, [pc, #32]	; (20004c60 <adc_init+0x28>)
20004c40:	6013      	str	r3, [r2, #0]
20004c42:	4b08      	ldr	r3, [pc, #32]	; (20004c64 <adc_init+0x2c>)
20004c44:	689a      	ldr	r2, [r3, #8]
20004c46:	2301      	movs	r3, #1
20004c48:	4393      	bics	r3, r2
20004c4a:	d1fa      	bne.n	20004c42 <adc_init+0xa>
20004c4c:	4b06      	ldr	r3, [pc, #24]	; (20004c68 <adc_init+0x30>)
20004c4e:	2201      	movs	r2, #1
20004c50:	601a      	str	r2, [r3, #0]
20004c52:	4b05      	ldr	r3, [pc, #20]	; (20004c68 <adc_init+0x30>)
20004c54:	681b      	ldr	r3, [r3, #0]
20004c56:	05db      	lsls	r3, r3, #23
20004c58:	d5fb      	bpl.n	20004c52 <adc_init+0x1a>
20004c5a:	4770      	bx	lr
20004c5c:	4000e000 	.word	0x4000e000
20004c60:	4000f000 	.word	0x4000f000
20004c64:	4000c000 	.word	0x4000c000
20004c68:	4004c000 	.word	0x4004c000

20004c6c <_pio_can_add_program_at_offset>:
20004c6c:	2305      	movs	r3, #5
20004c6e:	56cb      	ldrsb	r3, [r1, r3]
20004c70:	2b00      	cmp	r3, #0
20004c72:	db01      	blt.n	20004c78 <_pio_can_add_program_at_offset+0xc>
20004c74:	4293      	cmp	r3, r2
20004c76:	d111      	bne.n	20004c9c <_pio_can_add_program_at_offset+0x30>
20004c78:	4b09      	ldr	r3, [pc, #36]	; (20004ca0 <_pio_can_add_program_at_offset+0x34>)
20004c7a:	469c      	mov	ip, r3
20004c7c:	4460      	add	r0, ip
20004c7e:	4243      	negs	r3, r0
20004c80:	4158      	adcs	r0, r3
20004c82:	0080      	lsls	r0, r0, #2
20004c84:	4b07      	ldr	r3, [pc, #28]	; (20004ca4 <_pio_can_add_program_at_offset+0x38>)
20004c86:	58c0      	ldr	r0, [r0, r3]
20004c88:	7909      	ldrb	r1, [r1, #4]
20004c8a:	2301      	movs	r3, #1
20004c8c:	408b      	lsls	r3, r1
20004c8e:	3b01      	subs	r3, #1
20004c90:	4093      	lsls	r3, r2
20004c92:	4018      	ands	r0, r3
20004c94:	4243      	negs	r3, r0
20004c96:	4158      	adcs	r0, r3
20004c98:	b2c0      	uxtb	r0, r0
20004c9a:	4770      	bx	lr
20004c9c:	2000      	movs	r0, #0
20004c9e:	e7fc      	b.n	20004c9a <_pio_can_add_program_at_offset+0x2e>
20004ca0:	afd00000 	.word	0xafd00000
20004ca4:	20006974 	.word	0x20006974

20004ca8 <_pio_find_offset_for_program>:
20004ca8:	b570      	push	{r4, r5, r6, lr}
20004caa:	790a      	ldrb	r2, [r1, #4]
20004cac:	2a20      	cmp	r2, #32
20004cae:	d819      	bhi.n	20004ce4 <_pio_find_offset_for_program+0x3c>
20004cb0:	4b17      	ldr	r3, [pc, #92]	; (20004d10 <_pio_find_offset_for_program+0x68>)
20004cb2:	469c      	mov	ip, r3
20004cb4:	4460      	add	r0, ip
20004cb6:	4243      	negs	r3, r0
20004cb8:	4158      	adcs	r0, r3
20004cba:	0080      	lsls	r0, r0, #2
20004cbc:	4b15      	ldr	r3, [pc, #84]	; (20004d14 <_pio_find_offset_for_program+0x6c>)
20004cbe:	58c4      	ldr	r4, [r0, r3]
20004cc0:	2301      	movs	r3, #1
20004cc2:	4093      	lsls	r3, r2
20004cc4:	3b01      	subs	r3, #1
20004cc6:	7949      	ldrb	r1, [r1, #5]
20004cc8:	b249      	sxtb	r1, r1
20004cca:	2900      	cmp	r1, #0
20004ccc:	db10      	blt.n	20004cf0 <_pio_find_offset_for_program+0x48>
20004cce:	0008      	movs	r0, r1
20004cd0:	2520      	movs	r5, #32
20004cd2:	1aaa      	subs	r2, r5, r2
20004cd4:	4291      	cmp	r1, r2
20004cd6:	dc18      	bgt.n	20004d0a <_pio_find_offset_for_program+0x62>
20004cd8:	408b      	lsls	r3, r1
20004cda:	421c      	tst	r4, r3
20004cdc:	d001      	beq.n	20004ce2 <_pio_find_offset_for_program+0x3a>
20004cde:	2001      	movs	r0, #1
20004ce0:	4240      	negs	r0, r0
20004ce2:	bd70      	pop	{r4, r5, r6, pc}
20004ce4:	4b0c      	ldr	r3, [pc, #48]	; (20004d18 <_pio_find_offset_for_program+0x70>)
20004ce6:	4a0d      	ldr	r2, [pc, #52]	; (20004d1c <_pio_find_offset_for_program+0x74>)
20004ce8:	2140      	movs	r1, #64	; 0x40
20004cea:	480d      	ldr	r0, [pc, #52]	; (20004d20 <_pio_find_offset_for_program+0x78>)
20004cec:	f7fd fd78 	bl	200027e0 <__assert_func>
20004cf0:	2020      	movs	r0, #32
20004cf2:	1a80      	subs	r0, r0, r2
20004cf4:	2800      	cmp	r0, #0
20004cf6:	db05      	blt.n	20004d04 <_pio_find_offset_for_program+0x5c>
20004cf8:	001a      	movs	r2, r3
20004cfa:	4082      	lsls	r2, r0
20004cfc:	4214      	tst	r4, r2
20004cfe:	d0f0      	beq.n	20004ce2 <_pio_find_offset_for_program+0x3a>
20004d00:	3801      	subs	r0, #1
20004d02:	e7f7      	b.n	20004cf4 <_pio_find_offset_for_program+0x4c>
20004d04:	2001      	movs	r0, #1
20004d06:	4240      	negs	r0, r0
20004d08:	e7eb      	b.n	20004ce2 <_pio_find_offset_for_program+0x3a>
20004d0a:	2001      	movs	r0, #1
20004d0c:	4240      	negs	r0, r0
20004d0e:	e7e8      	b.n	20004ce2 <_pio_find_offset_for_program+0x3a>
20004d10:	afd00000 	.word	0xafd00000
20004d14:	20006974 	.word	0x20006974
20004d18:	20006690 	.word	0x20006690
20004d1c:	2000670c 	.word	0x2000670c
20004d20:	200066bc 	.word	0x200066bc

20004d24 <_pio_add_program_at_offset>:
20004d24:	b570      	push	{r4, r5, r6, lr}
20004d26:	0005      	movs	r5, r0
20004d28:	000c      	movs	r4, r1
20004d2a:	0016      	movs	r6, r2
20004d2c:	f7ff ff9e 	bl	20004c6c <_pio_can_add_program_at_offset>
20004d30:	2800      	cmp	r0, #0
20004d32:	d001      	beq.n	20004d38 <_pio_add_program_at_offset+0x14>
20004d34:	2000      	movs	r0, #0
20004d36:	e007      	b.n	20004d48 <_pio_add_program_at_offset+0x24>
20004d38:	4815      	ldr	r0, [pc, #84]	; (20004d90 <_pio_add_program_at_offset+0x6c>)
20004d3a:	f7fd fdeb 	bl	20002914 <panic>
20004d3e:	1983      	adds	r3, r0, r6
20004d40:	3312      	adds	r3, #18
20004d42:	009b      	lsls	r3, r3, #2
20004d44:	515a      	str	r2, [r3, r5]
20004d46:	3001      	adds	r0, #1
20004d48:	7923      	ldrb	r3, [r4, #4]
20004d4a:	4283      	cmp	r3, r0
20004d4c:	d90f      	bls.n	20004d6e <_pio_add_program_at_offset+0x4a>
20004d4e:	7823      	ldrb	r3, [r4, #0]
20004d50:	7861      	ldrb	r1, [r4, #1]
20004d52:	0209      	lsls	r1, r1, #8
20004d54:	4319      	orrs	r1, r3
20004d56:	78a2      	ldrb	r2, [r4, #2]
20004d58:	0412      	lsls	r2, r2, #16
20004d5a:	4311      	orrs	r1, r2
20004d5c:	78e3      	ldrb	r3, [r4, #3]
20004d5e:	061b      	lsls	r3, r3, #24
20004d60:	430b      	orrs	r3, r1
20004d62:	0042      	lsls	r2, r0, #1
20004d64:	5a9a      	ldrh	r2, [r3, r2]
20004d66:	0b53      	lsrs	r3, r2, #13
20004d68:	d1e9      	bne.n	20004d3e <_pio_add_program_at_offset+0x1a>
20004d6a:	1992      	adds	r2, r2, r6
20004d6c:	e7e7      	b.n	20004d3e <_pio_add_program_at_offset+0x1a>
20004d6e:	2201      	movs	r2, #1
20004d70:	409a      	lsls	r2, r3
20004d72:	0013      	movs	r3, r2
20004d74:	3b01      	subs	r3, #1
20004d76:	4a07      	ldr	r2, [pc, #28]	; (20004d94 <_pio_add_program_at_offset+0x70>)
20004d78:	4694      	mov	ip, r2
20004d7a:	4465      	add	r5, ip
20004d7c:	426a      	negs	r2, r5
20004d7e:	4155      	adcs	r5, r2
20004d80:	40b3      	lsls	r3, r6
20004d82:	4a05      	ldr	r2, [pc, #20]	; (20004d98 <_pio_add_program_at_offset+0x74>)
20004d84:	00ad      	lsls	r5, r5, #2
20004d86:	58a9      	ldr	r1, [r5, r2]
20004d88:	430b      	orrs	r3, r1
20004d8a:	50ab      	str	r3, [r5, r2]
20004d8c:	bd70      	pop	{r4, r5, r6, pc}
20004d8e:	46c0      	nop			; (mov r8, r8)
20004d90:	200066f8 	.word	0x200066f8
20004d94:	afd00000 	.word	0xafd00000
20004d98:	20006974 	.word	0x20006974

20004d9c <pio_add_program>:
20004d9c:	b5f8      	push	{r3, r4, r5, r6, r7, lr}
20004d9e:	0005      	movs	r5, r0
20004da0:	000e      	movs	r6, r1
20004da2:	f7fb feb9 	bl	20000b18 <hw_claim_lock>
20004da6:	0007      	movs	r7, r0
20004da8:	0031      	movs	r1, r6
20004daa:	0028      	movs	r0, r5
20004dac:	f7ff ff7c 	bl	20004ca8 <_pio_find_offset_for_program>
20004db0:	1e04      	subs	r4, r0, #0
20004db2:	db09      	blt.n	20004dc8 <pio_add_program+0x2c>
20004db4:	0002      	movs	r2, r0
20004db6:	0031      	movs	r1, r6
20004db8:	0028      	movs	r0, r5
20004dba:	f7ff ffb3 	bl	20004d24 <_pio_add_program_at_offset>
20004dbe:	0038      	movs	r0, r7
20004dc0:	f7fb feb6 	bl	20000b30 <hw_claim_unlock>
20004dc4:	0020      	movs	r0, r4
20004dc6:	bdf8      	pop	{r3, r4, r5, r6, r7, pc}
20004dc8:	4801      	ldr	r0, [pc, #4]	; (20004dd0 <pio_add_program+0x34>)
20004dca:	f7fd fda3 	bl	20002914 <panic>
20004dce:	46c0      	nop			; (mov r8, r8)
20004dd0:	200066f8 	.word	0x200066f8

20004dd4 <pio_sm_set_consecutive_pindirs>:
20004dd4:	b5f0      	push	{r4, r5, r6, r7, lr}
20004dd6:	46c6      	mov	lr, r8
20004dd8:	b500      	push	{lr}
20004dda:	ac06      	add	r4, sp, #24
20004ddc:	7825      	ldrb	r5, [r4, #0]
20004dde:	004c      	lsls	r4, r1, #1
20004de0:	1866      	adds	r6, r4, r1
20004de2:	00f6      	lsls	r6, r6, #3
20004de4:	1986      	adds	r6, r0, r6
20004de6:	0037      	movs	r7, r6
20004de8:	37dc      	adds	r7, #220	; 0xdc
20004dea:	683f      	ldr	r7, [r7, #0]
20004dec:	46bc      	mov	ip, r7
20004dee:	36cc      	adds	r6, #204	; 0xcc
20004df0:	6836      	ldr	r6, [r6, #0]
20004df2:	46b0      	mov	r8, r6
20004df4:	1864      	adds	r4, r4, r1
20004df6:	00e4      	lsls	r4, r4, #3
20004df8:	34c8      	adds	r4, #200	; 0xc8
20004dfa:	1904      	adds	r4, r0, r4
20004dfc:	3404      	adds	r4, #4
20004dfe:	26c0      	movs	r6, #192	; 0xc0
20004e00:	01b6      	lsls	r6, r6, #6
20004e02:	4334      	orrs	r4, r6
20004e04:	2680      	movs	r6, #128	; 0x80
20004e06:	02b6      	lsls	r6, r6, #10
20004e08:	6026      	str	r6, [r4, #0]
20004e0a:	2d00      	cmp	r5, #0
20004e0c:	d001      	beq.n	20004e12 <pio_sm_set_consecutive_pindirs+0x3e>
20004e0e:	261f      	movs	r6, #31
20004e10:	e014      	b.n	20004e3c <pio_sm_set_consecutive_pindirs+0x68>
20004e12:	2600      	movs	r6, #0
20004e14:	e012      	b.n	20004e3c <pio_sm_set_consecutive_pindirs+0x68>
20004e16:	0154      	lsls	r4, r2, #5
20004e18:	25a0      	movs	r5, #160	; 0xa0
20004e1a:	056d      	lsls	r5, r5, #21
20004e1c:	4325      	orrs	r5, r4
20004e1e:	004c      	lsls	r4, r1, #1
20004e20:	1864      	adds	r4, r4, r1
20004e22:	00e4      	lsls	r4, r4, #3
20004e24:	1904      	adds	r4, r0, r4
20004e26:	0027      	movs	r7, r4
20004e28:	37dc      	adds	r7, #220	; 0xdc
20004e2a:	603d      	str	r5, [r7, #0]
20004e2c:	4d11      	ldr	r5, [pc, #68]	; (20004e74 <pio_sm_set_consecutive_pindirs+0xa0>)
20004e2e:	4335      	orrs	r5, r6
20004e30:	34d8      	adds	r4, #216	; 0xd8
20004e32:	6025      	str	r5, [r4, #0]
20004e34:	3b05      	subs	r3, #5
20004e36:	3205      	adds	r2, #5
20004e38:	241f      	movs	r4, #31
20004e3a:	4022      	ands	r2, r4
20004e3c:	2b05      	cmp	r3, #5
20004e3e:	d8ea      	bhi.n	20004e16 <pio_sm_set_consecutive_pindirs+0x42>
20004e40:	069b      	lsls	r3, r3, #26
20004e42:	0152      	lsls	r2, r2, #5
20004e44:	4313      	orrs	r3, r2
20004e46:	004c      	lsls	r4, r1, #1
20004e48:	1862      	adds	r2, r4, r1
20004e4a:	00d2      	lsls	r2, r2, #3
20004e4c:	1882      	adds	r2, r0, r2
20004e4e:	0015      	movs	r5, r2
20004e50:	35dc      	adds	r5, #220	; 0xdc
20004e52:	602b      	str	r3, [r5, #0]
20004e54:	4b07      	ldr	r3, [pc, #28]	; (20004e74 <pio_sm_set_consecutive_pindirs+0xa0>)
20004e56:	431e      	orrs	r6, r3
20004e58:	32d8      	adds	r2, #216	; 0xd8
20004e5a:	6016      	str	r6, [r2, #0]
20004e5c:	4663      	mov	r3, ip
20004e5e:	602b      	str	r3, [r5, #0]
20004e60:	1861      	adds	r1, r4, r1
20004e62:	00c9      	lsls	r1, r1, #3
20004e64:	1840      	adds	r0, r0, r1
20004e66:	30cc      	adds	r0, #204	; 0xcc
20004e68:	4643      	mov	r3, r8
20004e6a:	6003      	str	r3, [r0, #0]
20004e6c:	bc80      	pop	{r7}
20004e6e:	46b8      	mov	r8, r7
20004e70:	bdf0      	pop	{r4, r5, r6, r7, pc}
20004e72:	46c0      	nop			; (mov r8, r8)
20004e74:	0000e080 	.word	0x0000e080

20004e78 <pio_sm_init>:
20004e78:	b570      	push	{r4, r5, r6, lr}
20004e7a:	b08a      	sub	sp, #40	; 0x28
20004e7c:	0004      	movs	r4, r0
20004e7e:	000d      	movs	r5, r1
20004e80:	0016      	movs	r6, r2
20004e82:	6802      	ldr	r2, [r0, #0]
20004e84:	2101      	movs	r1, #1
20004e86:	40a9      	lsls	r1, r5
20004e88:	438a      	bics	r2, r1
20004e8a:	6002      	str	r2, [r0, #0]
20004e8c:	2b00      	cmp	r3, #0
20004e8e:	d034      	beq.n	20004efa <pio_sm_init+0x82>
20004e90:	0069      	lsls	r1, r5, #1
20004e92:	1949      	adds	r1, r1, r5
20004e94:	00c9      	lsls	r1, r1, #3
20004e96:	1841      	adds	r1, r0, r1
20004e98:	000a      	movs	r2, r1
20004e9a:	32c8      	adds	r2, #200	; 0xc8
20004e9c:	6818      	ldr	r0, [r3, #0]
20004e9e:	6010      	str	r0, [r2, #0]
20004ea0:	3204      	adds	r2, #4
20004ea2:	6858      	ldr	r0, [r3, #4]
20004ea4:	6010      	str	r0, [r2, #0]
20004ea6:	3204      	adds	r2, #4
20004ea8:	6898      	ldr	r0, [r3, #8]
20004eaa:	6010      	str	r0, [r2, #0]
20004eac:	68db      	ldr	r3, [r3, #12]
20004eae:	31dc      	adds	r1, #220	; 0xdc
20004eb0:	600b      	str	r3, [r1, #0]
20004eb2:	0069      	lsls	r1, r5, #1
20004eb4:	194b      	adds	r3, r1, r5
20004eb6:	00db      	lsls	r3, r3, #3
20004eb8:	33d0      	adds	r3, #208	; 0xd0
20004eba:	18e3      	adds	r3, r4, r3
20004ebc:	2280      	movs	r2, #128	; 0x80
20004ebe:	0152      	lsls	r2, r2, #5
20004ec0:	4313      	orrs	r3, r2
20004ec2:	2280      	movs	r2, #128	; 0x80
20004ec4:	0612      	lsls	r2, r2, #24
20004ec6:	601a      	str	r2, [r3, #0]
20004ec8:	601a      	str	r2, [r3, #0]
20004eca:	4b23      	ldr	r3, [pc, #140]	; (20004f58 <pio_sm_init+0xe0>)
20004ecc:	40ab      	lsls	r3, r5
20004ece:	60a3      	str	r3, [r4, #8]
20004ed0:	1d2b      	adds	r3, r5, #4
20004ed2:	2201      	movs	r2, #1
20004ed4:	0010      	movs	r0, r2
20004ed6:	4098      	lsls	r0, r3
20004ed8:	2380      	movs	r3, #128	; 0x80
20004eda:	019b      	lsls	r3, r3, #6
20004edc:	4323      	orrs	r3, r4
20004ede:	6018      	str	r0, [r3, #0]
20004ee0:	0028      	movs	r0, r5
20004ee2:	3008      	adds	r0, #8
20004ee4:	4082      	lsls	r2, r0
20004ee6:	601a      	str	r2, [r3, #0]
20004ee8:	221f      	movs	r2, #31
20004eea:	4016      	ands	r6, r2
20004eec:	1949      	adds	r1, r1, r5
20004eee:	00c9      	lsls	r1, r1, #3
20004ef0:	1864      	adds	r4, r4, r1
20004ef2:	34d8      	adds	r4, #216	; 0xd8
20004ef4:	6026      	str	r6, [r4, #0]
20004ef6:	b00a      	add	sp, #40	; 0x28
20004ef8:	bd70      	pop	{r4, r5, r6, pc}
20004efa:	2210      	movs	r2, #16
20004efc:	2100      	movs	r1, #0
20004efe:	a806      	add	r0, sp, #24
20004f00:	f7ff fd12 	bl	20004928 <__wrap_memset>
20004f04:	2380      	movs	r3, #128	; 0x80
20004f06:	025b      	lsls	r3, r3, #9
20004f08:	9306      	str	r3, [sp, #24]
20004f0a:	23f8      	movs	r3, #248	; 0xf8
20004f0c:	025b      	lsls	r3, r3, #9
20004f0e:	9307      	str	r3, [sp, #28]
20004f10:	2380      	movs	r3, #128	; 0x80
20004f12:	02db      	lsls	r3, r3, #11
20004f14:	9308      	str	r3, [sp, #32]
20004f16:	23c0      	movs	r3, #192	; 0xc0
20004f18:	031b      	lsls	r3, r3, #12
20004f1a:	9308      	str	r3, [sp, #32]
20004f1c:	2210      	movs	r2, #16
20004f1e:	a906      	add	r1, sp, #24
20004f20:	a802      	add	r0, sp, #8
20004f22:	f7ff fd07 	bl	20004934 <__wrap___aeabi_memcpy>
20004f26:	006b      	lsls	r3, r5, #1
20004f28:	195b      	adds	r3, r3, r5
20004f2a:	00db      	lsls	r3, r3, #3
20004f2c:	18e3      	adds	r3, r4, r3
20004f2e:	001a      	movs	r2, r3
20004f30:	32c8      	adds	r2, #200	; 0xc8
20004f32:	9902      	ldr	r1, [sp, #8]
20004f34:	6011      	str	r1, [r2, #0]
20004f36:	9a03      	ldr	r2, [sp, #12]
20004f38:	9201      	str	r2, [sp, #4]
20004f3a:	001a      	movs	r2, r3
20004f3c:	32cc      	adds	r2, #204	; 0xcc
20004f3e:	9901      	ldr	r1, [sp, #4]
20004f40:	6011      	str	r1, [r2, #0]
20004f42:	9a04      	ldr	r2, [sp, #16]
20004f44:	9201      	str	r2, [sp, #4]
20004f46:	001a      	movs	r2, r3
20004f48:	32d0      	adds	r2, #208	; 0xd0
20004f4a:	9901      	ldr	r1, [sp, #4]
20004f4c:	6011      	str	r1, [r2, #0]
20004f4e:	9a05      	ldr	r2, [sp, #20]
20004f50:	33dc      	adds	r3, #220	; 0xdc
20004f52:	601a      	str	r2, [r3, #0]
20004f54:	e7ad      	b.n	20004eb2 <pio_sm_init+0x3a>
20004f56:	46c0      	nop			; (mov r8, r8)
20004f58:	01010101 	.word	0x01010101

20004f5c <i2c_write_blocking_internal>:
20004f5c:	b5f0      	push	{r4, r5, r6, r7, lr}
20004f5e:	46de      	mov	lr, fp
20004f60:	4657      	mov	r7, sl
20004f62:	464e      	mov	r6, r9
20004f64:	4645      	mov	r5, r8
20004f66:	b5e0      	push	{r5, r6, r7, lr}
20004f68:	b085      	sub	sp, #20
20004f6a:	0006      	movs	r6, r0
20004f6c:	0010      	movs	r0, r2
20004f6e:	001c      	movs	r4, r3
20004f70:	9302      	str	r3, [sp, #8]
20004f72:	ab0e      	add	r3, sp, #56	; 0x38
20004f74:	781a      	ldrb	r2, [r3, #0]
20004f76:	9203      	str	r2, [sp, #12]
20004f78:	9d0f      	ldr	r5, [sp, #60]	; 0x3c
20004f7a:	9f10      	ldr	r7, [sp, #64]	; 0x40
20004f7c:	6833      	ldr	r3, [r6, #0]
20004f7e:	2200      	movs	r2, #0
20004f80:	66da      	str	r2, [r3, #108]	; 0x6c
20004f82:	6833      	ldr	r3, [r6, #0]
20004f84:	6059      	str	r1, [r3, #4]
20004f86:	6833      	ldr	r3, [r6, #0]
20004f88:	3201      	adds	r2, #1
20004f8a:	66da      	str	r2, [r3, #108]	; 0x6c
20004f8c:	46a2      	mov	sl, r4
20004f8e:	2300      	movs	r3, #0
20004f90:	4698      	mov	r8, r3
20004f92:	469b      	mov	fp, r3
20004f94:	2400      	movs	r4, #0
20004f96:	e02b      	b.n	20004ff0 <i2c_write_blocking_internal+0x94>
20004f98:	7932      	ldrb	r2, [r6, #4]
20004f9a:	2a00      	cmp	r2, #0
20004f9c:	d031      	beq.n	20005002 <i2c_write_blocking_internal+0xa6>
20004f9e:	2201      	movs	r2, #1
20004fa0:	e02f      	b.n	20005002 <i2c_write_blocking_internal+0xa6>
20004fa2:	9903      	ldr	r1, [sp, #12]
20004fa4:	2900      	cmp	r1, #0
20004fa6:	d001      	beq.n	20004fac <i2c_write_blocking_internal+0x50>
20004fa8:	2100      	movs	r1, #0
20004faa:	e02e      	b.n	2000500a <i2c_write_blocking_internal+0xae>
20004fac:	2101      	movs	r1, #1
20004fae:	e02c      	b.n	2000500a <i2c_write_blocking_internal+0xae>
20004fb0:	0038      	movs	r0, r7
20004fb2:	47a8      	blx	r5
20004fb4:	0003      	movs	r3, r0
20004fb6:	4304      	orrs	r4, r0
20004fb8:	b2e4      	uxtb	r4, r4
20004fba:	2b00      	cmp	r3, #0
20004fbc:	d106      	bne.n	20004fcc <i2c_write_blocking_internal+0x70>
20004fbe:	6832      	ldr	r2, [r6, #0]
20004fc0:	6b52      	ldr	r2, [r2, #52]	; 0x34
20004fc2:	06d2      	lsls	r2, r2, #27
20004fc4:	d402      	bmi.n	20004fcc <i2c_write_blocking_internal+0x70>
20004fc6:	2d00      	cmp	r5, #0
20004fc8:	d1f2      	bne.n	20004fb0 <i2c_write_blocking_internal+0x54>
20004fca:	e7f6      	b.n	20004fba <i2c_write_blocking_internal+0x5e>
20004fcc:	2b00      	cmp	r3, #0
20004fce:	d109      	bne.n	20004fe4 <i2c_write_blocking_internal+0x88>
20004fd0:	6832      	ldr	r2, [r6, #0]
20004fd2:	2180      	movs	r1, #128	; 0x80
20004fd4:	5851      	ldr	r1, [r2, r1]
20004fd6:	468b      	mov	fp, r1
20004fd8:	2900      	cmp	r1, #0
20004fda:	d11f      	bne.n	2000501c <i2c_write_blocking_internal+0xc0>
20004fdc:	2c00      	cmp	r4, #0
20004fde:	d12f      	bne.n	20005040 <i2c_write_blocking_internal+0xe4>
20004fe0:	45c1      	cmp	r9, r8
20004fe2:	d01e      	beq.n	20005022 <i2c_write_blocking_internal+0xc6>
20004fe4:	2c00      	cmp	r4, #0
20004fe6:	d133      	bne.n	20005050 <i2c_write_blocking_internal+0xf4>
20004fe8:	2201      	movs	r2, #1
20004fea:	4694      	mov	ip, r2
20004fec:	44e0      	add	r8, ip
20004fee:	9801      	ldr	r0, [sp, #4]
20004ff0:	45d0      	cmp	r8, sl
20004ff2:	da2d      	bge.n	20005050 <i2c_write_blocking_internal+0xf4>
20004ff4:	9a02      	ldr	r2, [sp, #8]
20004ff6:	3a01      	subs	r2, #1
20004ff8:	4691      	mov	r9, r2
20004ffa:	4642      	mov	r2, r8
20004ffc:	2a00      	cmp	r2, #0
20004ffe:	d0cb      	beq.n	20004f98 <i2c_write_blocking_internal+0x3c>
20005000:	2200      	movs	r2, #0
20005002:	0292      	lsls	r2, r2, #10
20005004:	45c1      	cmp	r9, r8
20005006:	d0cc      	beq.n	20004fa2 <i2c_write_blocking_internal+0x46>
20005008:	2100      	movs	r1, #0
2000500a:	0249      	lsls	r1, r1, #9
2000500c:	430a      	orrs	r2, r1
2000500e:	1c41      	adds	r1, r0, #1
20005010:	9101      	str	r1, [sp, #4]
20005012:	7800      	ldrb	r0, [r0, #0]
20005014:	6831      	ldr	r1, [r6, #0]
20005016:	4302      	orrs	r2, r0
20005018:	610a      	str	r2, [r1, #16]
2000501a:	e7d4      	b.n	20004fc6 <i2c_write_blocking_internal+0x6a>
2000501c:	6d52      	ldr	r2, [r2, #84]	; 0x54
2000501e:	2401      	movs	r4, #1
20005020:	e00e      	b.n	20005040 <i2c_write_blocking_internal+0xe4>
20005022:	9a03      	ldr	r2, [sp, #12]
20005024:	2a00      	cmp	r2, #0
20005026:	d1dd      	bne.n	20004fe4 <i2c_write_blocking_internal+0x88>
20005028:	e00a      	b.n	20005040 <i2c_write_blocking_internal+0xe4>
2000502a:	0038      	movs	r0, r7
2000502c:	47a8      	blx	r5
2000502e:	0003      	movs	r3, r0
20005030:	4304      	orrs	r4, r0
20005032:	b2e4      	uxtb	r4, r4
20005034:	2b00      	cmp	r3, #0
20005036:	d106      	bne.n	20005046 <i2c_write_blocking_internal+0xea>
20005038:	6832      	ldr	r2, [r6, #0]
2000503a:	6b52      	ldr	r2, [r2, #52]	; 0x34
2000503c:	0592      	lsls	r2, r2, #22
2000503e:	d402      	bmi.n	20005046 <i2c_write_blocking_internal+0xea>
20005040:	2d00      	cmp	r5, #0
20005042:	d1f2      	bne.n	2000502a <i2c_write_blocking_internal+0xce>
20005044:	e7f6      	b.n	20005034 <i2c_write_blocking_internal+0xd8>
20005046:	2b00      	cmp	r3, #0
20005048:	d1cc      	bne.n	20004fe4 <i2c_write_blocking_internal+0x88>
2000504a:	6832      	ldr	r2, [r6, #0]
2000504c:	6e12      	ldr	r2, [r2, #96]	; 0x60
2000504e:	e7c9      	b.n	20004fe4 <i2c_write_blocking_internal+0x88>
20005050:	2c00      	cmp	r4, #0
20005052:	d009      	beq.n	20005068 <i2c_write_blocking_internal+0x10c>
20005054:	2b00      	cmp	r3, #0
20005056:	d115      	bne.n	20005084 <i2c_write_blocking_internal+0x128>
20005058:	465b      	mov	r3, fp
2000505a:	2b00      	cmp	r3, #0
2000505c:	d016      	beq.n	2000508c <i2c_write_blocking_internal+0x130>
2000505e:	07db      	lsls	r3, r3, #31
20005060:	d418      	bmi.n	20005094 <i2c_write_blocking_internal+0x138>
20005062:	465b      	mov	r3, fp
20005064:	071b      	lsls	r3, r3, #28
20005066:	d509      	bpl.n	2000507c <i2c_write_blocking_internal+0x120>
20005068:	9b03      	ldr	r3, [sp, #12]
2000506a:	7133      	strb	r3, [r6, #4]
2000506c:	4640      	mov	r0, r8
2000506e:	b005      	add	sp, #20
20005070:	bcf0      	pop	{r4, r5, r6, r7}
20005072:	46bb      	mov	fp, r7
20005074:	46b2      	mov	sl, r6
20005076:	46a9      	mov	r9, r5
20005078:	46a0      	mov	r8, r4
2000507a:	bdf0      	pop	{r4, r5, r6, r7, pc}
2000507c:	2302      	movs	r3, #2
2000507e:	425b      	negs	r3, r3
20005080:	4698      	mov	r8, r3
20005082:	e7f1      	b.n	20005068 <i2c_write_blocking_internal+0x10c>
20005084:	2301      	movs	r3, #1
20005086:	425b      	negs	r3, r3
20005088:	4698      	mov	r8, r3
2000508a:	e7ed      	b.n	20005068 <i2c_write_blocking_internal+0x10c>
2000508c:	2302      	movs	r3, #2
2000508e:	425b      	negs	r3, r3
20005090:	4698      	mov	r8, r3
20005092:	e7e9      	b.n	20005068 <i2c_write_blocking_internal+0x10c>
20005094:	2302      	movs	r3, #2
20005096:	425b      	negs	r3, r3
20005098:	4698      	mov	r8, r3
2000509a:	e7e5      	b.n	20005068 <i2c_write_blocking_internal+0x10c>

2000509c <i2c_read_blocking_internal>:
2000509c:	b5f0      	push	{r4, r5, r6, r7, lr}
2000509e:	46de      	mov	lr, fp
200050a0:	4657      	mov	r7, sl
200050a2:	464e      	mov	r6, r9
200050a4:	4645      	mov	r5, r8
200050a6:	b5e0      	push	{r5, r6, r7, lr}
200050a8:	b083      	sub	sp, #12
200050aa:	0005      	movs	r5, r0
200050ac:	4691      	mov	r9, r2
200050ae:	469a      	mov	sl, r3
200050b0:	ab0c      	add	r3, sp, #48	; 0x30
200050b2:	781b      	ldrb	r3, [r3, #0]
200050b4:	9301      	str	r3, [sp, #4]
200050b6:	9e0d      	ldr	r6, [sp, #52]	; 0x34
200050b8:	9f0e      	ldr	r7, [sp, #56]	; 0x38
200050ba:	6803      	ldr	r3, [r0, #0]
200050bc:	2200      	movs	r2, #0
200050be:	66da      	str	r2, [r3, #108]	; 0x6c
200050c0:	6803      	ldr	r3, [r0, #0]
200050c2:	6059      	str	r1, [r3, #4]
200050c4:	6803      	ldr	r3, [r0, #0]
200050c6:	3201      	adds	r2, #1
200050c8:	66da      	str	r2, [r3, #108]	; 0x6c
200050ca:	46d3      	mov	fp, sl
200050cc:	2300      	movs	r3, #0
200050ce:	4698      	mov	r8, r3
200050d0:	2400      	movs	r4, #0
200050d2:	e02a      	b.n	2000512a <i2c_read_blocking_internal+0x8e>
200050d4:	7929      	ldrb	r1, [r5, #4]
200050d6:	2900      	cmp	r1, #0
200050d8:	d033      	beq.n	20005142 <i2c_read_blocking_internal+0xa6>
200050da:	2101      	movs	r1, #1
200050dc:	e031      	b.n	20005142 <i2c_read_blocking_internal+0xa6>
200050de:	9801      	ldr	r0, [sp, #4]
200050e0:	2800      	cmp	r0, #0
200050e2:	d001      	beq.n	200050e8 <i2c_read_blocking_internal+0x4c>
200050e4:	2000      	movs	r0, #0
200050e6:	e030      	b.n	2000514a <i2c_read_blocking_internal+0xae>
200050e8:	2001      	movs	r0, #1
200050ea:	e02e      	b.n	2000514a <i2c_read_blocking_internal+0xae>
200050ec:	0038      	movs	r0, r7
200050ee:	47b0      	blx	r6
200050f0:	0003      	movs	r3, r0
200050f2:	4304      	orrs	r4, r0
200050f4:	b2e4      	uxtb	r4, r4
200050f6:	2c00      	cmp	r4, #0
200050f8:	d10d      	bne.n	20005116 <i2c_read_blocking_internal+0x7a>
200050fa:	682a      	ldr	r2, [r5, #0]
200050fc:	6f92      	ldr	r2, [r2, #120]	; 0x78
200050fe:	2a00      	cmp	r2, #0
20005100:	d109      	bne.n	20005116 <i2c_read_blocking_internal+0x7a>
20005102:	682a      	ldr	r2, [r5, #0]
20005104:	2180      	movs	r1, #128	; 0x80
20005106:	5851      	ldr	r1, [r2, r1]
20005108:	6d54      	ldr	r4, [r2, #84]	; 0x54
2000510a:	1e62      	subs	r2, r4, #1
2000510c:	4194      	sbcs	r4, r2
2000510e:	b2e4      	uxtb	r4, r4
20005110:	2e00      	cmp	r6, #0
20005112:	d1eb      	bne.n	200050ec <i2c_read_blocking_internal+0x50>
20005114:	e7ef      	b.n	200050f6 <i2c_read_blocking_internal+0x5a>
20005116:	2c00      	cmp	r4, #0
20005118:	d11e      	bne.n	20005158 <i2c_read_blocking_internal+0xbc>
2000511a:	682a      	ldr	r2, [r5, #0]
2000511c:	6912      	ldr	r2, [r2, #16]
2000511e:	4649      	mov	r1, r9
20005120:	700a      	strb	r2, [r1, #0]
20005122:	2201      	movs	r2, #1
20005124:	4694      	mov	ip, r2
20005126:	44e0      	add	r8, ip
20005128:	44e1      	add	r9, ip
2000512a:	45d8      	cmp	r8, fp
2000512c:	da14      	bge.n	20005158 <i2c_read_blocking_internal+0xbc>
2000512e:	4652      	mov	r2, sl
20005130:	1e54      	subs	r4, r2, #1
20005132:	682a      	ldr	r2, [r5, #0]
20005134:	6f51      	ldr	r1, [r2, #116]	; 0x74
20005136:	2910      	cmp	r1, #16
20005138:	d0fb      	beq.n	20005132 <i2c_read_blocking_internal+0x96>
2000513a:	4641      	mov	r1, r8
2000513c:	2900      	cmp	r1, #0
2000513e:	d0c9      	beq.n	200050d4 <i2c_read_blocking_internal+0x38>
20005140:	2100      	movs	r1, #0
20005142:	0289      	lsls	r1, r1, #10
20005144:	4544      	cmp	r4, r8
20005146:	d0ca      	beq.n	200050de <i2c_read_blocking_internal+0x42>
20005148:	2000      	movs	r0, #0
2000514a:	0240      	lsls	r0, r0, #9
2000514c:	4308      	orrs	r0, r1
2000514e:	2180      	movs	r1, #128	; 0x80
20005150:	0049      	lsls	r1, r1, #1
20005152:	4301      	orrs	r1, r0
20005154:	6111      	str	r1, [r2, #16]
20005156:	e7d4      	b.n	20005102 <i2c_read_blocking_internal+0x66>
20005158:	2c00      	cmp	r4, #0
2000515a:	d004      	beq.n	20005166 <i2c_read_blocking_internal+0xca>
2000515c:	2b00      	cmp	r3, #0
2000515e:	d00c      	beq.n	2000517a <i2c_read_blocking_internal+0xde>
20005160:	2301      	movs	r3, #1
20005162:	425b      	negs	r3, r3
20005164:	4698      	mov	r8, r3
20005166:	9b01      	ldr	r3, [sp, #4]
20005168:	712b      	strb	r3, [r5, #4]
2000516a:	4640      	mov	r0, r8
2000516c:	b003      	add	sp, #12
2000516e:	bcf0      	pop	{r4, r5, r6, r7}
20005170:	46bb      	mov	fp, r7
20005172:	46b2      	mov	sl, r6
20005174:	46a9      	mov	r9, r5
20005176:	46a0      	mov	r8, r4
20005178:	bdf0      	pop	{r4, r5, r6, r7, pc}
2000517a:	2302      	movs	r3, #2
2000517c:	425b      	negs	r3, r3
2000517e:	4698      	mov	r8, r3
20005180:	e7f1      	b.n	20005166 <i2c_read_blocking_internal+0xca>
	...

20005184 <i2c_set_baudrate>:
20005184:	b5f0      	push	{r4, r5, r6, r7, lr}
20005186:	46d6      	mov	lr, sl
20005188:	464f      	mov	r7, r9
2000518a:	4646      	mov	r6, r8
2000518c:	b5c0      	push	{r6, r7, lr}
2000518e:	0005      	movs	r5, r0
20005190:	000c      	movs	r4, r1
20005192:	2005      	movs	r0, #5
20005194:	f7fd fa68 	bl	20002668 <clock_get_hz>
20005198:	0006      	movs	r6, r0
2000519a:	0860      	lsrs	r0, r4, #1
2000519c:	1980      	adds	r0, r0, r6
2000519e:	0021      	movs	r1, r4
200051a0:	f7fe fccc 	bl	20003b3c <__wrap___aeabi_uidiv>
200051a4:	0007      	movs	r7, r0
200051a6:	0043      	lsls	r3, r0, #1
200051a8:	4699      	mov	r9, r3
200051aa:	4481      	add	r9, r0
200051ac:	2105      	movs	r1, #5
200051ae:	4648      	mov	r0, r9
200051b0:	f7fe fcc4 	bl	20003b3c <__wrap___aeabi_uidiv>
200051b4:	4680      	mov	r8, r0
200051b6:	1a3b      	subs	r3, r7, r0
200051b8:	469a      	mov	sl, r3
200051ba:	4b28      	ldr	r3, [pc, #160]	; (2000525c <i2c_set_baudrate+0xd8>)
200051bc:	429c      	cmp	r4, r3
200051be:	d824      	bhi.n	2000520a <i2c_set_baudrate+0x86>
200051c0:	0070      	lsls	r0, r6, #1
200051c2:	1980      	adds	r0, r0, r6
200051c4:	4926      	ldr	r1, [pc, #152]	; (20005260 <i2c_set_baudrate+0xdc>)
200051c6:	f7fe fcb9 	bl	20003b3c <__wrap___aeabi_uidiv>
200051ca:	1c44      	adds	r4, r0, #1
200051cc:	4643      	mov	r3, r8
200051ce:	3b02      	subs	r3, #2
200051d0:	42a3      	cmp	r3, r4
200051d2:	d321      	bcc.n	20005218 <i2c_set_baudrate+0x94>
200051d4:	682b      	ldr	r3, [r5, #0]
200051d6:	2200      	movs	r2, #0
200051d8:	66da      	str	r2, [r3, #108]	; 0x6c
200051da:	6829      	ldr	r1, [r5, #0]
200051dc:	680a      	ldr	r2, [r1, #0]
200051de:	2304      	movs	r3, #4
200051e0:	4053      	eors	r3, r2
200051e2:	2206      	movs	r2, #6
200051e4:	401a      	ands	r2, r3
200051e6:	2380      	movs	r3, #128	; 0x80
200051e8:	015b      	lsls	r3, r3, #5
200051ea:	430b      	orrs	r3, r1
200051ec:	601a      	str	r2, [r3, #0]
200051ee:	682b      	ldr	r3, [r5, #0]
200051f0:	4652      	mov	r2, sl
200051f2:	61da      	str	r2, [r3, #28]
200051f4:	682b      	ldr	r3, [r5, #0]
200051f6:	4642      	mov	r2, r8
200051f8:	621a      	str	r2, [r3, #32]
200051fa:	464b      	mov	r3, r9
200051fc:	2b4f      	cmp	r3, #79	; 0x4f
200051fe:	d911      	bls.n	20005224 <i2c_set_baudrate+0xa0>
20005200:	2150      	movs	r1, #80	; 0x50
20005202:	4648      	mov	r0, r9
20005204:	f7fe fc9a 	bl	20003b3c <__wrap___aeabi_uidiv>
20005208:	e00d      	b.n	20005226 <i2c_set_baudrate+0xa2>
2000520a:	0070      	lsls	r0, r6, #1
2000520c:	1980      	adds	r0, r0, r6
2000520e:	4915      	ldr	r1, [pc, #84]	; (20005264 <i2c_set_baudrate+0xe0>)
20005210:	f7fe fc94 	bl	20003b3c <__wrap___aeabi_uidiv>
20005214:	1c44      	adds	r4, r0, #1
20005216:	e7d9      	b.n	200051cc <i2c_set_baudrate+0x48>
20005218:	4b13      	ldr	r3, [pc, #76]	; (20005268 <i2c_set_baudrate+0xe4>)
2000521a:	4a14      	ldr	r2, [pc, #80]	; (2000526c <i2c_set_baudrate+0xe8>)
2000521c:	215d      	movs	r1, #93	; 0x5d
2000521e:	4814      	ldr	r0, [pc, #80]	; (20005270 <i2c_set_baudrate+0xec>)
20005220:	f7fd fade 	bl	200027e0 <__assert_func>
20005224:	2001      	movs	r0, #1
20005226:	23a0      	movs	r3, #160	; 0xa0
20005228:	682a      	ldr	r2, [r5, #0]
2000522a:	50d0      	str	r0, [r2, r3]
2000522c:	682a      	ldr	r2, [r5, #0]
2000522e:	0011      	movs	r1, r2
20005230:	317c      	adds	r1, #124	; 0x7c
20005232:	6fd0      	ldr	r0, [r2, #124]	; 0x7c
20005234:	4044      	eors	r4, r0
20005236:	0424      	lsls	r4, r4, #16
20005238:	0c24      	lsrs	r4, r4, #16
2000523a:	2380      	movs	r3, #128	; 0x80
2000523c:	015b      	lsls	r3, r3, #5
2000523e:	430b      	orrs	r3, r1
20005240:	601c      	str	r4, [r3, #0]
20005242:	682b      	ldr	r3, [r5, #0]
20005244:	2201      	movs	r2, #1
20005246:	66da      	str	r2, [r3, #108]	; 0x6c
20005248:	0039      	movs	r1, r7
2000524a:	0030      	movs	r0, r6
2000524c:	f7fe fc76 	bl	20003b3c <__wrap___aeabi_uidiv>
20005250:	bce0      	pop	{r5, r6, r7}
20005252:	46ba      	mov	sl, r7
20005254:	46b1      	mov	r9, r6
20005256:	46a8      	mov	r8, r5
20005258:	bdf0      	pop	{r4, r5, r6, r7, pc}
2000525a:	46c0      	nop			; (mov r8, r8)
2000525c:	000f423f 	.word	0x000f423f
20005260:	00989680 	.word	0x00989680
20005264:	017d7840 	.word	0x017d7840
20005268:	2000672c 	.word	0x2000672c
2000526c:	20006788 	.word	0x20006788
20005270:	2000674c 	.word	0x2000674c

20005274 <i2c_init>:
20005274:	b510      	push	{r4, lr}
20005276:	4b11      	ldr	r3, [pc, #68]	; (200052bc <i2c_init+0x48>)
20005278:	4298      	cmp	r0, r3
2000527a:	d01c      	beq.n	200052b6 <i2c_init+0x42>
2000527c:	2210      	movs	r2, #16
2000527e:	4b10      	ldr	r3, [pc, #64]	; (200052c0 <i2c_init+0x4c>)
20005280:	601a      	str	r2, [r3, #0]
20005282:	4b10      	ldr	r3, [pc, #64]	; (200052c4 <i2c_init+0x50>)
20005284:	601a      	str	r2, [r3, #0]
20005286:	4b10      	ldr	r3, [pc, #64]	; (200052c8 <i2c_init+0x54>)
20005288:	689b      	ldr	r3, [r3, #8]
2000528a:	0014      	movs	r4, r2
2000528c:	439c      	bics	r4, r3
2000528e:	1e23      	subs	r3, r4, #0
20005290:	d1f9      	bne.n	20005286 <i2c_init+0x12>
20005292:	7104      	strb	r4, [r0, #4]
20005294:	6802      	ldr	r2, [r0, #0]
20005296:	66d4      	str	r4, [r2, #108]	; 0x6c
20005298:	6802      	ldr	r2, [r0, #0]
2000529a:	2466      	movs	r4, #102	; 0x66
2000529c:	34ff      	adds	r4, #255	; 0xff
2000529e:	6014      	str	r4, [r2, #0]
200052a0:	6802      	ldr	r2, [r0, #0]
200052a2:	63d3      	str	r3, [r2, #60]	; 0x3c
200052a4:	6802      	ldr	r2, [r0, #0]
200052a6:	6393      	str	r3, [r2, #56]	; 0x38
200052a8:	3388      	adds	r3, #136	; 0x88
200052aa:	2203      	movs	r2, #3
200052ac:	6804      	ldr	r4, [r0, #0]
200052ae:	50e2      	str	r2, [r4, r3]
200052b0:	f7ff ff68 	bl	20005184 <i2c_set_baudrate>
200052b4:	bd10      	pop	{r4, pc}
200052b6:	2208      	movs	r2, #8
200052b8:	e7e1      	b.n	2000527e <i2c_init+0xa>
200052ba:	46c0      	nop			; (mov r8, r8)
200052bc:	20006830 	.word	0x20006830
200052c0:	4000e000 	.word	0x4000e000
200052c4:	4000f000 	.word	0x4000f000
200052c8:	4000c000 	.word	0x4000c000

200052cc <i2c_write_blocking>:
200052cc:	b530      	push	{r4, r5, lr}
200052ce:	b085      	sub	sp, #20
200052d0:	ac08      	add	r4, sp, #32
200052d2:	7825      	ldrb	r5, [r4, #0]
200052d4:	2400      	movs	r4, #0
200052d6:	9402      	str	r4, [sp, #8]
200052d8:	9401      	str	r4, [sp, #4]
200052da:	9500      	str	r5, [sp, #0]
200052dc:	f7ff fe3e 	bl	20004f5c <i2c_write_blocking_internal>
200052e0:	b005      	add	sp, #20
200052e2:	bd30      	pop	{r4, r5, pc}

200052e4 <i2c_read_blocking>:
200052e4:	b530      	push	{r4, r5, lr}
200052e6:	b085      	sub	sp, #20
200052e8:	ac08      	add	r4, sp, #32
200052ea:	7825      	ldrb	r5, [r4, #0]
200052ec:	2400      	movs	r4, #0
200052ee:	9402      	str	r4, [sp, #8]
200052f0:	9401      	str	r4, [sp, #4]
200052f2:	9500      	str	r5, [sp, #0]
200052f4:	f7ff fed2 	bl	2000509c <i2c_read_blocking_internal>
200052f8:	b005      	add	sp, #20
200052fa:	bd30      	pop	{r4, r5, pc}

200052fc <__aeabi_idiv0>:
200052fc:	4770      	bx	lr
200052fe:	46c0      	nop			; (mov r8, r8)

20005300 <strlen>:
20005300:	b510      	push	{r4, lr}
20005302:	0783      	lsls	r3, r0, #30
20005304:	d00a      	beq.n	2000531c <strlen+0x1c>
20005306:	0003      	movs	r3, r0
20005308:	2103      	movs	r1, #3
2000530a:	e002      	b.n	20005312 <strlen+0x12>
2000530c:	3301      	adds	r3, #1
2000530e:	420b      	tst	r3, r1
20005310:	d005      	beq.n	2000531e <strlen+0x1e>
20005312:	781a      	ldrb	r2, [r3, #0]
20005314:	2a00      	cmp	r2, #0
20005316:	d1f9      	bne.n	2000530c <strlen+0xc>
20005318:	1a18      	subs	r0, r3, r0
2000531a:	bd10      	pop	{r4, pc}
2000531c:	0003      	movs	r3, r0
2000531e:	6819      	ldr	r1, [r3, #0]
20005320:	4a0c      	ldr	r2, [pc, #48]	; (20005354 <strlen+0x54>)
20005322:	4c0d      	ldr	r4, [pc, #52]	; (20005358 <strlen+0x58>)
20005324:	188a      	adds	r2, r1, r2
20005326:	438a      	bics	r2, r1
20005328:	4222      	tst	r2, r4
2000532a:	d10f      	bne.n	2000534c <strlen+0x4c>
2000532c:	6859      	ldr	r1, [r3, #4]
2000532e:	4a09      	ldr	r2, [pc, #36]	; (20005354 <strlen+0x54>)
20005330:	3304      	adds	r3, #4
20005332:	188a      	adds	r2, r1, r2
20005334:	438a      	bics	r2, r1
20005336:	4222      	tst	r2, r4
20005338:	d108      	bne.n	2000534c <strlen+0x4c>
2000533a:	6859      	ldr	r1, [r3, #4]
2000533c:	4a05      	ldr	r2, [pc, #20]	; (20005354 <strlen+0x54>)
2000533e:	3304      	adds	r3, #4
20005340:	188a      	adds	r2, r1, r2
20005342:	438a      	bics	r2, r1
20005344:	4222      	tst	r2, r4
20005346:	d0f1      	beq.n	2000532c <strlen+0x2c>
20005348:	e000      	b.n	2000534c <strlen+0x4c>
2000534a:	3301      	adds	r3, #1
2000534c:	781a      	ldrb	r2, [r3, #0]
2000534e:	2a00      	cmp	r2, #0
20005350:	d1fb      	bne.n	2000534a <strlen+0x4a>
20005352:	e7e1      	b.n	20005318 <strlen+0x18>
20005354:	fefefeff 	.word	0xfefefeff
20005358:	80808080 	.word	0x80808080

2000535c <_fini>:
2000535c:	b5f8      	push	{r3, r4, r5, r6, r7, lr}
2000535e:	46c0      	nop			; (mov r8, r8)

Disassembly of section .data:

20005360 <mutex_try_enter>:
20005360:	0003      	movs	r3, r0
20005362:	6800      	ldr	r0, [r0, #0]
20005364:	f3ef 8c10 	mrs	ip, PRIMASK
20005368:	b672      	cpsid	i
2000536a:	6802      	ldr	r2, [r0, #0]
2000536c:	2a00      	cmp	r2, #0
2000536e:	d0fc      	beq.n	2000536a <mutex_try_enter+0xa>
20005370:	f3bf 8f5f 	dmb	sy
20005374:	2204      	movs	r2, #4
20005376:	569a      	ldrsb	r2, [r3, r2]
20005378:	2a00      	cmp	r2, #0
2000537a:	db0b      	blt.n	20005394 <mutex_try_enter+0x34>
2000537c:	2900      	cmp	r1, #0
2000537e:	d010      	beq.n	200053a2 <mutex_try_enter+0x42>
20005380:	600a      	str	r2, [r1, #0]
20005382:	2000      	movs	r0, #0
20005384:	681b      	ldr	r3, [r3, #0]
20005386:	f3bf 8f5f 	dmb	sy
2000538a:	2200      	movs	r2, #0
2000538c:	601a      	str	r2, [r3, #0]
2000538e:	f38c 8810 	msr	PRIMASK, ip
20005392:	4770      	bx	lr
20005394:	22d0      	movs	r2, #208	; 0xd0
20005396:	0612      	lsls	r2, r2, #24
20005398:	7812      	ldrb	r2, [r2, #0]
2000539a:	b252      	sxtb	r2, r2
2000539c:	711a      	strb	r2, [r3, #4]
2000539e:	2001      	movs	r0, #1
200053a0:	e7f0      	b.n	20005384 <mutex_try_enter+0x24>
200053a2:	2000      	movs	r0, #0
200053a4:	e7ee      	b.n	20005384 <mutex_try_enter+0x24>
	...

200053a8 <mutex_enter_block_until>:
200053a8:	b5f8      	push	{r3, r4, r5, r6, r7, lr}
200053aa:	46ce      	mov	lr, r9
200053ac:	4647      	mov	r7, r8
200053ae:	b580      	push	{r7, lr}
200053b0:	0004      	movs	r4, r0
200053b2:	0017      	movs	r7, r2
200053b4:	4698      	mov	r8, r3
200053b6:	6803      	ldr	r3, [r0, #0]
200053b8:	2b00      	cmp	r3, #0
200053ba:	d020      	beq.n	200053fe <mutex_enter_block_until+0x56>
200053bc:	23d0      	movs	r3, #208	; 0xd0
200053be:	061b      	lsls	r3, r3, #24
200053c0:	781b      	ldrb	r3, [r3, #0]
200053c2:	b25b      	sxtb	r3, r3
200053c4:	4699      	mov	r9, r3
200053c6:	6826      	ldr	r6, [r4, #0]
200053c8:	f3ef 8c10 	mrs	ip, PRIMASK
200053cc:	b672      	cpsid	i
200053ce:	6835      	ldr	r5, [r6, #0]
200053d0:	2d00      	cmp	r5, #0
200053d2:	d0fc      	beq.n	200053ce <mutex_enter_block_until+0x26>
200053d4:	f3bf 8f5f 	dmb	sy
200053d8:	2504      	movs	r5, #4
200053da:	5765      	ldrsb	r5, [r4, r5]
200053dc:	2d00      	cmp	r5, #0
200053de:	db14      	blt.n	2000540a <mutex_enter_block_until+0x62>
200053e0:	6823      	ldr	r3, [r4, #0]
200053e2:	f3bf 8f5f 	dmb	sy
200053e6:	2200      	movs	r2, #0
200053e8:	601a      	str	r2, [r3, #0]
200053ea:	f38c 8810 	msr	PRIMASK, ip
200053ee:	0038      	movs	r0, r7
200053f0:	4641      	mov	r1, r8
200053f2:	f7fc fb67 	bl	20001ac4 <best_effort_wfe_or_timeout>
200053f6:	2800      	cmp	r0, #0
200053f8:	d0e5      	beq.n	200053c6 <mutex_enter_block_until+0x1e>
200053fa:	2000      	movs	r0, #0
200053fc:	e00f      	b.n	2000541e <mutex_enter_block_until+0x76>
200053fe:	4b0a      	ldr	r3, [pc, #40]	; (20005428 <mutex_enter_block_until+0x80>)
20005400:	4a0a      	ldr	r2, [pc, #40]	; (2000542c <mutex_enter_block_until+0x84>)
20005402:	2185      	movs	r1, #133	; 0x85
20005404:	480a      	ldr	r0, [pc, #40]	; (20005430 <mutex_enter_block_until+0x88>)
20005406:	f7fd f9eb 	bl	200027e0 <__assert_func>
2000540a:	464b      	mov	r3, r9
2000540c:	7123      	strb	r3, [r4, #4]
2000540e:	6823      	ldr	r3, [r4, #0]
20005410:	f3bf 8f5f 	dmb	sy
20005414:	2200      	movs	r2, #0
20005416:	601a      	str	r2, [r3, #0]
20005418:	f38c 8810 	msr	PRIMASK, ip
2000541c:	2001      	movs	r0, #1
2000541e:	bcc0      	pop	{r6, r7}
20005420:	46b9      	mov	r9, r7
20005422:	46b0      	mov	r8, r6
20005424:	bdf8      	pop	{r3, r4, r5, r6, r7, pc}
20005426:	46c0      	nop			; (mov r8, r8)
20005428:	20005910 	.word	0x20005910
2000542c:	200059c8 	.word	0x200059c8
20005430:	200058dc 	.word	0x200058dc

20005434 <mutex_try_enter_block_until>:
20005434:	b570      	push	{r4, r5, r6, lr}
20005436:	b082      	sub	sp, #8
20005438:	0006      	movs	r6, r0
2000543a:	0015      	movs	r5, r2
2000543c:	001c      	movs	r4, r3
2000543e:	a901      	add	r1, sp, #4
20005440:	f7ff ff8e 	bl	20005360 <mutex_try_enter>
20005444:	2800      	cmp	r0, #0
20005446:	d107      	bne.n	20005458 <mutex_try_enter_block_until+0x24>
20005448:	9b01      	ldr	r3, [sp, #4]
2000544a:	b25b      	sxtb	r3, r3
2000544c:	22d0      	movs	r2, #208	; 0xd0
2000544e:	0612      	lsls	r2, r2, #24
20005450:	7812      	ldrb	r2, [r2, #0]
20005452:	b252      	sxtb	r2, r2
20005454:	4293      	cmp	r3, r2
20005456:	d101      	bne.n	2000545c <mutex_try_enter_block_until+0x28>
20005458:	b002      	add	sp, #8
2000545a:	bd70      	pop	{r4, r5, r6, pc}
2000545c:	002a      	movs	r2, r5
2000545e:	0023      	movs	r3, r4
20005460:	0030      	movs	r0, r6
20005462:	f7ff ffa1 	bl	200053a8 <mutex_enter_block_until>
20005466:	e7f7      	b.n	20005458 <mutex_try_enter_block_until+0x24>

20005468 <mutex_exit>:
20005468:	b510      	push	{r4, lr}
2000546a:	6802      	ldr	r2, [r0, #0]
2000546c:	f3ef 8110 	mrs	r1, PRIMASK
20005470:	b672      	cpsid	i
20005472:	6813      	ldr	r3, [r2, #0]
20005474:	2b00      	cmp	r3, #0
20005476:	d0fc      	beq.n	20005472 <mutex_exit+0xa>
20005478:	f3bf 8f5f 	dmb	sy
2000547c:	2304      	movs	r3, #4
2000547e:	56c3      	ldrsb	r3, [r0, r3]
20005480:	2b00      	cmp	r3, #0
20005482:	db0a      	blt.n	2000549a <mutex_exit+0x32>
20005484:	23ff      	movs	r3, #255	; 0xff
20005486:	7103      	strb	r3, [r0, #4]
20005488:	6803      	ldr	r3, [r0, #0]
2000548a:	f3bf 8f5f 	dmb	sy
2000548e:	2200      	movs	r2, #0
20005490:	601a      	str	r2, [r3, #0]
20005492:	f381 8810 	msr	PRIMASK, r1
20005496:	bf40      	sev
20005498:	bd10      	pop	{r4, pc}
2000549a:	4b03      	ldr	r3, [pc, #12]	; (200054a8 <mutex_exit+0x40>)
2000549c:	4a03      	ldr	r2, [pc, #12]	; (200054ac <mutex_exit+0x44>)
2000549e:	21b4      	movs	r1, #180	; 0xb4
200054a0:	4803      	ldr	r0, [pc, #12]	; (200054b0 <mutex_exit+0x48>)
200054a2:	f7fd f99d 	bl	200027e0 <__assert_func>
200054a6:	46c0      	nop			; (mov r8, r8)
200054a8:	20005984 	.word	0x20005984
200054ac:	200059bc 	.word	0x200059bc
200054b0:	200058dc 	.word	0x200058dc

200054b4 <flash_init_boot2_copyout>:
200054b4:	4b09      	ldr	r3, [pc, #36]	; (200054dc <flash_init_boot2_copyout+0x28>)
200054b6:	781b      	ldrb	r3, [r3, #0]
200054b8:	2b00      	cmp	r3, #0
200054ba:	d008      	beq.n	200054ce <flash_init_boot2_copyout+0x1a>
200054bc:	e00c      	b.n	200054d8 <flash_init_boot2_copyout+0x24>
200054be:	009a      	lsls	r2, r3, #2
200054c0:	2180      	movs	r1, #128	; 0x80
200054c2:	0549      	lsls	r1, r1, #21
200054c4:	1851      	adds	r1, r2, r1
200054c6:	6808      	ldr	r0, [r1, #0]
200054c8:	4905      	ldr	r1, [pc, #20]	; (200054e0 <flash_init_boot2_copyout+0x2c>)
200054ca:	5050      	str	r0, [r2, r1]
200054cc:	3301      	adds	r3, #1
200054ce:	2b3f      	cmp	r3, #63	; 0x3f
200054d0:	ddf5      	ble.n	200054be <flash_init_boot2_copyout+0xa>
200054d2:	4b02      	ldr	r3, [pc, #8]	; (200054dc <flash_init_boot2_copyout+0x28>)
200054d4:	2201      	movs	r2, #1
200054d6:	701a      	strb	r2, [r3, #0]
200054d8:	4770      	bx	lr
200054da:	46c0      	nop			; (mov r8, r8)
200054dc:	20006dca 	.word	0x20006dca
200054e0:	2000698c 	.word	0x2000698c

200054e4 <flash_enable_xip_via_boot2>:
200054e4:	b510      	push	{r4, lr}
200054e6:	4b02      	ldr	r3, [pc, #8]	; (200054f0 <flash_enable_xip_via_boot2+0xc>)
200054e8:	3301      	adds	r3, #1
200054ea:	4798      	blx	r3
200054ec:	bd10      	pop	{r4, pc}
200054ee:	46c0      	nop			; (mov r8, r8)
200054f0:	2000698c 	.word	0x2000698c

200054f4 <flash_cs_force>:
200054f4:	2800      	cmp	r0, #0
200054f6:	d00a      	beq.n	2000550e <flash_cs_force+0x1a>
200054f8:	2303      	movs	r3, #3
200054fa:	021b      	lsls	r3, r3, #8
200054fc:	4a05      	ldr	r2, [pc, #20]	; (20005514 <flash_cs_force+0x20>)
200054fe:	6812      	ldr	r2, [r2, #0]
20005500:	4053      	eors	r3, r2
20005502:	22c0      	movs	r2, #192	; 0xc0
20005504:	0092      	lsls	r2, r2, #2
20005506:	4013      	ands	r3, r2
20005508:	4a03      	ldr	r2, [pc, #12]	; (20005518 <flash_cs_force+0x24>)
2000550a:	6013      	str	r3, [r2, #0]
2000550c:	4770      	bx	lr
2000550e:	2302      	movs	r3, #2
20005510:	e7f3      	b.n	200054fa <flash_cs_force+0x6>
20005512:	46c0      	nop			; (mov r8, r8)
20005514:	4001800c 	.word	0x4001800c
20005518:	4001900c 	.word	0x4001900c

2000551c <flash_do_cmd>:
2000551c:	b5f0      	push	{r4, r5, r6, r7, lr}
2000551e:	46d6      	mov	lr, sl
20005520:	464f      	mov	r7, r9
20005522:	4646      	mov	r6, r8
20005524:	b5c0      	push	{r6, r7, lr}
20005526:	0007      	movs	r7, r0
20005528:	000e      	movs	r6, r1
2000552a:	0015      	movs	r5, r2
2000552c:	2318      	movs	r3, #24
2000552e:	469a      	mov	sl, r3
20005530:	881b      	ldrh	r3, [r3, #0]
20005532:	2214      	movs	r2, #20
20005534:	4690      	mov	r8, r2
20005536:	8810      	ldrh	r0, [r2, #0]
20005538:	4928      	ldr	r1, [pc, #160]	; (200055dc <flash_do_cmd+0xc0>)
2000553a:	4798      	blx	r3
2000553c:	4681      	mov	r9, r0
2000553e:	4653      	mov	r3, sl
20005540:	881b      	ldrh	r3, [r3, #0]
20005542:	4642      	mov	r2, r8
20005544:	8810      	ldrh	r0, [r2, #0]
20005546:	4926      	ldr	r1, [pc, #152]	; (200055e0 <flash_do_cmd+0xc4>)
20005548:	4798      	blx	r3
2000554a:	0004      	movs	r4, r0
2000554c:	4653      	mov	r3, sl
2000554e:	881b      	ldrh	r3, [r3, #0]
20005550:	4642      	mov	r2, r8
20005552:	8810      	ldrh	r0, [r2, #0]
20005554:	4923      	ldr	r1, [pc, #140]	; (200055e4 <flash_do_cmd+0xc8>)
20005556:	4798      	blx	r3
20005558:	4680      	mov	r8, r0
2000555a:	464b      	mov	r3, r9
2000555c:	2b00      	cmp	r3, #0
2000555e:	d00c      	beq.n	2000557a <flash_do_cmd+0x5e>
20005560:	2c00      	cmp	r4, #0
20005562:	d00a      	beq.n	2000557a <flash_do_cmd+0x5e>
20005564:	2800      	cmp	r0, #0
20005566:	d008      	beq.n	2000557a <flash_do_cmd+0x5e>
20005568:	f7ff ffa4 	bl	200054b4 <flash_init_boot2_copyout>
2000556c:	47c8      	blx	r9
2000556e:	47a0      	blx	r4
20005570:	2000      	movs	r0, #0
20005572:	f7ff ffbf 	bl	200054f4 <flash_cs_force>
20005576:	002a      	movs	r2, r5
20005578:	e00f      	b.n	2000559a <flash_do_cmd+0x7e>
2000557a:	4b1b      	ldr	r3, [pc, #108]	; (200055e8 <flash_do_cmd+0xcc>)
2000557c:	4a1b      	ldr	r2, [pc, #108]	; (200055ec <flash_do_cmd+0xd0>)
2000557e:	2180      	movs	r1, #128	; 0x80
20005580:	481b      	ldr	r0, [pc, #108]	; (200055f0 <flash_do_cmd+0xd4>)
20005582:	f7fd f92d 	bl	200027e0 <__assert_func>
20005586:	2b00      	cmp	r3, #0
20005588:	d007      	beq.n	2000559a <flash_do_cmd+0x7e>
2000558a:	2a00      	cmp	r2, #0
2000558c:	d005      	beq.n	2000559a <flash_do_cmd+0x7e>
2000558e:	23c0      	movs	r3, #192	; 0xc0
20005590:	055b      	lsls	r3, r3, #21
20005592:	6e1b      	ldr	r3, [r3, #96]	; 0x60
20005594:	7033      	strb	r3, [r6, #0]
20005596:	3a01      	subs	r2, #1
20005598:	3601      	adds	r6, #1
2000559a:	002b      	movs	r3, r5
2000559c:	4313      	orrs	r3, r2
2000559e:	d012      	beq.n	200055c6 <flash_do_cmd+0xaa>
200055a0:	23c0      	movs	r3, #192	; 0xc0
200055a2:	055b      	lsls	r3, r3, #21
200055a4:	6a9c      	ldr	r4, [r3, #40]	; 0x28
200055a6:	2308      	movs	r3, #8
200055a8:	4023      	ands	r3, r4
200055aa:	07a1      	lsls	r1, r4, #30
200055ac:	d5eb      	bpl.n	20005586 <flash_do_cmd+0x6a>
200055ae:	2d00      	cmp	r5, #0
200055b0:	d0e9      	beq.n	20005586 <flash_do_cmd+0x6a>
200055b2:	1b51      	subs	r1, r2, r5
200055b4:	290d      	cmp	r1, #13
200055b6:	d8e6      	bhi.n	20005586 <flash_do_cmd+0x6a>
200055b8:	7838      	ldrb	r0, [r7, #0]
200055ba:	21c0      	movs	r1, #192	; 0xc0
200055bc:	0549      	lsls	r1, r1, #21
200055be:	6608      	str	r0, [r1, #96]	; 0x60
200055c0:	3d01      	subs	r5, #1
200055c2:	3701      	adds	r7, #1
200055c4:	e7df      	b.n	20005586 <flash_do_cmd+0x6a>
200055c6:	2001      	movs	r0, #1
200055c8:	f7ff ff94 	bl	200054f4 <flash_cs_force>
200055cc:	47c0      	blx	r8
200055ce:	f7ff ff89 	bl	200054e4 <flash_enable_xip_via_boot2>
200055d2:	bce0      	pop	{r5, r6, r7}
200055d4:	46ba      	mov	sl, r7
200055d6:	46b1      	mov	r9, r6
200055d8:	46a8      	mov	r8, r5
200055da:	bdf0      	pop	{r4, r5, r6, r7, pc}
200055dc:	00004649 	.word	0x00004649
200055e0:	00005845 	.word	0x00005845
200055e4:	00004346 	.word	0x00004346
200055e8:	20006640 	.word	0x20006640
200055ec:	20006680 	.word	0x20006680
200055f0:	20006554 	.word	0x20006554

200055f4 <ACC_CTRL1_XL_ADDR>:
200055f4:	                                         .

200055f5 <ACC_OUT_TEMP_L_ADDR>:
200055f5:	                                          

200055f6 <ACC_WHO_AM_I_ADDR>:
200055f6:	                                         ..

200055f8 <IMU_RX_PINS>:
200055f8:	00000018 00000010 0000000e 00000012     ................
20005608:	00000016 0000001a 00000015              ............

20005614 <IMU_TX_PINS>:
20005614:	00000019 00000011 0000000f 00000013     ................
20005624:	00000017 0000001b 00000014              ............

20005630 <uart_rx_program>:
20005630:	20005638 0000ff09                       8V. ....

20005638 <uart_rx_program_instructions>:
20005638:	20a0e041 f6262020 00444e01 00814601     A..   &..ND..F..
20005648:	00008020 746c6564 3d3e2061 30322d20      ...delta >= -20
20005658:	26203834 65642026 2061746c 32203d3c     48 && delta <= 2
20005668:	20363430 21202626 6c656428 26206174     046 && !(delta &
20005678:	00293120 6d6f682f 69702f65 6369702f      1)./home/pi/pic
20005688:	69702f6f 732d6f63 732f6b64 722f6372     o/pico-sdk/src/r
20005698:	635f3270 6f6d6d6f 61682f6e 61776472     p2_common/hardwa
200056a8:	695f6572 692f7172 632e7172 00000000     re_irq/irq.c....
200056b8:	65642821 2061746c 31203e3e 00297531     !(delta >> 11u).
200056c8:	72727563 20746e65 5f203d3d 686e755f     current == __unh
200056d8:	6c646e61 755f6465 5f726573 20717269     andled_user_irq 
200056e8:	63207c7c 65727275 3d20746e 6168203d     || current == ha
200056f8:	656c646e 00000072 5f717269 646e6168     ndler...irq_hand
20005708:	635f7265 6e696168 6572665f 6c735f65     er_chain_free_sl
20005718:	685f746f 20646165 30203d3e 00000000     ot_head >= 0....
20005728:	62617476 685f656c 6c646e61 3d207265     vtable_handler =
20005738:	5f5f203d 61686e75 656c646e 73755f64     = __unhandled_us
20005748:	695f7265 00007172 28282821 6e697528     er_irq..!((((uin
20005758:	72747074 7629745f 6c626174 61685f65     tptr_t)vtable_ha
20005768:	656c646e 2d202972 75282820 70746e69     ndler) - ((uintp
20005778:	745f7274 71726929 6e61685f 72656c64     tr_t)irq_handler
20005788:	6168635f 735f6e69 73746f6c 202d2029     _chain_slots) - 
20005798:	73252931 6f657a69 74732866 74637572     1)%sizeof(struct
200057a8:	71726920 6e61685f 72656c64 6168635f      irq_handler_cha
200057b8:	735f6e69 29746f6c 00000029 63317830     in_slot))...0x1c
200057c8:	203d3d20 6e692a28 3e297473 7531313e      == (*inst)>>11u
200057d8:	00000000 63786521 69747065 7c206e6f     ....!exception |
200057e8:	7865207c 74706563 206e6f69 6e203d3d     | exception == n
200057f8:	2b206d75 41545620 5f454c42 53524946     um + VTABLE_FIRS
20005808:	52495f54 00000051 736c6166 00000065     T_IRQ...false...
20005818:	735f7369 65726168 72695f64 61725f71     is_shared_irq_ra
20005828:	61685f77 656c646e 6c732872 685f746f     w_handler(slot_h
20005838:	6c646e61 00297265 65637865 6f697470     andler).exceptio
20005848:	0000006e 6e756f66 00000064              n...found...

20005854 <__func__.0>:
20005854:	5f717269 5f646461 6c696174 5f6f745f     irq_add_tail_to_
20005864:	65657266 73696c5f 00000074              free_list...

20005870 <__func__.1>:
20005870:	65736e69 625f7472 636e6172 6e615f68     insert_branch_an
20005880:	696c5f64 00006b6e                       d_link..

20005888 <__func__.2>:
20005888:	5f717269 6f6d6572 685f6576 6c646e61     irq_remove_handl
20005898:	00007265                                er..

2000589c <__func__.3>:
2000589c:	656b616d 6172625f 0068636e              make_branch.

200058a8 <__func__.4>:
200058a8:	6f736572 5f65766c 6e617262 00006863     resolve_branch..

200058b8 <__func__.6>:
200058b8:	5f717269 5f746573 6c637865 76697375     irq_set_exclusiv
200058c8:	61685f65 656c646e 00000072 61746f74     e_handler...tota
200058d8:	0000006c 6d6f682f 69702f65 6369702f     l.../home/pi/pic
200058e8:	69702f6f 732d6f63 732f6b64 632f6372     o/pico-sdk/src/c
200058f8:	6f6d6d6f 69702f6e 735f6f63 2f636e79     ommon/pico_sync/
20005908:	6574756d 00632e78 2d78746d 726f633e     mutex.c.mtx->cor
20005918:	70732e65 6c5f6e69 006b636f 735f7375     e.spin_lock.us_s
20005928:	65636e69 6f6f625f 3d3c2074 544e4920     ince_boot <= INT
20005938:	4d5f3436 00005841 6d6f682f 69702f65     64_MAX../home/pi
20005948:	6369702f 69702f6f 732d6f63 732f6b64     /pico/pico-sdk/s
20005958:	632f6372 6f6d6d6f 69702f6e 625f6f63     rc/common/pico_b
20005968:	2f657361 6c636e69 2f656475 6f636970     ase/include/pico
20005978:	7079742f 682e7365 00000000 6b636f6c     /types.h....lock
20005988:	5f73695f 656e776f 64695f72 6c61765f     _is_owner_id_val
20005998:	6d286469 3e2d7874 656e776f 00002972     id(mtx->owner)..
200059a8:	2d78746d 746e653e 635f7265 746e756f     mtx->enter_count
200059b8:	00000000                                ....

200059bc <__func__.1>:
200059bc:	6574756d 78655f78 00007469              mutex_exit..

200059c8 <__func__.3>:
200059c8:	6574756d 6e655f78 5f726574 636f6c62     mutex_enter_bloc
200059d8:	6e755f6b 006c6974 3e2d7472 72616c61     k_until.rt->alar
200059e8:	64695f6d 203d3d20 00006469 6d6f682f     m_id == id../hom
200059f8:	69702f65 6369702f 69702f6f 732d6f63     e/pi/pico/pico-s
20005a08:	732f6b64 632f6372 6f6d6d6f 69702f6e     dk/src/common/pi
20005a18:	745f6f63 2f656d69 656d6974 0000632e     co_time/time.c..
20005a28:	26206469 64692026 203d3c20 6c6f6f70     id && id <= pool
20005a38:	65683e2d 3e2d7061 5f78616d 65646f6e     ->heap->max_node
20005a48:	00000073 26206469 64692026 203d3c20     s...id && id <= 
20005a58:	70616568 616d3e2d 6f6e5f78 00736564     heap->max_nodes.
20005a68:	6d6f682f 69702f65 6369702f 69702f6f     /home/pi/pico/pi
20005a78:	732d6f63 732f6b64 632f6372 6f6d6d6f     co-sdk/src/commo
20005a88:	69702f6e 755f6f63 2f6c6974 6c636e69     n/pico_util/incl
20005a98:	2f656475 6f636970 6974752f 68702f6c     ude/pico/util/ph
20005aa8:	2e706165 00000068 65726170 695f746e     eap.h...parent_i
20005ab8:	00000064 6c696863 64695f64 00000000     d...child_id....
20005ac8:	65726170 695f746e 3d212064 69686320     parent_id != chi
20005ad8:	695f646c 00000064 5f687021 746e6f63     ld_id...!ph_cont
20005ae8:	736e6961 646f6e5f 6f702865 3e2d6c6f     ains_node(pool->
20005af8:	70616568 6572202c 5f657375 00296469     heap, reuse_id).
20005b08:	6f6d6572 5f646576 3d206469 656e203d     removed_id == ne
20005b18:	695f7478 00000064 6c6c6163 6b636162     xt_id...callback
20005b28:	00000000 6c6f6f70 6c613e2d 5f6d7261     ....pool->alarm_
20005b38:	705f6e69 72676f72 20737365 6d203d3d     in_progress == m
20005b48:	5f656b61 6c627570 695f6369 64692864     ake_public_id(id
20005b58:	6769685f 6e202c68 5f747865 00296469     _high, next_id).
20005b68:	26206469 70212026 6f635f68 6961746e     id && !ph_contai
20005b78:	6e5f736e 2865646f 70616568 6469202c     ns_node(heap, id
20005b88:	00000029 61656821 663e2d70 5f656572     )...!heap->free_
20005b98:	6c696174 0064695f 61666564 5f746c75     tail_id.default_
20005ba8:	72616c61 6f705f6d 695f6c6f 6974696e     alarm_pool_initi
20005bb8:	7a696c61 29286465 00000000 72616c61     alized()....alar
20005bc8:	64695f6d 203d2120 6c6f6f70 6c613e2d     m_id != pool->al
20005bd8:	5f6d7261 705f6e69 72676f72 00737365     arm_in_progress.
20005be8:	00006372 65747441 6574706d 6f742064     rc..Attempted to
20005bf8:	656c7320 69207065 6469736e 666f2065      sleep inside of
20005c08:	206e6120 65637865 6f697470 6168206e      an exception ha
20005c18:	656c646e 75203b72 62206573 5f797375     ndler; use busy_
20005c28:	74696177 20666920 20756f79 7473756d     wait if you must
20005c38:	00000000                                ....

20005c3c <__func__.1>:
20005c3c:	72616c61 6f705f6d 635f6c6f 65636e61     alarm_pool_cance
20005c4c:	6c615f6c 006d7261                       l_alarm.

20005c54 <__func__.10>:
20005c54:	61647075 755f6574 69735f73 5f65636e     update_us_since_
20005c64:	746f6f62 00000000                       boot....

20005c6c <__func__.11>:
20005c6c:	72616c61 6f705f6d 615f6c6f 6d72616c     alarm_pool_alarm
20005c7c:	6c61635f 6361626c 0000006b              _callback...

20005c88 <__func__.12>:
20005c88:	5f746567 72746e65 00000079              get_entry...

20005c94 <__func__.3>:
20005c94:	72616c61 6f705f6d 675f6c6f 645f7465     alarm_pool_get_d
20005ca4:	75616665 0000746c                       efault..

20005cac <__func__.4>:
20005cac:	5f746567 72746e65 64695f79 6769685f     get_entry_id_hig
20005cbc:	00000068                                h...

20005cc0 <__func__.5>:
20005cc0:	665f6870 5f656572 65646f6e 00000000     ph_free_node....

20005cd0 <__func__.6>:
20005cd0:	615f6870 635f6464 646c6968 646f6e5f     ph_add_child_nod
20005ce0:	00000065                                e...

20005ce4 <__func__.7>:
20005ce4:	695f6870 7265736e 6f6e5f74 00006564     ph_insert_node..

20005cf4 <__func__.8>:
20005cf4:	675f6870 6e5f7465 0065646f              ph_get_node.

20005d00 <__func__.9>:
20005d00:	5f646461 72616c61 6e755f6d 5f726564     add_alarm_under_
20005d10:	6b636f6c 00000000 64726148 65726177     lock....Hardware
20005d20:	616c6120 25206d72 6c612064 64616572      alarm %d alread
20005d30:	6c632079 656d6961 00000064 656d6974     y claimed...time
20005d40:	77685f72 6e693e2d 26207374 20753120     r_hw->ints & 1u 
20005d50:	61203c3c 6d72616c 6d756e5f 00000000     << alarm_num....
20005d60:	6d6f682f 69702f65 6369702f 69702f6f     /home/pi/pico/pi
20005d70:	732d6f63 732f6b64 722f6372 635f3270     co-sdk/src/rp2_c
20005d80:	6f6d6d6f 61682f6e 61776472 745f6572     ommon/hardware_t
20005d90:	72656d69 6d69742f 632e7265 00000000     imer/timer.c....

20005da0 <__func__.0>:
20005da0:	64726168 65726177 616c615f 735f6d72     hardware_alarm_s
20005db0:	745f7465 65677261 00000074              et_target...

20005dbc <__func__.1>:
20005dbc:	61647075 755f6574 69735f73 5f65636e     update_us_since_
20005dcc:	746f6f62 00000000 746f6f72 0064695f     boot....root_id.
20005ddc:	6d6f682f 69702f65 6369702f 69702f6f     /home/pi/pico/pi
20005dec:	732d6f63 732f6b64 632f6372 6f6d6d6f     co-sdk/src/commo
20005dfc:	69702f6e 755f6f63 2f6c6974 61656870     n/pico_util/phea
20005e0c:	00632e70 5f687021 5f746567 65646f6e     p.c.!ph_get_node
20005e1c:	61656828 72202c70 5f746f6f 2d296469     (heap, root_id)-
20005e2c:	6269733e 676e696c 00000000 5f687021     >sibling....!ph_
20005e3c:	5f746567 65646f6e 61656828 72202c70     get_node(heap, r
20005e4c:	5f746f6f 2d296469 7261703e 00746e65     oot_id)->parent.
20005e5c:	5f77656e 5f627573 65657274 203d2120     new_sub_tree != 
20005e6c:	70616568 6f723e2d 695f746f 00000064     heap->root_id...

20005e7c <__func__.0>:
20005e7c:	725f6870 766f6d65 6e615f65 72665f64     ph_remove_and_fr
20005e8c:	6e5f6565 0065646f                       ee_node.

20005e94 <__func__.1>:
20005e94:	725f6870 766f6d65 6e615f65 65685f79     ph_remove_any_he
20005ea4:	00006461                                ad..

20005ea8 <__func__.2>:
20005ea8:	615f6870 635f6464 646c6968 646f6e5f     ph_add_child_nod
20005eb8:	00000065                                e...

20005ebc <__func__.3>:
20005ebc:	675f6870 6e5f7465 0065646f 5f637273     ph_get_node.src_
20005ecc:	71657266 203d3e20 71657266 00000000     freq >= freq....
20005edc:	6d6f682f 69702f65 6369702f 69702f6f     /home/pi/pico/pi
20005eec:	732d6f63 732f6b64 722f6372 635f3270     co-sdk/src/rp2_c
20005efc:	6f6d6d6f 61682f6e 61776472 635f6572     ommon/hardware_c
20005f0c:	6b636f6c 6c632f73 736b636f 0000632e     locks/clocks.c..

20005f1c <__func__.1>:
20005f1c:	636f6c63 6f635f6b 6769666e 00657275     clock_configure.
20005f2c:	5f6f6376 71657266 203d3e20 43495028     vco_freq >= (PIC
20005f3c:	4c505f4f 43565f4c 494d5f4f 52465f4e     O_PLL_VCO_MIN_FR
20005f4c:	4b5f5145 2a205a48 5a484b20 26262029     EQ_KHZ * KHZ) &&
20005f5c:	6f637620 6572665f 3d3c2071 49502820      vco_freq <= (PI
20005f6c:	505f4f43 565f4c4c 4d5f4f43 465f5841     CO_PLL_VCO_MAX_F
20005f7c:	5f514552 205a484b 484b202a 0000295a     REQ_KHZ * KHZ)..
20005f8c:	6d6f682f 69702f65 6369702f 69702f6f     /home/pi/pico/pi
20005f9c:	732d6f63 732f6b64 722f6372 635f3270     co-sdk/src/rp2_c
20005fac:	6f6d6d6f 61682f6e 61776472 705f6572     ommon/hardware_p
20005fbc:	702f6c6c 632e6c6c 00000000 69646266     ll/pll.c....fbdi
20005fcc:	3d3e2076 20363120 66202626 76696462     v >= 16 && fbdiv
20005fdc:	203d3c20 00303233 736f7028 69645f74      <= 320.(post_di
20005fec:	3e203176 2031203d 70202626 5f74736f     v1 >= 1 && post_
20005ffc:	31766964 203d3c20 26202937 70282026     div1 <= 7) && (p
2000600c:	5f74736f 32766964 203d3e20 26262031     ost_div2 >= 1 &&
2000601c:	736f7020 69645f74 3c203276 2937203d      post_div2 <= 7)
2000602c:	00000000 5f666572 71657266 203d3c20     ....ref_freq <= 
2000603c:	6f637628 6572665f 202f2071 00293631     (vco_freq / 16).

2000604c <__func__.0>:
2000604c:	5f6c6c70 74696e69 00000000 7566202c     pll_init...., fu
2000605c:	6974636e 203a6e6f 00000000 65737361     nction: ....asse
2000606c:	6f697472 2522206e 66202273 656c6961     rtion "%s" faile
2000607c:	66203a64 20656c69 22732522 696c202c     d: file "%s", li
2000608c:	2520656e 25732564 00000a73 3d3d2031     ne %d%s%s...1 ==
2000609c:	69752820 7470746e 29745f72 733e2d6c      (uintptr_t)l->s
200060ac:	5f6e6970 6b636f6c 00000000 6d6f682f     pin_lock..../hom
200060bc:	69702f65 6369702f 69702f6f 732d6f63     e/pi/pico/pico-s
200060cc:	732f6b64 722f6372 635f3270 6f6d6d6f     dk/src/rp2_commo
200060dc:	69702f6e 725f6f63 69746e75 722f656d     n/pico_runtime/r
200060ec:	69746e75 632e656d 00000000 2a2a2a0a     untime.c.....***
200060fc:	4e415020 2a204349 000a2a2a 0000000a      PANIC ***......

2000610c <__func__.2>:
2000610c:	746e7572 5f656d69 74696e69 00000000     runtime_init....
2000611c:	00696e66 2b696e66 00000000 006e616e     fni.fni+....nan.
2000612c:	2d696e66 00000000 200034ee 2000349e     fni-.....4. .4. 
2000613c:	2000349e 200034f8 2000349e 2000349e     .4. .4. .4. .4. 
2000614c:	2000349e 2000349e 2000349e 2000349e     .4. .4. .4. .4. 
2000615c:	2000349e 200034e4 2000349e 200034da     .4. .4. .4. .4. 
2000616c:	2000349e 2000349e 200034d0 20003590     .4. .4. .4. .5. 
2000617c:	200035b6 200035ce 200035b6 20003570     .5. .5. .5. p5. 
2000618c:	200035b6 200035b6 200035b6 200035b6     .5. .5. .5. .5. 
2000619c:	200035b6 200035b6 200035b6 200035ac     .5. .5. .5. .5. 
200061ac:	200035b6 200035b6 200035b6 200035b6     .5. .5. .5. .5. 
200061bc:	200035b6 200035da 20003a0a 20003a20     .5. .5. .:.  :. 
200061cc:	20003a20 20003a20 20003a20 20003a20      :.  :.  :.  :. 
200061dc:	20003a20 20003a20 20003a20 20003a20      :.  :.  :.  :. 
200061ec:	20003a20 20003a20 20003a20 20003a20      :.  :.  :.  :. 
200061fc:	20003a20 20003a20 20003a20 20003a20      :.  :.  :.  :. 
2000620c:	20003a20 20003a20 20003a20 20003a20      :.  :.  :.  :. 
2000621c:	20003a20 20003a20 20003a20 20003a20      :.  :.  :.  :. 
2000622c:	20003a20 20003a20 20003a20 20003a20      :.  :.  :.  :. 
2000623c:	20003a20 20003a20 20003832 200037f2      :.  :. 28. .7. 
2000624c:	20003832 20003a20 20003a20 20003a20     28.  :.  :.  :. 
2000625c:	20003a20 20003a20 20003a20 20003a20      :.  :.  :.  :. 
2000626c:	20003a20 20003a20 20003a20 20003a20      :.  :.  :.  :. 
2000627c:	20003a20 20003a20 20003a20 20003a20      :.  :.  :.  :. 
2000628c:	20003a20 200035e6 20003a20 20003a20      :. .5.  :.  :. 
2000629c:	20003a20 20003a20 20003a20 20003a20      :.  :.  :.  :. 
200062ac:	20003a20 20003a20 20003a20 200035e6      :.  :.  :. .5. 
200062bc:	20003882 200035e6 20003832 200037f2     .8. .5. 28. .7. 
200062cc:	20003832 20003a20 200035e6 20003a20     28.  :. .5.  :. 
200062dc:	20003a20 20003a20 20003a20 20003a20      :.  :.  :.  :. 
200062ec:	200035e6 200039d4 20003a20 20003a20     .5. .9.  :.  :. 
200062fc:	200038fa 20003a20 200035e6 20003a20     .8.  :. .5.  :. 
2000630c:	20003a20 200035e6 00000000               :. .5. ....

20006318 <pow10.0>:
20006318:	00000000 3ff00000 00000000 40240000     .......?......$@
20006328:	00000000 40590000 00000000 408f4000     ......Y@.....@.@
20006338:	00000000 40c38800 00000000 40f86a00     .......@.....j.@
20006348:	00000000 412e8480 00000000 416312d0     .......A......cA
20006358:	00000000 4197d784 00000000 41cdcd65     .......A....e..A
20006368:	7528282a 38746e69 2a20745f 6d6f7229     *((uint8_t *)rom
20006378:	7461645f 6f6c5f61 70756b6f 6d6f7228     _data_lookup(rom
20006388:	6261745f 635f656c 2865646f 2c275327     _table_code('S',
20006398:	27462720 322d2929 202a2029 3d3e2034      'F'))-2) * 4 >=
200063a8:	5f465320 4c424154 32565f45 5a49535f      SF_TABLE_V2_SIZ
200063b8:	00000045 6d6f682f 69702f65 6369702f     E.../home/pi/pic
200063c8:	69702f6f 732d6f63 732f6b64 722f6372     o/pico-sdk/src/r
200063d8:	635f3270 6f6d6d6f 69702f6e 645f6f63     p2_common/pico_d
200063e8:	6c62756f 6f642f65 656c6275 696e695f     ouble/double_ini
200063f8:	6f725f74 00632e6d                       t_rom.c.

20006400 <__func__.0>:
20006400:	65615f5f 5f696261 62756f64 695f656c     __aeabi_double_i
20006410:	0074696e 7528282a 38746e69 2a20745f     nit.*((uint8_t *
20006420:	6d6f7229 6261745f 322d656c 202a2029     )rom_table-2) * 
20006430:	3d3e2034 5f465320 4c424154 32565f45     4 >= SF_TABLE_V2
20006440:	5a49535f 00000045 6d6f682f 69702f65     _SIZE.../home/pi
20006450:	6369702f 69702f6f 732d6f63 732f6b64     /pico/pico-sdk/s
20006460:	722f6372 635f3270 6f6d6d6f 69702f6e     rc/rp2_common/pi
20006470:	665f6f63 74616f6c 6f6c662f 695f7461     co_float/float_i
20006480:	5f74696e 2e6d6f72 00000063              nit_rom.c...

2000648c <__func__.0>:
2000648c:	65615f5f 5f696261 616f6c66 6e695f74     __aeabi_float_in
2000649c:	00007469 75626544 00000067 746f6f62     it..Debug...boot
200064ac:	32775f32 38307135 00000030 2e352e31     2_w25q080...1.5.
200064bc:	00000031 6f636970 00000000 41554d49     1...pico....IMUA
200064cc:	74706164 69467265 61776d72 00006572     dapterFirmware..
200064dc:	20727041 32203332 00353230              Apr 23 2025.

200064e8 <__bi_44>:
200064e8:	50520006 b63cffbb 200064c0              ..RP..<..d. 

200064f4 <__bi_75>:
200064f4:	50520006 7f8882e1 200064a8              ..RP.....d. 

20006500 <__bi_81>:
20006500:	50520006 4275f0d3 200064a0              ..RP..uB.d. 

2000650c <__func__.3>:
2000650c:	61647075 755f6574 69735f73 5f65636e     update_us_since_
2000651c:	746f6f62 00000000                       boot....

20006524 <crlf_str.2>:
20006524:	00000a0d 73616c66 666f5f68 2b207366     ....flash_offs +
20006534:	756f6320 3c20746e 4950203d 465f4f43      count <= PICO_F
20006544:	4853414c 5a49535f 59425f45 00534554     LASH_SIZE_BYTES.
20006554:	6d6f682f 69702f65 6369702f 69702f6f     /home/pi/pico/pi
20006564:	732d6f63 732f6b64 722f6372 635f3270     co-sdk/src/rp2_c
20006574:	6f6d6d6f 61682f6e 61776472 665f6572     ommon/hardware_f
20006584:	6873616c 616c662f 632e6873 00000000     lash/flash.c....
20006594:	6e6e6f63 5f746365 65746e69 6c616e72     connect_internal
200065a4:	616c665f 26206873 6c662026 5f687361     _flash && flash_
200065b4:	74697865 7069785f 20262620 73616c66     exit_xip && flas
200065c4:	61725f68 5f65676e 73617265 26262065     h_range_erase &&
200065d4:	616c6620 665f6873 6873756c 6361635f      flash_flush_cac
200065e4:	00006568 6e6e6f63 5f746365 65746e69     he..connect_inte
200065f4:	6c616e72 616c665f 26206873 6c662026     rnal_flash && fl
20006604:	5f687361 74697865 7069785f 20262620     ash_exit_xip && 
20006614:	73616c66 61725f68 5f65676e 676f7270     flash_range_prog
20006624:	206d6172 66202626 6873616c 756c665f     ram && flash_flu
20006634:	635f6873 65686361 00000000 6e6e6f63     sh_cache....conn
20006644:	5f746365 65746e69 6c616e72 616c665f     ect_internal_fla
20006654:	26206873 6c662026 5f687361 74697865     sh && flash_exit
20006664:	7069785f 20262620 73616c66 6c665f68     _xip && flash_fl
20006674:	5f687375 68636163 00000065              ush_cache...

20006680 <__func__.0>:
20006680:	73616c66 6f645f68 646d635f 00000000     flash_do_cmd....
20006690:	676f7270 2d6d6172 6e656c3e 20687467     program->length 
200066a0:	50203d3c 495f4f49 5254534e 49544355     <= PIO_INSTRUCTI
200066b0:	435f4e4f 544e554f 00000000 6d6f682f     ON_COUNT..../hom
200066c0:	69702f65 6369702f 69702f6f 732d6f63     e/pi/pico/pico-s
200066d0:	732f6b64 722f6372 635f3270 6f6d6d6f     dk/src/rp2_commo
200066e0:	61682f6e 61776472 705f6572 702f6f69     n/hardware_pio/p
200066f0:	632e6f69 00000000 70206f4e 72676f72     io.c....No progr
20006700:	73206d61 65636170 00000000              am space....

2000670c <__func__.1>:
2000670c:	6f69705f 6e69665f 666f5f64 74657366     _pio_find_offset
2000671c:	726f665f 6f72705f 6d617267 00000000     _for_program....
2000672c:	5f616473 685f7874 5f646c6f 6e756f63     sda_tx_hold_coun
2000673c:	3d3c2074 6e636c20 202d2074 00000032     t <= lcnt - 2...
2000674c:	6d6f682f 69702f65 6369702f 69702f6f     /home/pi/pico/pi
2000675c:	732d6f63 732f6b64 722f6372 635f3270     co-sdk/src/rp2_c
2000676c:	6f6d6d6f 61682f6e 61776472 695f6572     ommon/hardware_i
2000677c:	692f6332 632e6332 00000000              2c/i2c.c....

20006788 <__func__.0>:
20006788:	5f633269 5f746573 64756162 65746172     i2c_set_baudrate
20006798:	00000000                                ....

2000679c <striped_spin_lock_num>:
2000679c:	00000010                                ....

200067a0 <irq_handler_chain_slots>:
200067a0:	00000000 	.word	0x00000000
200067a4:	00010000 	.word	0x00010000
	...
200067b0:	00020000 	.word	0x00020000
	...
200067bc:	00030000 	.word	0x00030000
	...
200067c8:	00ff0000 	.word	0x00ff0000
200067cc:	00000000 	.word	0x00000000

200067d0 <irq_handler_chain_first_slot>:
200067d0:	b501      	push	{r0, lr}
200067d2:	6848      	ldr	r0, [r1, #4]
200067d4:	3101      	adds	r1, #1
200067d6:	468e      	mov	lr, r1
200067d8:	4700      	bx	r0

200067da <irq_handler_chain_remove_tail>:
200067da:	4670      	mov	r0, lr
200067dc:	3809      	subs	r0, #9
200067de:	4901      	ldr	r1, [pc, #4]	; (200067e4 <irq_handler_chain_remove_tail+0xa>)
200067e0:	4788      	blx	r1
200067e2:	bd01      	pop	{r0, pc}
200067e4:	20000ebd 	.word	0x20000ebd

200067e8 <default_alarm_pool>:
200067e8:	20006800 00000000 20006858 20006ab4     .h. ....Xh. .j. 
	...

20006800 <default_alarm_pool_heap>:
20006800:	20006ac4 00000000 00000000 00000010     .j. ............

20006810 <aeabi_bits_funcs>:
20006810:	00003350 	.word	0x00003350
20006814:	0000334c 	.word	0x0000334c
20006818:	00003354 	.word	0x00003354
2000681c:	00003352 	.word	0x00003352

20006820 <aeabi_bits_funcs_end>:
20006820:	0000534d 	.word	0x0000534d
20006824:	0000434d 	.word	0x0000434d
20006828:	00003453 	.word	0x00003453
2000682c:	00003443 	.word	0x00003443

20006830 <i2c0_inst>:
20006830:	40044000 00000000                       .@.@....

20006838 <print_mutex>:
	...

20006840 <__mutex_array_end>:
20006840:	20004919 	.word	0x20004919
20006844:	20003a85 	.word	0x20003a85
20006848:	20004185 	.word	0x20004185
2000684c:	200047e9 	.word	0x200047e9

20006850 <__frame_dummy_init_array_entry>:
20006850:	20000139 20004bd1                       9.. .K. 
