
/home/pi/NN2022Code/DetBoardFirmware/build/DetBoardFirmware.elf:     file format elf32-littlearm

Sections:
Idx Name          Size      VMA       LMA       File off  Algn
  0 .boot2        00000100  10000000  10000000  00001000  2**0
                  CONTENTS, ALLOC, LOAD, READONLY, CODE
  1 .flashtext    000001d8  10000100  10000100  00001100  2**3
                  CONTENTS, ALLOC, LOAD, READONLY, CODE
  2 .rodata       00000000  100002d8  100002d8  00007c80  2**0
                  CONTENTS, ALLOC, LOAD, DATA
  3 .binary_info  0000001c  100002d8  100002d8  000012d8  2**2
                  CONTENTS, ALLOC, LOAD, READONLY, DATA
  4 .ram_vector_table 000000c0  20000000  20000000  00008000  2**2
                  ALLOC
  5 .text         00004730  200000c0  100002f4  000020c0  2**2
                  CONTENTS, ALLOC, LOAD, READONLY, CODE
  6 .data         00001490  200047f0  10004a24  000067f0  2**4
                  CONTENTS, ALLOC, LOAD, CODE
  7 .uninitialized_data 00000000  20005c80  20005c80  00007c80  2**0
                  CONTENTS
  8 .scratch_x    00000000  20040000  20040000  00007c80  2**0
                  CONTENTS
  9 .scratch_y    00000000  20041000  20041000  00007c80  2**0
                  CONTENTS
 10 .bss          000004dc  20005c80  20005c80  00007c80  2**3
                  ALLOC
 11 .heap         00000800  2000615c  2000615c  00007c80  2**2
                  CONTENTS, READONLY
 12 .stack_dummy  00000800  20041000  20041000  00008480  2**5
                  CONTENTS, READONLY
 13 .ARM.attributes 00000028  00000000  00000000  00008c80  2**0
                  CONTENTS, READONLY
 14 .comment      00000033  00000000  00000000  00008ca8  2**0
                  CONTENTS, READONLY
 15 .debug_info   0001b0b8  00000000  00000000  00008cdb  2**0
                  CONTENTS, READONLY, DEBUGGING, OCTETS
 16 .debug_abbrev 00004bca  00000000  00000000  00023d93  2**0
                  CONTENTS, READONLY, DEBUGGING, OCTETS
 17 .debug_loc    000126da  00000000  00000000  0002895d  2**0
                  CONTENTS, READONLY, DEBUGGING, OCTETS
 18 .debug_aranges 00000ec8  00000000  00000000  0003b038  2**3
                  CONTENTS, READONLY, DEBUGGING, OCTETS
 19 .debug_ranges 00004050  00000000  00000000  0003bf00  2**3
                  CONTENTS, READONLY, DEBUGGING, OCTETS
 20 .debug_line   0000f48b  00000000  00000000  0003ff50  2**0
                  CONTENTS, READONLY, DEBUGGING, OCTETS
 21 .debug_str    00004592  00000000  00000000  0004f3db  2**0
                  CONTENTS, READONLY, DEBUGGING, OCTETS
 22 .debug_frame  00001c6c  00000000  00000000  00053970  2**2
                  CONTENTS, READONLY, DEBUGGING, OCTETS

/home/pi/NN2022Code/DetBoardFirmware/build/DetBoardFirmware.elf:     file format elf32-littlearm


Disassembly of section .boot2:

10000000 <__boot2_start__>:
10000000:	4b32b500 	.word	0x4b32b500
10000004:	60582021 	.word	0x60582021
10000008:	21026898 	.word	0x21026898
1000000c:	60984388 	.word	0x60984388
10000010:	611860d8 	.word	0x611860d8
10000014:	4b2e6158 	.word	0x4b2e6158
10000018:	60992100 	.word	0x60992100
1000001c:	61592104 	.word	0x61592104
10000020:	22f02101 	.word	0x22f02101
10000024:	492b5099 	.word	0x492b5099
10000028:	21016019 	.word	0x21016019
1000002c:	20356099 	.word	0x20356099
10000030:	f844f000 	.word	0xf844f000
10000034:	42902202 	.word	0x42902202
10000038:	2106d014 	.word	0x2106d014
1000003c:	f0006619 	.word	0xf0006619
10000040:	6e19f834 	.word	0x6e19f834
10000044:	66192101 	.word	0x66192101
10000048:	66182000 	.word	0x66182000
1000004c:	f000661a 	.word	0xf000661a
10000050:	6e19f82c 	.word	0x6e19f82c
10000054:	6e196e19 	.word	0x6e196e19
10000058:	f0002005 	.word	0xf0002005
1000005c:	2101f82f 	.word	0x2101f82f
10000060:	d1f94208 	.word	0xd1f94208
10000064:	60992100 	.word	0x60992100
10000068:	6019491b 	.word	0x6019491b
1000006c:	60592100 	.word	0x60592100
10000070:	481b491a 	.word	0x481b491a
10000074:	21016001 	.word	0x21016001
10000078:	21eb6099 	.word	0x21eb6099
1000007c:	21a06619 	.word	0x21a06619
10000080:	f0006619 	.word	0xf0006619
10000084:	2100f812 	.word	0x2100f812
10000088:	49166099 	.word	0x49166099
1000008c:	60014814 	.word	0x60014814
10000090:	60992101 	.word	0x60992101
10000094:	2800bc01 	.word	0x2800bc01
10000098:	4700d000 	.word	0x4700d000
1000009c:	49134812 	.word	0x49134812
100000a0:	c8036008 	.word	0xc8036008
100000a4:	8808f380 	.word	0x8808f380
100000a8:	b5034708 	.word	0xb5034708
100000ac:	20046a99 	.word	0x20046a99
100000b0:	d0fb4201 	.word	0xd0fb4201
100000b4:	42012001 	.word	0x42012001
100000b8:	bd03d1f8 	.word	0xbd03d1f8
100000bc:	6618b502 	.word	0x6618b502
100000c0:	f7ff6618 	.word	0xf7ff6618
100000c4:	6e18fff2 	.word	0x6e18fff2
100000c8:	bd026e18 	.word	0xbd026e18
100000cc:	40020000 	.word	0x40020000
100000d0:	18000000 	.word	0x18000000
100000d4:	00070000 	.word	0x00070000
100000d8:	005f0300 	.word	0x005f0300
100000dc:	00002221 	.word	0x00002221
100000e0:	180000f4 	.word	0x180000f4
100000e4:	a0002022 	.word	0xa0002022
100000e8:	10000100 	.word	0x10000100
100000ec:	e000ed08 	.word	0xe000ed08
	...
100000fc:	d58f0b07 	.word	0xd58f0b07

Disassembly of section .flashtext:

10000100 <__VECTOR_TABLE>:
10000100:	20042000 	.word	0x20042000
10000104:	100001f7 	.word	0x100001f7
10000108:	100001c3 	.word	0x100001c3
1000010c:	100001c5 	.word	0x100001c5
10000110:	100001c1 	.word	0x100001c1
10000114:	100001c1 	.word	0x100001c1
10000118:	100001c1 	.word	0x100001c1
1000011c:	100001c1 	.word	0x100001c1
10000120:	100001c1 	.word	0x100001c1
10000124:	100001c1 	.word	0x100001c1
10000128:	100001c1 	.word	0x100001c1
1000012c:	100001c7 	.word	0x100001c7
10000130:	100001c1 	.word	0x100001c1
10000134:	100001c1 	.word	0x100001c1
10000138:	100001c9 	.word	0x100001c9
1000013c:	100001cb 	.word	0x100001cb
10000140:	100001cd 	.word	0x100001cd
10000144:	100001cd 	.word	0x100001cd
10000148:	100001cd 	.word	0x100001cd
1000014c:	100001cd 	.word	0x100001cd
10000150:	100001cd 	.word	0x100001cd
10000154:	100001cd 	.word	0x100001cd
10000158:	100001cd 	.word	0x100001cd
1000015c:	100001cd 	.word	0x100001cd
10000160:	100001cd 	.word	0x100001cd
10000164:	100001cd 	.word	0x100001cd
10000168:	100001cd 	.word	0x100001cd
1000016c:	100001cd 	.word	0x100001cd
10000170:	100001cd 	.word	0x100001cd
10000174:	100001cd 	.word	0x100001cd
10000178:	100001cd 	.word	0x100001cd
1000017c:	100001cd 	.word	0x100001cd
10000180:	100001cd 	.word	0x100001cd
10000184:	100001cd 	.word	0x100001cd
10000188:	100001cd 	.word	0x100001cd
1000018c:	100001cd 	.word	0x100001cd
10000190:	100001cd 	.word	0x100001cd
10000194:	100001cd 	.word	0x100001cd
10000198:	100001cd 	.word	0x100001cd
1000019c:	100001cd 	.word	0x100001cd
100001a0:	100001cd 	.word	0x100001cd
100001a4:	100001cd 	.word	0x100001cd
100001a8:	100001cd 	.word	0x100001cd
100001ac:	100001cd 	.word	0x100001cd
100001b0:	100001cd 	.word	0x100001cd
100001b4:	100001cd 	.word	0x100001cd
100001b8:	100001cd 	.word	0x100001cd
100001bc:	100001cd 	.word	0x100001cd

100001c0 <isr_invalid>:
100001c0:	be00      	bkpt	0x0000

100001c2 <isr_nmi>:
100001c2:	be00      	bkpt	0x0000

100001c4 <isr_hardfault>:
100001c4:	be00      	bkpt	0x0000

100001c6 <isr_svcall>:
100001c6:	be00      	bkpt	0x0000

100001c8 <isr_pendsv>:
100001c8:	be00      	bkpt	0x0000

100001ca <isr_systick>:
100001ca:	be00      	bkpt	0x0000

100001cc <__unhandled_user_irq>:
100001cc:	f3ef 8005 	mrs	r0, IPSR
100001d0:	3810      	subs	r0, #16

100001d2 <unhandled_user_irq_num_in_r0>:
100001d2:	be00      	bkpt	0x0000

100001d4 <binary_info_header>:
100001d4:	7188ebf2 	.word	0x7188ebf2
100001d8:	100002d8 	.word	0x100002d8
100001dc:	100002f4 	.word	0x100002f4
100001e0:	10000234 	.word	0x10000234
100001e4:	e71aa390 	.word	0xe71aa390

100001e8 <_entry_point>:
100001e8:	2000      	movs	r0, #0
100001ea:	4922      	ldr	r1, [pc, #136]	; (10000274 <hold_non_core0_in_bootrom+0xa>)
100001ec:	6008      	str	r0, [r1, #0]
100001ee:	c806      	ldmia	r0!, {r1, r2}
100001f0:	f381 8808 	msr	MSP, r1
100001f4:	4710      	bx	r2

100001f6 <_reset_handler>:
100001f6:	4820      	ldr	r0, [pc, #128]	; (10000278 <hold_non_core0_in_bootrom+0xe>)
100001f8:	6800      	ldr	r0, [r0, #0]
100001fa:	2800      	cmp	r0, #0
100001fc:	d135      	bne.n	1000026a <hold_non_core0_in_bootrom>
100001fe:	a40d      	add	r4, pc, #52	; (adr r4, 10000234 <data_cpy_table>)
10000200:	cc0e      	ldmia	r4!, {r1, r2, r3}
10000202:	2900      	cmp	r1, #0
10000204:	d002      	beq.n	1000020c <_reset_handler+0x16>
10000206:	f000 f812 	bl	1000022e <data_cpy>
1000020a:	e7f9      	b.n	10000200 <_reset_handler+0xa>
1000020c:	491b      	ldr	r1, [pc, #108]	; (1000027c <hold_non_core0_in_bootrom+0x12>)
1000020e:	4a1c      	ldr	r2, [pc, #112]	; (10000280 <hold_non_core0_in_bootrom+0x16>)
10000210:	2000      	movs	r0, #0
10000212:	e000      	b.n	10000216 <bss_fill_test>

10000214 <bss_fill_loop>:
10000214:	c101      	stmia	r1!, {r0}

10000216 <bss_fill_test>:
10000216:	4291      	cmp	r1, r2
10000218:	d1fc      	bne.n	10000214 <bss_fill_loop>

1000021a <platform_entry>:
1000021a:	491a      	ldr	r1, [pc, #104]	; (10000284 <hold_non_core0_in_bootrom+0x1a>)
1000021c:	4788      	blx	r1
1000021e:	491a      	ldr	r1, [pc, #104]	; (10000288 <hold_non_core0_in_bootrom+0x1e>)
10000220:	4788      	blx	r1
10000222:	491a      	ldr	r1, [pc, #104]	; (1000028c <hold_non_core0_in_bootrom+0x22>)
10000224:	4788      	blx	r1
10000226:	be00      	bkpt	0x0000
10000228:	e7fd      	b.n	10000226 <platform_entry+0xc>

1000022a <data_cpy_loop>:
1000022a:	c901      	ldmia	r1!, {r0}
1000022c:	c201      	stmia	r2!, {r0}

1000022e <data_cpy>:
1000022e:	429a      	cmp	r2, r3
10000230:	d3fb      	bcc.n	1000022a <data_cpy_loop>
10000232:	4770      	bx	lr

10000234 <data_cpy_table>:
10000234:	100002f4 	.word	0x100002f4
10000238:	200000c0 	.word	0x200000c0
1000023c:	200047f0 	.word	0x200047f0
10000240:	10004a24 	.word	0x10004a24
10000244:	200047f0 	.word	0x200047f0
10000248:	20005c80 	.word	0x20005c80
1000024c:	10005eb4 	.word	0x10005eb4
10000250:	20040000 	.word	0x20040000
10000254:	20040000 	.word	0x20040000
10000258:	10005eb4 	.word	0x10005eb4
1000025c:	20041000 	.word	0x20041000
10000260:	20041000 	.word	0x20041000
10000264:	00000000 	.word	0x00000000
10000268:	4770      	bx	lr

1000026a <hold_non_core0_in_bootrom>:
1000026a:	4809      	ldr	r0, [pc, #36]	; (10000290 <hold_non_core0_in_bootrom+0x26>)
1000026c:	f000 f814 	bl	10000298 <__rom_func_lookup_veneer>
10000270:	4700      	bx	r0
10000272:	0000      	.short	0x0000
10000274:	e000ed08 	.word	0xe000ed08
10000278:	d0000000 	.word	0xd0000000
1000027c:	20005c80 	.word	0x20005c80
10000280:	2000615c 	.word	0x2000615c
10000284:	20002669 	.word	0x20002669
10000288:	20000495 	.word	0x20000495
1000028c:	20002625 	.word	0x20002625
10000290:	00005657 	.word	0x00005657
10000294:	00000000 	.word	0x00000000

10000298 <__rom_func_lookup_veneer>:
10000298:	b401      	push	{r0}
1000029a:	4802      	ldr	r0, [pc, #8]	; (100002a4 <__rom_func_lookup_veneer+0xc>)
1000029c:	4684      	mov	ip, r0
1000029e:	bc01      	pop	{r0}
100002a0:	4760      	bx	ip
100002a2:	bf00      	nop
100002a4:	200038e1 	.word	0x200038e1

100002a8 <__bi_50>:
100002a8:	50520006 5360b3ab 20005950              ..RP..`SPY. 

100002b4 <__bi_38>:
100002b4:	50520006 02031c86 20005964              ..RP....dY. 

100002c0 <__bi_30>:
100002c0:	50520006 9da22254 20005978              ..RPT"..xY. 

100002cc <__bi_22>:
100002cc:	50520005 68f465de 10005eb4              ..RP.e.h.^..

Disassembly of section .text:

200000c0 <_init>:
200000c0:	b5f8      	push	{r3, r4, r5, r6, r7, lr}
200000c2:	46c0      	nop			; (mov r8, r8)

200000c4 <deregister_tm_clones>:
200000c4:	4804      	ldr	r0, [pc, #16]	; (200000d8 <deregister_tm_clones+0x14>)
200000c6:	4b05      	ldr	r3, [pc, #20]	; (200000dc <deregister_tm_clones+0x18>)
200000c8:	b510      	push	{r4, lr}
200000ca:	4283      	cmp	r3, r0
200000cc:	d003      	beq.n	200000d6 <deregister_tm_clones+0x12>
200000ce:	4b04      	ldr	r3, [pc, #16]	; (200000e0 <deregister_tm_clones+0x1c>)
200000d0:	2b00      	cmp	r3, #0
200000d2:	d000      	beq.n	200000d6 <deregister_tm_clones+0x12>
200000d4:	4798      	blx	r3
200000d6:	bd10      	pop	{r4, pc}
200000d8:	20005c80 	.word	0x20005c80
200000dc:	20005c80 	.word	0x20005c80
200000e0:	00000000 	.word	0x00000000

200000e4 <register_tm_clones>:
200000e4:	4806      	ldr	r0, [pc, #24]	; (20000100 <register_tm_clones+0x1c>)
200000e6:	4907      	ldr	r1, [pc, #28]	; (20000104 <register_tm_clones+0x20>)
200000e8:	1a09      	subs	r1, r1, r0
200000ea:	108b      	asrs	r3, r1, #2
200000ec:	0fc9      	lsrs	r1, r1, #31
200000ee:	18c9      	adds	r1, r1, r3
200000f0:	b510      	push	{r4, lr}
200000f2:	1049      	asrs	r1, r1, #1
200000f4:	d003      	beq.n	200000fe <register_tm_clones+0x1a>
200000f6:	4b04      	ldr	r3, [pc, #16]	; (20000108 <register_tm_clones+0x24>)
200000f8:	2b00      	cmp	r3, #0
200000fa:	d000      	beq.n	200000fe <register_tm_clones+0x1a>
200000fc:	4798      	blx	r3
200000fe:	bd10      	pop	{r4, pc}
20000100:	20005c80 	.word	0x20005c80
20000104:	20005c80 	.word	0x20005c80
20000108:	00000000 	.word	0x00000000

2000010c <__do_global_dtors_aux>:
2000010c:	b510      	push	{r4, lr}
2000010e:	4c07      	ldr	r4, [pc, #28]	; (2000012c <__do_global_dtors_aux+0x20>)
20000110:	7823      	ldrb	r3, [r4, #0]
20000112:	2b00      	cmp	r3, #0
20000114:	d109      	bne.n	2000012a <__do_global_dtors_aux+0x1e>
20000116:	f7ff ffd5 	bl	200000c4 <deregister_tm_clones>
2000011a:	4b05      	ldr	r3, [pc, #20]	; (20000130 <__do_global_dtors_aux+0x24>)
2000011c:	2b00      	cmp	r3, #0
2000011e:	d002      	beq.n	20000126 <__do_global_dtors_aux+0x1a>
20000120:	4804      	ldr	r0, [pc, #16]	; (20000134 <__do_global_dtors_aux+0x28>)
20000122:	e000      	b.n	20000126 <__do_global_dtors_aux+0x1a>
20000124:	bf00      	nop
20000126:	2301      	movs	r3, #1
20000128:	7023      	strb	r3, [r4, #0]
2000012a:	bd10      	pop	{r4, pc}
2000012c:	20005d80 	.word	0x20005d80
20000130:	00000000 	.word	0x00000000
20000134:	200047f0 	.word	0x200047f0

20000138 <frame_dummy>:
20000138:	4b05      	ldr	r3, [pc, #20]	; (20000150 <frame_dummy+0x18>)
2000013a:	b510      	push	{r4, lr}
2000013c:	2b00      	cmp	r3, #0
2000013e:	d003      	beq.n	20000148 <frame_dummy+0x10>
20000140:	4904      	ldr	r1, [pc, #16]	; (20000154 <frame_dummy+0x1c>)
20000142:	4805      	ldr	r0, [pc, #20]	; (20000158 <frame_dummy+0x20>)
20000144:	e000      	b.n	20000148 <frame_dummy+0x10>
20000146:	bf00      	nop
20000148:	f7ff ffcc 	bl	200000e4 <register_tm_clones>
2000014c:	bd10      	pop	{r4, pc}
2000014e:	46c0      	nop			; (mov r8, r8)
20000150:	00000000 	.word	0x00000000
20000154:	20005d84 	.word	0x20005d84
20000158:	200047f0 	.word	0x200047f0

2000015c <adcacq_program_init>:
2000015c:	b5f0      	push	{r4, r5, r6, r7, lr}
2000015e:	46de      	mov	lr, fp
20000160:	b500      	push	{lr}
20000162:	b090      	sub	sp, #64	; 0x40
20000164:	0006      	movs	r6, r0
20000166:	000f      	movs	r7, r1
20000168:	0015      	movs	r5, r2
2000016a:	469b      	mov	fp, r3
2000016c:	2210      	movs	r2, #16
2000016e:	2100      	movs	r1, #0
20000170:	a808      	add	r0, sp, #32
20000172:	f003 fff1 	bl	20004158 <__wrap_memset>
20000176:	2380      	movs	r3, #128	; 0x80
20000178:	025b      	lsls	r3, r3, #9
2000017a:	9308      	str	r3, [sp, #32]
2000017c:	23f8      	movs	r3, #248	; 0xf8
2000017e:	025b      	lsls	r3, r3, #9
20000180:	9309      	str	r3, [sp, #36]	; 0x24
20000182:	2380      	movs	r3, #128	; 0x80
20000184:	02db      	lsls	r3, r3, #11
20000186:	930a      	str	r3, [sp, #40]	; 0x28
20000188:	23c0      	movs	r3, #192	; 0xc0
2000018a:	031b      	lsls	r3, r3, #12
2000018c:	930a      	str	r3, [sp, #40]	; 0x28
2000018e:	2210      	movs	r2, #16
20000190:	a908      	add	r1, sp, #32
20000192:	a804      	add	r0, sp, #16
20000194:	f003 ffe6 	bl	20004164 <__wrap___aeabi_memcpy>
20000198:	002a      	movs	r2, r5
2000019a:	3208      	adds	r2, #8
2000019c:	9b05      	ldr	r3, [sp, #20]
2000019e:	9303      	str	r3, [sp, #12]
200001a0:	4b46      	ldr	r3, [pc, #280]	; (200002bc <adcacq_program_init+0x160>)
200001a2:	9903      	ldr	r1, [sp, #12]
200001a4:	400b      	ands	r3, r1
200001a6:	01e9      	lsls	r1, r5, #7
200001a8:	430b      	orrs	r3, r1
200001aa:	0312      	lsls	r2, r2, #12
200001ac:	4313      	orrs	r3, r2
200001ae:	9305      	str	r3, [sp, #20]
200001b0:	9a07      	ldr	r2, [sp, #28]
200001b2:	9203      	str	r2, [sp, #12]
200001b4:	00d2      	lsls	r2, r2, #3
200001b6:	08d2      	lsrs	r2, r2, #3
200001b8:	2180      	movs	r1, #128	; 0x80
200001ba:	0589      	lsls	r1, r1, #22
200001bc:	430a      	orrs	r2, r1
200001be:	9207      	str	r2, [sp, #28]
200001c0:	4a3f      	ldr	r2, [pc, #252]	; (200002c0 <adcacq_program_init+0x164>)
200001c2:	4013      	ands	r3, r2
200001c4:	9305      	str	r3, [sp, #20]
200001c6:	2210      	movs	r2, #16
200001c8:	a904      	add	r1, sp, #16
200001ca:	a80c      	add	r0, sp, #48	; 0x30
200001cc:	f003 ffca 	bl	20004164 <__wrap___aeabi_memcpy>
200001d0:	9b0f      	ldr	r3, [sp, #60]	; 0x3c
200001d2:	9303      	str	r3, [sp, #12]
200001d4:	4c3b      	ldr	r4, [pc, #236]	; (200002c4 <adcacq_program_init+0x168>)
200001d6:	401c      	ands	r4, r3
200001d8:	465b      	mov	r3, fp
200001da:	015b      	lsls	r3, r3, #5
200001dc:	4323      	orrs	r3, r4
200001de:	2480      	movs	r4, #128	; 0x80
200001e0:	04e4      	lsls	r4, r4, #19
200001e2:	431c      	orrs	r4, r3
200001e4:	940f      	str	r4, [sp, #60]	; 0x3c
200001e6:	4b38      	ldr	r3, [pc, #224]	; (200002c8 <adcacq_program_init+0x16c>)
200001e8:	401c      	ands	r4, r3
200001ea:	9b16      	ldr	r3, [sp, #88]	; 0x58
200001ec:	029b      	lsls	r3, r3, #10
200001ee:	431c      	orrs	r4, r3
200001f0:	940f      	str	r4, [sp, #60]	; 0x3c
200001f2:	4b36      	ldr	r3, [pc, #216]	; (200002cc <adcacq_program_init+0x170>)
200001f4:	401c      	ands	r4, r3
200001f6:	9b17      	ldr	r3, [sp, #92]	; 0x5c
200001f8:	03db      	lsls	r3, r3, #15
200001fa:	431c      	orrs	r4, r3
200001fc:	940f      	str	r4, [sp, #60]	; 0x3c
200001fe:	4b34      	ldr	r3, [pc, #208]	; (200002d0 <adcacq_program_init+0x174>)
20000200:	401c      	ands	r4, r3
20000202:	9b18      	ldr	r3, [sp, #96]	; 0x60
20000204:	431c      	orrs	r4, r3
20000206:	2380      	movs	r3, #128	; 0x80
20000208:	035b      	lsls	r3, r3, #13
2000020a:	431c      	orrs	r4, r3
2000020c:	940f      	str	r4, [sp, #60]	; 0x3c
2000020e:	9b0e      	ldr	r3, [sp, #56]	; 0x38
20000210:	9303      	str	r3, [sp, #12]
20000212:	4b30      	ldr	r3, [pc, #192]	; (200002d4 <adcacq_program_init+0x178>)
20000214:	9a03      	ldr	r2, [sp, #12]
20000216:	4013      	ands	r3, r2
20000218:	930e      	str	r3, [sp, #56]	; 0x38
2000021a:	4a2f      	ldr	r2, [pc, #188]	; (200002d8 <adcacq_program_init+0x17c>)
2000021c:	4013      	ands	r3, r2
2000021e:	930e      	str	r3, [sp, #56]	; 0x38
20000220:	2380      	movs	r3, #128	; 0x80
20000222:	029b      	lsls	r3, r3, #10
20000224:	930c      	str	r3, [sp, #48]	; 0x30
20000226:	4b2d      	ldr	r3, [pc, #180]	; (200002dc <adcacq_program_init+0x180>)
20000228:	429e      	cmp	r6, r3
2000022a:	d044      	beq.n	200002b6 <adcacq_program_init+0x15a>
2000022c:	2407      	movs	r4, #7
2000022e:	0021      	movs	r1, r4
20000230:	4658      	mov	r0, fp
20000232:	f000 fb71 	bl	20000918 <gpio_set_function>
20000236:	0021      	movs	r1, r4
20000238:	9816      	ldr	r0, [sp, #88]	; 0x58
2000023a:	f000 fb6d 	bl	20000918 <gpio_set_function>
2000023e:	0021      	movs	r1, r4
20000240:	9817      	ldr	r0, [sp, #92]	; 0x5c
20000242:	f000 fb69 	bl	20000918 <gpio_set_function>
20000246:	0021      	movs	r1, r4
20000248:	9818      	ldr	r0, [sp, #96]	; 0x60
2000024a:	f000 fb65 	bl	20000918 <gpio_set_function>
2000024e:	2401      	movs	r4, #1
20000250:	9400      	str	r4, [sp, #0]
20000252:	2301      	movs	r3, #1
20000254:	465a      	mov	r2, fp
20000256:	0039      	movs	r1, r7
20000258:	0030      	movs	r0, r6
2000025a:	f004 f9d3 	bl	20004604 <pio_sm_set_consecutive_pindirs>
2000025e:	9400      	str	r4, [sp, #0]
20000260:	2301      	movs	r3, #1
20000262:	9a16      	ldr	r2, [sp, #88]	; 0x58
20000264:	0039      	movs	r1, r7
20000266:	0030      	movs	r0, r6
20000268:	f004 f9cc 	bl	20004604 <pio_sm_set_consecutive_pindirs>
2000026c:	9400      	str	r4, [sp, #0]
2000026e:	2301      	movs	r3, #1
20000270:	9a18      	ldr	r2, [sp, #96]	; 0x60
20000272:	0039      	movs	r1, r7
20000274:	0030      	movs	r0, r6
20000276:	f004 f9c5 	bl	20004604 <pio_sm_set_consecutive_pindirs>
2000027a:	0032      	movs	r2, r6
2000027c:	3238      	adds	r2, #56	; 0x38
2000027e:	9b17      	ldr	r3, [sp, #92]	; 0x5c
20000280:	409c      	lsls	r4, r3
20000282:	2380      	movs	r3, #128	; 0x80
20000284:	019b      	lsls	r3, r3, #6
20000286:	4313      	orrs	r3, r2
20000288:	601c      	str	r4, [r3, #0]
2000028a:	007b      	lsls	r3, r7, #1
2000028c:	19db      	adds	r3, r3, r7
2000028e:	00db      	lsls	r3, r3, #3
20000290:	33d0      	adds	r3, #208	; 0xd0
20000292:	18f3      	adds	r3, r6, r3
20000294:	2280      	movs	r2, #128	; 0x80
20000296:	0152      	lsls	r2, r2, #5
20000298:	4313      	orrs	r3, r2
2000029a:	2280      	movs	r2, #128	; 0x80
2000029c:	0612      	lsls	r2, r2, #24
2000029e:	601a      	str	r2, [r3, #0]
200002a0:	601a      	str	r2, [r3, #0]
200002a2:	ab0c      	add	r3, sp, #48	; 0x30
200002a4:	002a      	movs	r2, r5
200002a6:	0039      	movs	r1, r7
200002a8:	0030      	movs	r0, r6
200002aa:	f004 f9fd 	bl	200046a8 <pio_sm_init>
200002ae:	b010      	add	sp, #64	; 0x40
200002b0:	bc80      	pop	{r7}
200002b2:	46bb      	mov	fp, r7
200002b4:	bdf0      	pop	{r4, r5, r6, r7, pc}
200002b6:	2406      	movs	r4, #6
200002b8:	e7b9      	b.n	2000022e <adcacq_program_init+0xd2>
200002ba:	46c0      	nop			; (mov r8, r8)
200002bc:	fffe007f 	.word	0xfffe007f
200002c0:	9fffffff 	.word	0x9fffffff
200002c4:	e3fffc1f 	.word	0xe3fffc1f
200002c8:	ffff83ff 	.word	0xffff83ff
200002cc:	fff07fff 	.word	0xfff07fff
200002d0:	fc0fffe0 	.word	0xfc0fffe0
200002d4:	fe0affff 	.word	0xfe0affff
200002d8:	c1f5ffff 	.word	0xc1f5ffff
200002dc:	50200000 	.word	0x50200000

200002e0 <write_adc_reg>:
200002e0:	b5f0      	push	{r4, r5, r6, r7, lr}
200002e2:	46d6      	mov	lr, sl
200002e4:	464f      	mov	r7, r9
200002e6:	4646      	mov	r6, r8
200002e8:	b5c0      	push	{r6, r7, lr}
200002ea:	4692      	mov	sl, r2
200002ec:	1d0c      	adds	r4, r1, #4
200002ee:	2501      	movs	r5, #1
200002f0:	40a5      	lsls	r5, r4
200002f2:	46a8      	mov	r8, r5
200002f4:	2480      	movs	r4, #128	; 0x80
200002f6:	01a4      	lsls	r4, r4, #6
200002f8:	4304      	orrs	r4, r0
200002fa:	46a4      	mov	ip, r4
200002fc:	6025      	str	r5, [r4, #0]
200002fe:	004c      	lsls	r4, r1, #1
20000300:	1867      	adds	r7, r4, r1
20000302:	00ff      	lsls	r7, r7, #3
20000304:	37d0      	adds	r7, #208	; 0xd0
20000306:	19c7      	adds	r7, r0, r7
20000308:	2580      	movs	r5, #128	; 0x80
2000030a:	016d      	lsls	r5, r5, #5
2000030c:	432f      	orrs	r7, r5
2000030e:	2680      	movs	r6, #128	; 0x80
20000310:	0636      	lsls	r6, r6, #24
20000312:	603e      	str	r6, [r7, #0]
20000314:	603e      	str	r6, [r7, #0]
20000316:	2209      	movs	r2, #9
20000318:	4452      	add	r2, sl
2000031a:	261f      	movs	r6, #31
2000031c:	4016      	ands	r6, r2
2000031e:	4335      	orrs	r5, r6
20000320:	1864      	adds	r4, r4, r1
20000322:	00e4      	lsls	r4, r4, #3
20000324:	1904      	adds	r4, r0, r4
20000326:	34d8      	adds	r4, #216	; 0xd8
20000328:	6025      	str	r5, [r4, #0]
2000032a:	4c2d      	ldr	r4, [pc, #180]	; (200003e0 <write_adc_reg+0x100>)
2000032c:	431c      	orrs	r4, r3
2000032e:	0422      	lsls	r2, r4, #16
20000330:	4691      	mov	r9, r2
20000332:	6844      	ldr	r4, [r0, #4]
20000334:	000e      	movs	r6, r1
20000336:	3610      	adds	r6, #16
20000338:	2501      	movs	r5, #1
2000033a:	40b5      	lsls	r5, r6
2000033c:	4225      	tst	r5, r4
2000033e:	d1f8      	bne.n	20000332 <write_adc_reg+0x52>
20000340:	1d0c      	adds	r4, r1, #4
20000342:	00a4      	lsls	r4, r4, #2
20000344:	464a      	mov	r2, r9
20000346:	5022      	str	r2, [r4, r0]
20000348:	6846      	ldr	r6, [r0, #4]
2000034a:	000c      	movs	r4, r1
2000034c:	3408      	adds	r4, #8
2000034e:	2201      	movs	r2, #1
20000350:	40a2      	lsls	r2, r4
20000352:	0014      	movs	r4, r2
20000354:	4232      	tst	r2, r6
20000356:	d1f7      	bne.n	20000348 <write_adc_reg+0x68>
20000358:	000e      	movs	r6, r1
2000035a:	3608      	adds	r6, #8
2000035c:	00b6      	lsls	r6, r6, #2
2000035e:	5836      	ldr	r6, [r6, r0]
20000360:	041a      	lsls	r2, r3, #16
20000362:	4691      	mov	r9, r2
20000364:	6846      	ldr	r6, [r0, #4]
20000366:	4235      	tst	r5, r6
20000368:	d1fc      	bne.n	20000364 <write_adc_reg+0x84>
2000036a:	1d0e      	adds	r6, r1, #4
2000036c:	00b6      	lsls	r6, r6, #2
2000036e:	464a      	mov	r2, r9
20000370:	5032      	str	r2, [r6, r0]
20000372:	6846      	ldr	r6, [r0, #4]
20000374:	4234      	tst	r4, r6
20000376:	d1fc      	bne.n	20000372 <write_adc_reg+0x92>
20000378:	000e      	movs	r6, r1
2000037a:	3608      	adds	r6, #8
2000037c:	00b6      	lsls	r6, r6, #2
2000037e:	5836      	ldr	r6, [r6, r0]
20000380:	6846      	ldr	r6, [r0, #4]
20000382:	4235      	tst	r5, r6
20000384:	d1fc      	bne.n	20000380 <write_adc_reg+0xa0>
20000386:	1d0d      	adds	r5, r1, #4
20000388:	00ad      	lsls	r5, r5, #2
2000038a:	2600      	movs	r6, #0
2000038c:	502e      	str	r6, [r5, r0]
2000038e:	6845      	ldr	r5, [r0, #4]
20000390:	422c      	tst	r4, r5
20000392:	d1fc      	bne.n	2000038e <write_adc_reg+0xae>
20000394:	000c      	movs	r4, r1
20000396:	3408      	adds	r4, #8
20000398:	00a4      	lsls	r4, r4, #2
2000039a:	5824      	ldr	r4, [r4, r0]
2000039c:	4662      	mov	r2, ip
2000039e:	4645      	mov	r5, r8
200003a0:	6015      	str	r5, [r2, #0]
200003a2:	2580      	movs	r5, #128	; 0x80
200003a4:	062d      	lsls	r5, r5, #24
200003a6:	603d      	str	r5, [r7, #0]
200003a8:	603d      	str	r5, [r7, #0]
200003aa:	251f      	movs	r5, #31
200003ac:	4652      	mov	r2, sl
200003ae:	4015      	ands	r5, r2
200003b0:	2280      	movs	r2, #128	; 0x80
200003b2:	0152      	lsls	r2, r2, #5
200003b4:	432a      	orrs	r2, r5
200003b6:	004d      	lsls	r5, r1, #1
200003b8:	1869      	adds	r1, r5, r1
200003ba:	00c9      	lsls	r1, r1, #3
200003bc:	1840      	adds	r0, r0, r1
200003be:	30d8      	adds	r0, #216	; 0xd8
200003c0:	6002      	str	r2, [r0, #0]
200003c2:	051b      	lsls	r3, r3, #20
200003c4:	0d1b      	lsrs	r3, r3, #20
200003c6:	0422      	lsls	r2, r4, #16
200003c8:	0c12      	lsrs	r2, r2, #16
200003ca:	4293      	cmp	r3, r2
200003cc:	d005      	beq.n	200003da <write_adc_reg+0xfa>
200003ce:	2001      	movs	r0, #1
200003d0:	bce0      	pop	{r5, r6, r7}
200003d2:	46ba      	mov	sl, r7
200003d4:	46b1      	mov	r9, r6
200003d6:	46a8      	mov	r8, r5
200003d8:	bdf0      	pop	{r4, r5, r6, r7, pc}
200003da:	2000      	movs	r0, #0
200003dc:	e7f8      	b.n	200003d0 <write_adc_reg+0xf0>
200003de:	46c0      	nop			; (mov r8, r8)
200003e0:	ffff8000 	.word	0xffff8000

200003e4 <init_all_adc>:
200003e4:	b570      	push	{r4, r5, r6, lr}
200003e6:	b084      	sub	sp, #16
200003e8:	0005      	movs	r5, r0
200003ea:	000e      	movs	r6, r1
200003ec:	2312      	movs	r3, #18
200003ee:	9302      	str	r3, [sp, #8]
200003f0:	3302      	adds	r3, #2
200003f2:	9301      	str	r3, [sp, #4]
200003f4:	3b03      	subs	r3, #3
200003f6:	9300      	str	r3, [sp, #0]
200003f8:	3b01      	subs	r3, #1
200003fa:	000a      	movs	r2, r1
200003fc:	2100      	movs	r1, #0
200003fe:	f7ff fead 	bl	2000015c <adcacq_program_init>
20000402:	231b      	movs	r3, #27
20000404:	9302      	str	r3, [sp, #8]
20000406:	3302      	adds	r3, #2
20000408:	9301      	str	r3, [sp, #4]
2000040a:	3b03      	subs	r3, #3
2000040c:	9300      	str	r3, [sp, #0]
2000040e:	3b01      	subs	r3, #1
20000410:	0032      	movs	r2, r6
20000412:	2101      	movs	r1, #1
20000414:	0028      	movs	r0, r5
20000416:	f7ff fea1 	bl	2000015c <adcacq_program_init>
2000041a:	230e      	movs	r3, #14
2000041c:	9302      	str	r3, [sp, #8]
2000041e:	3301      	adds	r3, #1
20000420:	9301      	str	r3, [sp, #4]
20000422:	3b02      	subs	r3, #2
20000424:	9300      	str	r3, [sp, #0]
20000426:	3b01      	subs	r3, #1
20000428:	0032      	movs	r2, r6
2000042a:	2102      	movs	r1, #2
2000042c:	0028      	movs	r0, r5
2000042e:	f7ff fe95 	bl	2000015c <adcacq_program_init>
20000432:	2317      	movs	r3, #23
20000434:	9302      	str	r3, [sp, #8]
20000436:	3301      	adds	r3, #1
20000438:	9301      	str	r3, [sp, #4]
2000043a:	3b02      	subs	r3, #2
2000043c:	9300      	str	r3, [sp, #0]
2000043e:	3b01      	subs	r3, #1
20000440:	0032      	movs	r2, r6
20000442:	2103      	movs	r1, #3
20000444:	0028      	movs	r0, r5
20000446:	f7ff fe89 	bl	2000015c <adcacq_program_init>
2000044a:	2380      	movs	r3, #128	; 0x80
2000044c:	019b      	lsls	r3, r3, #6
2000044e:	432b      	orrs	r3, r5
20000450:	4a0e      	ldr	r2, [pc, #56]	; (2000048c <init_all_adc+0xa8>)
20000452:	601a      	str	r2, [r3, #0]
20000454:	2400      	movs	r4, #0
20000456:	e014      	b.n	20000482 <init_all_adc+0x9e>
20000458:	4b0d      	ldr	r3, [pc, #52]	; (20000490 <init_all_adc+0xac>)
2000045a:	0032      	movs	r2, r6
2000045c:	0021      	movs	r1, r4
2000045e:	0028      	movs	r0, r5
20000460:	f7ff ff3e 	bl	200002e0 <write_adc_reg>
20000464:	2384      	movs	r3, #132	; 0x84
20000466:	019b      	lsls	r3, r3, #6
20000468:	0032      	movs	r2, r6
2000046a:	0021      	movs	r1, r4
2000046c:	0028      	movs	r0, r5
2000046e:	f7ff ff37 	bl	200002e0 <write_adc_reg>
20000472:	2382      	movs	r3, #130	; 0x82
20000474:	015b      	lsls	r3, r3, #5
20000476:	0032      	movs	r2, r6
20000478:	0021      	movs	r1, r4
2000047a:	0028      	movs	r0, r5
2000047c:	f7ff ff30 	bl	200002e0 <write_adc_reg>
20000480:	3401      	adds	r4, #1
20000482:	2c03      	cmp	r4, #3
20000484:	d9e8      	bls.n	20000458 <init_all_adc+0x74>
20000486:	b004      	add	sp, #16
20000488:	bd70      	pop	{r4, r5, r6, pc}
2000048a:	46c0      	nop			; (mov r8, r8)
2000048c:	00000f0f 	.word	0x00000f0f
20000490:	000020ff 	.word	0x000020ff

20000494 <main>:
20000494:	b5f0      	push	{r4, r5, r6, r7, lr}
20000496:	46ce      	mov	lr, r9
20000498:	4647      	mov	r7, r8
2000049a:	b580      	push	{r7, lr}
2000049c:	b093      	sub	sp, #76	; 0x4c
2000049e:	2220      	movs	r2, #32
200004a0:	2100      	movs	r1, #0
200004a2:	a809      	add	r0, sp, #36	; 0x24
200004a4:	f003 fe58 	bl	20004158 <__wrap_memset>
200004a8:	ab08      	add	r3, sp, #32
200004aa:	4ad5      	ldr	r2, [pc, #852]	; (20000800 <main+0x36c>)
200004ac:	801a      	strh	r2, [r3, #0]
200004ae:	ab07      	add	r3, sp, #28
200004b0:	4ad4      	ldr	r2, [pc, #848]	; (20000804 <main+0x370>)
200004b2:	801a      	strh	r2, [r3, #0]
200004b4:	ab06      	add	r3, sp, #24
200004b6:	22c0      	movs	r2, #192	; 0xc0
200004b8:	0092      	lsls	r2, r2, #2
200004ba:	801a      	strh	r2, [r3, #0]
200004bc:	2006      	movs	r0, #6
200004be:	f001 fedd 	bl	2000227c <clock_stop>
200004c2:	4bd1      	ldr	r3, [pc, #836]	; (20000808 <main+0x374>)
200004c4:	9300      	str	r3, [sp, #0]
200004c6:	2200      	movs	r2, #0
200004c8:	2100      	movs	r1, #0
200004ca:	2005      	movs	r0, #5
200004cc:	f001 feec 	bl	200022a8 <clock_configure>
200004d0:	4cce      	ldr	r4, [pc, #824]	; (2000080c <main+0x378>)
200004d2:	0020      	movs	r0, r4
200004d4:	f002 f882 	bl	200025dc <pll_deinit>
200004d8:	2504      	movs	r5, #4
200004da:	9500      	str	r5, [sp, #0]
200004dc:	2304      	movs	r3, #4
200004de:	4acc      	ldr	r2, [pc, #816]	; (20000810 <main+0x37c>)
200004e0:	2101      	movs	r1, #1
200004e2:	0020      	movs	r0, r4
200004e4:	f001 ffea 	bl	200024bc <pll_init>
200004e8:	4cca      	ldr	r4, [pc, #808]	; (20000814 <main+0x380>)
200004ea:	9400      	str	r4, [sp, #0]
200004ec:	0023      	movs	r3, r4
200004ee:	2200      	movs	r2, #0
200004f0:	2101      	movs	r1, #1
200004f2:	2005      	movs	r0, #5
200004f4:	f001 fed8 	bl	200022a8 <clock_configure>
200004f8:	9400      	str	r4, [sp, #0]
200004fa:	0023      	movs	r3, r4
200004fc:	2201      	movs	r2, #1
200004fe:	2100      	movs	r1, #0
20000500:	2006      	movs	r0, #6
20000502:	f001 fed1 	bl	200022a8 <clock_configure>
20000506:	2004      	movs	r0, #4
20000508:	f000 fa1e 	bl	20000948 <gpio_init>
2000050c:	2005      	movs	r0, #5
2000050e:	f000 fa1b 	bl	20000948 <gpio_init>
20000512:	2008      	movs	r0, #8
20000514:	f000 fa18 	bl	20000948 <gpio_init>
20000518:	24d0      	movs	r4, #208	; 0xd0
2000051a:	0624      	lsls	r4, r4, #24
2000051c:	2380      	movs	r3, #128	; 0x80
2000051e:	005b      	lsls	r3, r3, #1
20000520:	6263      	str	r3, [r4, #36]	; 0x24
20000522:	2009      	movs	r0, #9
20000524:	f000 fa10 	bl	20000948 <gpio_init>
20000528:	2380      	movs	r3, #128	; 0x80
2000052a:	009b      	lsls	r3, r3, #2
2000052c:	6263      	str	r3, [r4, #36]	; 0x24
2000052e:	200a      	movs	r0, #10
20000530:	f000 fa0a 	bl	20000948 <gpio_init>
20000534:	2380      	movs	r3, #128	; 0x80
20000536:	00db      	lsls	r3, r3, #3
20000538:	6263      	str	r3, [r4, #36]	; 0x24
2000053a:	200b      	movs	r0, #11
2000053c:	f000 fa04 	bl	20000948 <gpio_init>
20000540:	2380      	movs	r3, #128	; 0x80
20000542:	011b      	lsls	r3, r3, #4
20000544:	6263      	str	r3, [r4, #36]	; 0x24
20000546:	4cb4      	ldr	r4, [pc, #720]	; (20000818 <main+0x384>)
20000548:	49b4      	ldr	r1, [pc, #720]	; (2000081c <main+0x388>)
2000054a:	0020      	movs	r0, r4
2000054c:	f001 fe56 	bl	200021fc <uart_init>
20000550:	6b22      	ldr	r2, [r4, #48]	; 0x30
20000552:	2380      	movs	r3, #128	; 0x80
20000554:	021b      	lsls	r3, r3, #8
20000556:	4053      	eors	r3, r2
20000558:	22c0      	movs	r2, #192	; 0xc0
2000055a:	0212      	lsls	r2, r2, #8
2000055c:	4013      	ands	r3, r2
2000055e:	49b0      	ldr	r1, [pc, #704]	; (20000820 <main+0x38c>)
20000560:	2280      	movs	r2, #128	; 0x80
20000562:	0152      	lsls	r2, r2, #5
20000564:	430a      	orrs	r2, r1
20000566:	6013      	str	r3, [r2, #0]
20000568:	2102      	movs	r1, #2
2000056a:	2000      	movs	r0, #0
2000056c:	f000 f9d4 	bl	20000918 <gpio_set_function>
20000570:	2102      	movs	r1, #2
20000572:	2001      	movs	r0, #1
20000574:	f000 f9d0 	bl	20000918 <gpio_set_function>
20000578:	2102      	movs	r1, #2
2000057a:	2002      	movs	r0, #2
2000057c:	f000 f9cc 	bl	20000918 <gpio_set_function>
20000580:	4ca8      	ldr	r4, [pc, #672]	; (20000824 <main+0x390>)
20000582:	49a9      	ldr	r1, [pc, #676]	; (20000828 <main+0x394>)
20000584:	0020      	movs	r0, r4
20000586:	f004 f821 	bl	200045cc <pio_add_program>
2000058a:	0001      	movs	r1, r0
2000058c:	0020      	movs	r0, r4
2000058e:	f7ff ff29 	bl	200003e4 <init_all_adc>
20000592:	f003 ff69 	bl	20004468 <adc_init>
20000596:	4aa5      	ldr	r2, [pc, #660]	; (2000082c <main+0x398>)
20000598:	2302      	movs	r3, #2
2000059a:	6013      	str	r3, [r2, #0]
2000059c:	4ba4      	ldr	r3, [pc, #656]	; (20000830 <main+0x39c>)
2000059e:	6819      	ldr	r1, [r3, #0]
200005a0:	2380      	movs	r3, #128	; 0x80
200005a2:	01db      	lsls	r3, r3, #7
200005a4:	404b      	eors	r3, r1
200005a6:	21e0      	movs	r1, #224	; 0xe0
200005a8:	01c9      	lsls	r1, r1, #7
200005aa:	400b      	ands	r3, r1
200005ac:	49a1      	ldr	r1, [pc, #644]	; (20000834 <main+0x3a0>)
200005ae:	600b      	str	r3, [r1, #0]
200005b0:	6015      	str	r5, [r2, #0]
200005b2:	4b9f      	ldr	r3, [pc, #636]	; (20000830 <main+0x39c>)
200005b4:	681b      	ldr	r3, [r3, #0]
200005b6:	05db      	lsls	r3, r3, #23
200005b8:	d5fb      	bpl.n	200005b2 <main+0x11e>
200005ba:	4b9d      	ldr	r3, [pc, #628]	; (20000830 <main+0x39c>)
200005bc:	685a      	ldr	r2, [r3, #4]
200005be:	230e      	movs	r3, #14
200005c0:	446b      	add	r3, sp
200005c2:	801a      	strh	r2, [r3, #0]
200005c4:	ac04      	add	r4, sp, #16
200005c6:	0020      	movs	r0, r4
200005c8:	f003 ff22 	bl	20004410 <pico_get_unique_board_id>
200005cc:	79a1      	ldrb	r1, [r4, #6]
200005ce:	2300      	movs	r3, #0
200005d0:	014a      	lsls	r2, r1, #5
200005d2:	2080      	movs	r0, #128	; 0x80
200005d4:	0080      	lsls	r0, r0, #2
200005d6:	2100      	movs	r1, #0
200005d8:	1880      	adds	r0, r0, r2
200005da:	4159      	adcs	r1, r3
200005dc:	f001 f96a 	bl	200018b4 <sleep_us>
200005e0:	23d0      	movs	r3, #208	; 0xd0
200005e2:	061b      	lsls	r3, r3, #24
200005e4:	2280      	movs	r2, #128	; 0x80
200005e6:	0092      	lsls	r2, r2, #2
200005e8:	615a      	str	r2, [r3, #20]
200005ea:	3a01      	subs	r2, #1
200005ec:	3aff      	subs	r2, #255	; 0xff
200005ee:	615a      	str	r2, [r3, #20]
200005f0:	2300      	movs	r3, #0
200005f2:	4699      	mov	r9, r3
200005f4:	3301      	adds	r3, #1
200005f6:	469c      	mov	ip, r3
200005f8:	2100      	movs	r1, #0
200005fa:	e16f      	b.n	200008dc <main+0x448>
200005fc:	4b86      	ldr	r3, [pc, #536]	; (20000818 <main+0x384>)
200005fe:	699b      	ldr	r3, [r3, #24]
20000600:	069b      	lsls	r3, r3, #26
20000602:	d4fb      	bmi.n	200005fc <main+0x168>
20000604:	780d      	ldrb	r5, [r1, #0]
20000606:	4b84      	ldr	r3, [pc, #528]	; (20000818 <main+0x384>)
20000608:	601d      	str	r5, [r3, #0]
2000060a:	3201      	adds	r2, #1
2000060c:	3101      	adds	r1, #1
2000060e:	2a01      	cmp	r2, #1
20000610:	d9f4      	bls.n	200005fc <main+0x168>
20000612:	220d      	movs	r2, #13
20000614:	446a      	add	r2, sp
20000616:	464b      	mov	r3, r9
20000618:	7013      	strb	r3, [r2, #0]
2000061a:	2100      	movs	r1, #0
2000061c:	e00b      	b.n	20000636 <main+0x1a2>
2000061e:	2200      	movs	r2, #0
20000620:	a907      	add	r1, sp, #28
20000622:	e7f4      	b.n	2000060e <main+0x17a>
20000624:	4b7c      	ldr	r3, [pc, #496]	; (20000818 <main+0x384>)
20000626:	699b      	ldr	r3, [r3, #24]
20000628:	069b      	lsls	r3, r3, #26
2000062a:	d4fb      	bmi.n	20000624 <main+0x190>
2000062c:	7815      	ldrb	r5, [r2, #0]
2000062e:	4b7a      	ldr	r3, [pc, #488]	; (20000818 <main+0x384>)
20000630:	601d      	str	r5, [r3, #0]
20000632:	3101      	adds	r1, #1
20000634:	3201      	adds	r2, #1
20000636:	2900      	cmp	r1, #0
20000638:	d0f4      	beq.n	20000624 <main+0x190>
2000063a:	2200      	movs	r2, #0
2000063c:	a904      	add	r1, sp, #16
2000063e:	e008      	b.n	20000652 <main+0x1be>
20000640:	4b75      	ldr	r3, [pc, #468]	; (20000818 <main+0x384>)
20000642:	699b      	ldr	r3, [r3, #24]
20000644:	069b      	lsls	r3, r3, #26
20000646:	d4fb      	bmi.n	20000640 <main+0x1ac>
20000648:	780d      	ldrb	r5, [r1, #0]
2000064a:	4b73      	ldr	r3, [pc, #460]	; (20000818 <main+0x384>)
2000064c:	601d      	str	r5, [r3, #0]
2000064e:	3201      	adds	r2, #1
20000650:	3101      	adds	r1, #1
20000652:	2a07      	cmp	r2, #7
20000654:	d9f4      	bls.n	20000640 <main+0x1ac>
20000656:	2200      	movs	r2, #0
20000658:	a906      	add	r1, sp, #24
2000065a:	e008      	b.n	2000066e <main+0x1da>
2000065c:	4b6e      	ldr	r3, [pc, #440]	; (20000818 <main+0x384>)
2000065e:	699b      	ldr	r3, [r3, #24]
20000660:	069b      	lsls	r3, r3, #26
20000662:	d4fb      	bmi.n	2000065c <main+0x1c8>
20000664:	780d      	ldrb	r5, [r1, #0]
20000666:	4b6c      	ldr	r3, [pc, #432]	; (20000818 <main+0x384>)
20000668:	601d      	str	r5, [r3, #0]
2000066a:	3201      	adds	r2, #1
2000066c:	3101      	adds	r1, #1
2000066e:	2a01      	cmp	r2, #1
20000670:	d9f4      	bls.n	2000065c <main+0x1c8>
20000672:	2200      	movs	r2, #0
20000674:	210e      	movs	r1, #14
20000676:	4469      	add	r1, sp
20000678:	e008      	b.n	2000068c <main+0x1f8>
2000067a:	4b67      	ldr	r3, [pc, #412]	; (20000818 <main+0x384>)
2000067c:	699b      	ldr	r3, [r3, #24]
2000067e:	069b      	lsls	r3, r3, #26
20000680:	d4fb      	bmi.n	2000067a <main+0x1e6>
20000682:	780d      	ldrb	r5, [r1, #0]
20000684:	4b64      	ldr	r3, [pc, #400]	; (20000818 <main+0x384>)
20000686:	601d      	str	r5, [r3, #0]
20000688:	3201      	adds	r2, #1
2000068a:	3101      	adds	r1, #1
2000068c:	2a01      	cmp	r2, #1
2000068e:	d9f4      	bls.n	2000067a <main+0x1e6>
20000690:	220d      	movs	r2, #13
20000692:	446a      	add	r2, sp
20000694:	2300      	movs	r3, #0
20000696:	7013      	strb	r3, [r2, #0]
20000698:	2100      	movs	r1, #0
2000069a:	e008      	b.n	200006ae <main+0x21a>
2000069c:	4b5e      	ldr	r3, [pc, #376]	; (20000818 <main+0x384>)
2000069e:	699b      	ldr	r3, [r3, #24]
200006a0:	069b      	lsls	r3, r3, #26
200006a2:	d4fb      	bmi.n	2000069c <main+0x208>
200006a4:	7815      	ldrb	r5, [r2, #0]
200006a6:	4b5c      	ldr	r3, [pc, #368]	; (20000818 <main+0x384>)
200006a8:	601d      	str	r5, [r3, #0]
200006aa:	3101      	adds	r1, #1
200006ac:	3201      	adds	r2, #1
200006ae:	2900      	cmp	r1, #0
200006b0:	d0f4      	beq.n	2000069c <main+0x208>
200006b2:	220d      	movs	r2, #13
200006b4:	446a      	add	r2, sp
200006b6:	2300      	movs	r3, #0
200006b8:	7013      	strb	r3, [r2, #0]
200006ba:	2100      	movs	r1, #0
200006bc:	e008      	b.n	200006d0 <main+0x23c>
200006be:	4b56      	ldr	r3, [pc, #344]	; (20000818 <main+0x384>)
200006c0:	699b      	ldr	r3, [r3, #24]
200006c2:	069b      	lsls	r3, r3, #26
200006c4:	d4fb      	bmi.n	200006be <main+0x22a>
200006c6:	7815      	ldrb	r5, [r2, #0]
200006c8:	4b53      	ldr	r3, [pc, #332]	; (20000818 <main+0x384>)
200006ca:	601d      	str	r5, [r3, #0]
200006cc:	3101      	adds	r1, #1
200006ce:	3201      	adds	r2, #1
200006d0:	2900      	cmp	r1, #0
200006d2:	d0f4      	beq.n	200006be <main+0x22a>
200006d4:	220d      	movs	r2, #13
200006d6:	446a      	add	r2, sp
200006d8:	2300      	movs	r3, #0
200006da:	7013      	strb	r3, [r2, #0]
200006dc:	2100      	movs	r1, #0
200006de:	e008      	b.n	200006f2 <main+0x25e>
200006e0:	4b4d      	ldr	r3, [pc, #308]	; (20000818 <main+0x384>)
200006e2:	699b      	ldr	r3, [r3, #24]
200006e4:	069b      	lsls	r3, r3, #26
200006e6:	d4fb      	bmi.n	200006e0 <main+0x24c>
200006e8:	7815      	ldrb	r5, [r2, #0]
200006ea:	4b4b      	ldr	r3, [pc, #300]	; (20000818 <main+0x384>)
200006ec:	601d      	str	r5, [r3, #0]
200006ee:	3101      	adds	r1, #1
200006f0:	3201      	adds	r2, #1
200006f2:	2900      	cmp	r1, #0
200006f4:	d0f4      	beq.n	200006e0 <main+0x24c>
200006f6:	220d      	movs	r2, #13
200006f8:	446a      	add	r2, sp
200006fa:	2300      	movs	r3, #0
200006fc:	7013      	strb	r3, [r2, #0]
200006fe:	2100      	movs	r1, #0
20000700:	e008      	b.n	20000714 <main+0x280>
20000702:	4b45      	ldr	r3, [pc, #276]	; (20000818 <main+0x384>)
20000704:	699b      	ldr	r3, [r3, #24]
20000706:	069b      	lsls	r3, r3, #26
20000708:	d4fb      	bmi.n	20000702 <main+0x26e>
2000070a:	7815      	ldrb	r5, [r2, #0]
2000070c:	4b42      	ldr	r3, [pc, #264]	; (20000818 <main+0x384>)
2000070e:	601d      	str	r5, [r3, #0]
20000710:	3101      	adds	r1, #1
20000712:	3201      	adds	r2, #1
20000714:	2900      	cmp	r1, #0
20000716:	d0f4      	beq.n	20000702 <main+0x26e>
20000718:	220d      	movs	r2, #13
2000071a:	446a      	add	r2, sp
2000071c:	2300      	movs	r3, #0
2000071e:	7013      	strb	r3, [r2, #0]
20000720:	2100      	movs	r1, #0
20000722:	e008      	b.n	20000736 <main+0x2a2>
20000724:	4b3c      	ldr	r3, [pc, #240]	; (20000818 <main+0x384>)
20000726:	699b      	ldr	r3, [r3, #24]
20000728:	069b      	lsls	r3, r3, #26
2000072a:	d4fb      	bmi.n	20000724 <main+0x290>
2000072c:	7815      	ldrb	r5, [r2, #0]
2000072e:	4b3a      	ldr	r3, [pc, #232]	; (20000818 <main+0x384>)
20000730:	601d      	str	r5, [r3, #0]
20000732:	3101      	adds	r1, #1
20000734:	3201      	adds	r2, #1
20000736:	2900      	cmp	r1, #0
20000738:	d0f4      	beq.n	20000724 <main+0x290>
2000073a:	4b3c      	ldr	r3, [pc, #240]	; (2000082c <main+0x398>)
2000073c:	2204      	movs	r2, #4
2000073e:	601a      	str	r2, [r3, #0]
20000740:	4b3b      	ldr	r3, [pc, #236]	; (20000830 <main+0x39c>)
20000742:	681b      	ldr	r3, [r3, #0]
20000744:	05db      	lsls	r3, r3, #23
20000746:	d5fb      	bpl.n	20000740 <main+0x2ac>
20000748:	4b39      	ldr	r3, [pc, #228]	; (20000830 <main+0x39c>)
2000074a:	685a      	ldr	r2, [r3, #4]
2000074c:	230e      	movs	r3, #14
2000074e:	446b      	add	r3, sp
20000750:	801a      	strh	r2, [r3, #0]
20000752:	464c      	mov	r4, r9
20000754:	3401      	adds	r4, #1
20000756:	b2e3      	uxtb	r3, r4
20000758:	4699      	mov	r9, r3
2000075a:	2301      	movs	r3, #1
2000075c:	469c      	mov	ip, r3
2000075e:	4b31      	ldr	r3, [pc, #196]	; (20000824 <main+0x390>)
20000760:	6859      	ldr	r1, [r3, #4]
20000762:	2280      	movs	r2, #128	; 0x80
20000764:	0052      	lsls	r2, r2, #1
20000766:	000b      	movs	r3, r1
20000768:	4013      	ands	r3, r2
2000076a:	4211      	tst	r1, r2
2000076c:	d000      	beq.n	20000770 <main+0x2dc>
2000076e:	e0b4      	b.n	200008da <main+0x446>
20000770:	4662      	mov	r2, ip
20000772:	2a00      	cmp	r2, #0
20000774:	d100      	bne.n	20000778 <main+0x2e4>
20000776:	e07e      	b.n	20000876 <main+0x3e2>
20000778:	e09f      	b.n	200008ba <main+0x426>
2000077a:	4b27      	ldr	r3, [pc, #156]	; (20000818 <main+0x384>)
2000077c:	699b      	ldr	r3, [r3, #24]
2000077e:	069b      	lsls	r3, r3, #26
20000780:	d4fb      	bmi.n	2000077a <main+0x2e6>
20000782:	780e      	ldrb	r6, [r1, #0]
20000784:	4b24      	ldr	r3, [pc, #144]	; (20000818 <main+0x384>)
20000786:	601e      	str	r6, [r3, #0]
20000788:	3201      	adds	r2, #1
2000078a:	3101      	adds	r1, #1
2000078c:	2a01      	cmp	r2, #1
2000078e:	d9f4      	bls.n	2000077a <main+0x2e6>
20000790:	220d      	movs	r2, #13
20000792:	446a      	add	r2, sp
20000794:	464b      	mov	r3, r9
20000796:	7013      	strb	r3, [r2, #0]
20000798:	0029      	movs	r1, r5
2000079a:	e008      	b.n	200007ae <main+0x31a>
2000079c:	4b1e      	ldr	r3, [pc, #120]	; (20000818 <main+0x384>)
2000079e:	699b      	ldr	r3, [r3, #24]
200007a0:	069b      	lsls	r3, r3, #26
200007a2:	d4fb      	bmi.n	2000079c <main+0x308>
200007a4:	7816      	ldrb	r6, [r2, #0]
200007a6:	4b1c      	ldr	r3, [pc, #112]	; (20000818 <main+0x384>)
200007a8:	601e      	str	r6, [r3, #0]
200007aa:	3101      	adds	r1, #1
200007ac:	3201      	adds	r2, #1
200007ae:	2900      	cmp	r1, #0
200007b0:	d0f4      	beq.n	2000079c <main+0x308>
200007b2:	002f      	movs	r7, r5
200007b4:	e012      	b.n	200007dc <main+0x348>
200007b6:	4b18      	ldr	r3, [pc, #96]	; (20000818 <main+0x384>)
200007b8:	699b      	ldr	r3, [r3, #24]
200007ba:	069b      	lsls	r3, r3, #26
200007bc:	d4fb      	bmi.n	200007b6 <main+0x322>
200007be:	7816      	ldrb	r6, [r2, #0]
200007c0:	4b15      	ldr	r3, [pc, #84]	; (20000818 <main+0x384>)
200007c2:	601e      	str	r6, [r3, #0]
200007c4:	3101      	adds	r1, #1
200007c6:	3201      	adds	r2, #1
200007c8:	2902      	cmp	r1, #2
200007ca:	d9f4      	bls.n	200007b6 <main+0x322>
200007cc:	00ba      	lsls	r2, r7, #2
200007ce:	4b1a      	ldr	r3, [pc, #104]	; (20000838 <main+0x3a4>)
200007d0:	58d3      	ldr	r3, [r2, r3]
200007d2:	009b      	lsls	r3, r3, #2
200007d4:	aa09      	add	r2, sp, #36	; 0x24
200007d6:	2100      	movs	r1, #0
200007d8:	5099      	str	r1, [r3, r2]
200007da:	3701      	adds	r7, #1
200007dc:	2f07      	cmp	r7, #7
200007de:	d808      	bhi.n	200007f2 <main+0x35e>
200007e0:	00bb      	lsls	r3, r7, #2
200007e2:	4a15      	ldr	r2, [pc, #84]	; (20000838 <main+0x3a4>)
200007e4:	589a      	ldr	r2, [r3, r2]
200007e6:	0092      	lsls	r2, r2, #2
200007e8:	ab09      	add	r3, sp, #36	; 0x24
200007ea:	469c      	mov	ip, r3
200007ec:	4462      	add	r2, ip
200007ee:	0029      	movs	r1, r5
200007f0:	e7ea      	b.n	200007c8 <main+0x334>
200007f2:	220d      	movs	r2, #13
200007f4:	446a      	add	r2, sp
200007f6:	2300      	movs	r3, #0
200007f8:	7013      	strb	r3, [r2, #0]
200007fa:	0029      	movs	r1, r5
200007fc:	e027      	b.n	2000084e <main+0x3ba>
200007fe:	46c0      	nop			; (mov r8, r8)
20000800:	fffffcfd 	.word	0xfffffcfd
20000804:	ffffeeef 	.word	0xffffeeef
20000808:	00b71b00 	.word	0x00b71b00
2000080c:	40028000 	.word	0x40028000
20000810:	5b8d8000 	.word	0x5b8d8000
20000814:	05b8d800 	.word	0x05b8d800
20000818:	40034000 	.word	0x40034000
2000081c:	005b8d80 	.word	0x005b8d80
20000820:	40034030 	.word	0x40034030
20000824:	50200000 	.word	0x50200000
20000828:	20004aa4 	.word	0x20004aa4
2000082c:	4004e000 	.word	0x4004e000
20000830:	4004c000 	.word	0x4004c000
20000834:	4004d000 	.word	0x4004d000
20000838:	20004a84 	.word	0x20004a84
2000083c:	4b34      	ldr	r3, [pc, #208]	; (20000910 <main+0x47c>)
2000083e:	699b      	ldr	r3, [r3, #24]
20000840:	069b      	lsls	r3, r3, #26
20000842:	d4fb      	bmi.n	2000083c <main+0x3a8>
20000844:	7816      	ldrb	r6, [r2, #0]
20000846:	4b32      	ldr	r3, [pc, #200]	; (20000910 <main+0x47c>)
20000848:	601e      	str	r6, [r3, #0]
2000084a:	3101      	adds	r1, #1
2000084c:	3201      	adds	r2, #1
2000084e:	2900      	cmp	r1, #0
20000850:	d0f4      	beq.n	2000083c <main+0x3a8>
20000852:	e000      	b.n	20000856 <main+0x3c2>
20000854:	3501      	adds	r5, #1
20000856:	2d03      	cmp	r5, #3
20000858:	d900      	bls.n	2000085c <main+0x3c8>
2000085a:	e77a      	b.n	20000752 <main+0x2be>
2000085c:	4b2d      	ldr	r3, [pc, #180]	; (20000914 <main+0x480>)
2000085e:	685a      	ldr	r2, [r3, #4]
20000860:	0029      	movs	r1, r5
20000862:	3108      	adds	r1, #8
20000864:	2301      	movs	r3, #1
20000866:	408b      	lsls	r3, r1
20000868:	4213      	tst	r3, r2
2000086a:	d1f3      	bne.n	20000854 <main+0x3c0>
2000086c:	008b      	lsls	r3, r1, #2
2000086e:	4a29      	ldr	r2, [pc, #164]	; (20000914 <main+0x480>)
20000870:	589b      	ldr	r3, [r3, r2]
20000872:	e7ef      	b.n	20000854 <main+0x3c0>
20000874:	3301      	adds	r3, #1
20000876:	2b03      	cmp	r3, #3
20000878:	d82f      	bhi.n	200008da <main+0x446>
2000087a:	4a26      	ldr	r2, [pc, #152]	; (20000914 <main+0x480>)
2000087c:	6851      	ldr	r1, [r2, #4]
2000087e:	001d      	movs	r5, r3
20000880:	3508      	adds	r5, #8
20000882:	2201      	movs	r2, #1
20000884:	40aa      	lsls	r2, r5
20000886:	420a      	tst	r2, r1
20000888:	d1f4      	bne.n	20000874 <main+0x3e0>
2000088a:	00aa      	lsls	r2, r5, #2
2000088c:	4921      	ldr	r1, [pc, #132]	; (20000914 <main+0x480>)
2000088e:	5852      	ldr	r2, [r2, r1]
20000890:	9211      	str	r2, [sp, #68]	; 0x44
20000892:	005a      	lsls	r2, r3, #1
20000894:	ad11      	add	r5, sp, #68	; 0x44
20000896:	2100      	movs	r1, #0
20000898:	5e6f      	ldrsh	r7, [r5, r1]
2000089a:	a909      	add	r1, sp, #36	; 0x24
2000089c:	00de      	lsls	r6, r3, #3
2000089e:	5874      	ldr	r4, [r6, r1]
200008a0:	46a0      	mov	r8, r4
200008a2:	4447      	add	r7, r8
200008a4:	5077      	str	r7, [r6, r1]
200008a6:	3201      	adds	r2, #1
200008a8:	2402      	movs	r4, #2
200008aa:	5f2d      	ldrsh	r5, [r5, r4]
200008ac:	0092      	lsls	r2, r2, #2
200008ae:	5854      	ldr	r4, [r2, r1]
200008b0:	46a0      	mov	r8, r4
200008b2:	4445      	add	r5, r8
200008b4:	5055      	str	r5, [r2, r1]
200008b6:	e7dd      	b.n	20000874 <main+0x3e0>
200008b8:	3301      	adds	r3, #1
200008ba:	2b03      	cmp	r3, #3
200008bc:	d80b      	bhi.n	200008d6 <main+0x442>
200008be:	4a15      	ldr	r2, [pc, #84]	; (20000914 <main+0x480>)
200008c0:	6851      	ldr	r1, [r2, #4]
200008c2:	001d      	movs	r5, r3
200008c4:	3508      	adds	r5, #8
200008c6:	2201      	movs	r2, #1
200008c8:	40aa      	lsls	r2, r5
200008ca:	420a      	tst	r2, r1
200008cc:	d1f4      	bne.n	200008b8 <main+0x424>
200008ce:	00aa      	lsls	r2, r5, #2
200008d0:	4910      	ldr	r1, [pc, #64]	; (20000914 <main+0x480>)
200008d2:	5852      	ldr	r2, [r2, r1]
200008d4:	e7f0      	b.n	200008b8 <main+0x424>
200008d6:	2300      	movs	r3, #0
200008d8:	469c      	mov	ip, r3
200008da:	0001      	movs	r1, r0
200008dc:	23d0      	movs	r3, #208	; 0xd0
200008de:	061b      	lsls	r3, r3, #24
200008e0:	685b      	ldr	r3, [r3, #4]
200008e2:	091b      	lsrs	r3, r3, #4
200008e4:	2201      	movs	r2, #1
200008e6:	0010      	movs	r0, r2
200008e8:	4018      	ands	r0, r3
200008ea:	421a      	tst	r2, r3
200008ec:	d100      	bne.n	200008f0 <main+0x45c>
200008ee:	e736      	b.n	2000075e <main+0x2ca>
200008f0:	2900      	cmp	r1, #0
200008f2:	d000      	beq.n	200008f6 <main+0x462>
200008f4:	e733      	b.n	2000075e <main+0x2ca>
200008f6:	23d0      	movs	r3, #208	; 0xd0
200008f8:	061b      	lsls	r3, r3, #24
200008fa:	685b      	ldr	r3, [r3, #4]
200008fc:	095b      	lsrs	r3, r3, #5
200008fe:	0015      	movs	r5, r2
20000900:	401d      	ands	r5, r3
20000902:	421a      	tst	r2, r3
20000904:	d000      	beq.n	20000908 <main+0x474>
20000906:	e68a      	b.n	2000061e <main+0x18a>
20000908:	002a      	movs	r2, r5
2000090a:	a908      	add	r1, sp, #32
2000090c:	e73e      	b.n	2000078c <main+0x2f8>
2000090e:	46c0      	nop			; (mov r8, r8)
20000910:	40034000 	.word	0x40034000
20000914:	50200000 	.word	0x50200000

20000918 <gpio_set_function>:
20000918:	b510      	push	{r4, lr}
2000091a:	0083      	lsls	r3, r0, #2
2000091c:	4a08      	ldr	r2, [pc, #32]	; (20000940 <gpio_set_function+0x28>)
2000091e:	4694      	mov	ip, r2
20000920:	4463      	add	r3, ip
20000922:	681c      	ldr	r4, [r3, #0]
20000924:	2240      	movs	r2, #64	; 0x40
20000926:	4062      	eors	r2, r4
20000928:	24c0      	movs	r4, #192	; 0xc0
2000092a:	4014      	ands	r4, r2
2000092c:	2280      	movs	r2, #128	; 0x80
2000092e:	0152      	lsls	r2, r2, #5
20000930:	4313      	orrs	r3, r2
20000932:	601c      	str	r4, [r3, #0]
20000934:	00c0      	lsls	r0, r0, #3
20000936:	4b03      	ldr	r3, [pc, #12]	; (20000944 <gpio_set_function+0x2c>)
20000938:	469c      	mov	ip, r3
2000093a:	4460      	add	r0, ip
2000093c:	6041      	str	r1, [r0, #4]
2000093e:	bd10      	pop	{r4, pc}
20000940:	4001c004 	.word	0x4001c004
20000944:	40014000 	.word	0x40014000

20000948 <gpio_init>:
20000948:	b510      	push	{r4, lr}
2000094a:	2301      	movs	r3, #1
2000094c:	4083      	lsls	r3, r0
2000094e:	22d0      	movs	r2, #208	; 0xd0
20000950:	0612      	lsls	r2, r2, #24
20000952:	6293      	str	r3, [r2, #40]	; 0x28
20000954:	6193      	str	r3, [r2, #24]
20000956:	2105      	movs	r1, #5
20000958:	f7ff ffde 	bl	20000918 <gpio_set_function>
2000095c:	bd10      	pop	{r4, pc}
	...

20000960 <running_on_fpga>:
20000960:	4b03      	ldr	r3, [pc, #12]	; (20000970 <running_on_fpga+0x10>)
20000962:	681b      	ldr	r3, [r3, #0]
20000964:	2002      	movs	r0, #2
20000966:	4018      	ands	r0, r3
20000968:	1e43      	subs	r3, r0, #1
2000096a:	4198      	sbcs	r0, r3
2000096c:	b2c0      	uxtb	r0, r0
2000096e:	4770      	bx	lr
20000970:	4006c000 	.word	0x4006c000

20000974 <hw_claim_lock>:
20000974:	f3ef 8010 	mrs	r0, PRIMASK
20000978:	b672      	cpsid	i
2000097a:	4b03      	ldr	r3, [pc, #12]	; (20000988 <hw_claim_lock+0x14>)
2000097c:	681b      	ldr	r3, [r3, #0]
2000097e:	2b00      	cmp	r3, #0
20000980:	d0fb      	beq.n	2000097a <hw_claim_lock+0x6>
20000982:	f3bf 8f5f 	dmb	sy
20000986:	4770      	bx	lr
20000988:	d000012c 	.word	0xd000012c

2000098c <hw_claim_unlock>:
2000098c:	f3bf 8f5f 	dmb	sy
20000990:	4b02      	ldr	r3, [pc, #8]	; (2000099c <hw_claim_unlock+0x10>)
20000992:	2200      	movs	r2, #0
20000994:	601a      	str	r2, [r3, #0]
20000996:	f380 8810 	msr	PRIMASK, r0
2000099a:	4770      	bx	lr
2000099c:	d000012c 	.word	0xd000012c

200009a0 <hw_claim_or_assert>:
200009a0:	b5f8      	push	{r3, r4, r5, r6, r7, lr}
200009a2:	0006      	movs	r6, r0
200009a4:	000c      	movs	r4, r1
200009a6:	0015      	movs	r5, r2
200009a8:	f7ff ffe4 	bl	20000974 <hw_claim_lock>
200009ac:	08e3      	lsrs	r3, r4, #3
200009ae:	18f7      	adds	r7, r6, r3
200009b0:	5cf1      	ldrb	r1, [r6, r3]
200009b2:	2207      	movs	r2, #7
200009b4:	4022      	ands	r2, r4
200009b6:	2301      	movs	r3, #1
200009b8:	4093      	lsls	r3, r2
200009ba:	420b      	tst	r3, r1
200009bc:	d105      	bne.n	200009ca <hw_claim_or_assert+0x2a>
200009be:	b2db      	uxtb	r3, r3
200009c0:	430b      	orrs	r3, r1
200009c2:	703b      	strb	r3, [r7, #0]
200009c4:	f7ff ffe2 	bl	2000098c <hw_claim_unlock>
200009c8:	bdf8      	pop	{r3, r4, r5, r6, r7, pc}
200009ca:	0021      	movs	r1, r4
200009cc:	0028      	movs	r0, r5
200009ce:	f001 fec7 	bl	20002760 <panic>
	...

200009d4 <spin_locks_reset>:
200009d4:	2300      	movs	r3, #0
200009d6:	e007      	b.n	200009e8 <spin_locks_reset+0x14>
200009d8:	4a05      	ldr	r2, [pc, #20]	; (200009f0 <spin_locks_reset+0x1c>)
200009da:	189a      	adds	r2, r3, r2
200009dc:	0092      	lsls	r2, r2, #2
200009de:	f3bf 8f5f 	dmb	sy
200009e2:	2100      	movs	r1, #0
200009e4:	6011      	str	r1, [r2, #0]
200009e6:	3301      	adds	r3, #1
200009e8:	2b1f      	cmp	r3, #31
200009ea:	d9f5      	bls.n	200009d8 <spin_locks_reset+0x4>
200009ec:	4770      	bx	lr
200009ee:	46c0      	nop			; (mov r8, r8)
200009f0:	34000040 	.word	0x34000040

200009f4 <next_striped_spin_lock_num>:
200009f4:	4a05      	ldr	r2, [pc, #20]	; (20000a0c <next_striped_spin_lock_num+0x18>)
200009f6:	7810      	ldrb	r0, [r2, #0]
200009f8:	1c43      	adds	r3, r0, #1
200009fa:	b2db      	uxtb	r3, r3
200009fc:	7013      	strb	r3, [r2, #0]
200009fe:	2b17      	cmp	r3, #23
20000a00:	d902      	bls.n	20000a08 <next_striped_spin_lock_num+0x14>
20000a02:	0013      	movs	r3, r2
20000a04:	2210      	movs	r2, #16
20000a06:	701a      	strb	r2, [r3, #0]
20000a08:	4770      	bx	lr
20000a0a:	46c0      	nop			; (mov r8, r8)
20000a0c:	20005bc8 	.word	0x20005bc8

20000a10 <set_raw_irq_handler_and_unlock>:
20000a10:	4b07      	ldr	r3, [pc, #28]	; (20000a30 <set_raw_irq_handler_and_unlock+0x20>)
20000a12:	689b      	ldr	r3, [r3, #8]
20000a14:	3010      	adds	r0, #16
20000a16:	0080      	lsls	r0, r0, #2
20000a18:	5019      	str	r1, [r3, r0]
20000a1a:	f3bf 8f5f 	dmb	sy
20000a1e:	f3bf 8f5f 	dmb	sy
20000a22:	4b04      	ldr	r3, [pc, #16]	; (20000a34 <set_raw_irq_handler_and_unlock+0x24>)
20000a24:	2100      	movs	r1, #0
20000a26:	6019      	str	r1, [r3, #0]
20000a28:	f382 8810 	msr	PRIMASK, r2
20000a2c:	4770      	bx	lr
20000a2e:	46c0      	nop			; (mov r8, r8)
20000a30:	e000ed00 	.word	0xe000ed00
20000a34:	d0000124 	.word	0xd0000124

20000a38 <make_branch>:
20000a38:	b510      	push	{r4, lr}
20000a3a:	1a09      	subs	r1, r1, r0
20000a3c:	1f08      	subs	r0, r1, #4
20000a3e:	4b0a      	ldr	r3, [pc, #40]	; (20000a68 <make_branch+0x30>)
20000a40:	469c      	mov	ip, r3
20000a42:	4461      	add	r1, ip
20000a44:	4a09      	ldr	r2, [pc, #36]	; (20000a6c <make_branch+0x34>)
20000a46:	4291      	cmp	r1, r2
20000a48:	d808      	bhi.n	20000a5c <make_branch+0x24>
20000a4a:	07c3      	lsls	r3, r0, #31
20000a4c:	d406      	bmi.n	20000a5c <make_branch+0x24>
20000a4e:	1040      	asrs	r0, r0, #1
20000a50:	0540      	lsls	r0, r0, #21
20000a52:	0d40      	lsrs	r0, r0, #21
20000a54:	4b06      	ldr	r3, [pc, #24]	; (20000a70 <make_branch+0x38>)
20000a56:	4318      	orrs	r0, r3
20000a58:	b280      	uxth	r0, r0
20000a5a:	bd10      	pop	{r4, pc}
20000a5c:	4b05      	ldr	r3, [pc, #20]	; (20000a74 <make_branch+0x3c>)
20000a5e:	4a06      	ldr	r2, [pc, #24]	; (20000a78 <make_branch+0x40>)
20000a60:	21a3      	movs	r1, #163	; 0xa3
20000a62:	4806      	ldr	r0, [pc, #24]	; (20000a7c <make_branch+0x44>)
20000a64:	f001 fde2 	bl	2000262c <__assert_func>
20000a68:	000007fc 	.word	0x000007fc
20000a6c:	00000ffe 	.word	0x00000ffe
20000a70:	ffffe000 	.word	0xffffe000
20000a74:	20004ad0 	.word	0x20004ad0
20000a78:	20004d20 	.word	0x20004d20
20000a7c:	20004b00 	.word	0x20004b00

20000a80 <insert_branch_and_link>:
20000a80:	b510      	push	{r4, lr}
20000a82:	1a09      	subs	r1, r1, r0
20000a84:	3904      	subs	r1, #4
20000a86:	084c      	lsrs	r4, r1, #1
20000a88:	0b09      	lsrs	r1, r1, #12
20000a8a:	d108      	bne.n	20000a9e <insert_branch_and_link+0x1e>
20000a8c:	0549      	lsls	r1, r1, #21
20000a8e:	0d49      	lsrs	r1, r1, #21
20000a90:	4a06      	ldr	r2, [pc, #24]	; (20000aac <insert_branch_and_link+0x2c>)
20000a92:	4311      	orrs	r1, r2
20000a94:	8001      	strh	r1, [r0, #0]
20000a96:	4b06      	ldr	r3, [pc, #24]	; (20000ab0 <insert_branch_and_link+0x30>)
20000a98:	4323      	orrs	r3, r4
20000a9a:	8043      	strh	r3, [r0, #2]
20000a9c:	bd10      	pop	{r4, pc}
20000a9e:	4b05      	ldr	r3, [pc, #20]	; (20000ab4 <insert_branch_and_link+0x34>)
20000aa0:	4a05      	ldr	r2, [pc, #20]	; (20000ab8 <insert_branch_and_link+0x38>)
20000aa2:	21ab      	movs	r1, #171	; 0xab
20000aa4:	4805      	ldr	r0, [pc, #20]	; (20000abc <insert_branch_and_link+0x3c>)
20000aa6:	f001 fdc1 	bl	2000262c <__assert_func>
20000aaa:	46c0      	nop			; (mov r8, r8)
20000aac:	fffff000 	.word	0xfffff000
20000ab0:	fffff800 	.word	0xfffff800
20000ab4:	20004b3c 	.word	0x20004b3c
20000ab8:	20004cf4 	.word	0x20004cf4
20000abc:	20004b00 	.word	0x20004b00

20000ac0 <irq_is_enabled>:
20000ac0:	2301      	movs	r3, #1
20000ac2:	4083      	lsls	r3, r0
20000ac4:	4a03      	ldr	r2, [pc, #12]	; (20000ad4 <irq_is_enabled+0x14>)
20000ac6:	6810      	ldr	r0, [r2, #0]
20000ac8:	4018      	ands	r0, r3
20000aca:	1e43      	subs	r3, r0, #1
20000acc:	4198      	sbcs	r0, r3
20000ace:	b2c0      	uxtb	r0, r0
20000ad0:	4770      	bx	lr
20000ad2:	46c0      	nop			; (mov r8, r8)
20000ad4:	e000e100 	.word	0xe000e100

20000ad8 <irq_set_mask_enabled>:
20000ad8:	2900      	cmp	r1, #0
20000ada:	d004      	beq.n	20000ae6 <irq_set_mask_enabled+0xe>
20000adc:	4b03      	ldr	r3, [pc, #12]	; (20000aec <irq_set_mask_enabled+0x14>)
20000ade:	6018      	str	r0, [r3, #0]
20000ae0:	4b03      	ldr	r3, [pc, #12]	; (20000af0 <irq_set_mask_enabled+0x18>)
20000ae2:	6018      	str	r0, [r3, #0]
20000ae4:	4770      	bx	lr
20000ae6:	4b03      	ldr	r3, [pc, #12]	; (20000af4 <irq_set_mask_enabled+0x1c>)
20000ae8:	6018      	str	r0, [r3, #0]
20000aea:	e7fb      	b.n	20000ae4 <irq_set_mask_enabled+0xc>
20000aec:	e000e280 	.word	0xe000e280
20000af0:	e000e100 	.word	0xe000e100
20000af4:	e000e180 	.word	0xe000e180

20000af8 <irq_set_enabled>:
20000af8:	b510      	push	{r4, lr}
20000afa:	2301      	movs	r3, #1
20000afc:	4083      	lsls	r3, r0
20000afe:	0018      	movs	r0, r3
20000b00:	f7ff ffea 	bl	20000ad8 <irq_set_mask_enabled>
20000b04:	bd10      	pop	{r4, pc}
	...

20000b08 <irq_get_vtable_handler>:
20000b08:	4b02      	ldr	r3, [pc, #8]	; (20000b14 <irq_get_vtable_handler+0xc>)
20000b0a:	689b      	ldr	r3, [r3, #8]
20000b0c:	3010      	adds	r0, #16
20000b0e:	0080      	lsls	r0, r0, #2
20000b10:	58c0      	ldr	r0, [r0, r3]
20000b12:	4770      	bx	lr
20000b14:	e000ed00 	.word	0xe000ed00

20000b18 <irq_set_exclusive_handler>:
20000b18:	b570      	push	{r4, r5, r6, lr}
20000b1a:	0004      	movs	r4, r0
20000b1c:	000d      	movs	r5, r1
20000b1e:	f3ef 8610 	mrs	r6, PRIMASK
20000b22:	b672      	cpsid	i
20000b24:	4b0c      	ldr	r3, [pc, #48]	; (20000b58 <irq_set_exclusive_handler+0x40>)
20000b26:	681b      	ldr	r3, [r3, #0]
20000b28:	2b00      	cmp	r3, #0
20000b2a:	d0fb      	beq.n	20000b24 <irq_set_exclusive_handler+0xc>
20000b2c:	f3bf 8f5f 	dmb	sy
20000b30:	0020      	movs	r0, r4
20000b32:	f7ff ffe9 	bl	20000b08 <irq_get_vtable_handler>
20000b36:	4b09      	ldr	r3, [pc, #36]	; (20000b5c <irq_set_exclusive_handler+0x44>)
20000b38:	4298      	cmp	r0, r3
20000b3a:	d001      	beq.n	20000b40 <irq_set_exclusive_handler+0x28>
20000b3c:	42a8      	cmp	r0, r5
20000b3e:	d105      	bne.n	20000b4c <irq_set_exclusive_handler+0x34>
20000b40:	0032      	movs	r2, r6
20000b42:	0029      	movs	r1, r5
20000b44:	0020      	movs	r0, r4
20000b46:	f7ff ff63 	bl	20000a10 <set_raw_irq_handler_and_unlock>
20000b4a:	bd70      	pop	{r4, r5, r6, pc}
20000b4c:	4b04      	ldr	r3, [pc, #16]	; (20000b60 <irq_set_exclusive_handler+0x48>)
20000b4e:	4a05      	ldr	r2, [pc, #20]	; (20000b64 <irq_set_exclusive_handler+0x4c>)
20000b50:	2186      	movs	r1, #134	; 0x86
20000b52:	4805      	ldr	r0, [pc, #20]	; (20000b68 <irq_set_exclusive_handler+0x50>)
20000b54:	f001 fd6a 	bl	2000262c <__assert_func>
20000b58:	d0000124 	.word	0xd0000124
20000b5c:	100001cd 	.word	0x100001cd
20000b60:	20004b4c 	.word	0x20004b4c
20000b64:	20004d3c 	.word	0x20004d3c
20000b68:	20004b00 	.word	0x20004b00

20000b6c <irq_remove_handler>:
20000b6c:	b5f0      	push	{r4, r5, r6, r7, lr}
20000b6e:	46ce      	mov	lr, r9
20000b70:	4647      	mov	r7, r8
20000b72:	b580      	push	{r7, lr}
20000b74:	b083      	sub	sp, #12
20000b76:	0006      	movs	r6, r0
20000b78:	000d      	movs	r5, r1
20000b7a:	f3ef 8810 	mrs	r8, PRIMASK
20000b7e:	b672      	cpsid	i
20000b80:	4b56      	ldr	r3, [pc, #344]	; (20000cdc <irq_remove_handler+0x170>)
20000b82:	681b      	ldr	r3, [r3, #0]
20000b84:	2b00      	cmp	r3, #0
20000b86:	d0fb      	beq.n	20000b80 <irq_remove_handler+0x14>
20000b88:	f3bf 8f5f 	dmb	sy
20000b8c:	4b54      	ldr	r3, [pc, #336]	; (20000ce0 <irq_remove_handler+0x174>)
20000b8e:	689a      	ldr	r2, [r3, #8]
20000b90:	0034      	movs	r4, r6
20000b92:	3410      	adds	r4, #16
20000b94:	00a3      	lsls	r3, r4, #2
20000b96:	58d7      	ldr	r7, [r2, r3]
20000b98:	4b52      	ldr	r3, [pc, #328]	; (20000ce4 <irq_remove_handler+0x178>)
20000b9a:	429f      	cmp	r7, r3
20000b9c:	d007      	beq.n	20000bae <irq_remove_handler+0x42>
20000b9e:	42af      	cmp	r7, r5
20000ba0:	d100      	bne.n	20000ba4 <irq_remove_handler+0x38>
20000ba2:	e098      	b.n	20000cd6 <irq_remove_handler+0x16a>
20000ba4:	9701      	str	r7, [sp, #4]
20000ba6:	4b50      	ldr	r3, [pc, #320]	; (20000ce8 <irq_remove_handler+0x17c>)
20000ba8:	1afb      	subs	r3, r7, r3
20000baa:	2b2f      	cmp	r3, #47	; 0x2f
20000bac:	d909      	bls.n	20000bc2 <irq_remove_handler+0x56>
20000bae:	4642      	mov	r2, r8
20000bb0:	0039      	movs	r1, r7
20000bb2:	0030      	movs	r0, r6
20000bb4:	f7ff ff2c 	bl	20000a10 <set_raw_irq_handler_and_unlock>
20000bb8:	b003      	add	sp, #12
20000bba:	bcc0      	pop	{r6, r7}
20000bbc:	46b9      	mov	r9, r7
20000bbe:	46b0      	mov	r8, r6
20000bc0:	bdf0      	pop	{r4, r5, r6, r7, pc}
20000bc2:	0030      	movs	r0, r6
20000bc4:	f7ff ff7c 	bl	20000ac0 <irq_is_enabled>
20000bc8:	4681      	mov	r9, r0
20000bca:	2100      	movs	r1, #0
20000bcc:	0030      	movs	r0, r6
20000bce:	f7ff ff93 	bl	20000af8 <irq_set_enabled>
20000bd2:	f3bf 8f5f 	dmb	sy
20000bd6:	f3ef 8105 	mrs	r1, IPSR
20000bda:	2900      	cmp	r1, #0
20000bdc:	d001      	beq.n	20000be2 <irq_remove_handler+0x76>
20000bde:	428c      	cmp	r4, r1
20000be0:	d111      	bne.n	20000c06 <irq_remove_handler+0x9a>
20000be2:	2301      	movs	r3, #1
20000be4:	9c01      	ldr	r4, [sp, #4]
20000be6:	439c      	bics	r4, r3
20000be8:	2200      	movs	r2, #0
20000bea:	68a3      	ldr	r3, [r4, #8]
20000bec:	42ab      	cmp	r3, r5
20000bee:	d012      	beq.n	20000c16 <irq_remove_handler+0xaa>
20000bf0:	2206      	movs	r2, #6
20000bf2:	56a2      	ldrsb	r2, [r4, r2]
20000bf4:	2a00      	cmp	r2, #0
20000bf6:	db0d      	blt.n	20000c14 <irq_remove_handler+0xa8>
20000bf8:	0053      	lsls	r3, r2, #1
20000bfa:	189b      	adds	r3, r3, r2
20000bfc:	009b      	lsls	r3, r3, #2
20000bfe:	0022      	movs	r2, r4
20000c00:	4c39      	ldr	r4, [pc, #228]	; (20000ce8 <irq_remove_handler+0x17c>)
20000c02:	18e4      	adds	r4, r4, r3
20000c04:	e7f1      	b.n	20000bea <irq_remove_handler+0x7e>
20000c06:	2136      	movs	r1, #54	; 0x36
20000c08:	4b38      	ldr	r3, [pc, #224]	; (20000cec <irq_remove_handler+0x180>)
20000c0a:	4a39      	ldr	r2, [pc, #228]	; (20000cf0 <irq_remove_handler+0x184>)
20000c0c:	31ff      	adds	r1, #255	; 0xff
20000c0e:	4839      	ldr	r0, [pc, #228]	; (20000cf4 <irq_remove_handler+0x188>)
20000c10:	f001 fd0c 	bl	2000262c <__assert_func>
20000c14:	0022      	movs	r2, r4
20000c16:	42ab      	cmp	r3, r5
20000c18:	d156      	bne.n	20000cc8 <irq_remove_handler+0x15c>
20000c1a:	2506      	movs	r5, #6
20000c1c:	5765      	ldrsb	r5, [r4, r5]
20000c1e:	2d00      	cmp	r5, #0
20000c20:	db38      	blt.n	20000c94 <irq_remove_handler+0x128>
20000c22:	006b      	lsls	r3, r5, #1
20000c24:	195b      	adds	r3, r3, r5
20000c26:	009a      	lsls	r2, r3, #2
20000c28:	4b2f      	ldr	r3, [pc, #188]	; (20000ce8 <irq_remove_handler+0x17c>)
20000c2a:	189b      	adds	r3, r3, r2
20000c2c:	689a      	ldr	r2, [r3, #8]
20000c2e:	60a2      	str	r2, [r4, #8]
20000c30:	79da      	ldrb	r2, [r3, #7]
20000c32:	71e2      	strb	r2, [r4, #7]
20000c34:	2206      	movs	r2, #6
20000c36:	569a      	ldrsb	r2, [r3, r2]
20000c38:	71a2      	strb	r2, [r4, #6]
20000c3a:	799b      	ldrb	r3, [r3, #6]
20000c3c:	b25b      	sxtb	r3, r3
20000c3e:	2b00      	cmp	r3, #0
20000c40:	da0f      	bge.n	20000c62 <irq_remove_handler+0xf6>
20000c42:	482d      	ldr	r0, [pc, #180]	; (20000cf8 <irq_remove_handler+0x18c>)
20000c44:	80a0      	strh	r0, [r4, #4]
20000c46:	006b      	lsls	r3, r5, #1
20000c48:	195b      	adds	r3, r3, r5
20000c4a:	009b      	lsls	r3, r3, #2
20000c4c:	4a26      	ldr	r2, [pc, #152]	; (20000ce8 <irq_remove_handler+0x17c>)
20000c4e:	18d3      	adds	r3, r2, r3
20000c50:	4a2a      	ldr	r2, [pc, #168]	; (20000cfc <irq_remove_handler+0x190>)
20000c52:	7811      	ldrb	r1, [r2, #0]
20000c54:	7199      	strb	r1, [r3, #6]
20000c56:	7015      	strb	r5, [r2, #0]
20000c58:	4649      	mov	r1, r9
20000c5a:	0030      	movs	r0, r6
20000c5c:	f7ff ff4c 	bl	20000af8 <irq_set_enabled>
20000c60:	e7a5      	b.n	20000bae <irq_remove_handler+0x42>
20000c62:	1d20      	adds	r0, r4, #4
20000c64:	006b      	lsls	r3, r5, #1
20000c66:	195b      	adds	r3, r3, r5
20000c68:	009b      	lsls	r3, r3, #2
20000c6a:	4a1f      	ldr	r2, [pc, #124]	; (20000ce8 <irq_remove_handler+0x17c>)
20000c6c:	189b      	adds	r3, r3, r2
20000c6e:	1d1a      	adds	r2, r3, #4
20000c70:	889b      	ldrh	r3, [r3, #4]
20000c72:	0ad9      	lsrs	r1, r3, #11
20000c74:	291c      	cmp	r1, #28
20000c76:	d107      	bne.n	20000c88 <irq_remove_handler+0x11c>
20000c78:	055b      	lsls	r3, r3, #21
20000c7a:	155b      	asrs	r3, r3, #21
20000c7c:	3302      	adds	r3, #2
20000c7e:	0059      	lsls	r1, r3, #1
20000c80:	1851      	adds	r1, r2, r1
20000c82:	f7ff fed9 	bl	20000a38 <make_branch>
20000c86:	e7dd      	b.n	20000c44 <irq_remove_handler+0xd8>
20000c88:	4b1d      	ldr	r3, [pc, #116]	; (20000d00 <irq_remove_handler+0x194>)
20000c8a:	4a1e      	ldr	r2, [pc, #120]	; (20000d04 <irq_remove_handler+0x198>)
20000c8c:	21b1      	movs	r1, #177	; 0xb1
20000c8e:	4819      	ldr	r0, [pc, #100]	; (20000cf4 <irq_remove_handler+0x188>)
20000c90:	f001 fccc 	bl	2000262c <__assert_func>
20000c94:	2900      	cmp	r1, #0
20000c96:	d112      	bne.n	20000cbe <irq_remove_handler+0x152>
20000c98:	2a00      	cmp	r2, #0
20000c9a:	d00e      	beq.n	20000cba <irq_remove_handler+0x14e>
20000c9c:	23ff      	movs	r3, #255	; 0xff
20000c9e:	7193      	strb	r3, [r2, #6]
20000ca0:	4b19      	ldr	r3, [pc, #100]	; (20000d08 <irq_remove_handler+0x19c>)
20000ca2:	8093      	strh	r3, [r2, #4]
20000ca4:	4a15      	ldr	r2, [pc, #84]	; (20000cfc <irq_remove_handler+0x190>)
20000ca6:	7813      	ldrb	r3, [r2, #0]
20000ca8:	71a3      	strb	r3, [r4, #6]
20000caa:	4b18      	ldr	r3, [pc, #96]	; (20000d0c <irq_remove_handler+0x1a0>)
20000cac:	490e      	ldr	r1, [pc, #56]	; (20000ce8 <irq_remove_handler+0x17c>)
20000cae:	1a64      	subs	r4, r4, r1
20000cb0:	4164      	adcs	r4, r4
20000cb2:	4363      	muls	r3, r4
20000cb4:	0d1b      	lsrs	r3, r3, #20
20000cb6:	7013      	strb	r3, [r2, #0]
20000cb8:	e7ce      	b.n	20000c58 <irq_remove_handler+0xec>
20000cba:	4f0a      	ldr	r7, [pc, #40]	; (20000ce4 <irq_remove_handler+0x178>)
20000cbc:	e7f2      	b.n	20000ca4 <irq_remove_handler+0x138>
20000cbe:	1d20      	adds	r0, r4, #4
20000cc0:	4913      	ldr	r1, [pc, #76]	; (20000d10 <irq_remove_handler+0x1a4>)
20000cc2:	f7ff fedd 	bl	20000a80 <insert_branch_and_link>
20000cc6:	e7c7      	b.n	20000c58 <irq_remove_handler+0xec>
20000cc8:	216a      	movs	r1, #106	; 0x6a
20000cca:	4b12      	ldr	r3, [pc, #72]	; (20000d14 <irq_remove_handler+0x1a8>)
20000ccc:	4a08      	ldr	r2, [pc, #32]	; (20000cf0 <irq_remove_handler+0x184>)
20000cce:	31ff      	adds	r1, #255	; 0xff
20000cd0:	4808      	ldr	r0, [pc, #32]	; (20000cf4 <irq_remove_handler+0x188>)
20000cd2:	f001 fcab 	bl	2000262c <__assert_func>
20000cd6:	4f03      	ldr	r7, [pc, #12]	; (20000ce4 <irq_remove_handler+0x178>)
20000cd8:	e769      	b.n	20000bae <irq_remove_handler+0x42>
20000cda:	46c0      	nop			; (mov r8, r8)
20000cdc:	d0000124 	.word	0xd0000124
20000ce0:	e000ed00 	.word	0xe000ed00
20000ce4:	100001cd 	.word	0x100001cd
20000ce8:	20005bcc 	.word	0x20005bcc
20000cec:	20004c60 	.word	0x20004c60
20000cf0:	20004d0c 	.word	0x20004d0c
20000cf4:	20004b00 	.word	0x20004b00
20000cf8:	0000bd01 	.word	0x0000bd01
20000cfc:	2000615a 	.word	0x2000615a
20000d00:	20004c48 	.word	0x20004c48
20000d04:	20004d2c 	.word	0x20004d2c
20000d08:	ffffbd01 	.word	0xffffbd01
20000d0c:	0000aaaa 	.word	0x0000aaaa
20000d10:	20005c06 	.word	0x20005c06
20000d14:	20004c94 	.word	0x20004c94

20000d18 <irq_add_tail_to_free_list>:
20000d18:	b570      	push	{r4, r5, r6, lr}
20000d1a:	2101      	movs	r1, #1
20000d1c:	4301      	orrs	r1, r0
20000d1e:	4b2e      	ldr	r3, [pc, #184]	; (20000dd8 <irq_add_tail_to_free_list+0xc0>)
20000d20:	1acb      	subs	r3, r1, r3
20000d22:	2b2f      	cmp	r3, #47	; 0x2f
20000d24:	d828      	bhi.n	20000d78 <irq_add_tail_to_free_list+0x60>
20000d26:	f3ef 8305 	mrs	r3, IPSR
20000d2a:	2b00      	cmp	r3, #0
20000d2c:	d02b      	beq.n	20000d86 <irq_add_tail_to_free_list+0x6e>
20000d2e:	f3ef 8c10 	mrs	ip, PRIMASK
20000d32:	b672      	cpsid	i
20000d34:	4a29      	ldr	r2, [pc, #164]	; (20000ddc <irq_add_tail_to_free_list+0xc4>)
20000d36:	6812      	ldr	r2, [r2, #0]
20000d38:	2a00      	cmp	r2, #0
20000d3a:	d0fb      	beq.n	20000d34 <irq_add_tail_to_free_list+0x1c>
20000d3c:	f3bf 8f5f 	dmb	sy
20000d40:	4a27      	ldr	r2, [pc, #156]	; (20000de0 <irq_add_tail_to_free_list+0xc8>)
20000d42:	0004      	movs	r4, r0
20000d44:	4d24      	ldr	r5, [pc, #144]	; (20000dd8 <irq_add_tail_to_free_list+0xc0>)
20000d46:	1b64      	subs	r4, r4, r5
20000d48:	4164      	adcs	r4, r4
20000d4a:	4362      	muls	r2, r4
20000d4c:	0d12      	lsrs	r2, r2, #20
20000d4e:	b254      	sxtb	r4, r2
20000d50:	4a24      	ldr	r2, [pc, #144]	; (20000de4 <irq_add_tail_to_free_list+0xcc>)
20000d52:	6892      	ldr	r2, [r2, #8]
20000d54:	009b      	lsls	r3, r3, #2
20000d56:	58d2      	ldr	r2, [r2, r3]
20000d58:	428a      	cmp	r2, r1
20000d5a:	d01b      	beq.n	20000d94 <irq_add_tail_to_free_list+0x7c>
20000d5c:	2200      	movs	r2, #0
20000d5e:	2a03      	cmp	r2, #3
20000d60:	d832      	bhi.n	20000dc8 <irq_add_tail_to_free_list+0xb0>
20000d62:	0053      	lsls	r3, r2, #1
20000d64:	189b      	adds	r3, r3, r2
20000d66:	009b      	lsls	r3, r3, #2
20000d68:	491b      	ldr	r1, [pc, #108]	; (20000dd8 <irq_add_tail_to_free_list+0xc0>)
20000d6a:	18cb      	adds	r3, r1, r3
20000d6c:	799b      	ldrb	r3, [r3, #6]
20000d6e:	b25b      	sxtb	r3, r3
20000d70:	42a3      	cmp	r3, r4
20000d72:	d01f      	beq.n	20000db4 <irq_add_tail_to_free_list+0x9c>
20000d74:	3201      	adds	r2, #1
20000d76:	e7f2      	b.n	20000d5e <irq_add_tail_to_free_list+0x46>
20000d78:	21c7      	movs	r1, #199	; 0xc7
20000d7a:	4b1b      	ldr	r3, [pc, #108]	; (20000de8 <irq_add_tail_to_free_list+0xd0>)
20000d7c:	4a1b      	ldr	r2, [pc, #108]	; (20000dec <irq_add_tail_to_free_list+0xd4>)
20000d7e:	0049      	lsls	r1, r1, #1
20000d80:	481b      	ldr	r0, [pc, #108]	; (20000df0 <irq_add_tail_to_free_list+0xd8>)
20000d82:	f001 fc53 	bl	2000262c <__assert_func>
20000d86:	2192      	movs	r1, #146	; 0x92
20000d88:	4b1a      	ldr	r3, [pc, #104]	; (20000df4 <irq_add_tail_to_free_list+0xdc>)
20000d8a:	4a18      	ldr	r2, [pc, #96]	; (20000dec <irq_add_tail_to_free_list+0xd4>)
20000d8c:	31ff      	adds	r1, #255	; 0xff
20000d8e:	4818      	ldr	r0, [pc, #96]	; (20000df0 <irq_add_tail_to_free_list+0xd8>)
20000d90:	f001 fc4c 	bl	2000262c <__assert_func>
20000d94:	4a13      	ldr	r2, [pc, #76]	; (20000de4 <irq_add_tail_to_free_list+0xcc>)
20000d96:	6892      	ldr	r2, [r2, #8]
20000d98:	4917      	ldr	r1, [pc, #92]	; (20000df8 <irq_add_tail_to_free_list+0xe0>)
20000d9a:	50d1      	str	r1, [r2, r3]
20000d9c:	4b17      	ldr	r3, [pc, #92]	; (20000dfc <irq_add_tail_to_free_list+0xe4>)
20000d9e:	781a      	ldrb	r2, [r3, #0]
20000da0:	7182      	strb	r2, [r0, #6]
20000da2:	701c      	strb	r4, [r3, #0]
20000da4:	f3bf 8f5f 	dmb	sy
20000da8:	4b0c      	ldr	r3, [pc, #48]	; (20000ddc <irq_add_tail_to_free_list+0xc4>)
20000daa:	2200      	movs	r2, #0
20000dac:	601a      	str	r2, [r3, #0]
20000dae:	f38c 8810 	msr	PRIMASK, ip
20000db2:	bd70      	pop	{r4, r5, r6, pc}
20000db4:	000d      	movs	r5, r1
20000db6:	0053      	lsls	r3, r2, #1
20000db8:	1899      	adds	r1, r3, r2
20000dba:	0089      	lsls	r1, r1, #2
20000dbc:	1869      	adds	r1, r5, r1
20000dbe:	26ff      	movs	r6, #255	; 0xff
20000dc0:	718e      	strb	r6, [r1, #6]
20000dc2:	4a0f      	ldr	r2, [pc, #60]	; (20000e00 <irq_add_tail_to_free_list+0xe8>)
20000dc4:	808a      	strh	r2, [r1, #4]
20000dc6:	e7e9      	b.n	20000d9c <irq_add_tail_to_free_list+0x84>
20000dc8:	21d1      	movs	r1, #209	; 0xd1
20000dca:	4b0e      	ldr	r3, [pc, #56]	; (20000e04 <irq_add_tail_to_free_list+0xec>)
20000dcc:	4a07      	ldr	r2, [pc, #28]	; (20000dec <irq_add_tail_to_free_list+0xd4>)
20000dce:	0049      	lsls	r1, r1, #1
20000dd0:	4807      	ldr	r0, [pc, #28]	; (20000df0 <irq_add_tail_to_free_list+0xd8>)
20000dd2:	f001 fc2b 	bl	2000262c <__assert_func>
20000dd6:	46c0      	nop			; (mov r8, r8)
20000dd8:	20005bcc 	.word	0x20005bcc
20000ddc:	d0000124 	.word	0xd0000124
20000de0:	0000aaaa 	.word	0x0000aaaa
20000de4:	e000ed00 	.word	0xe000ed00
20000de8:	20004c9c 	.word	0x20004c9c
20000dec:	20004cd8 	.word	0x20004cd8
20000df0:	20004b00 	.word	0x20004b00
20000df4:	20004cc4 	.word	0x20004cc4
20000df8:	100001cd 	.word	0x100001cd
20000dfc:	2000615a 	.word	0x2000615a
20000e00:	ffffbd01 	.word	0xffffbd01
20000e04:	20004cd0 	.word	0x20004cd0

20000e08 <irq_init_priorities>:
20000e08:	2200      	movs	r2, #0
20000e0a:	4b04      	ldr	r3, [pc, #16]	; (20000e1c <irq_init_priorities+0x14>)
20000e0c:	e002      	b.n	20000e14 <irq_init_priorities+0xc>
20000e0e:	4904      	ldr	r1, [pc, #16]	; (20000e20 <irq_init_priorities+0x18>)
20000e10:	c302      	stmia	r3!, {r1}
20000e12:	3201      	adds	r2, #1
20000e14:	2a07      	cmp	r2, #7
20000e16:	d9fa      	bls.n	20000e0e <irq_init_priorities+0x6>
20000e18:	4770      	bx	lr
20000e1a:	46c0      	nop			; (mov r8, r8)
20000e1c:	e000e400 	.word	0xe000e400
20000e20:	80808080 	.word	0x80808080

20000e24 <lock_init>:
20000e24:	4b02      	ldr	r3, [pc, #8]	; (20000e30 <lock_init+0xc>)
20000e26:	469c      	mov	ip, r3
20000e28:	4461      	add	r1, ip
20000e2a:	0089      	lsls	r1, r1, #2
20000e2c:	6001      	str	r1, [r0, #0]
20000e2e:	4770      	bx	lr
20000e30:	34000040 	.word	0x34000040

20000e34 <mutex_init>:
20000e34:	b510      	push	{r4, lr}
20000e36:	0004      	movs	r4, r0
20000e38:	f7ff fddc 	bl	200009f4 <next_striped_spin_lock_num>
20000e3c:	0001      	movs	r1, r0
20000e3e:	0020      	movs	r0, r4
20000e40:	f7ff fff0 	bl	20000e24 <lock_init>
20000e44:	23ff      	movs	r3, #255	; 0xff
20000e46:	7123      	strb	r3, [r4, #4]
20000e48:	f3bf 8f5f 	dmb	sy
20000e4c:	bd10      	pop	{r4, pc}

20000e4e <recursive_mutex_init>:
20000e4e:	b510      	push	{r4, lr}
20000e50:	0004      	movs	r4, r0
20000e52:	f7ff fdcf 	bl	200009f4 <next_striped_spin_lock_num>
20000e56:	0001      	movs	r1, r0
20000e58:	0020      	movs	r0, r4
20000e5a:	f7ff ffe3 	bl	20000e24 <lock_init>
20000e5e:	23ff      	movs	r3, #255	; 0xff
20000e60:	7123      	strb	r3, [r4, #4]
20000e62:	2300      	movs	r3, #0
20000e64:	7163      	strb	r3, [r4, #5]
20000e66:	f3bf 8f5f 	dmb	sy
20000e6a:	bd10      	pop	{r4, pc}

20000e6c <alarm_pool_post_alloc_init>:
20000e6c:	b570      	push	{r4, r5, r6, lr}
20000e6e:	0005      	movs	r5, r0
20000e70:	000c      	movs	r4, r1
20000e72:	0008      	movs	r0, r1
20000e74:	f000 fef4 	bl	20001c60 <hardware_alarm_cancel>
20000e78:	4909      	ldr	r1, [pc, #36]	; (20000ea0 <alarm_pool_post_alloc_init+0x34>)
20000e7a:	0020      	movs	r0, r4
20000e7c:	f000 fe34 	bl	20001ae8 <hardware_alarm_set_callback>
20000e80:	f7ff fdb8 	bl	200009f4 <next_striped_spin_lock_num>
20000e84:	4b07      	ldr	r3, [pc, #28]	; (20000ea4 <alarm_pool_post_alloc_init+0x38>)
20000e86:	469c      	mov	ip, r3
20000e88:	4460      	add	r0, ip
20000e8a:	0080      	lsls	r0, r0, #2
20000e8c:	6068      	str	r0, [r5, #4]
20000e8e:	752c      	strb	r4, [r5, #20]
20000e90:	23d0      	movs	r3, #208	; 0xd0
20000e92:	061b      	lsls	r3, r3, #24
20000e94:	781b      	ldrb	r3, [r3, #0]
20000e96:	756b      	strb	r3, [r5, #21]
20000e98:	00a4      	lsls	r4, r4, #2
20000e9a:	4b03      	ldr	r3, [pc, #12]	; (20000ea8 <alarm_pool_post_alloc_init+0x3c>)
20000e9c:	50e5      	str	r5, [r4, r3]
20000e9e:	bd70      	pop	{r4, r5, r6, pc}
20000ea0:	200011b1 	.word	0x200011b1
20000ea4:	34000040 	.word	0x34000040
20000ea8:	20005f24 	.word	0x20005f24

20000eac <sleep_until_callback>:
20000eac:	4b0a      	ldr	r3, [pc, #40]	; (20000ed8 <sleep_until_callback+0x2c>)
20000eae:	681a      	ldr	r2, [r3, #0]
20000eb0:	f3ef 8110 	mrs	r1, PRIMASK
20000eb4:	b672      	cpsid	i
20000eb6:	6813      	ldr	r3, [r2, #0]
20000eb8:	2b00      	cmp	r3, #0
20000eba:	d0fc      	beq.n	20000eb6 <sleep_until_callback+0xa>
20000ebc:	f3bf 8f5f 	dmb	sy
20000ec0:	4b05      	ldr	r3, [pc, #20]	; (20000ed8 <sleep_until_callback+0x2c>)
20000ec2:	681b      	ldr	r3, [r3, #0]
20000ec4:	f3bf 8f5f 	dmb	sy
20000ec8:	2200      	movs	r2, #0
20000eca:	601a      	str	r2, [r3, #0]
20000ecc:	f381 8810 	msr	PRIMASK, r1
20000ed0:	bf40      	sev
20000ed2:	2000      	movs	r0, #0
20000ed4:	2100      	movs	r1, #0
20000ed6:	4770      	bx	lr
20000ed8:	20006140 	.word	0x20006140

20000edc <timer_pool_entry_comparator>:
20000edc:	b510      	push	{r4, lr}
20000ede:	2900      	cmp	r1, #0
20000ee0:	d022      	beq.n	20000f28 <timer_pool_entry_comparator+0x4c>
20000ee2:	6803      	ldr	r3, [r0, #0]
20000ee4:	7b1b      	ldrb	r3, [r3, #12]
20000ee6:	4299      	cmp	r1, r3
20000ee8:	d81e      	bhi.n	20000f28 <timer_pool_entry_comparator+0x4c>
20000eea:	4b17      	ldr	r3, [pc, #92]	; (20000f48 <timer_pool_entry_comparator+0x6c>)
20000eec:	469c      	mov	ip, r3
20000eee:	4461      	add	r1, ip
20000ef0:	0109      	lsls	r1, r1, #4
20000ef2:	6883      	ldr	r3, [r0, #8]
20000ef4:	469c      	mov	ip, r3
20000ef6:	4461      	add	r1, ip
20000ef8:	680c      	ldr	r4, [r1, #0]
20000efa:	6849      	ldr	r1, [r1, #4]
20000efc:	2a00      	cmp	r2, #0
20000efe:	d019      	beq.n	20000f34 <timer_pool_entry_comparator+0x58>
20000f00:	6803      	ldr	r3, [r0, #0]
20000f02:	7b1b      	ldrb	r3, [r3, #12]
20000f04:	429a      	cmp	r2, r3
20000f06:	d815      	bhi.n	20000f34 <timer_pool_entry_comparator+0x58>
20000f08:	6883      	ldr	r3, [r0, #8]
20000f0a:	480f      	ldr	r0, [pc, #60]	; (20000f48 <timer_pool_entry_comparator+0x6c>)
20000f0c:	4684      	mov	ip, r0
20000f0e:	4462      	add	r2, ip
20000f10:	0112      	lsls	r2, r2, #4
20000f12:	189a      	adds	r2, r3, r2
20000f14:	6810      	ldr	r0, [r2, #0]
20000f16:	6853      	ldr	r3, [r2, #4]
20000f18:	0002      	movs	r2, r0
20000f1a:	2001      	movs	r0, #1
20000f1c:	428b      	cmp	r3, r1
20000f1e:	d801      	bhi.n	20000f24 <timer_pool_entry_comparator+0x48>
20000f20:	d00e      	beq.n	20000f40 <timer_pool_entry_comparator+0x64>
20000f22:	2000      	movs	r0, #0
20000f24:	b2c0      	uxtb	r0, r0
20000f26:	bd10      	pop	{r4, pc}
20000f28:	4b08      	ldr	r3, [pc, #32]	; (20000f4c <timer_pool_entry_comparator+0x70>)
20000f2a:	4a09      	ldr	r2, [pc, #36]	; (20000f50 <timer_pool_entry_comparator+0x74>)
20000f2c:	213c      	movs	r1, #60	; 0x3c
20000f2e:	4809      	ldr	r0, [pc, #36]	; (20000f54 <timer_pool_entry_comparator+0x78>)
20000f30:	f001 fb7c 	bl	2000262c <__assert_func>
20000f34:	4b05      	ldr	r3, [pc, #20]	; (20000f4c <timer_pool_entry_comparator+0x70>)
20000f36:	4a06      	ldr	r2, [pc, #24]	; (20000f50 <timer_pool_entry_comparator+0x74>)
20000f38:	213c      	movs	r1, #60	; 0x3c
20000f3a:	4806      	ldr	r0, [pc, #24]	; (20000f54 <timer_pool_entry_comparator+0x78>)
20000f3c:	f001 fb76 	bl	2000262c <__assert_func>
20000f40:	42a2      	cmp	r2, r4
20000f42:	d8ef      	bhi.n	20000f24 <timer_pool_entry_comparator+0x48>
20000f44:	e7ed      	b.n	20000f22 <timer_pool_entry_comparator+0x46>
20000f46:	46c0      	nop			; (mov r8, r8)
20000f48:	0fffffff 	.word	0x0fffffff
20000f4c:	20004eac 	.word	0x20004eac
20000f50:	2000510c 	.word	0x2000510c
20000f54:	20004e78 	.word	0x20004e78

20000f58 <ph_add_child_node>:
20000f58:	b510      	push	{r4, lr}
20000f5a:	2900      	cmp	r1, #0
20000f5c:	d01e      	beq.n	20000f9c <ph_add_child_node+0x44>
20000f5e:	7b03      	ldrb	r3, [r0, #12]
20000f60:	4299      	cmp	r1, r3
20000f62:	d81b      	bhi.n	20000f9c <ph_add_child_node+0x44>
20000f64:	004b      	lsls	r3, r1, #1
20000f66:	185b      	adds	r3, r3, r1
20000f68:	3b03      	subs	r3, #3
20000f6a:	6804      	ldr	r4, [r0, #0]
20000f6c:	46a4      	mov	ip, r4
20000f6e:	4463      	add	r3, ip
20000f70:	2900      	cmp	r1, #0
20000f72:	d019      	beq.n	20000fa8 <ph_add_child_node+0x50>
20000f74:	2a00      	cmp	r2, #0
20000f76:	d01d      	beq.n	20000fb4 <ph_add_child_node+0x5c>
20000f78:	4291      	cmp	r1, r2
20000f7a:	d021      	beq.n	20000fc0 <ph_add_child_node+0x68>
20000f7c:	2a00      	cmp	r2, #0
20000f7e:	d025      	beq.n	20000fcc <ph_add_child_node+0x74>
20000f80:	7b04      	ldrb	r4, [r0, #12]
20000f82:	42a2      	cmp	r2, r4
20000f84:	d822      	bhi.n	20000fcc <ph_add_child_node+0x74>
20000f86:	6804      	ldr	r4, [r0, #0]
20000f88:	0050      	lsls	r0, r2, #1
20000f8a:	1880      	adds	r0, r0, r2
20000f8c:	3803      	subs	r0, #3
20000f8e:	1820      	adds	r0, r4, r0
20000f90:	7081      	strb	r1, [r0, #2]
20000f92:	7819      	ldrb	r1, [r3, #0]
20000f94:	2900      	cmp	r1, #0
20000f96:	d11f      	bne.n	20000fd8 <ph_add_child_node+0x80>
20000f98:	701a      	strb	r2, [r3, #0]
20000f9a:	bd10      	pop	{r4, pc}
20000f9c:	4b10      	ldr	r3, [pc, #64]	; (20000fe0 <ph_add_child_node+0x88>)
20000f9e:	4a11      	ldr	r2, [pc, #68]	; (20000fe4 <ph_add_child_node+0x8c>)
20000fa0:	2168      	movs	r1, #104	; 0x68
20000fa2:	4811      	ldr	r0, [pc, #68]	; (20000fe8 <ph_add_child_node+0x90>)
20000fa4:	f001 fb42 	bl	2000262c <__assert_func>
20000fa8:	4b10      	ldr	r3, [pc, #64]	; (20000fec <ph_add_child_node+0x94>)
20000faa:	4a11      	ldr	r2, [pc, #68]	; (20000ff0 <ph_add_child_node+0x98>)
20000fac:	316f      	adds	r1, #111	; 0x6f
20000fae:	480e      	ldr	r0, [pc, #56]	; (20000fe8 <ph_add_child_node+0x90>)
20000fb0:	f001 fb3c 	bl	2000262c <__assert_func>
20000fb4:	4b0f      	ldr	r3, [pc, #60]	; (20000ff4 <ph_add_child_node+0x9c>)
20000fb6:	4a0e      	ldr	r2, [pc, #56]	; (20000ff0 <ph_add_child_node+0x98>)
20000fb8:	2170      	movs	r1, #112	; 0x70
20000fba:	480b      	ldr	r0, [pc, #44]	; (20000fe8 <ph_add_child_node+0x90>)
20000fbc:	f001 fb36 	bl	2000262c <__assert_func>
20000fc0:	4b0d      	ldr	r3, [pc, #52]	; (20000ff8 <ph_add_child_node+0xa0>)
20000fc2:	4a0b      	ldr	r2, [pc, #44]	; (20000ff0 <ph_add_child_node+0x98>)
20000fc4:	2171      	movs	r1, #113	; 0x71
20000fc6:	4808      	ldr	r0, [pc, #32]	; (20000fe8 <ph_add_child_node+0x90>)
20000fc8:	f001 fb30 	bl	2000262c <__assert_func>
20000fcc:	4b04      	ldr	r3, [pc, #16]	; (20000fe0 <ph_add_child_node+0x88>)
20000fce:	4a05      	ldr	r2, [pc, #20]	; (20000fe4 <ph_add_child_node+0x8c>)
20000fd0:	2168      	movs	r1, #104	; 0x68
20000fd2:	4805      	ldr	r0, [pc, #20]	; (20000fe8 <ph_add_child_node+0x90>)
20000fd4:	f001 fb2a 	bl	2000262c <__assert_func>
20000fd8:	7041      	strb	r1, [r0, #1]
20000fda:	701a      	strb	r2, [r3, #0]
20000fdc:	e7dd      	b.n	20000f9a <ph_add_child_node+0x42>
20000fde:	46c0      	nop			; (mov r8, r8)
20000fe0:	20004ed0 	.word	0x20004ed0
20000fe4:	20005178 	.word	0x20005178
20000fe8:	20004eec 	.word	0x20004eec
20000fec:	20004f34 	.word	0x20004f34
20000ff0:	20005154 	.word	0x20005154
20000ff4:	20004f40 	.word	0x20004f40
20000ff8:	20004f4c 	.word	0x20004f4c

20000ffc <ph_merge_nodes>:
20000ffc:	b570      	push	{r4, r5, r6, lr}
20000ffe:	0006      	movs	r6, r0
20001000:	000d      	movs	r5, r1
20001002:	0014      	movs	r4, r2
20001004:	2900      	cmp	r1, #0
20001006:	d014      	beq.n	20001032 <ph_merge_nodes+0x36>
20001008:	2a00      	cmp	r2, #0
2000100a:	d014      	beq.n	20001036 <ph_merge_nodes+0x3a>
2000100c:	6880      	ldr	r0, [r0, #8]
2000100e:	6873      	ldr	r3, [r6, #4]
20001010:	4798      	blx	r3
20001012:	2800      	cmp	r0, #0
20001014:	d006      	beq.n	20001024 <ph_merge_nodes+0x28>
20001016:	0022      	movs	r2, r4
20001018:	0029      	movs	r1, r5
2000101a:	0030      	movs	r0, r6
2000101c:	f7ff ff9c 	bl	20000f58 <ph_add_child_node>
20001020:	0028      	movs	r0, r5
20001022:	e007      	b.n	20001034 <ph_merge_nodes+0x38>
20001024:	002a      	movs	r2, r5
20001026:	0021      	movs	r1, r4
20001028:	0030      	movs	r0, r6
2000102a:	f7ff ff95 	bl	20000f58 <ph_add_child_node>
2000102e:	0020      	movs	r0, r4
20001030:	e000      	b.n	20001034 <ph_merge_nodes+0x38>
20001032:	0010      	movs	r0, r2
20001034:	bd70      	pop	{r4, r5, r6, pc}
20001036:	0008      	movs	r0, r1
20001038:	e7fc      	b.n	20001034 <ph_merge_nodes+0x38>
	...

2000103c <add_alarm_under_lock>:
2000103c:	b5f0      	push	{r4, r5, r6, r7, lr}
2000103e:	b083      	sub	sp, #12
20001040:	0005      	movs	r5, r0
20001042:	9200      	str	r2, [sp, #0]
20001044:	9301      	str	r3, [sp, #4]
20001046:	ab0a      	add	r3, sp, #40	; 0x28
20001048:	781c      	ldrb	r4, [r3, #0]
2000104a:	ab0b      	add	r3, sp, #44	; 0x2c
2000104c:	781f      	ldrb	r7, [r3, #0]
2000104e:	2c00      	cmp	r4, #0
20001050:	d026      	beq.n	200010a0 <add_alarm_under_lock+0x64>
20001052:	6803      	ldr	r3, [r0, #0]
20001054:	7b5a      	ldrb	r2, [r3, #13]
20001056:	4294      	cmp	r4, r2
20001058:	d107      	bne.n	2000106a <add_alarm_under_lock+0x2e>
2000105a:	2301      	movs	r3, #1
2000105c:	2b00      	cmp	r3, #0
2000105e:	d119      	bne.n	20001094 <add_alarm_under_lock+0x58>
20001060:	2c00      	cmp	r4, #0
20001062:	d13b      	bne.n	200010dc <add_alarm_under_lock+0xa0>
20001064:	0020      	movs	r0, r4
20001066:	b003      	add	sp, #12
20001068:	bdf0      	pop	{r4, r5, r6, r7, pc}
2000106a:	2c00      	cmp	r4, #0
2000106c:	d00c      	beq.n	20001088 <add_alarm_under_lock+0x4c>
2000106e:	7b1a      	ldrb	r2, [r3, #12]
20001070:	4294      	cmp	r4, r2
20001072:	d809      	bhi.n	20001088 <add_alarm_under_lock+0x4c>
20001074:	681a      	ldr	r2, [r3, #0]
20001076:	0063      	lsls	r3, r4, #1
20001078:	191b      	adds	r3, r3, r4
2000107a:	3b03      	subs	r3, #3
2000107c:	18d3      	adds	r3, r2, r3
2000107e:	789b      	ldrb	r3, [r3, #2]
20001080:	2b00      	cmp	r3, #0
20001082:	d0eb      	beq.n	2000105c <add_alarm_under_lock+0x20>
20001084:	2301      	movs	r3, #1
20001086:	e7e9      	b.n	2000105c <add_alarm_under_lock+0x20>
20001088:	4b3e      	ldr	r3, [pc, #248]	; (20001184 <add_alarm_under_lock+0x148>)
2000108a:	4a3f      	ldr	r2, [pc, #252]	; (20001188 <add_alarm_under_lock+0x14c>)
2000108c:	2168      	movs	r1, #104	; 0x68
2000108e:	483f      	ldr	r0, [pc, #252]	; (2000118c <add_alarm_under_lock+0x150>)
20001090:	f001 facc 	bl	2000262c <__assert_func>
20001094:	4b3e      	ldr	r3, [pc, #248]	; (20001190 <add_alarm_under_lock+0x154>)
20001096:	4a3f      	ldr	r2, [pc, #252]	; (20001194 <add_alarm_under_lock+0x158>)
20001098:	2167      	movs	r1, #103	; 0x67
2000109a:	483f      	ldr	r0, [pc, #252]	; (20001198 <add_alarm_under_lock+0x15c>)
2000109c:	f001 fac6 	bl	2000262c <__assert_func>
200010a0:	6803      	ldr	r3, [r0, #0]
200010a2:	7b9c      	ldrb	r4, [r3, #14]
200010a4:	2c00      	cmp	r4, #0
200010a6:	d0db      	beq.n	20001060 <add_alarm_under_lock+0x24>
200010a8:	d012      	beq.n	200010d0 <add_alarm_under_lock+0x94>
200010aa:	7b1a      	ldrb	r2, [r3, #12]
200010ac:	4294      	cmp	r4, r2
200010ae:	d80f      	bhi.n	200010d0 <add_alarm_under_lock+0x94>
200010b0:	0062      	lsls	r2, r4, #1
200010b2:	1912      	adds	r2, r2, r4
200010b4:	3a03      	subs	r2, #3
200010b6:	6819      	ldr	r1, [r3, #0]
200010b8:	468c      	mov	ip, r1
200010ba:	4462      	add	r2, ip
200010bc:	7851      	ldrb	r1, [r2, #1]
200010be:	7399      	strb	r1, [r3, #14]
200010c0:	2900      	cmp	r1, #0
200010c2:	d100      	bne.n	200010c6 <add_alarm_under_lock+0x8a>
200010c4:	73d9      	strb	r1, [r3, #15]
200010c6:	2300      	movs	r3, #0
200010c8:	7093      	strb	r3, [r2, #2]
200010ca:	7053      	strb	r3, [r2, #1]
200010cc:	7013      	strb	r3, [r2, #0]
200010ce:	e7c7      	b.n	20001060 <add_alarm_under_lock+0x24>
200010d0:	4b2c      	ldr	r3, [pc, #176]	; (20001184 <add_alarm_under_lock+0x148>)
200010d2:	4a2d      	ldr	r2, [pc, #180]	; (20001188 <add_alarm_under_lock+0x14c>)
200010d4:	2168      	movs	r1, #104	; 0x68
200010d6:	482d      	ldr	r0, [pc, #180]	; (2000118c <add_alarm_under_lock+0x150>)
200010d8:	f001 faa8 	bl	2000262c <__assert_func>
200010dc:	2c00      	cmp	r4, #0
200010de:	d03a      	beq.n	20001156 <add_alarm_under_lock+0x11a>
200010e0:	682b      	ldr	r3, [r5, #0]
200010e2:	7b1b      	ldrb	r3, [r3, #12]
200010e4:	429c      	cmp	r4, r3
200010e6:	d836      	bhi.n	20001156 <add_alarm_under_lock+0x11a>
200010e8:	4b2c      	ldr	r3, [pc, #176]	; (2000119c <add_alarm_under_lock+0x160>)
200010ea:	18e3      	adds	r3, r4, r3
200010ec:	011b      	lsls	r3, r3, #4
200010ee:	68aa      	ldr	r2, [r5, #8]
200010f0:	4694      	mov	ip, r2
200010f2:	4463      	add	r3, ip
200010f4:	9a00      	ldr	r2, [sp, #0]
200010f6:	601a      	str	r2, [r3, #0]
200010f8:	9a01      	ldr	r2, [sp, #4]
200010fa:	605a      	str	r2, [r3, #4]
200010fc:	9a08      	ldr	r2, [sp, #32]
200010fe:	609a      	str	r2, [r3, #8]
20001100:	9a09      	ldr	r2, [sp, #36]	; 0x24
20001102:	60da      	str	r2, [r3, #12]
20001104:	682e      	ldr	r6, [r5, #0]
20001106:	2c00      	cmp	r4, #0
20001108:	d02b      	beq.n	20001162 <add_alarm_under_lock+0x126>
2000110a:	d030      	beq.n	2000116e <add_alarm_under_lock+0x132>
2000110c:	7b33      	ldrb	r3, [r6, #12]
2000110e:	429c      	cmp	r4, r3
20001110:	d82d      	bhi.n	2000116e <add_alarm_under_lock+0x132>
20001112:	0063      	lsls	r3, r4, #1
20001114:	191b      	adds	r3, r3, r4
20001116:	3b03      	subs	r3, #3
20001118:	6832      	ldr	r2, [r6, #0]
2000111a:	4694      	mov	ip, r2
2000111c:	4463      	add	r3, ip
2000111e:	2200      	movs	r2, #0
20001120:	709a      	strb	r2, [r3, #2]
20001122:	705a      	strb	r2, [r3, #1]
20001124:	701a      	strb	r2, [r3, #0]
20001126:	7b71      	ldrb	r1, [r6, #13]
20001128:	0022      	movs	r2, r4
2000112a:	0030      	movs	r0, r6
2000112c:	f7ff ff66 	bl	20000ffc <ph_merge_nodes>
20001130:	7370      	strb	r0, [r6, #13]
20001132:	4284      	cmp	r4, r0
20001134:	d000      	beq.n	20001138 <add_alarm_under_lock+0xfc>
20001136:	e795      	b.n	20001064 <add_alarm_under_lock+0x28>
20001138:	7d28      	ldrb	r0, [r5, #20]
2000113a:	9a00      	ldr	r2, [sp, #0]
2000113c:	9b01      	ldr	r3, [sp, #4]
2000113e:	f000 fd1b 	bl	20001b78 <hardware_alarm_set_target>
20001142:	1e06      	subs	r6, r0, #0
20001144:	d001      	beq.n	2000114a <add_alarm_under_lock+0x10e>
20001146:	2f00      	cmp	r7, #0
20001148:	d017      	beq.n	2000117a <add_alarm_under_lock+0x13e>
2000114a:	9b0c      	ldr	r3, [sp, #48]	; 0x30
2000114c:	2b00      	cmp	r3, #0
2000114e:	d100      	bne.n	20001152 <add_alarm_under_lock+0x116>
20001150:	e788      	b.n	20001064 <add_alarm_under_lock+0x28>
20001152:	701e      	strb	r6, [r3, #0]
20001154:	e786      	b.n	20001064 <add_alarm_under_lock+0x28>
20001156:	4b12      	ldr	r3, [pc, #72]	; (200011a0 <add_alarm_under_lock+0x164>)
20001158:	4a12      	ldr	r2, [pc, #72]	; (200011a4 <add_alarm_under_lock+0x168>)
2000115a:	213c      	movs	r1, #60	; 0x3c
2000115c:	480e      	ldr	r0, [pc, #56]	; (20001198 <add_alarm_under_lock+0x15c>)
2000115e:	f001 fa65 	bl	2000262c <__assert_func>
20001162:	4b11      	ldr	r3, [pc, #68]	; (200011a8 <add_alarm_under_lock+0x16c>)
20001164:	4a11      	ldr	r2, [pc, #68]	; (200011ac <add_alarm_under_lock+0x170>)
20001166:	21a5      	movs	r1, #165	; 0xa5
20001168:	4808      	ldr	r0, [pc, #32]	; (2000118c <add_alarm_under_lock+0x150>)
2000116a:	f001 fa5f 	bl	2000262c <__assert_func>
2000116e:	4b05      	ldr	r3, [pc, #20]	; (20001184 <add_alarm_under_lock+0x148>)
20001170:	4a05      	ldr	r2, [pc, #20]	; (20001188 <add_alarm_under_lock+0x14c>)
20001172:	2168      	movs	r1, #104	; 0x68
20001174:	4805      	ldr	r0, [pc, #20]	; (2000118c <add_alarm_under_lock+0x150>)
20001176:	f001 fa59 	bl	2000262c <__assert_func>
2000117a:	6828      	ldr	r0, [r5, #0]
2000117c:	0021      	movs	r1, r4
2000117e:	f000 ff33 	bl	20001fe8 <ph_remove_and_free_node>
20001182:	e7e2      	b.n	2000114a <add_alarm_under_lock+0x10e>
20001184:	20004ed0 	.word	0x20004ed0
20001188:	20005178 	.word	0x20005178
2000118c:	20004eec 	.word	0x20004eec
20001190:	20004f64 	.word	0x20004f64
20001194:	20005184 	.word	0x20005184
20001198:	20004e78 	.word	0x20004e78
2000119c:	0fffffff 	.word	0x0fffffff
200011a0:	20004eac 	.word	0x20004eac
200011a4:	2000510c 	.word	0x2000510c
200011a8:	20004e74 	.word	0x20004e74
200011ac:	20005168 	.word	0x20005168

200011b0 <alarm_pool_alarm_callback>:
200011b0:	b5f0      	push	{r4, r5, r6, r7, lr}
200011b2:	46de      	mov	lr, fp
200011b4:	4657      	mov	r7, sl
200011b6:	464e      	mov	r6, r9
200011b8:	4645      	mov	r5, r8
200011ba:	b5e0      	push	{r5, r6, r7, lr}
200011bc:	b08b      	sub	sp, #44	; 0x2c
200011be:	9009      	str	r0, [sp, #36]	; 0x24
200011c0:	2300      	movs	r3, #0
200011c2:	9308      	str	r3, [sp, #32]
200011c4:	0082      	lsls	r2, r0, #2
200011c6:	4bb5      	ldr	r3, [pc, #724]	; (2000149c <alarm_pool_alarm_callback+0x2ec>)
200011c8:	58d6      	ldr	r6, [r2, r3]
200011ca:	0037      	movs	r7, r6
200011cc:	e052      	b.n	20001274 <alarm_pool_alarm_callback+0xc4>
200011ce:	4bb4      	ldr	r3, [pc, #720]	; (200014a0 <alarm_pool_alarm_callback+0x2f0>)
200011d0:	4ab4      	ldr	r2, [pc, #720]	; (200014a4 <alarm_pool_alarm_callback+0x2f4>)
200011d2:	213f      	movs	r1, #63	; 0x3f
200011d4:	48b4      	ldr	r0, [pc, #720]	; (200014a8 <alarm_pool_alarm_callback+0x2f8>)
200011d6:	f001 fa29 	bl	2000262c <__assert_func>
200011da:	4bb4      	ldr	r3, [pc, #720]	; (200014ac <alarm_pool_alarm_callback+0x2fc>)
200011dc:	4ab4      	ldr	r2, [pc, #720]	; (200014b0 <alarm_pool_alarm_callback+0x300>)
200011de:	213c      	movs	r1, #60	; 0x3c
200011e0:	48b4      	ldr	r0, [pc, #720]	; (200014b4 <alarm_pool_alarm_callback+0x304>)
200011e2:	f001 fa23 	bl	2000262c <__assert_func>
200011e6:	2900      	cmp	r1, #0
200011e8:	d101      	bne.n	200011ee <alarm_pool_alarm_callback+0x3e>
200011ea:	2800      	cmp	r0, #0
200011ec:	d169      	bne.n	200012c2 <alarm_pool_alarm_callback+0x112>
200011ee:	2100      	movs	r1, #0
200011f0:	4640      	mov	r0, r8
200011f2:	f000 feef 	bl	20001fd4 <ph_remove_head>
200011f6:	42a0      	cmp	r0, r4
200011f8:	d119      	bne.n	2000122e <alarm_pool_alarm_callback+0x7e>
200011fa:	682a      	ldr	r2, [r5, #0]
200011fc:	686b      	ldr	r3, [r5, #4]
200011fe:	9206      	str	r2, [sp, #24]
20001200:	9307      	str	r3, [sp, #28]
20001202:	68ab      	ldr	r3, [r5, #8]
20001204:	4698      	mov	r8, r3
20001206:	68eb      	ldr	r3, [r5, #12]
20001208:	469a      	mov	sl, r3
2000120a:	4643      	mov	r3, r8
2000120c:	2b00      	cmp	r3, #0
2000120e:	d014      	beq.n	2000123a <alarm_pool_alarm_callback+0x8a>
20001210:	2c00      	cmp	r4, #0
20001212:	d018      	beq.n	20001246 <alarm_pool_alarm_callback+0x96>
20001214:	683b      	ldr	r3, [r7, #0]
20001216:	7b1b      	ldrb	r3, [r3, #12]
20001218:	429c      	cmp	r4, r3
2000121a:	d814      	bhi.n	20001246 <alarm_pool_alarm_callback+0x96>
2000121c:	1e63      	subs	r3, r4, #1
2000121e:	68fa      	ldr	r2, [r7, #12]
20001220:	5cd3      	ldrb	r3, [r2, r3]
20001222:	9308      	str	r3, [sp, #32]
20001224:	021b      	lsls	r3, r3, #8
20001226:	4318      	orrs	r0, r3
20001228:	6138      	str	r0, [r7, #16]
2000122a:	2000      	movs	r0, #0
2000122c:	e015      	b.n	2000125a <alarm_pool_alarm_callback+0xaa>
2000122e:	4ba2      	ldr	r3, [pc, #648]	; (200014b8 <alarm_pool_alarm_callback+0x308>)
20001230:	4aa2      	ldr	r2, [pc, #648]	; (200014bc <alarm_pool_alarm_callback+0x30c>)
20001232:	218e      	movs	r1, #142	; 0x8e
20001234:	489f      	ldr	r0, [pc, #636]	; (200014b4 <alarm_pool_alarm_callback+0x304>)
20001236:	f001 f9f9 	bl	2000262c <__assert_func>
2000123a:	4ba1      	ldr	r3, [pc, #644]	; (200014c0 <alarm_pool_alarm_callback+0x310>)
2000123c:	4a9f      	ldr	r2, [pc, #636]	; (200014bc <alarm_pool_alarm_callback+0x30c>)
2000123e:	2192      	movs	r1, #146	; 0x92
20001240:	489c      	ldr	r0, [pc, #624]	; (200014b4 <alarm_pool_alarm_callback+0x304>)
20001242:	f001 f9f3 	bl	2000262c <__assert_func>
20001246:	4b99      	ldr	r3, [pc, #612]	; (200014ac <alarm_pool_alarm_callback+0x2fc>)
20001248:	4a9e      	ldr	r2, [pc, #632]	; (200014c4 <alarm_pool_alarm_callback+0x314>)
2000124a:	2141      	movs	r1, #65	; 0x41
2000124c:	4899      	ldr	r0, [pc, #612]	; (200014b4 <alarm_pool_alarm_callback+0x304>)
2000124e:	f001 f9ed 	bl	2000262c <__assert_func>
20001252:	2300      	movs	r3, #0
20001254:	469a      	mov	sl, r3
20001256:	4698      	mov	r8, r3
20001258:	2000      	movs	r0, #0
2000125a:	687b      	ldr	r3, [r7, #4]
2000125c:	f3bf 8f5f 	dmb	sy
20001260:	2200      	movs	r2, #0
20001262:	601a      	str	r2, [r3, #0]
20001264:	f386 8810 	msr	PRIMASK, r6
20001268:	4643      	mov	r3, r8
2000126a:	2b00      	cmp	r3, #0
2000126c:	d132      	bne.n	200012d4 <alarm_pool_alarm_callback+0x124>
2000126e:	2800      	cmp	r0, #0
20001270:	d100      	bne.n	20001274 <alarm_pool_alarm_callback+0xc4>
20001272:	e10c      	b.n	2000148e <alarm_pool_alarm_callback+0x2de>
20001274:	f000 fbf4 	bl	20001a60 <time_us_64>
20001278:	0002      	movs	r2, r0
2000127a:	1e0b      	subs	r3, r1, #0
2000127c:	dba7      	blt.n	200011ce <alarm_pool_alarm_callback+0x1e>
2000127e:	2000      	movs	r0, #0
20001280:	2100      	movs	r1, #0
20001282:	9006      	str	r0, [sp, #24]
20001284:	9107      	str	r1, [sp, #28]
20001286:	6878      	ldr	r0, [r7, #4]
20001288:	f3ef 8610 	mrs	r6, PRIMASK
2000128c:	b672      	cpsid	i
2000128e:	6801      	ldr	r1, [r0, #0]
20001290:	2900      	cmp	r1, #0
20001292:	d0fc      	beq.n	2000128e <alarm_pool_alarm_callback+0xde>
20001294:	f3bf 8f5f 	dmb	sy
20001298:	6839      	ldr	r1, [r7, #0]
2000129a:	4688      	mov	r8, r1
2000129c:	7b4c      	ldrb	r4, [r1, #13]
2000129e:	2c00      	cmp	r4, #0
200012a0:	d0d7      	beq.n	20001252 <alarm_pool_alarm_callback+0xa2>
200012a2:	d09a      	beq.n	200011da <alarm_pool_alarm_callback+0x2a>
200012a4:	7b09      	ldrb	r1, [r1, #12]
200012a6:	428c      	cmp	r4, r1
200012a8:	d897      	bhi.n	200011da <alarm_pool_alarm_callback+0x2a>
200012aa:	4987      	ldr	r1, [pc, #540]	; (200014c8 <alarm_pool_alarm_callback+0x318>)
200012ac:	1865      	adds	r5, r4, r1
200012ae:	012d      	lsls	r5, r5, #4
200012b0:	68b9      	ldr	r1, [r7, #8]
200012b2:	468c      	mov	ip, r1
200012b4:	4465      	add	r5, ip
200012b6:	6828      	ldr	r0, [r5, #0]
200012b8:	6869      	ldr	r1, [r5, #4]
200012ba:	1a80      	subs	r0, r0, r2
200012bc:	4199      	sbcs	r1, r3
200012be:	2900      	cmp	r1, #0
200012c0:	dd91      	ble.n	200011e6 <alarm_pool_alarm_callback+0x36>
200012c2:	682a      	ldr	r2, [r5, #0]
200012c4:	686b      	ldr	r3, [r5, #4]
200012c6:	9809      	ldr	r0, [sp, #36]	; 0x24
200012c8:	f000 fc56 	bl	20001b78 <hardware_alarm_set_target>
200012cc:	2300      	movs	r3, #0
200012ce:	469a      	mov	sl, r3
200012d0:	4698      	mov	r8, r3
200012d2:	e7c2      	b.n	2000125a <alarm_pool_alarm_callback+0xaa>
200012d4:	9b08      	ldr	r3, [sp, #32]
200012d6:	021b      	lsls	r3, r3, #8
200012d8:	4323      	orrs	r3, r4
200012da:	4699      	mov	r9, r3
200012dc:	4651      	mov	r1, sl
200012de:	0018      	movs	r0, r3
200012e0:	47c0      	blx	r8
200012e2:	0005      	movs	r5, r0
200012e4:	000e      	movs	r6, r1
200012e6:	687a      	ldr	r2, [r7, #4]
200012e8:	f3ef 8b10 	mrs	fp, PRIMASK
200012ec:	b672      	cpsid	i
200012ee:	6813      	ldr	r3, [r2, #0]
200012f0:	4259      	negs	r1, r3
200012f2:	414b      	adcs	r3, r1
200012f4:	b2d9      	uxtb	r1, r3
200012f6:	2b00      	cmp	r3, #0
200012f8:	d1f9      	bne.n	200012ee <alarm_pool_alarm_callback+0x13e>
200012fa:	f3bf 8f5f 	dmb	sy
200012fe:	2e00      	cmp	r6, #0
20001300:	db1e      	blt.n	20001340 <alarm_pool_alarm_callback+0x190>
20001302:	2e00      	cmp	r6, #0
20001304:	dd46      	ble.n	20001394 <alarm_pool_alarm_callback+0x1e4>
20001306:	693b      	ldr	r3, [r7, #16]
20001308:	2b00      	cmp	r3, #0
2000130a:	d047      	beq.n	2000139c <alarm_pool_alarm_callback+0x1ec>
2000130c:	454b      	cmp	r3, r9
2000130e:	d16d      	bne.n	200013ec <alarm_pool_alarm_callback+0x23c>
20001310:	f000 fba6 	bl	20001a60 <time_us_64>
20001314:	0002      	movs	r2, r0
20001316:	1e0b      	subs	r3, r1, #0
20001318:	db6e      	blt.n	200013f8 <alarm_pool_alarm_callback+0x248>
2000131a:	1952      	adds	r2, r2, r5
2000131c:	4173      	adcs	r3, r6
2000131e:	2b00      	cmp	r3, #0
20001320:	db70      	blt.n	20001404 <alarm_pool_alarm_callback+0x254>
20001322:	2b00      	cmp	r3, #0
20001324:	db72      	blt.n	2000140c <alarm_pool_alarm_callback+0x25c>
20001326:	2100      	movs	r1, #0
20001328:	9104      	str	r1, [sp, #16]
2000132a:	3101      	adds	r1, #1
2000132c:	9103      	str	r1, [sp, #12]
2000132e:	9402      	str	r4, [sp, #8]
20001330:	4651      	mov	r1, sl
20001332:	9101      	str	r1, [sp, #4]
20001334:	4641      	mov	r1, r8
20001336:	9100      	str	r1, [sp, #0]
20001338:	0038      	movs	r0, r7
2000133a:	f7ff fe7f 	bl	2000103c <add_alarm_under_lock>
2000133e:	e04c      	b.n	200013da <alarm_pool_alarm_callback+0x22a>
20001340:	693b      	ldr	r3, [r7, #16]
20001342:	2b00      	cmp	r3, #0
20001344:	d0dd      	beq.n	20001302 <alarm_pool_alarm_callback+0x152>
20001346:	454b      	cmp	r3, r9
20001348:	d114      	bne.n	20001374 <alarm_pool_alarm_callback+0x1c4>
2000134a:	9a06      	ldr	r2, [sp, #24]
2000134c:	9b07      	ldr	r3, [sp, #28]
2000134e:	1b52      	subs	r2, r2, r5
20001350:	41b3      	sbcs	r3, r6
20001352:	2b00      	cmp	r3, #0
20001354:	db14      	blt.n	20001380 <alarm_pool_alarm_callback+0x1d0>
20001356:	2b00      	cmp	r3, #0
20001358:	db16      	blt.n	20001388 <alarm_pool_alarm_callback+0x1d8>
2000135a:	2100      	movs	r1, #0
2000135c:	9104      	str	r1, [sp, #16]
2000135e:	3101      	adds	r1, #1
20001360:	9103      	str	r1, [sp, #12]
20001362:	9402      	str	r4, [sp, #8]
20001364:	4651      	mov	r1, sl
20001366:	9101      	str	r1, [sp, #4]
20001368:	4641      	mov	r1, r8
2000136a:	9100      	str	r1, [sp, #0]
2000136c:	0038      	movs	r0, r7
2000136e:	f7ff fe65 	bl	2000103c <add_alarm_under_lock>
20001372:	e032      	b.n	200013da <alarm_pool_alarm_callback+0x22a>
20001374:	4b55      	ldr	r3, [pc, #340]	; (200014cc <alarm_pool_alarm_callback+0x31c>)
20001376:	4a51      	ldr	r2, [pc, #324]	; (200014bc <alarm_pool_alarm_callback+0x30c>)
20001378:	21a1      	movs	r1, #161	; 0xa1
2000137a:	484e      	ldr	r0, [pc, #312]	; (200014b4 <alarm_pool_alarm_callback+0x304>)
2000137c:	f001 f956 	bl	2000262c <__assert_func>
20001380:	2201      	movs	r2, #1
20001382:	4252      	negs	r2, r2
20001384:	4b52      	ldr	r3, [pc, #328]	; (200014d0 <alarm_pool_alarm_callback+0x320>)
20001386:	e7e6      	b.n	20001356 <alarm_pool_alarm_callback+0x1a6>
20001388:	4b45      	ldr	r3, [pc, #276]	; (200014a0 <alarm_pool_alarm_callback+0x2f0>)
2000138a:	4a46      	ldr	r2, [pc, #280]	; (200014a4 <alarm_pool_alarm_callback+0x2f4>)
2000138c:	213f      	movs	r1, #63	; 0x3f
2000138e:	4846      	ldr	r0, [pc, #280]	; (200014a8 <alarm_pool_alarm_callback+0x2f8>)
20001390:	f001 f94c 	bl	2000262c <__assert_func>
20001394:	2e00      	cmp	r6, #0
20001396:	d101      	bne.n	2000139c <alarm_pool_alarm_callback+0x1ec>
20001398:	2d00      	cmp	r5, #0
2000139a:	d1b4      	bne.n	20001306 <alarm_pool_alarm_callback+0x156>
2000139c:	683b      	ldr	r3, [r7, #0]
2000139e:	2c00      	cmp	r4, #0
200013a0:	d050      	beq.n	20001444 <alarm_pool_alarm_callback+0x294>
200013a2:	7b5a      	ldrb	r2, [r3, #13]
200013a4:	4294      	cmp	r4, r2
200013a6:	d137      	bne.n	20001418 <alarm_pool_alarm_callback+0x268>
200013a8:	2101      	movs	r1, #1
200013aa:	2900      	cmp	r1, #0
200013ac:	d14a      	bne.n	20001444 <alarm_pool_alarm_callback+0x294>
200013ae:	7bda      	ldrb	r2, [r3, #15]
200013b0:	2a00      	cmp	r2, #0
200013b2:	d14d      	bne.n	20001450 <alarm_pool_alarm_callback+0x2a0>
200013b4:	7b9a      	ldrb	r2, [r3, #14]
200013b6:	2a00      	cmp	r2, #0
200013b8:	d103      	bne.n	200013c2 <alarm_pool_alarm_callback+0x212>
200013ba:	7bda      	ldrb	r2, [r3, #15]
200013bc:	2a00      	cmp	r2, #0
200013be:	d15a      	bne.n	20001476 <alarm_pool_alarm_callback+0x2c6>
200013c0:	739c      	strb	r4, [r3, #14]
200013c2:	73dc      	strb	r4, [r3, #15]
200013c4:	2c00      	cmp	r4, #0
200013c6:	d05c      	beq.n	20001482 <alarm_pool_alarm_callback+0x2d2>
200013c8:	683b      	ldr	r3, [r7, #0]
200013ca:	7b1b      	ldrb	r3, [r3, #12]
200013cc:	429c      	cmp	r4, r3
200013ce:	d858      	bhi.n	20001482 <alarm_pool_alarm_callback+0x2d2>
200013d0:	68fa      	ldr	r2, [r7, #12]
200013d2:	3c01      	subs	r4, #1
200013d4:	5d13      	ldrb	r3, [r2, r4]
200013d6:	3301      	adds	r3, #1
200013d8:	5513      	strb	r3, [r2, r4]
200013da:	2300      	movs	r3, #0
200013dc:	613b      	str	r3, [r7, #16]
200013de:	687a      	ldr	r2, [r7, #4]
200013e0:	f3bf 8f5f 	dmb	sy
200013e4:	6013      	str	r3, [r2, #0]
200013e6:	f38b 8810 	msr	PRIMASK, fp
200013ea:	e743      	b.n	20001274 <alarm_pool_alarm_callback+0xc4>
200013ec:	4b37      	ldr	r3, [pc, #220]	; (200014cc <alarm_pool_alarm_callback+0x31c>)
200013ee:	4a33      	ldr	r2, [pc, #204]	; (200014bc <alarm_pool_alarm_callback+0x30c>)
200013f0:	21a4      	movs	r1, #164	; 0xa4
200013f2:	4830      	ldr	r0, [pc, #192]	; (200014b4 <alarm_pool_alarm_callback+0x304>)
200013f4:	f001 f91a 	bl	2000262c <__assert_func>
200013f8:	4b29      	ldr	r3, [pc, #164]	; (200014a0 <alarm_pool_alarm_callback+0x2f0>)
200013fa:	4a2a      	ldr	r2, [pc, #168]	; (200014a4 <alarm_pool_alarm_callback+0x2f4>)
200013fc:	213f      	movs	r1, #63	; 0x3f
200013fe:	482a      	ldr	r0, [pc, #168]	; (200014a8 <alarm_pool_alarm_callback+0x2f8>)
20001400:	f001 f914 	bl	2000262c <__assert_func>
20001404:	2201      	movs	r2, #1
20001406:	4252      	negs	r2, r2
20001408:	4b31      	ldr	r3, [pc, #196]	; (200014d0 <alarm_pool_alarm_callback+0x320>)
2000140a:	e78a      	b.n	20001322 <alarm_pool_alarm_callback+0x172>
2000140c:	4b24      	ldr	r3, [pc, #144]	; (200014a0 <alarm_pool_alarm_callback+0x2f0>)
2000140e:	4a25      	ldr	r2, [pc, #148]	; (200014a4 <alarm_pool_alarm_callback+0x2f4>)
20001410:	213f      	movs	r1, #63	; 0x3f
20001412:	4825      	ldr	r0, [pc, #148]	; (200014a8 <alarm_pool_alarm_callback+0x2f8>)
20001414:	f001 f90a 	bl	2000262c <__assert_func>
20001418:	2c00      	cmp	r4, #0
2000141a:	d00d      	beq.n	20001438 <alarm_pool_alarm_callback+0x288>
2000141c:	7b1a      	ldrb	r2, [r3, #12]
2000141e:	4294      	cmp	r4, r2
20001420:	d80a      	bhi.n	20001438 <alarm_pool_alarm_callback+0x288>
20001422:	0062      	lsls	r2, r4, #1
20001424:	1912      	adds	r2, r2, r4
20001426:	3a03      	subs	r2, #3
20001428:	6818      	ldr	r0, [r3, #0]
2000142a:	4684      	mov	ip, r0
2000142c:	4462      	add	r2, ip
2000142e:	7892      	ldrb	r2, [r2, #2]
20001430:	2a00      	cmp	r2, #0
20001432:	d0ba      	beq.n	200013aa <alarm_pool_alarm_callback+0x1fa>
20001434:	2101      	movs	r1, #1
20001436:	e7b8      	b.n	200013aa <alarm_pool_alarm_callback+0x1fa>
20001438:	4b26      	ldr	r3, [pc, #152]	; (200014d4 <alarm_pool_alarm_callback+0x324>)
2000143a:	4a27      	ldr	r2, [pc, #156]	; (200014d8 <alarm_pool_alarm_callback+0x328>)
2000143c:	2168      	movs	r1, #104	; 0x68
2000143e:	4827      	ldr	r0, [pc, #156]	; (200014dc <alarm_pool_alarm_callback+0x32c>)
20001440:	f001 f8f4 	bl	2000262c <__assert_func>
20001444:	4b26      	ldr	r3, [pc, #152]	; (200014e0 <alarm_pool_alarm_callback+0x330>)
20001446:	4a27      	ldr	r2, [pc, #156]	; (200014e4 <alarm_pool_alarm_callback+0x334>)
20001448:	21f6      	movs	r1, #246	; 0xf6
2000144a:	4824      	ldr	r0, [pc, #144]	; (200014dc <alarm_pool_alarm_callback+0x32c>)
2000144c:	f001 f8ee 	bl	2000262c <__assert_func>
20001450:	2a00      	cmp	r2, #0
20001452:	d00a      	beq.n	2000146a <alarm_pool_alarm_callback+0x2ba>
20001454:	7b19      	ldrb	r1, [r3, #12]
20001456:	428a      	cmp	r2, r1
20001458:	d807      	bhi.n	2000146a <alarm_pool_alarm_callback+0x2ba>
2000145a:	0051      	lsls	r1, r2, #1
2000145c:	188a      	adds	r2, r1, r2
2000145e:	3a03      	subs	r2, #3
20001460:	6819      	ldr	r1, [r3, #0]
20001462:	468c      	mov	ip, r1
20001464:	4462      	add	r2, ip
20001466:	7054      	strb	r4, [r2, #1]
20001468:	e7a4      	b.n	200013b4 <alarm_pool_alarm_callback+0x204>
2000146a:	4b1a      	ldr	r3, [pc, #104]	; (200014d4 <alarm_pool_alarm_callback+0x324>)
2000146c:	4a1a      	ldr	r2, [pc, #104]	; (200014d8 <alarm_pool_alarm_callback+0x328>)
2000146e:	2168      	movs	r1, #104	; 0x68
20001470:	481a      	ldr	r0, [pc, #104]	; (200014dc <alarm_pool_alarm_callback+0x32c>)
20001472:	f001 f8db 	bl	2000262c <__assert_func>
20001476:	4b1c      	ldr	r3, [pc, #112]	; (200014e8 <alarm_pool_alarm_callback+0x338>)
20001478:	4a1a      	ldr	r2, [pc, #104]	; (200014e4 <alarm_pool_alarm_callback+0x334>)
2000147a:	21fb      	movs	r1, #251	; 0xfb
2000147c:	4817      	ldr	r0, [pc, #92]	; (200014dc <alarm_pool_alarm_callback+0x32c>)
2000147e:	f001 f8d5 	bl	2000262c <__assert_func>
20001482:	4b0a      	ldr	r3, [pc, #40]	; (200014ac <alarm_pool_alarm_callback+0x2fc>)
20001484:	4a0f      	ldr	r2, [pc, #60]	; (200014c4 <alarm_pool_alarm_callback+0x314>)
20001486:	2141      	movs	r1, #65	; 0x41
20001488:	480a      	ldr	r0, [pc, #40]	; (200014b4 <alarm_pool_alarm_callback+0x304>)
2000148a:	f001 f8cf 	bl	2000262c <__assert_func>
2000148e:	b00b      	add	sp, #44	; 0x2c
20001490:	bcf0      	pop	{r4, r5, r6, r7}
20001492:	46bb      	mov	fp, r7
20001494:	46b2      	mov	sl, r6
20001496:	46a9      	mov	r9, r5
20001498:	46a0      	mov	r8, r4
2000149a:	bdf0      	pop	{r4, r5, r6, r7, pc}
2000149c:	20005f24 	.word	0x20005f24
200014a0:	20004da8 	.word	0x20004da8
200014a4:	200050d8 	.word	0x200050d8
200014a8:	20004dc4 	.word	0x20004dc4
200014ac:	20004eac 	.word	0x20004eac
200014b0:	2000510c 	.word	0x2000510c
200014b4:	20004e78 	.word	0x20004e78
200014b8:	20004f8c 	.word	0x20004f8c
200014bc:	200050f0 	.word	0x200050f0
200014c0:	20004fa4 	.word	0x20004fa4
200014c4:	20005130 	.word	0x20005130
200014c8:	0fffffff 	.word	0x0fffffff
200014cc:	20004fb0 	.word	0x20004fb0
200014d0:	7fffffff 	.word	0x7fffffff
200014d4:	20004ed0 	.word	0x20004ed0
200014d8:	20005178 	.word	0x20005178
200014dc:	20004eec 	.word	0x20004eec
200014e0:	20004fec 	.word	0x20004fec
200014e4:	20005144 	.word	0x20005144
200014e8:	20005010 	.word	0x20005010

200014ec <alarm_pool_init_default>:
200014ec:	b510      	push	{r4, lr}
200014ee:	4b0c      	ldr	r3, [pc, #48]	; (20001520 <alarm_pool_init_default+0x34>)
200014f0:	685b      	ldr	r3, [r3, #4]
200014f2:	2b00      	cmp	r3, #0
200014f4:	d004      	beq.n	20001500 <alarm_pool_init_default+0x14>
200014f6:	210a      	movs	r1, #10
200014f8:	480a      	ldr	r0, [pc, #40]	; (20001524 <alarm_pool_init_default+0x38>)
200014fa:	f7ff fc93 	bl	20000e24 <lock_init>
200014fe:	bd10      	pop	{r4, pc}
20001500:	4c07      	ldr	r4, [pc, #28]	; (20001520 <alarm_pool_init_default+0x34>)
20001502:	0023      	movs	r3, r4
20001504:	4a08      	ldr	r2, [pc, #32]	; (20001528 <alarm_pool_init_default+0x3c>)
20001506:	2110      	movs	r1, #16
20001508:	6820      	ldr	r0, [r4, #0]
2000150a:	f000 fc73 	bl	20001df4 <ph_post_alloc_init>
2000150e:	2003      	movs	r0, #3
20001510:	f000 fa9a 	bl	20001a48 <hardware_alarm_claim>
20001514:	2103      	movs	r1, #3
20001516:	0020      	movs	r0, r4
20001518:	f7ff fca8 	bl	20000e6c <alarm_pool_post_alloc_init>
2000151c:	e7eb      	b.n	200014f6 <alarm_pool_init_default+0xa>
2000151e:	46c0      	nop			; (mov r8, r8)
20001520:	20005c14 	.word	0x20005c14
20001524:	20006140 	.word	0x20006140
20001528:	20000edd 	.word	0x20000edd

2000152c <alarm_pool_get_default>:
2000152c:	b510      	push	{r4, lr}
2000152e:	4b06      	ldr	r3, [pc, #24]	; (20001548 <alarm_pool_get_default+0x1c>)
20001530:	685b      	ldr	r3, [r3, #4]
20001532:	2b00      	cmp	r3, #0
20001534:	d001      	beq.n	2000153a <alarm_pool_get_default+0xe>
20001536:	4804      	ldr	r0, [pc, #16]	; (20001548 <alarm_pool_get_default+0x1c>)
20001538:	bd10      	pop	{r4, pc}
2000153a:	4b04      	ldr	r3, [pc, #16]	; (2000154c <alarm_pool_get_default+0x20>)
2000153c:	4a04      	ldr	r2, [pc, #16]	; (20001550 <alarm_pool_get_default+0x24>)
2000153e:	215e      	movs	r1, #94	; 0x5e
20001540:	4804      	ldr	r0, [pc, #16]	; (20001554 <alarm_pool_get_default+0x28>)
20001542:	f001 f873 	bl	2000262c <__assert_func>
20001546:	46c0      	nop			; (mov r8, r8)
20001548:	20005c14 	.word	0x20005c14
2000154c:	20005024 	.word	0x20005024
20001550:	20005118 	.word	0x20005118
20001554:	20004e78 	.word	0x20004e78

20001558 <alarm_pool_add_alarm_at>:
20001558:	b5f0      	push	{r4, r5, r6, r7, lr}
2000155a:	46de      	mov	lr, fp
2000155c:	4657      	mov	r7, sl
2000155e:	464e      	mov	r6, r9
20001560:	4645      	mov	r5, r8
20001562:	b5e0      	push	{r5, r6, r7, lr}
20001564:	b08b      	sub	sp, #44	; 0x2c
20001566:	4680      	mov	r8, r0
20001568:	0016      	movs	r6, r2
2000156a:	001f      	movs	r7, r3
2000156c:	9b14      	ldr	r3, [sp, #80]	; 0x50
2000156e:	469a      	mov	sl, r3
20001570:	9b15      	ldr	r3, [sp, #84]	; 0x54
20001572:	4699      	mov	r9, r3
20001574:	ab16      	add	r3, sp, #88	; 0x58
20001576:	781b      	ldrb	r3, [r3, #0]
20001578:	469b      	mov	fp, r3
2000157a:	231f      	movs	r3, #31
2000157c:	aa02      	add	r2, sp, #8
2000157e:	4694      	mov	ip, r2
20001580:	4463      	add	r3, ip
20001582:	2200      	movs	r2, #0
20001584:	701a      	strb	r2, [r3, #0]
20001586:	e02b      	b.n	200015e0 <alarm_pool_add_alarm_at+0x88>
20001588:	2800      	cmp	r0, #0
2000158a:	d009      	beq.n	200015a0 <alarm_pool_add_alarm_at+0x48>
2000158c:	4642      	mov	r2, r8
2000158e:	6812      	ldr	r2, [r2, #0]
20001590:	7b12      	ldrb	r2, [r2, #12]
20001592:	4290      	cmp	r0, r2
20001594:	d804      	bhi.n	200015a0 <alarm_pool_add_alarm_at+0x48>
20001596:	1e42      	subs	r2, r0, #1
20001598:	4641      	mov	r1, r8
2000159a:	68c9      	ldr	r1, [r1, #12]
2000159c:	5c8a      	ldrb	r2, [r1, r2]
2000159e:	e041      	b.n	20001624 <alarm_pool_add_alarm_at+0xcc>
200015a0:	4b40      	ldr	r3, [pc, #256]	; (200016a4 <alarm_pool_add_alarm_at+0x14c>)
200015a2:	4a41      	ldr	r2, [pc, #260]	; (200016a8 <alarm_pool_add_alarm_at+0x150>)
200015a4:	2141      	movs	r1, #65	; 0x41
200015a6:	4841      	ldr	r0, [pc, #260]	; (200016ac <alarm_pool_add_alarm_at+0x154>)
200015a8:	f001 f840 	bl	2000262c <__assert_func>
200015ac:	9807      	ldr	r0, [sp, #28]
200015ae:	e04c      	b.n	2000164a <alarm_pool_add_alarm_at+0xf2>
200015b0:	1b36      	subs	r6, r6, r4
200015b2:	41af      	sbcs	r7, r5
200015b4:	2f00      	cmp	r7, #0
200015b6:	db07      	blt.n	200015c8 <alarm_pool_add_alarm_at+0x70>
200015b8:	2f00      	cmp	r7, #0
200015ba:	da11      	bge.n	200015e0 <alarm_pool_add_alarm_at+0x88>
200015bc:	4b3c      	ldr	r3, [pc, #240]	; (200016b0 <alarm_pool_add_alarm_at+0x158>)
200015be:	4a3d      	ldr	r2, [pc, #244]	; (200016b4 <alarm_pool_add_alarm_at+0x15c>)
200015c0:	213f      	movs	r1, #63	; 0x3f
200015c2:	483d      	ldr	r0, [pc, #244]	; (200016b8 <alarm_pool_add_alarm_at+0x160>)
200015c4:	f001 f832 	bl	2000262c <__assert_func>
200015c8:	2601      	movs	r6, #1
200015ca:	4276      	negs	r6, r6
200015cc:	4f3b      	ldr	r7, [pc, #236]	; (200016bc <alarm_pool_add_alarm_at+0x164>)
200015ce:	e7f3      	b.n	200015b8 <alarm_pool_add_alarm_at+0x60>
200015d0:	4b37      	ldr	r3, [pc, #220]	; (200016b0 <alarm_pool_add_alarm_at+0x158>)
200015d2:	4a38      	ldr	r2, [pc, #224]	; (200016b4 <alarm_pool_add_alarm_at+0x15c>)
200015d4:	213f      	movs	r1, #63	; 0x3f
200015d6:	4838      	ldr	r0, [pc, #224]	; (200016b8 <alarm_pool_add_alarm_at+0x160>)
200015d8:	f001 f828 	bl	2000262c <__assert_func>
200015dc:	2f00      	cmp	r7, #0
200015de:	db4f      	blt.n	20001680 <alarm_pool_add_alarm_at+0x128>
200015e0:	4643      	mov	r3, r8
200015e2:	685a      	ldr	r2, [r3, #4]
200015e4:	f3ef 8410 	mrs	r4, PRIMASK
200015e8:	b672      	cpsid	i
200015ea:	6813      	ldr	r3, [r2, #0]
200015ec:	4259      	negs	r1, r3
200015ee:	414b      	adcs	r3, r1
200015f0:	b2d9      	uxtb	r1, r3
200015f2:	9107      	str	r1, [sp, #28]
200015f4:	2b00      	cmp	r3, #0
200015f6:	d1f8      	bne.n	200015ea <alarm_pool_add_alarm_at+0x92>
200015f8:	f3bf 8f5f 	dmb	sy
200015fc:	331f      	adds	r3, #31
200015fe:	aa02      	add	r2, sp, #8
20001600:	4694      	mov	ip, r2
20001602:	4463      	add	r3, ip
20001604:	9304      	str	r3, [sp, #16]
20001606:	2300      	movs	r3, #0
20001608:	9303      	str	r3, [sp, #12]
2000160a:	9302      	str	r3, [sp, #8]
2000160c:	464b      	mov	r3, r9
2000160e:	9301      	str	r3, [sp, #4]
20001610:	4653      	mov	r3, sl
20001612:	9300      	str	r3, [sp, #0]
20001614:	0032      	movs	r2, r6
20001616:	003b      	movs	r3, r7
20001618:	4640      	mov	r0, r8
2000161a:	f7ff fd0f 	bl	2000103c <add_alarm_under_lock>
2000161e:	1e03      	subs	r3, r0, #0
20001620:	d1b2      	bne.n	20001588 <alarm_pool_add_alarm_at+0x30>
20001622:	0002      	movs	r2, r0
20001624:	4641      	mov	r1, r8
20001626:	6849      	ldr	r1, [r1, #4]
20001628:	f3bf 8f5f 	dmb	sy
2000162c:	2500      	movs	r5, #0
2000162e:	600d      	str	r5, [r1, #0]
20001630:	f384 8810 	msr	PRIMASK, r4
20001634:	2b00      	cmp	r3, #0
20001636:	d029      	beq.n	2000168c <alarm_pool_add_alarm_at+0x134>
20001638:	231f      	movs	r3, #31
2000163a:	a902      	add	r1, sp, #8
2000163c:	468c      	mov	ip, r1
2000163e:	4463      	add	r3, ip
20001640:	781b      	ldrb	r3, [r3, #0]
20001642:	2b00      	cmp	r3, #0
20001644:	d1b2      	bne.n	200015ac <alarm_pool_add_alarm_at+0x54>
20001646:	0212      	lsls	r2, r2, #8
20001648:	4310      	orrs	r0, r2
2000164a:	2b00      	cmp	r3, #0
2000164c:	d020      	beq.n	20001690 <alarm_pool_add_alarm_at+0x138>
2000164e:	465b      	mov	r3, fp
20001650:	2b00      	cmp	r3, #0
20001652:	d01d      	beq.n	20001690 <alarm_pool_add_alarm_at+0x138>
20001654:	4649      	mov	r1, r9
20001656:	47d0      	blx	sl
20001658:	0004      	movs	r4, r0
2000165a:	000d      	movs	r5, r1
2000165c:	0003      	movs	r3, r0
2000165e:	430b      	orrs	r3, r1
20001660:	d01d      	beq.n	2000169e <alarm_pool_add_alarm_at+0x146>
20001662:	2900      	cmp	r1, #0
20001664:	dba4      	blt.n	200015b0 <alarm_pool_add_alarm_at+0x58>
20001666:	f000 f9fb 	bl	20001a60 <time_us_64>
2000166a:	0006      	movs	r6, r0
2000166c:	1e0f      	subs	r7, r1, #0
2000166e:	dbaf      	blt.n	200015d0 <alarm_pool_add_alarm_at+0x78>
20001670:	1936      	adds	r6, r6, r4
20001672:	416f      	adcs	r7, r5
20001674:	2f00      	cmp	r7, #0
20001676:	dab1      	bge.n	200015dc <alarm_pool_add_alarm_at+0x84>
20001678:	2601      	movs	r6, #1
2000167a:	4276      	negs	r6, r6
2000167c:	4f0f      	ldr	r7, [pc, #60]	; (200016bc <alarm_pool_add_alarm_at+0x164>)
2000167e:	e7ad      	b.n	200015dc <alarm_pool_add_alarm_at+0x84>
20001680:	4b0b      	ldr	r3, [pc, #44]	; (200016b0 <alarm_pool_add_alarm_at+0x158>)
20001682:	4a0c      	ldr	r2, [pc, #48]	; (200016b4 <alarm_pool_add_alarm_at+0x15c>)
20001684:	213f      	movs	r1, #63	; 0x3f
20001686:	480c      	ldr	r0, [pc, #48]	; (200016b8 <alarm_pool_add_alarm_at+0x160>)
20001688:	f000 ffd0 	bl	2000262c <__assert_func>
2000168c:	2001      	movs	r0, #1
2000168e:	4240      	negs	r0, r0
20001690:	b00b      	add	sp, #44	; 0x2c
20001692:	bcf0      	pop	{r4, r5, r6, r7}
20001694:	46bb      	mov	fp, r7
20001696:	46b2      	mov	sl, r6
20001698:	46a9      	mov	r9, r5
2000169a:	46a0      	mov	r8, r4
2000169c:	bdf0      	pop	{r4, r5, r6, r7, pc}
2000169e:	9807      	ldr	r0, [sp, #28]
200016a0:	e7f6      	b.n	20001690 <alarm_pool_add_alarm_at+0x138>
200016a2:	46c0      	nop			; (mov r8, r8)
200016a4:	20004eac 	.word	0x20004eac
200016a8:	20005130 	.word	0x20005130
200016ac:	20004e78 	.word	0x20004e78
200016b0:	20004da8 	.word	0x20004da8
200016b4:	200050d8 	.word	0x200050d8
200016b8:	20004dc4 	.word	0x20004dc4
200016bc:	7fffffff 	.word	0x7fffffff

200016c0 <alarm_pool_cancel_alarm>:
200016c0:	b5f8      	push	{r3, r4, r5, r6, r7, lr}
200016c2:	0004      	movs	r4, r0
200016c4:	2900      	cmp	r1, #0
200016c6:	d100      	bne.n	200016ca <alarm_pool_cancel_alarm+0xa>
200016c8:	e062      	b.n	20001790 <alarm_pool_cancel_alarm+0xd0>
200016ca:	6842      	ldr	r2, [r0, #4]
200016cc:	f3ef 8510 	mrs	r5, PRIMASK
200016d0:	b672      	cpsid	i
200016d2:	6813      	ldr	r3, [r2, #0]
200016d4:	4258      	negs	r0, r3
200016d6:	4143      	adcs	r3, r0
200016d8:	b2d8      	uxtb	r0, r3
200016da:	2b00      	cmp	r3, #0
200016dc:	d1f9      	bne.n	200016d2 <alarm_pool_cancel_alarm+0x12>
200016de:	f3bf 8f5f 	dmb	sy
200016e2:	b2cb      	uxtb	r3, r1
200016e4:	6822      	ldr	r2, [r4, #0]
200016e6:	7b56      	ldrb	r6, [r2, #13]
200016e8:	42b3      	cmp	r3, r6
200016ea:	d11b      	bne.n	20001724 <alarm_pool_cancel_alarm+0x64>
200016ec:	2001      	movs	r0, #1
200016ee:	2800      	cmp	r0, #0
200016f0:	d048      	beq.n	20001784 <alarm_pool_cancel_alarm+0xc4>
200016f2:	6920      	ldr	r0, [r4, #16]
200016f4:	4288      	cmp	r0, r1
200016f6:	d02b      	beq.n	20001750 <alarm_pool_cancel_alarm+0x90>
200016f8:	0a09      	lsrs	r1, r1, #8
200016fa:	b2c9      	uxtb	r1, r1
200016fc:	2b00      	cmp	r3, #0
200016fe:	d02e      	beq.n	2000175e <alarm_pool_cancel_alarm+0x9e>
20001700:	6820      	ldr	r0, [r4, #0]
20001702:	7b00      	ldrb	r0, [r0, #12]
20001704:	4283      	cmp	r3, r0
20001706:	d82a      	bhi.n	2000175e <alarm_pool_cancel_alarm+0x9e>
20001708:	1e58      	subs	r0, r3, #1
2000170a:	68e6      	ldr	r6, [r4, #12]
2000170c:	5c30      	ldrb	r0, [r6, r0]
2000170e:	4288      	cmp	r0, r1
20001710:	d02b      	beq.n	2000176a <alarm_pool_cancel_alarm+0xaa>
20001712:	2000      	movs	r0, #0
20001714:	6863      	ldr	r3, [r4, #4]
20001716:	f3bf 8f5f 	dmb	sy
2000171a:	2200      	movs	r2, #0
2000171c:	601a      	str	r2, [r3, #0]
2000171e:	f385 8810 	msr	PRIMASK, r5
20001722:	bdf8      	pop	{r3, r4, r5, r6, r7, pc}
20001724:	2b00      	cmp	r3, #0
20001726:	d00d      	beq.n	20001744 <alarm_pool_cancel_alarm+0x84>
20001728:	7b16      	ldrb	r6, [r2, #12]
2000172a:	42b3      	cmp	r3, r6
2000172c:	d80a      	bhi.n	20001744 <alarm_pool_cancel_alarm+0x84>
2000172e:	005e      	lsls	r6, r3, #1
20001730:	18f6      	adds	r6, r6, r3
20001732:	3e03      	subs	r6, #3
20001734:	6817      	ldr	r7, [r2, #0]
20001736:	46bc      	mov	ip, r7
20001738:	4466      	add	r6, ip
2000173a:	78b6      	ldrb	r6, [r6, #2]
2000173c:	2e00      	cmp	r6, #0
2000173e:	d0d6      	beq.n	200016ee <alarm_pool_cancel_alarm+0x2e>
20001740:	2001      	movs	r0, #1
20001742:	e7d4      	b.n	200016ee <alarm_pool_cancel_alarm+0x2e>
20001744:	4b13      	ldr	r3, [pc, #76]	; (20001794 <alarm_pool_cancel_alarm+0xd4>)
20001746:	4a14      	ldr	r2, [pc, #80]	; (20001798 <alarm_pool_cancel_alarm+0xd8>)
20001748:	2168      	movs	r1, #104	; 0x68
2000174a:	4814      	ldr	r0, [pc, #80]	; (2000179c <alarm_pool_cancel_alarm+0xdc>)
2000174c:	f000 ff6e 	bl	2000262c <__assert_func>
20001750:	212c      	movs	r1, #44	; 0x2c
20001752:	4b13      	ldr	r3, [pc, #76]	; (200017a0 <alarm_pool_cancel_alarm+0xe0>)
20001754:	4a13      	ldr	r2, [pc, #76]	; (200017a4 <alarm_pool_cancel_alarm+0xe4>)
20001756:	31ff      	adds	r1, #255	; 0xff
20001758:	4813      	ldr	r0, [pc, #76]	; (200017a8 <alarm_pool_cancel_alarm+0xe8>)
2000175a:	f000 ff67 	bl	2000262c <__assert_func>
2000175e:	4b13      	ldr	r3, [pc, #76]	; (200017ac <alarm_pool_cancel_alarm+0xec>)
20001760:	4a13      	ldr	r2, [pc, #76]	; (200017b0 <alarm_pool_cancel_alarm+0xf0>)
20001762:	2141      	movs	r1, #65	; 0x41
20001764:	4810      	ldr	r0, [pc, #64]	; (200017a8 <alarm_pool_cancel_alarm+0xe8>)
20001766:	f000 ff61 	bl	2000262c <__assert_func>
2000176a:	0019      	movs	r1, r3
2000176c:	0010      	movs	r0, r2
2000176e:	f000 fc3b 	bl	20001fe8 <ph_remove_and_free_node>
20001772:	2800      	cmp	r0, #0
20001774:	d1ce      	bne.n	20001714 <alarm_pool_cancel_alarm+0x54>
20001776:	2199      	movs	r1, #153	; 0x99
20001778:	4b0e      	ldr	r3, [pc, #56]	; (200017b4 <alarm_pool_cancel_alarm+0xf4>)
2000177a:	4a0a      	ldr	r2, [pc, #40]	; (200017a4 <alarm_pool_cancel_alarm+0xe4>)
2000177c:	0049      	lsls	r1, r1, #1
2000177e:	480a      	ldr	r0, [pc, #40]	; (200017a8 <alarm_pool_cancel_alarm+0xe8>)
20001780:	f000 ff54 	bl	2000262c <__assert_func>
20001784:	6923      	ldr	r3, [r4, #16]
20001786:	428b      	cmp	r3, r1
20001788:	d1c4      	bne.n	20001714 <alarm_pool_cancel_alarm+0x54>
2000178a:	2300      	movs	r3, #0
2000178c:	6123      	str	r3, [r4, #16]
2000178e:	e7c1      	b.n	20001714 <alarm_pool_cancel_alarm+0x54>
20001790:	2000      	movs	r0, #0
20001792:	e7c6      	b.n	20001722 <alarm_pool_cancel_alarm+0x62>
20001794:	20004ed0 	.word	0x20004ed0
20001798:	20005178 	.word	0x20005178
2000179c:	20004eec 	.word	0x20004eec
200017a0:	20005048 	.word	0x20005048
200017a4:	200050c0 	.word	0x200050c0
200017a8:	20004e78 	.word	0x20004e78
200017ac:	20004eac 	.word	0x20004eac
200017b0:	20005130 	.word	0x20005130
200017b4:	2000506c 	.word	0x2000506c

200017b8 <sleep_until>:
200017b8:	b5f0      	push	{r4, r5, r6, r7, lr}
200017ba:	b087      	sub	sp, #28
200017bc:	0006      	movs	r6, r0
200017be:	000f      	movs	r7, r1
200017c0:	f3ef 8305 	mrs	r3, IPSR
200017c4:	2b00      	cmp	r3, #0
200017c6:	d11f      	bne.n	20001808 <sleep_until+0x50>
200017c8:	2406      	movs	r4, #6
200017ca:	4264      	negs	r4, r4
200017cc:	17e5      	asrs	r5, r4, #31
200017ce:	19a4      	adds	r4, r4, r6
200017d0:	417d      	adcs	r5, r7
200017d2:	428d      	cmp	r5, r1
200017d4:	d802      	bhi.n	200017dc <sleep_until+0x24>
200017d6:	d103      	bne.n	200017e0 <sleep_until+0x28>
200017d8:	4284      	cmp	r4, r0
200017da:	d901      	bls.n	200017e0 <sleep_until+0x28>
200017dc:	2400      	movs	r4, #0
200017de:	2500      	movs	r5, #0
200017e0:	2d00      	cmp	r5, #0
200017e2:	db14      	blt.n	2000180e <sleep_until+0x56>
200017e4:	9404      	str	r4, [sp, #16]
200017e6:	9505      	str	r5, [sp, #20]
200017e8:	f000 f93a 	bl	20001a60 <time_us_64>
200017ec:	0002      	movs	r2, r0
200017ee:	1e0b      	subs	r3, r1, #0
200017f0:	db13      	blt.n	2000181a <sleep_until+0x62>
200017f2:	1aa4      	subs	r4, r4, r2
200017f4:	419d      	sbcs	r5, r3
200017f6:	2d00      	cmp	r5, #0
200017f8:	dc17      	bgt.n	2000182a <sleep_until+0x72>
200017fa:	d014      	beq.n	20001826 <sleep_until+0x6e>
200017fc:	0030      	movs	r0, r6
200017fe:	0039      	movs	r1, r7
20001800:	f000 f93a 	bl	20001a78 <busy_wait_until>
20001804:	b007      	add	sp, #28
20001806:	bdf0      	pop	{r4, r5, r6, r7, pc}
20001808:	4823      	ldr	r0, [pc, #140]	; (20001898 <sleep_until+0xe0>)
2000180a:	f000 ffa9 	bl	20002760 <panic>
2000180e:	4b23      	ldr	r3, [pc, #140]	; (2000189c <sleep_until+0xe4>)
20001810:	4a23      	ldr	r2, [pc, #140]	; (200018a0 <sleep_until+0xe8>)
20001812:	213f      	movs	r1, #63	; 0x3f
20001814:	4823      	ldr	r0, [pc, #140]	; (200018a4 <sleep_until+0xec>)
20001816:	f000 ff09 	bl	2000262c <__assert_func>
2000181a:	4b20      	ldr	r3, [pc, #128]	; (2000189c <sleep_until+0xe4>)
2000181c:	4a20      	ldr	r2, [pc, #128]	; (200018a0 <sleep_until+0xe8>)
2000181e:	213f      	movs	r1, #63	; 0x3f
20001820:	4820      	ldr	r0, [pc, #128]	; (200018a4 <sleep_until+0xec>)
20001822:	f000 ff03 	bl	2000262c <__assert_func>
20001826:	2c00      	cmp	r4, #0
20001828:	d0e8      	beq.n	200017fc <sleep_until+0x44>
2000182a:	f7ff fe7f 	bl	2000152c <alarm_pool_get_default>
2000182e:	2300      	movs	r3, #0
20001830:	9302      	str	r3, [sp, #8]
20001832:	9301      	str	r3, [sp, #4]
20001834:	4b1c      	ldr	r3, [pc, #112]	; (200018a8 <sleep_until+0xf0>)
20001836:	9300      	str	r3, [sp, #0]
20001838:	9a04      	ldr	r2, [sp, #16]
2000183a:	9b05      	ldr	r3, [sp, #20]
2000183c:	f7ff fe8c 	bl	20001558 <alarm_pool_add_alarm_at>
20001840:	2800      	cmp	r0, #0
20001842:	da18      	bge.n	20001876 <sleep_until+0xbe>
20001844:	e7da      	b.n	200017fc <sleep_until+0x44>
20001846:	2300      	movs	r3, #0
20001848:	e000      	b.n	2000184c <sleep_until+0x94>
2000184a:	2300      	movs	r3, #0
2000184c:	2b00      	cmp	r3, #0
2000184e:	d1d5      	bne.n	200017fc <sleep_until+0x44>
20001850:	4b16      	ldr	r3, [pc, #88]	; (200018ac <sleep_until+0xf4>)
20001852:	681a      	ldr	r2, [r3, #0]
20001854:	f3ef 8110 	mrs	r1, PRIMASK
20001858:	b672      	cpsid	i
2000185a:	6813      	ldr	r3, [r2, #0]
2000185c:	2b00      	cmp	r3, #0
2000185e:	d0fc      	beq.n	2000185a <sleep_until+0xa2>
20001860:	f3bf 8f5f 	dmb	sy
20001864:	4b11      	ldr	r3, [pc, #68]	; (200018ac <sleep_until+0xf4>)
20001866:	681b      	ldr	r3, [r3, #0]
20001868:	f3bf 8f5f 	dmb	sy
2000186c:	2200      	movs	r2, #0
2000186e:	601a      	str	r2, [r3, #0]
20001870:	f381 8810 	msr	PRIMASK, r1
20001874:	bf20      	wfe
20001876:	9904      	ldr	r1, [sp, #16]
20001878:	9a05      	ldr	r2, [sp, #20]
2000187a:	4b0d      	ldr	r3, [pc, #52]	; (200018b0 <sleep_until+0xf8>)
2000187c:	6a5b      	ldr	r3, [r3, #36]	; 0x24
2000187e:	429a      	cmp	r2, r3
20001880:	d8e3      	bhi.n	2000184a <sleep_until+0x92>
20001882:	480b      	ldr	r0, [pc, #44]	; (200018b0 <sleep_until+0xf8>)
20001884:	6a80      	ldr	r0, [r0, #40]	; 0x28
20001886:	4288      	cmp	r0, r1
20001888:	d203      	bcs.n	20001892 <sleep_until+0xda>
2000188a:	429a      	cmp	r2, r3
2000188c:	d0db      	beq.n	20001846 <sleep_until+0x8e>
2000188e:	2301      	movs	r3, #1
20001890:	e7dc      	b.n	2000184c <sleep_until+0x94>
20001892:	2301      	movs	r3, #1
20001894:	e7da      	b.n	2000184c <sleep_until+0x94>
20001896:	46c0      	nop			; (mov r8, r8)
20001898:	20005070 	.word	0x20005070
2000189c:	20004da8 	.word	0x20004da8
200018a0:	200050d8 	.word	0x200050d8
200018a4:	20004dc4 	.word	0x20004dc4
200018a8:	20000ead 	.word	0x20000ead
200018ac:	20006140 	.word	0x20006140
200018b0:	40054000 	.word	0x40054000

200018b4 <sleep_us>:
200018b4:	b570      	push	{r4, r5, r6, lr}
200018b6:	0004      	movs	r4, r0
200018b8:	000d      	movs	r5, r1
200018ba:	f000 f8d1 	bl	20001a60 <time_us_64>
200018be:	0002      	movs	r2, r0
200018c0:	1e0b      	subs	r3, r1, #0
200018c2:	db0a      	blt.n	200018da <sleep_us+0x26>
200018c4:	0020      	movs	r0, r4
200018c6:	0029      	movs	r1, r5
200018c8:	1880      	adds	r0, r0, r2
200018ca:	4159      	adcs	r1, r3
200018cc:	2900      	cmp	r1, #0
200018ce:	db0a      	blt.n	200018e6 <sleep_us+0x32>
200018d0:	2900      	cmp	r1, #0
200018d2:	db0c      	blt.n	200018ee <sleep_us+0x3a>
200018d4:	f7ff ff70 	bl	200017b8 <sleep_until>
200018d8:	bd70      	pop	{r4, r5, r6, pc}
200018da:	4b08      	ldr	r3, [pc, #32]	; (200018fc <sleep_us+0x48>)
200018dc:	4a08      	ldr	r2, [pc, #32]	; (20001900 <sleep_us+0x4c>)
200018de:	213f      	movs	r1, #63	; 0x3f
200018e0:	4808      	ldr	r0, [pc, #32]	; (20001904 <sleep_us+0x50>)
200018e2:	f000 fea3 	bl	2000262c <__assert_func>
200018e6:	2001      	movs	r0, #1
200018e8:	4240      	negs	r0, r0
200018ea:	4907      	ldr	r1, [pc, #28]	; (20001908 <sleep_us+0x54>)
200018ec:	e7f0      	b.n	200018d0 <sleep_us+0x1c>
200018ee:	4b03      	ldr	r3, [pc, #12]	; (200018fc <sleep_us+0x48>)
200018f0:	4a03      	ldr	r2, [pc, #12]	; (20001900 <sleep_us+0x4c>)
200018f2:	213f      	movs	r1, #63	; 0x3f
200018f4:	4803      	ldr	r0, [pc, #12]	; (20001904 <sleep_us+0x50>)
200018f6:	f000 fe99 	bl	2000262c <__assert_func>
200018fa:	46c0      	nop			; (mov r8, r8)
200018fc:	20004da8 	.word	0x20004da8
20001900:	200050d8 	.word	0x200050d8
20001904:	20004dc4 	.word	0x20004dc4
20001908:	7fffffff 	.word	0x7fffffff

2000190c <best_effort_wfe_or_timeout>:
2000190c:	b570      	push	{r4, r5, r6, lr}
2000190e:	b084      	sub	sp, #16
20001910:	0005      	movs	r5, r0
20001912:	000c      	movs	r4, r1
20001914:	f3ef 8305 	mrs	r3, IPSR
20001918:	2b00      	cmp	r3, #0
2000191a:	d11e      	bne.n	2000195a <best_effort_wfe_or_timeout+0x4e>
2000191c:	f7ff fe06 	bl	2000152c <alarm_pool_get_default>
20001920:	2300      	movs	r3, #0
20001922:	9302      	str	r3, [sp, #8]
20001924:	9301      	str	r3, [sp, #4]
20001926:	4b22      	ldr	r3, [pc, #136]	; (200019b0 <best_effort_wfe_or_timeout+0xa4>)
20001928:	9300      	str	r3, [sp, #0]
2000192a:	002a      	movs	r2, r5
2000192c:	0023      	movs	r3, r4
2000192e:	f7ff fe13 	bl	20001558 <alarm_pool_add_alarm_at>
20001932:	1e06      	subs	r6, r0, #0
20001934:	dd23      	ble.n	2000197e <best_effort_wfe_or_timeout+0x72>
20001936:	bf20      	wfe
20001938:	f7ff fdf8 	bl	2000152c <alarm_pool_get_default>
2000193c:	0031      	movs	r1, r6
2000193e:	f7ff febf 	bl	200016c0 <alarm_pool_cancel_alarm>
20001942:	4b1c      	ldr	r3, [pc, #112]	; (200019b4 <best_effort_wfe_or_timeout+0xa8>)
20001944:	6a5b      	ldr	r3, [r3, #36]	; 0x24
20001946:	429c      	cmp	r4, r3
20001948:	d82d      	bhi.n	200019a6 <best_effort_wfe_or_timeout+0x9a>
2000194a:	4a1a      	ldr	r2, [pc, #104]	; (200019b4 <best_effort_wfe_or_timeout+0xa8>)
2000194c:	6a92      	ldr	r2, [r2, #40]	; 0x28
2000194e:	42aa      	cmp	r2, r5
20001950:	d22c      	bcs.n	200019ac <best_effort_wfe_or_timeout+0xa0>
20001952:	429c      	cmp	r4, r3
20001954:	d025      	beq.n	200019a2 <best_effort_wfe_or_timeout+0x96>
20001956:	2001      	movs	r0, #1
20001958:	e026      	b.n	200019a8 <best_effort_wfe_or_timeout+0x9c>
2000195a:	4b16      	ldr	r3, [pc, #88]	; (200019b4 <best_effort_wfe_or_timeout+0xa8>)
2000195c:	6a5b      	ldr	r3, [r3, #36]	; 0x24
2000195e:	4299      	cmp	r1, r3
20001960:	d809      	bhi.n	20001976 <best_effort_wfe_or_timeout+0x6a>
20001962:	4a14      	ldr	r2, [pc, #80]	; (200019b4 <best_effort_wfe_or_timeout+0xa8>)
20001964:	6a92      	ldr	r2, [r2, #40]	; 0x28
20001966:	4282      	cmp	r2, r0
20001968:	d207      	bcs.n	2000197a <best_effort_wfe_or_timeout+0x6e>
2000196a:	4299      	cmp	r1, r3
2000196c:	d001      	beq.n	20001972 <best_effort_wfe_or_timeout+0x66>
2000196e:	2001      	movs	r0, #1
20001970:	e01a      	b.n	200019a8 <best_effort_wfe_or_timeout+0x9c>
20001972:	2000      	movs	r0, #0
20001974:	e018      	b.n	200019a8 <best_effort_wfe_or_timeout+0x9c>
20001976:	2000      	movs	r0, #0
20001978:	e016      	b.n	200019a8 <best_effort_wfe_or_timeout+0x9c>
2000197a:	2001      	movs	r0, #1
2000197c:	e014      	b.n	200019a8 <best_effort_wfe_or_timeout+0x9c>
2000197e:	4b0d      	ldr	r3, [pc, #52]	; (200019b4 <best_effort_wfe_or_timeout+0xa8>)
20001980:	6a5b      	ldr	r3, [r3, #36]	; 0x24
20001982:	429c      	cmp	r4, r3
20001984:	d809      	bhi.n	2000199a <best_effort_wfe_or_timeout+0x8e>
20001986:	4a0b      	ldr	r2, [pc, #44]	; (200019b4 <best_effort_wfe_or_timeout+0xa8>)
20001988:	6a92      	ldr	r2, [r2, #40]	; 0x28
2000198a:	42aa      	cmp	r2, r5
2000198c:	d207      	bcs.n	2000199e <best_effort_wfe_or_timeout+0x92>
2000198e:	429c      	cmp	r4, r3
20001990:	d001      	beq.n	20001996 <best_effort_wfe_or_timeout+0x8a>
20001992:	2001      	movs	r0, #1
20001994:	e008      	b.n	200019a8 <best_effort_wfe_or_timeout+0x9c>
20001996:	2000      	movs	r0, #0
20001998:	e006      	b.n	200019a8 <best_effort_wfe_or_timeout+0x9c>
2000199a:	2000      	movs	r0, #0
2000199c:	e004      	b.n	200019a8 <best_effort_wfe_or_timeout+0x9c>
2000199e:	2001      	movs	r0, #1
200019a0:	e002      	b.n	200019a8 <best_effort_wfe_or_timeout+0x9c>
200019a2:	2000      	movs	r0, #0
200019a4:	e000      	b.n	200019a8 <best_effort_wfe_or_timeout+0x9c>
200019a6:	2000      	movs	r0, #0
200019a8:	b004      	add	sp, #16
200019aa:	bd70      	pop	{r4, r5, r6, pc}
200019ac:	2001      	movs	r0, #1
200019ae:	e7fb      	b.n	200019a8 <best_effort_wfe_or_timeout+0x9c>
200019b0:	20000ead 	.word	0x20000ead
200019b4:	40054000 	.word	0x40054000

200019b8 <hardware_alarm_irq_handler>:
200019b8:	b570      	push	{r4, r5, r6, lr}
200019ba:	f3ef 8005 	mrs	r0, IPSR
200019be:	3810      	subs	r0, #16
200019c0:	f3ef 8c10 	mrs	ip, PRIMASK
200019c4:	b672      	cpsid	i
200019c6:	4b1a      	ldr	r3, [pc, #104]	; (20001a30 <hardware_alarm_irq_handler+0x78>)
200019c8:	681b      	ldr	r3, [r3, #0]
200019ca:	2b00      	cmp	r3, #0
200019cc:	d0fb      	beq.n	200019c6 <hardware_alarm_irq_handler+0xe>
200019ce:	f3bf 8f5f 	dmb	sy
200019d2:	2201      	movs	r2, #1
200019d4:	0013      	movs	r3, r2
200019d6:	4083      	lsls	r3, r0
200019d8:	4916      	ldr	r1, [pc, #88]	; (20001a34 <hardware_alarm_irq_handler+0x7c>)
200019da:	634b      	str	r3, [r1, #52]	; 0x34
200019dc:	4916      	ldr	r1, [pc, #88]	; (20001a38 <hardware_alarm_irq_handler+0x80>)
200019de:	600b      	str	r3, [r1, #0]
200019e0:	4916      	ldr	r1, [pc, #88]	; (20001a3c <hardware_alarm_irq_handler+0x84>)
200019e2:	7809      	ldrb	r1, [r1, #0]
200019e4:	000c      	movs	r4, r1
200019e6:	40c4      	lsrs	r4, r0
200019e8:	4222      	tst	r2, r4
200019ea:	d014      	beq.n	20001a16 <hardware_alarm_irq_handler+0x5e>
200019ec:	4a11      	ldr	r2, [pc, #68]	; (20001a34 <hardware_alarm_irq_handler+0x7c>)
200019ee:	6a54      	ldr	r4, [r2, #36]	; 0x24
200019f0:	0082      	lsls	r2, r0, #2
200019f2:	4d13      	ldr	r5, [pc, #76]	; (20001a40 <hardware_alarm_irq_handler+0x88>)
200019f4:	5952      	ldr	r2, [r2, r5]
200019f6:	4294      	cmp	r4, r2
200019f8:	d306      	bcc.n	20001a08 <hardware_alarm_irq_handler+0x50>
200019fa:	0082      	lsls	r2, r0, #2
200019fc:	4c11      	ldr	r4, [pc, #68]	; (20001a44 <hardware_alarm_irq_handler+0x8c>)
200019fe:	5912      	ldr	r2, [r2, r4]
20001a00:	4399      	bics	r1, r3
20001a02:	4b0e      	ldr	r3, [pc, #56]	; (20001a3c <hardware_alarm_irq_handler+0x84>)
20001a04:	7019      	strb	r1, [r3, #0]
20001a06:	e007      	b.n	20001a18 <hardware_alarm_irq_handler+0x60>
20001a08:	4a0a      	ldr	r2, [pc, #40]	; (20001a34 <hardware_alarm_irq_handler+0x7c>)
20001a0a:	1d03      	adds	r3, r0, #4
20001a0c:	009b      	lsls	r3, r3, #2
20001a0e:	5899      	ldr	r1, [r3, r2]
20001a10:	5099      	str	r1, [r3, r2]
20001a12:	2200      	movs	r2, #0
20001a14:	e000      	b.n	20001a18 <hardware_alarm_irq_handler+0x60>
20001a16:	2200      	movs	r2, #0
20001a18:	f3bf 8f5f 	dmb	sy
20001a1c:	4b04      	ldr	r3, [pc, #16]	; (20001a30 <hardware_alarm_irq_handler+0x78>)
20001a1e:	2100      	movs	r1, #0
20001a20:	6019      	str	r1, [r3, #0]
20001a22:	f38c 8810 	msr	PRIMASK, ip
20001a26:	2a00      	cmp	r2, #0
20001a28:	d000      	beq.n	20001a2c <hardware_alarm_irq_handler+0x74>
20001a2a:	4790      	blx	r2
20001a2c:	bd70      	pop	{r4, r5, r6, pc}
20001a2e:	46c0      	nop			; (mov r8, r8)
20001a30:	d0000128 	.word	0xd0000128
20001a34:	40054000 	.word	0x40054000
20001a38:	4005703c 	.word	0x4005703c
20001a3c:	2000615b 	.word	0x2000615b
20001a40:	20006144 	.word	0x20006144
20001a44:	20005da4 	.word	0x20005da4

20001a48 <hardware_alarm_claim>:
20001a48:	b510      	push	{r4, lr}
20001a4a:	0001      	movs	r1, r0
20001a4c:	4a02      	ldr	r2, [pc, #8]	; (20001a58 <hardware_alarm_claim+0x10>)
20001a4e:	4803      	ldr	r0, [pc, #12]	; (20001a5c <hardware_alarm_claim+0x14>)
20001a50:	f7fe ffa6 	bl	200009a0 <hw_claim_or_assert>
20001a54:	bd10      	pop	{r4, pc}
20001a56:	46c0      	nop			; (mov r8, r8)
20001a58:	2000519c 	.word	0x2000519c
20001a5c:	20006159 	.word	0x20006159

20001a60 <time_us_64>:
20001a60:	4b04      	ldr	r3, [pc, #16]	; (20001a74 <time_us_64+0x14>)
20001a62:	6a5b      	ldr	r3, [r3, #36]	; 0x24
20001a64:	4a03      	ldr	r2, [pc, #12]	; (20001a74 <time_us_64+0x14>)
20001a66:	6a90      	ldr	r0, [r2, #40]	; 0x28
20001a68:	0019      	movs	r1, r3
20001a6a:	6a53      	ldr	r3, [r2, #36]	; 0x24
20001a6c:	4299      	cmp	r1, r3
20001a6e:	d1f9      	bne.n	20001a64 <time_us_64+0x4>
20001a70:	4770      	bx	lr
20001a72:	46c0      	nop			; (mov r8, r8)
20001a74:	40054000 	.word	0x40054000

20001a78 <busy_wait_until>:
20001a78:	4b08      	ldr	r3, [pc, #32]	; (20001a9c <busy_wait_until+0x24>)
20001a7a:	6a5b      	ldr	r3, [r3, #36]	; 0x24
20001a7c:	e001      	b.n	20001a82 <busy_wait_until+0xa>
20001a7e:	4b07      	ldr	r3, [pc, #28]	; (20001a9c <busy_wait_until+0x24>)
20001a80:	6a5b      	ldr	r3, [r3, #36]	; 0x24
20001a82:	428b      	cmp	r3, r1
20001a84:	d3fb      	bcc.n	20001a7e <busy_wait_until+0x6>
20001a86:	e001      	b.n	20001a8c <busy_wait_until+0x14>
20001a88:	4b04      	ldr	r3, [pc, #16]	; (20001a9c <busy_wait_until+0x24>)
20001a8a:	6a5b      	ldr	r3, [r3, #36]	; 0x24
20001a8c:	428b      	cmp	r3, r1
20001a8e:	d103      	bne.n	20001a98 <busy_wait_until+0x20>
20001a90:	4b02      	ldr	r3, [pc, #8]	; (20001a9c <busy_wait_until+0x24>)
20001a92:	6a9b      	ldr	r3, [r3, #40]	; 0x28
20001a94:	4283      	cmp	r3, r0
20001a96:	d3f7      	bcc.n	20001a88 <busy_wait_until+0x10>
20001a98:	4770      	bx	lr
20001a9a:	46c0      	nop			; (mov r8, r8)
20001a9c:	40054000 	.word	0x40054000

20001aa0 <busy_wait_us>:
20001aa0:	b570      	push	{r4, r5, r6, lr}
20001aa2:	0004      	movs	r4, r0
20001aa4:	000d      	movs	r5, r1
20001aa6:	f7ff ffdb 	bl	20001a60 <time_us_64>
20001aaa:	0002      	movs	r2, r0
20001aac:	000b      	movs	r3, r1
20001aae:	0020      	movs	r0, r4
20001ab0:	0029      	movs	r1, r5
20001ab2:	1880      	adds	r0, r0, r2
20001ab4:	4159      	adcs	r1, r3
20001ab6:	428b      	cmp	r3, r1
20001ab8:	d802      	bhi.n	20001ac0 <busy_wait_us+0x20>
20001aba:	d104      	bne.n	20001ac6 <busy_wait_us+0x26>
20001abc:	4282      	cmp	r2, r0
20001abe:	d902      	bls.n	20001ac6 <busy_wait_us+0x26>
20001ac0:	2001      	movs	r0, #1
20001ac2:	4240      	negs	r0, r0
20001ac4:	17c1      	asrs	r1, r0, #31
20001ac6:	2900      	cmp	r1, #0
20001ac8:	db02      	blt.n	20001ad0 <busy_wait_us+0x30>
20001aca:	f7ff ffd5 	bl	20001a78 <busy_wait_until>
20001ace:	bd70      	pop	{r4, r5, r6, pc}
20001ad0:	4b02      	ldr	r3, [pc, #8]	; (20001adc <busy_wait_us+0x3c>)
20001ad2:	4a03      	ldr	r2, [pc, #12]	; (20001ae0 <busy_wait_us+0x40>)
20001ad4:	213f      	movs	r1, #63	; 0x3f
20001ad6:	4803      	ldr	r0, [pc, #12]	; (20001ae4 <busy_wait_us+0x44>)
20001ad8:	f000 fda8 	bl	2000262c <__assert_func>
20001adc:	20004da8 	.word	0x20004da8
20001ae0:	20005240 	.word	0x20005240
20001ae4:	20004dc4 	.word	0x20004dc4

20001ae8 <hardware_alarm_set_callback>:
20001ae8:	b570      	push	{r4, r5, r6, lr}
20001aea:	0004      	movs	r4, r0
20001aec:	000d      	movs	r5, r1
20001aee:	f3ef 8610 	mrs	r6, PRIMASK
20001af2:	b672      	cpsid	i
20001af4:	4b1b      	ldr	r3, [pc, #108]	; (20001b64 <hardware_alarm_set_callback+0x7c>)
20001af6:	681b      	ldr	r3, [r3, #0]
20001af8:	2b00      	cmp	r3, #0
20001afa:	d0fb      	beq.n	20001af4 <hardware_alarm_set_callback+0xc>
20001afc:	f3bf 8f5f 	dmb	sy
20001b00:	2d00      	cmp	r5, #0
20001b02:	d01c      	beq.n	20001b3e <hardware_alarm_set_callback+0x56>
20001b04:	0020      	movs	r0, r4
20001b06:	f7fe ffff 	bl	20000b08 <irq_get_vtable_handler>
20001b0a:	4b17      	ldr	r3, [pc, #92]	; (20001b68 <hardware_alarm_set_callback+0x80>)
20001b0c:	4283      	cmp	r3, r0
20001b0e:	d00b      	beq.n	20001b28 <hardware_alarm_set_callback+0x40>
20001b10:	0019      	movs	r1, r3
20001b12:	0020      	movs	r0, r4
20001b14:	f7ff f800 	bl	20000b18 <irq_set_exclusive_handler>
20001b18:	2101      	movs	r1, #1
20001b1a:	0020      	movs	r0, r4
20001b1c:	f7fe ffec 	bl	20000af8 <irq_set_enabled>
20001b20:	2301      	movs	r3, #1
20001b22:	40a3      	lsls	r3, r4
20001b24:	4a11      	ldr	r2, [pc, #68]	; (20001b6c <hardware_alarm_set_callback+0x84>)
20001b26:	6013      	str	r3, [r2, #0]
20001b28:	00a4      	lsls	r4, r4, #2
20001b2a:	4b11      	ldr	r3, [pc, #68]	; (20001b70 <hardware_alarm_set_callback+0x88>)
20001b2c:	50e5      	str	r5, [r4, r3]
20001b2e:	f3bf 8f5f 	dmb	sy
20001b32:	4b0c      	ldr	r3, [pc, #48]	; (20001b64 <hardware_alarm_set_callback+0x7c>)
20001b34:	2200      	movs	r2, #0
20001b36:	601a      	str	r2, [r3, #0]
20001b38:	f386 8810 	msr	PRIMASK, r6
20001b3c:	bd70      	pop	{r4, r5, r6, pc}
20001b3e:	00a2      	lsls	r2, r4, #2
20001b40:	4b0b      	ldr	r3, [pc, #44]	; (20001b70 <hardware_alarm_set_callback+0x88>)
20001b42:	2100      	movs	r1, #0
20001b44:	50d1      	str	r1, [r2, r3]
20001b46:	2201      	movs	r2, #1
20001b48:	40a2      	lsls	r2, r4
20001b4a:	490a      	ldr	r1, [pc, #40]	; (20001b74 <hardware_alarm_set_callback+0x8c>)
20001b4c:	780b      	ldrb	r3, [r1, #0]
20001b4e:	4393      	bics	r3, r2
20001b50:	700b      	strb	r3, [r1, #0]
20001b52:	4905      	ldr	r1, [pc, #20]	; (20001b68 <hardware_alarm_set_callback+0x80>)
20001b54:	0020      	movs	r0, r4
20001b56:	f7ff f809 	bl	20000b6c <irq_remove_handler>
20001b5a:	2100      	movs	r1, #0
20001b5c:	0020      	movs	r0, r4
20001b5e:	f7fe ffcb 	bl	20000af8 <irq_set_enabled>
20001b62:	e7e4      	b.n	20001b2e <hardware_alarm_set_callback+0x46>
20001b64:	d0000128 	.word	0xd0000128
20001b68:	200019b9 	.word	0x200019b9
20001b6c:	40056038 	.word	0x40056038
20001b70:	20005da4 	.word	0x20005da4
20001b74:	2000615b 	.word	0x2000615b

20001b78 <hardware_alarm_set_target>:
20001b78:	b5f0      	push	{r4, r5, r6, r7, lr}
20001b7a:	46de      	mov	lr, fp
20001b7c:	b500      	push	{lr}
20001b7e:	b084      	sub	sp, #16
20001b80:	0004      	movs	r4, r0
20001b82:	0015      	movs	r5, r2
20001b84:	9201      	str	r2, [sp, #4]
20001b86:	001e      	movs	r6, r3
20001b88:	9302      	str	r3, [sp, #8]
20001b8a:	f7ff ff69 	bl	20001a60 <time_us_64>
20001b8e:	9503      	str	r5, [sp, #12]
20001b90:	428e      	cmp	r6, r1
20001b92:	d802      	bhi.n	20001b9a <hardware_alarm_set_target+0x22>
20001b94:	d14e      	bne.n	20001c34 <hardware_alarm_set_target+0xbc>
20001b96:	4285      	cmp	r5, r0
20001b98:	d94c      	bls.n	20001c34 <hardware_alarm_set_target+0xbc>
20001b9a:	f3ef 8b10 	mrs	fp, PRIMASK
20001b9e:	b672      	cpsid	i
20001ba0:	4b27      	ldr	r3, [pc, #156]	; (20001c40 <hardware_alarm_set_target+0xc8>)
20001ba2:	681b      	ldr	r3, [r3, #0]
20001ba4:	2b00      	cmp	r3, #0
20001ba6:	d0fb      	beq.n	20001ba0 <hardware_alarm_set_target+0x28>
20001ba8:	f3bf 8f5f 	dmb	sy
20001bac:	4a25      	ldr	r2, [pc, #148]	; (20001c44 <hardware_alarm_set_target+0xcc>)
20001bae:	7817      	ldrb	r7, [r2, #0]
20001bb0:	2501      	movs	r5, #1
20001bb2:	40a5      	lsls	r5, r4
20001bb4:	b2eb      	uxtb	r3, r5
20001bb6:	433b      	orrs	r3, r7
20001bb8:	7013      	strb	r3, [r2, #0]
20001bba:	4b23      	ldr	r3, [pc, #140]	; (20001c48 <hardware_alarm_set_target+0xd0>)
20001bbc:	635d      	str	r5, [r3, #52]	; 0x34
20001bbe:	1d22      	adds	r2, r4, #4
20001bc0:	0092      	lsls	r2, r2, #2
20001bc2:	9901      	ldr	r1, [sp, #4]
20001bc4:	50d1      	str	r1, [r2, r3]
20001bc6:	00a2      	lsls	r2, r4, #2
20001bc8:	4920      	ldr	r1, [pc, #128]	; (20001c4c <hardware_alarm_set_target+0xd4>)
20001bca:	9802      	ldr	r0, [sp, #8]
20001bcc:	5050      	str	r0, [r2, r1]
20001bce:	6a1b      	ldr	r3, [r3, #32]
20001bd0:	422b      	tst	r3, r5
20001bd2:	d112      	bne.n	20001bfa <hardware_alarm_set_target+0x82>
20001bd4:	4b1c      	ldr	r3, [pc, #112]	; (20001c48 <hardware_alarm_set_target+0xd0>)
20001bd6:	6c1b      	ldr	r3, [r3, #64]	; 0x40
20001bd8:	422b      	tst	r3, r5
20001bda:	d008      	beq.n	20001bee <hardware_alarm_set_target+0x76>
20001bdc:	2000      	movs	r0, #0
20001bde:	f3bf 8f5f 	dmb	sy
20001be2:	4b17      	ldr	r3, [pc, #92]	; (20001c40 <hardware_alarm_set_target+0xc8>)
20001be4:	2200      	movs	r2, #0
20001be6:	601a      	str	r2, [r3, #0]
20001be8:	f38b 8810 	msr	PRIMASK, fp
20001bec:	e023      	b.n	20001c36 <hardware_alarm_set_target+0xbe>
20001bee:	4b18      	ldr	r3, [pc, #96]	; (20001c50 <hardware_alarm_set_target+0xd8>)
20001bf0:	4a18      	ldr	r2, [pc, #96]	; (20001c54 <hardware_alarm_set_target+0xdc>)
20001bf2:	21c5      	movs	r1, #197	; 0xc5
20001bf4:	4818      	ldr	r0, [pc, #96]	; (20001c58 <hardware_alarm_set_target+0xe0>)
20001bf6:	f000 fd19 	bl	2000262c <__assert_func>
20001bfa:	f7ff ff31 	bl	20001a60 <time_us_64>
20001bfe:	428e      	cmp	r6, r1
20001c00:	d814      	bhi.n	20001c2c <hardware_alarm_set_target+0xb4>
20001c02:	d102      	bne.n	20001c0a <hardware_alarm_set_target+0x92>
20001c04:	9b03      	ldr	r3, [sp, #12]
20001c06:	4283      	cmp	r3, r0
20001c08:	d810      	bhi.n	20001c2c <hardware_alarm_set_target+0xb4>
20001c0a:	4b0e      	ldr	r3, [pc, #56]	; (20001c44 <hardware_alarm_set_target+0xcc>)
20001c0c:	781b      	ldrb	r3, [r3, #0]
20001c0e:	42bb      	cmp	r3, r7
20001c10:	d00e      	beq.n	20001c30 <hardware_alarm_set_target+0xb8>
20001c12:	4b0d      	ldr	r3, [pc, #52]	; (20001c48 <hardware_alarm_set_target+0xd0>)
20001c14:	621d      	str	r5, [r3, #32]
20001c16:	635d      	str	r5, [r3, #52]	; 0x34
20001c18:	201f      	movs	r0, #31
20001c1a:	4004      	ands	r4, r0
20001c1c:	2301      	movs	r3, #1
20001c1e:	40a3      	lsls	r3, r4
20001c20:	4a0e      	ldr	r2, [pc, #56]	; (20001c5c <hardware_alarm_set_target+0xe4>)
20001c22:	6013      	str	r3, [r2, #0]
20001c24:	4b07      	ldr	r3, [pc, #28]	; (20001c44 <hardware_alarm_set_target+0xcc>)
20001c26:	701f      	strb	r7, [r3, #0]
20001c28:	381e      	subs	r0, #30
20001c2a:	e7d8      	b.n	20001bde <hardware_alarm_set_target+0x66>
20001c2c:	2000      	movs	r0, #0
20001c2e:	e7d6      	b.n	20001bde <hardware_alarm_set_target+0x66>
20001c30:	2001      	movs	r0, #1
20001c32:	e7d4      	b.n	20001bde <hardware_alarm_set_target+0x66>
20001c34:	2001      	movs	r0, #1
20001c36:	b004      	add	sp, #16
20001c38:	bc80      	pop	{r7}
20001c3a:	46bb      	mov	fp, r7
20001c3c:	bdf0      	pop	{r4, r5, r6, r7, pc}
20001c3e:	46c0      	nop			; (mov r8, r8)
20001c40:	d0000128 	.word	0xd0000128
20001c44:	2000615b 	.word	0x2000615b
20001c48:	40054000 	.word	0x40054000
20001c4c:	20006144 	.word	0x20006144
20001c50:	200051c0 	.word	0x200051c0
20001c54:	20005224 	.word	0x20005224
20001c58:	200051e4 	.word	0x200051e4
20001c5c:	e000e280 	.word	0xe000e280

20001c60 <hardware_alarm_cancel>:
20001c60:	f3ef 8c10 	mrs	ip, PRIMASK
20001c64:	b672      	cpsid	i
20001c66:	4b0b      	ldr	r3, [pc, #44]	; (20001c94 <hardware_alarm_cancel+0x34>)
20001c68:	681b      	ldr	r3, [r3, #0]
20001c6a:	2b00      	cmp	r3, #0
20001c6c:	d0fb      	beq.n	20001c66 <hardware_alarm_cancel+0x6>
20001c6e:	f3bf 8f5f 	dmb	sy
20001c72:	2301      	movs	r3, #1
20001c74:	4083      	lsls	r3, r0
20001c76:	4a08      	ldr	r2, [pc, #32]	; (20001c98 <hardware_alarm_cancel+0x38>)
20001c78:	6213      	str	r3, [r2, #32]
20001c7a:	4908      	ldr	r1, [pc, #32]	; (20001c9c <hardware_alarm_cancel+0x3c>)
20001c7c:	780a      	ldrb	r2, [r1, #0]
20001c7e:	439a      	bics	r2, r3
20001c80:	700a      	strb	r2, [r1, #0]
20001c82:	f3bf 8f5f 	dmb	sy
20001c86:	4b03      	ldr	r3, [pc, #12]	; (20001c94 <hardware_alarm_cancel+0x34>)
20001c88:	2200      	movs	r2, #0
20001c8a:	601a      	str	r2, [r3, #0]
20001c8c:	f38c 8810 	msr	PRIMASK, ip
20001c90:	4770      	bx	lr
20001c92:	46c0      	nop			; (mov r8, r8)
20001c94:	d0000128 	.word	0xd0000128
20001c98:	40054000 	.word	0x40054000
20001c9c:	2000615b 	.word	0x2000615b

20001ca0 <ph_add_child_node>:
20001ca0:	b510      	push	{r4, lr}
20001ca2:	2900      	cmp	r1, #0
20001ca4:	d01e      	beq.n	20001ce4 <ph_add_child_node+0x44>
20001ca6:	7b03      	ldrb	r3, [r0, #12]
20001ca8:	4299      	cmp	r1, r3
20001caa:	d81b      	bhi.n	20001ce4 <ph_add_child_node+0x44>
20001cac:	004b      	lsls	r3, r1, #1
20001cae:	185b      	adds	r3, r3, r1
20001cb0:	3b03      	subs	r3, #3
20001cb2:	6804      	ldr	r4, [r0, #0]
20001cb4:	46a4      	mov	ip, r4
20001cb6:	4463      	add	r3, ip
20001cb8:	2900      	cmp	r1, #0
20001cba:	d019      	beq.n	20001cf0 <ph_add_child_node+0x50>
20001cbc:	2a00      	cmp	r2, #0
20001cbe:	d01d      	beq.n	20001cfc <ph_add_child_node+0x5c>
20001cc0:	4291      	cmp	r1, r2
20001cc2:	d021      	beq.n	20001d08 <ph_add_child_node+0x68>
20001cc4:	2a00      	cmp	r2, #0
20001cc6:	d025      	beq.n	20001d14 <ph_add_child_node+0x74>
20001cc8:	7b04      	ldrb	r4, [r0, #12]
20001cca:	42a2      	cmp	r2, r4
20001ccc:	d822      	bhi.n	20001d14 <ph_add_child_node+0x74>
20001cce:	6804      	ldr	r4, [r0, #0]
20001cd0:	0050      	lsls	r0, r2, #1
20001cd2:	1880      	adds	r0, r0, r2
20001cd4:	3803      	subs	r0, #3
20001cd6:	1820      	adds	r0, r4, r0
20001cd8:	7081      	strb	r1, [r0, #2]
20001cda:	7819      	ldrb	r1, [r3, #0]
20001cdc:	2900      	cmp	r1, #0
20001cde:	d11f      	bne.n	20001d20 <ph_add_child_node+0x80>
20001ce0:	701a      	strb	r2, [r3, #0]
20001ce2:	bd10      	pop	{r4, pc}
20001ce4:	4b10      	ldr	r3, [pc, #64]	; (20001d28 <ph_add_child_node+0x88>)
20001ce6:	4a11      	ldr	r2, [pc, #68]	; (20001d2c <ph_add_child_node+0x8c>)
20001ce8:	2168      	movs	r1, #104	; 0x68
20001cea:	4811      	ldr	r0, [pc, #68]	; (20001d30 <ph_add_child_node+0x90>)
20001cec:	f000 fc9e 	bl	2000262c <__assert_func>
20001cf0:	4b10      	ldr	r3, [pc, #64]	; (20001d34 <ph_add_child_node+0x94>)
20001cf2:	4a11      	ldr	r2, [pc, #68]	; (20001d38 <ph_add_child_node+0x98>)
20001cf4:	316f      	adds	r1, #111	; 0x6f
20001cf6:	480e      	ldr	r0, [pc, #56]	; (20001d30 <ph_add_child_node+0x90>)
20001cf8:	f000 fc98 	bl	2000262c <__assert_func>
20001cfc:	4b0f      	ldr	r3, [pc, #60]	; (20001d3c <ph_add_child_node+0x9c>)
20001cfe:	4a0e      	ldr	r2, [pc, #56]	; (20001d38 <ph_add_child_node+0x98>)
20001d00:	2170      	movs	r1, #112	; 0x70
20001d02:	480b      	ldr	r0, [pc, #44]	; (20001d30 <ph_add_child_node+0x90>)
20001d04:	f000 fc92 	bl	2000262c <__assert_func>
20001d08:	4b0d      	ldr	r3, [pc, #52]	; (20001d40 <ph_add_child_node+0xa0>)
20001d0a:	4a0b      	ldr	r2, [pc, #44]	; (20001d38 <ph_add_child_node+0x98>)
20001d0c:	2171      	movs	r1, #113	; 0x71
20001d0e:	4808      	ldr	r0, [pc, #32]	; (20001d30 <ph_add_child_node+0x90>)
20001d10:	f000 fc8c 	bl	2000262c <__assert_func>
20001d14:	4b04      	ldr	r3, [pc, #16]	; (20001d28 <ph_add_child_node+0x88>)
20001d16:	4a05      	ldr	r2, [pc, #20]	; (20001d2c <ph_add_child_node+0x8c>)
20001d18:	2168      	movs	r1, #104	; 0x68
20001d1a:	4805      	ldr	r0, [pc, #20]	; (20001d30 <ph_add_child_node+0x90>)
20001d1c:	f000 fc86 	bl	2000262c <__assert_func>
20001d20:	7041      	strb	r1, [r0, #1]
20001d22:	701a      	strb	r2, [r3, #0]
20001d24:	e7dd      	b.n	20001ce2 <ph_add_child_node+0x42>
20001d26:	46c0      	nop			; (mov r8, r8)
20001d28:	20004ed0 	.word	0x20004ed0
20001d2c:	20005340 	.word	0x20005340
20001d30:	20004eec 	.word	0x20004eec
20001d34:	20004f34 	.word	0x20004f34
20001d38:	2000532c 	.word	0x2000532c
20001d3c:	20004f40 	.word	0x20004f40
20001d40:	20004f4c 	.word	0x20004f4c

20001d44 <ph_merge_nodes>:
20001d44:	b570      	push	{r4, r5, r6, lr}
20001d46:	0006      	movs	r6, r0
20001d48:	000d      	movs	r5, r1
20001d4a:	0014      	movs	r4, r2
20001d4c:	2900      	cmp	r1, #0
20001d4e:	d014      	beq.n	20001d7a <ph_merge_nodes+0x36>
20001d50:	2a00      	cmp	r2, #0
20001d52:	d014      	beq.n	20001d7e <ph_merge_nodes+0x3a>
20001d54:	6880      	ldr	r0, [r0, #8]
20001d56:	6873      	ldr	r3, [r6, #4]
20001d58:	4798      	blx	r3
20001d5a:	2800      	cmp	r0, #0
20001d5c:	d006      	beq.n	20001d6c <ph_merge_nodes+0x28>
20001d5e:	0022      	movs	r2, r4
20001d60:	0029      	movs	r1, r5
20001d62:	0030      	movs	r0, r6
20001d64:	f7ff ff9c 	bl	20001ca0 <ph_add_child_node>
20001d68:	0028      	movs	r0, r5
20001d6a:	e007      	b.n	20001d7c <ph_merge_nodes+0x38>
20001d6c:	002a      	movs	r2, r5
20001d6e:	0021      	movs	r1, r4
20001d70:	0030      	movs	r0, r6
20001d72:	f7ff ff95 	bl	20001ca0 <ph_add_child_node>
20001d76:	0020      	movs	r0, r4
20001d78:	e000      	b.n	20001d7c <ph_merge_nodes+0x38>
20001d7a:	0010      	movs	r0, r2
20001d7c:	bd70      	pop	{r4, r5, r6, pc}
20001d7e:	0008      	movs	r0, r1
20001d80:	e7fc      	b.n	20001d7c <ph_merge_nodes+0x38>
	...

20001d84 <ph_clear>:
20001d84:	b510      	push	{r4, lr}
20001d86:	2300      	movs	r3, #0
20001d88:	7343      	strb	r3, [r0, #13]
20001d8a:	3301      	adds	r3, #1
20001d8c:	7383      	strb	r3, [r0, #14]
20001d8e:	7b03      	ldrb	r3, [r0, #12]
20001d90:	73c3      	strb	r3, [r0, #15]
20001d92:	2301      	movs	r3, #1
20001d94:	7b02      	ldrb	r2, [r0, #12]
20001d96:	429a      	cmp	r2, r3
20001d98:	d914      	bls.n	20001dc4 <ph_clear+0x40>
20001d9a:	2b00      	cmp	r3, #0
20001d9c:	d00c      	beq.n	20001db8 <ph_clear+0x34>
20001d9e:	7b02      	ldrb	r2, [r0, #12]
20001da0:	4293      	cmp	r3, r2
20001da2:	d809      	bhi.n	20001db8 <ph_clear+0x34>
20001da4:	005a      	lsls	r2, r3, #1
20001da6:	18d2      	adds	r2, r2, r3
20001da8:	3a03      	subs	r2, #3
20001daa:	6801      	ldr	r1, [r0, #0]
20001dac:	468c      	mov	ip, r1
20001dae:	4462      	add	r2, ip
20001db0:	3301      	adds	r3, #1
20001db2:	b2db      	uxtb	r3, r3
20001db4:	7053      	strb	r3, [r2, #1]
20001db6:	e7ed      	b.n	20001d94 <ph_clear+0x10>
20001db8:	4b0b      	ldr	r3, [pc, #44]	; (20001de8 <ph_clear+0x64>)
20001dba:	4a0c      	ldr	r2, [pc, #48]	; (20001dec <ph_clear+0x68>)
20001dbc:	2168      	movs	r1, #104	; 0x68
20001dbe:	480c      	ldr	r0, [pc, #48]	; (20001df0 <ph_clear+0x6c>)
20001dc0:	f000 fc34 	bl	2000262c <__assert_func>
20001dc4:	2a00      	cmp	r2, #0
20001dc6:	d009      	beq.n	20001ddc <ph_clear+0x58>
20001dc8:	4292      	cmp	r2, r2
20001dca:	d807      	bhi.n	20001ddc <ph_clear+0x58>
20001dcc:	6801      	ldr	r1, [r0, #0]
20001dce:	0053      	lsls	r3, r2, #1
20001dd0:	189a      	adds	r2, r3, r2
20001dd2:	3a03      	subs	r2, #3
20001dd4:	188a      	adds	r2, r1, r2
20001dd6:	2300      	movs	r3, #0
20001dd8:	7053      	strb	r3, [r2, #1]
20001dda:	bd10      	pop	{r4, pc}
20001ddc:	4b02      	ldr	r3, [pc, #8]	; (20001de8 <ph_clear+0x64>)
20001dde:	4a03      	ldr	r2, [pc, #12]	; (20001dec <ph_clear+0x68>)
20001de0:	2168      	movs	r1, #104	; 0x68
20001de2:	4803      	ldr	r0, [pc, #12]	; (20001df0 <ph_clear+0x6c>)
20001de4:	f000 fc22 	bl	2000262c <__assert_func>
20001de8:	20004ed0 	.word	0x20004ed0
20001dec:	20005340 	.word	0x20005340
20001df0:	20004eec 	.word	0x20004eec

20001df4 <ph_post_alloc_init>:
20001df4:	b510      	push	{r4, lr}
20001df6:	7301      	strb	r1, [r0, #12]
20001df8:	6042      	str	r2, [r0, #4]
20001dfa:	6083      	str	r3, [r0, #8]
20001dfc:	f7ff ffc2 	bl	20001d84 <ph_clear>
20001e00:	bd10      	pop	{r4, pc}
	...

20001e04 <ph_merge_two_pass>:
20001e04:	b570      	push	{r4, r5, r6, lr}
20001e06:	0004      	movs	r4, r0
20001e08:	1e08      	subs	r0, r1, #0
20001e0a:	d100      	bne.n	20001e0e <ph_merge_two_pass+0xa>
20001e0c:	bd70      	pop	{r4, r5, r6, pc}
20001e0e:	2900      	cmp	r1, #0
20001e10:	d034      	beq.n	20001e7c <ph_merge_two_pass+0x78>
20001e12:	7b23      	ldrb	r3, [r4, #12]
20001e14:	4299      	cmp	r1, r3
20001e16:	d831      	bhi.n	20001e7c <ph_merge_two_pass+0x78>
20001e18:	004b      	lsls	r3, r1, #1
20001e1a:	185b      	adds	r3, r3, r1
20001e1c:	3b03      	subs	r3, #3
20001e1e:	6822      	ldr	r2, [r4, #0]
20001e20:	4694      	mov	ip, r2
20001e22:	4463      	add	r3, ip
20001e24:	785a      	ldrb	r2, [r3, #1]
20001e26:	2a00      	cmp	r2, #0
20001e28:	d0f0      	beq.n	20001e0c <ph_merge_two_pass+0x8>
20001e2a:	d02d      	beq.n	20001e88 <ph_merge_two_pass+0x84>
20001e2c:	7b23      	ldrb	r3, [r4, #12]
20001e2e:	429a      	cmp	r2, r3
20001e30:	d82a      	bhi.n	20001e88 <ph_merge_two_pass+0x84>
20001e32:	0053      	lsls	r3, r2, #1
20001e34:	189b      	adds	r3, r3, r2
20001e36:	3b03      	subs	r3, #3
20001e38:	6821      	ldr	r1, [r4, #0]
20001e3a:	468c      	mov	ip, r1
20001e3c:	4463      	add	r3, ip
20001e3e:	785d      	ldrb	r5, [r3, #1]
20001e40:	2100      	movs	r1, #0
20001e42:	7059      	strb	r1, [r3, #1]
20001e44:	2800      	cmp	r0, #0
20001e46:	d025      	beq.n	20001e94 <ph_merge_two_pass+0x90>
20001e48:	7b23      	ldrb	r3, [r4, #12]
20001e4a:	4298      	cmp	r0, r3
20001e4c:	d822      	bhi.n	20001e94 <ph_merge_two_pass+0x90>
20001e4e:	0043      	lsls	r3, r0, #1
20001e50:	181b      	adds	r3, r3, r0
20001e52:	3b03      	subs	r3, #3
20001e54:	6821      	ldr	r1, [r4, #0]
20001e56:	468c      	mov	ip, r1
20001e58:	4463      	add	r3, ip
20001e5a:	2100      	movs	r1, #0
20001e5c:	7059      	strb	r1, [r3, #1]
20001e5e:	0001      	movs	r1, r0
20001e60:	0020      	movs	r0, r4
20001e62:	f7ff ff6f 	bl	20001d44 <ph_merge_nodes>
20001e66:	0006      	movs	r6, r0
20001e68:	0029      	movs	r1, r5
20001e6a:	0020      	movs	r0, r4
20001e6c:	f7ff ffca 	bl	20001e04 <ph_merge_two_pass>
20001e70:	0002      	movs	r2, r0
20001e72:	0031      	movs	r1, r6
20001e74:	0020      	movs	r0, r4
20001e76:	f7ff ff65 	bl	20001d44 <ph_merge_nodes>
20001e7a:	e7c7      	b.n	20001e0c <ph_merge_two_pass+0x8>
20001e7c:	4b08      	ldr	r3, [pc, #32]	; (20001ea0 <ph_merge_two_pass+0x9c>)
20001e7e:	4a09      	ldr	r2, [pc, #36]	; (20001ea4 <ph_merge_two_pass+0xa0>)
20001e80:	2168      	movs	r1, #104	; 0x68
20001e82:	4809      	ldr	r0, [pc, #36]	; (20001ea8 <ph_merge_two_pass+0xa4>)
20001e84:	f000 fbd2 	bl	2000262c <__assert_func>
20001e88:	4b05      	ldr	r3, [pc, #20]	; (20001ea0 <ph_merge_two_pass+0x9c>)
20001e8a:	4a06      	ldr	r2, [pc, #24]	; (20001ea4 <ph_merge_two_pass+0xa0>)
20001e8c:	2168      	movs	r1, #104	; 0x68
20001e8e:	4806      	ldr	r0, [pc, #24]	; (20001ea8 <ph_merge_two_pass+0xa4>)
20001e90:	f000 fbcc 	bl	2000262c <__assert_func>
20001e94:	4b02      	ldr	r3, [pc, #8]	; (20001ea0 <ph_merge_two_pass+0x9c>)
20001e96:	4a03      	ldr	r2, [pc, #12]	; (20001ea4 <ph_merge_two_pass+0xa0>)
20001e98:	2168      	movs	r1, #104	; 0x68
20001e9a:	4803      	ldr	r0, [pc, #12]	; (20001ea8 <ph_merge_two_pass+0xa4>)
20001e9c:	f000 fbc6 	bl	2000262c <__assert_func>
20001ea0:	20004ed0 	.word	0x20004ed0
20001ea4:	20005340 	.word	0x20005340
20001ea8:	20004eec 	.word	0x20004eec

20001eac <ph_remove_any_head>:
20001eac:	b570      	push	{r4, r5, r6, lr}
20001eae:	0005      	movs	r5, r0
20001eb0:	000c      	movs	r4, r1
20001eb2:	0016      	movs	r6, r2
20001eb4:	2900      	cmp	r1, #0
20001eb6:	d02f      	beq.n	20001f18 <ph_remove_any_head+0x6c>
20001eb8:	d034      	beq.n	20001f24 <ph_remove_any_head+0x78>
20001eba:	7b03      	ldrb	r3, [r0, #12]
20001ebc:	4299      	cmp	r1, r3
20001ebe:	d831      	bhi.n	20001f24 <ph_remove_any_head+0x78>
20001ec0:	004b      	lsls	r3, r1, #1
20001ec2:	185b      	adds	r3, r3, r1
20001ec4:	3b03      	subs	r3, #3
20001ec6:	6802      	ldr	r2, [r0, #0]
20001ec8:	4694      	mov	ip, r2
20001eca:	4463      	add	r3, ip
20001ecc:	785a      	ldrb	r2, [r3, #1]
20001ece:	2a00      	cmp	r2, #0
20001ed0:	d12e      	bne.n	20001f30 <ph_remove_any_head+0x84>
20001ed2:	789a      	ldrb	r2, [r3, #2]
20001ed4:	2a00      	cmp	r2, #0
20001ed6:	d131      	bne.n	20001f3c <ph_remove_any_head+0x90>
20001ed8:	7819      	ldrb	r1, [r3, #0]
20001eda:	f7ff ff93 	bl	20001e04 <ph_merge_two_pass>
20001ede:	0003      	movs	r3, r0
20001ee0:	2e00      	cmp	r6, #0
20001ee2:	d00a      	beq.n	20001efa <ph_remove_any_head+0x4e>
20001ee4:	7bea      	ldrb	r2, [r5, #15]
20001ee6:	2a00      	cmp	r2, #0
20001ee8:	d12e      	bne.n	20001f48 <ph_remove_any_head+0x9c>
20001eea:	7baa      	ldrb	r2, [r5, #14]
20001eec:	2a00      	cmp	r2, #0
20001eee:	d103      	bne.n	20001ef8 <ph_remove_any_head+0x4c>
20001ef0:	7bea      	ldrb	r2, [r5, #15]
20001ef2:	2a00      	cmp	r2, #0
20001ef4:	d13b      	bne.n	20001f6e <ph_remove_any_head+0xc2>
20001ef6:	73ac      	strb	r4, [r5, #14]
20001ef8:	73ec      	strb	r4, [r5, #15]
20001efa:	2b00      	cmp	r3, #0
20001efc:	d13d      	bne.n	20001f7a <ph_remove_any_head+0xce>
20001efe:	2c00      	cmp	r4, #0
20001f00:	d04f      	beq.n	20001fa2 <ph_remove_any_head+0xf6>
20001f02:	7b2b      	ldrb	r3, [r5, #12]
20001f04:	429c      	cmp	r4, r3
20001f06:	d84c      	bhi.n	20001fa2 <ph_remove_any_head+0xf6>
20001f08:	682b      	ldr	r3, [r5, #0]
20001f0a:	0061      	lsls	r1, r4, #1
20001f0c:	190c      	adds	r4, r1, r4
20001f0e:	3c03      	subs	r4, #3
20001f10:	191c      	adds	r4, r3, r4
20001f12:	2300      	movs	r3, #0
20001f14:	7063      	strb	r3, [r4, #1]
20001f16:	bd70      	pop	{r4, r5, r6, pc}
20001f18:	4b25      	ldr	r3, [pc, #148]	; (20001fb0 <ph_remove_any_head+0x104>)
20001f1a:	4a26      	ldr	r2, [pc, #152]	; (20001fb4 <ph_remove_any_head+0x108>)
20001f1c:	2138      	movs	r1, #56	; 0x38
20001f1e:	4826      	ldr	r0, [pc, #152]	; (20001fb8 <ph_remove_any_head+0x10c>)
20001f20:	f000 fb84 	bl	2000262c <__assert_func>
20001f24:	4b25      	ldr	r3, [pc, #148]	; (20001fbc <ph_remove_any_head+0x110>)
20001f26:	4a26      	ldr	r2, [pc, #152]	; (20001fc0 <ph_remove_any_head+0x114>)
20001f28:	2168      	movs	r1, #104	; 0x68
20001f2a:	4826      	ldr	r0, [pc, #152]	; (20001fc4 <ph_remove_any_head+0x118>)
20001f2c:	f000 fb7e 	bl	2000262c <__assert_func>
20001f30:	4b25      	ldr	r3, [pc, #148]	; (20001fc8 <ph_remove_any_head+0x11c>)
20001f32:	4a20      	ldr	r2, [pc, #128]	; (20001fb4 <ph_remove_any_head+0x108>)
20001f34:	213a      	movs	r1, #58	; 0x3a
20001f36:	4820      	ldr	r0, [pc, #128]	; (20001fb8 <ph_remove_any_head+0x10c>)
20001f38:	f000 fb78 	bl	2000262c <__assert_func>
20001f3c:	4b23      	ldr	r3, [pc, #140]	; (20001fcc <ph_remove_any_head+0x120>)
20001f3e:	4a1d      	ldr	r2, [pc, #116]	; (20001fb4 <ph_remove_any_head+0x108>)
20001f40:	213b      	movs	r1, #59	; 0x3b
20001f42:	481d      	ldr	r0, [pc, #116]	; (20001fb8 <ph_remove_any_head+0x10c>)
20001f44:	f000 fb72 	bl	2000262c <__assert_func>
20001f48:	2a00      	cmp	r2, #0
20001f4a:	d00a      	beq.n	20001f62 <ph_remove_any_head+0xb6>
20001f4c:	7b29      	ldrb	r1, [r5, #12]
20001f4e:	428a      	cmp	r2, r1
20001f50:	d807      	bhi.n	20001f62 <ph_remove_any_head+0xb6>
20001f52:	0051      	lsls	r1, r2, #1
20001f54:	188a      	adds	r2, r1, r2
20001f56:	3a03      	subs	r2, #3
20001f58:	6829      	ldr	r1, [r5, #0]
20001f5a:	468c      	mov	ip, r1
20001f5c:	4462      	add	r2, ip
20001f5e:	7054      	strb	r4, [r2, #1]
20001f60:	e7c3      	b.n	20001eea <ph_remove_any_head+0x3e>
20001f62:	4b16      	ldr	r3, [pc, #88]	; (20001fbc <ph_remove_any_head+0x110>)
20001f64:	4a16      	ldr	r2, [pc, #88]	; (20001fc0 <ph_remove_any_head+0x114>)
20001f66:	2168      	movs	r1, #104	; 0x68
20001f68:	4816      	ldr	r0, [pc, #88]	; (20001fc4 <ph_remove_any_head+0x118>)
20001f6a:	f000 fb5f 	bl	2000262c <__assert_func>
20001f6e:	4b18      	ldr	r3, [pc, #96]	; (20001fd0 <ph_remove_any_head+0x124>)
20001f70:	4a10      	ldr	r2, [pc, #64]	; (20001fb4 <ph_remove_any_head+0x108>)
20001f72:	2142      	movs	r1, #66	; 0x42
20001f74:	4810      	ldr	r0, [pc, #64]	; (20001fb8 <ph_remove_any_head+0x10c>)
20001f76:	f000 fb59 	bl	2000262c <__assert_func>
20001f7a:	2b00      	cmp	r3, #0
20001f7c:	d00b      	beq.n	20001f96 <ph_remove_any_head+0xea>
20001f7e:	7b2a      	ldrb	r2, [r5, #12]
20001f80:	4293      	cmp	r3, r2
20001f82:	d808      	bhi.n	20001f96 <ph_remove_any_head+0xea>
20001f84:	0043      	lsls	r3, r0, #1
20001f86:	181b      	adds	r3, r3, r0
20001f88:	3b03      	subs	r3, #3
20001f8a:	682a      	ldr	r2, [r5, #0]
20001f8c:	4694      	mov	ip, r2
20001f8e:	4463      	add	r3, ip
20001f90:	2200      	movs	r2, #0
20001f92:	709a      	strb	r2, [r3, #2]
20001f94:	e7b3      	b.n	20001efe <ph_remove_any_head+0x52>
20001f96:	4b09      	ldr	r3, [pc, #36]	; (20001fbc <ph_remove_any_head+0x110>)
20001f98:	4a09      	ldr	r2, [pc, #36]	; (20001fc0 <ph_remove_any_head+0x114>)
20001f9a:	2168      	movs	r1, #104	; 0x68
20001f9c:	4809      	ldr	r0, [pc, #36]	; (20001fc4 <ph_remove_any_head+0x118>)
20001f9e:	f000 fb45 	bl	2000262c <__assert_func>
20001fa2:	4b06      	ldr	r3, [pc, #24]	; (20001fbc <ph_remove_any_head+0x110>)
20001fa4:	4a06      	ldr	r2, [pc, #24]	; (20001fc0 <ph_remove_any_head+0x114>)
20001fa6:	2168      	movs	r1, #104	; 0x68
20001fa8:	4806      	ldr	r0, [pc, #24]	; (20001fc4 <ph_remove_any_head+0x118>)
20001faa:	f000 fb3f 	bl	2000262c <__assert_func>
20001fae:	46c0      	nop			; (mov r8, r8)
20001fb0:	20005258 	.word	0x20005258
20001fb4:	20005318 	.word	0x20005318
20001fb8:	20005260 	.word	0x20005260
20001fbc:	20004ed0 	.word	0x20004ed0
20001fc0:	20005340 	.word	0x20005340
20001fc4:	20004eec 	.word	0x20004eec
20001fc8:	20005294 	.word	0x20005294
20001fcc:	200052bc 	.word	0x200052bc
20001fd0:	20005010 	.word	0x20005010

20001fd4 <ph_remove_head>:
20001fd4:	b570      	push	{r4, r5, r6, lr}
20001fd6:	0004      	movs	r4, r0
20001fd8:	000a      	movs	r2, r1
20001fda:	7b45      	ldrb	r5, [r0, #13]
20001fdc:	0029      	movs	r1, r5
20001fde:	f7ff ff65 	bl	20001eac <ph_remove_any_head>
20001fe2:	7360      	strb	r0, [r4, #13]
20001fe4:	0028      	movs	r0, r5
20001fe6:	bd70      	pop	{r4, r5, r6, pc}

20001fe8 <ph_remove_and_free_node>:
20001fe8:	b570      	push	{r4, r5, r6, lr}
20001fea:	0004      	movs	r4, r0
20001fec:	2900      	cmp	r1, #0
20001fee:	d067      	beq.n	200020c0 <ph_remove_and_free_node+0xd8>
20001ff0:	7b43      	ldrb	r3, [r0, #13]
20001ff2:	428b      	cmp	r3, r1
20001ff4:	d00e      	beq.n	20002014 <ph_remove_and_free_node+0x2c>
20001ff6:	2900      	cmp	r1, #0
20001ff8:	d011      	beq.n	2000201e <ph_remove_and_free_node+0x36>
20001ffa:	7b03      	ldrb	r3, [r0, #12]
20001ffc:	4299      	cmp	r1, r3
20001ffe:	d80e      	bhi.n	2000201e <ph_remove_and_free_node+0x36>
20002000:	004b      	lsls	r3, r1, #1
20002002:	185b      	adds	r3, r3, r1
20002004:	3b03      	subs	r3, #3
20002006:	6802      	ldr	r2, [r0, #0]
20002008:	18d0      	adds	r0, r2, r3
2000200a:	7883      	ldrb	r3, [r0, #2]
2000200c:	2b00      	cmp	r3, #0
2000200e:	d10c      	bne.n	2000202a <ph_remove_and_free_node+0x42>
20002010:	2000      	movs	r0, #0
20002012:	e056      	b.n	200020c2 <ph_remove_and_free_node+0xda>
20002014:	2101      	movs	r1, #1
20002016:	f7ff ffdd 	bl	20001fd4 <ph_remove_head>
2000201a:	2001      	movs	r0, #1
2000201c:	e051      	b.n	200020c2 <ph_remove_and_free_node+0xda>
2000201e:	4b29      	ldr	r3, [pc, #164]	; (200020c4 <ph_remove_and_free_node+0xdc>)
20002020:	4a29      	ldr	r2, [pc, #164]	; (200020c8 <ph_remove_and_free_node+0xe0>)
20002022:	2168      	movs	r1, #104	; 0x68
20002024:	4829      	ldr	r0, [pc, #164]	; (200020cc <ph_remove_and_free_node+0xe4>)
20002026:	f000 fb01 	bl	2000262c <__assert_func>
2000202a:	2b00      	cmp	r3, #0
2000202c:	d020      	beq.n	20002070 <ph_remove_and_free_node+0x88>
2000202e:	7b22      	ldrb	r2, [r4, #12]
20002030:	4293      	cmp	r3, r2
20002032:	d81d      	bhi.n	20002070 <ph_remove_and_free_node+0x88>
20002034:	005a      	lsls	r2, r3, #1
20002036:	18d3      	adds	r3, r2, r3
20002038:	3b03      	subs	r3, #3
2000203a:	6822      	ldr	r2, [r4, #0]
2000203c:	18d2      	adds	r2, r2, r3
2000203e:	6825      	ldr	r5, [r4, #0]
20002040:	5ceb      	ldrb	r3, [r5, r3]
20002042:	428b      	cmp	r3, r1
20002044:	d01a      	beq.n	2000207c <ph_remove_and_free_node+0x94>
20002046:	2b00      	cmp	r3, #0
20002048:	d01b      	beq.n	20002082 <ph_remove_and_free_node+0x9a>
2000204a:	7b22      	ldrb	r2, [r4, #12]
2000204c:	4293      	cmp	r3, r2
2000204e:	d818      	bhi.n	20002082 <ph_remove_and_free_node+0x9a>
20002050:	005a      	lsls	r2, r3, #1
20002052:	18d3      	adds	r3, r2, r3
20002054:	3b03      	subs	r3, #3
20002056:	6822      	ldr	r2, [r4, #0]
20002058:	18d2      	adds	r2, r2, r3
2000205a:	7853      	ldrb	r3, [r2, #1]
2000205c:	428b      	cmp	r3, r1
2000205e:	d016      	beq.n	2000208e <ph_remove_and_free_node+0xa6>
20002060:	2b00      	cmp	r3, #0
20002062:	d1f0      	bne.n	20002046 <ph_remove_and_free_node+0x5e>
20002064:	4b1a      	ldr	r3, [pc, #104]	; (200020d0 <ph_remove_and_free_node+0xe8>)
20002066:	4a1b      	ldr	r2, [pc, #108]	; (200020d4 <ph_remove_and_free_node+0xec>)
20002068:	216b      	movs	r1, #107	; 0x6b
2000206a:	481b      	ldr	r0, [pc, #108]	; (200020d8 <ph_remove_and_free_node+0xf0>)
2000206c:	f000 fade 	bl	2000262c <__assert_func>
20002070:	4b14      	ldr	r3, [pc, #80]	; (200020c4 <ph_remove_and_free_node+0xdc>)
20002072:	4a15      	ldr	r2, [pc, #84]	; (200020c8 <ph_remove_and_free_node+0xe0>)
20002074:	2168      	movs	r1, #104	; 0x68
20002076:	4815      	ldr	r0, [pc, #84]	; (200020cc <ph_remove_and_free_node+0xe4>)
20002078:	f000 fad8 	bl	2000262c <__assert_func>
2000207c:	7843      	ldrb	r3, [r0, #1]
2000207e:	7013      	strb	r3, [r2, #0]
20002080:	e007      	b.n	20002092 <ph_remove_and_free_node+0xaa>
20002082:	4b10      	ldr	r3, [pc, #64]	; (200020c4 <ph_remove_and_free_node+0xdc>)
20002084:	4a10      	ldr	r2, [pc, #64]	; (200020c8 <ph_remove_and_free_node+0xe0>)
20002086:	2168      	movs	r1, #104	; 0x68
20002088:	4810      	ldr	r0, [pc, #64]	; (200020cc <ph_remove_and_free_node+0xe4>)
2000208a:	f000 facf 	bl	2000262c <__assert_func>
2000208e:	7843      	ldrb	r3, [r0, #1]
20002090:	7053      	strb	r3, [r2, #1]
20002092:	2300      	movs	r3, #0
20002094:	7083      	strb	r3, [r0, #2]
20002096:	7043      	strb	r3, [r0, #1]
20002098:	2201      	movs	r2, #1
2000209a:	0020      	movs	r0, r4
2000209c:	f7ff ff06 	bl	20001eac <ph_remove_any_head>
200020a0:	0002      	movs	r2, r0
200020a2:	7b61      	ldrb	r1, [r4, #13]
200020a4:	4281      	cmp	r1, r0
200020a6:	d005      	beq.n	200020b4 <ph_remove_and_free_node+0xcc>
200020a8:	0020      	movs	r0, r4
200020aa:	f7ff fe4b 	bl	20001d44 <ph_merge_nodes>
200020ae:	7360      	strb	r0, [r4, #13]
200020b0:	2001      	movs	r0, #1
200020b2:	e006      	b.n	200020c2 <ph_remove_and_free_node+0xda>
200020b4:	4b09      	ldr	r3, [pc, #36]	; (200020dc <ph_remove_and_free_node+0xf4>)
200020b6:	4a07      	ldr	r2, [pc, #28]	; (200020d4 <ph_remove_and_free_node+0xec>)
200020b8:	2171      	movs	r1, #113	; 0x71
200020ba:	4807      	ldr	r0, [pc, #28]	; (200020d8 <ph_remove_and_free_node+0xf0>)
200020bc:	f000 fab6 	bl	2000262c <__assert_func>
200020c0:	2000      	movs	r0, #0
200020c2:	bd70      	pop	{r4, r5, r6, pc}
200020c4:	20004ed0 	.word	0x20004ed0
200020c8:	20005340 	.word	0x20005340
200020cc:	20004eec 	.word	0x20004eec
200020d0:	20004cd0 	.word	0x20004cd0
200020d4:	20005300 	.word	0x20005300
200020d8:	20005260 	.word	0x20005260
200020dc:	200052e0 	.word	0x200052e0

200020e0 <uart_disable_before_lcr_write>:
200020e0:	b570      	push	{r4, r5, r6, lr}
200020e2:	6b04      	ldr	r4, [r0, #48]	; 0x30
200020e4:	07e3      	lsls	r3, r4, #31
200020e6:	d401      	bmi.n	200020ec <uart_disable_before_lcr_write+0xc>
200020e8:	0020      	movs	r0, r4
200020ea:	bd70      	pop	{r4, r5, r6, pc}
200020ec:	0002      	movs	r2, r0
200020ee:	3230      	adds	r2, #48	; 0x30
200020f0:	23c0      	movs	r3, #192	; 0xc0
200020f2:	019b      	lsls	r3, r3, #6
200020f4:	4313      	orrs	r3, r2
200020f6:	4a0a      	ldr	r2, [pc, #40]	; (20002120 <uart_disable_before_lcr_write+0x40>)
200020f8:	601a      	str	r2, [r3, #0]
200020fa:	6a45      	ldr	r5, [r0, #36]	; 0x24
200020fc:	6a82      	ldr	r2, [r0, #40]	; 0x28
200020fe:	01ad      	lsls	r5, r5, #6
20002100:	18ad      	adds	r5, r5, r2
20002102:	02ad      	lsls	r5, r5, #10
20002104:	2006      	movs	r0, #6
20002106:	f000 f9d3 	bl	200024b0 <clock_get_hz>
2000210a:	4906      	ldr	r1, [pc, #24]	; (20002124 <uart_disable_before_lcr_write+0x44>)
2000210c:	f001 fc3c 	bl	20003988 <__wrap___aeabi_uidiv>
20002110:	0001      	movs	r1, r0
20002112:	0028      	movs	r0, r5
20002114:	f001 fc38 	bl	20003988 <__wrap___aeabi_uidiv>
20002118:	2100      	movs	r1, #0
2000211a:	f7ff fcc1 	bl	20001aa0 <busy_wait_us>
2000211e:	e7e3      	b.n	200020e8 <uart_disable_before_lcr_write+0x8>
20002120:	00000301 	.word	0x00000301
20002124:	00000e4e 	.word	0x00000e4e

20002128 <uart_write_lcr_bits_masked>:
20002128:	b570      	push	{r4, r5, r6, lr}
2000212a:	0004      	movs	r4, r0
2000212c:	000e      	movs	r6, r1
2000212e:	0015      	movs	r5, r2
20002130:	f7ff ffd6 	bl	200020e0 <uart_disable_before_lcr_write>
20002134:	0022      	movs	r2, r4
20002136:	322c      	adds	r2, #44	; 0x2c
20002138:	6ae1      	ldr	r1, [r4, #44]	; 0x2c
2000213a:	404e      	eors	r6, r1
2000213c:	4035      	ands	r5, r6
2000213e:	2380      	movs	r3, #128	; 0x80
20002140:	015b      	lsls	r3, r3, #5
20002142:	4313      	orrs	r3, r2
20002144:	601d      	str	r5, [r3, #0]
20002146:	6320      	str	r0, [r4, #48]	; 0x30
20002148:	bd70      	pop	{r4, r5, r6, pc}
	...

2000214c <uart_set_baudrate>:
2000214c:	b570      	push	{r4, r5, r6, lr}
2000214e:	0005      	movs	r5, r0
20002150:	000c      	movs	r4, r1
20002152:	2006      	movs	r0, #6
20002154:	f000 f9ac 	bl	200024b0 <clock_get_hz>
20002158:	00c0      	lsls	r0, r0, #3
2000215a:	0021      	movs	r1, r4
2000215c:	f001 fc14 	bl	20003988 <__wrap___aeabi_uidiv>
20002160:	09c6      	lsrs	r6, r0, #7
20002162:	d008      	beq.n	20002176 <uart_set_baudrate+0x2a>
20002164:	4b0e      	ldr	r3, [pc, #56]	; (200021a0 <uart_set_baudrate+0x54>)
20002166:	429e      	cmp	r6, r3
20002168:	d816      	bhi.n	20002198 <uart_set_baudrate+0x4c>
2000216a:	237f      	movs	r3, #127	; 0x7f
2000216c:	4018      	ands	r0, r3
2000216e:	3001      	adds	r0, #1
20002170:	0034      	movs	r4, r6
20002172:	0846      	lsrs	r6, r0, #1
20002174:	e000      	b.n	20002178 <uart_set_baudrate+0x2c>
20002176:	2401      	movs	r4, #1
20002178:	626c      	str	r4, [r5, #36]	; 0x24
2000217a:	62ae      	str	r6, [r5, #40]	; 0x28
2000217c:	2200      	movs	r2, #0
2000217e:	2100      	movs	r1, #0
20002180:	0028      	movs	r0, r5
20002182:	f7ff ffd1 	bl	20002128 <uart_write_lcr_bits_masked>
20002186:	2006      	movs	r0, #6
20002188:	f000 f992 	bl	200024b0 <clock_get_hz>
2000218c:	0080      	lsls	r0, r0, #2
2000218e:	01a1      	lsls	r1, r4, #6
20002190:	1989      	adds	r1, r1, r6
20002192:	f001 fbf9 	bl	20003988 <__wrap___aeabi_uidiv>
20002196:	bd70      	pop	{r4, r5, r6, pc}
20002198:	2600      	movs	r6, #0
2000219a:	4c02      	ldr	r4, [pc, #8]	; (200021a4 <uart_set_baudrate+0x58>)
2000219c:	e7ec      	b.n	20002178 <uart_set_baudrate+0x2c>
2000219e:	46c0      	nop			; (mov r8, r8)
200021a0:	0000fffe 	.word	0x0000fffe
200021a4:	0000ffff 	.word	0x0000ffff

200021a8 <uart_set_format>:
200021a8:	b510      	push	{r4, lr}
200021aa:	3905      	subs	r1, #5
200021ac:	0149      	lsls	r1, r1, #5
200021ae:	3a01      	subs	r2, #1
200021b0:	00d2      	lsls	r2, r2, #3
200021b2:	4311      	orrs	r1, r2
200021b4:	2b00      	cmp	r3, #0
200021b6:	d009      	beq.n	200021cc <uart_set_format+0x24>
200021b8:	2202      	movs	r2, #2
200021ba:	430a      	orrs	r2, r1
200021bc:	2b01      	cmp	r3, #1
200021be:	d007      	beq.n	200021d0 <uart_set_format+0x28>
200021c0:	2100      	movs	r1, #0
200021c2:	4311      	orrs	r1, r2
200021c4:	226e      	movs	r2, #110	; 0x6e
200021c6:	f7ff ffaf 	bl	20002128 <uart_write_lcr_bits_masked>
200021ca:	bd10      	pop	{r4, pc}
200021cc:	2200      	movs	r2, #0
200021ce:	e7f4      	b.n	200021ba <uart_set_format+0x12>
200021d0:	2104      	movs	r1, #4
200021d2:	e7f6      	b.n	200021c2 <uart_set_format+0x1a>

200021d4 <uart_set_translate_crlf>:
200021d4:	2900      	cmp	r1, #0
200021d6:	d009      	beq.n	200021ec <uart_set_translate_crlf+0x18>
200021d8:	220a      	movs	r2, #10
200021da:	4b06      	ldr	r3, [pc, #24]	; (200021f4 <uart_set_translate_crlf+0x20>)
200021dc:	469c      	mov	ip, r3
200021de:	4460      	add	r0, ip
200021e0:	4243      	negs	r3, r0
200021e2:	4158      	adcs	r0, r3
200021e4:	0040      	lsls	r0, r0, #1
200021e6:	4b04      	ldr	r3, [pc, #16]	; (200021f8 <uart_set_translate_crlf+0x24>)
200021e8:	52c2      	strh	r2, [r0, r3]
200021ea:	4770      	bx	lr
200021ec:	2280      	movs	r2, #128	; 0x80
200021ee:	0052      	lsls	r2, r2, #1
200021f0:	e7f3      	b.n	200021da <uart_set_translate_crlf+0x6>
200021f2:	46c0      	nop			; (mov r8, r8)
200021f4:	bffc8000 	.word	0xbffc8000
200021f8:	20006154 	.word	0x20006154

200021fc <uart_init>:
200021fc:	b570      	push	{r4, r5, r6, lr}
200021fe:	0005      	movs	r5, r0
20002200:	000c      	movs	r4, r1
20002202:	2006      	movs	r0, #6
20002204:	f000 f954 	bl	200024b0 <clock_get_hz>
20002208:	1e06      	subs	r6, r0, #0
2000220a:	d027      	beq.n	2000225c <uart_init+0x60>
2000220c:	4b16      	ldr	r3, [pc, #88]	; (20002268 <uart_init+0x6c>)
2000220e:	429d      	cmp	r5, r3
20002210:	d026      	beq.n	20002260 <uart_init+0x64>
20002212:	2280      	movs	r2, #128	; 0x80
20002214:	03d2      	lsls	r2, r2, #15
20002216:	4b15      	ldr	r3, [pc, #84]	; (2000226c <uart_init+0x70>)
20002218:	601a      	str	r2, [r3, #0]
2000221a:	4b15      	ldr	r3, [pc, #84]	; (20002270 <uart_init+0x74>)
2000221c:	601a      	str	r2, [r3, #0]
2000221e:	4b15      	ldr	r3, [pc, #84]	; (20002274 <uart_init+0x78>)
20002220:	689b      	ldr	r3, [r3, #8]
20002222:	0011      	movs	r1, r2
20002224:	4399      	bics	r1, r3
20002226:	d1fa      	bne.n	2000221e <uart_init+0x22>
20002228:	2100      	movs	r1, #0
2000222a:	0028      	movs	r0, r5
2000222c:	f7ff ffd2 	bl	200021d4 <uart_set_translate_crlf>
20002230:	0021      	movs	r1, r4
20002232:	0028      	movs	r0, r5
20002234:	f7ff ff8a 	bl	2000214c <uart_set_baudrate>
20002238:	0006      	movs	r6, r0
2000223a:	2300      	movs	r3, #0
2000223c:	2201      	movs	r2, #1
2000223e:	2108      	movs	r1, #8
20002240:	0028      	movs	r0, r5
20002242:	f7ff ffb1 	bl	200021a8 <uart_set_format>
20002246:	002a      	movs	r2, r5
20002248:	322c      	adds	r2, #44	; 0x2c
2000224a:	2380      	movs	r3, #128	; 0x80
2000224c:	019b      	lsls	r3, r3, #6
2000224e:	4313      	orrs	r3, r2
20002250:	2210      	movs	r2, #16
20002252:	601a      	str	r2, [r3, #0]
20002254:	4b08      	ldr	r3, [pc, #32]	; (20002278 <uart_init+0x7c>)
20002256:	632b      	str	r3, [r5, #48]	; 0x30
20002258:	2303      	movs	r3, #3
2000225a:	64ab      	str	r3, [r5, #72]	; 0x48
2000225c:	0030      	movs	r0, r6
2000225e:	bd70      	pop	{r4, r5, r6, pc}
20002260:	2280      	movs	r2, #128	; 0x80
20002262:	0412      	lsls	r2, r2, #16
20002264:	e7d7      	b.n	20002216 <uart_init+0x1a>
20002266:	46c0      	nop			; (mov r8, r8)
20002268:	40038000 	.word	0x40038000
2000226c:	4000e000 	.word	0x4000e000
20002270:	4000f000 	.word	0x4000f000
20002274:	4000c000 	.word	0x4000c000
20002278:	00000301 	.word	0x00000301

2000227c <clock_stop>:
2000227c:	0043      	lsls	r3, r0, #1
2000227e:	181b      	adds	r3, r3, r0
20002280:	009b      	lsls	r3, r3, #2
20002282:	4a07      	ldr	r2, [pc, #28]	; (200022a0 <clock_stop+0x24>)
20002284:	4694      	mov	ip, r2
20002286:	4463      	add	r3, ip
20002288:	22c0      	movs	r2, #192	; 0xc0
2000228a:	0192      	lsls	r2, r2, #6
2000228c:	4313      	orrs	r3, r2
2000228e:	2280      	movs	r2, #128	; 0x80
20002290:	0112      	lsls	r2, r2, #4
20002292:	601a      	str	r2, [r3, #0]
20002294:	0080      	lsls	r0, r0, #2
20002296:	4b03      	ldr	r3, [pc, #12]	; (200022a4 <clock_stop+0x28>)
20002298:	2200      	movs	r2, #0
2000229a:	50c2      	str	r2, [r0, r3]
2000229c:	4770      	bx	lr
2000229e:	46c0      	nop			; (mov r8, r8)
200022a0:	40008000 	.word	0x40008000
200022a4:	20005eb4 	.word	0x20005eb4

200022a8 <clock_configure>:
200022a8:	b5f8      	push	{r3, r4, r5, r6, r7, lr}
200022aa:	46de      	mov	lr, fp
200022ac:	4657      	mov	r7, sl
200022ae:	464e      	mov	r6, r9
200022b0:	4645      	mov	r5, r8
200022b2:	b5e0      	push	{r5, r6, r7, lr}
200022b4:	0005      	movs	r5, r0
200022b6:	000f      	movs	r7, r1
200022b8:	4692      	mov	sl, r2
200022ba:	9a0a      	ldr	r2, [sp, #40]	; 0x28
200022bc:	4293      	cmp	r3, r2
200022be:	d350      	bcc.n	20002362 <clock_configure+0xba>
200022c0:	0e1a      	lsrs	r2, r3, #24
200022c2:	4691      	mov	r9, r2
200022c4:	021e      	lsls	r6, r3, #8
200022c6:	9a0a      	ldr	r2, [sp, #40]	; 0x28
200022c8:	2300      	movs	r3, #0
200022ca:	0030      	movs	r0, r6
200022cc:	4649      	mov	r1, r9
200022ce:	f001 fb99 	bl	20003a04 <__wrap___aeabi_uldivmod>
200022d2:	4680      	mov	r8, r0
200022d4:	006c      	lsls	r4, r5, #1
200022d6:	1964      	adds	r4, r4, r5
200022d8:	00a4      	lsls	r4, r4, #2
200022da:	4b30      	ldr	r3, [pc, #192]	; (2000239c <clock_configure+0xf4>)
200022dc:	469c      	mov	ip, r3
200022de:	4464      	add	r4, ip
200022e0:	6863      	ldr	r3, [r4, #4]
200022e2:	4283      	cmp	r3, r0
200022e4:	d200      	bcs.n	200022e8 <clock_configure+0x40>
200022e6:	6060      	str	r0, [r4, #4]
200022e8:	1f2b      	subs	r3, r5, #4
200022ea:	b2db      	uxtb	r3, r3
200022ec:	469b      	mov	fp, r3
200022ee:	2b01      	cmp	r3, #1
200022f0:	d93d      	bls.n	2000236e <clock_configure+0xc6>
200022f2:	23c0      	movs	r3, #192	; 0xc0
200022f4:	019b      	lsls	r3, r3, #6
200022f6:	4323      	orrs	r3, r4
200022f8:	2280      	movs	r2, #128	; 0x80
200022fa:	0112      	lsls	r2, r2, #4
200022fc:	601a      	str	r2, [r3, #0]
200022fe:	00ab      	lsls	r3, r5, #2
20002300:	4a27      	ldr	r2, [pc, #156]	; (200023a0 <clock_configure+0xf8>)
20002302:	5899      	ldr	r1, [r3, r2]
20002304:	2900      	cmp	r1, #0
20002306:	d007      	beq.n	20002318 <clock_configure+0x70>
20002308:	6950      	ldr	r0, [r2, #20]
2000230a:	f001 fb3d 	bl	20003988 <__wrap___aeabi_uidiv>
2000230e:	1c43      	adds	r3, r0, #1
20002310:	0058      	lsls	r0, r3, #1
20002312:	18c0      	adds	r0, r0, r3
20002314:	3803      	subs	r0, #3
20002316:	d2fd      	bcs.n	20002314 <clock_configure+0x6c>
20002318:	4653      	mov	r3, sl
2000231a:	015a      	lsls	r2, r3, #5
2000231c:	6823      	ldr	r3, [r4, #0]
2000231e:	405a      	eors	r2, r3
20002320:	23e0      	movs	r3, #224	; 0xe0
20002322:	401a      	ands	r2, r3
20002324:	2380      	movs	r3, #128	; 0x80
20002326:	015b      	lsls	r3, r3, #5
20002328:	4323      	orrs	r3, r4
2000232a:	601a      	str	r2, [r3, #0]
2000232c:	465a      	mov	r2, fp
2000232e:	2a01      	cmp	r2, #1
20002330:	d928      	bls.n	20002384 <clock_configure+0xdc>
20002332:	2380      	movs	r3, #128	; 0x80
20002334:	019b      	lsls	r3, r3, #6
20002336:	4323      	orrs	r3, r4
20002338:	2280      	movs	r2, #128	; 0x80
2000233a:	0112      	lsls	r2, r2, #4
2000233c:	601a      	str	r2, [r3, #0]
2000233e:	4643      	mov	r3, r8
20002340:	6063      	str	r3, [r4, #4]
20002342:	4642      	mov	r2, r8
20002344:	2300      	movs	r3, #0
20002346:	0030      	movs	r0, r6
20002348:	4649      	mov	r1, r9
2000234a:	f001 fb5b 	bl	20003a04 <__wrap___aeabi_uldivmod>
2000234e:	00ad      	lsls	r5, r5, #2
20002350:	4b13      	ldr	r3, [pc, #76]	; (200023a0 <clock_configure+0xf8>)
20002352:	5158      	str	r0, [r3, r5]
20002354:	2001      	movs	r0, #1
20002356:	bcf0      	pop	{r4, r5, r6, r7}
20002358:	46bb      	mov	fp, r7
2000235a:	46b2      	mov	sl, r6
2000235c:	46a9      	mov	r9, r5
2000235e:	46a0      	mov	r8, r4
20002360:	bdf8      	pop	{r3, r4, r5, r6, r7, pc}
20002362:	4b10      	ldr	r3, [pc, #64]	; (200023a4 <clock_configure+0xfc>)
20002364:	4a10      	ldr	r2, [pc, #64]	; (200023a8 <clock_configure+0x100>)
20002366:	2133      	movs	r1, #51	; 0x33
20002368:	4810      	ldr	r0, [pc, #64]	; (200023ac <clock_configure+0x104>)
2000236a:	f000 f95f 	bl	2000262c <__assert_func>
2000236e:	2f01      	cmp	r7, #1
20002370:	d1bf      	bne.n	200022f2 <clock_configure+0x4a>
20002372:	23c0      	movs	r3, #192	; 0xc0
20002374:	019b      	lsls	r3, r3, #6
20002376:	4323      	orrs	r3, r4
20002378:	2203      	movs	r2, #3
2000237a:	601a      	str	r2, [r3, #0]
2000237c:	68a3      	ldr	r3, [r4, #8]
2000237e:	07db      	lsls	r3, r3, #31
20002380:	d5fc      	bpl.n	2000237c <clock_configure+0xd4>
20002382:	e7c9      	b.n	20002318 <clock_configure+0x70>
20002384:	6821      	ldr	r1, [r4, #0]
20002386:	4079      	eors	r1, r7
20002388:	2203      	movs	r2, #3
2000238a:	400a      	ands	r2, r1
2000238c:	601a      	str	r2, [r3, #0]
2000238e:	68a2      	ldr	r2, [r4, #8]
20002390:	2301      	movs	r3, #1
20002392:	40bb      	lsls	r3, r7
20002394:	4213      	tst	r3, r2
20002396:	d0fa      	beq.n	2000238e <clock_configure+0xe6>
20002398:	e7cb      	b.n	20002332 <clock_configure+0x8a>
2000239a:	46c0      	nop			; (mov r8, r8)
2000239c:	40008000 	.word	0x40008000
200023a0:	20005eb4 	.word	0x20005eb4
200023a4:	2000534c 	.word	0x2000534c
200023a8:	200053a0 	.word	0x200053a0
200023ac:	20005360 	.word	0x20005360

200023b0 <clocks_init>:
200023b0:	b530      	push	{r4, r5, lr}
200023b2:	b083      	sub	sp, #12
200023b4:	200c      	movs	r0, #12
200023b6:	f000 f915 	bl	200025e4 <watchdog_start_tick>
200023ba:	f7fe fad1 	bl	20000960 <running_on_fpga>
200023be:	2800      	cmp	r0, #0
200023c0:	d00d      	beq.n	200023de <clocks_init+0x2e>
200023c2:	2300      	movs	r3, #0
200023c4:	e004      	b.n	200023d0 <clocks_init+0x20>
200023c6:	0099      	lsls	r1, r3, #2
200023c8:	4a2d      	ldr	r2, [pc, #180]	; (20002480 <clocks_init+0xd0>)
200023ca:	482e      	ldr	r0, [pc, #184]	; (20002484 <clocks_init+0xd4>)
200023cc:	5088      	str	r0, [r1, r2]
200023ce:	3301      	adds	r3, #1
200023d0:	2b09      	cmp	r3, #9
200023d2:	d9f8      	bls.n	200023c6 <clocks_init+0x16>
200023d4:	4b2a      	ldr	r3, [pc, #168]	; (20002480 <clocks_init+0xd0>)
200023d6:	4a2c      	ldr	r2, [pc, #176]	; (20002488 <clocks_init+0xd8>)
200023d8:	625a      	str	r2, [r3, #36]	; 0x24
200023da:	b003      	add	sp, #12
200023dc:	bd30      	pop	{r4, r5, pc}
200023de:	4b2b      	ldr	r3, [pc, #172]	; (2000248c <clocks_init+0xdc>)
200023e0:	2200      	movs	r2, #0
200023e2:	679a      	str	r2, [r3, #120]	; 0x78
200023e4:	f000 f906 	bl	200025f4 <xosc_init>
200023e8:	4b29      	ldr	r3, [pc, #164]	; (20002490 <clocks_init+0xe0>)
200023ea:	2201      	movs	r2, #1
200023ec:	601a      	str	r2, [r3, #0]
200023ee:	4b27      	ldr	r3, [pc, #156]	; (2000248c <clocks_init+0xdc>)
200023f0:	6c5b      	ldr	r3, [r3, #68]	; 0x44
200023f2:	2b01      	cmp	r3, #1
200023f4:	d1fb      	bne.n	200023ee <clocks_init+0x3e>
200023f6:	4b27      	ldr	r3, [pc, #156]	; (20002494 <clocks_init+0xe4>)
200023f8:	2203      	movs	r2, #3
200023fa:	601a      	str	r2, [r3, #0]
200023fc:	4b23      	ldr	r3, [pc, #140]	; (2000248c <clocks_init+0xdc>)
200023fe:	6b9b      	ldr	r3, [r3, #56]	; 0x38
20002400:	2b01      	cmp	r3, #1
20002402:	d1fb      	bne.n	200023fc <clocks_init+0x4c>
20002404:	3301      	adds	r3, #1
20002406:	9300      	str	r3, [sp, #0]
20002408:	3304      	adds	r3, #4
2000240a:	4a23      	ldr	r2, [pc, #140]	; (20002498 <clocks_init+0xe8>)
2000240c:	2101      	movs	r1, #1
2000240e:	4823      	ldr	r0, [pc, #140]	; (2000249c <clocks_init+0xec>)
20002410:	f000 f854 	bl	200024bc <pll_init>
20002414:	2305      	movs	r3, #5
20002416:	9300      	str	r3, [sp, #0]
20002418:	4a21      	ldr	r2, [pc, #132]	; (200024a0 <clocks_init+0xf0>)
2000241a:	2101      	movs	r1, #1
2000241c:	4821      	ldr	r0, [pc, #132]	; (200024a4 <clocks_init+0xf4>)
2000241e:	f000 f84d 	bl	200024bc <pll_init>
20002422:	4b21      	ldr	r3, [pc, #132]	; (200024a8 <clocks_init+0xf8>)
20002424:	9300      	str	r3, [sp, #0]
20002426:	2200      	movs	r2, #0
20002428:	2102      	movs	r1, #2
2000242a:	2004      	movs	r0, #4
2000242c:	f7ff ff3c 	bl	200022a8 <clock_configure>
20002430:	4d1e      	ldr	r5, [pc, #120]	; (200024ac <clocks_init+0xfc>)
20002432:	9500      	str	r5, [sp, #0]
20002434:	002b      	movs	r3, r5
20002436:	2200      	movs	r2, #0
20002438:	2101      	movs	r1, #1
2000243a:	2005      	movs	r0, #5
2000243c:	f7ff ff34 	bl	200022a8 <clock_configure>
20002440:	4c10      	ldr	r4, [pc, #64]	; (20002484 <clocks_init+0xd4>)
20002442:	9400      	str	r4, [sp, #0]
20002444:	0023      	movs	r3, r4
20002446:	2200      	movs	r2, #0
20002448:	2100      	movs	r1, #0
2000244a:	2007      	movs	r0, #7
2000244c:	f7ff ff2c 	bl	200022a8 <clock_configure>
20002450:	9400      	str	r4, [sp, #0]
20002452:	0023      	movs	r3, r4
20002454:	2200      	movs	r2, #0
20002456:	2100      	movs	r1, #0
20002458:	2008      	movs	r0, #8
2000245a:	f7ff ff25 	bl	200022a8 <clock_configure>
2000245e:	4b0a      	ldr	r3, [pc, #40]	; (20002488 <clocks_init+0xd8>)
20002460:	9300      	str	r3, [sp, #0]
20002462:	0023      	movs	r3, r4
20002464:	2200      	movs	r2, #0
20002466:	2100      	movs	r1, #0
20002468:	2009      	movs	r0, #9
2000246a:	f7ff ff1d 	bl	200022a8 <clock_configure>
2000246e:	9500      	str	r5, [sp, #0]
20002470:	002b      	movs	r3, r5
20002472:	2200      	movs	r2, #0
20002474:	2100      	movs	r1, #0
20002476:	2006      	movs	r0, #6
20002478:	f7ff ff16 	bl	200022a8 <clock_configure>
2000247c:	e7ad      	b.n	200023da <clocks_init+0x2a>
2000247e:	46c0      	nop			; (mov r8, r8)
20002480:	20005eb4 	.word	0x20005eb4
20002484:	02dc6c00 	.word	0x02dc6c00
20002488:	0000b71b 	.word	0x0000b71b
2000248c:	40008000 	.word	0x40008000
20002490:	4000b03c 	.word	0x4000b03c
20002494:	4000b030 	.word	0x4000b030
20002498:	59682f00 	.word	0x59682f00
2000249c:	40028000 	.word	0x40028000
200024a0:	47868c00 	.word	0x47868c00
200024a4:	4002c000 	.word	0x4002c000
200024a8:	00b71b00 	.word	0x00b71b00
200024ac:	07735940 	.word	0x07735940

200024b0 <clock_get_hz>:
200024b0:	0080      	lsls	r0, r0, #2
200024b2:	4b01      	ldr	r3, [pc, #4]	; (200024b8 <clock_get_hz+0x8>)
200024b4:	58c0      	ldr	r0, [r0, r3]
200024b6:	4770      	bx	lr
200024b8:	20005eb4 	.word	0x20005eb4

200024bc <pll_init>:
200024bc:	b5f0      	push	{r4, r5, r6, r7, lr}
200024be:	46c6      	mov	lr, r8
200024c0:	b500      	push	{lr}
200024c2:	0004      	movs	r4, r0
200024c4:	000e      	movs	r6, r1
200024c6:	0017      	movs	r7, r2
200024c8:	001d      	movs	r5, r3
200024ca:	4837      	ldr	r0, [pc, #220]	; (200025a8 <pll_init+0xec>)
200024cc:	f001 fa5c 	bl	20003988 <__wrap___aeabi_uidiv>
200024d0:	4680      	mov	r8, r0
200024d2:	4b36      	ldr	r3, [pc, #216]	; (200025ac <pll_init+0xf0>)
200024d4:	18fa      	adds	r2, r7, r3
200024d6:	4b36      	ldr	r3, [pc, #216]	; (200025b0 <pll_init+0xf4>)
200024d8:	429a      	cmp	r2, r3
200024da:	d839      	bhi.n	20002550 <pll_init+0x94>
200024dc:	0001      	movs	r1, r0
200024de:	0038      	movs	r0, r7
200024e0:	f001 fa52 	bl	20003988 <__wrap___aeabi_uidiv>
200024e4:	0002      	movs	r2, r0
200024e6:	3a10      	subs	r2, #16
200024e8:	2398      	movs	r3, #152	; 0x98
200024ea:	005b      	lsls	r3, r3, #1
200024ec:	429a      	cmp	r2, r3
200024ee:	d835      	bhi.n	2000255c <pll_init+0xa0>
200024f0:	1e6b      	subs	r3, r5, #1
200024f2:	2b06      	cmp	r3, #6
200024f4:	d838      	bhi.n	20002568 <pll_init+0xac>
200024f6:	9b06      	ldr	r3, [sp, #24]
200024f8:	3b01      	subs	r3, #1
200024fa:	2b06      	cmp	r3, #6
200024fc:	d834      	bhi.n	20002568 <pll_init+0xac>
200024fe:	093f      	lsrs	r7, r7, #4
20002500:	4547      	cmp	r7, r8
20002502:	d337      	bcc.n	20002574 <pll_init+0xb8>
20002504:	042d      	lsls	r5, r5, #16
20002506:	9b06      	ldr	r3, [sp, #24]
20002508:	031a      	lsls	r2, r3, #12
2000250a:	4315      	orrs	r5, r2
2000250c:	6823      	ldr	r3, [r4, #0]
2000250e:	2b00      	cmp	r3, #0
20002510:	db36      	blt.n	20002580 <pll_init+0xc4>
20002512:	4b28      	ldr	r3, [pc, #160]	; (200025b4 <pll_init+0xf8>)
20002514:	429c      	cmp	r4, r3
20002516:	d044      	beq.n	200025a2 <pll_init+0xe6>
20002518:	2280      	movs	r2, #128	; 0x80
2000251a:	0152      	lsls	r2, r2, #5
2000251c:	4b26      	ldr	r3, [pc, #152]	; (200025b8 <pll_init+0xfc>)
2000251e:	601a      	str	r2, [r3, #0]
20002520:	4b26      	ldr	r3, [pc, #152]	; (200025bc <pll_init+0x100>)
20002522:	601a      	str	r2, [r3, #0]
20002524:	4b26      	ldr	r3, [pc, #152]	; (200025c0 <pll_init+0x104>)
20002526:	689b      	ldr	r3, [r3, #8]
20002528:	0011      	movs	r1, r2
2000252a:	4399      	bics	r1, r3
2000252c:	d1fa      	bne.n	20002524 <pll_init+0x68>
2000252e:	6026      	str	r6, [r4, #0]
20002530:	60a0      	str	r0, [r4, #8]
20002532:	1d23      	adds	r3, r4, #4
20002534:	22c0      	movs	r2, #192	; 0xc0
20002536:	0192      	lsls	r2, r2, #6
20002538:	431a      	orrs	r2, r3
2000253a:	2321      	movs	r3, #33	; 0x21
2000253c:	6013      	str	r3, [r2, #0]
2000253e:	6823      	ldr	r3, [r4, #0]
20002540:	2b00      	cmp	r3, #0
20002542:	dafc      	bge.n	2000253e <pll_init+0x82>
20002544:	60e5      	str	r5, [r4, #12]
20002546:	2308      	movs	r3, #8
20002548:	6013      	str	r3, [r2, #0]
2000254a:	bc80      	pop	{r7}
2000254c:	46b8      	mov	r8, r7
2000254e:	bdf0      	pop	{r4, r5, r6, r7, pc}
20002550:	4b1c      	ldr	r3, [pc, #112]	; (200025c4 <pll_init+0x108>)
20002552:	4a1d      	ldr	r2, [pc, #116]	; (200025c8 <pll_init+0x10c>)
20002554:	2111      	movs	r1, #17
20002556:	481d      	ldr	r0, [pc, #116]	; (200025cc <pll_init+0x110>)
20002558:	f000 f868 	bl	2000262c <__assert_func>
2000255c:	4b1c      	ldr	r3, [pc, #112]	; (200025d0 <pll_init+0x114>)
2000255e:	4a1a      	ldr	r2, [pc, #104]	; (200025c8 <pll_init+0x10c>)
20002560:	2119      	movs	r1, #25
20002562:	481a      	ldr	r0, [pc, #104]	; (200025cc <pll_init+0x110>)
20002564:	f000 f862 	bl	2000262c <__assert_func>
20002568:	4b1a      	ldr	r3, [pc, #104]	; (200025d4 <pll_init+0x118>)
2000256a:	4a17      	ldr	r2, [pc, #92]	; (200025c8 <pll_init+0x10c>)
2000256c:	211c      	movs	r1, #28
2000256e:	4817      	ldr	r0, [pc, #92]	; (200025cc <pll_init+0x110>)
20002570:	f000 f85c 	bl	2000262c <__assert_func>
20002574:	4b18      	ldr	r3, [pc, #96]	; (200025d8 <pll_init+0x11c>)
20002576:	4a14      	ldr	r2, [pc, #80]	; (200025c8 <pll_init+0x10c>)
20002578:	2123      	movs	r1, #35	; 0x23
2000257a:	4814      	ldr	r0, [pc, #80]	; (200025cc <pll_init+0x110>)
2000257c:	f000 f856 	bl	2000262c <__assert_func>
20002580:	6822      	ldr	r2, [r4, #0]
20002582:	233f      	movs	r3, #63	; 0x3f
20002584:	4013      	ands	r3, r2
20002586:	42b3      	cmp	r3, r6
20002588:	d1c3      	bne.n	20002512 <pll_init+0x56>
2000258a:	68a3      	ldr	r3, [r4, #8]
2000258c:	051b      	lsls	r3, r3, #20
2000258e:	0d1b      	lsrs	r3, r3, #20
20002590:	4283      	cmp	r3, r0
20002592:	d1be      	bne.n	20002512 <pll_init+0x56>
20002594:	68e3      	ldr	r3, [r4, #12]
20002596:	22ee      	movs	r2, #238	; 0xee
20002598:	02d2      	lsls	r2, r2, #11
2000259a:	4013      	ands	r3, r2
2000259c:	42ab      	cmp	r3, r5
2000259e:	d1b8      	bne.n	20002512 <pll_init+0x56>
200025a0:	e7d3      	b.n	2000254a <pll_init+0x8e>
200025a2:	2280      	movs	r2, #128	; 0x80
200025a4:	0192      	lsls	r2, r2, #6
200025a6:	e7b9      	b.n	2000251c <pll_init+0x60>
200025a8:	00b71b00 	.word	0x00b71b00
200025ac:	d34be880 	.word	0xd34be880
200025b0:	32a9f880 	.word	0x32a9f880
200025b4:	4002c000 	.word	0x4002c000
200025b8:	4000e000 	.word	0x4000e000
200025bc:	4000f000 	.word	0x4000f000
200025c0:	4000c000 	.word	0x4000c000
200025c4:	200053b0 	.word	0x200053b0
200025c8:	200054d0 	.word	0x200054d0
200025cc:	20005410 	.word	0x20005410
200025d0:	2000544c 	.word	0x2000544c
200025d4:	20005468 	.word	0x20005468
200025d8:	200054b4 	.word	0x200054b4

200025dc <pll_deinit>:
200025dc:	232d      	movs	r3, #45	; 0x2d
200025de:	6043      	str	r3, [r0, #4]
200025e0:	4770      	bx	lr
	...

200025e4 <watchdog_start_tick>:
200025e4:	2380      	movs	r3, #128	; 0x80
200025e6:	009b      	lsls	r3, r3, #2
200025e8:	4303      	orrs	r3, r0
200025ea:	4a01      	ldr	r2, [pc, #4]	; (200025f0 <watchdog_start_tick+0xc>)
200025ec:	62d3      	str	r3, [r2, #44]	; 0x2c
200025ee:	4770      	bx	lr
200025f0:	40058000 	.word	0x40058000

200025f4 <xosc_init>:
200025f4:	4b07      	ldr	r3, [pc, #28]	; (20002614 <xosc_init+0x20>)
200025f6:	22aa      	movs	r2, #170	; 0xaa
200025f8:	0112      	lsls	r2, r2, #4
200025fa:	601a      	str	r2, [r3, #0]
200025fc:	3221      	adds	r2, #33	; 0x21
200025fe:	32ff      	adds	r2, #255	; 0xff
20002600:	60da      	str	r2, [r3, #12]
20002602:	4b05      	ldr	r3, [pc, #20]	; (20002618 <xosc_init+0x24>)
20002604:	4a05      	ldr	r2, [pc, #20]	; (2000261c <xosc_init+0x28>)
20002606:	601a      	str	r2, [r3, #0]
20002608:	4b02      	ldr	r3, [pc, #8]	; (20002614 <xosc_init+0x20>)
2000260a:	685b      	ldr	r3, [r3, #4]
2000260c:	2b00      	cmp	r3, #0
2000260e:	dafb      	bge.n	20002608 <xosc_init+0x14>
20002610:	4770      	bx	lr
20002612:	46c0      	nop			; (mov r8, r8)
20002614:	40024000 	.word	0x40024000
20002618:	40026000 	.word	0x40026000
2000261c:	00fab000 	.word	0x00fab000

20002620 <_exit>:
20002620:	be00      	bkpt	0x0000
20002622:	e7fd      	b.n	20002620 <_exit>

20002624 <exit>:
20002624:	b510      	push	{r4, lr}
20002626:	f7ff fffb 	bl	20002620 <_exit>
	...

2000262c <__assert_func>:
2000262c:	b510      	push	{r4, lr}
2000262e:	b082      	sub	sp, #8
20002630:	000c      	movs	r4, r1
20002632:	0019      	movs	r1, r3
20002634:	2a00      	cmp	r2, #0
20002636:	d00c      	beq.n	20002652 <__assert_func+0x26>
20002638:	4b08      	ldr	r3, [pc, #32]	; (2000265c <__assert_func+0x30>)
2000263a:	2a00      	cmp	r2, #0
2000263c:	d00b      	beq.n	20002656 <__assert_func+0x2a>
2000263e:	9201      	str	r2, [sp, #4]
20002640:	9300      	str	r3, [sp, #0]
20002642:	0023      	movs	r3, r4
20002644:	0002      	movs	r2, r0
20002646:	4806      	ldr	r0, [pc, #24]	; (20002660 <__assert_func+0x34>)
20002648:	f001 fece 	bl	200043e8 <__wrap_printf>
2000264c:	2001      	movs	r0, #1
2000264e:	f7ff ffe7 	bl	20002620 <_exit>
20002652:	4b04      	ldr	r3, [pc, #16]	; (20002664 <__assert_func+0x38>)
20002654:	e7f1      	b.n	2000263a <__assert_func+0xe>
20002656:	4a03      	ldr	r2, [pc, #12]	; (20002664 <__assert_func+0x38>)
20002658:	e7f1      	b.n	2000263e <__assert_func+0x12>
2000265a:	46c0      	nop			; (mov r8, r8)
2000265c:	200054dc 	.word	0x200054dc
20002660:	200054ec 	.word	0x200054ec
20002664:	200054e8 	.word	0x200054e8

20002668 <runtime_init>:
20002668:	b570      	push	{r4, r5, r6, lr}
2000266a:	4b2b      	ldr	r3, [pc, #172]	; (20002718 <runtime_init+0xb0>)
2000266c:	4a2b      	ldr	r2, [pc, #172]	; (2000271c <runtime_init+0xb4>)
2000266e:	601a      	str	r2, [r3, #0]
20002670:	4b2b      	ldr	r3, [pc, #172]	; (20002720 <runtime_init+0xb8>)
20002672:	4a2c      	ldr	r2, [pc, #176]	; (20002724 <runtime_init+0xbc>)
20002674:	601a      	str	r2, [r3, #0]
20002676:	4b2c      	ldr	r3, [pc, #176]	; (20002728 <runtime_init+0xc0>)
20002678:	689a      	ldr	r2, [r3, #8]
2000267a:	4b2a      	ldr	r3, [pc, #168]	; (20002724 <runtime_init+0xbc>)
2000267c:	4393      	bics	r3, r2
2000267e:	d1fa      	bne.n	20002676 <runtime_init+0xe>
20002680:	4c2a      	ldr	r4, [pc, #168]	; (2000272c <runtime_init+0xc4>)
20002682:	e001      	b.n	20002688 <runtime_init+0x20>
20002684:	cc08      	ldmia	r4!, {r3}
20002686:	4798      	blx	r3
20002688:	4b29      	ldr	r3, [pc, #164]	; (20002730 <runtime_init+0xc8>)
2000268a:	429c      	cmp	r4, r3
2000268c:	d3fa      	bcc.n	20002684 <runtime_init+0x1c>
2000268e:	f7ff fe8f 	bl	200023b0 <clocks_init>
20002692:	4b23      	ldr	r3, [pc, #140]	; (20002720 <runtime_init+0xb8>)
20002694:	4a27      	ldr	r2, [pc, #156]	; (20002734 <runtime_init+0xcc>)
20002696:	601a      	str	r2, [r3, #0]
20002698:	4b23      	ldr	r3, [pc, #140]	; (20002728 <runtime_init+0xc0>)
2000269a:	689b      	ldr	r3, [r3, #8]
2000269c:	43db      	mvns	r3, r3
2000269e:	01db      	lsls	r3, r3, #7
200026a0:	d1fa      	bne.n	20002698 <runtime_init+0x30>
200026a2:	4b25      	ldr	r3, [pc, #148]	; (20002738 <runtime_init+0xd0>)
200026a4:	2240      	movs	r2, #64	; 0x40
200026a6:	679a      	str	r2, [r3, #120]	; 0x78
200026a8:	675a      	str	r2, [r3, #116]	; 0x74
200026aa:	671a      	str	r2, [r3, #112]	; 0x70
200026ac:	66da      	str	r2, [r3, #108]	; 0x6c
200026ae:	4c23      	ldr	r4, [pc, #140]	; (2000273c <runtime_init+0xd4>)
200026b0:	e009      	b.n	200026c6 <runtime_init+0x5e>
200026b2:	4b23      	ldr	r3, [pc, #140]	; (20002740 <runtime_init+0xd8>)
200026b4:	4a23      	ldr	r2, [pc, #140]	; (20002744 <runtime_init+0xdc>)
200026b6:	2187      	movs	r1, #135	; 0x87
200026b8:	4823      	ldr	r0, [pc, #140]	; (20002748 <runtime_init+0xe0>)
200026ba:	f7ff ffb7 	bl	2000262c <__assert_func>
200026be:	0020      	movs	r0, r4
200026c0:	f7fe fbb8 	bl	20000e34 <mutex_init>
200026c4:	3408      	adds	r4, #8
200026c6:	4b21      	ldr	r3, [pc, #132]	; (2000274c <runtime_init+0xe4>)
200026c8:	429c      	cmp	r4, r3
200026ca:	d209      	bcs.n	200026e0 <runtime_init+0x78>
200026cc:	6823      	ldr	r3, [r4, #0]
200026ce:	2b00      	cmp	r3, #0
200026d0:	d0f5      	beq.n	200026be <runtime_init+0x56>
200026d2:	2b01      	cmp	r3, #1
200026d4:	d1ed      	bne.n	200026b2 <runtime_init+0x4a>
200026d6:	0020      	movs	r0, r4
200026d8:	f7fe fbb9 	bl	20000e4e <recursive_mutex_init>
200026dc:	3408      	adds	r4, #8
200026de:	e7f2      	b.n	200026c6 <runtime_init+0x5e>
200026e0:	4c1b      	ldr	r4, [pc, #108]	; (20002750 <runtime_init+0xe8>)
200026e2:	68a1      	ldr	r1, [r4, #8]
200026e4:	4d1b      	ldr	r5, [pc, #108]	; (20002754 <runtime_init+0xec>)
200026e6:	22c0      	movs	r2, #192	; 0xc0
200026e8:	0028      	movs	r0, r5
200026ea:	f001 fd3b 	bl	20004164 <__wrap___aeabi_memcpy>
200026ee:	60a5      	str	r5, [r4, #8]
200026f0:	f3ef 8305 	mrs	r3, IPSR
200026f4:	2b00      	cmp	r3, #0
200026f6:	d000      	beq.n	200026fa <runtime_init+0x92>
200026f8:	be00      	bkpt	0x0000
200026fa:	f7fe f96b 	bl	200009d4 <spin_locks_reset>
200026fe:	f7fe fb83 	bl	20000e08 <irq_init_priorities>
20002702:	f7fe fef3 	bl	200014ec <alarm_pool_init_default>
20002706:	4c14      	ldr	r4, [pc, #80]	; (20002758 <runtime_init+0xf0>)
20002708:	e001      	b.n	2000270e <runtime_init+0xa6>
2000270a:	cc08      	ldmia	r4!, {r3}
2000270c:	4798      	blx	r3
2000270e:	4b13      	ldr	r3, [pc, #76]	; (2000275c <runtime_init+0xf4>)
20002710:	429c      	cmp	r4, r3
20002712:	d3fa      	bcc.n	2000270a <runtime_init+0xa2>
20002714:	bd70      	pop	{r4, r5, r6, pc}
20002716:	46c0      	nop			; (mov r8, r8)
20002718:	4000e000 	.word	0x4000e000
2000271c:	fefbcdbf 	.word	0xfefbcdbf
20002720:	4000f000 	.word	0x4000f000
20002724:	003c7ffe 	.word	0x003c7ffe
20002728:	4000c000 	.word	0x4000c000
2000272c:	20005c68 	.word	0x20005c68
20002730:	20005c78 	.word	0x20005c78
20002734:	01ffffff 	.word	0x01ffffff
20002738:	4001f000 	.word	0x4001f000
2000273c:	20005c60 	.word	0x20005c60
20002740:	2000551c 	.word	0x2000551c
20002744:	20005590 	.word	0x20005590
20002748:	2000553c 	.word	0x2000553c
2000274c:	20005c68 	.word	0x20005c68
20002750:	e000ed00 	.word	0xe000ed00
20002754:	20000000 	.word	0x20000000
20002758:	20005c78 	.word	0x20005c78
2000275c:	20005c80 	.word	0x20005c80

20002760 <panic>:
20002760:	b40f      	push	{r0, r1, r2, r3}
20002762:	b500      	push	{lr}
20002764:	b083      	sub	sp, #12
20002766:	4808      	ldr	r0, [pc, #32]	; (20002788 <panic+0x28>)
20002768:	f001 fe0e 	bl	20004388 <__wrap_puts>
2000276c:	9b04      	ldr	r3, [sp, #16]
2000276e:	2b00      	cmp	r3, #0
20002770:	d007      	beq.n	20002782 <panic+0x22>
20002772:	a905      	add	r1, sp, #20
20002774:	9101      	str	r1, [sp, #4]
20002776:	0018      	movs	r0, r3
20002778:	f001 fe16 	bl	200043a8 <__wrap_vprintf>
2000277c:	4803      	ldr	r0, [pc, #12]	; (2000278c <panic+0x2c>)
2000277e:	f001 fe03 	bl	20004388 <__wrap_puts>
20002782:	2001      	movs	r0, #1
20002784:	f7ff ff4c 	bl	20002620 <_exit>
20002788:	2000557c 	.word	0x2000557c
2000278c:	2000558c 	.word	0x2000558c

20002790 <_out_null>:
20002790:	4770      	bx	lr

20002792 <_out_fct>:
20002792:	b510      	push	{r4, lr}
20002794:	2800      	cmp	r0, #0
20002796:	d002      	beq.n	2000279e <_out_fct+0xc>
20002798:	680b      	ldr	r3, [r1, #0]
2000279a:	6849      	ldr	r1, [r1, #4]
2000279c:	4798      	blx	r3
2000279e:	bd10      	pop	{r4, pc}

200027a0 <_atoi>:
200027a0:	0001      	movs	r1, r0
200027a2:	2000      	movs	r0, #0
200027a4:	e007      	b.n	200027b6 <_atoi+0x16>
200027a6:	0083      	lsls	r3, r0, #2
200027a8:	181b      	adds	r3, r3, r0
200027aa:	005b      	lsls	r3, r3, #1
200027ac:	1c50      	adds	r0, r2, #1
200027ae:	6008      	str	r0, [r1, #0]
200027b0:	7810      	ldrb	r0, [r2, #0]
200027b2:	18c0      	adds	r0, r0, r3
200027b4:	3830      	subs	r0, #48	; 0x30
200027b6:	680a      	ldr	r2, [r1, #0]
200027b8:	7813      	ldrb	r3, [r2, #0]
200027ba:	3b30      	subs	r3, #48	; 0x30
200027bc:	b2db      	uxtb	r3, r3
200027be:	2b09      	cmp	r3, #9
200027c0:	d9f1      	bls.n	200027a6 <_atoi+0x6>
200027c2:	4770      	bx	lr

200027c4 <_out_rev>:
200027c4:	b5f0      	push	{r4, r5, r6, r7, lr}
200027c6:	46de      	mov	lr, fp
200027c8:	4657      	mov	r7, sl
200027ca:	464e      	mov	r6, r9
200027cc:	4645      	mov	r5, r8
200027ce:	b5e0      	push	{r5, r6, r7, lr}
200027d0:	b083      	sub	sp, #12
200027d2:	4693      	mov	fp, r2
200027d4:	001f      	movs	r7, r3
200027d6:	9b0c      	ldr	r3, [sp, #48]	; 0x30
200027d8:	469a      	mov	sl, r3
200027da:	9c0d      	ldr	r4, [sp, #52]	; 0x34
200027dc:	9b0e      	ldr	r3, [sp, #56]	; 0x38
200027de:	4699      	mov	r9, r3
200027e0:	9b0f      	ldr	r3, [sp, #60]	; 0x3c
200027e2:	079b      	lsls	r3, r3, #30
200027e4:	d003      	beq.n	200027ee <_out_rev+0x2a>
200027e6:	46b8      	mov	r8, r7
200027e8:	000f      	movs	r7, r1
200027ea:	0006      	movs	r6, r0
200027ec:	e022      	b.n	20002834 <_out_rev+0x70>
200027ee:	9201      	str	r2, [sp, #4]
200027f0:	46a3      	mov	fp, r4
200027f2:	4688      	mov	r8, r1
200027f4:	464e      	mov	r6, r9
200027f6:	46b9      	mov	r9, r7
200027f8:	0007      	movs	r7, r0
200027fa:	42b4      	cmp	r4, r6
200027fc:	d207      	bcs.n	2000280e <_out_rev+0x4a>
200027fe:	1c55      	adds	r5, r2, #1
20002800:	464b      	mov	r3, r9
20002802:	4641      	mov	r1, r8
20002804:	2020      	movs	r0, #32
20002806:	47b8      	blx	r7
20002808:	3401      	adds	r4, #1
2000280a:	002a      	movs	r2, r5
2000280c:	e7f5      	b.n	200027fa <_out_rev+0x36>
2000280e:	003d      	movs	r5, r7
20002810:	464f      	mov	r7, r9
20002812:	465c      	mov	r4, fp
20002814:	9b01      	ldr	r3, [sp, #4]
20002816:	469b      	mov	fp, r3
20002818:	46b1      	mov	r9, r6
2000281a:	4646      	mov	r6, r8
2000281c:	46b8      	mov	r8, r7
2000281e:	0037      	movs	r7, r6
20002820:	002e      	movs	r6, r5
20002822:	e007      	b.n	20002834 <_out_rev+0x70>
20002824:	3c01      	subs	r4, #1
20002826:	1c55      	adds	r5, r2, #1
20002828:	4653      	mov	r3, sl
2000282a:	5d18      	ldrb	r0, [r3, r4]
2000282c:	4643      	mov	r3, r8
2000282e:	0039      	movs	r1, r7
20002830:	47b0      	blx	r6
20002832:	002a      	movs	r2, r5
20002834:	2c00      	cmp	r4, #0
20002836:	d1f5      	bne.n	20002824 <_out_rev+0x60>
20002838:	0035      	movs	r5, r6
2000283a:	003e      	movs	r6, r7
2000283c:	4647      	mov	r7, r8
2000283e:	9b0f      	ldr	r3, [sp, #60]	; 0x3c
20002840:	079b      	lsls	r3, r3, #30
20002842:	d407      	bmi.n	20002854 <_out_rev+0x90>
20002844:	0010      	movs	r0, r2
20002846:	b003      	add	sp, #12
20002848:	bcf0      	pop	{r4, r5, r6, r7}
2000284a:	46bb      	mov	fp, r7
2000284c:	46b2      	mov	sl, r6
2000284e:	46a9      	mov	r9, r5
20002850:	46a0      	mov	r8, r4
20002852:	bdf0      	pop	{r4, r5, r6, r7, pc}
20002854:	46b0      	mov	r8, r6
20002856:	464e      	mov	r6, r9
20002858:	46b9      	mov	r9, r7
2000285a:	002f      	movs	r7, r5
2000285c:	465d      	mov	r5, fp
2000285e:	1b53      	subs	r3, r2, r5
20002860:	42b3      	cmp	r3, r6
20002862:	d2ef      	bcs.n	20002844 <_out_rev+0x80>
20002864:	1c54      	adds	r4, r2, #1
20002866:	464b      	mov	r3, r9
20002868:	4641      	mov	r1, r8
2000286a:	2020      	movs	r0, #32
2000286c:	47b8      	blx	r7
2000286e:	0022      	movs	r2, r4
20002870:	e7f5      	b.n	2000285e <_out_rev+0x9a>

20002872 <_ntoa_format>:
20002872:	b5f0      	push	{r4, r5, r6, r7, lr}
20002874:	46ce      	mov	lr, r9
20002876:	4647      	mov	r7, r8
20002878:	b580      	push	{r7, lr}
2000287a:	b085      	sub	sp, #20
2000287c:	4694      	mov	ip, r2
2000287e:	4698      	mov	r8, r3
20002880:	9d0c      	ldr	r5, [sp, #48]	; 0x30
20002882:	9c0d      	ldr	r4, [sp, #52]	; 0x34
20002884:	ab0e      	add	r3, sp, #56	; 0x38
20002886:	781b      	ldrb	r3, [r3, #0]
20002888:	4699      	mov	r9, r3
2000288a:	9a10      	ldr	r2, [sp, #64]	; 0x40
2000288c:	9b11      	ldr	r3, [sp, #68]	; 0x44
2000288e:	9e12      	ldr	r6, [sp, #72]	; 0x48
20002890:	07b7      	lsls	r7, r6, #30
20002892:	d41c      	bmi.n	200028ce <_ntoa_format+0x5c>
20002894:	2b00      	cmp	r3, #0
20002896:	d00c      	beq.n	200028b2 <_ntoa_format+0x40>
20002898:	07f7      	lsls	r7, r6, #31
2000289a:	d50a      	bpl.n	200028b2 <_ntoa_format+0x40>
2000289c:	464f      	mov	r7, r9
2000289e:	2f00      	cmp	r7, #0
200028a0:	d102      	bne.n	200028a8 <_ntoa_format+0x36>
200028a2:	370c      	adds	r7, #12
200028a4:	4237      	tst	r7, r6
200028a6:	d004      	beq.n	200028b2 <_ntoa_format+0x40>
200028a8:	3b01      	subs	r3, #1
200028aa:	e002      	b.n	200028b2 <_ntoa_format+0x40>
200028ac:	2730      	movs	r7, #48	; 0x30
200028ae:	552f      	strb	r7, [r5, r4]
200028b0:	3401      	adds	r4, #1
200028b2:	4294      	cmp	r4, r2
200028b4:	d201      	bcs.n	200028ba <_ntoa_format+0x48>
200028b6:	2c1f      	cmp	r4, #31
200028b8:	d9f8      	bls.n	200028ac <_ntoa_format+0x3a>
200028ba:	07f7      	lsls	r7, r6, #31
200028bc:	d507      	bpl.n	200028ce <_ntoa_format+0x5c>
200028be:	429c      	cmp	r4, r3
200028c0:	d205      	bcs.n	200028ce <_ntoa_format+0x5c>
200028c2:	2c1f      	cmp	r4, #31
200028c4:	d803      	bhi.n	200028ce <_ntoa_format+0x5c>
200028c6:	2730      	movs	r7, #48	; 0x30
200028c8:	552f      	strb	r7, [r5, r4]
200028ca:	3401      	adds	r4, #1
200028cc:	e7f5      	b.n	200028ba <_ntoa_format+0x48>
200028ce:	06f7      	lsls	r7, r6, #27
200028d0:	d515      	bpl.n	200028fe <_ntoa_format+0x8c>
200028d2:	0577      	lsls	r7, r6, #21
200028d4:	d405      	bmi.n	200028e2 <_ntoa_format+0x70>
200028d6:	2c00      	cmp	r4, #0
200028d8:	d003      	beq.n	200028e2 <_ntoa_format+0x70>
200028da:	4294      	cmp	r4, r2
200028dc:	d024      	beq.n	20002928 <_ntoa_format+0xb6>
200028de:	429c      	cmp	r4, r3
200028e0:	d022      	beq.n	20002928 <_ntoa_format+0xb6>
200028e2:	9a0f      	ldr	r2, [sp, #60]	; 0x3c
200028e4:	2a10      	cmp	r2, #16
200028e6:	d02b      	beq.n	20002940 <_ntoa_format+0xce>
200028e8:	9a0f      	ldr	r2, [sp, #60]	; 0x3c
200028ea:	2a10      	cmp	r2, #16
200028ec:	d030      	beq.n	20002950 <_ntoa_format+0xde>
200028ee:	9a0f      	ldr	r2, [sp, #60]	; 0x3c
200028f0:	2a02      	cmp	r2, #2
200028f2:	d035      	beq.n	20002960 <_ntoa_format+0xee>
200028f4:	2c1f      	cmp	r4, #31
200028f6:	d802      	bhi.n	200028fe <_ntoa_format+0x8c>
200028f8:	2230      	movs	r2, #48	; 0x30
200028fa:	552a      	strb	r2, [r5, r4]
200028fc:	3401      	adds	r4, #1
200028fe:	2c1f      	cmp	r4, #31
20002900:	d805      	bhi.n	2000290e <_ntoa_format+0x9c>
20002902:	464a      	mov	r2, r9
20002904:	2a00      	cmp	r2, #0
20002906:	d031      	beq.n	2000296c <_ntoa_format+0xfa>
20002908:	222d      	movs	r2, #45	; 0x2d
2000290a:	552a      	strb	r2, [r5, r4]
2000290c:	3401      	adds	r4, #1
2000290e:	9603      	str	r6, [sp, #12]
20002910:	9302      	str	r3, [sp, #8]
20002912:	9401      	str	r4, [sp, #4]
20002914:	9500      	str	r5, [sp, #0]
20002916:	4643      	mov	r3, r8
20002918:	4662      	mov	r2, ip
2000291a:	f7ff ff53 	bl	200027c4 <_out_rev>
2000291e:	b005      	add	sp, #20
20002920:	bcc0      	pop	{r6, r7}
20002922:	46b9      	mov	r9, r7
20002924:	46b0      	mov	r8, r6
20002926:	bdf0      	pop	{r4, r5, r6, r7, pc}
20002928:	1e62      	subs	r2, r4, #1
2000292a:	2c01      	cmp	r4, #1
2000292c:	d006      	beq.n	2000293c <_ntoa_format+0xca>
2000292e:	9f0f      	ldr	r7, [sp, #60]	; 0x3c
20002930:	2f10      	cmp	r7, #16
20002932:	d001      	beq.n	20002938 <_ntoa_format+0xc6>
20002934:	0014      	movs	r4, r2
20002936:	e7d4      	b.n	200028e2 <_ntoa_format+0x70>
20002938:	3c02      	subs	r4, #2
2000293a:	e7d2      	b.n	200028e2 <_ntoa_format+0x70>
2000293c:	0014      	movs	r4, r2
2000293e:	e7d0      	b.n	200028e2 <_ntoa_format+0x70>
20002940:	06b2      	lsls	r2, r6, #26
20002942:	d4d1      	bmi.n	200028e8 <_ntoa_format+0x76>
20002944:	2c1f      	cmp	r4, #31
20002946:	d8cf      	bhi.n	200028e8 <_ntoa_format+0x76>
20002948:	2278      	movs	r2, #120	; 0x78
2000294a:	552a      	strb	r2, [r5, r4]
2000294c:	3401      	adds	r4, #1
2000294e:	e7d1      	b.n	200028f4 <_ntoa_format+0x82>
20002950:	06b2      	lsls	r2, r6, #26
20002952:	d5cc      	bpl.n	200028ee <_ntoa_format+0x7c>
20002954:	2c1f      	cmp	r4, #31
20002956:	d8ca      	bhi.n	200028ee <_ntoa_format+0x7c>
20002958:	2258      	movs	r2, #88	; 0x58
2000295a:	552a      	strb	r2, [r5, r4]
2000295c:	3401      	adds	r4, #1
2000295e:	e7c9      	b.n	200028f4 <_ntoa_format+0x82>
20002960:	2c1f      	cmp	r4, #31
20002962:	d8c7      	bhi.n	200028f4 <_ntoa_format+0x82>
20002964:	3260      	adds	r2, #96	; 0x60
20002966:	552a      	strb	r2, [r5, r4]
20002968:	3401      	adds	r4, #1
2000296a:	e7c3      	b.n	200028f4 <_ntoa_format+0x82>
2000296c:	0772      	lsls	r2, r6, #29
2000296e:	d503      	bpl.n	20002978 <_ntoa_format+0x106>
20002970:	222b      	movs	r2, #43	; 0x2b
20002972:	552a      	strb	r2, [r5, r4]
20002974:	3401      	adds	r4, #1
20002976:	e7ca      	b.n	2000290e <_ntoa_format+0x9c>
20002978:	0732      	lsls	r2, r6, #28
2000297a:	d5c8      	bpl.n	2000290e <_ntoa_format+0x9c>
2000297c:	2220      	movs	r2, #32
2000297e:	552a      	strb	r2, [r5, r4]
20002980:	3401      	adds	r4, #1
20002982:	e7c4      	b.n	2000290e <_ntoa_format+0x9c>

20002984 <_ntoa_long>:
20002984:	b5f0      	push	{r4, r5, r6, r7, lr}
20002986:	46de      	mov	lr, fp
20002988:	4657      	mov	r7, sl
2000298a:	464e      	mov	r6, r9
2000298c:	4645      	mov	r5, r8
2000298e:	b5e0      	push	{r5, r6, r7, lr}
20002990:	b093      	sub	sp, #76	; 0x4c
20002992:	4681      	mov	r9, r0
20002994:	468a      	mov	sl, r1
20002996:	9208      	str	r2, [sp, #32]
20002998:	9309      	str	r3, [sp, #36]	; 0x24
2000299a:	ab1c      	add	r3, sp, #112	; 0x70
2000299c:	cb10      	ldmia	r3!, {r4}
2000299e:	781b      	ldrb	r3, [r3, #0]
200029a0:	469b      	mov	fp, r3
200029a2:	9d1e      	ldr	r5, [sp, #120]	; 0x78
200029a4:	9b21      	ldr	r3, [sp, #132]	; 0x84
200029a6:	4698      	mov	r8, r3
200029a8:	2c00      	cmp	r4, #0
200029aa:	d103      	bne.n	200029b4 <_ntoa_long+0x30>
200029ac:	2310      	movs	r3, #16
200029ae:	4642      	mov	r2, r8
200029b0:	439a      	bics	r2, r3
200029b2:	4690      	mov	r8, r2
200029b4:	2380      	movs	r3, #128	; 0x80
200029b6:	00db      	lsls	r3, r3, #3
200029b8:	4646      	mov	r6, r8
200029ba:	401e      	ands	r6, r3
200029bc:	4642      	mov	r2, r8
200029be:	421a      	tst	r2, r3
200029c0:	d012      	beq.n	200029e8 <_ntoa_long+0x64>
200029c2:	2c00      	cmp	r4, #0
200029c4:	d022      	beq.n	20002a0c <_ntoa_long+0x88>
200029c6:	2600      	movs	r6, #0
200029c8:	e00e      	b.n	200029e8 <_ntoa_long+0x64>
200029ca:	3330      	adds	r3, #48	; 0x30
200029cc:	b2d9      	uxtb	r1, r3
200029ce:	1c77      	adds	r7, r6, #1
200029d0:	ab0a      	add	r3, sp, #40	; 0x28
200029d2:	5599      	strb	r1, [r3, r6]
200029d4:	0029      	movs	r1, r5
200029d6:	0020      	movs	r0, r4
200029d8:	f000 ffd6 	bl	20003988 <__wrap___aeabi_uidiv>
200029dc:	42ac      	cmp	r4, r5
200029de:	d316      	bcc.n	20002a0e <_ntoa_long+0x8a>
200029e0:	2f1f      	cmp	r7, #31
200029e2:	d814      	bhi.n	20002a0e <_ntoa_long+0x8a>
200029e4:	003e      	movs	r6, r7
200029e6:	0004      	movs	r4, r0
200029e8:	0029      	movs	r1, r5
200029ea:	0020      	movs	r0, r4
200029ec:	f000 ffcc 	bl	20003988 <__wrap___aeabi_uidiv>
200029f0:	b2cb      	uxtb	r3, r1
200029f2:	2b09      	cmp	r3, #9
200029f4:	d9e9      	bls.n	200029ca <_ntoa_long+0x46>
200029f6:	4642      	mov	r2, r8
200029f8:	0692      	lsls	r2, r2, #26
200029fa:	d505      	bpl.n	20002a08 <_ntoa_long+0x84>
200029fc:	2141      	movs	r1, #65	; 0x41
200029fe:	18c9      	adds	r1, r1, r3
20002a00:	b2c9      	uxtb	r1, r1
20002a02:	390a      	subs	r1, #10
20002a04:	b2c9      	uxtb	r1, r1
20002a06:	e7e2      	b.n	200029ce <_ntoa_long+0x4a>
20002a08:	2161      	movs	r1, #97	; 0x61
20002a0a:	e7f8      	b.n	200029fe <_ntoa_long+0x7a>
20002a0c:	0027      	movs	r7, r4
20002a0e:	4643      	mov	r3, r8
20002a10:	9306      	str	r3, [sp, #24]
20002a12:	9b20      	ldr	r3, [sp, #128]	; 0x80
20002a14:	9305      	str	r3, [sp, #20]
20002a16:	9b1f      	ldr	r3, [sp, #124]	; 0x7c
20002a18:	9304      	str	r3, [sp, #16]
20002a1a:	9503      	str	r5, [sp, #12]
20002a1c:	465b      	mov	r3, fp
20002a1e:	9302      	str	r3, [sp, #8]
20002a20:	9701      	str	r7, [sp, #4]
20002a22:	ab0a      	add	r3, sp, #40	; 0x28
20002a24:	9300      	str	r3, [sp, #0]
20002a26:	9b09      	ldr	r3, [sp, #36]	; 0x24
20002a28:	9a08      	ldr	r2, [sp, #32]
20002a2a:	4651      	mov	r1, sl
20002a2c:	4648      	mov	r0, r9
20002a2e:	f7ff ff20 	bl	20002872 <_ntoa_format>
20002a32:	b013      	add	sp, #76	; 0x4c
20002a34:	bcf0      	pop	{r4, r5, r6, r7}
20002a36:	46bb      	mov	fp, r7
20002a38:	46b2      	mov	sl, r6
20002a3a:	46a9      	mov	r9, r5
20002a3c:	46a0      	mov	r8, r4
20002a3e:	bdf0      	pop	{r4, r5, r6, r7, pc}

20002a40 <_ntoa_long_long>:
20002a40:	b5f0      	push	{r4, r5, r6, r7, lr}
20002a42:	46de      	mov	lr, fp
20002a44:	4657      	mov	r7, sl
20002a46:	464e      	mov	r6, r9
20002a48:	4645      	mov	r5, r8
20002a4a:	b5e0      	push	{r5, r6, r7, lr}
20002a4c:	b095      	sub	sp, #84	; 0x54
20002a4e:	9008      	str	r0, [sp, #32]
20002a50:	9109      	str	r1, [sp, #36]	; 0x24
20002a52:	920a      	str	r2, [sp, #40]	; 0x28
20002a54:	930b      	str	r3, [sp, #44]	; 0x2c
20002a56:	9e1e      	ldr	r6, [sp, #120]	; 0x78
20002a58:	9c1f      	ldr	r4, [sp, #124]	; 0x7c
20002a5a:	ab20      	add	r3, sp, #128	; 0x80
20002a5c:	781b      	ldrb	r3, [r3, #0]
20002a5e:	469b      	mov	fp, r3
20002a60:	9b22      	ldr	r3, [sp, #136]	; 0x88
20002a62:	4699      	mov	r9, r3
20002a64:	9d23      	ldr	r5, [sp, #140]	; 0x8c
20002a66:	9b26      	ldr	r3, [sp, #152]	; 0x98
20002a68:	469a      	mov	sl, r3
20002a6a:	0033      	movs	r3, r6
20002a6c:	4323      	orrs	r3, r4
20002a6e:	d103      	bne.n	20002a78 <_ntoa_long_long+0x38>
20002a70:	3310      	adds	r3, #16
20002a72:	4652      	mov	r2, sl
20002a74:	439a      	bics	r2, r3
20002a76:	4692      	mov	sl, r2
20002a78:	2380      	movs	r3, #128	; 0x80
20002a7a:	00db      	lsls	r3, r3, #3
20002a7c:	4657      	mov	r7, sl
20002a7e:	401f      	ands	r7, r3
20002a80:	4652      	mov	r2, sl
20002a82:	421a      	tst	r2, r3
20002a84:	d019      	beq.n	20002aba <_ntoa_long_long+0x7a>
20002a86:	0033      	movs	r3, r6
20002a88:	4323      	orrs	r3, r4
20002a8a:	d02d      	beq.n	20002ae8 <_ntoa_long_long+0xa8>
20002a8c:	2700      	movs	r7, #0
20002a8e:	e014      	b.n	20002aba <_ntoa_long_long+0x7a>
20002a90:	3330      	adds	r3, #48	; 0x30
20002a92:	b2da      	uxtb	r2, r3
20002a94:	1c7b      	adds	r3, r7, #1
20002a96:	4698      	mov	r8, r3
20002a98:	ab0c      	add	r3, sp, #48	; 0x30
20002a9a:	55da      	strb	r2, [r3, r7]
20002a9c:	464a      	mov	r2, r9
20002a9e:	002b      	movs	r3, r5
20002aa0:	0030      	movs	r0, r6
20002aa2:	0021      	movs	r1, r4
20002aa4:	f000 ffae 	bl	20003a04 <__wrap___aeabi_uldivmod>
20002aa8:	42a5      	cmp	r5, r4
20002aaa:	d81f      	bhi.n	20002aec <_ntoa_long_long+0xac>
20002aac:	d019      	beq.n	20002ae2 <_ntoa_long_long+0xa2>
20002aae:	4643      	mov	r3, r8
20002ab0:	2b1f      	cmp	r3, #31
20002ab2:	d81b      	bhi.n	20002aec <_ntoa_long_long+0xac>
20002ab4:	4647      	mov	r7, r8
20002ab6:	0006      	movs	r6, r0
20002ab8:	000c      	movs	r4, r1
20002aba:	464a      	mov	r2, r9
20002abc:	002b      	movs	r3, r5
20002abe:	0030      	movs	r0, r6
20002ac0:	0021      	movs	r1, r4
20002ac2:	f000 ff9f 	bl	20003a04 <__wrap___aeabi_uldivmod>
20002ac6:	b2d3      	uxtb	r3, r2
20002ac8:	2b09      	cmp	r3, #9
20002aca:	d9e1      	bls.n	20002a90 <_ntoa_long_long+0x50>
20002acc:	4652      	mov	r2, sl
20002ace:	0692      	lsls	r2, r2, #26
20002ad0:	d505      	bpl.n	20002ade <_ntoa_long_long+0x9e>
20002ad2:	2241      	movs	r2, #65	; 0x41
20002ad4:	18d2      	adds	r2, r2, r3
20002ad6:	b2d2      	uxtb	r2, r2
20002ad8:	3a0a      	subs	r2, #10
20002ada:	b2d2      	uxtb	r2, r2
20002adc:	e7da      	b.n	20002a94 <_ntoa_long_long+0x54>
20002ade:	2261      	movs	r2, #97	; 0x61
20002ae0:	e7f8      	b.n	20002ad4 <_ntoa_long_long+0x94>
20002ae2:	45b1      	cmp	r9, r6
20002ae4:	d9e3      	bls.n	20002aae <_ntoa_long_long+0x6e>
20002ae6:	e001      	b.n	20002aec <_ntoa_long_long+0xac>
20002ae8:	2300      	movs	r3, #0
20002aea:	4698      	mov	r8, r3
20002aec:	4653      	mov	r3, sl
20002aee:	9306      	str	r3, [sp, #24]
20002af0:	9b25      	ldr	r3, [sp, #148]	; 0x94
20002af2:	9305      	str	r3, [sp, #20]
20002af4:	9b24      	ldr	r3, [sp, #144]	; 0x90
20002af6:	9304      	str	r3, [sp, #16]
20002af8:	464b      	mov	r3, r9
20002afa:	9303      	str	r3, [sp, #12]
20002afc:	465b      	mov	r3, fp
20002afe:	9302      	str	r3, [sp, #8]
20002b00:	4643      	mov	r3, r8
20002b02:	9301      	str	r3, [sp, #4]
20002b04:	ab0c      	add	r3, sp, #48	; 0x30
20002b06:	9300      	str	r3, [sp, #0]
20002b08:	9b0b      	ldr	r3, [sp, #44]	; 0x2c
20002b0a:	9a0a      	ldr	r2, [sp, #40]	; 0x28
20002b0c:	9909      	ldr	r1, [sp, #36]	; 0x24
20002b0e:	9808      	ldr	r0, [sp, #32]
20002b10:	f7ff feaf 	bl	20002872 <_ntoa_format>
20002b14:	b015      	add	sp, #84	; 0x54
20002b16:	bcf0      	pop	{r4, r5, r6, r7}
20002b18:	46bb      	mov	fp, r7
20002b1a:	46b2      	mov	sl, r6
20002b1c:	46a9      	mov	r9, r5
20002b1e:	46a0      	mov	r8, r4
20002b20:	bdf0      	pop	{r4, r5, r6, r7, pc}
	...

20002b24 <_etoa>:
20002b24:	b5f0      	push	{r4, r5, r6, r7, lr}
20002b26:	46de      	mov	lr, fp
20002b28:	4657      	mov	r7, sl
20002b2a:	464e      	mov	r6, r9
20002b2c:	4645      	mov	r5, r8
20002b2e:	b5e0      	push	{r5, r6, r7, lr}
20002b30:	b091      	sub	sp, #68	; 0x44
20002b32:	4683      	mov	fp, r0
20002b34:	468a      	mov	sl, r1
20002b36:	920c      	str	r2, [sp, #48]	; 0x30
20002b38:	4698      	mov	r8, r3
20002b3a:	9c1a      	ldr	r4, [sp, #104]	; 0x68
20002b3c:	9408      	str	r4, [sp, #32]
20002b3e:	9d1b      	ldr	r5, [sp, #108]	; 0x6c
20002b40:	9509      	str	r5, [sp, #36]	; 0x24
20002b42:	0022      	movs	r2, r4
20002b44:	002b      	movs	r3, r5
20002b46:	0020      	movs	r0, r4
20002b48:	0029      	movs	r1, r5
20002b4a:	f001 f9d6 	bl	20003efa <__wrap___aeabi_dcmpun>
20002b4e:	2800      	cmp	r0, #0
20002b50:	d000      	beq.n	20002b54 <_etoa+0x30>
20002b52:	e0e5      	b.n	20002d20 <_etoa+0x1fc>
20002b54:	2201      	movs	r2, #1
20002b56:	4252      	negs	r2, r2
20002b58:	4bd7      	ldr	r3, [pc, #860]	; (20002eb8 <_etoa+0x394>)
20002b5a:	0020      	movs	r0, r4
20002b5c:	0029      	movs	r1, r5
20002b5e:	f001 f9c7 	bl	20003ef0 <__wrap___aeabi_dcmpgt>
20002b62:	2800      	cmp	r0, #0
20002b64:	d000      	beq.n	20002b68 <_etoa+0x44>
20002b66:	e0db      	b.n	20002d20 <_etoa+0x1fc>
20002b68:	2201      	movs	r2, #1
20002b6a:	4252      	negs	r2, r2
20002b6c:	4bd3      	ldr	r3, [pc, #844]	; (20002ebc <_etoa+0x398>)
20002b6e:	0020      	movs	r0, r4
20002b70:	0029      	movs	r1, r5
20002b72:	f001 f9a7 	bl	20003ec4 <__wrap___aeabi_dcmplt>
20002b76:	2800      	cmp	r0, #0
20002b78:	d000      	beq.n	20002b7c <_etoa+0x58>
20002b7a:	e0d1      	b.n	20002d20 <_etoa+0x1fc>
20002b7c:	2200      	movs	r2, #0
20002b7e:	2300      	movs	r3, #0
20002b80:	9e08      	ldr	r6, [sp, #32]
20002b82:	0030      	movs	r0, r6
20002b84:	9d09      	ldr	r5, [sp, #36]	; 0x24
20002b86:	0029      	movs	r1, r5
20002b88:	f001 f99c 	bl	20003ec4 <__wrap___aeabi_dcmplt>
20002b8c:	2800      	cmp	r0, #0
20002b8e:	d000      	beq.n	20002b92 <_etoa+0x6e>
20002b90:	e0dd      	b.n	20002d4e <_etoa+0x22a>
20002b92:	9808      	ldr	r0, [sp, #32]
20002b94:	9909      	ldr	r1, [sp, #36]	; 0x24
20002b96:	9006      	str	r0, [sp, #24]
20002b98:	9107      	str	r1, [sp, #28]
20002b9a:	2380      	movs	r3, #128	; 0x80
20002b9c:	00db      	lsls	r3, r3, #3
20002b9e:	9a1e      	ldr	r2, [sp, #120]	; 0x78
20002ba0:	401a      	ands	r2, r3
20002ba2:	920d      	str	r2, [sp, #52]	; 0x34
20002ba4:	9a1e      	ldr	r2, [sp, #120]	; 0x78
20002ba6:	421a      	tst	r2, r3
20002ba8:	d101      	bne.n	20002bae <_etoa+0x8a>
20002baa:	2306      	movs	r3, #6
20002bac:	931c      	str	r3, [sp, #112]	; 0x70
20002bae:	9806      	ldr	r0, [sp, #24]
20002bb0:	9907      	ldr	r1, [sp, #28]
20002bb2:	0004      	movs	r4, r0
20002bb4:	000d      	movs	r5, r1
20002bb6:	000a      	movs	r2, r1
20002bb8:	0006      	movs	r6, r0
20002bba:	4302      	orrs	r2, r0
20002bbc:	d100      	bne.n	20002bc0 <_etoa+0x9c>
20002bbe:	e0d1      	b.n	20002d64 <_etoa+0x240>
20002bc0:	0d08      	lsrs	r0, r1, #20
20002bc2:	0540      	lsls	r0, r0, #21
20002bc4:	0d40      	lsrs	r0, r0, #21
20002bc6:	4cbe      	ldr	r4, [pc, #760]	; (20002ec0 <_etoa+0x39c>)
20002bc8:	46a4      	mov	ip, r4
20002bca:	4460      	add	r0, ip
20002bcc:	030a      	lsls	r2, r1, #12
20002bce:	0b12      	lsrs	r2, r2, #12
20002bd0:	4bbc      	ldr	r3, [pc, #752]	; (20002ec4 <_etoa+0x3a0>)
20002bd2:	4313      	orrs	r3, r2
20002bd4:	001f      	movs	r7, r3
20002bd6:	f001 f9a3 	bl	20003f20 <__wrap___aeabi_i2d>
20002bda:	4abb      	ldr	r2, [pc, #748]	; (20002ec8 <_etoa+0x3a4>)
20002bdc:	4bbb      	ldr	r3, [pc, #748]	; (20002ecc <_etoa+0x3a8>)
20002bde:	f001 f932 	bl	20003e46 <__wrap___aeabi_dmul>
20002be2:	4abb      	ldr	r2, [pc, #748]	; (20002ed0 <_etoa+0x3ac>)
20002be4:	4bbb      	ldr	r3, [pc, #748]	; (20002ed4 <_etoa+0x3b0>)
20002be6:	f001 f90f 	bl	20003e08 <__wrap___aeabi_dadd>
20002bea:	0004      	movs	r4, r0
20002bec:	000d      	movs	r5, r1
20002bee:	2200      	movs	r2, #0
20002bf0:	4bb9      	ldr	r3, [pc, #740]	; (20002ed8 <_etoa+0x3b4>)
20002bf2:	0030      	movs	r0, r6
20002bf4:	0039      	movs	r1, r7
20002bf6:	f001 f902 	bl	20003dfe <__wrap___aeabi_dsub>
20002bfa:	4ab8      	ldr	r2, [pc, #736]	; (20002edc <_etoa+0x3b8>)
20002bfc:	4bb8      	ldr	r3, [pc, #736]	; (20002ee0 <_etoa+0x3bc>)
20002bfe:	f001 f922 	bl	20003e46 <__wrap___aeabi_dmul>
20002c02:	0002      	movs	r2, r0
20002c04:	000b      	movs	r3, r1
20002c06:	0020      	movs	r0, r4
20002c08:	0029      	movs	r1, r5
20002c0a:	f001 f8fd 	bl	20003e08 <__wrap___aeabi_dadd>
20002c0e:	f001 f99f 	bl	20003f50 <__wrap___aeabi_d2iz>
20002c12:	4681      	mov	r9, r0
20002c14:	f001 f984 	bl	20003f20 <__wrap___aeabi_i2d>
20002c18:	0004      	movs	r4, r0
20002c1a:	000d      	movs	r5, r1
20002c1c:	4ab1      	ldr	r2, [pc, #708]	; (20002ee4 <_etoa+0x3c0>)
20002c1e:	4bb2      	ldr	r3, [pc, #712]	; (20002ee8 <_etoa+0x3c4>)
20002c20:	f001 f911 	bl	20003e46 <__wrap___aeabi_dmul>
20002c24:	2200      	movs	r2, #0
20002c26:	4bb1      	ldr	r3, [pc, #708]	; (20002eec <_etoa+0x3c8>)
20002c28:	f001 f8ee 	bl	20003e08 <__wrap___aeabi_dadd>
20002c2c:	f001 f990 	bl	20003f50 <__wrap___aeabi_d2iz>
20002c30:	0006      	movs	r6, r0
20002c32:	4aaf      	ldr	r2, [pc, #700]	; (20002ef0 <_etoa+0x3cc>)
20002c34:	4baf      	ldr	r3, [pc, #700]	; (20002ef4 <_etoa+0x3d0>)
20002c36:	0020      	movs	r0, r4
20002c38:	0029      	movs	r1, r5
20002c3a:	f001 f904 	bl	20003e46 <__wrap___aeabi_dmul>
20002c3e:	0004      	movs	r4, r0
20002c40:	000d      	movs	r5, r1
20002c42:	0030      	movs	r0, r6
20002c44:	f001 f96c 	bl	20003f20 <__wrap___aeabi_i2d>
20002c48:	4aab      	ldr	r2, [pc, #684]	; (20002ef8 <_etoa+0x3d4>)
20002c4a:	4bac      	ldr	r3, [pc, #688]	; (20002efc <_etoa+0x3d8>)
20002c4c:	f001 f8fb 	bl	20003e46 <__wrap___aeabi_dmul>
20002c50:	0002      	movs	r2, r0
20002c52:	000b      	movs	r3, r1
20002c54:	0020      	movs	r0, r4
20002c56:	0029      	movs	r1, r5
20002c58:	f001 f8d1 	bl	20003dfe <__wrap___aeabi_dsub>
20002c5c:	0004      	movs	r4, r0
20002c5e:	000d      	movs	r5, r1
20002c60:	0002      	movs	r2, r0
20002c62:	000b      	movs	r3, r1
20002c64:	f001 f8ef 	bl	20003e46 <__wrap___aeabi_dmul>
20002c68:	900a      	str	r0, [sp, #40]	; 0x28
20002c6a:	910b      	str	r1, [sp, #44]	; 0x2c
20002c6c:	4ba4      	ldr	r3, [pc, #656]	; (20002f00 <_etoa+0x3dc>)
20002c6e:	18f3      	adds	r3, r6, r3
20002c70:	2600      	movs	r6, #0
20002c72:	051f      	lsls	r7, r3, #20
20002c74:	0022      	movs	r2, r4
20002c76:	002b      	movs	r3, r5
20002c78:	0020      	movs	r0, r4
20002c7a:	0029      	movs	r1, r5
20002c7c:	f001 f8c4 	bl	20003e08 <__wrap___aeabi_dadd>
20002c80:	900e      	str	r0, [sp, #56]	; 0x38
20002c82:	910f      	str	r1, [sp, #60]	; 0x3c
20002c84:	0022      	movs	r2, r4
20002c86:	002b      	movs	r3, r5
20002c88:	2000      	movs	r0, #0
20002c8a:	2180      	movs	r1, #128	; 0x80
20002c8c:	05c9      	lsls	r1, r1, #23
20002c8e:	f001 f8b6 	bl	20003dfe <__wrap___aeabi_dsub>
20002c92:	0004      	movs	r4, r0
20002c94:	000d      	movs	r5, r1
20002c96:	2200      	movs	r2, #0
20002c98:	4b9a      	ldr	r3, [pc, #616]	; (20002f04 <_etoa+0x3e0>)
20002c9a:	980a      	ldr	r0, [sp, #40]	; 0x28
20002c9c:	990b      	ldr	r1, [sp, #44]	; 0x2c
20002c9e:	f001 f8b8 	bl	20003e12 <__wrap___aeabi_ddiv>
20002ca2:	2200      	movs	r2, #0
20002ca4:	4b98      	ldr	r3, [pc, #608]	; (20002f08 <_etoa+0x3e4>)
20002ca6:	f001 f8af 	bl	20003e08 <__wrap___aeabi_dadd>
20002caa:	0002      	movs	r2, r0
20002cac:	000b      	movs	r3, r1
20002cae:	980a      	ldr	r0, [sp, #40]	; 0x28
20002cb0:	990b      	ldr	r1, [sp, #44]	; 0x2c
20002cb2:	f001 f8ae 	bl	20003e12 <__wrap___aeabi_ddiv>
20002cb6:	2200      	movs	r2, #0
20002cb8:	4b94      	ldr	r3, [pc, #592]	; (20002f0c <_etoa+0x3e8>)
20002cba:	f001 f8a5 	bl	20003e08 <__wrap___aeabi_dadd>
20002cbe:	0002      	movs	r2, r0
20002cc0:	000b      	movs	r3, r1
20002cc2:	980a      	ldr	r0, [sp, #40]	; 0x28
20002cc4:	990b      	ldr	r1, [sp, #44]	; 0x2c
20002cc6:	f001 f8a4 	bl	20003e12 <__wrap___aeabi_ddiv>
20002cca:	0002      	movs	r2, r0
20002ccc:	000b      	movs	r3, r1
20002cce:	0020      	movs	r0, r4
20002cd0:	0029      	movs	r1, r5
20002cd2:	f001 f899 	bl	20003e08 <__wrap___aeabi_dadd>
20002cd6:	0002      	movs	r2, r0
20002cd8:	000b      	movs	r3, r1
20002cda:	980e      	ldr	r0, [sp, #56]	; 0x38
20002cdc:	990f      	ldr	r1, [sp, #60]	; 0x3c
20002cde:	f001 f898 	bl	20003e12 <__wrap___aeabi_ddiv>
20002ce2:	2200      	movs	r2, #0
20002ce4:	4b77      	ldr	r3, [pc, #476]	; (20002ec4 <_etoa+0x3a0>)
20002ce6:	f001 f88f 	bl	20003e08 <__wrap___aeabi_dadd>
20002cea:	0032      	movs	r2, r6
20002cec:	003b      	movs	r3, r7
20002cee:	f001 f8aa 	bl	20003e46 <__wrap___aeabi_dmul>
20002cf2:	0006      	movs	r6, r0
20002cf4:	000f      	movs	r7, r1
20002cf6:	0004      	movs	r4, r0
20002cf8:	000d      	movs	r5, r1
20002cfa:	9a06      	ldr	r2, [sp, #24]
20002cfc:	9b07      	ldr	r3, [sp, #28]
20002cfe:	f001 f8f7 	bl	20003ef0 <__wrap___aeabi_dcmpgt>
20002d02:	2800      	cmp	r0, #0
20002d04:	d030      	beq.n	20002d68 <_etoa+0x244>
20002d06:	2301      	movs	r3, #1
20002d08:	425b      	negs	r3, r3
20002d0a:	469c      	mov	ip, r3
20002d0c:	44e1      	add	r9, ip
20002d0e:	2200      	movs	r2, #0
20002d10:	4b7d      	ldr	r3, [pc, #500]	; (20002f08 <_etoa+0x3e4>)
20002d12:	0030      	movs	r0, r6
20002d14:	0039      	movs	r1, r7
20002d16:	f001 f87c 	bl	20003e12 <__wrap___aeabi_ddiv>
20002d1a:	0004      	movs	r4, r0
20002d1c:	000d      	movs	r5, r1
20002d1e:	e023      	b.n	20002d68 <_etoa+0x244>
20002d20:	9b1e      	ldr	r3, [sp, #120]	; 0x78
20002d22:	9304      	str	r3, [sp, #16]
20002d24:	9b1d      	ldr	r3, [sp, #116]	; 0x74
20002d26:	9303      	str	r3, [sp, #12]
20002d28:	9b1c      	ldr	r3, [sp, #112]	; 0x70
20002d2a:	9302      	str	r3, [sp, #8]
20002d2c:	9a08      	ldr	r2, [sp, #32]
20002d2e:	9b09      	ldr	r3, [sp, #36]	; 0x24
20002d30:	9200      	str	r2, [sp, #0]
20002d32:	9301      	str	r3, [sp, #4]
20002d34:	4643      	mov	r3, r8
20002d36:	9a0c      	ldr	r2, [sp, #48]	; 0x30
20002d38:	4651      	mov	r1, sl
20002d3a:	4658      	mov	r0, fp
20002d3c:	f000 f8fc 	bl	20002f38 <_ftoa>
20002d40:	b011      	add	sp, #68	; 0x44
20002d42:	bcf0      	pop	{r4, r5, r6, r7}
20002d44:	46bb      	mov	fp, r7
20002d46:	46b2      	mov	sl, r6
20002d48:	46a9      	mov	r9, r5
20002d4a:	46a0      	mov	r8, r4
20002d4c:	bdf0      	pop	{r4, r5, r6, r7, pc}
20002d4e:	2300      	movs	r3, #0
20002d50:	2400      	movs	r4, #0
20002d52:	9306      	str	r3, [sp, #24]
20002d54:	9407      	str	r4, [sp, #28]
20002d56:	9606      	str	r6, [sp, #24]
20002d58:	2380      	movs	r3, #128	; 0x80
20002d5a:	061b      	lsls	r3, r3, #24
20002d5c:	469c      	mov	ip, r3
20002d5e:	4465      	add	r5, ip
20002d60:	9507      	str	r5, [sp, #28]
20002d62:	e71a      	b.n	20002b9a <_etoa+0x76>
20002d64:	2300      	movs	r3, #0
20002d66:	4699      	mov	r9, r3
20002d68:	464b      	mov	r3, r9
20002d6a:	3363      	adds	r3, #99	; 0x63
20002d6c:	2bc6      	cmp	r3, #198	; 0xc6
20002d6e:	d81e      	bhi.n	20002dae <_etoa+0x28a>
20002d70:	2604      	movs	r6, #4
20002d72:	9b1e      	ldr	r3, [sp, #120]	; 0x78
20002d74:	051b      	lsls	r3, r3, #20
20002d76:	d526      	bpl.n	20002dc6 <_etoa+0x2a2>
20002d78:	002b      	movs	r3, r5
20002d7a:	4323      	orrs	r3, r4
20002d7c:	d00f      	beq.n	20002d9e <_etoa+0x27a>
20002d7e:	4a64      	ldr	r2, [pc, #400]	; (20002f10 <_etoa+0x3ec>)
20002d80:	4b64      	ldr	r3, [pc, #400]	; (20002f14 <_etoa+0x3f0>)
20002d82:	9806      	ldr	r0, [sp, #24]
20002d84:	9907      	ldr	r1, [sp, #28]
20002d86:	f001 f8ab 	bl	20003ee0 <__wrap___aeabi_dcmpge>
20002d8a:	2800      	cmp	r0, #0
20002d8c:	d079      	beq.n	20002e82 <_etoa+0x35e>
20002d8e:	2200      	movs	r2, #0
20002d90:	4b61      	ldr	r3, [pc, #388]	; (20002f18 <_etoa+0x3f4>)
20002d92:	9806      	ldr	r0, [sp, #24]
20002d94:	9907      	ldr	r1, [sp, #28]
20002d96:	f001 f895 	bl	20003ec4 <__wrap___aeabi_dcmplt>
20002d9a:	2800      	cmp	r0, #0
20002d9c:	d071      	beq.n	20002e82 <_etoa+0x35e>
20002d9e:	9b1c      	ldr	r3, [sp, #112]	; 0x70
20002da0:	454b      	cmp	r3, r9
20002da2:	dd06      	ble.n	20002db2 <_etoa+0x28e>
20002da4:	464a      	mov	r2, r9
20002da6:	1a98      	subs	r0, r3, r2
20002da8:	1e43      	subs	r3, r0, #1
20002daa:	931c      	str	r3, [sp, #112]	; 0x70
20002dac:	e003      	b.n	20002db6 <_etoa+0x292>
20002dae:	2605      	movs	r6, #5
20002db0:	e7df      	b.n	20002d72 <_etoa+0x24e>
20002db2:	2300      	movs	r3, #0
20002db4:	931c      	str	r3, [sp, #112]	; 0x70
20002db6:	2380      	movs	r3, #128	; 0x80
20002db8:	00db      	lsls	r3, r3, #3
20002dba:	9a1e      	ldr	r2, [sp, #120]	; 0x78
20002dbc:	431a      	orrs	r2, r3
20002dbe:	921e      	str	r2, [sp, #120]	; 0x78
20002dc0:	2600      	movs	r6, #0
20002dc2:	2300      	movs	r3, #0
20002dc4:	4699      	mov	r9, r3
20002dc6:	9b1d      	ldr	r3, [sp, #116]	; 0x74
20002dc8:	429e      	cmp	r6, r3
20002dca:	d264      	bcs.n	20002e96 <_etoa+0x372>
20002dcc:	1b9f      	subs	r7, r3, r6
20002dce:	2302      	movs	r3, #2
20002dd0:	9a1e      	ldr	r2, [sp, #120]	; 0x78
20002dd2:	401a      	ands	r2, r3
20002dd4:	920a      	str	r2, [sp, #40]	; 0x28
20002dd6:	9a1e      	ldr	r2, [sp, #120]	; 0x78
20002dd8:	4213      	tst	r3, r2
20002dda:	d002      	beq.n	20002de2 <_etoa+0x2be>
20002ddc:	2e00      	cmp	r6, #0
20002dde:	d000      	beq.n	20002de2 <_etoa+0x2be>
20002de0:	2700      	movs	r7, #0
20002de2:	464b      	mov	r3, r9
20002de4:	2b00      	cmp	r3, #0
20002de6:	d007      	beq.n	20002df8 <_etoa+0x2d4>
20002de8:	0022      	movs	r2, r4
20002dea:	002b      	movs	r3, r5
20002dec:	9806      	ldr	r0, [sp, #24]
20002dee:	9907      	ldr	r1, [sp, #28]
20002df0:	f001 f80f 	bl	20003e12 <__wrap___aeabi_ddiv>
20002df4:	9006      	str	r0, [sp, #24]
20002df6:	9107      	str	r1, [sp, #28]
20002df8:	2200      	movs	r2, #0
20002dfa:	2300      	movs	r3, #0
20002dfc:	9808      	ldr	r0, [sp, #32]
20002dfe:	9909      	ldr	r1, [sp, #36]	; 0x24
20002e00:	f001 f860 	bl	20003ec4 <__wrap___aeabi_dcmplt>
20002e04:	2800      	cmp	r0, #0
20002e06:	d148      	bne.n	20002e9a <_etoa+0x376>
20002e08:	4b44      	ldr	r3, [pc, #272]	; (20002f1c <_etoa+0x3f8>)
20002e0a:	9a1e      	ldr	r2, [sp, #120]	; 0x78
20002e0c:	4013      	ands	r3, r2
20002e0e:	9304      	str	r3, [sp, #16]
20002e10:	9703      	str	r7, [sp, #12]
20002e12:	9b1c      	ldr	r3, [sp, #112]	; 0x70
20002e14:	9302      	str	r3, [sp, #8]
20002e16:	9b06      	ldr	r3, [sp, #24]
20002e18:	9c07      	ldr	r4, [sp, #28]
20002e1a:	9300      	str	r3, [sp, #0]
20002e1c:	9401      	str	r4, [sp, #4]
20002e1e:	4643      	mov	r3, r8
20002e20:	9a0c      	ldr	r2, [sp, #48]	; 0x30
20002e22:	4651      	mov	r1, sl
20002e24:	4658      	mov	r0, fp
20002e26:	f000 f887 	bl	20002f38 <_ftoa>
20002e2a:	2e00      	cmp	r6, #0
20002e2c:	d100      	bne.n	20002e30 <_etoa+0x30c>
20002e2e:	e787      	b.n	20002d40 <_etoa+0x21c>
20002e30:	9b1e      	ldr	r3, [sp, #120]	; 0x78
20002e32:	069b      	lsls	r3, r3, #26
20002e34:	d53d      	bpl.n	20002eb2 <_etoa+0x38e>
20002e36:	2545      	movs	r5, #69	; 0x45
20002e38:	1c44      	adds	r4, r0, #1
20002e3a:	4643      	mov	r3, r8
20002e3c:	0002      	movs	r2, r0
20002e3e:	4651      	mov	r1, sl
20002e40:	0028      	movs	r0, r5
20002e42:	47d8      	blx	fp
20002e44:	464b      	mov	r3, r9
20002e46:	17da      	asrs	r2, r3, #31
20002e48:	189b      	adds	r3, r3, r2
20002e4a:	4053      	eors	r3, r2
20002e4c:	2205      	movs	r2, #5
20002e4e:	9205      	str	r2, [sp, #20]
20002e50:	3e01      	subs	r6, #1
20002e52:	9604      	str	r6, [sp, #16]
20002e54:	2200      	movs	r2, #0
20002e56:	9203      	str	r2, [sp, #12]
20002e58:	320a      	adds	r2, #10
20002e5a:	9202      	str	r2, [sp, #8]
20002e5c:	464a      	mov	r2, r9
20002e5e:	0fd0      	lsrs	r0, r2, #31
20002e60:	9001      	str	r0, [sp, #4]
20002e62:	9300      	str	r3, [sp, #0]
20002e64:	4643      	mov	r3, r8
20002e66:	0022      	movs	r2, r4
20002e68:	4651      	mov	r1, sl
20002e6a:	4658      	mov	r0, fp
20002e6c:	f7ff fd8a 	bl	20002984 <_ntoa_long>
20002e70:	9b0a      	ldr	r3, [sp, #40]	; 0x28
20002e72:	2b00      	cmp	r3, #0
20002e74:	d100      	bne.n	20002e78 <_etoa+0x354>
20002e76:	e763      	b.n	20002d40 <_etoa+0x21c>
20002e78:	0002      	movs	r2, r0
20002e7a:	465f      	mov	r7, fp
20002e7c:	9e0c      	ldr	r6, [sp, #48]	; 0x30
20002e7e:	9d1d      	ldr	r5, [sp, #116]	; 0x74
20002e80:	e054      	b.n	20002f2c <_etoa+0x408>
20002e82:	9b1c      	ldr	r3, [sp, #112]	; 0x70
20002e84:	2b00      	cmp	r3, #0
20002e86:	d09e      	beq.n	20002dc6 <_etoa+0x2a2>
20002e88:	9b0d      	ldr	r3, [sp, #52]	; 0x34
20002e8a:	2b00      	cmp	r3, #0
20002e8c:	d09b      	beq.n	20002dc6 <_etoa+0x2a2>
20002e8e:	9b1c      	ldr	r3, [sp, #112]	; 0x70
20002e90:	3b01      	subs	r3, #1
20002e92:	931c      	str	r3, [sp, #112]	; 0x70
20002e94:	e797      	b.n	20002dc6 <_etoa+0x2a2>
20002e96:	2700      	movs	r7, #0
20002e98:	e799      	b.n	20002dce <_etoa+0x2aa>
20002e9a:	9c06      	ldr	r4, [sp, #24]
20002e9c:	9d07      	ldr	r5, [sp, #28]
20002e9e:	0022      	movs	r2, r4
20002ea0:	0029      	movs	r1, r5
20002ea2:	2080      	movs	r0, #128	; 0x80
20002ea4:	0600      	lsls	r0, r0, #24
20002ea6:	4684      	mov	ip, r0
20002ea8:	4461      	add	r1, ip
20002eaa:	000b      	movs	r3, r1
20002eac:	9206      	str	r2, [sp, #24]
20002eae:	9307      	str	r3, [sp, #28]
20002eb0:	e7aa      	b.n	20002e08 <_etoa+0x2e4>
20002eb2:	2565      	movs	r5, #101	; 0x65
20002eb4:	e7c0      	b.n	20002e38 <_etoa+0x314>
20002eb6:	46c0      	nop			; (mov r8, r8)
20002eb8:	7fefffff 	.word	0x7fefffff
20002ebc:	ffefffff 	.word	0xffefffff
20002ec0:	fffffc01 	.word	0xfffffc01
20002ec4:	3ff00000 	.word	0x3ff00000
20002ec8:	509f79fb 	.word	0x509f79fb
20002ecc:	3fd34413 	.word	0x3fd34413
20002ed0:	8b60c8b3 	.word	0x8b60c8b3
20002ed4:	3fc68a28 	.word	0x3fc68a28
20002ed8:	3ff80000 	.word	0x3ff80000
20002edc:	636f4361 	.word	0x636f4361
20002ee0:	3fd287a7 	.word	0x3fd287a7
20002ee4:	0979a371 	.word	0x0979a371
20002ee8:	400a934f 	.word	0x400a934f
20002eec:	3fe00000 	.word	0x3fe00000
20002ef0:	bbb55516 	.word	0xbbb55516
20002ef4:	40026bb1 	.word	0x40026bb1
20002ef8:	fefa39ef 	.word	0xfefa39ef
20002efc:	3fe62e42 	.word	0x3fe62e42
20002f00:	000003ff 	.word	0x000003ff
20002f04:	402c0000 	.word	0x402c0000
20002f08:	40240000 	.word	0x40240000
20002f0c:	40180000 	.word	0x40180000
20002f10:	eb1c432d 	.word	0xeb1c432d
20002f14:	3f1a36e2 	.word	0x3f1a36e2
20002f18:	412e8480 	.word	0x412e8480
20002f1c:	fffff7ff 	.word	0xfffff7ff
20002f20:	1c54      	adds	r4, r2, #1
20002f22:	4643      	mov	r3, r8
20002f24:	4651      	mov	r1, sl
20002f26:	2020      	movs	r0, #32
20002f28:	47b8      	blx	r7
20002f2a:	0022      	movs	r2, r4
20002f2c:	1b93      	subs	r3, r2, r6
20002f2e:	42ab      	cmp	r3, r5
20002f30:	d3f6      	bcc.n	20002f20 <_etoa+0x3fc>
20002f32:	0010      	movs	r0, r2
20002f34:	e704      	b.n	20002d40 <_etoa+0x21c>
20002f36:	46c0      	nop			; (mov r8, r8)

20002f38 <_ftoa>:
20002f38:	b5f0      	push	{r4, r5, r6, r7, lr}
20002f3a:	46de      	mov	lr, fp
20002f3c:	4657      	mov	r7, sl
20002f3e:	464e      	mov	r6, r9
20002f40:	4645      	mov	r5, r8
20002f42:	b5e0      	push	{r5, r6, r7, lr}
20002f44:	b095      	sub	sp, #84	; 0x54
20002f46:	9006      	str	r0, [sp, #24]
20002f48:	9107      	str	r1, [sp, #28]
20002f4a:	4693      	mov	fp, r2
20002f4c:	4699      	mov	r9, r3
20002f4e:	9f20      	ldr	r7, [sp, #128]	; 0x80
20002f50:	9a1e      	ldr	r2, [sp, #120]	; 0x78
20002f52:	9b1f      	ldr	r3, [sp, #124]	; 0x7c
20002f54:	0010      	movs	r0, r2
20002f56:	0019      	movs	r1, r3
20002f58:	f000 ffcf 	bl	20003efa <__wrap___aeabi_dcmpun>
20002f5c:	2800      	cmp	r0, #0
20002f5e:	d131      	bne.n	20002fc4 <_ftoa+0x8c>
20002f60:	2201      	movs	r2, #1
20002f62:	4252      	negs	r2, r2
20002f64:	4bbf      	ldr	r3, [pc, #764]	; (20003264 <_ftoa+0x32c>)
20002f66:	981e      	ldr	r0, [sp, #120]	; 0x78
20002f68:	991f      	ldr	r1, [sp, #124]	; 0x7c
20002f6a:	f000 ffab 	bl	20003ec4 <__wrap___aeabi_dcmplt>
20002f6e:	2800      	cmp	r0, #0
20002f70:	d137      	bne.n	20002fe2 <_ftoa+0xaa>
20002f72:	2201      	movs	r2, #1
20002f74:	4252      	negs	r2, r2
20002f76:	4bbc      	ldr	r3, [pc, #752]	; (20003268 <_ftoa+0x330>)
20002f78:	981e      	ldr	r0, [sp, #120]	; 0x78
20002f7a:	991f      	ldr	r1, [sp, #124]	; 0x7c
20002f7c:	f000 ffb8 	bl	20003ef0 <__wrap___aeabi_dcmpgt>
20002f80:	2800      	cmp	r0, #0
20002f82:	d13d      	bne.n	20003000 <_ftoa+0xc8>
20002f84:	2200      	movs	r2, #0
20002f86:	4bb9      	ldr	r3, [pc, #740]	; (2000326c <_ftoa+0x334>)
20002f88:	981e      	ldr	r0, [sp, #120]	; 0x78
20002f8a:	991f      	ldr	r1, [sp, #124]	; 0x7c
20002f8c:	f000 ffb0 	bl	20003ef0 <__wrap___aeabi_dcmpgt>
20002f90:	2800      	cmp	r0, #0
20002f92:	d150      	bne.n	20003036 <_ftoa+0xfe>
20002f94:	2200      	movs	r2, #0
20002f96:	4bb6      	ldr	r3, [pc, #728]	; (20003270 <_ftoa+0x338>)
20002f98:	981e      	ldr	r0, [sp, #120]	; 0x78
20002f9a:	991f      	ldr	r1, [sp, #124]	; 0x7c
20002f9c:	f000 ff92 	bl	20003ec4 <__wrap___aeabi_dcmplt>
20002fa0:	2800      	cmp	r0, #0
20002fa2:	d148      	bne.n	20003036 <_ftoa+0xfe>
20002fa4:	2200      	movs	r2, #0
20002fa6:	2300      	movs	r3, #0
20002fa8:	981e      	ldr	r0, [sp, #120]	; 0x78
20002faa:	991f      	ldr	r1, [sp, #124]	; 0x7c
20002fac:	f000 ff8a 	bl	20003ec4 <__wrap___aeabi_dcmplt>
20002fb0:	2800      	cmp	r0, #0
20002fb2:	d150      	bne.n	20003056 <_ftoa+0x11e>
20002fb4:	2300      	movs	r3, #0
20002fb6:	4698      	mov	r8, r3
20002fb8:	9b22      	ldr	r3, [sp, #136]	; 0x88
20002fba:	055b      	lsls	r3, r3, #21
20002fbc:	d400      	bmi.n	20002fc0 <_ftoa+0x88>
20002fbe:	e0b6      	b.n	2000312e <_ftoa+0x1f6>
20002fc0:	2400      	movs	r4, #0
20002fc2:	e058      	b.n	20003076 <_ftoa+0x13e>
20002fc4:	9b22      	ldr	r3, [sp, #136]	; 0x88
20002fc6:	9303      	str	r3, [sp, #12]
20002fc8:	9b21      	ldr	r3, [sp, #132]	; 0x84
20002fca:	9302      	str	r3, [sp, #8]
20002fcc:	2303      	movs	r3, #3
20002fce:	9301      	str	r3, [sp, #4]
20002fd0:	4ba8      	ldr	r3, [pc, #672]	; (20003274 <_ftoa+0x33c>)
20002fd2:	9300      	str	r3, [sp, #0]
20002fd4:	464b      	mov	r3, r9
20002fd6:	465a      	mov	r2, fp
20002fd8:	9907      	ldr	r1, [sp, #28]
20002fda:	9806      	ldr	r0, [sp, #24]
20002fdc:	f7ff fbf2 	bl	200027c4 <_out_rev>
20002fe0:	e10e      	b.n	20003200 <_ftoa+0x2c8>
20002fe2:	9b22      	ldr	r3, [sp, #136]	; 0x88
20002fe4:	9303      	str	r3, [sp, #12]
20002fe6:	9b21      	ldr	r3, [sp, #132]	; 0x84
20002fe8:	9302      	str	r3, [sp, #8]
20002fea:	2304      	movs	r3, #4
20002fec:	9301      	str	r3, [sp, #4]
20002fee:	4ba2      	ldr	r3, [pc, #648]	; (20003278 <_ftoa+0x340>)
20002ff0:	9300      	str	r3, [sp, #0]
20002ff2:	464b      	mov	r3, r9
20002ff4:	465a      	mov	r2, fp
20002ff6:	9907      	ldr	r1, [sp, #28]
20002ff8:	9806      	ldr	r0, [sp, #24]
20002ffa:	f7ff fbe3 	bl	200027c4 <_out_rev>
20002ffe:	e0ff      	b.n	20003200 <_ftoa+0x2c8>
20003000:	2304      	movs	r3, #4
20003002:	9a22      	ldr	r2, [sp, #136]	; 0x88
20003004:	401a      	ands	r2, r3
20003006:	9922      	ldr	r1, [sp, #136]	; 0x88
20003008:	420b      	tst	r3, r1
2000300a:	d010      	beq.n	2000302e <_ftoa+0xf6>
2000300c:	4b9b      	ldr	r3, [pc, #620]	; (2000327c <_ftoa+0x344>)
2000300e:	2a00      	cmp	r2, #0
20003010:	d00f      	beq.n	20003032 <_ftoa+0xfa>
20003012:	2204      	movs	r2, #4
20003014:	9922      	ldr	r1, [sp, #136]	; 0x88
20003016:	9103      	str	r1, [sp, #12]
20003018:	9921      	ldr	r1, [sp, #132]	; 0x84
2000301a:	9102      	str	r1, [sp, #8]
2000301c:	9201      	str	r2, [sp, #4]
2000301e:	9300      	str	r3, [sp, #0]
20003020:	464b      	mov	r3, r9
20003022:	465a      	mov	r2, fp
20003024:	9907      	ldr	r1, [sp, #28]
20003026:	9806      	ldr	r0, [sp, #24]
20003028:	f7ff fbcc 	bl	200027c4 <_out_rev>
2000302c:	e0e8      	b.n	20003200 <_ftoa+0x2c8>
2000302e:	4b94      	ldr	r3, [pc, #592]	; (20003280 <_ftoa+0x348>)
20003030:	e7ed      	b.n	2000300e <_ftoa+0xd6>
20003032:	2203      	movs	r2, #3
20003034:	e7ee      	b.n	20003014 <_ftoa+0xdc>
20003036:	9b22      	ldr	r3, [sp, #136]	; 0x88
20003038:	9304      	str	r3, [sp, #16]
2000303a:	9b21      	ldr	r3, [sp, #132]	; 0x84
2000303c:	9303      	str	r3, [sp, #12]
2000303e:	9702      	str	r7, [sp, #8]
20003040:	9b1e      	ldr	r3, [sp, #120]	; 0x78
20003042:	9c1f      	ldr	r4, [sp, #124]	; 0x7c
20003044:	9300      	str	r3, [sp, #0]
20003046:	9401      	str	r4, [sp, #4]
20003048:	464b      	mov	r3, r9
2000304a:	465a      	mov	r2, fp
2000304c:	9907      	ldr	r1, [sp, #28]
2000304e:	9806      	ldr	r0, [sp, #24]
20003050:	f7ff fd68 	bl	20002b24 <_etoa>
20003054:	e0d4      	b.n	20003200 <_ftoa+0x2c8>
20003056:	9a1e      	ldr	r2, [sp, #120]	; 0x78
20003058:	9b1f      	ldr	r3, [sp, #124]	; 0x7c
2000305a:	2000      	movs	r0, #0
2000305c:	2100      	movs	r1, #0
2000305e:	f000 fece 	bl	20003dfe <__wrap___aeabi_dsub>
20003062:	901e      	str	r0, [sp, #120]	; 0x78
20003064:	911f      	str	r1, [sp, #124]	; 0x7c
20003066:	2301      	movs	r3, #1
20003068:	4698      	mov	r8, r3
2000306a:	e7a5      	b.n	20002fb8 <_ftoa+0x80>
2000306c:	ab0c      	add	r3, sp, #48	; 0x30
2000306e:	2230      	movs	r2, #48	; 0x30
20003070:	551a      	strb	r2, [r3, r4]
20003072:	3f01      	subs	r7, #1
20003074:	3401      	adds	r4, #1
20003076:	2c1f      	cmp	r4, #31
20003078:	d801      	bhi.n	2000307e <_ftoa+0x146>
2000307a:	2f09      	cmp	r7, #9
2000307c:	d8f6      	bhi.n	2000306c <_ftoa+0x134>
2000307e:	981e      	ldr	r0, [sp, #120]	; 0x78
20003080:	991f      	ldr	r1, [sp, #124]	; 0x7c
20003082:	f000 ff65 	bl	20003f50 <__wrap___aeabi_d2iz>
20003086:	0005      	movs	r5, r0
20003088:	f000 ff4a 	bl	20003f20 <__wrap___aeabi_i2d>
2000308c:	0002      	movs	r2, r0
2000308e:	000b      	movs	r3, r1
20003090:	981e      	ldr	r0, [sp, #120]	; 0x78
20003092:	991f      	ldr	r1, [sp, #124]	; 0x7c
20003094:	f000 feb3 	bl	20003dfe <__wrap___aeabi_dsub>
20003098:	00fa      	lsls	r2, r7, #3
2000309a:	4b7a      	ldr	r3, [pc, #488]	; (20003284 <_ftoa+0x34c>)
2000309c:	189b      	adds	r3, r3, r2
2000309e:	681a      	ldr	r2, [r3, #0]
200030a0:	685b      	ldr	r3, [r3, #4]
200030a2:	920a      	str	r2, [sp, #40]	; 0x28
200030a4:	930b      	str	r3, [sp, #44]	; 0x2c
200030a6:	f000 fece 	bl	20003e46 <__wrap___aeabi_dmul>
200030aa:	9008      	str	r0, [sp, #32]
200030ac:	9109      	str	r1, [sp, #36]	; 0x24
200030ae:	f000 ff73 	bl	20003f98 <__wrap___aeabi_d2uiz>
200030b2:	0006      	movs	r6, r0
200030b4:	f000 ff30 	bl	20003f18 <__wrap___aeabi_ui2d>
200030b8:	0002      	movs	r2, r0
200030ba:	000b      	movs	r3, r1
200030bc:	9808      	ldr	r0, [sp, #32]
200030be:	9909      	ldr	r1, [sp, #36]	; 0x24
200030c0:	f000 fe9d 	bl	20003dfe <__wrap___aeabi_dsub>
200030c4:	9008      	str	r0, [sp, #32]
200030c6:	9109      	str	r1, [sp, #36]	; 0x24
200030c8:	2200      	movs	r2, #0
200030ca:	4b6f      	ldr	r3, [pc, #444]	; (20003288 <_ftoa+0x350>)
200030cc:	f000 ff10 	bl	20003ef0 <__wrap___aeabi_dcmpgt>
200030d0:	2800      	cmp	r0, #0
200030d2:	d02e      	beq.n	20003132 <_ftoa+0x1fa>
200030d4:	3601      	adds	r6, #1
200030d6:	0030      	movs	r0, r6
200030d8:	f000 ff1e 	bl	20003f18 <__wrap___aeabi_ui2d>
200030dc:	0002      	movs	r2, r0
200030de:	000b      	movs	r3, r1
200030e0:	980a      	ldr	r0, [sp, #40]	; 0x28
200030e2:	990b      	ldr	r1, [sp, #44]	; 0x2c
200030e4:	f000 fef4 	bl	20003ed0 <__wrap___aeabi_dcmple>
200030e8:	2800      	cmp	r0, #0
200030ea:	d001      	beq.n	200030f0 <_ftoa+0x1b8>
200030ec:	3501      	adds	r5, #1
200030ee:	2600      	movs	r6, #0
200030f0:	2f00      	cmp	r7, #0
200030f2:	d12c      	bne.n	2000314e <_ftoa+0x216>
200030f4:	0028      	movs	r0, r5
200030f6:	f000 ff13 	bl	20003f20 <__wrap___aeabi_i2d>
200030fa:	0002      	movs	r2, r0
200030fc:	000b      	movs	r3, r1
200030fe:	981e      	ldr	r0, [sp, #120]	; 0x78
20003100:	991f      	ldr	r1, [sp, #124]	; 0x7c
20003102:	f000 fe7c 	bl	20003dfe <__wrap___aeabi_dsub>
20003106:	0006      	movs	r6, r0
20003108:	000f      	movs	r7, r1
2000310a:	2200      	movs	r2, #0
2000310c:	4b5e      	ldr	r3, [pc, #376]	; (20003288 <_ftoa+0x350>)
2000310e:	f000 fed9 	bl	20003ec4 <__wrap___aeabi_dcmplt>
20003112:	2800      	cmp	r0, #0
20003114:	d146      	bne.n	200031a4 <_ftoa+0x26c>
20003116:	2200      	movs	r2, #0
20003118:	4b5b      	ldr	r3, [pc, #364]	; (20003288 <_ftoa+0x350>)
2000311a:	0030      	movs	r0, r6
2000311c:	0039      	movs	r1, r7
2000311e:	f000 fee7 	bl	20003ef0 <__wrap___aeabi_dcmpgt>
20003122:	2800      	cmp	r0, #0
20003124:	d13e      	bne.n	200031a4 <_ftoa+0x26c>
20003126:	07eb      	lsls	r3, r5, #31
20003128:	d53c      	bpl.n	200031a4 <_ftoa+0x26c>
2000312a:	3501      	adds	r5, #1
2000312c:	e03a      	b.n	200031a4 <_ftoa+0x26c>
2000312e:	2706      	movs	r7, #6
20003130:	e746      	b.n	20002fc0 <_ftoa+0x88>
20003132:	2200      	movs	r2, #0
20003134:	4b54      	ldr	r3, [pc, #336]	; (20003288 <_ftoa+0x350>)
20003136:	9808      	ldr	r0, [sp, #32]
20003138:	9909      	ldr	r1, [sp, #36]	; 0x24
2000313a:	f000 fec3 	bl	20003ec4 <__wrap___aeabi_dcmplt>
2000313e:	2800      	cmp	r0, #0
20003140:	d1d6      	bne.n	200030f0 <_ftoa+0x1b8>
20003142:	2e00      	cmp	r6, #0
20003144:	d001      	beq.n	2000314a <_ftoa+0x212>
20003146:	07f3      	lsls	r3, r6, #31
20003148:	d5d2      	bpl.n	200030f0 <_ftoa+0x1b8>
2000314a:	3601      	adds	r6, #1
2000314c:	e7d0      	b.n	200030f0 <_ftoa+0x1b8>
2000314e:	46aa      	mov	sl, r5
20003150:	2c1f      	cmp	r4, #31
20003152:	d811      	bhi.n	20003178 <_ftoa+0x240>
20003154:	3f01      	subs	r7, #1
20003156:	210a      	movs	r1, #10
20003158:	0030      	movs	r0, r6
2000315a:	f000 fc15 	bl	20003988 <__wrap___aeabi_uidiv>
2000315e:	1c65      	adds	r5, r4, #1
20003160:	3130      	adds	r1, #48	; 0x30
20003162:	ab0c      	add	r3, sp, #48	; 0x30
20003164:	5519      	strb	r1, [r3, r4]
20003166:	210a      	movs	r1, #10
20003168:	0030      	movs	r0, r6
2000316a:	f000 fc0d 	bl	20003988 <__wrap___aeabi_uidiv>
2000316e:	2e09      	cmp	r6, #9
20003170:	d90e      	bls.n	20003190 <_ftoa+0x258>
20003172:	0006      	movs	r6, r0
20003174:	002c      	movs	r4, r5
20003176:	e7eb      	b.n	20003150 <_ftoa+0x218>
20003178:	4655      	mov	r5, sl
2000317a:	2c1f      	cmp	r4, #31
2000317c:	d80c      	bhi.n	20003198 <_ftoa+0x260>
2000317e:	1e7b      	subs	r3, r7, #1
20003180:	2f00      	cmp	r7, #0
20003182:	d009      	beq.n	20003198 <_ftoa+0x260>
20003184:	aa0c      	add	r2, sp, #48	; 0x30
20003186:	2130      	movs	r1, #48	; 0x30
20003188:	5511      	strb	r1, [r2, r4]
2000318a:	001f      	movs	r7, r3
2000318c:	3401      	adds	r4, #1
2000318e:	e7f4      	b.n	2000317a <_ftoa+0x242>
20003190:	002b      	movs	r3, r5
20003192:	4655      	mov	r5, sl
20003194:	001c      	movs	r4, r3
20003196:	e7f0      	b.n	2000317a <_ftoa+0x242>
20003198:	2c1f      	cmp	r4, #31
2000319a:	d803      	bhi.n	200031a4 <_ftoa+0x26c>
2000319c:	ab0c      	add	r3, sp, #48	; 0x30
2000319e:	222e      	movs	r2, #46	; 0x2e
200031a0:	551a      	strb	r2, [r3, r4]
200031a2:	3401      	adds	r4, #1
200031a4:	2c1f      	cmp	r4, #31
200031a6:	d810      	bhi.n	200031ca <_ftoa+0x292>
200031a8:	210a      	movs	r1, #10
200031aa:	0028      	movs	r0, r5
200031ac:	f000 fbc4 	bl	20003938 <__wrap___aeabi_idiv>
200031b0:	1c66      	adds	r6, r4, #1
200031b2:	3130      	adds	r1, #48	; 0x30
200031b4:	ab0c      	add	r3, sp, #48	; 0x30
200031b6:	5519      	strb	r1, [r3, r4]
200031b8:	210a      	movs	r1, #10
200031ba:	0028      	movs	r0, r5
200031bc:	f000 fbbc 	bl	20003938 <__wrap___aeabi_idiv>
200031c0:	1e05      	subs	r5, r0, #0
200031c2:	d001      	beq.n	200031c8 <_ftoa+0x290>
200031c4:	0034      	movs	r4, r6
200031c6:	e7ed      	b.n	200031a4 <_ftoa+0x26c>
200031c8:	0034      	movs	r4, r6
200031ca:	2303      	movs	r3, #3
200031cc:	9a22      	ldr	r2, [sp, #136]	; 0x88
200031ce:	4013      	ands	r3, r2
200031d0:	2b01      	cmp	r3, #1
200031d2:	d01c      	beq.n	2000320e <_ftoa+0x2d6>
200031d4:	2c1f      	cmp	r4, #31
200031d6:	d806      	bhi.n	200031e6 <_ftoa+0x2ae>
200031d8:	4643      	mov	r3, r8
200031da:	2b00      	cmp	r3, #0
200031dc:	d032      	beq.n	20003244 <_ftoa+0x30c>
200031de:	ab0c      	add	r3, sp, #48	; 0x30
200031e0:	222d      	movs	r2, #45	; 0x2d
200031e2:	551a      	strb	r2, [r3, r4]
200031e4:	3401      	adds	r4, #1
200031e6:	9b22      	ldr	r3, [sp, #136]	; 0x88
200031e8:	9303      	str	r3, [sp, #12]
200031ea:	9b21      	ldr	r3, [sp, #132]	; 0x84
200031ec:	9302      	str	r3, [sp, #8]
200031ee:	9401      	str	r4, [sp, #4]
200031f0:	ab0c      	add	r3, sp, #48	; 0x30
200031f2:	9300      	str	r3, [sp, #0]
200031f4:	464b      	mov	r3, r9
200031f6:	465a      	mov	r2, fp
200031f8:	9907      	ldr	r1, [sp, #28]
200031fa:	9806      	ldr	r0, [sp, #24]
200031fc:	f7ff fae2 	bl	200027c4 <_out_rev>
20003200:	b015      	add	sp, #84	; 0x54
20003202:	bcf0      	pop	{r4, r5, r6, r7}
20003204:	46bb      	mov	fp, r7
20003206:	46b2      	mov	sl, r6
20003208:	46a9      	mov	r9, r5
2000320a:	46a0      	mov	r8, r4
2000320c:	bdf0      	pop	{r4, r5, r6, r7, pc}
2000320e:	9b21      	ldr	r3, [sp, #132]	; 0x84
20003210:	2b00      	cmp	r3, #0
20003212:	d013      	beq.n	2000323c <_ftoa+0x304>
20003214:	4643      	mov	r3, r8
20003216:	2b00      	cmp	r3, #0
20003218:	d102      	bne.n	20003220 <_ftoa+0x2e8>
2000321a:	330c      	adds	r3, #12
2000321c:	4213      	tst	r3, r2
2000321e:	d00f      	beq.n	20003240 <_ftoa+0x308>
20003220:	9b21      	ldr	r3, [sp, #132]	; 0x84
20003222:	3b01      	subs	r3, #1
20003224:	9321      	str	r3, [sp, #132]	; 0x84
20003226:	0019      	movs	r1, r3
20003228:	e003      	b.n	20003232 <_ftoa+0x2fa>
2000322a:	ab0c      	add	r3, sp, #48	; 0x30
2000322c:	2230      	movs	r2, #48	; 0x30
2000322e:	551a      	strb	r2, [r3, r4]
20003230:	3401      	adds	r4, #1
20003232:	428c      	cmp	r4, r1
20003234:	d2ce      	bcs.n	200031d4 <_ftoa+0x29c>
20003236:	2c1f      	cmp	r4, #31
20003238:	d9f7      	bls.n	2000322a <_ftoa+0x2f2>
2000323a:	e7cb      	b.n	200031d4 <_ftoa+0x29c>
2000323c:	9921      	ldr	r1, [sp, #132]	; 0x84
2000323e:	e7f8      	b.n	20003232 <_ftoa+0x2fa>
20003240:	9921      	ldr	r1, [sp, #132]	; 0x84
20003242:	e7f6      	b.n	20003232 <_ftoa+0x2fa>
20003244:	9b22      	ldr	r3, [sp, #136]	; 0x88
20003246:	075b      	lsls	r3, r3, #29
20003248:	d504      	bpl.n	20003254 <_ftoa+0x31c>
2000324a:	ab0c      	add	r3, sp, #48	; 0x30
2000324c:	222b      	movs	r2, #43	; 0x2b
2000324e:	551a      	strb	r2, [r3, r4]
20003250:	3401      	adds	r4, #1
20003252:	e7c8      	b.n	200031e6 <_ftoa+0x2ae>
20003254:	9b22      	ldr	r3, [sp, #136]	; 0x88
20003256:	071b      	lsls	r3, r3, #28
20003258:	d5c5      	bpl.n	200031e6 <_ftoa+0x2ae>
2000325a:	ab0c      	add	r3, sp, #48	; 0x30
2000325c:	2220      	movs	r2, #32
2000325e:	551a      	strb	r2, [r3, r4]
20003260:	3401      	adds	r4, #1
20003262:	e7c0      	b.n	200031e6 <_ftoa+0x2ae>
20003264:	ffefffff 	.word	0xffefffff
20003268:	7fefffff 	.word	0x7fefffff
2000326c:	41cdcd65 	.word	0x41cdcd65
20003270:	c1cdcd65 	.word	0xc1cdcd65
20003274:	200055ac 	.word	0x200055ac
20003278:	200055b0 	.word	0x200055b0
2000327c:	200055a4 	.word	0x200055a4
20003280:	200055a0 	.word	0x200055a0
20003284:	20005798 	.word	0x20005798
20003288:	3fe00000 	.word	0x3fe00000

2000328c <_vsnprintf>:
2000328c:	b5f0      	push	{r4, r5, r6, r7, lr}
2000328e:	46de      	mov	lr, fp
20003290:	4657      	mov	r7, sl
20003292:	464e      	mov	r6, r9
20003294:	4645      	mov	r5, r8
20003296:	b5e0      	push	{r5, r6, r7, lr}
20003298:	b093      	sub	sp, #76	; 0x4c
2000329a:	4682      	mov	sl, r0
2000329c:	468b      	mov	fp, r1
2000329e:	4690      	mov	r8, r2
200032a0:	9311      	str	r3, [sp, #68]	; 0x44
200032a2:	2900      	cmp	r1, #0
200032a4:	d100      	bne.n	200032a8 <_vsnprintf+0x1c>
200032a6:	e2eb      	b.n	20003880 <_vsnprintf+0x5f4>
200032a8:	2700      	movs	r7, #0
200032aa:	4655      	mov	r5, sl
200032ac:	9b11      	ldr	r3, [sp, #68]	; 0x44
200032ae:	7818      	ldrb	r0, [r3, #0]
200032b0:	2800      	cmp	r0, #0
200032b2:	d100      	bne.n	200032b6 <_vsnprintf+0x2a>
200032b4:	e2e7      	b.n	20003886 <_vsnprintf+0x5fa>
200032b6:	2825      	cmp	r0, #37	; 0x25
200032b8:	d009      	beq.n	200032ce <_vsnprintf+0x42>
200032ba:	1c7c      	adds	r4, r7, #1
200032bc:	4643      	mov	r3, r8
200032be:	003a      	movs	r2, r7
200032c0:	4659      	mov	r1, fp
200032c2:	47a8      	blx	r5
200032c4:	9b11      	ldr	r3, [sp, #68]	; 0x44
200032c6:	3301      	adds	r3, #1
200032c8:	9311      	str	r3, [sp, #68]	; 0x44
200032ca:	0027      	movs	r7, r4
200032cc:	e7ee      	b.n	200032ac <_vsnprintf+0x20>
200032ce:	3301      	adds	r3, #1
200032d0:	9311      	str	r3, [sp, #68]	; 0x44
200032d2:	2400      	movs	r4, #0
200032d4:	9a11      	ldr	r2, [sp, #68]	; 0x44
200032d6:	7811      	ldrb	r1, [r2, #0]
200032d8:	000b      	movs	r3, r1
200032da:	3b20      	subs	r3, #32
200032dc:	b2d8      	uxtb	r0, r3
200032de:	2810      	cmp	r0, #16
200032e0:	d803      	bhi.n	200032ea <_vsnprintf+0x5e>
200032e2:	0083      	lsls	r3, r0, #2
200032e4:	48d0      	ldr	r0, [pc, #832]	; (20003628 <_vsnprintf+0x39c>)
200032e6:	58c3      	ldr	r3, [r0, r3]
200032e8:	469f      	mov	pc, r3
200032ea:	000b      	movs	r3, r1
200032ec:	3b30      	subs	r3, #48	; 0x30
200032ee:	b2db      	uxtb	r3, r3
200032f0:	2b09      	cmp	r3, #9
200032f2:	d92c      	bls.n	2000334e <_vsnprintf+0xc2>
200032f4:	292a      	cmp	r1, #42	; 0x2a
200032f6:	d02f      	beq.n	20003358 <_vsnprintf+0xcc>
200032f8:	2300      	movs	r3, #0
200032fa:	930a      	str	r3, [sp, #40]	; 0x28
200032fc:	9b11      	ldr	r3, [sp, #68]	; 0x44
200032fe:	781a      	ldrb	r2, [r3, #0]
20003300:	2a2e      	cmp	r2, #46	; 0x2e
20003302:	d039      	beq.n	20003378 <_vsnprintf+0xec>
20003304:	2300      	movs	r3, #0
20003306:	469a      	mov	sl, r3
20003308:	9a11      	ldr	r2, [sp, #68]	; 0x44
2000330a:	7813      	ldrb	r3, [r2, #0]
2000330c:	3b68      	subs	r3, #104	; 0x68
2000330e:	b2d9      	uxtb	r1, r3
20003310:	2912      	cmp	r1, #18
20003312:	d876      	bhi.n	20003402 <_vsnprintf+0x176>
20003314:	008b      	lsls	r3, r1, #2
20003316:	49c5      	ldr	r1, [pc, #788]	; (2000362c <_vsnprintf+0x3a0>)
20003318:	58cb      	ldr	r3, [r1, r3]
2000331a:	469f      	mov	pc, r3
2000331c:	2301      	movs	r3, #1
2000331e:	431c      	orrs	r4, r3
20003320:	3201      	adds	r2, #1
20003322:	9211      	str	r2, [sp, #68]	; 0x44
20003324:	e7d6      	b.n	200032d4 <_vsnprintf+0x48>
20003326:	2302      	movs	r3, #2
20003328:	431c      	orrs	r4, r3
2000332a:	3201      	adds	r2, #1
2000332c:	9211      	str	r2, [sp, #68]	; 0x44
2000332e:	e7d1      	b.n	200032d4 <_vsnprintf+0x48>
20003330:	2304      	movs	r3, #4
20003332:	431c      	orrs	r4, r3
20003334:	3201      	adds	r2, #1
20003336:	9211      	str	r2, [sp, #68]	; 0x44
20003338:	e7cc      	b.n	200032d4 <_vsnprintf+0x48>
2000333a:	2308      	movs	r3, #8
2000333c:	431c      	orrs	r4, r3
2000333e:	3201      	adds	r2, #1
20003340:	9211      	str	r2, [sp, #68]	; 0x44
20003342:	e7c7      	b.n	200032d4 <_vsnprintf+0x48>
20003344:	2310      	movs	r3, #16
20003346:	431c      	orrs	r4, r3
20003348:	3201      	adds	r2, #1
2000334a:	9211      	str	r2, [sp, #68]	; 0x44
2000334c:	e7c2      	b.n	200032d4 <_vsnprintf+0x48>
2000334e:	a811      	add	r0, sp, #68	; 0x44
20003350:	f7ff fa26 	bl	200027a0 <_atoi>
20003354:	900a      	str	r0, [sp, #40]	; 0x28
20003356:	e7d1      	b.n	200032fc <_vsnprintf+0x70>
20003358:	9b1c      	ldr	r3, [sp, #112]	; 0x70
2000335a:	1d1a      	adds	r2, r3, #4
2000335c:	921c      	str	r2, [sp, #112]	; 0x70
2000335e:	6818      	ldr	r0, [r3, #0]
20003360:	2800      	cmp	r0, #0
20003362:	db04      	blt.n	2000336e <_vsnprintf+0xe2>
20003364:	900a      	str	r0, [sp, #40]	; 0x28
20003366:	9b11      	ldr	r3, [sp, #68]	; 0x44
20003368:	3301      	adds	r3, #1
2000336a:	9311      	str	r3, [sp, #68]	; 0x44
2000336c:	e7c6      	b.n	200032fc <_vsnprintf+0x70>
2000336e:	2302      	movs	r3, #2
20003370:	431c      	orrs	r4, r3
20003372:	4243      	negs	r3, r0
20003374:	930a      	str	r3, [sp, #40]	; 0x28
20003376:	e7f6      	b.n	20003366 <_vsnprintf+0xda>
20003378:	2280      	movs	r2, #128	; 0x80
2000337a:	00d2      	lsls	r2, r2, #3
2000337c:	4314      	orrs	r4, r2
2000337e:	1c5a      	adds	r2, r3, #1
20003380:	9211      	str	r2, [sp, #68]	; 0x44
20003382:	785a      	ldrb	r2, [r3, #1]
20003384:	0013      	movs	r3, r2
20003386:	3b30      	subs	r3, #48	; 0x30
20003388:	b2db      	uxtb	r3, r3
2000338a:	2b09      	cmp	r3, #9
2000338c:	d904      	bls.n	20003398 <_vsnprintf+0x10c>
2000338e:	2a2a      	cmp	r2, #42	; 0x2a
20003390:	d007      	beq.n	200033a2 <_vsnprintf+0x116>
20003392:	2300      	movs	r3, #0
20003394:	469a      	mov	sl, r3
20003396:	e7b7      	b.n	20003308 <_vsnprintf+0x7c>
20003398:	a811      	add	r0, sp, #68	; 0x44
2000339a:	f7ff fa01 	bl	200027a0 <_atoi>
2000339e:	4682      	mov	sl, r0
200033a0:	e7b2      	b.n	20003308 <_vsnprintf+0x7c>
200033a2:	9b1c      	ldr	r3, [sp, #112]	; 0x70
200033a4:	1d1a      	adds	r2, r3, #4
200033a6:	921c      	str	r2, [sp, #112]	; 0x70
200033a8:	6818      	ldr	r0, [r3, #0]
200033aa:	2800      	cmp	r0, #0
200033ac:	db04      	blt.n	200033b8 <_vsnprintf+0x12c>
200033ae:	4682      	mov	sl, r0
200033b0:	9b11      	ldr	r3, [sp, #68]	; 0x44
200033b2:	3301      	adds	r3, #1
200033b4:	9311      	str	r3, [sp, #68]	; 0x44
200033b6:	e7a7      	b.n	20003308 <_vsnprintf+0x7c>
200033b8:	2000      	movs	r0, #0
200033ba:	e7f8      	b.n	200033ae <_vsnprintf+0x122>
200033bc:	2380      	movs	r3, #128	; 0x80
200033be:	005b      	lsls	r3, r3, #1
200033c0:	4323      	orrs	r3, r4
200033c2:	1c51      	adds	r1, r2, #1
200033c4:	9111      	str	r1, [sp, #68]	; 0x44
200033c6:	7852      	ldrb	r2, [r2, #1]
200033c8:	2a6c      	cmp	r2, #108	; 0x6c
200033ca:	d001      	beq.n	200033d0 <_vsnprintf+0x144>
200033cc:	001c      	movs	r4, r3
200033ce:	e018      	b.n	20003402 <_vsnprintf+0x176>
200033d0:	23c0      	movs	r3, #192	; 0xc0
200033d2:	009b      	lsls	r3, r3, #2
200033d4:	431c      	orrs	r4, r3
200033d6:	3101      	adds	r1, #1
200033d8:	9111      	str	r1, [sp, #68]	; 0x44
200033da:	e012      	b.n	20003402 <_vsnprintf+0x176>
200033dc:	2380      	movs	r3, #128	; 0x80
200033de:	4323      	orrs	r3, r4
200033e0:	1c51      	adds	r1, r2, #1
200033e2:	9111      	str	r1, [sp, #68]	; 0x44
200033e4:	7852      	ldrb	r2, [r2, #1]
200033e6:	2a68      	cmp	r2, #104	; 0x68
200033e8:	d001      	beq.n	200033ee <_vsnprintf+0x162>
200033ea:	001c      	movs	r4, r3
200033ec:	e009      	b.n	20003402 <_vsnprintf+0x176>
200033ee:	23c0      	movs	r3, #192	; 0xc0
200033f0:	431c      	orrs	r4, r3
200033f2:	3101      	adds	r1, #1
200033f4:	9111      	str	r1, [sp, #68]	; 0x44
200033f6:	e004      	b.n	20003402 <_vsnprintf+0x176>
200033f8:	2380      	movs	r3, #128	; 0x80
200033fa:	005b      	lsls	r3, r3, #1
200033fc:	431c      	orrs	r4, r3
200033fe:	3201      	adds	r2, #1
20003400:	9211      	str	r2, [sp, #68]	; 0x44
20003402:	9b11      	ldr	r3, [sp, #68]	; 0x44
20003404:	7818      	ldrb	r0, [r3, #0]
20003406:	0003      	movs	r3, r0
20003408:	3b25      	subs	r3, #37	; 0x25
2000340a:	b2da      	uxtb	r2, r3
2000340c:	2a53      	cmp	r2, #83	; 0x53
2000340e:	d900      	bls.n	20003412 <_vsnprintf+0x186>
20003410:	e22c      	b.n	2000386c <_vsnprintf+0x5e0>
20003412:	0093      	lsls	r3, r2, #2
20003414:	4a86      	ldr	r2, [pc, #536]	; (20003630 <_vsnprintf+0x3a4>)
20003416:	58d3      	ldr	r3, [r2, r3]
20003418:	469f      	mov	pc, r3
2000341a:	2380      	movs	r3, #128	; 0x80
2000341c:	009b      	lsls	r3, r3, #2
2000341e:	431c      	orrs	r4, r3
20003420:	3201      	adds	r2, #1
20003422:	9211      	str	r2, [sp, #68]	; 0x44
20003424:	e7ed      	b.n	20003402 <_vsnprintf+0x176>
20003426:	2380      	movs	r3, #128	; 0x80
20003428:	005b      	lsls	r3, r3, #1
2000342a:	431c      	orrs	r4, r3
2000342c:	3201      	adds	r2, #1
2000342e:	9211      	str	r2, [sp, #68]	; 0x44
20003430:	e7e7      	b.n	20003402 <_vsnprintf+0x176>
20003432:	2878      	cmp	r0, #120	; 0x78
20003434:	d009      	beq.n	2000344a <_vsnprintf+0x1be>
20003436:	2858      	cmp	r0, #88	; 0x58
20003438:	d038      	beq.n	200034ac <_vsnprintf+0x220>
2000343a:	286f      	cmp	r0, #111	; 0x6f
2000343c:	d038      	beq.n	200034b0 <_vsnprintf+0x224>
2000343e:	2862      	cmp	r0, #98	; 0x62
20003440:	d038      	beq.n	200034b4 <_vsnprintf+0x228>
20003442:	2310      	movs	r3, #16
20003444:	439c      	bics	r4, r3
20003446:	260a      	movs	r6, #10
20003448:	e000      	b.n	2000344c <_vsnprintf+0x1c0>
2000344a:	2610      	movs	r6, #16
2000344c:	2858      	cmp	r0, #88	; 0x58
2000344e:	d033      	beq.n	200034b8 <_vsnprintf+0x22c>
20003450:	2869      	cmp	r0, #105	; 0x69
20003452:	d003      	beq.n	2000345c <_vsnprintf+0x1d0>
20003454:	2864      	cmp	r0, #100	; 0x64
20003456:	d001      	beq.n	2000345c <_vsnprintf+0x1d0>
20003458:	220c      	movs	r2, #12
2000345a:	4394      	bics	r4, r2
2000345c:	0563      	lsls	r3, r4, #21
2000345e:	d501      	bpl.n	20003464 <_vsnprintf+0x1d8>
20003460:	2201      	movs	r2, #1
20003462:	4394      	bics	r4, r2
20003464:	2869      	cmp	r0, #105	; 0x69
20003466:	d02a      	beq.n	200034be <_vsnprintf+0x232>
20003468:	2864      	cmp	r0, #100	; 0x64
2000346a:	d028      	beq.n	200034be <_vsnprintf+0x232>
2000346c:	05a3      	lsls	r3, r4, #22
2000346e:	d500      	bpl.n	20003472 <_vsnprintf+0x1e6>
20003470:	e09f      	b.n	200035b2 <_vsnprintf+0x326>
20003472:	05e3      	lsls	r3, r4, #23
20003474:	d500      	bpl.n	20003478 <_vsnprintf+0x1ec>
20003476:	e0b8      	b.n	200035ea <_vsnprintf+0x35e>
20003478:	0663      	lsls	r3, r4, #25
2000347a:	d400      	bmi.n	2000347e <_vsnprintf+0x1f2>
2000347c:	e0ca      	b.n	20003614 <_vsnprintf+0x388>
2000347e:	9a1c      	ldr	r2, [sp, #112]	; 0x70
20003480:	1d11      	adds	r1, r2, #4
20003482:	911c      	str	r1, [sp, #112]	; 0x70
20003484:	6811      	ldr	r1, [r2, #0]
20003486:	22ff      	movs	r2, #255	; 0xff
20003488:	400a      	ands	r2, r1
2000348a:	9405      	str	r4, [sp, #20]
2000348c:	9b0a      	ldr	r3, [sp, #40]	; 0x28
2000348e:	9304      	str	r3, [sp, #16]
20003490:	4653      	mov	r3, sl
20003492:	9303      	str	r3, [sp, #12]
20003494:	9602      	str	r6, [sp, #8]
20003496:	2300      	movs	r3, #0
20003498:	9301      	str	r3, [sp, #4]
2000349a:	9200      	str	r2, [sp, #0]
2000349c:	4643      	mov	r3, r8
2000349e:	003a      	movs	r2, r7
200034a0:	4659      	mov	r1, fp
200034a2:	0028      	movs	r0, r5
200034a4:	f7ff fa6e 	bl	20002984 <_ntoa_long>
200034a8:	0007      	movs	r7, r0
200034aa:	e027      	b.n	200034fc <_vsnprintf+0x270>
200034ac:	2610      	movs	r6, #16
200034ae:	e7cd      	b.n	2000344c <_vsnprintf+0x1c0>
200034b0:	2608      	movs	r6, #8
200034b2:	e7cb      	b.n	2000344c <_vsnprintf+0x1c0>
200034b4:	2602      	movs	r6, #2
200034b6:	e7c9      	b.n	2000344c <_vsnprintf+0x1c0>
200034b8:	2220      	movs	r2, #32
200034ba:	4314      	orrs	r4, r2
200034bc:	e7c8      	b.n	20003450 <_vsnprintf+0x1c4>
200034be:	05a3      	lsls	r3, r4, #22
200034c0:	d420      	bmi.n	20003504 <_vsnprintf+0x278>
200034c2:	05e3      	lsls	r3, r4, #23
200034c4:	d450      	bmi.n	20003568 <_vsnprintf+0x2dc>
200034c6:	0663      	lsls	r3, r4, #25
200034c8:	d566      	bpl.n	20003598 <_vsnprintf+0x30c>
200034ca:	9a1c      	ldr	r2, [sp, #112]	; 0x70
200034cc:	1d11      	adds	r1, r2, #4
200034ce:	911c      	str	r1, [sp, #112]	; 0x70
200034d0:	6811      	ldr	r1, [r2, #0]
200034d2:	22ff      	movs	r2, #255	; 0xff
200034d4:	400a      	ands	r2, r1
200034d6:	17d3      	asrs	r3, r2, #31
200034d8:	18d1      	adds	r1, r2, r3
200034da:	4059      	eors	r1, r3
200034dc:	9405      	str	r4, [sp, #20]
200034de:	9b0a      	ldr	r3, [sp, #40]	; 0x28
200034e0:	9304      	str	r3, [sp, #16]
200034e2:	4653      	mov	r3, sl
200034e4:	9303      	str	r3, [sp, #12]
200034e6:	9602      	str	r6, [sp, #8]
200034e8:	0fd2      	lsrs	r2, r2, #31
200034ea:	9201      	str	r2, [sp, #4]
200034ec:	9100      	str	r1, [sp, #0]
200034ee:	4643      	mov	r3, r8
200034f0:	003a      	movs	r2, r7
200034f2:	4659      	mov	r1, fp
200034f4:	0028      	movs	r0, r5
200034f6:	f7ff fa45 	bl	20002984 <_ntoa_long>
200034fa:	0007      	movs	r7, r0
200034fc:	9b11      	ldr	r3, [sp, #68]	; 0x44
200034fe:	3301      	adds	r3, #1
20003500:	9311      	str	r3, [sp, #68]	; 0x44
20003502:	e6d3      	b.n	200032ac <_vsnprintf+0x20>
20003504:	9b1c      	ldr	r3, [sp, #112]	; 0x70
20003506:	1dda      	adds	r2, r3, #7
20003508:	2107      	movs	r1, #7
2000350a:	438a      	bics	r2, r1
2000350c:	0011      	movs	r1, r2
2000350e:	3108      	adds	r1, #8
20003510:	911c      	str	r1, [sp, #112]	; 0x70
20003512:	6811      	ldr	r1, [r2, #0]
20003514:	6853      	ldr	r3, [r2, #4]
20003516:	469c      	mov	ip, r3
20003518:	17db      	asrs	r3, r3, #31
2000351a:	930c      	str	r3, [sp, #48]	; 0x30
2000351c:	930d      	str	r3, [sp, #52]	; 0x34
2000351e:	9a0c      	ldr	r2, [sp, #48]	; 0x30
20003520:	9b0d      	ldr	r3, [sp, #52]	; 0x34
20003522:	0010      	movs	r0, r2
20003524:	4048      	eors	r0, r1
20003526:	900e      	str	r0, [sp, #56]	; 0x38
20003528:	4662      	mov	r2, ip
2000352a:	4053      	eors	r3, r2
2000352c:	930f      	str	r3, [sp, #60]	; 0x3c
2000352e:	980e      	ldr	r0, [sp, #56]	; 0x38
20003530:	990f      	ldr	r1, [sp, #60]	; 0x3c
20003532:	9a0c      	ldr	r2, [sp, #48]	; 0x30
20003534:	9b0d      	ldr	r3, [sp, #52]	; 0x34
20003536:	1a80      	subs	r0, r0, r2
20003538:	4199      	sbcs	r1, r3
2000353a:	900e      	str	r0, [sp, #56]	; 0x38
2000353c:	910f      	str	r1, [sp, #60]	; 0x3c
2000353e:	9408      	str	r4, [sp, #32]
20003540:	9b0a      	ldr	r3, [sp, #40]	; 0x28
20003542:	9307      	str	r3, [sp, #28]
20003544:	4653      	mov	r3, sl
20003546:	9306      	str	r3, [sp, #24]
20003548:	9604      	str	r6, [sp, #16]
2000354a:	2300      	movs	r3, #0
2000354c:	9305      	str	r3, [sp, #20]
2000354e:	4663      	mov	r3, ip
20003550:	0fda      	lsrs	r2, r3, #31
20003552:	9202      	str	r2, [sp, #8]
20003554:	9000      	str	r0, [sp, #0]
20003556:	9101      	str	r1, [sp, #4]
20003558:	4643      	mov	r3, r8
2000355a:	003a      	movs	r2, r7
2000355c:	4659      	mov	r1, fp
2000355e:	0028      	movs	r0, r5
20003560:	f7ff fa6e 	bl	20002a40 <_ntoa_long_long>
20003564:	0007      	movs	r7, r0
20003566:	e7c9      	b.n	200034fc <_vsnprintf+0x270>
20003568:	9a1c      	ldr	r2, [sp, #112]	; 0x70
2000356a:	1d11      	adds	r1, r2, #4
2000356c:	911c      	str	r1, [sp, #112]	; 0x70
2000356e:	6812      	ldr	r2, [r2, #0]
20003570:	17d3      	asrs	r3, r2, #31
20003572:	18d1      	adds	r1, r2, r3
20003574:	4059      	eors	r1, r3
20003576:	9405      	str	r4, [sp, #20]
20003578:	9b0a      	ldr	r3, [sp, #40]	; 0x28
2000357a:	9304      	str	r3, [sp, #16]
2000357c:	4653      	mov	r3, sl
2000357e:	9303      	str	r3, [sp, #12]
20003580:	9602      	str	r6, [sp, #8]
20003582:	0fd2      	lsrs	r2, r2, #31
20003584:	9201      	str	r2, [sp, #4]
20003586:	9100      	str	r1, [sp, #0]
20003588:	4643      	mov	r3, r8
2000358a:	003a      	movs	r2, r7
2000358c:	4659      	mov	r1, fp
2000358e:	0028      	movs	r0, r5
20003590:	f7ff f9f8 	bl	20002984 <_ntoa_long>
20003594:	0007      	movs	r7, r0
20003596:	e7b1      	b.n	200034fc <_vsnprintf+0x270>
20003598:	0623      	lsls	r3, r4, #24
2000359a:	d505      	bpl.n	200035a8 <_vsnprintf+0x31c>
2000359c:	9a1c      	ldr	r2, [sp, #112]	; 0x70
2000359e:	1d11      	adds	r1, r2, #4
200035a0:	911c      	str	r1, [sp, #112]	; 0x70
200035a2:	2300      	movs	r3, #0
200035a4:	5ed2      	ldrsh	r2, [r2, r3]
200035a6:	e796      	b.n	200034d6 <_vsnprintf+0x24a>
200035a8:	9a1c      	ldr	r2, [sp, #112]	; 0x70
200035aa:	1d11      	adds	r1, r2, #4
200035ac:	911c      	str	r1, [sp, #112]	; 0x70
200035ae:	6812      	ldr	r2, [r2, #0]
200035b0:	e791      	b.n	200034d6 <_vsnprintf+0x24a>
200035b2:	9b1c      	ldr	r3, [sp, #112]	; 0x70
200035b4:	1dda      	adds	r2, r3, #7
200035b6:	2107      	movs	r1, #7
200035b8:	438a      	bics	r2, r1
200035ba:	0011      	movs	r1, r2
200035bc:	3108      	adds	r1, #8
200035be:	911c      	str	r1, [sp, #112]	; 0x70
200035c0:	9408      	str	r4, [sp, #32]
200035c2:	9b0a      	ldr	r3, [sp, #40]	; 0x28
200035c4:	9307      	str	r3, [sp, #28]
200035c6:	4653      	mov	r3, sl
200035c8:	9306      	str	r3, [sp, #24]
200035ca:	9604      	str	r6, [sp, #16]
200035cc:	2300      	movs	r3, #0
200035ce:	9305      	str	r3, [sp, #20]
200035d0:	9302      	str	r3, [sp, #8]
200035d2:	6813      	ldr	r3, [r2, #0]
200035d4:	6854      	ldr	r4, [r2, #4]
200035d6:	9300      	str	r3, [sp, #0]
200035d8:	9401      	str	r4, [sp, #4]
200035da:	4643      	mov	r3, r8
200035dc:	003a      	movs	r2, r7
200035de:	4659      	mov	r1, fp
200035e0:	0028      	movs	r0, r5
200035e2:	f7ff fa2d 	bl	20002a40 <_ntoa_long_long>
200035e6:	0007      	movs	r7, r0
200035e8:	e788      	b.n	200034fc <_vsnprintf+0x270>
200035ea:	9a1c      	ldr	r2, [sp, #112]	; 0x70
200035ec:	1d11      	adds	r1, r2, #4
200035ee:	911c      	str	r1, [sp, #112]	; 0x70
200035f0:	9405      	str	r4, [sp, #20]
200035f2:	9b0a      	ldr	r3, [sp, #40]	; 0x28
200035f4:	9304      	str	r3, [sp, #16]
200035f6:	4653      	mov	r3, sl
200035f8:	9303      	str	r3, [sp, #12]
200035fa:	9602      	str	r6, [sp, #8]
200035fc:	2300      	movs	r3, #0
200035fe:	9301      	str	r3, [sp, #4]
20003600:	6813      	ldr	r3, [r2, #0]
20003602:	9300      	str	r3, [sp, #0]
20003604:	4643      	mov	r3, r8
20003606:	003a      	movs	r2, r7
20003608:	4659      	mov	r1, fp
2000360a:	0028      	movs	r0, r5
2000360c:	f7ff f9ba 	bl	20002984 <_ntoa_long>
20003610:	0007      	movs	r7, r0
20003612:	e773      	b.n	200034fc <_vsnprintf+0x270>
20003614:	0623      	lsls	r3, r4, #24
20003616:	d50d      	bpl.n	20003634 <_vsnprintf+0x3a8>
20003618:	9a1c      	ldr	r2, [sp, #112]	; 0x70
2000361a:	1d11      	adds	r1, r2, #4
2000361c:	911c      	str	r1, [sp, #112]	; 0x70
2000361e:	6812      	ldr	r2, [r2, #0]
20003620:	0412      	lsls	r2, r2, #16
20003622:	0c12      	lsrs	r2, r2, #16
20003624:	e731      	b.n	2000348a <_vsnprintf+0x1fe>
20003626:	46c0      	nop			; (mov r8, r8)
20003628:	200055b8 	.word	0x200055b8
2000362c:	200055fc 	.word	0x200055fc
20003630:	20005648 	.word	0x20005648
20003634:	9a1c      	ldr	r2, [sp, #112]	; 0x70
20003636:	1d11      	adds	r1, r2, #4
20003638:	911c      	str	r1, [sp, #112]	; 0x70
2000363a:	6812      	ldr	r2, [r2, #0]
2000363c:	e725      	b.n	2000348a <_vsnprintf+0x1fe>
2000363e:	2846      	cmp	r0, #70	; 0x46
20003640:	d01a      	beq.n	20003678 <_vsnprintf+0x3ec>
20003642:	9b1c      	ldr	r3, [sp, #112]	; 0x70
20003644:	3307      	adds	r3, #7
20003646:	2207      	movs	r2, #7
20003648:	4393      	bics	r3, r2
2000364a:	001a      	movs	r2, r3
2000364c:	3208      	adds	r2, #8
2000364e:	921c      	str	r2, [sp, #112]	; 0x70
20003650:	9404      	str	r4, [sp, #16]
20003652:	9a0a      	ldr	r2, [sp, #40]	; 0x28
20003654:	9203      	str	r2, [sp, #12]
20003656:	4652      	mov	r2, sl
20003658:	9202      	str	r2, [sp, #8]
2000365a:	685c      	ldr	r4, [r3, #4]
2000365c:	681b      	ldr	r3, [r3, #0]
2000365e:	9300      	str	r3, [sp, #0]
20003660:	9401      	str	r4, [sp, #4]
20003662:	4643      	mov	r3, r8
20003664:	003a      	movs	r2, r7
20003666:	4659      	mov	r1, fp
20003668:	0028      	movs	r0, r5
2000366a:	f7ff fc65 	bl	20002f38 <_ftoa>
2000366e:	0007      	movs	r7, r0
20003670:	9b11      	ldr	r3, [sp, #68]	; 0x44
20003672:	3301      	adds	r3, #1
20003674:	9311      	str	r3, [sp, #68]	; 0x44
20003676:	e619      	b.n	200032ac <_vsnprintf+0x20>
20003678:	2320      	movs	r3, #32
2000367a:	431c      	orrs	r4, r3
2000367c:	e7e1      	b.n	20003642 <_vsnprintf+0x3b6>
2000367e:	2867      	cmp	r0, #103	; 0x67
20003680:	d001      	beq.n	20003686 <_vsnprintf+0x3fa>
20003682:	2847      	cmp	r0, #71	; 0x47
20003684:	d102      	bne.n	2000368c <_vsnprintf+0x400>
20003686:	2380      	movs	r3, #128	; 0x80
20003688:	011b      	lsls	r3, r3, #4
2000368a:	431c      	orrs	r4, r3
2000368c:	2845      	cmp	r0, #69	; 0x45
2000368e:	d001      	beq.n	20003694 <_vsnprintf+0x408>
20003690:	2847      	cmp	r0, #71	; 0x47
20003692:	d101      	bne.n	20003698 <_vsnprintf+0x40c>
20003694:	2320      	movs	r3, #32
20003696:	431c      	orrs	r4, r3
20003698:	9b1c      	ldr	r3, [sp, #112]	; 0x70
2000369a:	3307      	adds	r3, #7
2000369c:	2207      	movs	r2, #7
2000369e:	4393      	bics	r3, r2
200036a0:	001a      	movs	r2, r3
200036a2:	3208      	adds	r2, #8
200036a4:	921c      	str	r2, [sp, #112]	; 0x70
200036a6:	9404      	str	r4, [sp, #16]
200036a8:	9a0a      	ldr	r2, [sp, #40]	; 0x28
200036aa:	9203      	str	r2, [sp, #12]
200036ac:	4652      	mov	r2, sl
200036ae:	9202      	str	r2, [sp, #8]
200036b0:	685c      	ldr	r4, [r3, #4]
200036b2:	681b      	ldr	r3, [r3, #0]
200036b4:	9300      	str	r3, [sp, #0]
200036b6:	9401      	str	r4, [sp, #4]
200036b8:	4643      	mov	r3, r8
200036ba:	003a      	movs	r2, r7
200036bc:	4659      	mov	r1, fp
200036be:	0028      	movs	r0, r5
200036c0:	f7ff fa30 	bl	20002b24 <_etoa>
200036c4:	0007      	movs	r7, r0
200036c6:	9b11      	ldr	r3, [sp, #68]	; 0x44
200036c8:	3301      	adds	r3, #1
200036ca:	9311      	str	r3, [sp, #68]	; 0x44
200036cc:	e5ee      	b.n	200032ac <_vsnprintf+0x20>
200036ce:	2302      	movs	r3, #2
200036d0:	001a      	movs	r2, r3
200036d2:	4022      	ands	r2, r4
200036d4:	4692      	mov	sl, r2
200036d6:	4223      	tst	r3, r4
200036d8:	d01f      	beq.n	2000371a <_vsnprintf+0x48e>
200036da:	2401      	movs	r4, #1
200036dc:	9b1c      	ldr	r3, [sp, #112]	; 0x70
200036de:	1d1a      	adds	r2, r3, #4
200036e0:	921c      	str	r2, [sp, #112]	; 0x70
200036e2:	1c7a      	adds	r2, r7, #1
200036e4:	4691      	mov	r9, r2
200036e6:	7818      	ldrb	r0, [r3, #0]
200036e8:	4643      	mov	r3, r8
200036ea:	003a      	movs	r2, r7
200036ec:	4659      	mov	r1, fp
200036ee:	47a8      	blx	r5
200036f0:	4653      	mov	r3, sl
200036f2:	2b00      	cmp	r3, #0
200036f4:	d116      	bne.n	20003724 <_vsnprintf+0x498>
200036f6:	9b11      	ldr	r3, [sp, #68]	; 0x44
200036f8:	3301      	adds	r3, #1
200036fa:	9311      	str	r3, [sp, #68]	; 0x44
200036fc:	464f      	mov	r7, r9
200036fe:	e5d5      	b.n	200032ac <_vsnprintf+0x20>
20003700:	1c56      	adds	r6, r2, #1
20003702:	4643      	mov	r3, r8
20003704:	4659      	mov	r1, fp
20003706:	2020      	movs	r0, #32
20003708:	47b8      	blx	r7
2000370a:	0023      	movs	r3, r4
2000370c:	0032      	movs	r2, r6
2000370e:	1c5c      	adds	r4, r3, #1
20003710:	429d      	cmp	r5, r3
20003712:	d8f5      	bhi.n	20003700 <_vsnprintf+0x474>
20003714:	003d      	movs	r5, r7
20003716:	0017      	movs	r7, r2
20003718:	e7e0      	b.n	200036dc <_vsnprintf+0x450>
2000371a:	2301      	movs	r3, #1
2000371c:	003a      	movs	r2, r7
2000371e:	002f      	movs	r7, r5
20003720:	9d0a      	ldr	r5, [sp, #40]	; 0x28
20003722:	e7f4      	b.n	2000370e <_vsnprintf+0x482>
20003724:	464a      	mov	r2, r9
20003726:	46a9      	mov	r9, r5
20003728:	9d0a      	ldr	r5, [sp, #40]	; 0x28
2000372a:	e006      	b.n	2000373a <_vsnprintf+0x4ae>
2000372c:	1c57      	adds	r7, r2, #1
2000372e:	4643      	mov	r3, r8
20003730:	4659      	mov	r1, fp
20003732:	2020      	movs	r0, #32
20003734:	47c8      	blx	r9
20003736:	0034      	movs	r4, r6
20003738:	003a      	movs	r2, r7
2000373a:	1c66      	adds	r6, r4, #1
2000373c:	42a5      	cmp	r5, r4
2000373e:	d8f5      	bhi.n	2000372c <_vsnprintf+0x4a0>
20003740:	464d      	mov	r5, r9
20003742:	4691      	mov	r9, r2
20003744:	e7d7      	b.n	200036f6 <_vsnprintf+0x46a>
20003746:	9b1c      	ldr	r3, [sp, #112]	; 0x70
20003748:	1d1a      	adds	r2, r3, #4
2000374a:	921c      	str	r2, [sp, #112]	; 0x70
2000374c:	681b      	ldr	r3, [r3, #0]
2000374e:	4699      	mov	r9, r3
20003750:	4653      	mov	r3, sl
20003752:	2b00      	cmp	r3, #0
20003754:	d100      	bne.n	20003758 <_vsnprintf+0x4cc>
20003756:	3b01      	subs	r3, #1
20003758:	464e      	mov	r6, r9
2000375a:	e001      	b.n	20003760 <_vsnprintf+0x4d4>
2000375c:	3601      	adds	r6, #1
2000375e:	0013      	movs	r3, r2
20003760:	7832      	ldrb	r2, [r6, #0]
20003762:	2a00      	cmp	r2, #0
20003764:	d002      	beq.n	2000376c <_vsnprintf+0x4e0>
20003766:	1e5a      	subs	r2, r3, #1
20003768:	2b00      	cmp	r3, #0
2000376a:	d1f7      	bne.n	2000375c <_vsnprintf+0x4d0>
2000376c:	464b      	mov	r3, r9
2000376e:	1af2      	subs	r2, r6, r3
20003770:	9210      	str	r2, [sp, #64]	; 0x40
20003772:	2380      	movs	r3, #128	; 0x80
20003774:	00db      	lsls	r3, r3, #3
20003776:	0026      	movs	r6, r4
20003778:	401e      	ands	r6, r3
2000377a:	421c      	tst	r4, r3
2000377c:	d003      	beq.n	20003786 <_vsnprintf+0x4fa>
2000377e:	4552      	cmp	r2, sl
20003780:	d901      	bls.n	20003786 <_vsnprintf+0x4fa>
20003782:	4653      	mov	r3, sl
20003784:	9310      	str	r3, [sp, #64]	; 0x40
20003786:	2302      	movs	r3, #2
20003788:	001a      	movs	r2, r3
2000378a:	4022      	ands	r2, r4
2000378c:	920b      	str	r2, [sp, #44]	; 0x2c
2000378e:	4223      	tst	r3, r4
20003790:	d005      	beq.n	2000379e <_vsnprintf+0x512>
20003792:	003a      	movs	r2, r7
20003794:	0037      	movs	r7, r6
20003796:	464c      	mov	r4, r9
20003798:	46a9      	mov	r9, r5
2000379a:	4655      	mov	r5, sl
2000379c:	e020      	b.n	200037e0 <_vsnprintf+0x554>
2000379e:	003a      	movs	r2, r7
200037a0:	9b10      	ldr	r3, [sp, #64]	; 0x40
200037a2:	465f      	mov	r7, fp
200037a4:	46b3      	mov	fp, r6
200037a6:	002e      	movs	r6, r5
200037a8:	e006      	b.n	200037b8 <_vsnprintf+0x52c>
200037aa:	1c55      	adds	r5, r2, #1
200037ac:	4643      	mov	r3, r8
200037ae:	0039      	movs	r1, r7
200037b0:	2020      	movs	r0, #32
200037b2:	47b0      	blx	r6
200037b4:	0023      	movs	r3, r4
200037b6:	002a      	movs	r2, r5
200037b8:	1c5c      	adds	r4, r3, #1
200037ba:	990a      	ldr	r1, [sp, #40]	; 0x28
200037bc:	4299      	cmp	r1, r3
200037be:	d8f4      	bhi.n	200037aa <_vsnprintf+0x51e>
200037c0:	0035      	movs	r5, r6
200037c2:	465e      	mov	r6, fp
200037c4:	46bb      	mov	fp, r7
200037c6:	9410      	str	r4, [sp, #64]	; 0x40
200037c8:	0037      	movs	r7, r6
200037ca:	464c      	mov	r4, r9
200037cc:	46a9      	mov	r9, r5
200037ce:	4655      	mov	r5, sl
200037d0:	e006      	b.n	200037e0 <_vsnprintf+0x554>
200037d2:	001d      	movs	r5, r3
200037d4:	3401      	adds	r4, #1
200037d6:	1c56      	adds	r6, r2, #1
200037d8:	4643      	mov	r3, r8
200037da:	4659      	mov	r1, fp
200037dc:	47c8      	blx	r9
200037de:	0032      	movs	r2, r6
200037e0:	7820      	ldrb	r0, [r4, #0]
200037e2:	2800      	cmp	r0, #0
200037e4:	d004      	beq.n	200037f0 <_vsnprintf+0x564>
200037e6:	2f00      	cmp	r7, #0
200037e8:	d0f4      	beq.n	200037d4 <_vsnprintf+0x548>
200037ea:	1e6b      	subs	r3, r5, #1
200037ec:	2d00      	cmp	r5, #0
200037ee:	d1f0      	bne.n	200037d2 <_vsnprintf+0x546>
200037f0:	0017      	movs	r7, r2
200037f2:	464d      	mov	r5, r9
200037f4:	9b0b      	ldr	r3, [sp, #44]	; 0x2c
200037f6:	2b00      	cmp	r3, #0
200037f8:	d103      	bne.n	20003802 <_vsnprintf+0x576>
200037fa:	9b11      	ldr	r3, [sp, #68]	; 0x44
200037fc:	3301      	adds	r3, #1
200037fe:	9311      	str	r3, [sp, #68]	; 0x44
20003800:	e554      	b.n	200032ac <_vsnprintf+0x20>
20003802:	9f0a      	ldr	r7, [sp, #40]	; 0x28
20003804:	9b10      	ldr	r3, [sp, #64]	; 0x40
20003806:	e006      	b.n	20003816 <_vsnprintf+0x58a>
20003808:	1c56      	adds	r6, r2, #1
2000380a:	4643      	mov	r3, r8
2000380c:	4659      	mov	r1, fp
2000380e:	2020      	movs	r0, #32
20003810:	47a8      	blx	r5
20003812:	0023      	movs	r3, r4
20003814:	0032      	movs	r2, r6
20003816:	1c5c      	adds	r4, r3, #1
20003818:	429f      	cmp	r7, r3
2000381a:	d8f5      	bhi.n	20003808 <_vsnprintf+0x57c>
2000381c:	0017      	movs	r7, r2
2000381e:	e7ec      	b.n	200037fa <_vsnprintf+0x56e>
20003820:	2321      	movs	r3, #33	; 0x21
20003822:	431c      	orrs	r4, r3
20003824:	9b1c      	ldr	r3, [sp, #112]	; 0x70
20003826:	1d1a      	adds	r2, r3, #4
20003828:	921c      	str	r2, [sp, #112]	; 0x70
2000382a:	681b      	ldr	r3, [r3, #0]
2000382c:	9300      	str	r3, [sp, #0]
2000382e:	9405      	str	r4, [sp, #20]
20003830:	2308      	movs	r3, #8
20003832:	9304      	str	r3, [sp, #16]
20003834:	4653      	mov	r3, sl
20003836:	9303      	str	r3, [sp, #12]
20003838:	2310      	movs	r3, #16
2000383a:	9302      	str	r3, [sp, #8]
2000383c:	2300      	movs	r3, #0
2000383e:	9301      	str	r3, [sp, #4]
20003840:	4643      	mov	r3, r8
20003842:	003a      	movs	r2, r7
20003844:	4659      	mov	r1, fp
20003846:	0028      	movs	r0, r5
20003848:	f7ff f89c 	bl	20002984 <_ntoa_long>
2000384c:	0007      	movs	r7, r0
2000384e:	9b11      	ldr	r3, [sp, #68]	; 0x44
20003850:	3301      	adds	r3, #1
20003852:	9311      	str	r3, [sp, #68]	; 0x44
20003854:	e52a      	b.n	200032ac <_vsnprintf+0x20>
20003856:	1c7c      	adds	r4, r7, #1
20003858:	4643      	mov	r3, r8
2000385a:	003a      	movs	r2, r7
2000385c:	4659      	mov	r1, fp
2000385e:	2025      	movs	r0, #37	; 0x25
20003860:	47a8      	blx	r5
20003862:	9b11      	ldr	r3, [sp, #68]	; 0x44
20003864:	3301      	adds	r3, #1
20003866:	9311      	str	r3, [sp, #68]	; 0x44
20003868:	0027      	movs	r7, r4
2000386a:	e51f      	b.n	200032ac <_vsnprintf+0x20>
2000386c:	1c7c      	adds	r4, r7, #1
2000386e:	4643      	mov	r3, r8
20003870:	003a      	movs	r2, r7
20003872:	4659      	mov	r1, fp
20003874:	47a8      	blx	r5
20003876:	9b11      	ldr	r3, [sp, #68]	; 0x44
20003878:	3301      	adds	r3, #1
2000387a:	9311      	str	r3, [sp, #68]	; 0x44
2000387c:	0027      	movs	r7, r4
2000387e:	e515      	b.n	200032ac <_vsnprintf+0x20>
20003880:	4b0a      	ldr	r3, [pc, #40]	; (200038ac <_vsnprintf+0x620>)
20003882:	469a      	mov	sl, r3
20003884:	e510      	b.n	200032a8 <_vsnprintf+0x1c>
20003886:	46aa      	mov	sl, r5
20003888:	4547      	cmp	r7, r8
2000388a:	d302      	bcc.n	20003892 <_vsnprintf+0x606>
2000388c:	4643      	mov	r3, r8
2000388e:	1e5a      	subs	r2, r3, #1
20003890:	e000      	b.n	20003894 <_vsnprintf+0x608>
20003892:	003a      	movs	r2, r7
20003894:	4643      	mov	r3, r8
20003896:	4659      	mov	r1, fp
20003898:	2000      	movs	r0, #0
2000389a:	47d0      	blx	sl
2000389c:	0038      	movs	r0, r7
2000389e:	b013      	add	sp, #76	; 0x4c
200038a0:	bcf0      	pop	{r4, r5, r6, r7}
200038a2:	46bb      	mov	fp, r7
200038a4:	46b2      	mov	sl, r6
200038a6:	46a9      	mov	r9, r5
200038a8:	46a0      	mov	r8, r4
200038aa:	bdf0      	pop	{r4, r5, r6, r7, pc}
200038ac:	20002791 	.word	0x20002791

200038b0 <vfctprintf>:
200038b0:	b500      	push	{lr}
200038b2:	b085      	sub	sp, #20
200038b4:	9002      	str	r0, [sp, #8]
200038b6:	9103      	str	r1, [sp, #12]
200038b8:	2101      	movs	r1, #1
200038ba:	9300      	str	r3, [sp, #0]
200038bc:	0013      	movs	r3, r2
200038be:	424a      	negs	r2, r1
200038c0:	a902      	add	r1, sp, #8
200038c2:	4802      	ldr	r0, [pc, #8]	; (200038cc <vfctprintf+0x1c>)
200038c4:	f7ff fce2 	bl	2000328c <_vsnprintf>
200038c8:	b005      	add	sp, #20
200038ca:	bd00      	pop	{pc}
200038cc:	20002793 	.word	0x20002793

200038d0 <__aeabi_bits_init>:
200038d0:	4801      	ldr	r0, [pc, #4]	; (200038d8 <__aeabi_bits_init+0x8>)
200038d2:	2104      	movs	r1, #4
200038d4:	4b01      	ldr	r3, [pc, #4]	; (200038dc <__aeabi_bits_init+0xc>)
200038d6:	4718      	bx	r3
200038d8:	20005c40 	.word	0x20005c40
200038dc:	20003901 	.word	0x20003901

200038e0 <rom_func_lookup>:
200038e0:	b510      	push	{r4, lr}
200038e2:	0001      	movs	r1, r0
200038e4:	2318      	movs	r3, #24
200038e6:	881b      	ldrh	r3, [r3, #0]
200038e8:	2214      	movs	r2, #20
200038ea:	8810      	ldrh	r0, [r2, #0]
200038ec:	4798      	blx	r3
200038ee:	bd10      	pop	{r4, pc}

200038f0 <rom_data_lookup>:
200038f0:	b510      	push	{r4, lr}
200038f2:	0001      	movs	r1, r0
200038f4:	2318      	movs	r3, #24
200038f6:	881b      	ldrh	r3, [r3, #0]
200038f8:	2216      	movs	r2, #22
200038fa:	8810      	ldrh	r0, [r2, #0]
200038fc:	4798      	blx	r3
200038fe:	bd10      	pop	{r4, pc}

20003900 <rom_funcs_lookup>:
20003900:	b5f0      	push	{r4, r5, r6, r7, lr}
20003902:	46c6      	mov	lr, r8
20003904:	b500      	push	{lr}
20003906:	0007      	movs	r7, r0
20003908:	000e      	movs	r6, r1
2000390a:	2500      	movs	r5, #0
2000390c:	2301      	movs	r3, #1
2000390e:	4698      	mov	r8, r3
20003910:	e000      	b.n	20003914 <rom_funcs_lookup+0x14>
20003912:	3501      	adds	r5, #1
20003914:	42b5      	cmp	r5, r6
20003916:	d20a      	bcs.n	2000392e <rom_funcs_lookup+0x2e>
20003918:	00ac      	lsls	r4, r5, #2
2000391a:	193c      	adds	r4, r7, r4
2000391c:	6820      	ldr	r0, [r4, #0]
2000391e:	f7ff ffdf 	bl	200038e0 <rom_func_lookup>
20003922:	6020      	str	r0, [r4, #0]
20003924:	2800      	cmp	r0, #0
20003926:	d1f4      	bne.n	20003912 <rom_funcs_lookup+0x12>
20003928:	2300      	movs	r3, #0
2000392a:	4698      	mov	r8, r3
2000392c:	e7f1      	b.n	20003912 <rom_funcs_lookup+0x12>
2000392e:	4640      	mov	r0, r8
20003930:	bc80      	pop	{r7}
20003932:	46b8      	mov	r8, r7
20003934:	bdf0      	pop	{r4, r5, r6, r7, pc}
	...

20003938 <__wrap___aeabi_idiv>:
20003938:	4a12      	ldr	r2, [pc, #72]	; (20003984 <divmod_s32s32_savestate+0x18>)
2000393a:	6f93      	ldr	r3, [r2, #120]	; 0x78
2000393c:	089b      	lsrs	r3, r3, #2
2000393e:	d215      	bcs.n	2000396c <divmod_s32s32_savestate>

20003940 <divmod_s32s32_unsafe>:
20003940:	6690      	str	r0, [r2, #104]	; 0x68
20003942:	66d1      	str	r1, [r2, #108]	; 0x6c
20003944:	2900      	cmp	r1, #0
20003946:	d005      	beq.n	20003954 <divmod_s32s32_unsafe+0x14>
20003948:	e7ff      	b.n	2000394a <divmod_s32s32_unsafe+0xa>
2000394a:	e7ff      	b.n	2000394c <divmod_s32s32_unsafe+0xc>
2000394c:	e7ff      	b.n	2000394e <divmod_s32s32_unsafe+0xe>
2000394e:	6f51      	ldr	r1, [r2, #116]	; 0x74
20003950:	6f10      	ldr	r0, [r2, #112]	; 0x70
20003952:	4770      	bx	lr
20003954:	b504      	push	{r2, lr}
20003956:	2180      	movs	r1, #128	; 0x80
20003958:	0609      	lsls	r1, r1, #24
2000395a:	17c2      	asrs	r2, r0, #31
2000395c:	4051      	eors	r1, r2
2000395e:	2800      	cmp	r0, #0
20003960:	d000      	beq.n	20003964 <divmod_s32s32_unsafe+0x24>
20003962:	43c8      	mvns	r0, r1
20003964:	f000 ff12 	bl	2000478c <__aeabi_idiv0>
20003968:	2100      	movs	r1, #0
2000396a:	bd04      	pop	{r2, pc}

2000396c <divmod_s32s32_savestate>:
2000396c:	b5f0      	push	{r4, r5, r6, r7, lr}
2000396e:	6e14      	ldr	r4, [r2, #96]	; 0x60
20003970:	6e55      	ldr	r5, [r2, #100]	; 0x64
20003972:	6f57      	ldr	r7, [r2, #116]	; 0x74
20003974:	6f16      	ldr	r6, [r2, #112]	; 0x70
20003976:	f7ff ffe3 	bl	20003940 <divmod_s32s32_unsafe>
2000397a:	6614      	str	r4, [r2, #96]	; 0x60
2000397c:	6655      	str	r5, [r2, #100]	; 0x64
2000397e:	6757      	str	r7, [r2, #116]	; 0x74
20003980:	6716      	str	r6, [r2, #112]	; 0x70
20003982:	bdf0      	pop	{r4, r5, r6, r7, pc}
20003984:	d0000000 	.word	0xd0000000

20003988 <__wrap___aeabi_uidiv>:
20003988:	4a11      	ldr	r2, [pc, #68]	; (200039d0 <divmod_u32u32_savestate+0x18>)
2000398a:	6f93      	ldr	r3, [r2, #120]	; 0x78
2000398c:	089b      	lsrs	r3, r3, #2
2000398e:	d213      	bcs.n	200039b8 <divmod_u32u32_savestate>

20003990 <divmod_u32u32_unsafe>:
20003990:	6610      	str	r0, [r2, #96]	; 0x60
20003992:	6651      	str	r1, [r2, #100]	; 0x64
20003994:	2900      	cmp	r1, #0
20003996:	d005      	beq.n	200039a4 <divmod_u32u32_unsafe+0x14>
20003998:	e7ff      	b.n	2000399a <divmod_u32u32_unsafe+0xa>
2000399a:	e7ff      	b.n	2000399c <divmod_u32u32_unsafe+0xc>
2000399c:	e7ff      	b.n	2000399e <divmod_u32u32_unsafe+0xe>
2000399e:	6f51      	ldr	r1, [r2, #116]	; 0x74
200039a0:	6f10      	ldr	r0, [r2, #112]	; 0x70
200039a2:	4770      	bx	lr
200039a4:	b504      	push	{r2, lr}
200039a6:	2800      	cmp	r0, #0
200039a8:	d001      	beq.n	200039ae <divmod_u32u32_unsafe+0x1e>
200039aa:	2000      	movs	r0, #0
200039ac:	43c0      	mvns	r0, r0
200039ae:	f000 feed 	bl	2000478c <__aeabi_idiv0>
200039b2:	2100      	movs	r1, #0
200039b4:	bd04      	pop	{r2, pc}
200039b6:	46c0      	nop			; (mov r8, r8)

200039b8 <divmod_u32u32_savestate>:
200039b8:	b5f0      	push	{r4, r5, r6, r7, lr}
200039ba:	6e14      	ldr	r4, [r2, #96]	; 0x60
200039bc:	6e55      	ldr	r5, [r2, #100]	; 0x64
200039be:	6f57      	ldr	r7, [r2, #116]	; 0x74
200039c0:	6f16      	ldr	r6, [r2, #112]	; 0x70
200039c2:	f7ff ffe5 	bl	20003990 <divmod_u32u32_unsafe>
200039c6:	6614      	str	r4, [r2, #96]	; 0x60
200039c8:	6655      	str	r5, [r2, #100]	; 0x64
200039ca:	6757      	str	r7, [r2, #116]	; 0x74
200039cc:	6716      	str	r6, [r2, #112]	; 0x70
200039ce:	bdf0      	pop	{r4, r5, r6, r7, pc}
200039d0:	d0000000 	.word	0xd0000000

200039d4 <__wrap___aeabi_ldivmod>:
200039d4:	4694      	mov	ip, r2
200039d6:	4a4a      	ldr	r2, [pc, #296]	; (20003b00 <udiv0+0x1a>)
200039d8:	6f92      	ldr	r2, [r2, #120]	; 0x78
200039da:	0892      	lsrs	r2, r2, #2
200039dc:	4662      	mov	r2, ip
200039de:	d201      	bcs.n	200039e4 <divmod_s64s64_savestate>
200039e0:	e028      	b.n	20003a34 <divmod_s64s64_unsafe>
200039e2:	46c0      	nop			; (mov r8, r8)

200039e4 <divmod_s64s64_savestate>:
200039e4:	b5f0      	push	{r4, r5, r6, r7, lr}
200039e6:	4e46      	ldr	r6, [pc, #280]	; (20003b00 <udiv0+0x1a>)
200039e8:	6e34      	ldr	r4, [r6, #96]	; 0x60
200039ea:	6e75      	ldr	r5, [r6, #100]	; 0x64
200039ec:	6f77      	ldr	r7, [r6, #116]	; 0x74
200039ee:	6f36      	ldr	r6, [r6, #112]	; 0x70
200039f0:	f000 f820 	bl	20003a34 <divmod_s64s64_unsafe>
200039f4:	4694      	mov	ip, r2
200039f6:	4a42      	ldr	r2, [pc, #264]	; (20003b00 <udiv0+0x1a>)
200039f8:	6614      	str	r4, [r2, #96]	; 0x60
200039fa:	6655      	str	r5, [r2, #100]	; 0x64
200039fc:	6757      	str	r7, [r2, #116]	; 0x74
200039fe:	6716      	str	r6, [r2, #112]	; 0x70
20003a00:	4662      	mov	r2, ip
20003a02:	bdf0      	pop	{r4, r5, r6, r7, pc}

20003a04 <__wrap___aeabi_uldivmod>:
20003a04:	4694      	mov	ip, r2
20003a06:	4a3e      	ldr	r2, [pc, #248]	; (20003b00 <udiv0+0x1a>)
20003a08:	6f92      	ldr	r2, [r2, #120]	; 0x78
20003a0a:	0892      	lsrs	r2, r2, #2
20003a0c:	4662      	mov	r2, ip
20003a0e:	d201      	bcs.n	20003a14 <divmod_u64u64_savestate>
20003a10:	e054      	b.n	20003abc <divmod_u64u64_unsafe>
20003a12:	46c0      	nop			; (mov r8, r8)

20003a14 <divmod_u64u64_savestate>:
20003a14:	b5f0      	push	{r4, r5, r6, r7, lr}
20003a16:	4e3a      	ldr	r6, [pc, #232]	; (20003b00 <udiv0+0x1a>)
20003a18:	6e34      	ldr	r4, [r6, #96]	; 0x60
20003a1a:	6e75      	ldr	r5, [r6, #100]	; 0x64
20003a1c:	6f77      	ldr	r7, [r6, #116]	; 0x74
20003a1e:	6f36      	ldr	r6, [r6, #112]	; 0x70
20003a20:	f000 f84c 	bl	20003abc <divmod_u64u64_unsafe>
20003a24:	4694      	mov	ip, r2
20003a26:	4a36      	ldr	r2, [pc, #216]	; (20003b00 <udiv0+0x1a>)
20003a28:	6614      	str	r4, [r2, #96]	; 0x60
20003a2a:	6655      	str	r5, [r2, #100]	; 0x64
20003a2c:	6757      	str	r7, [r2, #116]	; 0x74
20003a2e:	6716      	str	r6, [r2, #112]	; 0x70
20003a30:	4662      	mov	r2, ip
20003a32:	bdf0      	pop	{r4, r5, r6, r7, pc}

20003a34 <divmod_s64s64_unsafe>:
20003a34:	2b00      	cmp	r3, #0
20003a36:	db24      	blt.n	20003a82 <l42_1+0x26>
20003a38:	d011      	beq.n	20003a5e <l42_1+0x2>
20003a3a:	2900      	cmp	r1, #0
20003a3c:	da3e      	bge.n	20003abc <divmod_u64u64_unsafe>
20003a3e:	b500      	push	{lr}
20003a40:	43c9      	mvns	r1, r1
20003a42:	4240      	negs	r0, r0
20003a44:	d100      	bne.n	20003a48 <l40_1>
20003a46:	3101      	adds	r1, #1

20003a48 <l40_1>:
20003a48:	f000 f838 	bl	20003abc <divmod_u64u64_unsafe>
20003a4c:	43c9      	mvns	r1, r1
20003a4e:	4240      	negs	r0, r0
20003a50:	d100      	bne.n	20003a54 <l41_1>
20003a52:	3101      	adds	r1, #1

20003a54 <l41_1>:
20003a54:	43db      	mvns	r3, r3
20003a56:	4252      	negs	r2, r2
20003a58:	d100      	bne.n	20003a5c <l42_1>
20003a5a:	3301      	adds	r3, #1

20003a5c <l42_1>:
20003a5c:	bd00      	pop	{pc}
20003a5e:	2a00      	cmp	r2, #0
20003a60:	d1eb      	bne.n	20003a3a <divmod_s64s64_unsafe+0x6>
20003a62:	2800      	cmp	r0, #0
20003a64:	d101      	bne.n	20003a6a <l42_1+0xe>
20003a66:	2900      	cmp	r1, #0
20003a68:	d005      	beq.n	20003a76 <l42_1+0x1a>
20003a6a:	2000      	movs	r0, #0
20003a6c:	0fc9      	lsrs	r1, r1, #31
20003a6e:	07c9      	lsls	r1, r1, #31
20003a70:	d101      	bne.n	20003a76 <l42_1+0x1a>
20003a72:	43c0      	mvns	r0, r0
20003a74:	0841      	lsrs	r1, r0, #1
20003a76:	b500      	push	{lr}
20003a78:	f000 fe88 	bl	2000478c <__aeabi_idiv0>
20003a7c:	2200      	movs	r2, #0
20003a7e:	2300      	movs	r3, #0
20003a80:	bd00      	pop	{pc}
20003a82:	b500      	push	{lr}
20003a84:	2900      	cmp	r1, #0
20003a86:	db0a      	blt.n	20003a9e <l44_1+0x2>
20003a88:	43db      	mvns	r3, r3
20003a8a:	4252      	negs	r2, r2
20003a8c:	d100      	bne.n	20003a90 <l43_1>
20003a8e:	3301      	adds	r3, #1

20003a90 <l43_1>:
20003a90:	f000 f814 	bl	20003abc <divmod_u64u64_unsafe>
20003a94:	43c9      	mvns	r1, r1
20003a96:	4240      	negs	r0, r0
20003a98:	d100      	bne.n	20003a9c <l44_1>
20003a9a:	3101      	adds	r1, #1

20003a9c <l44_1>:
20003a9c:	bd00      	pop	{pc}
20003a9e:	43c9      	mvns	r1, r1
20003aa0:	4240      	negs	r0, r0
20003aa2:	d100      	bne.n	20003aa6 <l45_1>
20003aa4:	3101      	adds	r1, #1

20003aa6 <l45_1>:
20003aa6:	43db      	mvns	r3, r3
20003aa8:	4252      	negs	r2, r2
20003aaa:	d100      	bne.n	20003aae <l46_1>
20003aac:	3301      	adds	r3, #1

20003aae <l46_1>:
20003aae:	f000 f805 	bl	20003abc <divmod_u64u64_unsafe>
20003ab2:	43db      	mvns	r3, r3
20003ab4:	4252      	negs	r2, r2
20003ab6:	d100      	bne.n	20003aba <l47_1>
20003ab8:	3301      	adds	r3, #1

20003aba <l47_1>:
20003aba:	bd00      	pop	{pc}

20003abc <divmod_u64u64_unsafe>:
20003abc:	2900      	cmp	r1, #0
20003abe:	d123      	bne.n	20003b08 <y64>
20003ac0:	2b00      	cmp	r3, #0
20003ac2:	d118      	bne.n	20003af6 <udiv0+0x10>
20003ac4:	2a00      	cmp	r2, #0
20003ac6:	d00c      	beq.n	20003ae2 <divmod_u64u64_unsafe+0x26>
20003ac8:	46bc      	mov	ip, r7
20003aca:	4f0d      	ldr	r7, [pc, #52]	; (20003b00 <udiv0+0x1a>)
20003acc:	6638      	str	r0, [r7, #96]	; 0x60
20003ace:	667a      	str	r2, [r7, #100]	; 0x64
20003ad0:	2100      	movs	r1, #0
20003ad2:	2300      	movs	r3, #0
20003ad4:	e7ff      	b.n	20003ad6 <divmod_u64u64_unsafe+0x1a>
20003ad6:	e7ff      	b.n	20003ad8 <divmod_u64u64_unsafe+0x1c>
20003ad8:	e7ff      	b.n	20003ada <divmod_u64u64_unsafe+0x1e>
20003ada:	6f7a      	ldr	r2, [r7, #116]	; 0x74
20003adc:	6f38      	ldr	r0, [r7, #112]	; 0x70
20003ade:	4667      	mov	r7, ip
20003ae0:	4770      	bx	lr
20003ae2:	2800      	cmp	r0, #0
20003ae4:	d001      	beq.n	20003aea <udiv0+0x4>

20003ae6 <udiv0>:
20003ae6:	4807      	ldr	r0, [pc, #28]	; (20003b04 <udiv0+0x1e>)
20003ae8:	0001      	movs	r1, r0
20003aea:	b500      	push	{lr}
20003aec:	f000 fe4e 	bl	2000478c <__aeabi_idiv0>
20003af0:	2200      	movs	r2, #0
20003af2:	2300      	movs	r3, #0
20003af4:	bd00      	pop	{pc}
20003af6:	0002      	movs	r2, r0
20003af8:	000b      	movs	r3, r1
20003afa:	2000      	movs	r0, #0
20003afc:	2100      	movs	r1, #0
20003afe:	4770      	bx	lr
20003b00:	d0000000 	.word	0xd0000000
20003b04:	ffffffff 	.word	0xffffffff

20003b08 <y64>:
20003b08:	2b00      	cmp	r3, #0
20003b0a:	d000      	beq.n	20003b0e <y64+0x6>
20003b0c:	e0bf      	b.n	20003c8e <y64_x48>
20003b0e:	0c13      	lsrs	r3, r2, #16
20003b10:	d128      	bne.n	20003b64 <y64_x32>
20003b12:	2a00      	cmp	r2, #0
20003b14:	d0e7      	beq.n	20003ae6 <udiv0>
20003b16:	b480      	push	{r7}
20003b18:	4f11      	ldr	r7, [pc, #68]	; (20003b60 <y64+0x58>)
20003b1a:	6639      	str	r1, [r7, #96]	; 0x60
20003b1c:	667a      	str	r2, [r7, #100]	; 0x64
20003b1e:	e7ff      	b.n	20003b20 <y64+0x18>
20003b20:	e7ff      	b.n	20003b22 <y64+0x1a>
20003b22:	b430      	push	{r4, r5}
20003b24:	0c04      	lsrs	r4, r0, #16
20003b26:	6f7b      	ldr	r3, [r7, #116]	; 0x74
20003b28:	6f39      	ldr	r1, [r7, #112]	; 0x70
20003b2a:	041b      	lsls	r3, r3, #16
20003b2c:	4323      	orrs	r3, r4
20003b2e:	663b      	str	r3, [r7, #96]	; 0x60
20003b30:	667a      	str	r2, [r7, #100]	; 0x64
20003b32:	e7ff      	b.n	20003b34 <y64+0x2c>
20003b34:	e7ff      	b.n	20003b36 <y64+0x2e>
20003b36:	e7ff      	b.n	20003b38 <y64+0x30>
20003b38:	46c0      	nop			; (mov r8, r8)
20003b3a:	b284      	uxth	r4, r0
20003b3c:	6f7b      	ldr	r3, [r7, #116]	; 0x74
20003b3e:	6f3d      	ldr	r5, [r7, #112]	; 0x70
20003b40:	041b      	lsls	r3, r3, #16
20003b42:	4323      	orrs	r3, r4
20003b44:	663b      	str	r3, [r7, #96]	; 0x60
20003b46:	667a      	str	r2, [r7, #100]	; 0x64
20003b48:	e7ff      	b.n	20003b4a <y64+0x42>
20003b4a:	e7ff      	b.n	20003b4c <y64+0x44>
20003b4c:	46c0      	nop			; (mov r8, r8)
20003b4e:	2300      	movs	r3, #0
20003b50:	042c      	lsls	r4, r5, #16
20003b52:	0c2d      	lsrs	r5, r5, #16
20003b54:	6f7a      	ldr	r2, [r7, #116]	; 0x74
20003b56:	6f38      	ldr	r0, [r7, #112]	; 0x70
20003b58:	1900      	adds	r0, r0, r4
20003b5a:	4169      	adcs	r1, r5
20003b5c:	bcb0      	pop	{r4, r5, r7}
20003b5e:	4770      	bx	lr
20003b60:	d0000000 	.word	0xd0000000

20003b64 <y64_x32>:
20003b64:	b5f0      	push	{r4, r5, r6, r7, lr}
20003b66:	4694      	mov	ip, r2
20003b68:	2500      	movs	r5, #0
20003b6a:	0e14      	lsrs	r4, r2, #24
20003b6c:	d101      	bne.n	20003b72 <y64_x32+0xe>
20003b6e:	0212      	lsls	r2, r2, #8
20003b70:	3508      	adds	r5, #8
20003b72:	0f14      	lsrs	r4, r2, #28
20003b74:	d101      	bne.n	20003b7a <y64_x32+0x16>
20003b76:	0112      	lsls	r2, r2, #4
20003b78:	3504      	adds	r5, #4
20003b7a:	0f94      	lsrs	r4, r2, #30
20003b7c:	d101      	bne.n	20003b82 <y64_x32+0x1e>
20003b7e:	0092      	lsls	r2, r2, #2
20003b80:	3502      	adds	r5, #2
20003b82:	0fd4      	lsrs	r4, r2, #31
20003b84:	d101      	bne.n	20003b8a <y64_x32+0x26>
20003b86:	0052      	lsls	r2, r2, #1
20003b88:	3501      	adds	r5, #1
20003b8a:	0bd4      	lsrs	r4, r2, #15
20003b8c:	3401      	adds	r4, #1
20003b8e:	4f25      	ldr	r7, [pc, #148]	; (20003c24 <y64_x32+0xc0>)
20003b90:	667c      	str	r4, [r7, #100]	; 0x64
20003b92:	4c25      	ldr	r4, [pc, #148]	; (20003c28 <y64_x32+0xc4>)
20003b94:	663c      	str	r4, [r7, #96]	; 0x60
20003b96:	0c0e      	lsrs	r6, r1, #16
20003b98:	b293      	uxth	r3, r2
20003b9a:	e7ff      	b.n	20003b9c <y64_x32+0x38>
20003b9c:	e7ff      	b.n	20003b9e <y64_x32+0x3a>
20003b9e:	e7ff      	b.n	20003ba0 <y64_x32+0x3c>
20003ba0:	6f3c      	ldr	r4, [r7, #112]	; 0x70
20003ba2:	4366      	muls	r6, r4
20003ba4:	0c36      	lsrs	r6, r6, #16
20003ba6:	0377      	lsls	r7, r6, #13
20003ba8:	46be      	mov	lr, r7
20003baa:	4373      	muls	r3, r6
20003bac:	0bdf      	lsrs	r7, r3, #15
20003bae:	045b      	lsls	r3, r3, #17
20003bb0:	1ac0      	subs	r0, r0, r3
20003bb2:	41b9      	sbcs	r1, r7
20003bb4:	0c13      	lsrs	r3, r2, #16
20003bb6:	4373      	muls	r3, r6
20003bb8:	18db      	adds	r3, r3, r3
20003bba:	1ac9      	subs	r1, r1, r3
20003bbc:	08ce      	lsrs	r6, r1, #3
20003bbe:	4366      	muls	r6, r4
20003bc0:	0c36      	lsrs	r6, r6, #16
20003bc2:	44b6      	add	lr, r6
20003bc4:	b293      	uxth	r3, r2
20003bc6:	4373      	muls	r3, r6
20003bc8:	0f1f      	lsrs	r7, r3, #28
20003bca:	011b      	lsls	r3, r3, #4
20003bcc:	1ac0      	subs	r0, r0, r3
20003bce:	41b9      	sbcs	r1, r7
20003bd0:	0c13      	lsrs	r3, r2, #16
20003bd2:	4373      	muls	r3, r6
20003bd4:	0b1f      	lsrs	r7, r3, #12
20003bd6:	051b      	lsls	r3, r3, #20
20003bd8:	1ac0      	subs	r0, r0, r3
20003bda:	41b9      	sbcs	r1, r7
20003bdc:	0d86      	lsrs	r6, r0, #22
20003bde:	028f      	lsls	r7, r1, #10
20003be0:	433e      	orrs	r6, r7
20003be2:	4366      	muls	r6, r4
20003be4:	0c36      	lsrs	r6, r6, #16
20003be6:	2d09      	cmp	r5, #9
20003be8:	db24      	blt.n	20003c34 <last0>
20003bea:	0a52      	lsrs	r2, r2, #9
20003bec:	4372      	muls	r2, r6
20003bee:	1a80      	subs	r0, r0, r2
20003bf0:	0377      	lsls	r7, r6, #13
20003bf2:	0a46      	lsrs	r6, r0, #9
20003bf4:	4366      	muls	r6, r4
20003bf6:	0c36      	lsrs	r6, r6, #16
20003bf8:	2316      	movs	r3, #22
20003bfa:	1b5b      	subs	r3, r3, r5
20003bfc:	40de      	lsrs	r6, r3
20003bfe:	40df      	lsrs	r7, r3
20003c00:	19bf      	adds	r7, r7, r6
20003c02:	4664      	mov	r4, ip
20003c04:	4366      	muls	r6, r4
20003c06:	1b82      	subs	r2, r0, r6
20003c08:	4670      	mov	r0, lr
20003c0a:	3504      	adds	r5, #4
20003c0c:	3306      	adds	r3, #6
20003c0e:	0001      	movs	r1, r0
20003c10:	40d9      	lsrs	r1, r3
20003c12:	40a8      	lsls	r0, r5
20003c14:	19c0      	adds	r0, r0, r7
20003c16:	d300      	bcc.n	20003c1a <y64_x32+0xb6>
20003c18:	3101      	adds	r1, #1
20003c1a:	42a2      	cmp	r2, r4
20003c1c:	d206      	bcs.n	20003c2c <y64_x32+0xc8>
20003c1e:	2300      	movs	r3, #0
20003c20:	bdf0      	pop	{r4, r5, r6, r7, pc}
20003c22:	0000      	.short	0x0000
20003c24:	d0000000 	.word	0xd0000000
20003c28:	ffffffff 	.word	0xffffffff
20003c2c:	1b12      	subs	r2, r2, r4
20003c2e:	3001      	adds	r0, #1
20003c30:	d3f3      	bcc.n	20003c1a <y64_x32+0xb6>
20003c32:	e7f1      	b.n	20003c18 <y64_x32+0xb4>

20003c34 <last0>:
20003c34:	2709      	movs	r7, #9
20003c36:	1b7f      	subs	r7, r7, r5
20003c38:	40fe      	lsrs	r6, r7
20003c3a:	4664      	mov	r4, ip
20003c3c:	b2a2      	uxth	r2, r4
20003c3e:	4372      	muls	r2, r6
20003c40:	1a80      	subs	r0, r0, r2
20003c42:	d200      	bcs.n	20003c46 <last0+0x12>
20003c44:	3901      	subs	r1, #1
20003c46:	0c22      	lsrs	r2, r4, #16
20003c48:	4372      	muls	r2, r6
20003c4a:	0c13      	lsrs	r3, r2, #16
20003c4c:	0412      	lsls	r2, r2, #16
20003c4e:	1a82      	subs	r2, r0, r2
20003c50:	4199      	sbcs	r1, r3
20003c52:	000b      	movs	r3, r1
20003c54:	4670      	mov	r0, lr
20003c56:	3504      	adds	r5, #4
20003c58:	3713      	adds	r7, #19
20003c5a:	0001      	movs	r1, r0
20003c5c:	40f9      	lsrs	r1, r7
20003c5e:	40a8      	lsls	r0, r5
20003c60:	1980      	adds	r0, r0, r6
20003c62:	d300      	bcc.n	20003c66 <last0+0x32>
20003c64:	3101      	adds	r1, #1
20003c66:	2b00      	cmp	r3, #0
20003c68:	d102      	bne.n	20003c70 <last0+0x3c>
20003c6a:	42a2      	cmp	r2, r4
20003c6c:	d20a      	bcs.n	20003c84 <last0+0x50>
20003c6e:	bdf0      	pop	{r4, r5, r6, r7, pc}
20003c70:	3001      	adds	r0, #1
20003c72:	d300      	bcc.n	20003c76 <last0+0x42>
20003c74:	3101      	adds	r1, #1
20003c76:	1b12      	subs	r2, r2, r4
20003c78:	d2fa      	bcs.n	20003c70 <last0+0x3c>
20003c7a:	3b01      	subs	r3, #1
20003c7c:	d1f8      	bne.n	20003c70 <last0+0x3c>
20003c7e:	42a2      	cmp	r2, r4
20003c80:	d200      	bcs.n	20003c84 <last0+0x50>
20003c82:	bdf0      	pop	{r4, r5, r6, r7, pc}
20003c84:	3001      	adds	r0, #1
20003c86:	d300      	bcc.n	20003c8a <last0+0x56>
20003c88:	3101      	adds	r1, #1
20003c8a:	1b12      	subs	r2, r2, r4
20003c8c:	e7f7      	b.n	20003c7e <last0+0x4a>

20003c8e <y64_x48>:
20003c8e:	b5f0      	push	{r4, r5, r6, r7, lr}
20003c90:	0c1c      	lsrs	r4, r3, #16
20003c92:	d000      	beq.n	20003c96 <y64_x48+0x8>
20003c94:	e080      	b.n	20003d98 <y64_x64>
20003c96:	b40c      	push	{r2, r3}
20003c98:	2500      	movs	r5, #0
20003c9a:	0a1c      	lsrs	r4, r3, #8
20003c9c:	d104      	bne.n	20003ca8 <y64_x48+0x1a>
20003c9e:	021b      	lsls	r3, r3, #8
20003ca0:	0e16      	lsrs	r6, r2, #24
20003ca2:	4333      	orrs	r3, r6
20003ca4:	0212      	lsls	r2, r2, #8
20003ca6:	3508      	adds	r5, #8
20003ca8:	0b1c      	lsrs	r4, r3, #12
20003caa:	d104      	bne.n	20003cb6 <y64_x48+0x28>
20003cac:	011b      	lsls	r3, r3, #4
20003cae:	0f16      	lsrs	r6, r2, #28
20003cb0:	4333      	orrs	r3, r6
20003cb2:	0112      	lsls	r2, r2, #4
20003cb4:	3504      	adds	r5, #4
20003cb6:	0b9c      	lsrs	r4, r3, #14
20003cb8:	d104      	bne.n	20003cc4 <y64_x48+0x36>
20003cba:	009b      	lsls	r3, r3, #2
20003cbc:	0f96      	lsrs	r6, r2, #30
20003cbe:	4333      	orrs	r3, r6
20003cc0:	0092      	lsls	r2, r2, #2
20003cc2:	3502      	adds	r5, #2
20003cc4:	0bdc      	lsrs	r4, r3, #15
20003cc6:	d102      	bne.n	20003cce <y64_x48+0x40>
20003cc8:	1892      	adds	r2, r2, r2
20003cca:	415b      	adcs	r3, r3
20003ccc:	3501      	adds	r5, #1
20003cce:	001c      	movs	r4, r3
20003cd0:	1897      	adds	r7, r2, r2
20003cd2:	4164      	adcs	r4, r4
20003cd4:	3401      	adds	r4, #1
20003cd6:	4f46      	ldr	r7, [pc, #280]	; (20003df0 <y64_x64+0x58>)
20003cd8:	667c      	str	r4, [r7, #100]	; 0x64
20003cda:	4c46      	ldr	r4, [pc, #280]	; (20003df4 <y64_x64+0x5c>)
20003cdc:	663c      	str	r4, [r7, #96]	; 0x60
20003cde:	0c0e      	lsrs	r6, r1, #16
20003ce0:	e7ff      	b.n	20003ce2 <y64_x48+0x54>
20003ce2:	e7ff      	b.n	20003ce4 <y64_x48+0x56>
20003ce4:	e7ff      	b.n	20003ce6 <y64_x48+0x58>
20003ce6:	46c0      	nop			; (mov r8, r8)
20003ce8:	6f3c      	ldr	r4, [r7, #112]	; 0x70
20003cea:	4366      	muls	r6, r4
20003cec:	0c36      	lsrs	r6, r6, #16
20003cee:	0377      	lsls	r7, r6, #13
20003cf0:	46be      	mov	lr, r7
20003cf2:	b297      	uxth	r7, r2
20003cf4:	4377      	muls	r7, r6
20003cf6:	1bc0      	subs	r0, r0, r7
20003cf8:	d200      	bcs.n	20003cfc <y64_x48+0x6e>
20003cfa:	3901      	subs	r1, #1
20003cfc:	1bc0      	subs	r0, r0, r7
20003cfe:	d200      	bcs.n	20003d02 <y64_x48+0x74>
20003d00:	3901      	subs	r1, #1
20003d02:	b29f      	uxth	r7, r3
20003d04:	4377      	muls	r7, r6
20003d06:	1bc9      	subs	r1, r1, r7
20003d08:	1bc9      	subs	r1, r1, r7
20003d0a:	0c17      	lsrs	r7, r2, #16
20003d0c:	4377      	muls	r7, r6
20003d0e:	047e      	lsls	r6, r7, #17
20003d10:	0bff      	lsrs	r7, r7, #15
20003d12:	1b80      	subs	r0, r0, r6
20003d14:	41b9      	sbcs	r1, r7
20003d16:	08ce      	lsrs	r6, r1, #3
20003d18:	4366      	muls	r6, r4
20003d1a:	0c36      	lsrs	r6, r6, #16
20003d1c:	2d0c      	cmp	r5, #12
20003d1e:	db33      	blt.n	20003d88 <last1>
20003d20:	44b6      	add	lr, r6
20003d22:	0b12      	lsrs	r2, r2, #12
20003d24:	051f      	lsls	r7, r3, #20
20003d26:	433a      	orrs	r2, r7
20003d28:	0b1b      	lsrs	r3, r3, #12
20003d2a:	b297      	uxth	r7, r2
20003d2c:	4377      	muls	r7, r6
20003d2e:	1bc0      	subs	r0, r0, r7
20003d30:	d200      	bcs.n	20003d34 <y64_x48+0xa6>
20003d32:	3901      	subs	r1, #1
20003d34:	b29f      	uxth	r7, r3
20003d36:	4377      	muls	r7, r6
20003d38:	1bc9      	subs	r1, r1, r7
20003d3a:	0c17      	lsrs	r7, r2, #16
20003d3c:	4377      	muls	r7, r6
20003d3e:	043e      	lsls	r6, r7, #16
20003d40:	0c3f      	lsrs	r7, r7, #16
20003d42:	1b80      	subs	r0, r0, r6
20003d44:	41b9      	sbcs	r1, r7
20003d46:	0d86      	lsrs	r6, r0, #22
20003d48:	028f      	lsls	r7, r1, #10
20003d4a:	433e      	orrs	r6, r7
20003d4c:	4366      	muls	r6, r4
20003d4e:	2729      	movs	r7, #41	; 0x29
20003d50:	1b7f      	subs	r7, r7, r5
20003d52:	40fe      	lsrs	r6, r7
20003d54:	3d0c      	subs	r5, #12
20003d56:	4677      	mov	r7, lr
20003d58:	40af      	lsls	r7, r5
20003d5a:	19bf      	adds	r7, r7, r6
20003d5c:	bc30      	pop	{r4, r5}
20003d5e:	b2a2      	uxth	r2, r4
20003d60:	b2ab      	uxth	r3, r5
20003d62:	4372      	muls	r2, r6
20003d64:	4373      	muls	r3, r6
20003d66:	1a80      	subs	r0, r0, r2
20003d68:	4199      	sbcs	r1, r3
20003d6a:	0c22      	lsrs	r2, r4, #16
20003d6c:	4372      	muls	r2, r6
20003d6e:	0c13      	lsrs	r3, r2, #16
20003d70:	0412      	lsls	r2, r2, #16
20003d72:	1a80      	subs	r0, r0, r2
20003d74:	4199      	sbcs	r1, r3
20003d76:	0002      	movs	r2, r0
20003d78:	000b      	movs	r3, r1
20003d7a:	3701      	adds	r7, #1
20003d7c:	1b00      	subs	r0, r0, r4
20003d7e:	41a9      	sbcs	r1, r5
20003d80:	d2f9      	bcs.n	20003d76 <y64_x48+0xe8>
20003d82:	1e78      	subs	r0, r7, #1
20003d84:	2100      	movs	r1, #0
20003d86:	bdf0      	pop	{r4, r5, r6, r7, pc}

20003d88 <last1>:
20003d88:	270c      	movs	r7, #12
20003d8a:	1b7f      	subs	r7, r7, r5
20003d8c:	40fe      	lsrs	r6, r7
20003d8e:	4677      	mov	r7, lr
20003d90:	0b7f      	lsrs	r7, r7, #13
20003d92:	40af      	lsls	r7, r5
20003d94:	19ff      	adds	r7, r7, r7
20003d96:	e7e0      	b.n	20003d5a <y64_x48+0xcc>

20003d98 <y64_x64>:
20003d98:	2400      	movs	r4, #0
20003d9a:	1c5d      	adds	r5, r3, #1
20003d9c:	d007      	beq.n	20003dae <y64_x64+0x16>
20003d9e:	4f14      	ldr	r7, [pc, #80]	; (20003df0 <y64_x64+0x58>)
20003da0:	667d      	str	r5, [r7, #100]	; 0x64
20003da2:	6639      	str	r1, [r7, #96]	; 0x60
20003da4:	e7ff      	b.n	20003da6 <y64_x64+0xe>
20003da6:	e7ff      	b.n	20003da8 <y64_x64+0x10>
20003da8:	e7ff      	b.n	20003daa <y64_x64+0x12>
20003daa:	e7ff      	b.n	20003dac <y64_x64+0x14>
20003dac:	6f3c      	ldr	r4, [r7, #112]	; 0x70
20003dae:	b295      	uxth	r5, r2
20003db0:	b29e      	uxth	r6, r3
20003db2:	4365      	muls	r5, r4
20003db4:	4366      	muls	r6, r4
20003db6:	1b40      	subs	r0, r0, r5
20003db8:	41b1      	sbcs	r1, r6
20003dba:	0c15      	lsrs	r5, r2, #16
20003dbc:	0c1e      	lsrs	r6, r3, #16
20003dbe:	4365      	muls	r5, r4
20003dc0:	4366      	muls	r6, r4
20003dc2:	0436      	lsls	r6, r6, #16
20003dc4:	0c2f      	lsrs	r7, r5, #16
20003dc6:	433e      	orrs	r6, r7
20003dc8:	042d      	lsls	r5, r5, #16
20003dca:	1b40      	subs	r0, r0, r5
20003dcc:	41b1      	sbcs	r1, r6
20003dce:	4299      	cmp	r1, r3
20003dd0:	d204      	bcs.n	20003ddc <y64_x64+0x44>
20003dd2:	0002      	movs	r2, r0
20003dd4:	000b      	movs	r3, r1
20003dd6:	0020      	movs	r0, r4
20003dd8:	2100      	movs	r1, #0
20003dda:	bdf0      	pop	{r4, r5, r6, r7, pc}
20003ddc:	d101      	bne.n	20003de2 <y64_x64+0x4a>
20003dde:	4290      	cmp	r0, r2
20003de0:	d3f7      	bcc.n	20003dd2 <y64_x64+0x3a>
20003de2:	1a80      	subs	r0, r0, r2
20003de4:	4199      	sbcs	r1, r3
20003de6:	3401      	adds	r4, #1
20003de8:	4299      	cmp	r1, r3
20003dea:	d3f2      	bcc.n	20003dd2 <y64_x64+0x3a>
20003dec:	e7f6      	b.n	20003ddc <y64_x64+0x44>
20003dee:	0000      	.short	0x0000
20003df0:	d0000000 	.word	0xd0000000
20003df4:	ffffffff 	.word	0xffffffff

20003df8 <__wrap___aeabi_drsub>:
20003df8:	4048      	eors	r0, r1
20003dfa:	4041      	eors	r1, r0
20003dfc:	4048      	eors	r0, r1

20003dfe <__wrap___aeabi_dsub>:
20003dfe:	b418      	push	{r3, r4}
20003e00:	4b13      	ldr	r3, [pc, #76]	; (20003e50 <__wrap___aeabi_dmul+0xa>)
20003e02:	685b      	ldr	r3, [r3, #4]
20003e04:	9301      	str	r3, [sp, #4]
20003e06:	bd08      	pop	{r3, pc}

20003e08 <__wrap___aeabi_dadd>:
20003e08:	b418      	push	{r3, r4}
20003e0a:	4b11      	ldr	r3, [pc, #68]	; (20003e50 <__wrap___aeabi_dmul+0xa>)
20003e0c:	681b      	ldr	r3, [r3, #0]
20003e0e:	9301      	str	r3, [sp, #4]
20003e10:	bd08      	pop	{r3, pc}

20003e12 <__wrap___aeabi_ddiv>:
20003e12:	4694      	mov	ip, r2
20003e14:	4a0f      	ldr	r2, [pc, #60]	; (20003e54 <__wrap___aeabi_dmul+0xe>)
20003e16:	6f92      	ldr	r2, [r2, #120]	; 0x78
20003e18:	0892      	lsrs	r2, r2, #2
20003e1a:	d205      	bcs.n	20003e28 <ddiv_save_state>
20003e1c:	4662      	mov	r2, ip

20003e1e <ddiv_shim_call>:
20003e1e:	b418      	push	{r3, r4}
20003e20:	4b0b      	ldr	r3, [pc, #44]	; (20003e50 <__wrap___aeabi_dmul+0xa>)
20003e22:	68db      	ldr	r3, [r3, #12]
20003e24:	9301      	str	r3, [sp, #4]
20003e26:	bd08      	pop	{r3, pc}

20003e28 <ddiv_save_state>:
20003e28:	4a0a      	ldr	r2, [pc, #40]	; (20003e54 <__wrap___aeabi_dmul+0xe>)
20003e2a:	b5f0      	push	{r4, r5, r6, r7, lr}
20003e2c:	6e14      	ldr	r4, [r2, #96]	; 0x60
20003e2e:	6e55      	ldr	r5, [r2, #100]	; 0x64
20003e30:	6f57      	ldr	r7, [r2, #116]	; 0x74
20003e32:	6f16      	ldr	r6, [r2, #112]	; 0x70
20003e34:	4662      	mov	r2, ip
20003e36:	f7ff fff2 	bl	20003e1e <ddiv_shim_call>
20003e3a:	4a06      	ldr	r2, [pc, #24]	; (20003e54 <__wrap___aeabi_dmul+0xe>)
20003e3c:	6614      	str	r4, [r2, #96]	; 0x60
20003e3e:	6655      	str	r5, [r2, #100]	; 0x64
20003e40:	6757      	str	r7, [r2, #116]	; 0x74
20003e42:	6716      	str	r6, [r2, #112]	; 0x70
20003e44:	bdf0      	pop	{r4, r5, r6, r7, pc}

20003e46 <__wrap___aeabi_dmul>:
20003e46:	b418      	push	{r3, r4}
20003e48:	4b01      	ldr	r3, [pc, #4]	; (20003e50 <__wrap___aeabi_dmul+0xa>)
20003e4a:	689b      	ldr	r3, [r3, #8]
20003e4c:	9301      	str	r3, [sp, #4]
20003e4e:	bd08      	pop	{r3, pc}
20003e50:	20005f3c 	.word	0x20005f3c
20003e54:	d0000000 	.word	0xd0000000

20003e58 <__wrap___aeabi_cdrcmple>:
20003e58:	b5ff      	push	{r0, r1, r2, r3, r4, r5, r6, r7, lr}
20003e5a:	4050      	eors	r0, r2
20003e5c:	4042      	eors	r2, r0
20003e5e:	4050      	eors	r0, r2
20003e60:	4059      	eors	r1, r3
20003e62:	404b      	eors	r3, r1
20003e64:	4059      	eors	r1, r3
20003e66:	e000      	b.n	20003e6a <__aeabi_dfcmple_guts>

20003e68 <__wrap___aeabi_cdcmpeq>:
20003e68:	b5ff      	push	{r0, r1, r2, r3, r4, r5, r6, r7, lr}

20003e6a <__aeabi_dfcmple_guts>:
20003e6a:	4f15      	ldr	r7, [pc, #84]	; (20003ec0 <__aeabi_dfcmple_guts+0x56>)
20003e6c:	004c      	lsls	r4, r1, #1
20003e6e:	0d64      	lsrs	r4, r4, #21
20003e70:	d003      	beq.n	20003e7a <__aeabi_dfcmple_guts+0x10>
20003e72:	42bc      	cmp	r4, r7
20003e74:	d104      	bne.n	20003e80 <__aeabi_dfcmple_guts+0x16>
20003e76:	030c      	lsls	r4, r1, #12
20003e78:	d814      	bhi.n	20003ea4 <__aeabi_dfcmple_guts+0x3a>
20003e7a:	2000      	movs	r0, #0
20003e7c:	0d09      	lsrs	r1, r1, #20
20003e7e:	0509      	lsls	r1, r1, #20
20003e80:	005c      	lsls	r4, r3, #1
20003e82:	0d64      	lsrs	r4, r4, #21
20003e84:	d003      	beq.n	20003e8e <__aeabi_dfcmple_guts+0x24>
20003e86:	42bc      	cmp	r4, r7
20003e88:	d104      	bne.n	20003e94 <__aeabi_dfcmple_guts+0x2a>
20003e8a:	031c      	lsls	r4, r3, #12
20003e8c:	d80a      	bhi.n	20003ea4 <__aeabi_dfcmple_guts+0x3a>
20003e8e:	2200      	movs	r2, #0
20003e90:	0d1b      	lsrs	r3, r3, #20
20003e92:	051b      	lsls	r3, r3, #20
20003e94:	2601      	movs	r6, #1
20003e96:	404b      	eors	r3, r1
20003e98:	d409      	bmi.n	20003eae <__aeabi_dfcmple_guts+0x44>
20003e9a:	404b      	eors	r3, r1
20003e9c:	d503      	bpl.n	20003ea6 <__aeabi_dfcmple_guts+0x3c>
20003e9e:	428b      	cmp	r3, r1
20003ea0:	d100      	bne.n	20003ea4 <__aeabi_dfcmple_guts+0x3a>
20003ea2:	4282      	cmp	r2, r0
20003ea4:	bdff      	pop	{r0, r1, r2, r3, r4, r5, r6, r7, pc}
20003ea6:	4299      	cmp	r1, r3
20003ea8:	d1fc      	bne.n	20003ea4 <__aeabi_dfcmple_guts+0x3a>
20003eaa:	4290      	cmp	r0, r2
20003eac:	bdff      	pop	{r0, r1, r2, r3, r4, r5, r6, r7, pc}
20003eae:	430b      	orrs	r3, r1
20003eb0:	18db      	adds	r3, r3, r3
20003eb2:	4303      	orrs	r3, r0
20003eb4:	4313      	orrs	r3, r2
20003eb6:	d0f5      	beq.n	20003ea4 <__aeabi_dfcmple_guts+0x3a>
20003eb8:	43c9      	mvns	r1, r1
20003eba:	1849      	adds	r1, r1, r1
20003ebc:	bdff      	pop	{r0, r1, r2, r3, r4, r5, r6, r7, pc}
20003ebe:	0000      	.short	0x0000
20003ec0:	000007ff 	.word	0x000007ff

20003ec4 <__wrap___aeabi_dcmplt>:
20003ec4:	b500      	push	{lr}
20003ec6:	f7ff ffcf 	bl	20003e68 <__wrap___aeabi_cdcmpeq>
20003eca:	4180      	sbcs	r0, r0
20003ecc:	bd00      	pop	{pc}
20003ece:	46c0      	nop			; (mov r8, r8)

20003ed0 <__wrap___aeabi_dcmple>:
20003ed0:	b500      	push	{lr}
20003ed2:	f7ff ffc9 	bl	20003e68 <__wrap___aeabi_cdcmpeq>
20003ed6:	d901      	bls.n	20003edc <__wrap___aeabi_dcmple+0xc>
20003ed8:	2000      	movs	r0, #0
20003eda:	bd00      	pop	{pc}
20003edc:	2001      	movs	r0, #1
20003ede:	bd00      	pop	{pc}

20003ee0 <__wrap___aeabi_dcmpge>:
20003ee0:	b500      	push	{lr}
20003ee2:	f7ff ffb9 	bl	20003e58 <__wrap___aeabi_cdrcmple>
20003ee6:	d901      	bls.n	20003eec <__wrap___aeabi_dcmpge+0xc>
20003ee8:	2000      	movs	r0, #0
20003eea:	bd00      	pop	{pc}
20003eec:	2001      	movs	r0, #1
20003eee:	bd00      	pop	{pc}

20003ef0 <__wrap___aeabi_dcmpgt>:
20003ef0:	b500      	push	{lr}
20003ef2:	f7ff ffb1 	bl	20003e58 <__wrap___aeabi_cdrcmple>
20003ef6:	4180      	sbcs	r0, r0
20003ef8:	bd00      	pop	{pc}

20003efa <__wrap___aeabi_dcmpun>:
20003efa:	2001      	movs	r0, #1
20003efc:	0540      	lsls	r0, r0, #21
20003efe:	004a      	lsls	r2, r1, #1
20003f00:	1812      	adds	r2, r2, r0
20003f02:	d804      	bhi.n	20003f0e <__wrap___aeabi_dcmpun+0x14>
20003f04:	005a      	lsls	r2, r3, #1
20003f06:	1812      	adds	r2, r2, r0
20003f08:	d801      	bhi.n	20003f0e <__wrap___aeabi_dcmpun+0x14>
20003f0a:	2000      	movs	r0, #0
20003f0c:	4770      	bx	lr
20003f0e:	2001      	movs	r0, #1
20003f10:	4770      	bx	lr
20003f12:	2000      	movs	r0, #0
20003f14:	4770      	bx	lr
	...

20003f18 <__wrap___aeabi_ui2d>:
20003f18:	2100      	movs	r1, #0
20003f1a:	2800      	cmp	r0, #0
20003f1c:	d105      	bne.n	20003f2a <__wrap___aeabi_i2d+0xa>
20003f1e:	4770      	bx	lr

20003f20 <__wrap___aeabi_i2d>:
20003f20:	17c1      	asrs	r1, r0, #31
20003f22:	4048      	eors	r0, r1
20003f24:	1a40      	subs	r0, r0, r1
20003f26:	d0fa      	beq.n	20003f1e <__wrap___aeabi_ui2d+0x6>
20003f28:	07c9      	lsls	r1, r1, #31
20003f2a:	b513      	push	{r0, r1, r4, lr}
20003f2c:	4b06      	ldr	r3, [pc, #24]	; (20003f48 <__wrap___aeabi_i2d+0x28>)
20003f2e:	681b      	ldr	r3, [r3, #0]
20003f30:	4798      	blx	r3
20003f32:	bc0c      	pop	{r2, r3}
20003f34:	1c44      	adds	r4, r0, #1
20003f36:	40a2      	lsls	r2, r4
20003f38:	0510      	lsls	r0, r2, #20
20003f3a:	0b12      	lsrs	r2, r2, #12
20003f3c:	4903      	ldr	r1, [pc, #12]	; (20003f4c <__wrap___aeabi_i2d+0x2c>)
20003f3e:	1b09      	subs	r1, r1, r4
20003f40:	0509      	lsls	r1, r1, #20
20003f42:	4319      	orrs	r1, r3
20003f44:	4311      	orrs	r1, r2
20003f46:	bd10      	pop	{r4, pc}
20003f48:	2000603c 	.word	0x2000603c
20003f4c:	0000041f 	.word	0x0000041f

20003f50 <__wrap___aeabi_d2iz>:
20003f50:	b510      	push	{r4, lr}
20003f52:	004c      	lsls	r4, r1, #1
20003f54:	0d62      	lsrs	r2, r4, #21
20003f56:	2380      	movs	r3, #128	; 0x80
20003f58:	18d2      	adds	r2, r2, r3
20003f5a:	00db      	lsls	r3, r3, #3
20003f5c:	1ad2      	subs	r2, r2, r3
20003f5e:	055b      	lsls	r3, r3, #21
20003f60:	2a7e      	cmp	r2, #126	; 0x7e
20003f62:	dd10      	ble.n	20003f86 <__wrap___aeabi_d2iz+0x36>
20003f64:	3a9e      	subs	r2, #158	; 0x9e
20003f66:	da13      	bge.n	20003f90 <__wrap___aeabi_d2iz+0x40>
20003f68:	17cc      	asrs	r4, r1, #31
20003f6a:	0309      	lsls	r1, r1, #12
20003f6c:	0849      	lsrs	r1, r1, #1
20003f6e:	4319      	orrs	r1, r3
20003f70:	4252      	negs	r2, r2
20003f72:	40d1      	lsrs	r1, r2
20003f74:	0064      	lsls	r4, r4, #1
20003f76:	3401      	adds	r4, #1
20003f78:	3215      	adds	r2, #21
20003f7a:	2a20      	cmp	r2, #32
20003f7c:	da05      	bge.n	20003f8a <__wrap___aeabi_d2iz+0x3a>
20003f7e:	40d0      	lsrs	r0, r2
20003f80:	4308      	orrs	r0, r1
20003f82:	4360      	muls	r0, r4
20003f84:	bd10      	pop	{r4, pc}
20003f86:	2000      	movs	r0, #0
20003f88:	bd10      	pop	{r4, pc}
20003f8a:	4608      	mov	r0, r1
20003f8c:	4360      	muls	r0, r4
20003f8e:	bd10      	pop	{r4, pc}
20003f90:	0fc8      	lsrs	r0, r1, #31
20003f92:	18c0      	adds	r0, r0, r3
20003f94:	3801      	subs	r0, #1
20003f96:	bd10      	pop	{r4, pc}

20003f98 <__wrap___aeabi_d2uiz>:
20003f98:	b418      	push	{r3, r4}
20003f9a:	4b02      	ldr	r3, [pc, #8]	; (20003fa4 <__wrap___aeabi_d2uiz+0xc>)
20003f9c:	6a5b      	ldr	r3, [r3, #36]	; 0x24
20003f9e:	9301      	str	r3, [sp, #4]
20003fa0:	bd08      	pop	{r3, pc}
20003fa2:	0000      	.short	0x0000
20003fa4:	20005f3c 	.word	0x20005f3c

20003fa8 <missing_double_func_shim>:
20003fa8:	b510      	push	{r4, lr}
20003faa:	4801      	ldr	r0, [pc, #4]	; (20003fb0 <missing_double_func_shim+0x8>)
20003fac:	f7fe fbd8 	bl	20002760 <panic>
20003fb0:	200057e8 	.word	0x200057e8

20003fb4 <__aeabi_double_init>:
20003fb4:	b570      	push	{r4, r5, r6, lr}
20003fb6:	2313      	movs	r3, #19
20003fb8:	781c      	ldrb	r4, [r3, #0]
20003fba:	2c01      	cmp	r4, #1
20003fbc:	d014      	beq.n	20003fe8 <__aeabi_double_init+0x34>
20003fbe:	2c01      	cmp	r4, #1
20003fc0:	dc14      	bgt.n	20003fec <__aeabi_double_init+0x38>
20003fc2:	2c02      	cmp	r4, #2
20003fc4:	dc02      	bgt.n	20003fcc <__aeabi_double_init+0x18>
20003fc6:	4a1f      	ldr	r2, [pc, #124]	; (20004044 <__aeabi_double_init+0x90>)
20003fc8:	4b1f      	ldr	r3, [pc, #124]	; (20004048 <__aeabi_double_init+0x94>)
20003fca:	649a      	str	r2, [r3, #72]	; 0x48
20003fcc:	481f      	ldr	r0, [pc, #124]	; (2000404c <__aeabi_double_init+0x98>)
20003fce:	f7ff fc87 	bl	200038e0 <rom_func_lookup>
20003fd2:	4b1f      	ldr	r3, [pc, #124]	; (20004050 <__aeabi_double_init+0x9c>)
20003fd4:	6018      	str	r0, [r3, #0]
20003fd6:	bd70      	pop	{r4, r5, r6, pc}
20003fd8:	0099      	lsls	r1, r3, #2
20003fda:	481e      	ldr	r0, [pc, #120]	; (20004054 <__aeabi_double_init+0xa0>)
20003fdc:	4a1a      	ldr	r2, [pc, #104]	; (20004048 <__aeabi_double_init+0x94>)
20003fde:	5088      	str	r0, [r1, r2]
20003fe0:	3301      	adds	r3, #1
20003fe2:	2b1f      	cmp	r3, #31
20003fe4:	d9f8      	bls.n	20003fd8 <__aeabi_double_init+0x24>
20003fe6:	e7ea      	b.n	20003fbe <__aeabi_double_init+0xa>
20003fe8:	2300      	movs	r3, #0
20003fea:	e7fa      	b.n	20003fe2 <__aeabi_double_init+0x2e>
20003fec:	481a      	ldr	r0, [pc, #104]	; (20004058 <__aeabi_double_init+0xa4>)
20003fee:	f7ff fc7f 	bl	200038f0 <rom_data_lookup>
20003ff2:	0005      	movs	r5, r0
20003ff4:	4819      	ldr	r0, [pc, #100]	; (2000405c <__aeabi_double_init+0xa8>)
20003ff6:	f7ff fc7b 	bl	200038f0 <rom_data_lookup>
20003ffa:	3802      	subs	r0, #2
20003ffc:	7803      	ldrb	r3, [r0, #0]
20003ffe:	009b      	lsls	r3, r3, #2
20004000:	2b7f      	cmp	r3, #127	; 0x7f
20004002:	dd19      	ble.n	20004038 <__aeabi_double_init+0x84>
20004004:	2280      	movs	r2, #128	; 0x80
20004006:	0029      	movs	r1, r5
20004008:	480f      	ldr	r0, [pc, #60]	; (20004048 <__aeabi_double_init+0x94>)
2000400a:	f000 f8ab 	bl	20004164 <__wrap___aeabi_memcpy>
2000400e:	2c02      	cmp	r4, #2
20004010:	d1d7      	bne.n	20003fc2 <__aeabi_double_init+0xe>
20004012:	4b13      	ldr	r3, [pc, #76]	; (20004060 <__aeabi_double_init+0xac>)
20004014:	881a      	ldrh	r2, [r3, #0]
20004016:	23b5      	movs	r3, #181	; 0xb5
20004018:	021b      	lsls	r3, r3, #8
2000401a:	429a      	cmp	r2, r3
2000401c:	d109      	bne.n	20004032 <__aeabi_double_init+0x7e>
2000401e:	4b11      	ldr	r3, [pc, #68]	; (20004064 <__aeabi_double_init+0xb0>)
20004020:	881a      	ldrh	r2, [r3, #0]
20004022:	4b11      	ldr	r3, [pc, #68]	; (20004068 <__aeabi_double_init+0xb4>)
20004024:	429a      	cmp	r2, r3
20004026:	d104      	bne.n	20004032 <__aeabi_double_init+0x7e>
20004028:	4b10      	ldr	r3, [pc, #64]	; (2000406c <__aeabi_double_init+0xb8>)
2000402a:	881a      	ldrh	r2, [r3, #0]
2000402c:	4b10      	ldr	r3, [pc, #64]	; (20004070 <__aeabi_double_init+0xbc>)
2000402e:	429a      	cmp	r2, r3
20004030:	d0c7      	beq.n	20003fc2 <__aeabi_double_init+0xe>
20004032:	2000      	movs	r0, #0
20004034:	f7fe fb94 	bl	20002760 <panic>
20004038:	4b0e      	ldr	r3, [pc, #56]	; (20004074 <__aeabi_double_init+0xc0>)
2000403a:	4a0f      	ldr	r2, [pc, #60]	; (20004078 <__aeabi_double_init+0xc4>)
2000403c:	2132      	movs	r1, #50	; 0x32
2000403e:	480f      	ldr	r0, [pc, #60]	; (2000407c <__aeabi_double_init+0xc8>)
20004040:	f7fe faf4 	bl	2000262c <__assert_func>
20004044:	20004081 	.word	0x20004081
20004048:	20005f3c 	.word	0x20005f3c
2000404c:	0000334c 	.word	0x0000334c
20004050:	2000603c 	.word	0x2000603c
20004054:	20003fa9 	.word	0x20003fa9
20004058:	00004453 	.word	0x00004453
2000405c:	00004653 	.word	0x00004653
20004060:	00003854 	.word	0x00003854
20004064:	000038d8 	.word	0x000038d8
20004068:	00004649 	.word	0x00004649
2000406c:	0000389c 	.word	0x0000389c
20004070:	00004659 	.word	0x00004659
20004074:	20005800 	.word	0x20005800
20004078:	20005898 	.word	0x20005898
2000407c:	20005854 	.word	0x20005854

20004080 <double_table_shim_on_use_helper>:
20004080:	b507      	push	{r0, r1, r2, lr}
20004082:	4660      	mov	r0, ip
20004084:	2800      	cmp	r0, #0
20004086:	d100      	bne.n	2000408a <double_table_shim_on_use_helper+0xa>
20004088:	be00      	bkpt	0x0000
2000408a:	8801      	ldrh	r1, [r0, #0]
2000408c:	0a0a      	lsrs	r2, r1, #8
2000408e:	3002      	adds	r0, #2
20004090:	2adf      	cmp	r2, #223	; 0xdf
20004092:	d1fa      	bne.n	2000408a <double_table_shim_on_use_helper+0xa>
20004094:	b2c9      	uxtb	r1, r1
20004096:	0882      	lsrs	r2, r0, #2
20004098:	d304      	bcc.n	200040a4 <double_table_shim_on_use_helper+0x24>
2000409a:	8802      	ldrh	r2, [r0, #0]
2000409c:	8840      	ldrh	r0, [r0, #2]
2000409e:	0400      	lsls	r0, r0, #16
200040a0:	4310      	orrs	r0, r2
200040a2:	e000      	b.n	200040a6 <double_table_shim_on_use_helper+0x26>
200040a4:	6800      	ldr	r0, [r0, #0]
200040a6:	4a02      	ldr	r2, [pc, #8]	; (200040b0 <double_table_shim_on_use_helper+0x30>)
200040a8:	5050      	str	r0, [r2, r1]
200040aa:	9003      	str	r0, [sp, #12]
200040ac:	bd07      	pop	{r0, r1, r2, pc}
200040ae:	0000      	.short	0x0000
200040b0:	20005f3c 	.word	0x20005f3c

200040b4 <missing_float_func_shim>:
200040b4:	b510      	push	{r4, lr}
200040b6:	4801      	ldr	r0, [pc, #4]	; (200040bc <missing_float_func_shim+0x8>)
200040b8:	f7fe fb52 	bl	20002760 <panic>
200040bc:	200054e8 	.word	0x200054e8

200040c0 <__aeabi_float_init>:
200040c0:	b570      	push	{r4, r5, r6, lr}
200040c2:	2313      	movs	r3, #19
200040c4:	781e      	ldrb	r6, [r3, #0]
200040c6:	4818      	ldr	r0, [pc, #96]	; (20004128 <__aeabi_float_init+0x68>)
200040c8:	f7ff fc12 	bl	200038f0 <rom_data_lookup>
200040cc:	0005      	movs	r5, r0
200040ce:	2e01      	cmp	r6, #1
200040d0:	d011      	beq.n	200040f6 <__aeabi_float_init+0x36>
200040d2:	2e01      	cmp	r6, #1
200040d4:	dd09      	ble.n	200040ea <__aeabi_float_init+0x2a>
200040d6:	1eab      	subs	r3, r5, #2
200040d8:	781b      	ldrb	r3, [r3, #0]
200040da:	009b      	lsls	r3, r3, #2
200040dc:	2b7f      	cmp	r3, #127	; 0x7f
200040de:	dd1d      	ble.n	2000411c <__aeabi_float_init+0x5c>
200040e0:	2280      	movs	r2, #128	; 0x80
200040e2:	0029      	movs	r1, r5
200040e4:	4811      	ldr	r0, [pc, #68]	; (2000412c <__aeabi_float_init+0x6c>)
200040e6:	f000 f83d 	bl	20004164 <__wrap___aeabi_memcpy>
200040ea:	4811      	ldr	r0, [pc, #68]	; (20004130 <__aeabi_float_init+0x70>)
200040ec:	f7ff fbf8 	bl	200038e0 <rom_func_lookup>
200040f0:	4b10      	ldr	r3, [pc, #64]	; (20004134 <__aeabi_float_init+0x74>)
200040f2:	6018      	str	r0, [r3, #0]
200040f4:	bd70      	pop	{r4, r5, r6, pc}
200040f6:	2254      	movs	r2, #84	; 0x54
200040f8:	0001      	movs	r1, r0
200040fa:	480c      	ldr	r0, [pc, #48]	; (2000412c <__aeabi_float_init+0x6c>)
200040fc:	f000 f832 	bl	20004164 <__wrap___aeabi_memcpy>
20004100:	2300      	movs	r3, #0
20004102:	e000      	b.n	20004106 <__aeabi_float_init+0x46>
20004104:	3301      	adds	r3, #1
20004106:	2b1f      	cmp	r3, #31
20004108:	d8e3      	bhi.n	200040d2 <__aeabi_float_init+0x12>
2000410a:	009a      	lsls	r2, r3, #2
2000410c:	4c07      	ldr	r4, [pc, #28]	; (2000412c <__aeabi_float_init+0x6c>)
2000410e:	5912      	ldr	r2, [r2, r4]
20004110:	2a00      	cmp	r2, #0
20004112:	d1f7      	bne.n	20004104 <__aeabi_float_init+0x44>
20004114:	009a      	lsls	r2, r3, #2
20004116:	4808      	ldr	r0, [pc, #32]	; (20004138 <__aeabi_float_init+0x78>)
20004118:	5110      	str	r0, [r2, r4]
2000411a:	e7f3      	b.n	20004104 <__aeabi_float_init+0x44>
2000411c:	4b07      	ldr	r3, [pc, #28]	; (2000413c <__aeabi_float_init+0x7c>)
2000411e:	4a08      	ldr	r2, [pc, #32]	; (20004140 <__aeabi_float_init+0x80>)
20004120:	2142      	movs	r1, #66	; 0x42
20004122:	4808      	ldr	r0, [pc, #32]	; (20004144 <__aeabi_float_init+0x84>)
20004124:	f7fe fa82 	bl	2000262c <__assert_func>
20004128:	00004653 	.word	0x00004653
2000412c:	20006040 	.word	0x20006040
20004130:	0000334c 	.word	0x0000334c
20004134:	2000603c 	.word	0x2000603c
20004138:	200040b5 	.word	0x200040b5
2000413c:	200058ac 	.word	0x200058ac
20004140:	20005924 	.word	0x20005924
20004144:	200058e0 	.word	0x200058e0

20004148 <__aeabi_mem_init>:
20004148:	4801      	ldr	r0, [pc, #4]	; (20004150 <__aeabi_mem_init+0x8>)
2000414a:	2104      	movs	r1, #4
2000414c:	4b01      	ldr	r3, [pc, #4]	; (20004154 <__aeabi_mem_init+0xc>)
2000414e:	4718      	bx	r3
20004150:	20005c50 	.word	0x20005c50
20004154:	20003901 	.word	0x20003901

20004158 <__wrap_memset>:
20004158:	4b01      	ldr	r3, [pc, #4]	; (20004160 <__wrap_memset+0x8>)
2000415a:	681b      	ldr	r3, [r3, #0]
2000415c:	4718      	bx	r3
2000415e:	0000      	.short	0x0000
20004160:	20005c50 	.word	0x20005c50

20004164 <__wrap___aeabi_memcpy>:
20004164:	4b01      	ldr	r3, [pc, #4]	; (2000416c <__wrap___aeabi_memcpy+0x8>)
20004166:	685b      	ldr	r3, [r3, #4]
20004168:	4718      	bx	r3
2000416a:	0000      	.short	0x0000
2000416c:	20005c50 	.word	0x20005c50

20004170 <stdio_out_chars_no_crlf>:
20004170:	b510      	push	{r4, lr}
20004172:	0003      	movs	r3, r0
20004174:	0008      	movs	r0, r1
20004176:	0011      	movs	r1, r2
20004178:	681b      	ldr	r3, [r3, #0]
2000417a:	4798      	blx	r3
2000417c:	bd10      	pop	{r4, pc}
	...

20004180 <stdio_out_chars_crlf>:
20004180:	b5f8      	push	{r3, r4, r5, r6, r7, lr}
20004182:	0007      	movs	r7, r0
20004184:	000d      	movs	r5, r1
20004186:	0016      	movs	r6, r2
20004188:	7d43      	ldrb	r3, [r0, #21]
2000418a:	2b00      	cmp	r3, #0
2000418c:	d002      	beq.n	20004194 <stdio_out_chars_crlf+0x14>
2000418e:	2400      	movs	r4, #0
20004190:	2000      	movs	r0, #0
20004192:	e00c      	b.n	200041ae <stdio_out_chars_crlf+0x2e>
20004194:	6803      	ldr	r3, [r0, #0]
20004196:	0011      	movs	r1, r2
20004198:	0028      	movs	r0, r5
2000419a:	4798      	blx	r3
2000419c:	e02d      	b.n	200041fa <stdio_out_chars_crlf+0x7a>
2000419e:	7d3b      	ldrb	r3, [r7, #20]
200041a0:	e010      	b.n	200041c4 <stdio_out_chars_crlf+0x44>
200041a2:	2102      	movs	r1, #2
200041a4:	4815      	ldr	r0, [pc, #84]	; (200041fc <stdio_out_chars_crlf+0x7c>)
200041a6:	683b      	ldr	r3, [r7, #0]
200041a8:	4798      	blx	r3
200041aa:	1c60      	adds	r0, r4, #1
200041ac:	3401      	adds	r4, #1
200041ae:	42b4      	cmp	r4, r6
200041b0:	da14      	bge.n	200041dc <stdio_out_chars_crlf+0x5c>
200041b2:	2c00      	cmp	r4, #0
200041b4:	ddf3      	ble.n	2000419e <stdio_out_chars_crlf+0x1e>
200041b6:	192b      	adds	r3, r5, r4
200041b8:	3b01      	subs	r3, #1
200041ba:	781b      	ldrb	r3, [r3, #0]
200041bc:	3b0d      	subs	r3, #13
200041be:	425a      	negs	r2, r3
200041c0:	4153      	adcs	r3, r2
200041c2:	b2db      	uxtb	r3, r3
200041c4:	5d2a      	ldrb	r2, [r5, r4]
200041c6:	2a0a      	cmp	r2, #10
200041c8:	d1f0      	bne.n	200041ac <stdio_out_chars_crlf+0x2c>
200041ca:	2b00      	cmp	r3, #0
200041cc:	d1ee      	bne.n	200041ac <stdio_out_chars_crlf+0x2c>
200041ce:	42a0      	cmp	r0, r4
200041d0:	dae7      	bge.n	200041a2 <stdio_out_chars_crlf+0x22>
200041d2:	1a21      	subs	r1, r4, r0
200041d4:	1828      	adds	r0, r5, r0
200041d6:	683b      	ldr	r3, [r7, #0]
200041d8:	4798      	blx	r3
200041da:	e7e2      	b.n	200041a2 <stdio_out_chars_crlf+0x22>
200041dc:	42b0      	cmp	r0, r6
200041de:	da03      	bge.n	200041e8 <stdio_out_chars_crlf+0x68>
200041e0:	1a31      	subs	r1, r6, r0
200041e2:	1828      	adds	r0, r5, r0
200041e4:	683b      	ldr	r3, [r7, #0]
200041e6:	4798      	blx	r3
200041e8:	2e00      	cmp	r6, #0
200041ea:	dd06      	ble.n	200041fa <stdio_out_chars_crlf+0x7a>
200041ec:	19ad      	adds	r5, r5, r6
200041ee:	3d01      	subs	r5, #1
200041f0:	782b      	ldrb	r3, [r5, #0]
200041f2:	3b0d      	subs	r3, #13
200041f4:	425a      	negs	r2, r3
200041f6:	4153      	adcs	r3, r2
200041f8:	753b      	strb	r3, [r7, #20]
200041fa:	bdf8      	pop	{r3, r4, r5, r6, r7, pc}
200041fc:	200059c0 	.word	0x200059c0

20004200 <stdio_stack_buffer_flush>:
20004200:	b570      	push	{r4, r5, r6, lr}
20004202:	0005      	movs	r5, r0
20004204:	6803      	ldr	r3, [r0, #0]
20004206:	2b00      	cmp	r3, #0
20004208:	d016      	beq.n	20004238 <stdio_stack_buffer_flush+0x38>
2000420a:	4b0c      	ldr	r3, [pc, #48]	; (2000423c <stdio_stack_buffer_flush+0x3c>)
2000420c:	681c      	ldr	r4, [r3, #0]
2000420e:	e005      	b.n	2000421c <stdio_stack_buffer_flush+0x1c>
20004210:	0029      	movs	r1, r5
20004212:	c904      	ldmia	r1!, {r2}
20004214:	0020      	movs	r0, r4
20004216:	f7ff ffb3 	bl	20004180 <stdio_out_chars_crlf>
2000421a:	6924      	ldr	r4, [r4, #16]
2000421c:	2c00      	cmp	r4, #0
2000421e:	d009      	beq.n	20004234 <stdio_stack_buffer_flush+0x34>
20004220:	6823      	ldr	r3, [r4, #0]
20004222:	2b00      	cmp	r3, #0
20004224:	d0f9      	beq.n	2000421a <stdio_stack_buffer_flush+0x1a>
20004226:	4b06      	ldr	r3, [pc, #24]	; (20004240 <stdio_stack_buffer_flush+0x40>)
20004228:	681b      	ldr	r3, [r3, #0]
2000422a:	2b00      	cmp	r3, #0
2000422c:	d0f0      	beq.n	20004210 <stdio_stack_buffer_flush+0x10>
2000422e:	42a3      	cmp	r3, r4
20004230:	d1f3      	bne.n	2000421a <stdio_stack_buffer_flush+0x1a>
20004232:	e7ed      	b.n	20004210 <stdio_stack_buffer_flush+0x10>
20004234:	2300      	movs	r3, #0
20004236:	602b      	str	r3, [r5, #0]
20004238:	bd70      	pop	{r4, r5, r6, pc}
2000423a:	46c0      	nop			; (mov r8, r8)
2000423c:	20005f1c 	.word	0x20005f1c
20004240:	20005f20 	.word	0x20005f20

20004244 <stdio_buffered_printer>:
20004244:	b570      	push	{r4, r5, r6, lr}
20004246:	0005      	movs	r5, r0
20004248:	000c      	movs	r4, r1
2000424a:	680b      	ldr	r3, [r1, #0]
2000424c:	2b80      	cmp	r3, #128	; 0x80
2000424e:	d005      	beq.n	2000425c <stdio_buffered_printer+0x18>
20004250:	6821      	ldr	r1, [r4, #0]
20004252:	1c4b      	adds	r3, r1, #1
20004254:	6023      	str	r3, [r4, #0]
20004256:	1864      	adds	r4, r4, r1
20004258:	7125      	strb	r5, [r4, #4]
2000425a:	bd70      	pop	{r4, r5, r6, pc}
2000425c:	0008      	movs	r0, r1
2000425e:	f7ff ffcf 	bl	20004200 <stdio_stack_buffer_flush>
20004262:	e7f5      	b.n	20004250 <stdio_buffered_printer+0xc>

20004264 <stdout_serialize_begin>:
20004264:	b510      	push	{r4, lr}
20004266:	f7fd fbfb 	bl	20001a60 <time_us_64>
2000426a:	0002      	movs	r2, r0
2000426c:	1e0b      	subs	r3, r1, #0
2000426e:	db0b      	blt.n	20004288 <stdout_serialize_begin+0x24>
20004270:	480d      	ldr	r0, [pc, #52]	; (200042a8 <stdout_serialize_begin+0x44>)
20004272:	2100      	movs	r1, #0
20004274:	1812      	adds	r2, r2, r0
20004276:	414b      	adcs	r3, r1
20004278:	2b00      	cmp	r3, #0
2000427a:	db0b      	blt.n	20004294 <stdout_serialize_begin+0x30>
2000427c:	2b00      	cmp	r3, #0
2000427e:	db0d      	blt.n	2000429c <stdout_serialize_begin+0x38>
20004280:	480a      	ldr	r0, [pc, #40]	; (200042ac <stdout_serialize_begin+0x48>)
20004282:	f000 fb1f 	bl	200048c4 <mutex_try_enter_block_until>
20004286:	bd10      	pop	{r4, pc}
20004288:	4b09      	ldr	r3, [pc, #36]	; (200042b0 <stdout_serialize_begin+0x4c>)
2000428a:	4a0a      	ldr	r2, [pc, #40]	; (200042b4 <stdout_serialize_begin+0x50>)
2000428c:	213f      	movs	r1, #63	; 0x3f
2000428e:	480a      	ldr	r0, [pc, #40]	; (200042b8 <stdout_serialize_begin+0x54>)
20004290:	f7fe f9cc 	bl	2000262c <__assert_func>
20004294:	2201      	movs	r2, #1
20004296:	4252      	negs	r2, r2
20004298:	4b08      	ldr	r3, [pc, #32]	; (200042bc <stdout_serialize_begin+0x58>)
2000429a:	e7ef      	b.n	2000427c <stdout_serialize_begin+0x18>
2000429c:	4b04      	ldr	r3, [pc, #16]	; (200042b0 <stdout_serialize_begin+0x4c>)
2000429e:	4a05      	ldr	r2, [pc, #20]	; (200042b4 <stdout_serialize_begin+0x50>)
200042a0:	213f      	movs	r1, #63	; 0x3f
200042a2:	4805      	ldr	r0, [pc, #20]	; (200042b8 <stdout_serialize_begin+0x54>)
200042a4:	f7fe f9c2 	bl	2000262c <__assert_func>
200042a8:	000f4240 	.word	0x000f4240
200042ac:	20005c60 	.word	0x20005c60
200042b0:	20004da8 	.word	0x20004da8
200042b4:	200059a8 	.word	0x200059a8
200042b8:	20004dc4 	.word	0x20004dc4
200042bc:	7fffffff 	.word	0x7fffffff

200042c0 <stdout_serialize_end>:
200042c0:	b510      	push	{r4, lr}
200042c2:	4802      	ldr	r0, [pc, #8]	; (200042cc <stdout_serialize_end+0xc>)
200042c4:	f000 fb18 	bl	200048f8 <mutex_exit>
200042c8:	bd10      	pop	{r4, pc}
200042ca:	46c0      	nop			; (mov r8, r8)
200042cc:	20005c60 	.word	0x20005c60

200042d0 <stdio_put_string>:
200042d0:	b5f0      	push	{r4, r5, r6, r7, lr}
200042d2:	46ce      	mov	lr, r9
200042d4:	4647      	mov	r7, r8
200042d6:	b580      	push	{r7, lr}
200042d8:	b083      	sub	sp, #12
200042da:	0006      	movs	r6, r0
200042dc:	000d      	movs	r5, r1
200042de:	4690      	mov	r8, r2
200042e0:	001c      	movs	r4, r3
200042e2:	f7ff ffbf 	bl	20004264 <stdout_serialize_begin>
200042e6:	4681      	mov	r9, r0
200042e8:	1c6b      	adds	r3, r5, #1
200042ea:	d005      	beq.n	200042f8 <stdio_put_string+0x28>
200042ec:	2c00      	cmp	r4, #0
200042ee:	d008      	beq.n	20004302 <stdio_put_string+0x32>
200042f0:	4f19      	ldr	r7, [pc, #100]	; (20004358 <stdio_put_string+0x88>)
200042f2:	4b1a      	ldr	r3, [pc, #104]	; (2000435c <stdio_put_string+0x8c>)
200042f4:	681c      	ldr	r4, [r3, #0]
200042f6:	e007      	b.n	20004308 <stdio_put_string+0x38>
200042f8:	0030      	movs	r0, r6
200042fa:	f000 fa49 	bl	20004790 <strlen>
200042fe:	0005      	movs	r5, r0
20004300:	e7f4      	b.n	200042ec <stdio_put_string+0x1c>
20004302:	4f17      	ldr	r7, [pc, #92]	; (20004360 <stdio_put_string+0x90>)
20004304:	e7f5      	b.n	200042f2 <stdio_put_string+0x22>
20004306:	6924      	ldr	r4, [r4, #16]
20004308:	2c00      	cmp	r4, #0
2000430a:	d017      	beq.n	2000433c <stdio_put_string+0x6c>
2000430c:	6823      	ldr	r3, [r4, #0]
2000430e:	2b00      	cmp	r3, #0
20004310:	d0f9      	beq.n	20004306 <stdio_put_string+0x36>
20004312:	4b14      	ldr	r3, [pc, #80]	; (20004364 <stdio_put_string+0x94>)
20004314:	681b      	ldr	r3, [r3, #0]
20004316:	2b00      	cmp	r3, #0
20004318:	d001      	beq.n	2000431e <stdio_put_string+0x4e>
2000431a:	42a3      	cmp	r3, r4
2000431c:	d1f3      	bne.n	20004306 <stdio_put_string+0x36>
2000431e:	002a      	movs	r2, r5
20004320:	0031      	movs	r1, r6
20004322:	0020      	movs	r0, r4
20004324:	47b8      	blx	r7
20004326:	4643      	mov	r3, r8
20004328:	2b00      	cmp	r3, #0
2000432a:	d0ec      	beq.n	20004306 <stdio_put_string+0x36>
2000432c:	466b      	mov	r3, sp
2000432e:	1dd9      	adds	r1, r3, #7
20004330:	230a      	movs	r3, #10
20004332:	700b      	strb	r3, [r1, #0]
20004334:	2201      	movs	r2, #1
20004336:	0020      	movs	r0, r4
20004338:	47b8      	blx	r7
2000433a:	e7e4      	b.n	20004306 <stdio_put_string+0x36>
2000433c:	464b      	mov	r3, r9
2000433e:	2b00      	cmp	r3, #0
20004340:	d107      	bne.n	20004352 <stdio_put_string+0x82>
20004342:	1e6b      	subs	r3, r5, #1
20004344:	419d      	sbcs	r5, r3
20004346:	b2e8      	uxtb	r0, r5
20004348:	b003      	add	sp, #12
2000434a:	bcc0      	pop	{r6, r7}
2000434c:	46b9      	mov	r9, r7
2000434e:	46b0      	mov	r8, r6
20004350:	bdf0      	pop	{r4, r5, r6, r7, pc}
20004352:	f7ff ffb5 	bl	200042c0 <stdout_serialize_end>
20004356:	e7f4      	b.n	20004342 <stdio_put_string+0x72>
20004358:	20004171 	.word	0x20004171
2000435c:	20005f1c 	.word	0x20005f1c
20004360:	20004181 	.word	0x20004181
20004364:	20005f20 	.word	0x20005f20

20004368 <stdio_flush>:
20004368:	b510      	push	{r4, lr}
2000436a:	4b06      	ldr	r3, [pc, #24]	; (20004384 <stdio_flush+0x1c>)
2000436c:	681c      	ldr	r4, [r3, #0]
2000436e:	e001      	b.n	20004374 <stdio_flush+0xc>
20004370:	4798      	blx	r3
20004372:	6924      	ldr	r4, [r4, #16]
20004374:	2c00      	cmp	r4, #0
20004376:	d003      	beq.n	20004380 <stdio_flush+0x18>
20004378:	6863      	ldr	r3, [r4, #4]
2000437a:	2b00      	cmp	r3, #0
2000437c:	d1f8      	bne.n	20004370 <stdio_flush+0x8>
2000437e:	e7f8      	b.n	20004372 <stdio_flush+0xa>
20004380:	bd10      	pop	{r4, pc}
20004382:	46c0      	nop			; (mov r8, r8)
20004384:	20005f1c 	.word	0x20005f1c

20004388 <__wrap_puts>:
20004388:	b570      	push	{r4, r5, r6, lr}
2000438a:	0005      	movs	r5, r0
2000438c:	f000 fa00 	bl	20004790 <strlen>
20004390:	0004      	movs	r4, r0
20004392:	2300      	movs	r3, #0
20004394:	2201      	movs	r2, #1
20004396:	0001      	movs	r1, r0
20004398:	0028      	movs	r0, r5
2000439a:	f7ff ff99 	bl	200042d0 <stdio_put_string>
2000439e:	f7ff ffe3 	bl	20004368 <stdio_flush>
200043a2:	0020      	movs	r0, r4
200043a4:	bd70      	pop	{r4, r5, r6, pc}
	...

200043a8 <__wrap_vprintf>:
200043a8:	b570      	push	{r4, r5, r6, lr}
200043aa:	b0a2      	sub	sp, #136	; 0x88
200043ac:	0004      	movs	r4, r0
200043ae:	000e      	movs	r6, r1
200043b0:	f7ff ff58 	bl	20004264 <stdout_serialize_begin>
200043b4:	0005      	movs	r5, r0
200043b6:	2300      	movs	r3, #0
200043b8:	9301      	str	r3, [sp, #4]
200043ba:	0033      	movs	r3, r6
200043bc:	0022      	movs	r2, r4
200043be:	a901      	add	r1, sp, #4
200043c0:	4808      	ldr	r0, [pc, #32]	; (200043e4 <__wrap_vprintf+0x3c>)
200043c2:	f7ff fa75 	bl	200038b0 <vfctprintf>
200043c6:	0004      	movs	r4, r0
200043c8:	a801      	add	r0, sp, #4
200043ca:	f7ff ff19 	bl	20004200 <stdio_stack_buffer_flush>
200043ce:	f7ff ffcb 	bl	20004368 <stdio_flush>
200043d2:	2d00      	cmp	r5, #0
200043d4:	d102      	bne.n	200043dc <__wrap_vprintf+0x34>
200043d6:	0020      	movs	r0, r4
200043d8:	b022      	add	sp, #136	; 0x88
200043da:	bd70      	pop	{r4, r5, r6, pc}
200043dc:	f7ff ff70 	bl	200042c0 <stdout_serialize_end>
200043e0:	e7f9      	b.n	200043d6 <__wrap_vprintf+0x2e>
200043e2:	46c0      	nop			; (mov r8, r8)
200043e4:	20004245 	.word	0x20004245

200043e8 <__wrap_printf>:
200043e8:	b40f      	push	{r0, r1, r2, r3}
200043ea:	b500      	push	{lr}
200043ec:	b083      	sub	sp, #12
200043ee:	a904      	add	r1, sp, #16
200043f0:	c901      	ldmia	r1!, {r0}
200043f2:	9101      	str	r1, [sp, #4]
200043f4:	f7ff ffd8 	bl	200043a8 <__wrap_vprintf>
200043f8:	b003      	add	sp, #12
200043fa:	bc08      	pop	{r3}
200043fc:	b004      	add	sp, #16
200043fe:	4718      	bx	r3

20004400 <_retrieve_unique_id_on_boot>:
20004400:	b510      	push	{r4, lr}
20004402:	4802      	ldr	r0, [pc, #8]	; (2000440c <_retrieve_unique_id_on_boot+0xc>)
20004404:	f000 f80c 	bl	20004420 <flash_get_unique_id>
20004408:	bd10      	pop	{r4, pc}
2000440a:	46c0      	nop			; (mov r8, r8)
2000440c:	20005f34 	.word	0x20005f34

20004410 <pico_get_unique_board_id>:
20004410:	b510      	push	{r4, lr}
20004412:	2208      	movs	r2, #8
20004414:	4901      	ldr	r1, [pc, #4]	; (2000441c <pico_get_unique_board_id+0xc>)
20004416:	f7ff fea5 	bl	20004164 <__wrap___aeabi_memcpy>
2000441a:	bd10      	pop	{r4, pc}
2000441c:	20005f34 	.word	0x20005f34

20004420 <flash_get_unique_id>:
20004420:	b570      	push	{r4, r5, r6, lr}
20004422:	b088      	sub	sp, #32
20004424:	0004      	movs	r4, r0
20004426:	ad04      	add	r5, sp, #16
20004428:	2600      	movs	r6, #0
2000442a:	9604      	str	r6, [sp, #16]
2000442c:	2209      	movs	r2, #9
2000442e:	2100      	movs	r1, #0
20004430:	a805      	add	r0, sp, #20
20004432:	f7ff fe91 	bl	20004158 <__wrap_memset>
20004436:	9600      	str	r6, [sp, #0]
20004438:	2209      	movs	r2, #9
2000443a:	2100      	movs	r1, #0
2000443c:	a801      	add	r0, sp, #4
2000443e:	f7ff fe8b 	bl	20004158 <__wrap_memset>
20004442:	234b      	movs	r3, #75	; 0x4b
20004444:	702b      	strb	r3, [r5, #0]
20004446:	220d      	movs	r2, #13
20004448:	4669      	mov	r1, sp
2000444a:	0028      	movs	r0, r5
2000444c:	f000 faae 	bl	200049ac <flash_do_cmd>
20004450:	2300      	movs	r3, #0
20004452:	e004      	b.n	2000445e <flash_get_unique_id+0x3e>
20004454:	1d5a      	adds	r2, r3, #5
20004456:	4669      	mov	r1, sp
20004458:	5c8a      	ldrb	r2, [r1, r2]
2000445a:	54e2      	strb	r2, [r4, r3]
2000445c:	3301      	adds	r3, #1
2000445e:	2b07      	cmp	r3, #7
20004460:	ddf8      	ble.n	20004454 <flash_get_unique_id+0x34>
20004462:	b008      	add	sp, #32
20004464:	bd70      	pop	{r4, r5, r6, pc}
	...

20004468 <adc_init>:
20004468:	2301      	movs	r3, #1
2000446a:	4a08      	ldr	r2, [pc, #32]	; (2000448c <adc_init+0x24>)
2000446c:	6013      	str	r3, [r2, #0]
2000446e:	4a08      	ldr	r2, [pc, #32]	; (20004490 <adc_init+0x28>)
20004470:	6013      	str	r3, [r2, #0]
20004472:	4b08      	ldr	r3, [pc, #32]	; (20004494 <adc_init+0x2c>)
20004474:	689a      	ldr	r2, [r3, #8]
20004476:	2301      	movs	r3, #1
20004478:	4393      	bics	r3, r2
2000447a:	d1fa      	bne.n	20004472 <adc_init+0xa>
2000447c:	4b06      	ldr	r3, [pc, #24]	; (20004498 <adc_init+0x30>)
2000447e:	2201      	movs	r2, #1
20004480:	601a      	str	r2, [r3, #0]
20004482:	4b05      	ldr	r3, [pc, #20]	; (20004498 <adc_init+0x30>)
20004484:	681b      	ldr	r3, [r3, #0]
20004486:	05db      	lsls	r3, r3, #23
20004488:	d5fb      	bpl.n	20004482 <adc_init+0x1a>
2000448a:	4770      	bx	lr
2000448c:	4000e000 	.word	0x4000e000
20004490:	4000f000 	.word	0x4000f000
20004494:	4000c000 	.word	0x4000c000
20004498:	4004c000 	.word	0x4004c000

2000449c <_pio_can_add_program_at_offset>:
2000449c:	2305      	movs	r3, #5
2000449e:	56cb      	ldrsb	r3, [r1, r3]
200044a0:	2b00      	cmp	r3, #0
200044a2:	db01      	blt.n	200044a8 <_pio_can_add_program_at_offset+0xc>
200044a4:	4293      	cmp	r3, r2
200044a6:	d111      	bne.n	200044cc <_pio_can_add_program_at_offset+0x30>
200044a8:	4b09      	ldr	r3, [pc, #36]	; (200044d0 <_pio_can_add_program_at_offset+0x34>)
200044aa:	469c      	mov	ip, r3
200044ac:	4460      	add	r0, ip
200044ae:	4243      	negs	r3, r0
200044b0:	4158      	adcs	r0, r3
200044b2:	0080      	lsls	r0, r0, #2
200044b4:	4b07      	ldr	r3, [pc, #28]	; (200044d4 <_pio_can_add_program_at_offset+0x38>)
200044b6:	58c0      	ldr	r0, [r0, r3]
200044b8:	7909      	ldrb	r1, [r1, #4]
200044ba:	2301      	movs	r3, #1
200044bc:	408b      	lsls	r3, r1
200044be:	3b01      	subs	r3, #1
200044c0:	4093      	lsls	r3, r2
200044c2:	4018      	ands	r0, r3
200044c4:	4243      	negs	r3, r0
200044c6:	4158      	adcs	r0, r3
200044c8:	b2c0      	uxtb	r0, r0
200044ca:	4770      	bx	lr
200044cc:	2000      	movs	r0, #0
200044ce:	e7fc      	b.n	200044ca <_pio_can_add_program_at_offset+0x2e>
200044d0:	afd00000 	.word	0xafd00000
200044d4:	20005d9c 	.word	0x20005d9c

200044d8 <_pio_find_offset_for_program>:
200044d8:	b570      	push	{r4, r5, r6, lr}
200044da:	790a      	ldrb	r2, [r1, #4]
200044dc:	2a20      	cmp	r2, #32
200044de:	d819      	bhi.n	20004514 <_pio_find_offset_for_program+0x3c>
200044e0:	4b17      	ldr	r3, [pc, #92]	; (20004540 <_pio_find_offset_for_program+0x68>)
200044e2:	469c      	mov	ip, r3
200044e4:	4460      	add	r0, ip
200044e6:	4243      	negs	r3, r0
200044e8:	4158      	adcs	r0, r3
200044ea:	0080      	lsls	r0, r0, #2
200044ec:	4b15      	ldr	r3, [pc, #84]	; (20004544 <_pio_find_offset_for_program+0x6c>)
200044ee:	58c4      	ldr	r4, [r0, r3]
200044f0:	2301      	movs	r3, #1
200044f2:	4093      	lsls	r3, r2
200044f4:	3b01      	subs	r3, #1
200044f6:	7949      	ldrb	r1, [r1, #5]
200044f8:	b249      	sxtb	r1, r1
200044fa:	2900      	cmp	r1, #0
200044fc:	db10      	blt.n	20004520 <_pio_find_offset_for_program+0x48>
200044fe:	0008      	movs	r0, r1
20004500:	2520      	movs	r5, #32
20004502:	1aaa      	subs	r2, r5, r2
20004504:	4291      	cmp	r1, r2
20004506:	dc18      	bgt.n	2000453a <_pio_find_offset_for_program+0x62>
20004508:	408b      	lsls	r3, r1
2000450a:	421c      	tst	r4, r3
2000450c:	d001      	beq.n	20004512 <_pio_find_offset_for_program+0x3a>
2000450e:	2001      	movs	r0, #1
20004510:	4240      	negs	r0, r0
20004512:	bd70      	pop	{r4, r5, r6, pc}
20004514:	4b0c      	ldr	r3, [pc, #48]	; (20004548 <_pio_find_offset_for_program+0x70>)
20004516:	4a0d      	ldr	r2, [pc, #52]	; (2000454c <_pio_find_offset_for_program+0x74>)
20004518:	2140      	movs	r1, #64	; 0x40
2000451a:	480d      	ldr	r0, [pc, #52]	; (20004550 <_pio_find_offset_for_program+0x78>)
2000451c:	f7fe f886 	bl	2000262c <__assert_func>
20004520:	2020      	movs	r0, #32
20004522:	1a80      	subs	r0, r0, r2
20004524:	2800      	cmp	r0, #0
20004526:	db05      	blt.n	20004534 <_pio_find_offset_for_program+0x5c>
20004528:	001a      	movs	r2, r3
2000452a:	4082      	lsls	r2, r0
2000452c:	4214      	tst	r4, r2
2000452e:	d0f0      	beq.n	20004512 <_pio_find_offset_for_program+0x3a>
20004530:	3801      	subs	r0, #1
20004532:	e7f7      	b.n	20004524 <_pio_find_offset_for_program+0x4c>
20004534:	2001      	movs	r0, #1
20004536:	4240      	negs	r0, r0
20004538:	e7eb      	b.n	20004512 <_pio_find_offset_for_program+0x3a>
2000453a:	2001      	movs	r0, #1
2000453c:	4240      	negs	r0, r0
2000453e:	e7e8      	b.n	20004512 <_pio_find_offset_for_program+0x3a>
20004540:	afd00000 	.word	0xafd00000
20004544:	20005d9c 	.word	0x20005d9c
20004548:	20005b2c 	.word	0x20005b2c
2000454c:	20005ba8 	.word	0x20005ba8
20004550:	20005b58 	.word	0x20005b58

20004554 <_pio_add_program_at_offset>:
20004554:	b570      	push	{r4, r5, r6, lr}
20004556:	0005      	movs	r5, r0
20004558:	000c      	movs	r4, r1
2000455a:	0016      	movs	r6, r2
2000455c:	f7ff ff9e 	bl	2000449c <_pio_can_add_program_at_offset>
20004560:	2800      	cmp	r0, #0
20004562:	d001      	beq.n	20004568 <_pio_add_program_at_offset+0x14>
20004564:	2000      	movs	r0, #0
20004566:	e007      	b.n	20004578 <_pio_add_program_at_offset+0x24>
20004568:	4815      	ldr	r0, [pc, #84]	; (200045c0 <_pio_add_program_at_offset+0x6c>)
2000456a:	f7fe f8f9 	bl	20002760 <panic>
2000456e:	1983      	adds	r3, r0, r6
20004570:	3312      	adds	r3, #18
20004572:	009b      	lsls	r3, r3, #2
20004574:	515a      	str	r2, [r3, r5]
20004576:	3001      	adds	r0, #1
20004578:	7923      	ldrb	r3, [r4, #4]
2000457a:	4283      	cmp	r3, r0
2000457c:	d90f      	bls.n	2000459e <_pio_add_program_at_offset+0x4a>
2000457e:	7823      	ldrb	r3, [r4, #0]
20004580:	7861      	ldrb	r1, [r4, #1]
20004582:	0209      	lsls	r1, r1, #8
20004584:	4319      	orrs	r1, r3
20004586:	78a2      	ldrb	r2, [r4, #2]
20004588:	0412      	lsls	r2, r2, #16
2000458a:	4311      	orrs	r1, r2
2000458c:	78e3      	ldrb	r3, [r4, #3]
2000458e:	061b      	lsls	r3, r3, #24
20004590:	430b      	orrs	r3, r1
20004592:	0042      	lsls	r2, r0, #1
20004594:	5a9a      	ldrh	r2, [r3, r2]
20004596:	0b53      	lsrs	r3, r2, #13
20004598:	d1e9      	bne.n	2000456e <_pio_add_program_at_offset+0x1a>
2000459a:	1992      	adds	r2, r2, r6
2000459c:	e7e7      	b.n	2000456e <_pio_add_program_at_offset+0x1a>
2000459e:	2201      	movs	r2, #1
200045a0:	409a      	lsls	r2, r3
200045a2:	0013      	movs	r3, r2
200045a4:	3b01      	subs	r3, #1
200045a6:	4a07      	ldr	r2, [pc, #28]	; (200045c4 <_pio_add_program_at_offset+0x70>)
200045a8:	4694      	mov	ip, r2
200045aa:	4465      	add	r5, ip
200045ac:	426a      	negs	r2, r5
200045ae:	4155      	adcs	r5, r2
200045b0:	40b3      	lsls	r3, r6
200045b2:	4a05      	ldr	r2, [pc, #20]	; (200045c8 <_pio_add_program_at_offset+0x74>)
200045b4:	00ad      	lsls	r5, r5, #2
200045b6:	58a9      	ldr	r1, [r5, r2]
200045b8:	430b      	orrs	r3, r1
200045ba:	50ab      	str	r3, [r5, r2]
200045bc:	bd70      	pop	{r4, r5, r6, pc}
200045be:	46c0      	nop			; (mov r8, r8)
200045c0:	20005b94 	.word	0x20005b94
200045c4:	afd00000 	.word	0xafd00000
200045c8:	20005d9c 	.word	0x20005d9c

200045cc <pio_add_program>:
200045cc:	b5f8      	push	{r3, r4, r5, r6, r7, lr}
200045ce:	0005      	movs	r5, r0
200045d0:	000e      	movs	r6, r1
200045d2:	f7fc f9cf 	bl	20000974 <hw_claim_lock>
200045d6:	0007      	movs	r7, r0
200045d8:	0031      	movs	r1, r6
200045da:	0028      	movs	r0, r5
200045dc:	f7ff ff7c 	bl	200044d8 <_pio_find_offset_for_program>
200045e0:	1e04      	subs	r4, r0, #0
200045e2:	db09      	blt.n	200045f8 <pio_add_program+0x2c>
200045e4:	0002      	movs	r2, r0
200045e6:	0031      	movs	r1, r6
200045e8:	0028      	movs	r0, r5
200045ea:	f7ff ffb3 	bl	20004554 <_pio_add_program_at_offset>
200045ee:	0038      	movs	r0, r7
200045f0:	f7fc f9cc 	bl	2000098c <hw_claim_unlock>
200045f4:	0020      	movs	r0, r4
200045f6:	bdf8      	pop	{r3, r4, r5, r6, r7, pc}
200045f8:	4801      	ldr	r0, [pc, #4]	; (20004600 <pio_add_program+0x34>)
200045fa:	f7fe f8b1 	bl	20002760 <panic>
200045fe:	46c0      	nop			; (mov r8, r8)
20004600:	20005b94 	.word	0x20005b94

20004604 <pio_sm_set_consecutive_pindirs>:
20004604:	b5f0      	push	{r4, r5, r6, r7, lr}
20004606:	46c6      	mov	lr, r8
20004608:	b500      	push	{lr}
2000460a:	ac06      	add	r4, sp, #24
2000460c:	7825      	ldrb	r5, [r4, #0]
2000460e:	004c      	lsls	r4, r1, #1
20004610:	1866      	adds	r6, r4, r1
20004612:	00f6      	lsls	r6, r6, #3
20004614:	1986      	adds	r6, r0, r6
20004616:	0037      	movs	r7, r6
20004618:	37dc      	adds	r7, #220	; 0xdc
2000461a:	683f      	ldr	r7, [r7, #0]
2000461c:	46bc      	mov	ip, r7
2000461e:	36cc      	adds	r6, #204	; 0xcc
20004620:	6836      	ldr	r6, [r6, #0]
20004622:	46b0      	mov	r8, r6
20004624:	1864      	adds	r4, r4, r1
20004626:	00e4      	lsls	r4, r4, #3
20004628:	34c8      	adds	r4, #200	; 0xc8
2000462a:	1904      	adds	r4, r0, r4
2000462c:	3404      	adds	r4, #4
2000462e:	26c0      	movs	r6, #192	; 0xc0
20004630:	01b6      	lsls	r6, r6, #6
20004632:	4334      	orrs	r4, r6
20004634:	2680      	movs	r6, #128	; 0x80
20004636:	02b6      	lsls	r6, r6, #10
20004638:	6026      	str	r6, [r4, #0]
2000463a:	2d00      	cmp	r5, #0
2000463c:	d001      	beq.n	20004642 <pio_sm_set_consecutive_pindirs+0x3e>
2000463e:	261f      	movs	r6, #31
20004640:	e014      	b.n	2000466c <pio_sm_set_consecutive_pindirs+0x68>
20004642:	2600      	movs	r6, #0
20004644:	e012      	b.n	2000466c <pio_sm_set_consecutive_pindirs+0x68>
20004646:	0154      	lsls	r4, r2, #5
20004648:	25a0      	movs	r5, #160	; 0xa0
2000464a:	056d      	lsls	r5, r5, #21
2000464c:	4325      	orrs	r5, r4
2000464e:	004c      	lsls	r4, r1, #1
20004650:	1864      	adds	r4, r4, r1
20004652:	00e4      	lsls	r4, r4, #3
20004654:	1904      	adds	r4, r0, r4
20004656:	0027      	movs	r7, r4
20004658:	37dc      	adds	r7, #220	; 0xdc
2000465a:	603d      	str	r5, [r7, #0]
2000465c:	4d11      	ldr	r5, [pc, #68]	; (200046a4 <pio_sm_set_consecutive_pindirs+0xa0>)
2000465e:	4335      	orrs	r5, r6
20004660:	34d8      	adds	r4, #216	; 0xd8
20004662:	6025      	str	r5, [r4, #0]
20004664:	3b05      	subs	r3, #5
20004666:	3205      	adds	r2, #5
20004668:	241f      	movs	r4, #31
2000466a:	4022      	ands	r2, r4
2000466c:	2b05      	cmp	r3, #5
2000466e:	d8ea      	bhi.n	20004646 <pio_sm_set_consecutive_pindirs+0x42>
20004670:	069b      	lsls	r3, r3, #26
20004672:	0152      	lsls	r2, r2, #5
20004674:	4313      	orrs	r3, r2
20004676:	004c      	lsls	r4, r1, #1
20004678:	1862      	adds	r2, r4, r1
2000467a:	00d2      	lsls	r2, r2, #3
2000467c:	1882      	adds	r2, r0, r2
2000467e:	0015      	movs	r5, r2
20004680:	35dc      	adds	r5, #220	; 0xdc
20004682:	602b      	str	r3, [r5, #0]
20004684:	4b07      	ldr	r3, [pc, #28]	; (200046a4 <pio_sm_set_consecutive_pindirs+0xa0>)
20004686:	431e      	orrs	r6, r3
20004688:	32d8      	adds	r2, #216	; 0xd8
2000468a:	6016      	str	r6, [r2, #0]
2000468c:	4663      	mov	r3, ip
2000468e:	602b      	str	r3, [r5, #0]
20004690:	1861      	adds	r1, r4, r1
20004692:	00c9      	lsls	r1, r1, #3
20004694:	1840      	adds	r0, r0, r1
20004696:	30cc      	adds	r0, #204	; 0xcc
20004698:	4643      	mov	r3, r8
2000469a:	6003      	str	r3, [r0, #0]
2000469c:	bc80      	pop	{r7}
2000469e:	46b8      	mov	r8, r7
200046a0:	bdf0      	pop	{r4, r5, r6, r7, pc}
200046a2:	46c0      	nop			; (mov r8, r8)
200046a4:	0000e080 	.word	0x0000e080

200046a8 <pio_sm_init>:
200046a8:	b570      	push	{r4, r5, r6, lr}
200046aa:	b08a      	sub	sp, #40	; 0x28
200046ac:	0004      	movs	r4, r0
200046ae:	000d      	movs	r5, r1
200046b0:	0016      	movs	r6, r2
200046b2:	6802      	ldr	r2, [r0, #0]
200046b4:	2101      	movs	r1, #1
200046b6:	40a9      	lsls	r1, r5
200046b8:	438a      	bics	r2, r1
200046ba:	6002      	str	r2, [r0, #0]
200046bc:	2b00      	cmp	r3, #0
200046be:	d034      	beq.n	2000472a <pio_sm_init+0x82>
200046c0:	0069      	lsls	r1, r5, #1
200046c2:	1949      	adds	r1, r1, r5
200046c4:	00c9      	lsls	r1, r1, #3
200046c6:	1841      	adds	r1, r0, r1
200046c8:	000a      	movs	r2, r1
200046ca:	32c8      	adds	r2, #200	; 0xc8
200046cc:	6818      	ldr	r0, [r3, #0]
200046ce:	6010      	str	r0, [r2, #0]
200046d0:	3204      	adds	r2, #4
200046d2:	6858      	ldr	r0, [r3, #4]
200046d4:	6010      	str	r0, [r2, #0]
200046d6:	3204      	adds	r2, #4
200046d8:	6898      	ldr	r0, [r3, #8]
200046da:	6010      	str	r0, [r2, #0]
200046dc:	68db      	ldr	r3, [r3, #12]
200046de:	31dc      	adds	r1, #220	; 0xdc
200046e0:	600b      	str	r3, [r1, #0]
200046e2:	0069      	lsls	r1, r5, #1
200046e4:	194b      	adds	r3, r1, r5
200046e6:	00db      	lsls	r3, r3, #3
200046e8:	33d0      	adds	r3, #208	; 0xd0
200046ea:	18e3      	adds	r3, r4, r3
200046ec:	2280      	movs	r2, #128	; 0x80
200046ee:	0152      	lsls	r2, r2, #5
200046f0:	4313      	orrs	r3, r2
200046f2:	2280      	movs	r2, #128	; 0x80
200046f4:	0612      	lsls	r2, r2, #24
200046f6:	601a      	str	r2, [r3, #0]
200046f8:	601a      	str	r2, [r3, #0]
200046fa:	4b23      	ldr	r3, [pc, #140]	; (20004788 <pio_sm_init+0xe0>)
200046fc:	40ab      	lsls	r3, r5
200046fe:	60a3      	str	r3, [r4, #8]
20004700:	1d2b      	adds	r3, r5, #4
20004702:	2201      	movs	r2, #1
20004704:	0010      	movs	r0, r2
20004706:	4098      	lsls	r0, r3
20004708:	2380      	movs	r3, #128	; 0x80
2000470a:	019b      	lsls	r3, r3, #6
2000470c:	4323      	orrs	r3, r4
2000470e:	6018      	str	r0, [r3, #0]
20004710:	0028      	movs	r0, r5
20004712:	3008      	adds	r0, #8
20004714:	4082      	lsls	r2, r0
20004716:	601a      	str	r2, [r3, #0]
20004718:	221f      	movs	r2, #31
2000471a:	4016      	ands	r6, r2
2000471c:	1949      	adds	r1, r1, r5
2000471e:	00c9      	lsls	r1, r1, #3
20004720:	1864      	adds	r4, r4, r1
20004722:	34d8      	adds	r4, #216	; 0xd8
20004724:	6026      	str	r6, [r4, #0]
20004726:	b00a      	add	sp, #40	; 0x28
20004728:	bd70      	pop	{r4, r5, r6, pc}
2000472a:	2210      	movs	r2, #16
2000472c:	2100      	movs	r1, #0
2000472e:	a806      	add	r0, sp, #24
20004730:	f7ff fd12 	bl	20004158 <__wrap_memset>
20004734:	2380      	movs	r3, #128	; 0x80
20004736:	025b      	lsls	r3, r3, #9
20004738:	9306      	str	r3, [sp, #24]
2000473a:	23f8      	movs	r3, #248	; 0xf8
2000473c:	025b      	lsls	r3, r3, #9
2000473e:	9307      	str	r3, [sp, #28]
20004740:	2380      	movs	r3, #128	; 0x80
20004742:	02db      	lsls	r3, r3, #11
20004744:	9308      	str	r3, [sp, #32]
20004746:	23c0      	movs	r3, #192	; 0xc0
20004748:	031b      	lsls	r3, r3, #12
2000474a:	9308      	str	r3, [sp, #32]
2000474c:	2210      	movs	r2, #16
2000474e:	a906      	add	r1, sp, #24
20004750:	a802      	add	r0, sp, #8
20004752:	f7ff fd07 	bl	20004164 <__wrap___aeabi_memcpy>
20004756:	006b      	lsls	r3, r5, #1
20004758:	195b      	adds	r3, r3, r5
2000475a:	00db      	lsls	r3, r3, #3
2000475c:	18e3      	adds	r3, r4, r3
2000475e:	001a      	movs	r2, r3
20004760:	32c8      	adds	r2, #200	; 0xc8
20004762:	9902      	ldr	r1, [sp, #8]
20004764:	6011      	str	r1, [r2, #0]
20004766:	9a03      	ldr	r2, [sp, #12]
20004768:	9201      	str	r2, [sp, #4]
2000476a:	001a      	movs	r2, r3
2000476c:	32cc      	adds	r2, #204	; 0xcc
2000476e:	9901      	ldr	r1, [sp, #4]
20004770:	6011      	str	r1, [r2, #0]
20004772:	9a04      	ldr	r2, [sp, #16]
20004774:	9201      	str	r2, [sp, #4]
20004776:	001a      	movs	r2, r3
20004778:	32d0      	adds	r2, #208	; 0xd0
2000477a:	9901      	ldr	r1, [sp, #4]
2000477c:	6011      	str	r1, [r2, #0]
2000477e:	9a05      	ldr	r2, [sp, #20]
20004780:	33dc      	adds	r3, #220	; 0xdc
20004782:	601a      	str	r2, [r3, #0]
20004784:	e7ad      	b.n	200046e2 <pio_sm_init+0x3a>
20004786:	46c0      	nop			; (mov r8, r8)
20004788:	01010101 	.word	0x01010101

2000478c <__aeabi_idiv0>:
2000478c:	4770      	bx	lr
2000478e:	46c0      	nop			; (mov r8, r8)

20004790 <strlen>:
20004790:	b510      	push	{r4, lr}
20004792:	0783      	lsls	r3, r0, #30
20004794:	d00a      	beq.n	200047ac <strlen+0x1c>
20004796:	0003      	movs	r3, r0
20004798:	2103      	movs	r1, #3
2000479a:	e002      	b.n	200047a2 <strlen+0x12>
2000479c:	3301      	adds	r3, #1
2000479e:	420b      	tst	r3, r1
200047a0:	d005      	beq.n	200047ae <strlen+0x1e>
200047a2:	781a      	ldrb	r2, [r3, #0]
200047a4:	2a00      	cmp	r2, #0
200047a6:	d1f9      	bne.n	2000479c <strlen+0xc>
200047a8:	1a18      	subs	r0, r3, r0
200047aa:	bd10      	pop	{r4, pc}
200047ac:	0003      	movs	r3, r0
200047ae:	6819      	ldr	r1, [r3, #0]
200047b0:	4a0c      	ldr	r2, [pc, #48]	; (200047e4 <strlen+0x54>)
200047b2:	4c0d      	ldr	r4, [pc, #52]	; (200047e8 <strlen+0x58>)
200047b4:	188a      	adds	r2, r1, r2
200047b6:	438a      	bics	r2, r1
200047b8:	4222      	tst	r2, r4
200047ba:	d10f      	bne.n	200047dc <strlen+0x4c>
200047bc:	6859      	ldr	r1, [r3, #4]
200047be:	4a09      	ldr	r2, [pc, #36]	; (200047e4 <strlen+0x54>)
200047c0:	3304      	adds	r3, #4
200047c2:	188a      	adds	r2, r1, r2
200047c4:	438a      	bics	r2, r1
200047c6:	4222      	tst	r2, r4
200047c8:	d108      	bne.n	200047dc <strlen+0x4c>
200047ca:	6859      	ldr	r1, [r3, #4]
200047cc:	4a05      	ldr	r2, [pc, #20]	; (200047e4 <strlen+0x54>)
200047ce:	3304      	adds	r3, #4
200047d0:	188a      	adds	r2, r1, r2
200047d2:	438a      	bics	r2, r1
200047d4:	4222      	tst	r2, r4
200047d6:	d0f1      	beq.n	200047bc <strlen+0x2c>
200047d8:	e000      	b.n	200047dc <strlen+0x4c>
200047da:	3301      	adds	r3, #1
200047dc:	781a      	ldrb	r2, [r3, #0]
200047de:	2a00      	cmp	r2, #0
200047e0:	d1fb      	bne.n	200047da <strlen+0x4a>
200047e2:	e7e1      	b.n	200047a8 <strlen+0x18>
200047e4:	fefefeff 	.word	0xfefefeff
200047e8:	80808080 	.word	0x80808080

200047ec <_fini>:
200047ec:	b5f8      	push	{r3, r4, r5, r6, r7, lr}
200047ee:	46c0      	nop			; (mov r8, r8)

Disassembly of section .data:

200047f0 <mutex_try_enter>:
200047f0:	0003      	movs	r3, r0
200047f2:	6800      	ldr	r0, [r0, #0]
200047f4:	f3ef 8c10 	mrs	ip, PRIMASK
200047f8:	b672      	cpsid	i
200047fa:	6802      	ldr	r2, [r0, #0]
200047fc:	2a00      	cmp	r2, #0
200047fe:	d0fc      	beq.n	200047fa <mutex_try_enter+0xa>
20004800:	f3bf 8f5f 	dmb	sy
20004804:	2204      	movs	r2, #4
20004806:	569a      	ldrsb	r2, [r3, r2]
20004808:	2a00      	cmp	r2, #0
2000480a:	db0b      	blt.n	20004824 <mutex_try_enter+0x34>
2000480c:	2900      	cmp	r1, #0
2000480e:	d010      	beq.n	20004832 <mutex_try_enter+0x42>
20004810:	600a      	str	r2, [r1, #0]
20004812:	2000      	movs	r0, #0
20004814:	681b      	ldr	r3, [r3, #0]
20004816:	f3bf 8f5f 	dmb	sy
2000481a:	2200      	movs	r2, #0
2000481c:	601a      	str	r2, [r3, #0]
2000481e:	f38c 8810 	msr	PRIMASK, ip
20004822:	4770      	bx	lr
20004824:	22d0      	movs	r2, #208	; 0xd0
20004826:	0612      	lsls	r2, r2, #24
20004828:	7812      	ldrb	r2, [r2, #0]
2000482a:	b252      	sxtb	r2, r2
2000482c:	711a      	strb	r2, [r3, #4]
2000482e:	2001      	movs	r0, #1
20004830:	e7f0      	b.n	20004814 <mutex_try_enter+0x24>
20004832:	2000      	movs	r0, #0
20004834:	e7ee      	b.n	20004814 <mutex_try_enter+0x24>
	...

20004838 <mutex_enter_block_until>:
20004838:	b5f8      	push	{r3, r4, r5, r6, r7, lr}
2000483a:	46ce      	mov	lr, r9
2000483c:	4647      	mov	r7, r8
2000483e:	b580      	push	{r7, lr}
20004840:	0004      	movs	r4, r0
20004842:	0017      	movs	r7, r2
20004844:	4698      	mov	r8, r3
20004846:	6803      	ldr	r3, [r0, #0]
20004848:	2b00      	cmp	r3, #0
2000484a:	d020      	beq.n	2000488e <mutex_enter_block_until+0x56>
2000484c:	23d0      	movs	r3, #208	; 0xd0
2000484e:	061b      	lsls	r3, r3, #24
20004850:	781b      	ldrb	r3, [r3, #0]
20004852:	b25b      	sxtb	r3, r3
20004854:	4699      	mov	r9, r3
20004856:	6826      	ldr	r6, [r4, #0]
20004858:	f3ef 8c10 	mrs	ip, PRIMASK
2000485c:	b672      	cpsid	i
2000485e:	6835      	ldr	r5, [r6, #0]
20004860:	2d00      	cmp	r5, #0
20004862:	d0fc      	beq.n	2000485e <mutex_enter_block_until+0x26>
20004864:	f3bf 8f5f 	dmb	sy
20004868:	2504      	movs	r5, #4
2000486a:	5765      	ldrsb	r5, [r4, r5]
2000486c:	2d00      	cmp	r5, #0
2000486e:	db14      	blt.n	2000489a <mutex_enter_block_until+0x62>
20004870:	6823      	ldr	r3, [r4, #0]
20004872:	f3bf 8f5f 	dmb	sy
20004876:	2200      	movs	r2, #0
20004878:	601a      	str	r2, [r3, #0]
2000487a:	f38c 8810 	msr	PRIMASK, ip
2000487e:	0038      	movs	r0, r7
20004880:	4641      	mov	r1, r8
20004882:	f7fd f843 	bl	2000190c <best_effort_wfe_or_timeout>
20004886:	2800      	cmp	r0, #0
20004888:	d0e5      	beq.n	20004856 <mutex_enter_block_until+0x1e>
2000488a:	2000      	movs	r0, #0
2000488c:	e00f      	b.n	200048ae <mutex_enter_block_until+0x76>
2000488e:	4b0a      	ldr	r3, [pc, #40]	; (200048b8 <mutex_enter_block_until+0x80>)
20004890:	4a0a      	ldr	r2, [pc, #40]	; (200048bc <mutex_enter_block_until+0x84>)
20004892:	2185      	movs	r1, #133	; 0x85
20004894:	480a      	ldr	r0, [pc, #40]	; (200048c0 <mutex_enter_block_until+0x88>)
20004896:	f7fd fec9 	bl	2000262c <__assert_func>
2000489a:	464b      	mov	r3, r9
2000489c:	7123      	strb	r3, [r4, #4]
2000489e:	6823      	ldr	r3, [r4, #0]
200048a0:	f3bf 8f5f 	dmb	sy
200048a4:	2200      	movs	r2, #0
200048a6:	601a      	str	r2, [r3, #0]
200048a8:	f38c 8810 	msr	PRIMASK, ip
200048ac:	2001      	movs	r0, #1
200048ae:	bcc0      	pop	{r6, r7}
200048b0:	46b9      	mov	r9, r7
200048b2:	46b0      	mov	r8, r6
200048b4:	bdf8      	pop	{r3, r4, r5, r6, r7, pc}
200048b6:	46c0      	nop			; (mov r8, r8)
200048b8:	20004d94 	.word	0x20004d94
200048bc:	20004e4c 	.word	0x20004e4c
200048c0:	20004d60 	.word	0x20004d60

200048c4 <mutex_try_enter_block_until>:
200048c4:	b570      	push	{r4, r5, r6, lr}
200048c6:	b082      	sub	sp, #8
200048c8:	0006      	movs	r6, r0
200048ca:	0015      	movs	r5, r2
200048cc:	001c      	movs	r4, r3
200048ce:	a901      	add	r1, sp, #4
200048d0:	f7ff ff8e 	bl	200047f0 <mutex_try_enter>
200048d4:	2800      	cmp	r0, #0
200048d6:	d107      	bne.n	200048e8 <mutex_try_enter_block_until+0x24>
200048d8:	9b01      	ldr	r3, [sp, #4]
200048da:	b25b      	sxtb	r3, r3
200048dc:	22d0      	movs	r2, #208	; 0xd0
200048de:	0612      	lsls	r2, r2, #24
200048e0:	7812      	ldrb	r2, [r2, #0]
200048e2:	b252      	sxtb	r2, r2
200048e4:	4293      	cmp	r3, r2
200048e6:	d101      	bne.n	200048ec <mutex_try_enter_block_until+0x28>
200048e8:	b002      	add	sp, #8
200048ea:	bd70      	pop	{r4, r5, r6, pc}
200048ec:	002a      	movs	r2, r5
200048ee:	0023      	movs	r3, r4
200048f0:	0030      	movs	r0, r6
200048f2:	f7ff ffa1 	bl	20004838 <mutex_enter_block_until>
200048f6:	e7f7      	b.n	200048e8 <mutex_try_enter_block_until+0x24>

200048f8 <mutex_exit>:
200048f8:	b510      	push	{r4, lr}
200048fa:	6802      	ldr	r2, [r0, #0]
200048fc:	f3ef 8110 	mrs	r1, PRIMASK
20004900:	b672      	cpsid	i
20004902:	6813      	ldr	r3, [r2, #0]
20004904:	2b00      	cmp	r3, #0
20004906:	d0fc      	beq.n	20004902 <mutex_exit+0xa>
20004908:	f3bf 8f5f 	dmb	sy
2000490c:	2304      	movs	r3, #4
2000490e:	56c3      	ldrsb	r3, [r0, r3]
20004910:	2b00      	cmp	r3, #0
20004912:	db0a      	blt.n	2000492a <mutex_exit+0x32>
20004914:	23ff      	movs	r3, #255	; 0xff
20004916:	7103      	strb	r3, [r0, #4]
20004918:	6803      	ldr	r3, [r0, #0]
2000491a:	f3bf 8f5f 	dmb	sy
2000491e:	2200      	movs	r2, #0
20004920:	601a      	str	r2, [r3, #0]
20004922:	f381 8810 	msr	PRIMASK, r1
20004926:	bf40      	sev
20004928:	bd10      	pop	{r4, pc}
2000492a:	4b03      	ldr	r3, [pc, #12]	; (20004938 <mutex_exit+0x40>)
2000492c:	4a03      	ldr	r2, [pc, #12]	; (2000493c <mutex_exit+0x44>)
2000492e:	21b4      	movs	r1, #180	; 0xb4
20004930:	4803      	ldr	r0, [pc, #12]	; (20004940 <mutex_exit+0x48>)
20004932:	f7fd fe7b 	bl	2000262c <__assert_func>
20004936:	46c0      	nop			; (mov r8, r8)
20004938:	20004e08 	.word	0x20004e08
2000493c:	20004e40 	.word	0x20004e40
20004940:	20004d60 	.word	0x20004d60

20004944 <flash_init_boot2_copyout>:
20004944:	4b09      	ldr	r3, [pc, #36]	; (2000496c <flash_init_boot2_copyout+0x28>)
20004946:	781b      	ldrb	r3, [r3, #0]
20004948:	2b00      	cmp	r3, #0
2000494a:	d008      	beq.n	2000495e <flash_init_boot2_copyout+0x1a>
2000494c:	e00c      	b.n	20004968 <flash_init_boot2_copyout+0x24>
2000494e:	009a      	lsls	r2, r3, #2
20004950:	2180      	movs	r1, #128	; 0x80
20004952:	0549      	lsls	r1, r1, #21
20004954:	1851      	adds	r1, r2, r1
20004956:	6808      	ldr	r0, [r1, #0]
20004958:	4905      	ldr	r1, [pc, #20]	; (20004970 <flash_init_boot2_copyout+0x2c>)
2000495a:	5050      	str	r0, [r2, r1]
2000495c:	3301      	adds	r3, #1
2000495e:	2b3f      	cmp	r3, #63	; 0x3f
20004960:	ddf5      	ble.n	2000494e <flash_init_boot2_copyout+0xa>
20004962:	4b02      	ldr	r3, [pc, #8]	; (2000496c <flash_init_boot2_copyout+0x28>)
20004964:	2201      	movs	r2, #1
20004966:	701a      	strb	r2, [r3, #0]
20004968:	4770      	bx	lr
2000496a:	46c0      	nop			; (mov r8, r8)
2000496c:	20006158 	.word	0x20006158
20004970:	20005db4 	.word	0x20005db4

20004974 <flash_enable_xip_via_boot2>:
20004974:	b510      	push	{r4, lr}
20004976:	4b02      	ldr	r3, [pc, #8]	; (20004980 <flash_enable_xip_via_boot2+0xc>)
20004978:	3301      	adds	r3, #1
2000497a:	4798      	blx	r3
2000497c:	bd10      	pop	{r4, pc}
2000497e:	46c0      	nop			; (mov r8, r8)
20004980:	20005db4 	.word	0x20005db4

20004984 <flash_cs_force>:
20004984:	2800      	cmp	r0, #0
20004986:	d00a      	beq.n	2000499e <flash_cs_force+0x1a>
20004988:	2303      	movs	r3, #3
2000498a:	021b      	lsls	r3, r3, #8
2000498c:	4a05      	ldr	r2, [pc, #20]	; (200049a4 <flash_cs_force+0x20>)
2000498e:	6812      	ldr	r2, [r2, #0]
20004990:	4053      	eors	r3, r2
20004992:	22c0      	movs	r2, #192	; 0xc0
20004994:	0092      	lsls	r2, r2, #2
20004996:	4013      	ands	r3, r2
20004998:	4a03      	ldr	r2, [pc, #12]	; (200049a8 <flash_cs_force+0x24>)
2000499a:	6013      	str	r3, [r2, #0]
2000499c:	4770      	bx	lr
2000499e:	2302      	movs	r3, #2
200049a0:	e7f3      	b.n	2000498a <flash_cs_force+0x6>
200049a2:	46c0      	nop			; (mov r8, r8)
200049a4:	4001800c 	.word	0x4001800c
200049a8:	4001900c 	.word	0x4001900c

200049ac <flash_do_cmd>:
200049ac:	b5f0      	push	{r4, r5, r6, r7, lr}
200049ae:	46d6      	mov	lr, sl
200049b0:	464f      	mov	r7, r9
200049b2:	4646      	mov	r6, r8
200049b4:	b5c0      	push	{r6, r7, lr}
200049b6:	0007      	movs	r7, r0
200049b8:	000e      	movs	r6, r1
200049ba:	0015      	movs	r5, r2
200049bc:	2318      	movs	r3, #24
200049be:	469a      	mov	sl, r3
200049c0:	881b      	ldrh	r3, [r3, #0]
200049c2:	2214      	movs	r2, #20
200049c4:	4690      	mov	r8, r2
200049c6:	8810      	ldrh	r0, [r2, #0]
200049c8:	4928      	ldr	r1, [pc, #160]	; (20004a6c <flash_do_cmd+0xc0>)
200049ca:	4798      	blx	r3
200049cc:	4681      	mov	r9, r0
200049ce:	4653      	mov	r3, sl
200049d0:	881b      	ldrh	r3, [r3, #0]
200049d2:	4642      	mov	r2, r8
200049d4:	8810      	ldrh	r0, [r2, #0]
200049d6:	4926      	ldr	r1, [pc, #152]	; (20004a70 <flash_do_cmd+0xc4>)
200049d8:	4798      	blx	r3
200049da:	0004      	movs	r4, r0
200049dc:	4653      	mov	r3, sl
200049de:	881b      	ldrh	r3, [r3, #0]
200049e0:	4642      	mov	r2, r8
200049e2:	8810      	ldrh	r0, [r2, #0]
200049e4:	4923      	ldr	r1, [pc, #140]	; (20004a74 <flash_do_cmd+0xc8>)
200049e6:	4798      	blx	r3
200049e8:	4680      	mov	r8, r0
200049ea:	464b      	mov	r3, r9
200049ec:	2b00      	cmp	r3, #0
200049ee:	d00c      	beq.n	20004a0a <flash_do_cmd+0x5e>
200049f0:	2c00      	cmp	r4, #0
200049f2:	d00a      	beq.n	20004a0a <flash_do_cmd+0x5e>
200049f4:	2800      	cmp	r0, #0
200049f6:	d008      	beq.n	20004a0a <flash_do_cmd+0x5e>
200049f8:	f7ff ffa4 	bl	20004944 <flash_init_boot2_copyout>
200049fc:	47c8      	blx	r9
200049fe:	47a0      	blx	r4
20004a00:	2000      	movs	r0, #0
20004a02:	f7ff ffbf 	bl	20004984 <flash_cs_force>
20004a06:	002a      	movs	r2, r5
20004a08:	e00f      	b.n	20004a2a <flash_do_cmd+0x7e>
20004a0a:	4b1b      	ldr	r3, [pc, #108]	; (20004a78 <flash_do_cmd+0xcc>)
20004a0c:	4a1b      	ldr	r2, [pc, #108]	; (20004a7c <flash_do_cmd+0xd0>)
20004a0e:	2180      	movs	r1, #128	; 0x80
20004a10:	481b      	ldr	r0, [pc, #108]	; (20004a80 <flash_do_cmd+0xd4>)
20004a12:	f7fd fe0b 	bl	2000262c <__assert_func>
20004a16:	2b00      	cmp	r3, #0
20004a18:	d007      	beq.n	20004a2a <flash_do_cmd+0x7e>
20004a1a:	2a00      	cmp	r2, #0
20004a1c:	d005      	beq.n	20004a2a <flash_do_cmd+0x7e>
20004a1e:	23c0      	movs	r3, #192	; 0xc0
20004a20:	055b      	lsls	r3, r3, #21
20004a22:	6e1b      	ldr	r3, [r3, #96]	; 0x60
20004a24:	7033      	strb	r3, [r6, #0]
20004a26:	3a01      	subs	r2, #1
20004a28:	3601      	adds	r6, #1
20004a2a:	002b      	movs	r3, r5
20004a2c:	4313      	orrs	r3, r2
20004a2e:	d012      	beq.n	20004a56 <flash_do_cmd+0xaa>
20004a30:	23c0      	movs	r3, #192	; 0xc0
20004a32:	055b      	lsls	r3, r3, #21
20004a34:	6a9c      	ldr	r4, [r3, #40]	; 0x28
20004a36:	2308      	movs	r3, #8
20004a38:	4023      	ands	r3, r4
20004a3a:	07a1      	lsls	r1, r4, #30
20004a3c:	d5eb      	bpl.n	20004a16 <flash_do_cmd+0x6a>
20004a3e:	2d00      	cmp	r5, #0
20004a40:	d0e9      	beq.n	20004a16 <flash_do_cmd+0x6a>
20004a42:	1b51      	subs	r1, r2, r5
20004a44:	290d      	cmp	r1, #13
20004a46:	d8e6      	bhi.n	20004a16 <flash_do_cmd+0x6a>
20004a48:	7838      	ldrb	r0, [r7, #0]
20004a4a:	21c0      	movs	r1, #192	; 0xc0
20004a4c:	0549      	lsls	r1, r1, #21
20004a4e:	6608      	str	r0, [r1, #96]	; 0x60
20004a50:	3d01      	subs	r5, #1
20004a52:	3701      	adds	r7, #1
20004a54:	e7df      	b.n	20004a16 <flash_do_cmd+0x6a>
20004a56:	2001      	movs	r0, #1
20004a58:	f7ff ff94 	bl	20004984 <flash_cs_force>
20004a5c:	47c0      	blx	r8
20004a5e:	f7ff ff89 	bl	20004974 <flash_enable_xip_via_boot2>
20004a62:	bce0      	pop	{r5, r6, r7}
20004a64:	46ba      	mov	sl, r7
20004a66:	46b1      	mov	r9, r6
20004a68:	46a8      	mov	r8, r5
20004a6a:	bdf0      	pop	{r4, r5, r6, r7, pc}
20004a6c:	00004649 	.word	0x00004649
20004a70:	00005845 	.word	0x00005845
20004a74:	00004346 	.word	0x00004346
20004a78:	20005adc 	.word	0x20005adc
20004a7c:	20005b1c 	.word	0x20005b1c
20004a80:	200059f0 	.word	0x200059f0

20004a84 <DET_ADC_MAP>:
20004a84:	00000000 00000001 00000005 00000004     ................
20004a94:	00000002 00000003 00000007 00000006     ................

20004aa4 <adcacq_program>:
20004aa4:	20004aac 0000ff12                       .J. ....

20004aac <adcacq_program_instructions>:
20004aac:	3003f001 f0003083 5001e05e 50010085     ...0.0..^..P...P
20004abc:	f0019000 f00090a0 7101f04f 028d5001     ........O..q.P..
20004acc:	10099020 746c6564 3d3e2061 30322d20      ...delta >= -20
20004adc:	26203834 65642026 2061746c 32203d3c     48 && delta <= 2
20004aec:	20363430 21202626 6c656428 26206174     046 && !(delta &
20004afc:	00293120 6d6f682f 69702f65 6369702f      1)./home/pi/pic
20004b0c:	69702f6f 732d6f63 732f6b64 722f6372     o/pico-sdk/src/r
20004b1c:	635f3270 6f6d6d6f 61682f6e 61776472     p2_common/hardwa
20004b2c:	695f6572 692f7172 632e7172 00000000     re_irq/irq.c....
20004b3c:	65642821 2061746c 31203e3e 00297531     !(delta >> 11u).
20004b4c:	72727563 20746e65 5f203d3d 686e755f     current == __unh
20004b5c:	6c646e61 755f6465 5f726573 20717269     andled_user_irq 
20004b6c:	63207c7c 65727275 3d20746e 6168203d     || current == ha
20004b7c:	656c646e 00000072 5f717269 646e6168     ndler...irq_hand
20004b8c:	635f7265 6e696168 6572665f 6c735f65     er_chain_free_sl
20004b9c:	685f746f 20646165 30203d3e 00000000     ot_head >= 0....
20004bac:	62617476 685f656c 6c646e61 3d207265     vtable_handler =
20004bbc:	5f5f203d 61686e75 656c646e 73755f64     = __unhandled_us
20004bcc:	695f7265 00007172 28282821 6e697528     er_irq..!((((uin
20004bdc:	72747074 7629745f 6c626174 61685f65     tptr_t)vtable_ha
20004bec:	656c646e 2d202972 75282820 70746e69     ndler) - ((uintp
20004bfc:	745f7274 71726929 6e61685f 72656c64     tr_t)irq_handler
20004c0c:	6168635f 735f6e69 73746f6c 202d2029     _chain_slots) - 
20004c1c:	73252931 6f657a69 74732866 74637572     1)%sizeof(struct
20004c2c:	71726920 6e61685f 72656c64 6168635f      irq_handler_cha
20004c3c:	735f6e69 29746f6c 00000029 63317830     in_slot))...0x1c
20004c4c:	203d3d20 6e692a28 3e297473 7531313e      == (*inst)>>11u
20004c5c:	00000000 63786521 69747065 7c206e6f     ....!exception |
20004c6c:	7865207c 74706563 206e6f69 6e203d3d     | exception == n
20004c7c:	2b206d75 41545620 5f454c42 53524946     um + VTABLE_FIRS
20004c8c:	52495f54 00000051 736c6166 00000065     T_IRQ...false...
20004c9c:	735f7369 65726168 72695f64 61725f71     is_shared_irq_ra
20004cac:	61685f77 656c646e 6c732872 685f746f     w_handler(slot_h
20004cbc:	6c646e61 00297265 65637865 6f697470     andler).exceptio
20004ccc:	0000006e 6e756f66 00000064              n...found...

20004cd8 <__func__.0>:
20004cd8:	5f717269 5f646461 6c696174 5f6f745f     irq_add_tail_to_
20004ce8:	65657266 73696c5f 00000074              free_list...

20004cf4 <__func__.1>:
20004cf4:	65736e69 625f7472 636e6172 6e615f68     insert_branch_an
20004d04:	696c5f64 00006b6e                       d_link..

20004d0c <__func__.2>:
20004d0c:	5f717269 6f6d6572 685f6576 6c646e61     irq_remove_handl
20004d1c:	00007265                                er..

20004d20 <__func__.3>:
20004d20:	656b616d 6172625f 0068636e              make_branch.

20004d2c <__func__.4>:
20004d2c:	6f736572 5f65766c 6e617262 00006863     resolve_branch..

20004d3c <__func__.6>:
20004d3c:	5f717269 5f746573 6c637865 76697375     irq_set_exclusiv
20004d4c:	61685f65 656c646e 00000072 61746f74     e_handler...tota
20004d5c:	0000006c 6d6f682f 69702f65 6369702f     l.../home/pi/pic
20004d6c:	69702f6f 732d6f63 732f6b64 632f6372     o/pico-sdk/src/c
20004d7c:	6f6d6d6f 69702f6e 735f6f63 2f636e79     ommon/pico_sync/
20004d8c:	6574756d 00632e78 2d78746d 726f633e     mutex.c.mtx->cor
20004d9c:	70732e65 6c5f6e69 006b636f 735f7375     e.spin_lock.us_s
20004dac:	65636e69 6f6f625f 3d3c2074 544e4920     ince_boot <= INT
20004dbc:	4d5f3436 00005841 6d6f682f 69702f65     64_MAX../home/pi
20004dcc:	6369702f 69702f6f 732d6f63 732f6b64     /pico/pico-sdk/s
20004ddc:	632f6372 6f6d6d6f 69702f6e 625f6f63     rc/common/pico_b
20004dec:	2f657361 6c636e69 2f656475 6f636970     ase/include/pico
20004dfc:	7079742f 682e7365 00000000 6b636f6c     /types.h....lock
20004e0c:	5f73695f 656e776f 64695f72 6c61765f     _is_owner_id_val
20004e1c:	6d286469 3e2d7874 656e776f 00002972     id(mtx->owner)..
20004e2c:	2d78746d 746e653e 635f7265 746e756f     mtx->enter_count
20004e3c:	00000000                                ....

20004e40 <__func__.1>:
20004e40:	6574756d 78655f78 00007469              mutex_exit..

20004e4c <__func__.3>:
20004e4c:	6574756d 6e655f78 5f726574 636f6c62     mutex_enter_bloc
20004e5c:	6e755f6b 006c6974 3e2d7472 72616c61     k_until.rt->alar
20004e6c:	64695f6d 203d3d20 00006469 6d6f682f     m_id == id../hom
20004e7c:	69702f65 6369702f 69702f6f 732d6f63     e/pi/pico/pico-s
20004e8c:	732f6b64 632f6372 6f6d6d6f 69702f6e     dk/src/common/pi
20004e9c:	745f6f63 2f656d69 656d6974 0000632e     co_time/time.c..
20004eac:	26206469 64692026 203d3c20 6c6f6f70     id && id <= pool
20004ebc:	65683e2d 3e2d7061 5f78616d 65646f6e     ->heap->max_node
20004ecc:	00000073 26206469 64692026 203d3c20     s...id && id <= 
20004edc:	70616568 616d3e2d 6f6e5f78 00736564     heap->max_nodes.
20004eec:	6d6f682f 69702f65 6369702f 69702f6f     /home/pi/pico/pi
20004efc:	732d6f63 732f6b64 632f6372 6f6d6d6f     co-sdk/src/commo
20004f0c:	69702f6e 755f6f63 2f6c6974 6c636e69     n/pico_util/incl
20004f1c:	2f656475 6f636970 6974752f 68702f6c     ude/pico/util/ph
20004f2c:	2e706165 00000068 65726170 695f746e     eap.h...parent_i
20004f3c:	00000064 6c696863 64695f64 00000000     d...child_id....
20004f4c:	65726170 695f746e 3d212064 69686320     parent_id != chi
20004f5c:	695f646c 00000064 5f687021 746e6f63     ld_id...!ph_cont
20004f6c:	736e6961 646f6e5f 6f702865 3e2d6c6f     ains_node(pool->
20004f7c:	70616568 6572202c 5f657375 00296469     heap, reuse_id).
20004f8c:	6f6d6572 5f646576 3d206469 656e203d     removed_id == ne
20004f9c:	695f7478 00000064 6c6c6163 6b636162     xt_id...callback
20004fac:	00000000 6c6f6f70 6c613e2d 5f6d7261     ....pool->alarm_
20004fbc:	705f6e69 72676f72 20737365 6d203d3d     in_progress == m
20004fcc:	5f656b61 6c627570 695f6369 64692864     ake_public_id(id
20004fdc:	6769685f 6e202c68 5f747865 00296469     _high, next_id).
20004fec:	26206469 70212026 6f635f68 6961746e     id && !ph_contai
20004ffc:	6e5f736e 2865646f 70616568 6469202c     ns_node(heap, id
2000500c:	00000029 61656821 663e2d70 5f656572     )...!heap->free_
2000501c:	6c696174 0064695f 61666564 5f746c75     tail_id.default_
2000502c:	72616c61 6f705f6d 695f6c6f 6974696e     alarm_pool_initi
2000503c:	7a696c61 29286465 00000000 72616c61     alized()....alar
2000504c:	64695f6d 203d2120 6c6f6f70 6c613e2d     m_id != pool->al
2000505c:	5f6d7261 705f6e69 72676f72 00737365     arm_in_progress.
2000506c:	00006372 65747441 6574706d 6f742064     rc..Attempted to
2000507c:	656c7320 69207065 6469736e 666f2065      sleep inside of
2000508c:	206e6120 65637865 6f697470 6168206e      an exception ha
2000509c:	656c646e 75203b72 62206573 5f797375     ndler; use busy_
200050ac:	74696177 20666920 20756f79 7473756d     wait if you must
200050bc:	00000000                                ....

200050c0 <__func__.1>:
200050c0:	72616c61 6f705f6d 635f6c6f 65636e61     alarm_pool_cance
200050d0:	6c615f6c 006d7261                       l_alarm.

200050d8 <__func__.10>:
200050d8:	61647075 755f6574 69735f73 5f65636e     update_us_since_
200050e8:	746f6f62 00000000                       boot....

200050f0 <__func__.11>:
200050f0:	72616c61 6f705f6d 615f6c6f 6d72616c     alarm_pool_alarm
20005100:	6c61635f 6361626c 0000006b              _callback...

2000510c <__func__.12>:
2000510c:	5f746567 72746e65 00000079              get_entry...

20005118 <__func__.3>:
20005118:	72616c61 6f705f6d 675f6c6f 645f7465     alarm_pool_get_d
20005128:	75616665 0000746c                       efault..

20005130 <__func__.4>:
20005130:	5f746567 72746e65 64695f79 6769685f     get_entry_id_hig
20005140:	00000068                                h...

20005144 <__func__.5>:
20005144:	665f6870 5f656572 65646f6e 00000000     ph_free_node....

20005154 <__func__.6>:
20005154:	615f6870 635f6464 646c6968 646f6e5f     ph_add_child_nod
20005164:	00000065                                e...

20005168 <__func__.7>:
20005168:	695f6870 7265736e 6f6e5f74 00006564     ph_insert_node..

20005178 <__func__.8>:
20005178:	675f6870 6e5f7465 0065646f              ph_get_node.

20005184 <__func__.9>:
20005184:	5f646461 72616c61 6e755f6d 5f726564     add_alarm_under_
20005194:	6b636f6c 00000000 64726148 65726177     lock....Hardware
200051a4:	616c6120 25206d72 6c612064 64616572      alarm %d alread
200051b4:	6c632079 656d6961 00000064 656d6974     y claimed...time
200051c4:	77685f72 6e693e2d 26207374 20753120     r_hw->ints & 1u 
200051d4:	61203c3c 6d72616c 6d756e5f 00000000     << alarm_num....
200051e4:	6d6f682f 69702f65 6369702f 69702f6f     /home/pi/pico/pi
200051f4:	732d6f63 732f6b64 722f6372 635f3270     co-sdk/src/rp2_c
20005204:	6f6d6d6f 61682f6e 61776472 745f6572     ommon/hardware_t
20005214:	72656d69 6d69742f 632e7265 00000000     imer/timer.c....

20005224 <__func__.0>:
20005224:	64726168 65726177 616c615f 735f6d72     hardware_alarm_s
20005234:	745f7465 65677261 00000074              et_target...

20005240 <__func__.1>:
20005240:	61647075 755f6574 69735f73 5f65636e     update_us_since_
20005250:	746f6f62 00000000 746f6f72 0064695f     boot....root_id.
20005260:	6d6f682f 69702f65 6369702f 69702f6f     /home/pi/pico/pi
20005270:	732d6f63 732f6b64 632f6372 6f6d6d6f     co-sdk/src/commo
20005280:	69702f6e 755f6f63 2f6c6974 61656870     n/pico_util/phea
20005290:	00632e70 5f687021 5f746567 65646f6e     p.c.!ph_get_node
200052a0:	61656828 72202c70 5f746f6f 2d296469     (heap, root_id)-
200052b0:	6269733e 676e696c 00000000 5f687021     >sibling....!ph_
200052c0:	5f746567 65646f6e 61656828 72202c70     get_node(heap, r
200052d0:	5f746f6f 2d296469 7261703e 00746e65     oot_id)->parent.
200052e0:	5f77656e 5f627573 65657274 203d2120     new_sub_tree != 
200052f0:	70616568 6f723e2d 695f746f 00000064     heap->root_id...

20005300 <__func__.0>:
20005300:	725f6870 766f6d65 6e615f65 72665f64     ph_remove_and_fr
20005310:	6e5f6565 0065646f                       ee_node.

20005318 <__func__.1>:
20005318:	725f6870 766f6d65 6e615f65 65685f79     ph_remove_any_he
20005328:	00006461                                ad..

2000532c <__func__.2>:
2000532c:	615f6870 635f6464 646c6968 646f6e5f     ph_add_child_nod
2000533c:	00000065                                e...

20005340 <__func__.3>:
20005340:	675f6870 6e5f7465 0065646f 5f637273     ph_get_node.src_
20005350:	71657266 203d3e20 71657266 00000000     freq >= freq....
20005360:	6d6f682f 69702f65 6369702f 69702f6f     /home/pi/pico/pi
20005370:	732d6f63 732f6b64 722f6372 635f3270     co-sdk/src/rp2_c
20005380:	6f6d6d6f 61682f6e 61776472 635f6572     ommon/hardware_c
20005390:	6b636f6c 6c632f73 736b636f 0000632e     locks/clocks.c..

200053a0 <__func__.1>:
200053a0:	636f6c63 6f635f6b 6769666e 00657275     clock_configure.
200053b0:	5f6f6376 71657266 203d3e20 43495028     vco_freq >= (PIC
200053c0:	4c505f4f 43565f4c 494d5f4f 52465f4e     O_PLL_VCO_MIN_FR
200053d0:	4b5f5145 2a205a48 5a484b20 26262029     EQ_KHZ * KHZ) &&
200053e0:	6f637620 6572665f 3d3c2071 49502820      vco_freq <= (PI
200053f0:	505f4f43 565f4c4c 4d5f4f43 465f5841     CO_PLL_VCO_MAX_F
20005400:	5f514552 205a484b 484b202a 0000295a     REQ_KHZ * KHZ)..
20005410:	6d6f682f 69702f65 6369702f 69702f6f     /home/pi/pico/pi
20005420:	732d6f63 732f6b64 722f6372 635f3270     co-sdk/src/rp2_c
20005430:	6f6d6d6f 61682f6e 61776472 705f6572     ommon/hardware_p
20005440:	702f6c6c 632e6c6c 00000000 69646266     ll/pll.c....fbdi
20005450:	3d3e2076 20363120 66202626 76696462     v >= 16 && fbdiv
20005460:	203d3c20 00303233 736f7028 69645f74      <= 320.(post_di
20005470:	3e203176 2031203d 70202626 5f74736f     v1 >= 1 && post_
20005480:	31766964 203d3c20 26202937 70282026     div1 <= 7) && (p
20005490:	5f74736f 32766964 203d3e20 26262031     ost_div2 >= 1 &&
200054a0:	736f7020 69645f74 3c203276 2937203d      post_div2 <= 7)
200054b0:	00000000 5f666572 71657266 203d3c20     ....ref_freq <= 
200054c0:	6f637628 6572665f 202f2071 00293631     (vco_freq / 16).

200054d0 <__func__.0>:
200054d0:	5f6c6c70 74696e69 00000000 7566202c     pll_init...., fu
200054e0:	6974636e 203a6e6f 00000000 65737361     nction: ....asse
200054f0:	6f697472 2522206e 66202273 656c6961     rtion "%s" faile
20005500:	66203a64 20656c69 22732522 696c202c     d: file "%s", li
20005510:	2520656e 25732564 00000a73 3d3d2031     ne %d%s%s...1 ==
20005520:	69752820 7470746e 29745f72 733e2d6c      (uintptr_t)l->s
20005530:	5f6e6970 6b636f6c 00000000 6d6f682f     pin_lock..../hom
20005540:	69702f65 6369702f 69702f6f 732d6f63     e/pi/pico/pico-s
20005550:	732f6b64 722f6372 635f3270 6f6d6d6f     dk/src/rp2_commo
20005560:	69702f6e 725f6f63 69746e75 722f656d     n/pico_runtime/r
20005570:	69746e75 632e656d 00000000 2a2a2a0a     untime.c.....***
20005580:	4e415020 2a204349 000a2a2a 0000000a      PANIC ***......

20005590 <__func__.2>:
20005590:	746e7572 5f656d69 74696e69 00000000     runtime_init....
200055a0:	00696e66 2b696e66 00000000 006e616e     fni.fni+....nan.
200055b0:	2d696e66 00000000 2000333a 200032ea     fni-....:3. .2. 
200055c0:	200032ea 20003344 200032ea 200032ea     .2. D3. .2. .2. 
200055d0:	200032ea 200032ea 200032ea 200032ea     .2. .2. .2. .2. 
200055e0:	200032ea 20003330 200032ea 20003326     .2. 03. .2. &3. 
200055f0:	200032ea 200032ea 2000331c 200033dc     .2. .2. .3. .3. 
20005600:	20003402 2000341a 20003402 200033bc     .4. .4. .4. .3. 
20005610:	20003402 20003402 20003402 20003402     .4. .4. .4. .4. 
20005620:	20003402 20003402 20003402 200033f8     .4. .4. .4. .3. 
20005630:	20003402 20003402 20003402 20003402     .4. .4. .4. .4. 
20005640:	20003402 20003426 20003856 2000386c     .4. &4. V8. l8. 
20005650:	2000386c 2000386c 2000386c 2000386c     l8. l8. l8. l8. 
20005660:	2000386c 2000386c 2000386c 2000386c     l8. l8. l8. l8. 
20005670:	2000386c 2000386c 2000386c 2000386c     l8. l8. l8. l8. 
20005680:	2000386c 2000386c 2000386c 2000386c     l8. l8. l8. l8. 
20005690:	2000386c 2000386c 2000386c 2000386c     l8. l8. l8. l8. 
200056a0:	2000386c 2000386c 2000386c 2000386c     l8. l8. l8. l8. 
200056b0:	2000386c 2000386c 2000386c 2000386c     l8. l8. l8. l8. 
200056c0:	2000386c 2000386c 2000367e 2000363e     l8. l8. ~6. >6. 
200056d0:	2000367e 2000386c 2000386c 2000386c     ~6. l8. l8. l8. 
200056e0:	2000386c 2000386c 2000386c 2000386c     l8. l8. l8. l8. 
200056f0:	2000386c 2000386c 2000386c 2000386c     l8. l8. l8. l8. 
20005700:	2000386c 2000386c 2000386c 2000386c     l8. l8. l8. l8. 
20005710:	2000386c 20003432 2000386c 2000386c     l8. 24. l8. l8. 
20005720:	2000386c 2000386c 2000386c 2000386c     l8. l8. l8. l8. 
20005730:	2000386c 2000386c 2000386c 20003432     l8. l8. l8. 24. 
20005740:	200036ce 20003432 2000367e 2000363e     .6. 24. ~6. >6. 
20005750:	2000367e 2000386c 20003432 2000386c     ~6. l8. 24. l8. 
20005760:	2000386c 2000386c 2000386c 2000386c     l8. l8. l8. l8. 
20005770:	20003432 20003820 2000386c 2000386c     24.  8. l8. l8. 
20005780:	20003746 2000386c 20003432 2000386c     F7. l8. 24. l8. 
20005790:	2000386c 20003432                       l8. 24. 

20005798 <pow10.0>:
20005798:	00000000 3ff00000 00000000 40240000     .......?......$@
200057a8:	00000000 40590000 00000000 408f4000     ......Y@.....@.@
200057b8:	00000000 40c38800 00000000 40f86a00     .......@.....j.@
200057c8:	00000000 412e8480 00000000 416312d0     .......A......cA
200057d8:	00000000 4197d784 00000000 41cdcd65     .......A....e..A
200057e8:	7373696d 20676e69 62756f64 6620656c     missing double f
200057f8:	74636e75 006e6f69 7528282a 38746e69     unction.*((uint8
20005808:	2a20745f 6d6f7229 7461645f 6f6c5f61     _t *)rom_data_lo
20005818:	70756b6f 6d6f7228 6261745f 635f656c     okup(rom_table_c
20005828:	2865646f 2c275327 27462720 322d2929     ode('S', 'F'))-2
20005838:	202a2029 3d3e2034 5f465320 4c424154     ) * 4 >= SF_TABL
20005848:	32565f45 5a49535f 00000045 6d6f682f     E_V2_SIZE.../hom
20005858:	69702f65 6369702f 69702f6f 732d6f63     e/pi/pico/pico-s
20005868:	732f6b64 722f6372 635f3270 6f6d6d6f     dk/src/rp2_commo
20005878:	69702f6e 645f6f63 6c62756f 6f642f65     n/pico_double/do
20005888:	656c6275 696e695f 6f725f74 00632e6d     uble_init_rom.c.

20005898 <__func__.0>:
20005898:	65615f5f 5f696261 62756f64 695f656c     __aeabi_double_i
200058a8:	0074696e 7528282a 38746e69 2a20745f     nit.*((uint8_t *
200058b8:	6d6f7229 6261745f 322d656c 202a2029     )rom_table-2) * 
200058c8:	3d3e2034 5f465320 4c424154 32565f45     4 >= SF_TABLE_V2
200058d8:	5a49535f 00000045 6d6f682f 69702f65     _SIZE.../home/pi
200058e8:	6369702f 69702f6f 732d6f63 732f6b64     /pico/pico-sdk/s
200058f8:	722f6372 635f3270 6f6d6d6f 69702f6e     rc/rp2_common/pi
20005908:	665f6f63 74616f6c 6f6c662f 695f7461     co_float/float_i
20005918:	5f74696e 2e6d6f72 00000063              nit_rom.c...

20005924 <__func__.0>:
20005924:	65615f5f 5f696261 616f6c66 6e695f74     __aeabi_float_in
20005934:	00007469 75626544 00000067 746f6f62     it..Debug...boot
20005944:	32775f32 38307135 00000030 2e352e31     2_w25q080...1.5.
20005954:	00000031 32326e6e 72616f62 00000064     1...nn22board...
20005964:	42746544 6472616f 6d726946 65726177     DetBoardFirmware
20005974:	00000000 20727041 32203032 00343230     ....Apr 20 2024.

20005984 <__bi_44>:
20005984:	50520006 b63cffbb 20005958              ..RP..<.XY. 

20005990 <__bi_75>:
20005990:	50520006 7f8882e1 20005940              ..RP....@Y. 

2000599c <__bi_81>:
2000599c:	50520006 4275f0d3 20005938              ..RP..uB8Y. 

200059a8 <__func__.3>:
200059a8:	61647075 755f6574 69735f73 5f65636e     update_us_since_
200059b8:	746f6f62 00000000                       boot....

200059c0 <crlf_str.2>:
200059c0:	00000a0d 73616c66 666f5f68 2b207366     ....flash_offs +
200059d0:	756f6320 3c20746e 4950203d 465f4f43      count <= PICO_F
200059e0:	4853414c 5a49535f 59425f45 00534554     LASH_SIZE_BYTES.
200059f0:	6d6f682f 69702f65 6369702f 69702f6f     /home/pi/pico/pi
20005a00:	732d6f63 732f6b64 722f6372 635f3270     co-sdk/src/rp2_c
20005a10:	6f6d6d6f 61682f6e 61776472 665f6572     ommon/hardware_f
20005a20:	6873616c 616c662f 632e6873 00000000     lash/flash.c....
20005a30:	6e6e6f63 5f746365 65746e69 6c616e72     connect_internal
20005a40:	616c665f 26206873 6c662026 5f687361     _flash && flash_
20005a50:	74697865 7069785f 20262620 73616c66     exit_xip && flas
20005a60:	61725f68 5f65676e 73617265 26262065     h_range_erase &&
20005a70:	616c6620 665f6873 6873756c 6361635f      flash_flush_cac
20005a80:	00006568 6e6e6f63 5f746365 65746e69     he..connect_inte
20005a90:	6c616e72 616c665f 26206873 6c662026     rnal_flash && fl
20005aa0:	5f687361 74697865 7069785f 20262620     ash_exit_xip && 
20005ab0:	73616c66 61725f68 5f65676e 676f7270     flash_range_prog
20005ac0:	206d6172 66202626 6873616c 756c665f     ram && flash_flu
20005ad0:	635f6873 65686361 00000000 6e6e6f63     sh_cache....conn
20005ae0:	5f746365 65746e69 6c616e72 616c665f     ect_internal_fla
20005af0:	26206873 6c662026 5f687361 74697865     sh && flash_exit
20005b00:	7069785f 20262620 73616c66 6c665f68     _xip && flash_fl
20005b10:	5f687375 68636163 00000065              ush_cache...

20005b1c <__func__.0>:
20005b1c:	73616c66 6f645f68 646d635f 00000000     flash_do_cmd....
20005b2c:	676f7270 2d6d6172 6e656c3e 20687467     program->length 
20005b3c:	50203d3c 495f4f49 5254534e 49544355     <= PIO_INSTRUCTI
20005b4c:	435f4e4f 544e554f 00000000 6d6f682f     ON_COUNT..../hom
20005b5c:	69702f65 6369702f 69702f6f 732d6f63     e/pi/pico/pico-s
20005b6c:	732f6b64 722f6372 635f3270 6f6d6d6f     dk/src/rp2_commo
20005b7c:	61682f6e 61776472 705f6572 702f6f69     n/hardware_pio/p
20005b8c:	632e6f69 00000000 70206f4e 72676f72     io.c....No progr
20005b9c:	73206d61 65636170 00000000              am space....

20005ba8 <__func__.1>:
20005ba8:	6f69705f 6e69665f 666f5f64 74657366     _pio_find_offset
20005bb8:	726f665f 6f72705f 6d617267 00000000     _for_program....

20005bc8 <striped_spin_lock_num>:
20005bc8:	00000010                                ....

20005bcc <irq_handler_chain_slots>:
20005bcc:	00000000 	.word	0x00000000
20005bd0:	00010000 	.word	0x00010000
	...
20005bdc:	00020000 	.word	0x00020000
	...
20005be8:	00030000 	.word	0x00030000
	...
20005bf4:	00ff0000 	.word	0x00ff0000
20005bf8:	00000000 	.word	0x00000000

20005bfc <irq_handler_chain_first_slot>:
20005bfc:	b501      	push	{r0, lr}
20005bfe:	6848      	ldr	r0, [r1, #4]
20005c00:	3101      	adds	r1, #1
20005c02:	468e      	mov	lr, r1
20005c04:	4700      	bx	r0

20005c06 <irq_handler_chain_remove_tail>:
20005c06:	4670      	mov	r0, lr
20005c08:	3809      	subs	r0, #9
20005c0a:	4901      	ldr	r1, [pc, #4]	; (20005c10 <irq_handler_chain_remove_tail+0xa>)
20005c0c:	4788      	blx	r1
20005c0e:	bd01      	pop	{r0, pc}
20005c10:	20000d19 	.word	0x20000d19

20005c14 <default_alarm_pool>:
20005c14:	20005c2c 00000000 20005c80 20005edc     ,\. .....\. .^. 
	...

20005c2c <default_alarm_pool_heap>:
20005c2c:	20005eec 00000000 00000000 00000010     .^. ............
20005c3c:	00000000                                ....

20005c40 <aeabi_bits_funcs>:
20005c40:	00003350 	.word	0x00003350
20005c44:	0000334c 	.word	0x0000334c
20005c48:	00003354 	.word	0x00003354
20005c4c:	00003352 	.word	0x00003352

20005c50 <aeabi_bits_funcs_end>:
20005c50:	0000534d 	.word	0x0000534d
20005c54:	0000434d 	.word	0x0000434d
20005c58:	00003453 	.word	0x00003453
20005c5c:	00003443 	.word	0x00003443

20005c60 <print_mutex>:
	...

20005c68 <__mutex_array_end>:
20005c68:	20004149 	.word	0x20004149
20005c6c:	200038d1 	.word	0x200038d1
20005c70:	20003fb5 	.word	0x20003fb5
20005c74:	200040c1 	.word	0x200040c1

20005c78 <__frame_dummy_init_array_entry>:
20005c78:	20000139 20004401                       9.. .D. 
