
/home/pi/NN2022Code/CtrlBoardFirmware/build/CtrlBoardFirmware.elf:     file format elf32-littlearm

Sections:
Idx Name          Size      VMA       LMA       File off  Algn
  0 .boot2        00000100  10000000  10000000  00001000  2**0
                  CONTENTS, ALLOC, LOAD, READONLY, CODE
  1 .flashtext    000001d8  10000100  10000100  00001100  2**3
                  CONTENTS, ALLOC, LOAD, READONLY, CODE
  2 .rodata       00000000  100002d8  100002d8  00007880  2**0
                  CONTENTS, ALLOC, LOAD, DATA
  3 .binary_info  00000020  100002d8  100002d8  000012d8  2**2
                  CONTENTS, ALLOC, LOAD, READONLY, DATA
  4 .ram_vector_table 000000c0  20000000  20000000  00008000  2**2
                  ALLOC
  5 .text         000043c8  200000c0  100002f8  000020c0  2**2
                  CONTENTS, ALLOC, LOAD, READONLY, CODE
  6 .data         000013f0  20004490  100046c0  00006490  2**4
                  CONTENTS, ALLOC, LOAD, CODE
  7 .uninitialized_data 00000000  20005880  20005880  00007880  2**0
                  CONTENTS
  8 .scratch_x    00000000  20040000  20040000  00007880  2**0
                  CONTENTS
  9 .scratch_y    00000000  20041000  20041000  00007880  2**0
                  CONTENTS
 10 .bss          000004d4  20005880  20005880  00007880  2**3
                  ALLOC
 11 .heap         00000800  20005d54  20005d54  00007880  2**2
                  CONTENTS, READONLY
 12 .stack_dummy  00000800  20041000  20041000  00008080  2**5
                  CONTENTS, READONLY
 13 .ARM.attributes 00000028  00000000  00000000  00008880  2**0
                  CONTENTS, READONLY
 14 .comment      00000033  00000000  00000000  000088a8  2**0
                  CONTENTS, READONLY
 15 .debug_info   000188e4  00000000  00000000  000088db  2**0
                  CONTENTS, READONLY, DEBUGGING, OCTETS
 16 .debug_abbrev 00004681  00000000  00000000  000211bf  2**0
                  CONTENTS, READONLY, DEBUGGING, OCTETS
 17 .debug_loc    00010733  00000000  00000000  00025840  2**0
                  CONTENTS, READONLY, DEBUGGING, OCTETS
 18 .debug_aranges 00000e28  00000000  00000000  00035f78  2**3
                  CONTENTS, READONLY, DEBUGGING, OCTETS
 19 .debug_ranges 00003638  00000000  00000000  00036da0  2**3
                  CONTENTS, READONLY, DEBUGGING, OCTETS
 20 .debug_line   0000e1e2  00000000  00000000  0003a3d8  2**0
                  CONTENTS, READONLY, DEBUGGING, OCTETS
 21 .debug_str    00003f09  00000000  00000000  000485ba  2**0
                  CONTENTS, READONLY, DEBUGGING, OCTETS
 22 .debug_frame  000019d4  00000000  00000000  0004c4c4  2**2
                  CONTENTS, READONLY, DEBUGGING, OCTETS

/home/pi/NN2022Code/CtrlBoardFirmware/build/CtrlBoardFirmware.elf:     file format elf32-littlearm


Disassembly of section .boot2:

10000000 <__boot2_start__>:
10000000:	4b32b500 	.word	0x4b32b500
10000004:	60582021 	.word	0x60582021
10000008:	21026898 	.word	0x21026898
1000000c:	60984388 	.word	0x60984388
10000010:	611860d8 	.word	0x611860d8
10000014:	4b2e6158 	.word	0x4b2e6158
10000018:	60992100 	.word	0x60992100
1000001c:	61592104 	.word	0x61592104
10000020:	22f02101 	.word	0x22f02101
10000024:	492b5099 	.word	0x492b5099
10000028:	21016019 	.word	0x21016019
1000002c:	20356099 	.word	0x20356099
10000030:	f844f000 	.word	0xf844f000
10000034:	42902202 	.word	0x42902202
10000038:	2106d014 	.word	0x2106d014
1000003c:	f0006619 	.word	0xf0006619
10000040:	6e19f834 	.word	0x6e19f834
10000044:	66192101 	.word	0x66192101
10000048:	66182000 	.word	0x66182000
1000004c:	f000661a 	.word	0xf000661a
10000050:	6e19f82c 	.word	0x6e19f82c
10000054:	6e196e19 	.word	0x6e196e19
10000058:	f0002005 	.word	0xf0002005
1000005c:	2101f82f 	.word	0x2101f82f
10000060:	d1f94208 	.word	0xd1f94208
10000064:	60992100 	.word	0x60992100
10000068:	6019491b 	.word	0x6019491b
1000006c:	60592100 	.word	0x60592100
10000070:	481b491a 	.word	0x481b491a
10000074:	21016001 	.word	0x21016001
10000078:	21eb6099 	.word	0x21eb6099
1000007c:	21a06619 	.word	0x21a06619
10000080:	f0006619 	.word	0xf0006619
10000084:	2100f812 	.word	0x2100f812
10000088:	49166099 	.word	0x49166099
1000008c:	60014814 	.word	0x60014814
10000090:	60992101 	.word	0x60992101
10000094:	2800bc01 	.word	0x2800bc01
10000098:	4700d000 	.word	0x4700d000
1000009c:	49134812 	.word	0x49134812
100000a0:	c8036008 	.word	0xc8036008
100000a4:	8808f380 	.word	0x8808f380
100000a8:	b5034708 	.word	0xb5034708
100000ac:	20046a99 	.word	0x20046a99
100000b0:	d0fb4201 	.word	0xd0fb4201
100000b4:	42012001 	.word	0x42012001
100000b8:	bd03d1f8 	.word	0xbd03d1f8
100000bc:	6618b502 	.word	0x6618b502
100000c0:	f7ff6618 	.word	0xf7ff6618
100000c4:	6e18fff2 	.word	0x6e18fff2
100000c8:	bd026e18 	.word	0xbd026e18
100000cc:	40020000 	.word	0x40020000
100000d0:	18000000 	.word	0x18000000
100000d4:	00070000 	.word	0x00070000
100000d8:	005f0300 	.word	0x005f0300
100000dc:	00002221 	.word	0x00002221
100000e0:	180000f4 	.word	0x180000f4
100000e4:	a0002022 	.word	0xa0002022
100000e8:	10000100 	.word	0x10000100
100000ec:	e000ed08 	.word	0xe000ed08
	...
100000fc:	d58f0b07 	.word	0xd58f0b07

Disassembly of section .flashtext:

10000100 <__VECTOR_TABLE>:
10000100:	20042000 	.word	0x20042000
10000104:	100001f7 	.word	0x100001f7
10000108:	100001c3 	.word	0x100001c3
1000010c:	100001c5 	.word	0x100001c5
10000110:	100001c1 	.word	0x100001c1
10000114:	100001c1 	.word	0x100001c1
10000118:	100001c1 	.word	0x100001c1
1000011c:	100001c1 	.word	0x100001c1
10000120:	100001c1 	.word	0x100001c1
10000124:	100001c1 	.word	0x100001c1
10000128:	100001c1 	.word	0x100001c1
1000012c:	100001c7 	.word	0x100001c7
10000130:	100001c1 	.word	0x100001c1
10000134:	100001c1 	.word	0x100001c1
10000138:	100001c9 	.word	0x100001c9
1000013c:	100001cb 	.word	0x100001cb
10000140:	100001cd 	.word	0x100001cd
10000144:	100001cd 	.word	0x100001cd
10000148:	100001cd 	.word	0x100001cd
1000014c:	100001cd 	.word	0x100001cd
10000150:	100001cd 	.word	0x100001cd
10000154:	100001cd 	.word	0x100001cd
10000158:	100001cd 	.word	0x100001cd
1000015c:	100001cd 	.word	0x100001cd
10000160:	100001cd 	.word	0x100001cd
10000164:	100001cd 	.word	0x100001cd
10000168:	100001cd 	.word	0x100001cd
1000016c:	100001cd 	.word	0x100001cd
10000170:	100001cd 	.word	0x100001cd
10000174:	100001cd 	.word	0x100001cd
10000178:	100001cd 	.word	0x100001cd
1000017c:	100001cd 	.word	0x100001cd
10000180:	100001cd 	.word	0x100001cd
10000184:	100001cd 	.word	0x100001cd
10000188:	100001cd 	.word	0x100001cd
1000018c:	100001cd 	.word	0x100001cd
10000190:	100001cd 	.word	0x100001cd
10000194:	100001cd 	.word	0x100001cd
10000198:	100001cd 	.word	0x100001cd
1000019c:	100001cd 	.word	0x100001cd
100001a0:	100001cd 	.word	0x100001cd
100001a4:	100001cd 	.word	0x100001cd
100001a8:	100001cd 	.word	0x100001cd
100001ac:	100001cd 	.word	0x100001cd
100001b0:	100001cd 	.word	0x100001cd
100001b4:	100001cd 	.word	0x100001cd
100001b8:	100001cd 	.word	0x100001cd
100001bc:	100001cd 	.word	0x100001cd

100001c0 <isr_invalid>:
100001c0:	be00      	bkpt	0x0000

100001c2 <isr_nmi>:
100001c2:	be00      	bkpt	0x0000

100001c4 <isr_hardfault>:
100001c4:	be00      	bkpt	0x0000

100001c6 <isr_svcall>:
100001c6:	be00      	bkpt	0x0000

100001c8 <isr_pendsv>:
100001c8:	be00      	bkpt	0x0000

100001ca <isr_systick>:
100001ca:	be00      	bkpt	0x0000

100001cc <__unhandled_user_irq>:
100001cc:	f3ef 8005 	mrs	r0, IPSR
100001d0:	3810      	subs	r0, #16

100001d2 <unhandled_user_irq_num_in_r0>:
100001d2:	be00      	bkpt	0x0000

100001d4 <binary_info_header>:
100001d4:	7188ebf2 	.word	0x7188ebf2
100001d8:	100002d8 	.word	0x100002d8
100001dc:	100002f8 	.word	0x100002f8
100001e0:	10000234 	.word	0x10000234
100001e4:	e71aa390 	.word	0xe71aa390

100001e8 <_entry_point>:
100001e8:	2000      	movs	r0, #0
100001ea:	4922      	ldr	r1, [pc, #136]	; (10000274 <hold_non_core0_in_bootrom+0xa>)
100001ec:	6008      	str	r0, [r1, #0]
100001ee:	c806      	ldmia	r0!, {r1, r2}
100001f0:	f381 8808 	msr	MSP, r1
100001f4:	4710      	bx	r2

100001f6 <_reset_handler>:
100001f6:	4820      	ldr	r0, [pc, #128]	; (10000278 <hold_non_core0_in_bootrom+0xe>)
100001f8:	6800      	ldr	r0, [r0, #0]
100001fa:	2800      	cmp	r0, #0
100001fc:	d135      	bne.n	1000026a <hold_non_core0_in_bootrom>
100001fe:	a40d      	add	r4, pc, #52	; (adr r4, 10000234 <data_cpy_table>)
10000200:	cc0e      	ldmia	r4!, {r1, r2, r3}
10000202:	2900      	cmp	r1, #0
10000204:	d002      	beq.n	1000020c <_reset_handler+0x16>
10000206:	f000 f812 	bl	1000022e <data_cpy>
1000020a:	e7f9      	b.n	10000200 <_reset_handler+0xa>
1000020c:	491b      	ldr	r1, [pc, #108]	; (1000027c <hold_non_core0_in_bootrom+0x12>)
1000020e:	4a1c      	ldr	r2, [pc, #112]	; (10000280 <hold_non_core0_in_bootrom+0x16>)
10000210:	2000      	movs	r0, #0
10000212:	e000      	b.n	10000216 <bss_fill_test>

10000214 <bss_fill_loop>:
10000214:	c101      	stmia	r1!, {r0}

10000216 <bss_fill_test>:
10000216:	4291      	cmp	r1, r2
10000218:	d1fc      	bne.n	10000214 <bss_fill_loop>

1000021a <platform_entry>:
1000021a:	491a      	ldr	r1, [pc, #104]	; (10000284 <hold_non_core0_in_bootrom+0x1a>)
1000021c:	4788      	blx	r1
1000021e:	491a      	ldr	r1, [pc, #104]	; (10000288 <hold_non_core0_in_bootrom+0x1e>)
10000220:	4788      	blx	r1
10000222:	491a      	ldr	r1, [pc, #104]	; (1000028c <hold_non_core0_in_bootrom+0x22>)
10000224:	4788      	blx	r1
10000226:	be00      	bkpt	0x0000
10000228:	e7fd      	b.n	10000226 <platform_entry+0xc>

1000022a <data_cpy_loop>:
1000022a:	c901      	ldmia	r1!, {r0}
1000022c:	c201      	stmia	r2!, {r0}

1000022e <data_cpy>:
1000022e:	429a      	cmp	r2, r3
10000230:	d3fb      	bcc.n	1000022a <data_cpy_loop>
10000232:	4770      	bx	lr

10000234 <data_cpy_table>:
10000234:	100002f8 	.word	0x100002f8
10000238:	200000c0 	.word	0x200000c0
1000023c:	20004488 	.word	0x20004488
10000240:	100046c0 	.word	0x100046c0
10000244:	20004490 	.word	0x20004490
10000248:	20005880 	.word	0x20005880
1000024c:	10005ab0 	.word	0x10005ab0
10000250:	20040000 	.word	0x20040000
10000254:	20040000 	.word	0x20040000
10000258:	10005ab0 	.word	0x10005ab0
1000025c:	20041000 	.word	0x20041000
10000260:	20041000 	.word	0x20041000
10000264:	00000000 	.word	0x00000000
10000268:	4770      	bx	lr

1000026a <hold_non_core0_in_bootrom>:
1000026a:	4809      	ldr	r0, [pc, #36]	; (10000290 <hold_non_core0_in_bootrom+0x26>)
1000026c:	f000 f814 	bl	10000298 <__rom_func_lookup_veneer>
10000270:	4700      	bx	r0
10000272:	0000      	.short	0x0000
10000274:	e000ed08 	.word	0xe000ed08
10000278:	d0000000 	.word	0xd0000000
1000027c:	20005880 	.word	0x20005880
10000280:	20005d54 	.word	0x20005d54
10000284:	20002589 	.word	0x20002589
10000288:	200001cd 	.word	0x200001cd
1000028c:	20002545 	.word	0x20002545
10000290:	00005657 	.word	0x00005657
10000294:	00000000 	.word	0x00000000

10000298 <__rom_func_lookup_veneer>:
10000298:	b401      	push	{r0}
1000029a:	4802      	ldr	r0, [pc, #8]	; (100002a4 <__rom_func_lookup_veneer+0xc>)
1000029c:	4684      	mov	ip, r0
1000029e:	bc01      	pop	{r0}
100002a0:	4760      	bx	ip
100002a2:	bf00      	nop
100002a4:	20003831 	.word	0x20003831

100002a8 <__bi_50>:
100002a8:	50520006 5360b3ab 200055dc              ..RP..`S.U. 

100002b4 <__bi_38>:
100002b4:	50520006 02031c86 200055f0              ..RP.....U. 

100002c0 <__bi_30>:
100002c0:	50520006 9da22254 20005604              ..RPT"...V. 

100002cc <__bi_22>:
100002cc:	50520005 68f465de 10005ab0              ..RP.e.h.Z..

Disassembly of section .text:

200000c0 <_init>:
200000c0:	b5f8      	push	{r3, r4, r5, r6, r7, lr}
200000c2:	46c0      	nop			; (mov r8, r8)

200000c4 <deregister_tm_clones>:
200000c4:	4804      	ldr	r0, [pc, #16]	; (200000d8 <deregister_tm_clones+0x14>)
200000c6:	4b05      	ldr	r3, [pc, #20]	; (200000dc <deregister_tm_clones+0x18>)
200000c8:	b510      	push	{r4, lr}
200000ca:	4283      	cmp	r3, r0
200000cc:	d003      	beq.n	200000d6 <deregister_tm_clones+0x12>
200000ce:	4b04      	ldr	r3, [pc, #16]	; (200000e0 <deregister_tm_clones+0x1c>)
200000d0:	2b00      	cmp	r3, #0
200000d2:	d000      	beq.n	200000d6 <deregister_tm_clones+0x12>
200000d4:	4798      	blx	r3
200000d6:	bd10      	pop	{r4, pc}
200000d8:	20005880 	.word	0x20005880
200000dc:	20005880 	.word	0x20005880
200000e0:	00000000 	.word	0x00000000

200000e4 <register_tm_clones>:
200000e4:	4806      	ldr	r0, [pc, #24]	; (20000100 <register_tm_clones+0x1c>)
200000e6:	4907      	ldr	r1, [pc, #28]	; (20000104 <register_tm_clones+0x20>)
200000e8:	1a09      	subs	r1, r1, r0
200000ea:	108b      	asrs	r3, r1, #2
200000ec:	0fc9      	lsrs	r1, r1, #31
200000ee:	18c9      	adds	r1, r1, r3
200000f0:	b510      	push	{r4, lr}
200000f2:	1049      	asrs	r1, r1, #1
200000f4:	d003      	beq.n	200000fe <register_tm_clones+0x1a>
200000f6:	4b04      	ldr	r3, [pc, #16]	; (20000108 <register_tm_clones+0x24>)
200000f8:	2b00      	cmp	r3, #0
200000fa:	d000      	beq.n	200000fe <register_tm_clones+0x1a>
200000fc:	4798      	blx	r3
200000fe:	bd10      	pop	{r4, pc}
20000100:	20005880 	.word	0x20005880
20000104:	20005880 	.word	0x20005880
20000108:	00000000 	.word	0x00000000

2000010c <__do_global_dtors_aux>:
2000010c:	b510      	push	{r4, lr}
2000010e:	4c07      	ldr	r4, [pc, #28]	; (2000012c <__do_global_dtors_aux+0x20>)
20000110:	7823      	ldrb	r3, [r4, #0]
20000112:	2b00      	cmp	r3, #0
20000114:	d109      	bne.n	2000012a <__do_global_dtors_aux+0x1e>
20000116:	f7ff ffd5 	bl	200000c4 <deregister_tm_clones>
2000011a:	4b05      	ldr	r3, [pc, #20]	; (20000130 <__do_global_dtors_aux+0x24>)
2000011c:	2b00      	cmp	r3, #0
2000011e:	d002      	beq.n	20000126 <__do_global_dtors_aux+0x1a>
20000120:	4804      	ldr	r0, [pc, #16]	; (20000134 <__do_global_dtors_aux+0x28>)
20000122:	e000      	b.n	20000126 <__do_global_dtors_aux+0x1a>
20000124:	bf00      	nop
20000126:	2301      	movs	r3, #1
20000128:	7023      	strb	r3, [r4, #0]
2000012a:	bd10      	pop	{r4, pc}
2000012c:	20005980 	.word	0x20005980
20000130:	00000000 	.word	0x00000000
20000134:	20004488 	.word	0x20004488

20000138 <frame_dummy>:
20000138:	4b05      	ldr	r3, [pc, #20]	; (20000150 <frame_dummy+0x18>)
2000013a:	b510      	push	{r4, lr}
2000013c:	2b00      	cmp	r3, #0
2000013e:	d003      	beq.n	20000148 <frame_dummy+0x10>
20000140:	4904      	ldr	r1, [pc, #16]	; (20000154 <frame_dummy+0x1c>)
20000142:	4805      	ldr	r0, [pc, #20]	; (20000158 <frame_dummy+0x20>)
20000144:	e000      	b.n	20000148 <frame_dummy+0x10>
20000146:	bf00      	nop
20000148:	f7ff ffcc 	bl	200000e4 <register_tm_clones>
2000014c:	bd10      	pop	{r4, pc}
2000014e:	46c0      	nop			; (mov r8, r8)
20000150:	00000000 	.word	0x00000000
20000154:	20005984 	.word	0x20005984
20000158:	20004488 	.word	0x20004488

2000015c <delayed_by_ms>:
2000015c:	b570      	push	{r4, r5, r6, lr}
2000015e:	0006      	movs	r6, r0
20000160:	0014      	movs	r4, r2
20000162:	001d      	movs	r5, r3
20000164:	22fa      	movs	r2, #250	; 0xfa
20000166:	0092      	lsls	r2, r2, #2
20000168:	2300      	movs	r3, #0
2000016a:	9804      	ldr	r0, [sp, #16]
2000016c:	2100      	movs	r1, #0
2000016e:	f003 ff49 	bl	20004004 <__wrap___aeabi_lmul>
20000172:	1900      	adds	r0, r0, r4
20000174:	4169      	adcs	r1, r5
20000176:	2900      	cmp	r1, #0
20000178:	db05      	blt.n	20000186 <delayed_by_ms+0x2a>
2000017a:	2900      	cmp	r1, #0
2000017c:	db07      	blt.n	2000018e <delayed_by_ms+0x32>
2000017e:	6030      	str	r0, [r6, #0]
20000180:	6071      	str	r1, [r6, #4]
20000182:	0030      	movs	r0, r6
20000184:	bd70      	pop	{r4, r5, r6, pc}
20000186:	2001      	movs	r0, #1
20000188:	4240      	negs	r0, r0
2000018a:	4904      	ldr	r1, [pc, #16]	; (2000019c <delayed_by_ms+0x40>)
2000018c:	e7f5      	b.n	2000017a <delayed_by_ms+0x1e>
2000018e:	4b04      	ldr	r3, [pc, #16]	; (200001a0 <delayed_by_ms+0x44>)
20000190:	4a04      	ldr	r2, [pc, #16]	; (200001a4 <delayed_by_ms+0x48>)
20000192:	213f      	movs	r1, #63	; 0x3f
20000194:	4804      	ldr	r0, [pc, #16]	; (200001a8 <delayed_by_ms+0x4c>)
20000196:	f002 f9d9 	bl	2000254c <__assert_func>
2000019a:	46c0      	nop			; (mov r8, r8)
2000019c:	7fffffff 	.word	0x7fffffff
200001a0:	20004724 	.word	0x20004724
200001a4:	200047a0 	.word	0x200047a0
200001a8:	20004740 	.word	0x20004740

200001ac <adc_gpio_init>:
200001ac:	b510      	push	{r4, lr}
200001ae:	0004      	movs	r4, r0
200001b0:	211f      	movs	r1, #31
200001b2:	f000 faf1 	bl	20000798 <gpio_set_function>
200001b6:	2200      	movs	r2, #0
200001b8:	2100      	movs	r1, #0
200001ba:	0020      	movs	r0, r4
200001bc:	f000 fb04 	bl	200007c8 <gpio_set_pulls>
200001c0:	2100      	movs	r1, #0
200001c2:	0020      	movs	r0, r4
200001c4:	f000 fb2a 	bl	2000081c <gpio_set_input_enabled>
200001c8:	bd10      	pop	{r4, pc}
	...

200001cc <main>:
200001cc:	b5f0      	push	{r4, r5, r6, r7, lr}
200001ce:	46d6      	mov	lr, sl
200001d0:	464f      	mov	r7, r9
200001d2:	4646      	mov	r6, r8
200001d4:	b5c0      	push	{r6, r7, lr}
200001d6:	b096      	sub	sp, #88	; 0x58
200001d8:	ab15      	add	r3, sp, #84	; 0x54
200001da:	4ae4      	ldr	r2, [pc, #912]	; (2000056c <main+0x3a0>)
200001dc:	801a      	strh	r2, [r3, #0]
200001de:	ab14      	add	r3, sp, #80	; 0x50
200001e0:	4ae3      	ldr	r2, [pc, #908]	; (20000570 <main+0x3a4>)
200001e2:	801a      	strh	r2, [r3, #0]
200001e4:	ab13      	add	r3, sp, #76	; 0x4c
200001e6:	2280      	movs	r2, #128	; 0x80
200001e8:	0092      	lsls	r2, r2, #2
200001ea:	801a      	strh	r2, [r3, #0]
200001ec:	2006      	movs	r0, #6
200001ee:	f001 ffd5 	bl	2000219c <clock_stop>
200001f2:	4be0      	ldr	r3, [pc, #896]	; (20000574 <main+0x3a8>)
200001f4:	9300      	str	r3, [sp, #0]
200001f6:	2200      	movs	r2, #0
200001f8:	2100      	movs	r1, #0
200001fa:	2005      	movs	r0, #5
200001fc:	f001 ffe4 	bl	200021c8 <clock_configure>
20000200:	4cdd      	ldr	r4, [pc, #884]	; (20000578 <main+0x3ac>)
20000202:	0020      	movs	r0, r4
20000204:	f002 f97a 	bl	200024fc <pll_deinit>
20000208:	2604      	movs	r6, #4
2000020a:	9600      	str	r6, [sp, #0]
2000020c:	2304      	movs	r3, #4
2000020e:	4adb      	ldr	r2, [pc, #876]	; (2000057c <main+0x3b0>)
20000210:	2101      	movs	r1, #1
20000212:	0020      	movs	r0, r4
20000214:	f002 f8e2 	bl	200023dc <pll_init>
20000218:	4cd9      	ldr	r4, [pc, #868]	; (20000580 <main+0x3b4>)
2000021a:	9400      	str	r4, [sp, #0]
2000021c:	0023      	movs	r3, r4
2000021e:	2200      	movs	r2, #0
20000220:	2101      	movs	r1, #1
20000222:	2005      	movs	r0, #5
20000224:	f001 ffd0 	bl	200021c8 <clock_configure>
20000228:	9400      	str	r4, [sp, #0]
2000022a:	0023      	movs	r3, r4
2000022c:	2201      	movs	r2, #1
2000022e:	2100      	movs	r1, #0
20000230:	2006      	movs	r0, #6
20000232:	f001 ffc9 	bl	200021c8 <clock_configure>
20000236:	f004 f8a5 	bl	20004384 <stdio_init_all>
2000023a:	a809      	add	r0, sp, #36	; 0x24
2000023c:	f004 f8ac 	bl	20004398 <pico_get_unique_board_id>
20000240:	2005      	movs	r0, #5
20000242:	f000 fb03 	bl	2000084c <gpio_init>
20000246:	24d0      	movs	r4, #208	; 0xd0
20000248:	0624      	lsls	r4, r4, #24
2000024a:	2520      	movs	r5, #32
2000024c:	6265      	str	r5, [r4, #36]	; 0x24
2000024e:	2004      	movs	r0, #4
20000250:	f000 fafc 	bl	2000084c <gpio_init>
20000254:	2310      	movs	r3, #16
20000256:	6263      	str	r3, [r4, #36]	; 0x24
20000258:	2003      	movs	r0, #3
2000025a:	f000 faf7 	bl	2000084c <gpio_init>
2000025e:	2308      	movs	r3, #8
20000260:	6263      	str	r3, [r4, #36]	; 0x24
20000262:	200f      	movs	r0, #15
20000264:	f000 faf2 	bl	2000084c <gpio_init>
20000268:	2010      	movs	r0, #16
2000026a:	f000 faef 	bl	2000084c <gpio_init>
2000026e:	2011      	movs	r0, #17
20000270:	f000 faec 	bl	2000084c <gpio_init>
20000274:	6165      	str	r5, [r4, #20]
20000276:	2032      	movs	r0, #50	; 0x32
20000278:	f001 face 	bl	20001818 <sleep_ms>
2000027c:	61a5      	str	r5, [r4, #24]
2000027e:	f004 f8b7 	bl	200043f0 <adc_init>
20000282:	4cc0      	ldr	r4, [pc, #768]	; (20000584 <main+0x3b8>)
20000284:	2302      	movs	r3, #2
20000286:	6023      	str	r3, [r4, #0]
20000288:	201c      	movs	r0, #28
2000028a:	f7ff ff8f 	bl	200001ac <adc_gpio_init>
2000028e:	201a      	movs	r0, #26
20000290:	f7ff ff8c 	bl	200001ac <adc_gpio_init>
20000294:	4bbc      	ldr	r3, [pc, #752]	; (20000588 <main+0x3bc>)
20000296:	681a      	ldr	r2, [r3, #0]
20000298:	2380      	movs	r3, #128	; 0x80
2000029a:	01db      	lsls	r3, r3, #7
2000029c:	4053      	eors	r3, r2
2000029e:	22e0      	movs	r2, #224	; 0xe0
200002a0:	01d2      	lsls	r2, r2, #7
200002a2:	4013      	ands	r3, r2
200002a4:	4ab9      	ldr	r2, [pc, #740]	; (2000058c <main+0x3c0>)
200002a6:	6013      	str	r3, [r2, #0]
200002a8:	6026      	str	r6, [r4, #0]
200002aa:	4bb7      	ldr	r3, [pc, #732]	; (20000588 <main+0x3bc>)
200002ac:	681b      	ldr	r3, [r3, #0]
200002ae:	05db      	lsls	r3, r3, #23
200002b0:	d5fb      	bpl.n	200002aa <main+0xde>
200002b2:	4bb5      	ldr	r3, [pc, #724]	; (20000588 <main+0x3bc>)
200002b4:	6859      	ldr	r1, [r3, #4]
200002b6:	221a      	movs	r2, #26
200002b8:	a802      	add	r0, sp, #8
200002ba:	4684      	mov	ip, r0
200002bc:	4462      	add	r2, ip
200002be:	8011      	strh	r1, [r2, #0]
200002c0:	681a      	ldr	r2, [r3, #0]
200002c2:	2380      	movs	r3, #128	; 0x80
200002c4:	019b      	lsls	r3, r3, #6
200002c6:	4053      	eors	r3, r2
200002c8:	22e0      	movs	r2, #224	; 0xe0
200002ca:	01d2      	lsls	r2, r2, #7
200002cc:	4013      	ands	r3, r2
200002ce:	4aaf      	ldr	r2, [pc, #700]	; (2000058c <main+0x3c0>)
200002d0:	6013      	str	r3, [r2, #0]
200002d2:	4bac      	ldr	r3, [pc, #688]	; (20000584 <main+0x3b8>)
200002d4:	2204      	movs	r2, #4
200002d6:	601a      	str	r2, [r3, #0]
200002d8:	4bab      	ldr	r3, [pc, #684]	; (20000588 <main+0x3bc>)
200002da:	681b      	ldr	r3, [r3, #0]
200002dc:	05db      	lsls	r3, r3, #23
200002de:	d5fb      	bpl.n	200002d8 <main+0x10c>
200002e0:	4ba9      	ldr	r3, [pc, #676]	; (20000588 <main+0x3bc>)
200002e2:	6859      	ldr	r1, [r3, #4]
200002e4:	aa08      	add	r2, sp, #32
200002e6:	8011      	strh	r1, [r2, #0]
200002e8:	681b      	ldr	r3, [r3, #0]
200002ea:	22e0      	movs	r2, #224	; 0xe0
200002ec:	01d2      	lsls	r2, r2, #7
200002ee:	4013      	ands	r3, r2
200002f0:	4aa6      	ldr	r2, [pc, #664]	; (2000058c <main+0x3c0>)
200002f2:	6013      	str	r3, [r2, #0]
200002f4:	4ba3      	ldr	r3, [pc, #652]	; (20000584 <main+0x3b8>)
200002f6:	2204      	movs	r2, #4
200002f8:	601a      	str	r2, [r3, #0]
200002fa:	4ba3      	ldr	r3, [pc, #652]	; (20000588 <main+0x3bc>)
200002fc:	681b      	ldr	r3, [r3, #0]
200002fe:	05db      	lsls	r3, r3, #23
20000300:	d5fb      	bpl.n	200002fa <main+0x12e>
20000302:	4ba1      	ldr	r3, [pc, #644]	; (20000588 <main+0x3bc>)
20000304:	685b      	ldr	r3, [r3, #4]
20000306:	2018      	movs	r0, #24
20000308:	f000 faa0 	bl	2000084c <gpio_init>
2000030c:	26d0      	movs	r6, #208	; 0xd0
2000030e:	0636      	lsls	r6, r6, #24
20000310:	2380      	movs	r3, #128	; 0x80
20000312:	045b      	lsls	r3, r3, #17
20000314:	6273      	str	r3, [r6, #36]	; 0x24
20000316:	6173      	str	r3, [r6, #20]
20000318:	4c9d      	ldr	r4, [pc, #628]	; (20000590 <main+0x3c4>)
2000031a:	4b9e      	ldr	r3, [pc, #632]	; (20000594 <main+0x3c8>)
2000031c:	6623      	str	r3, [r4, #96]	; 0x60
2000031e:	4d9e      	ldr	r5, [pc, #632]	; (20000598 <main+0x3cc>)
20000320:	682a      	ldr	r2, [r5, #0]
20000322:	2330      	movs	r3, #48	; 0x30
20000324:	4393      	bics	r3, r2
20000326:	4f9d      	ldr	r7, [pc, #628]	; (2000059c <main+0x3d0>)
20000328:	603b      	str	r3, [r7, #0]
2000032a:	2310      	movs	r3, #16
2000032c:	469a      	mov	sl, r3
2000032e:	6563      	str	r3, [r4, #84]	; 0x54
20000330:	2104      	movs	r1, #4
20000332:	2019      	movs	r0, #25
20000334:	f000 fa30 	bl	20000798 <gpio_set_function>
20000338:	2300      	movs	r3, #0
2000033a:	65a3      	str	r3, [r4, #88]	; 0x58
2000033c:	682b      	ldr	r3, [r5, #0]
2000033e:	2501      	movs	r5, #1
20000340:	002a      	movs	r2, r5
20000342:	439a      	bics	r2, r3
20000344:	603a      	str	r2, [r7, #0]
20000346:	4f96      	ldr	r7, [pc, #600]	; (200005a0 <main+0x3d4>)
20000348:	4996      	ldr	r1, [pc, #600]	; (200005a4 <main+0x3d8>)
2000034a:	0038      	movs	r0, r7
2000034c:	f001 fee6 	bl	2000211c <uart_init>
20000350:	6b3a      	ldr	r2, [r7, #48]	; 0x30
20000352:	2380      	movs	r3, #128	; 0x80
20000354:	021b      	lsls	r3, r3, #8
20000356:	4053      	eors	r3, r2
20000358:	22c0      	movs	r2, #192	; 0xc0
2000035a:	0212      	lsls	r2, r2, #8
2000035c:	4690      	mov	r8, r2
2000035e:	4013      	ands	r3, r2
20000360:	2780      	movs	r7, #128	; 0x80
20000362:	017f      	lsls	r7, r7, #5
20000364:	4a90      	ldr	r2, [pc, #576]	; (200005a8 <main+0x3dc>)
20000366:	433a      	orrs	r2, r7
20000368:	6013      	str	r3, [r2, #0]
2000036a:	2102      	movs	r1, #2
2000036c:	200c      	movs	r0, #12
2000036e:	f000 fa13 	bl	20000798 <gpio_set_function>
20000372:	2102      	movs	r1, #2
20000374:	200d      	movs	r0, #13
20000376:	f000 fa0f 	bl	20000798 <gpio_set_function>
2000037a:	2102      	movs	r1, #2
2000037c:	200e      	movs	r0, #14
2000037e:	f000 fa0b 	bl	20000798 <gpio_set_function>
20000382:	4b8a      	ldr	r3, [pc, #552]	; (200005ac <main+0x3e0>)
20000384:	4699      	mov	r9, r3
20000386:	498a      	ldr	r1, [pc, #552]	; (200005b0 <main+0x3e4>)
20000388:	0018      	movs	r0, r3
2000038a:	f001 fec7 	bl	2000211c <uart_init>
2000038e:	464b      	mov	r3, r9
20000390:	6b1b      	ldr	r3, [r3, #48]	; 0x30
20000392:	4642      	mov	r2, r8
20000394:	4013      	ands	r3, r2
20000396:	4a87      	ldr	r2, [pc, #540]	; (200005b4 <main+0x3e8>)
20000398:	4317      	orrs	r7, r2
2000039a:	603b      	str	r3, [r7, #0]
2000039c:	2102      	movs	r1, #2
2000039e:	2014      	movs	r0, #20
200003a0:	f000 f9fa 	bl	20000798 <gpio_set_function>
200003a4:	2102      	movs	r1, #2
200003a6:	2015      	movs	r0, #21
200003a8:	f000 f9f6 	bl	20000798 <gpio_set_function>
200003ac:	2708      	movs	r7, #8
200003ae:	6177      	str	r7, [r6, #20]
200003b0:	4b81      	ldr	r3, [pc, #516]	; (200005b8 <main+0x3ec>)
200003b2:	64e3      	str	r3, [r4, #76]	; 0x4c
200003b4:	4b81      	ldr	r3, [pc, #516]	; (200005bc <main+0x3f0>)
200003b6:	681a      	ldr	r2, [r3, #0]
200003b8:	4b81      	ldr	r3, [pc, #516]	; (200005c0 <main+0x3f4>)
200003ba:	4053      	eors	r3, r2
200003bc:	0c1b      	lsrs	r3, r3, #16
200003be:	041b      	lsls	r3, r3, #16
200003c0:	4a80      	ldr	r2, [pc, #512]	; (200005c4 <main+0x3f8>)
200003c2:	6013      	str	r3, [r2, #0]
200003c4:	2340      	movs	r3, #64	; 0x40
200003c6:	6423      	str	r3, [r4, #64]	; 0x40
200003c8:	4b7f      	ldr	r3, [pc, #508]	; (200005c8 <main+0x3fc>)
200003ca:	4699      	mov	r9, r3
200003cc:	681b      	ldr	r3, [r3, #0]
200003ce:	002a      	movs	r2, r5
200003d0:	439a      	bics	r2, r3
200003d2:	0013      	movs	r3, r2
200003d4:	4a7d      	ldr	r2, [pc, #500]	; (200005cc <main+0x400>)
200003d6:	4690      	mov	r8, r2
200003d8:	6013      	str	r3, [r2, #0]
200003da:	2100      	movs	r1, #0
200003dc:	2007      	movs	r0, #7
200003de:	f000 fa0d 	bl	200007fc <gpio_set_drive_strength>
200003e2:	2104      	movs	r1, #4
200003e4:	2007      	movs	r0, #7
200003e6:	f000 f9d7 	bl	20000798 <gpio_set_function>
200003ea:	2064      	movs	r0, #100	; 0x64
200003ec:	f001 fa14 	bl	20001818 <sleep_ms>
200003f0:	2320      	movs	r3, #32
200003f2:	6423      	str	r3, [r4, #64]	; 0x40
200003f4:	2064      	movs	r0, #100	; 0x64
200003f6:	f001 fa0f 	bl	20001818 <sleep_ms>
200003fa:	4653      	mov	r3, sl
200003fc:	6423      	str	r3, [r4, #64]	; 0x40
200003fe:	20a0      	movs	r0, #160	; 0xa0
20000400:	f001 fa0a 	bl	20001818 <sleep_ms>
20000404:	464b      	mov	r3, r9
20000406:	681b      	ldr	r3, [r3, #0]
20000408:	401d      	ands	r5, r3
2000040a:	4643      	mov	r3, r8
2000040c:	601d      	str	r5, [r3, #0]
2000040e:	2007      	movs	r0, #7
20000410:	f000 fa27 	bl	20000862 <gpio_deinit>
20000414:	61b7      	str	r7, [r6, #24]
20000416:	f001 fab3 	bl	20001980 <time_us_64>
2000041a:	0002      	movs	r2, r0
2000041c:	1e0b      	subs	r3, r1, #0
2000041e:	db0b      	blt.n	20000438 <main+0x26c>
20000420:	21fa      	movs	r1, #250	; 0xfa
20000422:	0089      	lsls	r1, r1, #2
20000424:	9100      	str	r1, [sp, #0]
20000426:	a804      	add	r0, sp, #16
20000428:	f7ff fe98 	bl	2000015c <delayed_by_ms>
2000042c:	9c04      	ldr	r4, [sp, #16]
2000042e:	9d05      	ldr	r5, [sp, #20]
20000430:	2700      	movs	r7, #0
20000432:	2300      	movs	r3, #0
20000434:	9303      	str	r3, [sp, #12]
20000436:	e17a      	b.n	2000072e <main+0x562>
20000438:	4b65      	ldr	r3, [pc, #404]	; (200005d0 <main+0x404>)
2000043a:	4a66      	ldr	r2, [pc, #408]	; (200005d4 <main+0x408>)
2000043c:	213f      	movs	r1, #63	; 0x3f
2000043e:	4866      	ldr	r0, [pc, #408]	; (200005d8 <main+0x40c>)
20000440:	f002 f884 	bl	2000254c <__assert_func>
20000444:	4b62      	ldr	r3, [pc, #392]	; (200005d0 <main+0x404>)
20000446:	4a63      	ldr	r2, [pc, #396]	; (200005d4 <main+0x408>)
20000448:	213f      	movs	r1, #63	; 0x3f
2000044a:	4863      	ldr	r0, [pc, #396]	; (200005d8 <main+0x40c>)
2000044c:	f002 f87e 	bl	2000254c <__assert_func>
20000450:	23d0      	movs	r3, #208	; 0xd0
20000452:	061b      	lsls	r3, r3, #24
20000454:	2210      	movs	r2, #16
20000456:	615a      	str	r2, [r3, #20]
20000458:	4b4b      	ldr	r3, [pc, #300]	; (20000588 <main+0x3bc>)
2000045a:	681a      	ldr	r2, [r3, #0]
2000045c:	2380      	movs	r3, #128	; 0x80
2000045e:	01db      	lsls	r3, r3, #7
20000460:	4053      	eors	r3, r2
20000462:	22e0      	movs	r2, #224	; 0xe0
20000464:	01d2      	lsls	r2, r2, #7
20000466:	4013      	ands	r3, r2
20000468:	4a48      	ldr	r2, [pc, #288]	; (2000058c <main+0x3c0>)
2000046a:	6013      	str	r3, [r2, #0]
2000046c:	4b45      	ldr	r3, [pc, #276]	; (20000584 <main+0x3b8>)
2000046e:	2204      	movs	r2, #4
20000470:	601a      	str	r2, [r3, #0]
20000472:	4b45      	ldr	r3, [pc, #276]	; (20000588 <main+0x3bc>)
20000474:	681b      	ldr	r3, [r3, #0]
20000476:	05db      	lsls	r3, r3, #23
20000478:	d5fb      	bpl.n	20000472 <main+0x2a6>
2000047a:	4b43      	ldr	r3, [pc, #268]	; (20000588 <main+0x3bc>)
2000047c:	6859      	ldr	r1, [r3, #4]
2000047e:	221a      	movs	r2, #26
20000480:	a802      	add	r0, sp, #8
20000482:	4684      	mov	ip, r0
20000484:	4462      	add	r2, ip
20000486:	8011      	strh	r1, [r2, #0]
20000488:	681a      	ldr	r2, [r3, #0]
2000048a:	2380      	movs	r3, #128	; 0x80
2000048c:	019b      	lsls	r3, r3, #6
2000048e:	4053      	eors	r3, r2
20000490:	22e0      	movs	r2, #224	; 0xe0
20000492:	01d2      	lsls	r2, r2, #7
20000494:	4013      	ands	r3, r2
20000496:	4a3d      	ldr	r2, [pc, #244]	; (2000058c <main+0x3c0>)
20000498:	6013      	str	r3, [r2, #0]
2000049a:	4b3a      	ldr	r3, [pc, #232]	; (20000584 <main+0x3b8>)
2000049c:	2204      	movs	r2, #4
2000049e:	601a      	str	r2, [r3, #0]
200004a0:	4b39      	ldr	r3, [pc, #228]	; (20000588 <main+0x3bc>)
200004a2:	681b      	ldr	r3, [r3, #0]
200004a4:	05db      	lsls	r3, r3, #23
200004a6:	d5fb      	bpl.n	200004a0 <main+0x2d4>
200004a8:	4b37      	ldr	r3, [pc, #220]	; (20000588 <main+0x3bc>)
200004aa:	6859      	ldr	r1, [r3, #4]
200004ac:	aa08      	add	r2, sp, #32
200004ae:	8011      	strh	r1, [r2, #0]
200004b0:	681b      	ldr	r3, [r3, #0]
200004b2:	22e0      	movs	r2, #224	; 0xe0
200004b4:	01d2      	lsls	r2, r2, #7
200004b6:	4013      	ands	r3, r2
200004b8:	4a34      	ldr	r2, [pc, #208]	; (2000058c <main+0x3c0>)
200004ba:	6013      	str	r3, [r2, #0]
200004bc:	4b31      	ldr	r3, [pc, #196]	; (20000584 <main+0x3b8>)
200004be:	2204      	movs	r2, #4
200004c0:	601a      	str	r2, [r3, #0]
200004c2:	4b31      	ldr	r3, [pc, #196]	; (20000588 <main+0x3bc>)
200004c4:	681b      	ldr	r3, [r3, #0]
200004c6:	05db      	lsls	r3, r3, #23
200004c8:	d5fb      	bpl.n	200004c2 <main+0x2f6>
200004ca:	4b2f      	ldr	r3, [pc, #188]	; (20000588 <main+0x3bc>)
200004cc:	685b      	ldr	r3, [r3, #4]
200004ce:	4a30      	ldr	r2, [pc, #192]	; (20000590 <main+0x3c4>)
200004d0:	6d91      	ldr	r1, [r2, #88]	; 0x58
200004d2:	2000      	movs	r0, #0
200004d4:	6590      	str	r0, [r2, #88]	; 0x58
200004d6:	041b      	lsls	r3, r3, #16
200004d8:	0c1b      	lsrs	r3, r3, #16
200004da:	aa08      	add	r2, sp, #32
200004dc:	8812      	ldrh	r2, [r2, #0]
200004de:	0409      	lsls	r1, r1, #16
200004e0:	0c09      	lsrs	r1, r1, #16
200004e2:	9101      	str	r1, [sp, #4]
200004e4:	211a      	movs	r1, #26
200004e6:	a802      	add	r0, sp, #8
200004e8:	4684      	mov	ip, r0
200004ea:	4461      	add	r1, ip
200004ec:	8809      	ldrh	r1, [r1, #0]
200004ee:	9100      	str	r1, [sp, #0]
200004f0:	493a      	ldr	r1, [pc, #232]	; (200005dc <main+0x410>)
200004f2:	a80b      	add	r0, sp, #44	; 0x2c
200004f4:	f003 f970 	bl	200037d8 <__wrap_sprintf>
200004f8:	26ff      	movs	r6, #255	; 0xff
200004fa:	4006      	ands	r6, r0
200004fc:	2100      	movs	r1, #0
200004fe:	aa0b      	add	r2, sp, #44	; 0x2c
20000500:	e008      	b.n	20000514 <main+0x348>
20000502:	4b2a      	ldr	r3, [pc, #168]	; (200005ac <main+0x3e0>)
20000504:	699b      	ldr	r3, [r3, #24]
20000506:	069b      	lsls	r3, r3, #26
20000508:	d4fb      	bmi.n	20000502 <main+0x336>
2000050a:	7810      	ldrb	r0, [r2, #0]
2000050c:	4b27      	ldr	r3, [pc, #156]	; (200005ac <main+0x3e0>)
2000050e:	6018      	str	r0, [r3, #0]
20000510:	3101      	adds	r1, #1
20000512:	3201      	adds	r2, #1
20000514:	428e      	cmp	r6, r1
20000516:	d8f4      	bhi.n	20000502 <main+0x336>
20000518:	4a31      	ldr	r2, [pc, #196]	; (200005e0 <main+0x414>)
2000051a:	2300      	movs	r3, #0
2000051c:	18a4      	adds	r4, r4, r2
2000051e:	415d      	adcs	r5, r3
20000520:	2d00      	cmp	r5, #0
20000522:	db06      	blt.n	20000532 <main+0x366>
20000524:	2d00      	cmp	r5, #0
20000526:	db08      	blt.n	2000053a <main+0x36e>
20000528:	23d0      	movs	r3, #208	; 0xd0
2000052a:	061b      	lsls	r3, r3, #24
2000052c:	2210      	movs	r2, #16
2000052e:	619a      	str	r2, [r3, #24]
20000530:	e10a      	b.n	20000748 <main+0x57c>
20000532:	2401      	movs	r4, #1
20000534:	4264      	negs	r4, r4
20000536:	4d2b      	ldr	r5, [pc, #172]	; (200005e4 <main+0x418>)
20000538:	e7f4      	b.n	20000524 <main+0x358>
2000053a:	4b25      	ldr	r3, [pc, #148]	; (200005d0 <main+0x404>)
2000053c:	4a25      	ldr	r2, [pc, #148]	; (200005d4 <main+0x408>)
2000053e:	213f      	movs	r1, #63	; 0x3f
20000540:	4825      	ldr	r0, [pc, #148]	; (200005d8 <main+0x40c>)
20000542:	f002 f803 	bl	2000254c <__assert_func>
20000546:	2117      	movs	r1, #23
20000548:	ab02      	add	r3, sp, #8
2000054a:	469c      	mov	ip, r3
2000054c:	4461      	add	r1, ip
2000054e:	700f      	strb	r7, [r1, #0]
20000550:	2000      	movs	r0, #0
20000552:	2800      	cmp	r0, #0
20000554:	d148      	bne.n	200005e8 <main+0x41c>
20000556:	4b12      	ldr	r3, [pc, #72]	; (200005a0 <main+0x3d4>)
20000558:	699b      	ldr	r3, [r3, #24]
2000055a:	069b      	lsls	r3, r3, #26
2000055c:	d4fb      	bmi.n	20000556 <main+0x38a>
2000055e:	780e      	ldrb	r6, [r1, #0]
20000560:	4b0f      	ldr	r3, [pc, #60]	; (200005a0 <main+0x3d4>)
20000562:	601e      	str	r6, [r3, #0]
20000564:	3001      	adds	r0, #1
20000566:	3101      	adds	r1, #1
20000568:	e7f3      	b.n	20000552 <main+0x386>
2000056a:	46c0      	nop			; (mov r8, r8)
2000056c:	fffff8f9 	.word	0xfffff8f9
20000570:	ffffeced 	.word	0xffffeced
20000574:	00b71b00 	.word	0x00b71b00
20000578:	40028000 	.word	0x40028000
2000057c:	5b8d8000 	.word	0x5b8d8000
20000580:	05b8d800 	.word	0x05b8d800
20000584:	4004e000 	.word	0x4004e000
20000588:	4004c000 	.word	0x4004c000
2000058c:	4004d000 	.word	0x4004d000
20000590:	40050000 	.word	0x40050000
20000594:	00000fff 	.word	0x00000fff
20000598:	40050050 	.word	0x40050050
2000059c:	40051050 	.word	0x40051050
200005a0:	40034000 	.word	0x40034000
200005a4:	005b8d80 	.word	0x005b8d80
200005a8:	40034030 	.word	0x40034030
200005ac:	40038000 	.word	0x40038000
200005b0:	000186a0 	.word	0x000186a0
200005b4:	40038030 	.word	0x40038030
200005b8:	0000efff 	.word	0x0000efff
200005bc:	40050048 	.word	0x40050048
200005c0:	dfff0000 	.word	0xdfff0000
200005c4:	40051048 	.word	0x40051048
200005c8:	4005003c 	.word	0x4005003c
200005cc:	4005103c 	.word	0x4005103c
200005d0:	20004724 	.word	0x20004724
200005d4:	200047a0 	.word	0x200047a0
200005d8:	20004740 	.word	0x20004740
200005dc:	20004784 	.word	0x20004784
200005e0:	000f4240 	.word	0x000f4240
200005e4:	7fffffff 	.word	0x7fffffff
200005e8:	2100      	movs	r1, #0
200005ea:	a809      	add	r0, sp, #36	; 0x24
200005ec:	2907      	cmp	r1, #7
200005ee:	d809      	bhi.n	20000604 <main+0x438>
200005f0:	4b65      	ldr	r3, [pc, #404]	; (20000788 <main+0x5bc>)
200005f2:	699b      	ldr	r3, [r3, #24]
200005f4:	069b      	lsls	r3, r3, #26
200005f6:	d4fb      	bmi.n	200005f0 <main+0x424>
200005f8:	7806      	ldrb	r6, [r0, #0]
200005fa:	4b63      	ldr	r3, [pc, #396]	; (20000788 <main+0x5bc>)
200005fc:	601e      	str	r6, [r3, #0]
200005fe:	3101      	adds	r1, #1
20000600:	3001      	adds	r0, #1
20000602:	e7f3      	b.n	200005ec <main+0x420>
20000604:	2100      	movs	r1, #0
20000606:	a813      	add	r0, sp, #76	; 0x4c
20000608:	2901      	cmp	r1, #1
2000060a:	d809      	bhi.n	20000620 <main+0x454>
2000060c:	4b5e      	ldr	r3, [pc, #376]	; (20000788 <main+0x5bc>)
2000060e:	699b      	ldr	r3, [r3, #24]
20000610:	069b      	lsls	r3, r3, #26
20000612:	d4fb      	bmi.n	2000060c <main+0x440>
20000614:	7806      	ldrb	r6, [r0, #0]
20000616:	4b5c      	ldr	r3, [pc, #368]	; (20000788 <main+0x5bc>)
20000618:	601e      	str	r6, [r3, #0]
2000061a:	3101      	adds	r1, #1
2000061c:	3001      	adds	r0, #1
2000061e:	e7f3      	b.n	20000608 <main+0x43c>
20000620:	2100      	movs	r1, #0
20000622:	201a      	movs	r0, #26
20000624:	ab02      	add	r3, sp, #8
20000626:	469c      	mov	ip, r3
20000628:	4460      	add	r0, ip
2000062a:	2901      	cmp	r1, #1
2000062c:	d809      	bhi.n	20000642 <main+0x476>
2000062e:	4b56      	ldr	r3, [pc, #344]	; (20000788 <main+0x5bc>)
20000630:	699b      	ldr	r3, [r3, #24]
20000632:	069b      	lsls	r3, r3, #26
20000634:	d4fb      	bmi.n	2000062e <main+0x462>
20000636:	7806      	ldrb	r6, [r0, #0]
20000638:	4b53      	ldr	r3, [pc, #332]	; (20000788 <main+0x5bc>)
2000063a:	601e      	str	r6, [r3, #0]
2000063c:	3101      	adds	r1, #1
2000063e:	3001      	adds	r0, #1
20000640:	e7f3      	b.n	2000062a <main+0x45e>
20000642:	2100      	movs	r1, #0
20000644:	a808      	add	r0, sp, #32
20000646:	2901      	cmp	r1, #1
20000648:	d809      	bhi.n	2000065e <main+0x492>
2000064a:	4b4f      	ldr	r3, [pc, #316]	; (20000788 <main+0x5bc>)
2000064c:	699b      	ldr	r3, [r3, #24]
2000064e:	069b      	lsls	r3, r3, #26
20000650:	d4fb      	bmi.n	2000064a <main+0x47e>
20000652:	7806      	ldrb	r6, [r0, #0]
20000654:	4b4c      	ldr	r3, [pc, #304]	; (20000788 <main+0x5bc>)
20000656:	601e      	str	r6, [r3, #0]
20000658:	3101      	adds	r1, #1
2000065a:	3001      	adds	r0, #1
2000065c:	e7f3      	b.n	20000646 <main+0x47a>
2000065e:	2117      	movs	r1, #23
20000660:	ab02      	add	r3, sp, #8
20000662:	469c      	mov	ip, r3
20000664:	4461      	add	r1, ip
20000666:	2300      	movs	r3, #0
20000668:	700b      	strb	r3, [r1, #0]
2000066a:	2000      	movs	r0, #0
2000066c:	2800      	cmp	r0, #0
2000066e:	d109      	bne.n	20000684 <main+0x4b8>
20000670:	4b45      	ldr	r3, [pc, #276]	; (20000788 <main+0x5bc>)
20000672:	699b      	ldr	r3, [r3, #24]
20000674:	069b      	lsls	r3, r3, #26
20000676:	d4fb      	bmi.n	20000670 <main+0x4a4>
20000678:	780e      	ldrb	r6, [r1, #0]
2000067a:	4b43      	ldr	r3, [pc, #268]	; (20000788 <main+0x5bc>)
2000067c:	601e      	str	r6, [r3, #0]
2000067e:	3001      	adds	r0, #1
20000680:	3101      	adds	r1, #1
20000682:	e7f3      	b.n	2000066c <main+0x4a0>
20000684:	2117      	movs	r1, #23
20000686:	ab02      	add	r3, sp, #8
20000688:	469c      	mov	ip, r3
2000068a:	4461      	add	r1, ip
2000068c:	2300      	movs	r3, #0
2000068e:	700b      	strb	r3, [r1, #0]
20000690:	2000      	movs	r0, #0
20000692:	2800      	cmp	r0, #0
20000694:	d109      	bne.n	200006aa <main+0x4de>
20000696:	4b3c      	ldr	r3, [pc, #240]	; (20000788 <main+0x5bc>)
20000698:	699b      	ldr	r3, [r3, #24]
2000069a:	069b      	lsls	r3, r3, #26
2000069c:	d4fb      	bmi.n	20000696 <main+0x4ca>
2000069e:	780e      	ldrb	r6, [r1, #0]
200006a0:	4b39      	ldr	r3, [pc, #228]	; (20000788 <main+0x5bc>)
200006a2:	601e      	str	r6, [r3, #0]
200006a4:	3001      	adds	r0, #1
200006a6:	3101      	adds	r1, #1
200006a8:	e7f3      	b.n	20000692 <main+0x4c6>
200006aa:	2117      	movs	r1, #23
200006ac:	ab02      	add	r3, sp, #8
200006ae:	469c      	mov	ip, r3
200006b0:	4461      	add	r1, ip
200006b2:	2300      	movs	r3, #0
200006b4:	700b      	strb	r3, [r1, #0]
200006b6:	2000      	movs	r0, #0
200006b8:	2800      	cmp	r0, #0
200006ba:	d109      	bne.n	200006d0 <main+0x504>
200006bc:	4b32      	ldr	r3, [pc, #200]	; (20000788 <main+0x5bc>)
200006be:	699b      	ldr	r3, [r3, #24]
200006c0:	069b      	lsls	r3, r3, #26
200006c2:	d4fb      	bmi.n	200006bc <main+0x4f0>
200006c4:	780e      	ldrb	r6, [r1, #0]
200006c6:	4b30      	ldr	r3, [pc, #192]	; (20000788 <main+0x5bc>)
200006c8:	601e      	str	r6, [r3, #0]
200006ca:	3001      	adds	r0, #1
200006cc:	3101      	adds	r1, #1
200006ce:	e7f3      	b.n	200006b8 <main+0x4ec>
200006d0:	4b2e      	ldr	r3, [pc, #184]	; (2000078c <main+0x5c0>)
200006d2:	6819      	ldr	r1, [r3, #0]
200006d4:	2380      	movs	r3, #128	; 0x80
200006d6:	01db      	lsls	r3, r3, #7
200006d8:	404b      	eors	r3, r1
200006da:	21e0      	movs	r1, #224	; 0xe0
200006dc:	01c9      	lsls	r1, r1, #7
200006de:	400b      	ands	r3, r1
200006e0:	492b      	ldr	r1, [pc, #172]	; (20000790 <main+0x5c4>)
200006e2:	600b      	str	r3, [r1, #0]
200006e4:	4b2b      	ldr	r3, [pc, #172]	; (20000794 <main+0x5c8>)
200006e6:	2104      	movs	r1, #4
200006e8:	6019      	str	r1, [r3, #0]
200006ea:	4b28      	ldr	r3, [pc, #160]	; (2000078c <main+0x5c0>)
200006ec:	681b      	ldr	r3, [r3, #0]
200006ee:	05db      	lsls	r3, r3, #23
200006f0:	d5fb      	bpl.n	200006ea <main+0x51e>
200006f2:	4b26      	ldr	r3, [pc, #152]	; (2000078c <main+0x5c0>)
200006f4:	6858      	ldr	r0, [r3, #4]
200006f6:	211a      	movs	r1, #26
200006f8:	ae02      	add	r6, sp, #8
200006fa:	46b4      	mov	ip, r6
200006fc:	4461      	add	r1, ip
200006fe:	8008      	strh	r0, [r1, #0]
20000700:	6819      	ldr	r1, [r3, #0]
20000702:	2380      	movs	r3, #128	; 0x80
20000704:	019b      	lsls	r3, r3, #6
20000706:	404b      	eors	r3, r1
20000708:	21e0      	movs	r1, #224	; 0xe0
2000070a:	01c9      	lsls	r1, r1, #7
2000070c:	400b      	ands	r3, r1
2000070e:	4920      	ldr	r1, [pc, #128]	; (20000790 <main+0x5c4>)
20000710:	600b      	str	r3, [r1, #0]
20000712:	4b20      	ldr	r3, [pc, #128]	; (20000794 <main+0x5c8>)
20000714:	2104      	movs	r1, #4
20000716:	6019      	str	r1, [r3, #0]
20000718:	4b1c      	ldr	r3, [pc, #112]	; (2000078c <main+0x5c0>)
2000071a:	681b      	ldr	r3, [r3, #0]
2000071c:	05db      	lsls	r3, r3, #23
2000071e:	d5fb      	bpl.n	20000718 <main+0x54c>
20000720:	4b1a      	ldr	r3, [pc, #104]	; (2000078c <main+0x5c0>)
20000722:	6859      	ldr	r1, [r3, #4]
20000724:	ab08      	add	r3, sp, #32
20000726:	8019      	strh	r1, [r3, #0]
20000728:	3701      	adds	r7, #1
2000072a:	b2ff      	uxtb	r7, r7
2000072c:	9203      	str	r2, [sp, #12]
2000072e:	f001 f927 	bl	20001980 <time_us_64>
20000732:	0002      	movs	r2, r0
20000734:	1e0b      	subs	r3, r1, #0
20000736:	da00      	bge.n	2000073a <main+0x56e>
20000738:	e684      	b.n	20000444 <main+0x278>
2000073a:	0020      	movs	r0, r4
2000073c:	0029      	movs	r1, r5
2000073e:	1a80      	subs	r0, r0, r2
20000740:	4199      	sbcs	r1, r3
20000742:	2900      	cmp	r1, #0
20000744:	da00      	bge.n	20000748 <main+0x57c>
20000746:	e683      	b.n	20000450 <main+0x284>
20000748:	23d0      	movs	r3, #208	; 0xd0
2000074a:	061b      	lsls	r3, r3, #24
2000074c:	685b      	ldr	r3, [r3, #4]
2000074e:	0bdb      	lsrs	r3, r3, #15
20000750:	2101      	movs	r1, #1
20000752:	000a      	movs	r2, r1
20000754:	401a      	ands	r2, r3
20000756:	4219      	tst	r1, r3
20000758:	d0e8      	beq.n	2000072c <main+0x560>
2000075a:	9b03      	ldr	r3, [sp, #12]
2000075c:	2b00      	cmp	r3, #0
2000075e:	d1e5      	bne.n	2000072c <main+0x560>
20000760:	23d0      	movs	r3, #208	; 0xd0
20000762:	061b      	lsls	r3, r3, #24
20000764:	685b      	ldr	r3, [r3, #4]
20000766:	03db      	lsls	r3, r3, #15
20000768:	d5de      	bpl.n	20000728 <main+0x55c>
2000076a:	2100      	movs	r1, #0
2000076c:	a814      	add	r0, sp, #80	; 0x50
2000076e:	2901      	cmp	r1, #1
20000770:	d900      	bls.n	20000774 <main+0x5a8>
20000772:	e6e8      	b.n	20000546 <main+0x37a>
20000774:	4b04      	ldr	r3, [pc, #16]	; (20000788 <main+0x5bc>)
20000776:	699b      	ldr	r3, [r3, #24]
20000778:	069b      	lsls	r3, r3, #26
2000077a:	d4fb      	bmi.n	20000774 <main+0x5a8>
2000077c:	7806      	ldrb	r6, [r0, #0]
2000077e:	4b02      	ldr	r3, [pc, #8]	; (20000788 <main+0x5bc>)
20000780:	601e      	str	r6, [r3, #0]
20000782:	3101      	adds	r1, #1
20000784:	3001      	adds	r0, #1
20000786:	e7f2      	b.n	2000076e <main+0x5a2>
20000788:	40034000 	.word	0x40034000
2000078c:	4004c000 	.word	0x4004c000
20000790:	4004d000 	.word	0x4004d000
20000794:	4004e000 	.word	0x4004e000

20000798 <gpio_set_function>:
20000798:	b510      	push	{r4, lr}
2000079a:	0083      	lsls	r3, r0, #2
2000079c:	4a08      	ldr	r2, [pc, #32]	; (200007c0 <gpio_set_function+0x28>)
2000079e:	4694      	mov	ip, r2
200007a0:	4463      	add	r3, ip
200007a2:	681c      	ldr	r4, [r3, #0]
200007a4:	2240      	movs	r2, #64	; 0x40
200007a6:	4062      	eors	r2, r4
200007a8:	24c0      	movs	r4, #192	; 0xc0
200007aa:	4014      	ands	r4, r2
200007ac:	2280      	movs	r2, #128	; 0x80
200007ae:	0152      	lsls	r2, r2, #5
200007b0:	4313      	orrs	r3, r2
200007b2:	601c      	str	r4, [r3, #0]
200007b4:	00c0      	lsls	r0, r0, #3
200007b6:	4b03      	ldr	r3, [pc, #12]	; (200007c4 <gpio_set_function+0x2c>)
200007b8:	469c      	mov	ip, r3
200007ba:	4460      	add	r0, ip
200007bc:	6041      	str	r1, [r0, #4]
200007be:	bd10      	pop	{r4, pc}
200007c0:	4001c004 	.word	0x4001c004
200007c4:	40014000 	.word	0x40014000

200007c8 <gpio_set_pulls>:
200007c8:	0080      	lsls	r0, r0, #2
200007ca:	4b0b      	ldr	r3, [pc, #44]	; (200007f8 <gpio_set_pulls+0x30>)
200007cc:	469c      	mov	ip, r3
200007ce:	4460      	add	r0, ip
200007d0:	2900      	cmp	r1, #0
200007d2:	d00d      	beq.n	200007f0 <gpio_set_pulls+0x28>
200007d4:	2308      	movs	r3, #8
200007d6:	2a00      	cmp	r2, #0
200007d8:	d00c      	beq.n	200007f4 <gpio_set_pulls+0x2c>
200007da:	2204      	movs	r2, #4
200007dc:	4313      	orrs	r3, r2
200007de:	6802      	ldr	r2, [r0, #0]
200007e0:	4053      	eors	r3, r2
200007e2:	220c      	movs	r2, #12
200007e4:	4013      	ands	r3, r2
200007e6:	2280      	movs	r2, #128	; 0x80
200007e8:	0152      	lsls	r2, r2, #5
200007ea:	4310      	orrs	r0, r2
200007ec:	6003      	str	r3, [r0, #0]
200007ee:	4770      	bx	lr
200007f0:	2300      	movs	r3, #0
200007f2:	e7f0      	b.n	200007d6 <gpio_set_pulls+0xe>
200007f4:	2200      	movs	r2, #0
200007f6:	e7f1      	b.n	200007dc <gpio_set_pulls+0x14>
200007f8:	4001c004 	.word	0x4001c004

200007fc <gpio_set_drive_strength>:
200007fc:	0080      	lsls	r0, r0, #2
200007fe:	4b06      	ldr	r3, [pc, #24]	; (20000818 <gpio_set_drive_strength+0x1c>)
20000800:	469c      	mov	ip, r3
20000802:	4460      	add	r0, ip
20000804:	0109      	lsls	r1, r1, #4
20000806:	6803      	ldr	r3, [r0, #0]
20000808:	4059      	eors	r1, r3
2000080a:	2330      	movs	r3, #48	; 0x30
2000080c:	4019      	ands	r1, r3
2000080e:	2380      	movs	r3, #128	; 0x80
20000810:	015b      	lsls	r3, r3, #5
20000812:	4318      	orrs	r0, r3
20000814:	6001      	str	r1, [r0, #0]
20000816:	4770      	bx	lr
20000818:	4001c004 	.word	0x4001c004

2000081c <gpio_set_input_enabled>:
2000081c:	2900      	cmp	r1, #0
2000081e:	d009      	beq.n	20000834 <gpio_set_input_enabled+0x18>
20000820:	0080      	lsls	r0, r0, #2
20000822:	4b09      	ldr	r3, [pc, #36]	; (20000848 <gpio_set_input_enabled+0x2c>)
20000824:	469c      	mov	ip, r3
20000826:	4460      	add	r0, ip
20000828:	2380      	movs	r3, #128	; 0x80
2000082a:	019b      	lsls	r3, r3, #6
2000082c:	4318      	orrs	r0, r3
2000082e:	2340      	movs	r3, #64	; 0x40
20000830:	6003      	str	r3, [r0, #0]
20000832:	4770      	bx	lr
20000834:	0080      	lsls	r0, r0, #2
20000836:	4b04      	ldr	r3, [pc, #16]	; (20000848 <gpio_set_input_enabled+0x2c>)
20000838:	469c      	mov	ip, r3
2000083a:	4460      	add	r0, ip
2000083c:	23c0      	movs	r3, #192	; 0xc0
2000083e:	019b      	lsls	r3, r3, #6
20000840:	4318      	orrs	r0, r3
20000842:	2340      	movs	r3, #64	; 0x40
20000844:	6003      	str	r3, [r0, #0]
20000846:	e7f4      	b.n	20000832 <gpio_set_input_enabled+0x16>
20000848:	4001c004 	.word	0x4001c004

2000084c <gpio_init>:
2000084c:	b510      	push	{r4, lr}
2000084e:	2301      	movs	r3, #1
20000850:	4083      	lsls	r3, r0
20000852:	22d0      	movs	r2, #208	; 0xd0
20000854:	0612      	lsls	r2, r2, #24
20000856:	6293      	str	r3, [r2, #40]	; 0x28
20000858:	6193      	str	r3, [r2, #24]
2000085a:	2105      	movs	r1, #5
2000085c:	f7ff ff9c 	bl	20000798 <gpio_set_function>
20000860:	bd10      	pop	{r4, pc}

20000862 <gpio_deinit>:
20000862:	b510      	push	{r4, lr}
20000864:	211f      	movs	r1, #31
20000866:	f7ff ff97 	bl	20000798 <gpio_set_function>
2000086a:	bd10      	pop	{r4, pc}

2000086c <running_on_fpga>:
2000086c:	4b03      	ldr	r3, [pc, #12]	; (2000087c <running_on_fpga+0x10>)
2000086e:	681b      	ldr	r3, [r3, #0]
20000870:	2002      	movs	r0, #2
20000872:	4018      	ands	r0, r3
20000874:	1e43      	subs	r3, r0, #1
20000876:	4198      	sbcs	r0, r3
20000878:	b2c0      	uxtb	r0, r0
2000087a:	4770      	bx	lr
2000087c:	4006c000 	.word	0x4006c000

20000880 <hw_claim_lock>:
20000880:	f3ef 8010 	mrs	r0, PRIMASK
20000884:	b672      	cpsid	i
20000886:	4b03      	ldr	r3, [pc, #12]	; (20000894 <hw_claim_lock+0x14>)
20000888:	681b      	ldr	r3, [r3, #0]
2000088a:	2b00      	cmp	r3, #0
2000088c:	d0fb      	beq.n	20000886 <hw_claim_lock+0x6>
2000088e:	f3bf 8f5f 	dmb	sy
20000892:	4770      	bx	lr
20000894:	d000012c 	.word	0xd000012c

20000898 <hw_claim_unlock>:
20000898:	f3bf 8f5f 	dmb	sy
2000089c:	4b02      	ldr	r3, [pc, #8]	; (200008a8 <hw_claim_unlock+0x10>)
2000089e:	2200      	movs	r2, #0
200008a0:	601a      	str	r2, [r3, #0]
200008a2:	f380 8810 	msr	PRIMASK, r0
200008a6:	4770      	bx	lr
200008a8:	d000012c 	.word	0xd000012c

200008ac <hw_claim_or_assert>:
200008ac:	b5f8      	push	{r3, r4, r5, r6, r7, lr}
200008ae:	0006      	movs	r6, r0
200008b0:	000c      	movs	r4, r1
200008b2:	0015      	movs	r5, r2
200008b4:	f7ff ffe4 	bl	20000880 <hw_claim_lock>
200008b8:	08e3      	lsrs	r3, r4, #3
200008ba:	18f7      	adds	r7, r6, r3
200008bc:	5cf1      	ldrb	r1, [r6, r3]
200008be:	2207      	movs	r2, #7
200008c0:	4022      	ands	r2, r4
200008c2:	2301      	movs	r3, #1
200008c4:	4093      	lsls	r3, r2
200008c6:	420b      	tst	r3, r1
200008c8:	d105      	bne.n	200008d6 <hw_claim_or_assert+0x2a>
200008ca:	b2db      	uxtb	r3, r3
200008cc:	430b      	orrs	r3, r1
200008ce:	703b      	strb	r3, [r7, #0]
200008d0:	f7ff ffe2 	bl	20000898 <hw_claim_unlock>
200008d4:	bdf8      	pop	{r3, r4, r5, r6, r7, pc}
200008d6:	0021      	movs	r1, r4
200008d8:	0028      	movs	r0, r5
200008da:	f001 fed1 	bl	20002680 <panic>
	...

200008e0 <spin_locks_reset>:
200008e0:	2300      	movs	r3, #0
200008e2:	e007      	b.n	200008f4 <spin_locks_reset+0x14>
200008e4:	4a05      	ldr	r2, [pc, #20]	; (200008fc <spin_locks_reset+0x1c>)
200008e6:	189a      	adds	r2, r3, r2
200008e8:	0092      	lsls	r2, r2, #2
200008ea:	f3bf 8f5f 	dmb	sy
200008ee:	2100      	movs	r1, #0
200008f0:	6011      	str	r1, [r2, #0]
200008f2:	3301      	adds	r3, #1
200008f4:	2b1f      	cmp	r3, #31
200008f6:	d9f5      	bls.n	200008e4 <spin_locks_reset+0x4>
200008f8:	4770      	bx	lr
200008fa:	46c0      	nop			; (mov r8, r8)
200008fc:	34000040 	.word	0x34000040

20000900 <next_striped_spin_lock_num>:
20000900:	4a05      	ldr	r2, [pc, #20]	; (20000918 <next_striped_spin_lock_num+0x18>)
20000902:	7810      	ldrb	r0, [r2, #0]
20000904:	1c43      	adds	r3, r0, #1
20000906:	b2db      	uxtb	r3, r3
20000908:	7013      	strb	r3, [r2, #0]
2000090a:	2b17      	cmp	r3, #23
2000090c:	d902      	bls.n	20000914 <next_striped_spin_lock_num+0x14>
2000090e:	0013      	movs	r3, r2
20000910:	2210      	movs	r2, #16
20000912:	701a      	strb	r2, [r3, #0]
20000914:	4770      	bx	lr
20000916:	46c0      	nop			; (mov r8, r8)
20000918:	200057c4 	.word	0x200057c4

2000091c <set_raw_irq_handler_and_unlock>:
2000091c:	4b07      	ldr	r3, [pc, #28]	; (2000093c <set_raw_irq_handler_and_unlock+0x20>)
2000091e:	689b      	ldr	r3, [r3, #8]
20000920:	3010      	adds	r0, #16
20000922:	0080      	lsls	r0, r0, #2
20000924:	5019      	str	r1, [r3, r0]
20000926:	f3bf 8f5f 	dmb	sy
2000092a:	f3bf 8f5f 	dmb	sy
2000092e:	4b04      	ldr	r3, [pc, #16]	; (20000940 <set_raw_irq_handler_and_unlock+0x24>)
20000930:	2100      	movs	r1, #0
20000932:	6019      	str	r1, [r3, #0]
20000934:	f382 8810 	msr	PRIMASK, r2
20000938:	4770      	bx	lr
2000093a:	46c0      	nop			; (mov r8, r8)
2000093c:	e000ed00 	.word	0xe000ed00
20000940:	d0000124 	.word	0xd0000124

20000944 <make_branch>:
20000944:	b510      	push	{r4, lr}
20000946:	1a09      	subs	r1, r1, r0
20000948:	1f08      	subs	r0, r1, #4
2000094a:	4b0a      	ldr	r3, [pc, #40]	; (20000974 <make_branch+0x30>)
2000094c:	469c      	mov	ip, r3
2000094e:	4461      	add	r1, ip
20000950:	4a09      	ldr	r2, [pc, #36]	; (20000978 <make_branch+0x34>)
20000952:	4291      	cmp	r1, r2
20000954:	d808      	bhi.n	20000968 <make_branch+0x24>
20000956:	07c3      	lsls	r3, r0, #31
20000958:	d406      	bmi.n	20000968 <make_branch+0x24>
2000095a:	1040      	asrs	r0, r0, #1
2000095c:	0540      	lsls	r0, r0, #21
2000095e:	0d40      	lsrs	r0, r0, #21
20000960:	4b06      	ldr	r3, [pc, #24]	; (2000097c <make_branch+0x38>)
20000962:	4318      	orrs	r0, r3
20000964:	b280      	uxth	r0, r0
20000966:	bd10      	pop	{r4, pc}
20000968:	4b05      	ldr	r3, [pc, #20]	; (20000980 <make_branch+0x3c>)
2000096a:	4a06      	ldr	r2, [pc, #24]	; (20000984 <make_branch+0x40>)
2000096c:	21a3      	movs	r1, #163	; 0xa3
2000096e:	4806      	ldr	r0, [pc, #24]	; (20000988 <make_branch+0x44>)
20000970:	f001 fdec 	bl	2000254c <__assert_func>
20000974:	000007fc 	.word	0x000007fc
20000978:	00000ffe 	.word	0x00000ffe
2000097c:	ffffe000 	.word	0xffffe000
20000980:	200047b8 	.word	0x200047b8
20000984:	20004a08 	.word	0x20004a08
20000988:	200047e8 	.word	0x200047e8

2000098c <insert_branch_and_link>:
2000098c:	b510      	push	{r4, lr}
2000098e:	1a09      	subs	r1, r1, r0
20000990:	3904      	subs	r1, #4
20000992:	084c      	lsrs	r4, r1, #1
20000994:	0b09      	lsrs	r1, r1, #12
20000996:	d108      	bne.n	200009aa <insert_branch_and_link+0x1e>
20000998:	0549      	lsls	r1, r1, #21
2000099a:	0d49      	lsrs	r1, r1, #21
2000099c:	4a06      	ldr	r2, [pc, #24]	; (200009b8 <insert_branch_and_link+0x2c>)
2000099e:	4311      	orrs	r1, r2
200009a0:	8001      	strh	r1, [r0, #0]
200009a2:	4b06      	ldr	r3, [pc, #24]	; (200009bc <insert_branch_and_link+0x30>)
200009a4:	4323      	orrs	r3, r4
200009a6:	8043      	strh	r3, [r0, #2]
200009a8:	bd10      	pop	{r4, pc}
200009aa:	4b05      	ldr	r3, [pc, #20]	; (200009c0 <insert_branch_and_link+0x34>)
200009ac:	4a05      	ldr	r2, [pc, #20]	; (200009c4 <insert_branch_and_link+0x38>)
200009ae:	21ab      	movs	r1, #171	; 0xab
200009b0:	4805      	ldr	r0, [pc, #20]	; (200009c8 <insert_branch_and_link+0x3c>)
200009b2:	f001 fdcb 	bl	2000254c <__assert_func>
200009b6:	46c0      	nop			; (mov r8, r8)
200009b8:	fffff000 	.word	0xfffff000
200009bc:	fffff800 	.word	0xfffff800
200009c0:	20004824 	.word	0x20004824
200009c4:	200049dc 	.word	0x200049dc
200009c8:	200047e8 	.word	0x200047e8

200009cc <irq_is_enabled>:
200009cc:	2301      	movs	r3, #1
200009ce:	4083      	lsls	r3, r0
200009d0:	4a03      	ldr	r2, [pc, #12]	; (200009e0 <irq_is_enabled+0x14>)
200009d2:	6810      	ldr	r0, [r2, #0]
200009d4:	4018      	ands	r0, r3
200009d6:	1e43      	subs	r3, r0, #1
200009d8:	4198      	sbcs	r0, r3
200009da:	b2c0      	uxtb	r0, r0
200009dc:	4770      	bx	lr
200009de:	46c0      	nop			; (mov r8, r8)
200009e0:	e000e100 	.word	0xe000e100

200009e4 <irq_set_mask_enabled>:
200009e4:	2900      	cmp	r1, #0
200009e6:	d004      	beq.n	200009f2 <irq_set_mask_enabled+0xe>
200009e8:	4b03      	ldr	r3, [pc, #12]	; (200009f8 <irq_set_mask_enabled+0x14>)
200009ea:	6018      	str	r0, [r3, #0]
200009ec:	4b03      	ldr	r3, [pc, #12]	; (200009fc <irq_set_mask_enabled+0x18>)
200009ee:	6018      	str	r0, [r3, #0]
200009f0:	4770      	bx	lr
200009f2:	4b03      	ldr	r3, [pc, #12]	; (20000a00 <irq_set_mask_enabled+0x1c>)
200009f4:	6018      	str	r0, [r3, #0]
200009f6:	e7fb      	b.n	200009f0 <irq_set_mask_enabled+0xc>
200009f8:	e000e280 	.word	0xe000e280
200009fc:	e000e100 	.word	0xe000e100
20000a00:	e000e180 	.word	0xe000e180

20000a04 <irq_set_enabled>:
20000a04:	b510      	push	{r4, lr}
20000a06:	2301      	movs	r3, #1
20000a08:	4083      	lsls	r3, r0
20000a0a:	0018      	movs	r0, r3
20000a0c:	f7ff ffea 	bl	200009e4 <irq_set_mask_enabled>
20000a10:	bd10      	pop	{r4, pc}
	...

20000a14 <irq_get_vtable_handler>:
20000a14:	4b02      	ldr	r3, [pc, #8]	; (20000a20 <irq_get_vtable_handler+0xc>)
20000a16:	689b      	ldr	r3, [r3, #8]
20000a18:	3010      	adds	r0, #16
20000a1a:	0080      	lsls	r0, r0, #2
20000a1c:	58c0      	ldr	r0, [r0, r3]
20000a1e:	4770      	bx	lr
20000a20:	e000ed00 	.word	0xe000ed00

20000a24 <irq_set_exclusive_handler>:
20000a24:	b570      	push	{r4, r5, r6, lr}
20000a26:	0004      	movs	r4, r0
20000a28:	000d      	movs	r5, r1
20000a2a:	f3ef 8610 	mrs	r6, PRIMASK
20000a2e:	b672      	cpsid	i
20000a30:	4b0c      	ldr	r3, [pc, #48]	; (20000a64 <irq_set_exclusive_handler+0x40>)
20000a32:	681b      	ldr	r3, [r3, #0]
20000a34:	2b00      	cmp	r3, #0
20000a36:	d0fb      	beq.n	20000a30 <irq_set_exclusive_handler+0xc>
20000a38:	f3bf 8f5f 	dmb	sy
20000a3c:	0020      	movs	r0, r4
20000a3e:	f7ff ffe9 	bl	20000a14 <irq_get_vtable_handler>
20000a42:	4b09      	ldr	r3, [pc, #36]	; (20000a68 <irq_set_exclusive_handler+0x44>)
20000a44:	4298      	cmp	r0, r3
20000a46:	d001      	beq.n	20000a4c <irq_set_exclusive_handler+0x28>
20000a48:	42a8      	cmp	r0, r5
20000a4a:	d105      	bne.n	20000a58 <irq_set_exclusive_handler+0x34>
20000a4c:	0032      	movs	r2, r6
20000a4e:	0029      	movs	r1, r5
20000a50:	0020      	movs	r0, r4
20000a52:	f7ff ff63 	bl	2000091c <set_raw_irq_handler_and_unlock>
20000a56:	bd70      	pop	{r4, r5, r6, pc}
20000a58:	4b04      	ldr	r3, [pc, #16]	; (20000a6c <irq_set_exclusive_handler+0x48>)
20000a5a:	4a05      	ldr	r2, [pc, #20]	; (20000a70 <irq_set_exclusive_handler+0x4c>)
20000a5c:	2186      	movs	r1, #134	; 0x86
20000a5e:	4805      	ldr	r0, [pc, #20]	; (20000a74 <irq_set_exclusive_handler+0x50>)
20000a60:	f001 fd74 	bl	2000254c <__assert_func>
20000a64:	d0000124 	.word	0xd0000124
20000a68:	100001cd 	.word	0x100001cd
20000a6c:	20004834 	.word	0x20004834
20000a70:	20004a24 	.word	0x20004a24
20000a74:	200047e8 	.word	0x200047e8

20000a78 <irq_remove_handler>:
20000a78:	b5f0      	push	{r4, r5, r6, r7, lr}
20000a7a:	46ce      	mov	lr, r9
20000a7c:	4647      	mov	r7, r8
20000a7e:	b580      	push	{r7, lr}
20000a80:	b083      	sub	sp, #12
20000a82:	0006      	movs	r6, r0
20000a84:	000d      	movs	r5, r1
20000a86:	f3ef 8810 	mrs	r8, PRIMASK
20000a8a:	b672      	cpsid	i
20000a8c:	4b56      	ldr	r3, [pc, #344]	; (20000be8 <irq_remove_handler+0x170>)
20000a8e:	681b      	ldr	r3, [r3, #0]
20000a90:	2b00      	cmp	r3, #0
20000a92:	d0fb      	beq.n	20000a8c <irq_remove_handler+0x14>
20000a94:	f3bf 8f5f 	dmb	sy
20000a98:	4b54      	ldr	r3, [pc, #336]	; (20000bec <irq_remove_handler+0x174>)
20000a9a:	689a      	ldr	r2, [r3, #8]
20000a9c:	0034      	movs	r4, r6
20000a9e:	3410      	adds	r4, #16
20000aa0:	00a3      	lsls	r3, r4, #2
20000aa2:	58d7      	ldr	r7, [r2, r3]
20000aa4:	4b52      	ldr	r3, [pc, #328]	; (20000bf0 <irq_remove_handler+0x178>)
20000aa6:	429f      	cmp	r7, r3
20000aa8:	d007      	beq.n	20000aba <irq_remove_handler+0x42>
20000aaa:	42af      	cmp	r7, r5
20000aac:	d100      	bne.n	20000ab0 <irq_remove_handler+0x38>
20000aae:	e098      	b.n	20000be2 <irq_remove_handler+0x16a>
20000ab0:	9701      	str	r7, [sp, #4]
20000ab2:	4b50      	ldr	r3, [pc, #320]	; (20000bf4 <irq_remove_handler+0x17c>)
20000ab4:	1afb      	subs	r3, r7, r3
20000ab6:	2b2f      	cmp	r3, #47	; 0x2f
20000ab8:	d909      	bls.n	20000ace <irq_remove_handler+0x56>
20000aba:	4642      	mov	r2, r8
20000abc:	0039      	movs	r1, r7
20000abe:	0030      	movs	r0, r6
20000ac0:	f7ff ff2c 	bl	2000091c <set_raw_irq_handler_and_unlock>
20000ac4:	b003      	add	sp, #12
20000ac6:	bcc0      	pop	{r6, r7}
20000ac8:	46b9      	mov	r9, r7
20000aca:	46b0      	mov	r8, r6
20000acc:	bdf0      	pop	{r4, r5, r6, r7, pc}
20000ace:	0030      	movs	r0, r6
20000ad0:	f7ff ff7c 	bl	200009cc <irq_is_enabled>
20000ad4:	4681      	mov	r9, r0
20000ad6:	2100      	movs	r1, #0
20000ad8:	0030      	movs	r0, r6
20000ada:	f7ff ff93 	bl	20000a04 <irq_set_enabled>
20000ade:	f3bf 8f5f 	dmb	sy
20000ae2:	f3ef 8105 	mrs	r1, IPSR
20000ae6:	2900      	cmp	r1, #0
20000ae8:	d001      	beq.n	20000aee <irq_remove_handler+0x76>
20000aea:	428c      	cmp	r4, r1
20000aec:	d111      	bne.n	20000b12 <irq_remove_handler+0x9a>
20000aee:	2301      	movs	r3, #1
20000af0:	9c01      	ldr	r4, [sp, #4]
20000af2:	439c      	bics	r4, r3
20000af4:	2200      	movs	r2, #0
20000af6:	68a3      	ldr	r3, [r4, #8]
20000af8:	42ab      	cmp	r3, r5
20000afa:	d012      	beq.n	20000b22 <irq_remove_handler+0xaa>
20000afc:	2206      	movs	r2, #6
20000afe:	56a2      	ldrsb	r2, [r4, r2]
20000b00:	2a00      	cmp	r2, #0
20000b02:	db0d      	blt.n	20000b20 <irq_remove_handler+0xa8>
20000b04:	0053      	lsls	r3, r2, #1
20000b06:	189b      	adds	r3, r3, r2
20000b08:	009b      	lsls	r3, r3, #2
20000b0a:	0022      	movs	r2, r4
20000b0c:	4c39      	ldr	r4, [pc, #228]	; (20000bf4 <irq_remove_handler+0x17c>)
20000b0e:	18e4      	adds	r4, r4, r3
20000b10:	e7f1      	b.n	20000af6 <irq_remove_handler+0x7e>
20000b12:	2136      	movs	r1, #54	; 0x36
20000b14:	4b38      	ldr	r3, [pc, #224]	; (20000bf8 <irq_remove_handler+0x180>)
20000b16:	4a39      	ldr	r2, [pc, #228]	; (20000bfc <irq_remove_handler+0x184>)
20000b18:	31ff      	adds	r1, #255	; 0xff
20000b1a:	4839      	ldr	r0, [pc, #228]	; (20000c00 <irq_remove_handler+0x188>)
20000b1c:	f001 fd16 	bl	2000254c <__assert_func>
20000b20:	0022      	movs	r2, r4
20000b22:	42ab      	cmp	r3, r5
20000b24:	d156      	bne.n	20000bd4 <irq_remove_handler+0x15c>
20000b26:	2506      	movs	r5, #6
20000b28:	5765      	ldrsb	r5, [r4, r5]
20000b2a:	2d00      	cmp	r5, #0
20000b2c:	db38      	blt.n	20000ba0 <irq_remove_handler+0x128>
20000b2e:	006b      	lsls	r3, r5, #1
20000b30:	195b      	adds	r3, r3, r5
20000b32:	009a      	lsls	r2, r3, #2
20000b34:	4b2f      	ldr	r3, [pc, #188]	; (20000bf4 <irq_remove_handler+0x17c>)
20000b36:	189b      	adds	r3, r3, r2
20000b38:	689a      	ldr	r2, [r3, #8]
20000b3a:	60a2      	str	r2, [r4, #8]
20000b3c:	79da      	ldrb	r2, [r3, #7]
20000b3e:	71e2      	strb	r2, [r4, #7]
20000b40:	2206      	movs	r2, #6
20000b42:	569a      	ldrsb	r2, [r3, r2]
20000b44:	71a2      	strb	r2, [r4, #6]
20000b46:	799b      	ldrb	r3, [r3, #6]
20000b48:	b25b      	sxtb	r3, r3
20000b4a:	2b00      	cmp	r3, #0
20000b4c:	da0f      	bge.n	20000b6e <irq_remove_handler+0xf6>
20000b4e:	482d      	ldr	r0, [pc, #180]	; (20000c04 <irq_remove_handler+0x18c>)
20000b50:	80a0      	strh	r0, [r4, #4]
20000b52:	006b      	lsls	r3, r5, #1
20000b54:	195b      	adds	r3, r3, r5
20000b56:	009b      	lsls	r3, r3, #2
20000b58:	4a26      	ldr	r2, [pc, #152]	; (20000bf4 <irq_remove_handler+0x17c>)
20000b5a:	18d3      	adds	r3, r2, r3
20000b5c:	4a2a      	ldr	r2, [pc, #168]	; (20000c08 <irq_remove_handler+0x190>)
20000b5e:	7811      	ldrb	r1, [r2, #0]
20000b60:	7199      	strb	r1, [r3, #6]
20000b62:	7015      	strb	r5, [r2, #0]
20000b64:	4649      	mov	r1, r9
20000b66:	0030      	movs	r0, r6
20000b68:	f7ff ff4c 	bl	20000a04 <irq_set_enabled>
20000b6c:	e7a5      	b.n	20000aba <irq_remove_handler+0x42>
20000b6e:	1d20      	adds	r0, r4, #4
20000b70:	006b      	lsls	r3, r5, #1
20000b72:	195b      	adds	r3, r3, r5
20000b74:	009b      	lsls	r3, r3, #2
20000b76:	4a1f      	ldr	r2, [pc, #124]	; (20000bf4 <irq_remove_handler+0x17c>)
20000b78:	189b      	adds	r3, r3, r2
20000b7a:	1d1a      	adds	r2, r3, #4
20000b7c:	889b      	ldrh	r3, [r3, #4]
20000b7e:	0ad9      	lsrs	r1, r3, #11
20000b80:	291c      	cmp	r1, #28
20000b82:	d107      	bne.n	20000b94 <irq_remove_handler+0x11c>
20000b84:	055b      	lsls	r3, r3, #21
20000b86:	155b      	asrs	r3, r3, #21
20000b88:	3302      	adds	r3, #2
20000b8a:	0059      	lsls	r1, r3, #1
20000b8c:	1851      	adds	r1, r2, r1
20000b8e:	f7ff fed9 	bl	20000944 <make_branch>
20000b92:	e7dd      	b.n	20000b50 <irq_remove_handler+0xd8>
20000b94:	4b1d      	ldr	r3, [pc, #116]	; (20000c0c <irq_remove_handler+0x194>)
20000b96:	4a1e      	ldr	r2, [pc, #120]	; (20000c10 <irq_remove_handler+0x198>)
20000b98:	21b1      	movs	r1, #177	; 0xb1
20000b9a:	4819      	ldr	r0, [pc, #100]	; (20000c00 <irq_remove_handler+0x188>)
20000b9c:	f001 fcd6 	bl	2000254c <__assert_func>
20000ba0:	2900      	cmp	r1, #0
20000ba2:	d112      	bne.n	20000bca <irq_remove_handler+0x152>
20000ba4:	2a00      	cmp	r2, #0
20000ba6:	d00e      	beq.n	20000bc6 <irq_remove_handler+0x14e>
20000ba8:	23ff      	movs	r3, #255	; 0xff
20000baa:	7193      	strb	r3, [r2, #6]
20000bac:	4b19      	ldr	r3, [pc, #100]	; (20000c14 <irq_remove_handler+0x19c>)
20000bae:	8093      	strh	r3, [r2, #4]
20000bb0:	4a15      	ldr	r2, [pc, #84]	; (20000c08 <irq_remove_handler+0x190>)
20000bb2:	7813      	ldrb	r3, [r2, #0]
20000bb4:	71a3      	strb	r3, [r4, #6]
20000bb6:	4b18      	ldr	r3, [pc, #96]	; (20000c18 <irq_remove_handler+0x1a0>)
20000bb8:	490e      	ldr	r1, [pc, #56]	; (20000bf4 <irq_remove_handler+0x17c>)
20000bba:	1a64      	subs	r4, r4, r1
20000bbc:	4164      	adcs	r4, r4
20000bbe:	4363      	muls	r3, r4
20000bc0:	0d1b      	lsrs	r3, r3, #20
20000bc2:	7013      	strb	r3, [r2, #0]
20000bc4:	e7ce      	b.n	20000b64 <irq_remove_handler+0xec>
20000bc6:	4f0a      	ldr	r7, [pc, #40]	; (20000bf0 <irq_remove_handler+0x178>)
20000bc8:	e7f2      	b.n	20000bb0 <irq_remove_handler+0x138>
20000bca:	1d20      	adds	r0, r4, #4
20000bcc:	4913      	ldr	r1, [pc, #76]	; (20000c1c <irq_remove_handler+0x1a4>)
20000bce:	f7ff fedd 	bl	2000098c <insert_branch_and_link>
20000bd2:	e7c7      	b.n	20000b64 <irq_remove_handler+0xec>
20000bd4:	216a      	movs	r1, #106	; 0x6a
20000bd6:	4b12      	ldr	r3, [pc, #72]	; (20000c20 <irq_remove_handler+0x1a8>)
20000bd8:	4a08      	ldr	r2, [pc, #32]	; (20000bfc <irq_remove_handler+0x184>)
20000bda:	31ff      	adds	r1, #255	; 0xff
20000bdc:	4808      	ldr	r0, [pc, #32]	; (20000c00 <irq_remove_handler+0x188>)
20000bde:	f001 fcb5 	bl	2000254c <__assert_func>
20000be2:	4f03      	ldr	r7, [pc, #12]	; (20000bf0 <irq_remove_handler+0x178>)
20000be4:	e769      	b.n	20000aba <irq_remove_handler+0x42>
20000be6:	46c0      	nop			; (mov r8, r8)
20000be8:	d0000124 	.word	0xd0000124
20000bec:	e000ed00 	.word	0xe000ed00
20000bf0:	100001cd 	.word	0x100001cd
20000bf4:	200057c8 	.word	0x200057c8
20000bf8:	20004948 	.word	0x20004948
20000bfc:	200049f4 	.word	0x200049f4
20000c00:	200047e8 	.word	0x200047e8
20000c04:	0000bd01 	.word	0x0000bd01
20000c08:	20005d52 	.word	0x20005d52
20000c0c:	20004930 	.word	0x20004930
20000c10:	20004a14 	.word	0x20004a14
20000c14:	ffffbd01 	.word	0xffffbd01
20000c18:	0000aaaa 	.word	0x0000aaaa
20000c1c:	20005802 	.word	0x20005802
20000c20:	2000497c 	.word	0x2000497c

20000c24 <irq_add_tail_to_free_list>:
20000c24:	b570      	push	{r4, r5, r6, lr}
20000c26:	2101      	movs	r1, #1
20000c28:	4301      	orrs	r1, r0
20000c2a:	4b2e      	ldr	r3, [pc, #184]	; (20000ce4 <irq_add_tail_to_free_list+0xc0>)
20000c2c:	1acb      	subs	r3, r1, r3
20000c2e:	2b2f      	cmp	r3, #47	; 0x2f
20000c30:	d828      	bhi.n	20000c84 <irq_add_tail_to_free_list+0x60>
20000c32:	f3ef 8305 	mrs	r3, IPSR
20000c36:	2b00      	cmp	r3, #0
20000c38:	d02b      	beq.n	20000c92 <irq_add_tail_to_free_list+0x6e>
20000c3a:	f3ef 8c10 	mrs	ip, PRIMASK
20000c3e:	b672      	cpsid	i
20000c40:	4a29      	ldr	r2, [pc, #164]	; (20000ce8 <irq_add_tail_to_free_list+0xc4>)
20000c42:	6812      	ldr	r2, [r2, #0]
20000c44:	2a00      	cmp	r2, #0
20000c46:	d0fb      	beq.n	20000c40 <irq_add_tail_to_free_list+0x1c>
20000c48:	f3bf 8f5f 	dmb	sy
20000c4c:	4a27      	ldr	r2, [pc, #156]	; (20000cec <irq_add_tail_to_free_list+0xc8>)
20000c4e:	0004      	movs	r4, r0
20000c50:	4d24      	ldr	r5, [pc, #144]	; (20000ce4 <irq_add_tail_to_free_list+0xc0>)
20000c52:	1b64      	subs	r4, r4, r5
20000c54:	4164      	adcs	r4, r4
20000c56:	4362      	muls	r2, r4
20000c58:	0d12      	lsrs	r2, r2, #20
20000c5a:	b254      	sxtb	r4, r2
20000c5c:	4a24      	ldr	r2, [pc, #144]	; (20000cf0 <irq_add_tail_to_free_list+0xcc>)
20000c5e:	6892      	ldr	r2, [r2, #8]
20000c60:	009b      	lsls	r3, r3, #2
20000c62:	58d2      	ldr	r2, [r2, r3]
20000c64:	428a      	cmp	r2, r1
20000c66:	d01b      	beq.n	20000ca0 <irq_add_tail_to_free_list+0x7c>
20000c68:	2200      	movs	r2, #0
20000c6a:	2a03      	cmp	r2, #3
20000c6c:	d832      	bhi.n	20000cd4 <irq_add_tail_to_free_list+0xb0>
20000c6e:	0053      	lsls	r3, r2, #1
20000c70:	189b      	adds	r3, r3, r2
20000c72:	009b      	lsls	r3, r3, #2
20000c74:	491b      	ldr	r1, [pc, #108]	; (20000ce4 <irq_add_tail_to_free_list+0xc0>)
20000c76:	18cb      	adds	r3, r1, r3
20000c78:	799b      	ldrb	r3, [r3, #6]
20000c7a:	b25b      	sxtb	r3, r3
20000c7c:	42a3      	cmp	r3, r4
20000c7e:	d01f      	beq.n	20000cc0 <irq_add_tail_to_free_list+0x9c>
20000c80:	3201      	adds	r2, #1
20000c82:	e7f2      	b.n	20000c6a <irq_add_tail_to_free_list+0x46>
20000c84:	21c7      	movs	r1, #199	; 0xc7
20000c86:	4b1b      	ldr	r3, [pc, #108]	; (20000cf4 <irq_add_tail_to_free_list+0xd0>)
20000c88:	4a1b      	ldr	r2, [pc, #108]	; (20000cf8 <irq_add_tail_to_free_list+0xd4>)
20000c8a:	0049      	lsls	r1, r1, #1
20000c8c:	481b      	ldr	r0, [pc, #108]	; (20000cfc <irq_add_tail_to_free_list+0xd8>)
20000c8e:	f001 fc5d 	bl	2000254c <__assert_func>
20000c92:	2192      	movs	r1, #146	; 0x92
20000c94:	4b1a      	ldr	r3, [pc, #104]	; (20000d00 <irq_add_tail_to_free_list+0xdc>)
20000c96:	4a18      	ldr	r2, [pc, #96]	; (20000cf8 <irq_add_tail_to_free_list+0xd4>)
20000c98:	31ff      	adds	r1, #255	; 0xff
20000c9a:	4818      	ldr	r0, [pc, #96]	; (20000cfc <irq_add_tail_to_free_list+0xd8>)
20000c9c:	f001 fc56 	bl	2000254c <__assert_func>
20000ca0:	4a13      	ldr	r2, [pc, #76]	; (20000cf0 <irq_add_tail_to_free_list+0xcc>)
20000ca2:	6892      	ldr	r2, [r2, #8]
20000ca4:	4917      	ldr	r1, [pc, #92]	; (20000d04 <irq_add_tail_to_free_list+0xe0>)
20000ca6:	50d1      	str	r1, [r2, r3]
20000ca8:	4b17      	ldr	r3, [pc, #92]	; (20000d08 <irq_add_tail_to_free_list+0xe4>)
20000caa:	781a      	ldrb	r2, [r3, #0]
20000cac:	7182      	strb	r2, [r0, #6]
20000cae:	701c      	strb	r4, [r3, #0]
20000cb0:	f3bf 8f5f 	dmb	sy
20000cb4:	4b0c      	ldr	r3, [pc, #48]	; (20000ce8 <irq_add_tail_to_free_list+0xc4>)
20000cb6:	2200      	movs	r2, #0
20000cb8:	601a      	str	r2, [r3, #0]
20000cba:	f38c 8810 	msr	PRIMASK, ip
20000cbe:	bd70      	pop	{r4, r5, r6, pc}
20000cc0:	000d      	movs	r5, r1
20000cc2:	0053      	lsls	r3, r2, #1
20000cc4:	1899      	adds	r1, r3, r2
20000cc6:	0089      	lsls	r1, r1, #2
20000cc8:	1869      	adds	r1, r5, r1
20000cca:	26ff      	movs	r6, #255	; 0xff
20000ccc:	718e      	strb	r6, [r1, #6]
20000cce:	4a0f      	ldr	r2, [pc, #60]	; (20000d0c <irq_add_tail_to_free_list+0xe8>)
20000cd0:	808a      	strh	r2, [r1, #4]
20000cd2:	e7e9      	b.n	20000ca8 <irq_add_tail_to_free_list+0x84>
20000cd4:	21d1      	movs	r1, #209	; 0xd1
20000cd6:	4b0e      	ldr	r3, [pc, #56]	; (20000d10 <irq_add_tail_to_free_list+0xec>)
20000cd8:	4a07      	ldr	r2, [pc, #28]	; (20000cf8 <irq_add_tail_to_free_list+0xd4>)
20000cda:	0049      	lsls	r1, r1, #1
20000cdc:	4807      	ldr	r0, [pc, #28]	; (20000cfc <irq_add_tail_to_free_list+0xd8>)
20000cde:	f001 fc35 	bl	2000254c <__assert_func>
20000ce2:	46c0      	nop			; (mov r8, r8)
20000ce4:	200057c8 	.word	0x200057c8
20000ce8:	d0000124 	.word	0xd0000124
20000cec:	0000aaaa 	.word	0x0000aaaa
20000cf0:	e000ed00 	.word	0xe000ed00
20000cf4:	20004984 	.word	0x20004984
20000cf8:	200049c0 	.word	0x200049c0
20000cfc:	200047e8 	.word	0x200047e8
20000d00:	200049ac 	.word	0x200049ac
20000d04:	100001cd 	.word	0x100001cd
20000d08:	20005d52 	.word	0x20005d52
20000d0c:	ffffbd01 	.word	0xffffbd01
20000d10:	200049b8 	.word	0x200049b8

20000d14 <irq_init_priorities>:
20000d14:	2200      	movs	r2, #0
20000d16:	4b04      	ldr	r3, [pc, #16]	; (20000d28 <irq_init_priorities+0x14>)
20000d18:	e002      	b.n	20000d20 <irq_init_priorities+0xc>
20000d1a:	4904      	ldr	r1, [pc, #16]	; (20000d2c <irq_init_priorities+0x18>)
20000d1c:	c302      	stmia	r3!, {r1}
20000d1e:	3201      	adds	r2, #1
20000d20:	2a07      	cmp	r2, #7
20000d22:	d9fa      	bls.n	20000d1a <irq_init_priorities+0x6>
20000d24:	4770      	bx	lr
20000d26:	46c0      	nop			; (mov r8, r8)
20000d28:	e000e400 	.word	0xe000e400
20000d2c:	80808080 	.word	0x80808080

20000d30 <lock_init>:
20000d30:	4b02      	ldr	r3, [pc, #8]	; (20000d3c <lock_init+0xc>)
20000d32:	469c      	mov	ip, r3
20000d34:	4461      	add	r1, ip
20000d36:	0089      	lsls	r1, r1, #2
20000d38:	6001      	str	r1, [r0, #0]
20000d3a:	4770      	bx	lr
20000d3c:	34000040 	.word	0x34000040

20000d40 <mutex_init>:
20000d40:	b510      	push	{r4, lr}
20000d42:	0004      	movs	r4, r0
20000d44:	f7ff fddc 	bl	20000900 <next_striped_spin_lock_num>
20000d48:	0001      	movs	r1, r0
20000d4a:	0020      	movs	r0, r4
20000d4c:	f7ff fff0 	bl	20000d30 <lock_init>
20000d50:	23ff      	movs	r3, #255	; 0xff
20000d52:	7123      	strb	r3, [r4, #4]
20000d54:	f3bf 8f5f 	dmb	sy
20000d58:	bd10      	pop	{r4, pc}

20000d5a <recursive_mutex_init>:
20000d5a:	b510      	push	{r4, lr}
20000d5c:	0004      	movs	r4, r0
20000d5e:	f7ff fdcf 	bl	20000900 <next_striped_spin_lock_num>
20000d62:	0001      	movs	r1, r0
20000d64:	0020      	movs	r0, r4
20000d66:	f7ff ffe3 	bl	20000d30 <lock_init>
20000d6a:	23ff      	movs	r3, #255	; 0xff
20000d6c:	7123      	strb	r3, [r4, #4]
20000d6e:	2300      	movs	r3, #0
20000d70:	7163      	strb	r3, [r4, #5]
20000d72:	f3bf 8f5f 	dmb	sy
20000d76:	bd10      	pop	{r4, pc}

20000d78 <alarm_pool_post_alloc_init>:
20000d78:	b570      	push	{r4, r5, r6, lr}
20000d7a:	0005      	movs	r5, r0
20000d7c:	000c      	movs	r4, r1
20000d7e:	0008      	movs	r0, r1
20000d80:	f000 fefe 	bl	20001b80 <hardware_alarm_cancel>
20000d84:	4909      	ldr	r1, [pc, #36]	; (20000dac <alarm_pool_post_alloc_init+0x34>)
20000d86:	0020      	movs	r0, r4
20000d88:	f000 fe3e 	bl	20001a08 <hardware_alarm_set_callback>
20000d8c:	f7ff fdb8 	bl	20000900 <next_striped_spin_lock_num>
20000d90:	4b07      	ldr	r3, [pc, #28]	; (20000db0 <alarm_pool_post_alloc_init+0x38>)
20000d92:	469c      	mov	ip, r3
20000d94:	4460      	add	r0, ip
20000d96:	0080      	lsls	r0, r0, #2
20000d98:	6068      	str	r0, [r5, #4]
20000d9a:	752c      	strb	r4, [r5, #20]
20000d9c:	23d0      	movs	r3, #208	; 0xd0
20000d9e:	061b      	lsls	r3, r3, #24
20000da0:	781b      	ldrb	r3, [r3, #0]
20000da2:	756b      	strb	r3, [r5, #21]
20000da4:	00a4      	lsls	r4, r4, #2
20000da6:	4b03      	ldr	r3, [pc, #12]	; (20000db4 <alarm_pool_post_alloc_init+0x3c>)
20000da8:	50e5      	str	r5, [r4, r3]
20000daa:	bd70      	pop	{r4, r5, r6, pc}
20000dac:	200010bd 	.word	0x200010bd
20000db0:	34000040 	.word	0x34000040
20000db4:	20005b1c 	.word	0x20005b1c

20000db8 <sleep_until_callback>:
20000db8:	4b0a      	ldr	r3, [pc, #40]	; (20000de4 <sleep_until_callback+0x2c>)
20000dba:	681a      	ldr	r2, [r3, #0]
20000dbc:	f3ef 8110 	mrs	r1, PRIMASK
20000dc0:	b672      	cpsid	i
20000dc2:	6813      	ldr	r3, [r2, #0]
20000dc4:	2b00      	cmp	r3, #0
20000dc6:	d0fc      	beq.n	20000dc2 <sleep_until_callback+0xa>
20000dc8:	f3bf 8f5f 	dmb	sy
20000dcc:	4b05      	ldr	r3, [pc, #20]	; (20000de4 <sleep_until_callback+0x2c>)
20000dce:	681b      	ldr	r3, [r3, #0]
20000dd0:	f3bf 8f5f 	dmb	sy
20000dd4:	2200      	movs	r2, #0
20000dd6:	601a      	str	r2, [r3, #0]
20000dd8:	f381 8810 	msr	PRIMASK, r1
20000ddc:	bf40      	sev
20000dde:	2000      	movs	r0, #0
20000de0:	2100      	movs	r1, #0
20000de2:	4770      	bx	lr
20000de4:	20005d38 	.word	0x20005d38

20000de8 <timer_pool_entry_comparator>:
20000de8:	b510      	push	{r4, lr}
20000dea:	2900      	cmp	r1, #0
20000dec:	d022      	beq.n	20000e34 <timer_pool_entry_comparator+0x4c>
20000dee:	6803      	ldr	r3, [r0, #0]
20000df0:	7b1b      	ldrb	r3, [r3, #12]
20000df2:	4299      	cmp	r1, r3
20000df4:	d81e      	bhi.n	20000e34 <timer_pool_entry_comparator+0x4c>
20000df6:	4b17      	ldr	r3, [pc, #92]	; (20000e54 <timer_pool_entry_comparator+0x6c>)
20000df8:	469c      	mov	ip, r3
20000dfa:	4461      	add	r1, ip
20000dfc:	0109      	lsls	r1, r1, #4
20000dfe:	6883      	ldr	r3, [r0, #8]
20000e00:	469c      	mov	ip, r3
20000e02:	4461      	add	r1, ip
20000e04:	680c      	ldr	r4, [r1, #0]
20000e06:	6849      	ldr	r1, [r1, #4]
20000e08:	2a00      	cmp	r2, #0
20000e0a:	d019      	beq.n	20000e40 <timer_pool_entry_comparator+0x58>
20000e0c:	6803      	ldr	r3, [r0, #0]
20000e0e:	7b1b      	ldrb	r3, [r3, #12]
20000e10:	429a      	cmp	r2, r3
20000e12:	d815      	bhi.n	20000e40 <timer_pool_entry_comparator+0x58>
20000e14:	6883      	ldr	r3, [r0, #8]
20000e16:	480f      	ldr	r0, [pc, #60]	; (20000e54 <timer_pool_entry_comparator+0x6c>)
20000e18:	4684      	mov	ip, r0
20000e1a:	4462      	add	r2, ip
20000e1c:	0112      	lsls	r2, r2, #4
20000e1e:	189a      	adds	r2, r3, r2
20000e20:	6810      	ldr	r0, [r2, #0]
20000e22:	6853      	ldr	r3, [r2, #4]
20000e24:	0002      	movs	r2, r0
20000e26:	2001      	movs	r0, #1
20000e28:	428b      	cmp	r3, r1
20000e2a:	d801      	bhi.n	20000e30 <timer_pool_entry_comparator+0x48>
20000e2c:	d00e      	beq.n	20000e4c <timer_pool_entry_comparator+0x64>
20000e2e:	2000      	movs	r0, #0
20000e30:	b2c0      	uxtb	r0, r0
20000e32:	bd10      	pop	{r4, pc}
20000e34:	4b08      	ldr	r3, [pc, #32]	; (20000e58 <timer_pool_entry_comparator+0x70>)
20000e36:	4a09      	ldr	r2, [pc, #36]	; (20000e5c <timer_pool_entry_comparator+0x74>)
20000e38:	213c      	movs	r1, #60	; 0x3c
20000e3a:	4809      	ldr	r0, [pc, #36]	; (20000e60 <timer_pool_entry_comparator+0x78>)
20000e3c:	f001 fb86 	bl	2000254c <__assert_func>
20000e40:	4b05      	ldr	r3, [pc, #20]	; (20000e58 <timer_pool_entry_comparator+0x70>)
20000e42:	4a06      	ldr	r2, [pc, #24]	; (20000e5c <timer_pool_entry_comparator+0x74>)
20000e44:	213c      	movs	r1, #60	; 0x3c
20000e46:	4806      	ldr	r0, [pc, #24]	; (20000e60 <timer_pool_entry_comparator+0x78>)
20000e48:	f001 fb80 	bl	2000254c <__assert_func>
20000e4c:	42a2      	cmp	r2, r4
20000e4e:	d8ef      	bhi.n	20000e30 <timer_pool_entry_comparator+0x48>
20000e50:	e7ed      	b.n	20000e2e <timer_pool_entry_comparator+0x46>
20000e52:	46c0      	nop			; (mov r8, r8)
20000e54:	0fffffff 	.word	0x0fffffff
20000e58:	20004b34 	.word	0x20004b34
20000e5c:	20004d94 	.word	0x20004d94
20000e60:	20004b00 	.word	0x20004b00

20000e64 <ph_add_child_node>:
20000e64:	b510      	push	{r4, lr}
20000e66:	2900      	cmp	r1, #0
20000e68:	d01e      	beq.n	20000ea8 <ph_add_child_node+0x44>
20000e6a:	7b03      	ldrb	r3, [r0, #12]
20000e6c:	4299      	cmp	r1, r3
20000e6e:	d81b      	bhi.n	20000ea8 <ph_add_child_node+0x44>
20000e70:	004b      	lsls	r3, r1, #1
20000e72:	185b      	adds	r3, r3, r1
20000e74:	3b03      	subs	r3, #3
20000e76:	6804      	ldr	r4, [r0, #0]
20000e78:	46a4      	mov	ip, r4
20000e7a:	4463      	add	r3, ip
20000e7c:	2900      	cmp	r1, #0
20000e7e:	d019      	beq.n	20000eb4 <ph_add_child_node+0x50>
20000e80:	2a00      	cmp	r2, #0
20000e82:	d01d      	beq.n	20000ec0 <ph_add_child_node+0x5c>
20000e84:	4291      	cmp	r1, r2
20000e86:	d021      	beq.n	20000ecc <ph_add_child_node+0x68>
20000e88:	2a00      	cmp	r2, #0
20000e8a:	d025      	beq.n	20000ed8 <ph_add_child_node+0x74>
20000e8c:	7b04      	ldrb	r4, [r0, #12]
20000e8e:	42a2      	cmp	r2, r4
20000e90:	d822      	bhi.n	20000ed8 <ph_add_child_node+0x74>
20000e92:	6804      	ldr	r4, [r0, #0]
20000e94:	0050      	lsls	r0, r2, #1
20000e96:	1880      	adds	r0, r0, r2
20000e98:	3803      	subs	r0, #3
20000e9a:	1820      	adds	r0, r4, r0
20000e9c:	7081      	strb	r1, [r0, #2]
20000e9e:	7819      	ldrb	r1, [r3, #0]
20000ea0:	2900      	cmp	r1, #0
20000ea2:	d11f      	bne.n	20000ee4 <ph_add_child_node+0x80>
20000ea4:	701a      	strb	r2, [r3, #0]
20000ea6:	bd10      	pop	{r4, pc}
20000ea8:	4b10      	ldr	r3, [pc, #64]	; (20000eec <ph_add_child_node+0x88>)
20000eaa:	4a11      	ldr	r2, [pc, #68]	; (20000ef0 <ph_add_child_node+0x8c>)
20000eac:	2168      	movs	r1, #104	; 0x68
20000eae:	4811      	ldr	r0, [pc, #68]	; (20000ef4 <ph_add_child_node+0x90>)
20000eb0:	f001 fb4c 	bl	2000254c <__assert_func>
20000eb4:	4b10      	ldr	r3, [pc, #64]	; (20000ef8 <ph_add_child_node+0x94>)
20000eb6:	4a11      	ldr	r2, [pc, #68]	; (20000efc <ph_add_child_node+0x98>)
20000eb8:	316f      	adds	r1, #111	; 0x6f
20000eba:	480e      	ldr	r0, [pc, #56]	; (20000ef4 <ph_add_child_node+0x90>)
20000ebc:	f001 fb46 	bl	2000254c <__assert_func>
20000ec0:	4b0f      	ldr	r3, [pc, #60]	; (20000f00 <ph_add_child_node+0x9c>)
20000ec2:	4a0e      	ldr	r2, [pc, #56]	; (20000efc <ph_add_child_node+0x98>)
20000ec4:	2170      	movs	r1, #112	; 0x70
20000ec6:	480b      	ldr	r0, [pc, #44]	; (20000ef4 <ph_add_child_node+0x90>)
20000ec8:	f001 fb40 	bl	2000254c <__assert_func>
20000ecc:	4b0d      	ldr	r3, [pc, #52]	; (20000f04 <ph_add_child_node+0xa0>)
20000ece:	4a0b      	ldr	r2, [pc, #44]	; (20000efc <ph_add_child_node+0x98>)
20000ed0:	2171      	movs	r1, #113	; 0x71
20000ed2:	4808      	ldr	r0, [pc, #32]	; (20000ef4 <ph_add_child_node+0x90>)
20000ed4:	f001 fb3a 	bl	2000254c <__assert_func>
20000ed8:	4b04      	ldr	r3, [pc, #16]	; (20000eec <ph_add_child_node+0x88>)
20000eda:	4a05      	ldr	r2, [pc, #20]	; (20000ef0 <ph_add_child_node+0x8c>)
20000edc:	2168      	movs	r1, #104	; 0x68
20000ede:	4805      	ldr	r0, [pc, #20]	; (20000ef4 <ph_add_child_node+0x90>)
20000ee0:	f001 fb34 	bl	2000254c <__assert_func>
20000ee4:	7041      	strb	r1, [r0, #1]
20000ee6:	701a      	strb	r2, [r3, #0]
20000ee8:	e7dd      	b.n	20000ea6 <ph_add_child_node+0x42>
20000eea:	46c0      	nop			; (mov r8, r8)
20000eec:	20004b58 	.word	0x20004b58
20000ef0:	20004e00 	.word	0x20004e00
20000ef4:	20004b74 	.word	0x20004b74
20000ef8:	20004bbc 	.word	0x20004bbc
20000efc:	20004ddc 	.word	0x20004ddc
20000f00:	20004bc8 	.word	0x20004bc8
20000f04:	20004bd4 	.word	0x20004bd4

20000f08 <ph_merge_nodes>:
20000f08:	b570      	push	{r4, r5, r6, lr}
20000f0a:	0006      	movs	r6, r0
20000f0c:	000d      	movs	r5, r1
20000f0e:	0014      	movs	r4, r2
20000f10:	2900      	cmp	r1, #0
20000f12:	d014      	beq.n	20000f3e <ph_merge_nodes+0x36>
20000f14:	2a00      	cmp	r2, #0
20000f16:	d014      	beq.n	20000f42 <ph_merge_nodes+0x3a>
20000f18:	6880      	ldr	r0, [r0, #8]
20000f1a:	6873      	ldr	r3, [r6, #4]
20000f1c:	4798      	blx	r3
20000f1e:	2800      	cmp	r0, #0
20000f20:	d006      	beq.n	20000f30 <ph_merge_nodes+0x28>
20000f22:	0022      	movs	r2, r4
20000f24:	0029      	movs	r1, r5
20000f26:	0030      	movs	r0, r6
20000f28:	f7ff ff9c 	bl	20000e64 <ph_add_child_node>
20000f2c:	0028      	movs	r0, r5
20000f2e:	e007      	b.n	20000f40 <ph_merge_nodes+0x38>
20000f30:	002a      	movs	r2, r5
20000f32:	0021      	movs	r1, r4
20000f34:	0030      	movs	r0, r6
20000f36:	f7ff ff95 	bl	20000e64 <ph_add_child_node>
20000f3a:	0020      	movs	r0, r4
20000f3c:	e000      	b.n	20000f40 <ph_merge_nodes+0x38>
20000f3e:	0010      	movs	r0, r2
20000f40:	bd70      	pop	{r4, r5, r6, pc}
20000f42:	0008      	movs	r0, r1
20000f44:	e7fc      	b.n	20000f40 <ph_merge_nodes+0x38>
	...

20000f48 <add_alarm_under_lock>:
20000f48:	b5f0      	push	{r4, r5, r6, r7, lr}
20000f4a:	b083      	sub	sp, #12
20000f4c:	0005      	movs	r5, r0
20000f4e:	9200      	str	r2, [sp, #0]
20000f50:	9301      	str	r3, [sp, #4]
20000f52:	ab0a      	add	r3, sp, #40	; 0x28
20000f54:	781c      	ldrb	r4, [r3, #0]
20000f56:	ab0b      	add	r3, sp, #44	; 0x2c
20000f58:	781f      	ldrb	r7, [r3, #0]
20000f5a:	2c00      	cmp	r4, #0
20000f5c:	d026      	beq.n	20000fac <add_alarm_under_lock+0x64>
20000f5e:	6803      	ldr	r3, [r0, #0]
20000f60:	7b5a      	ldrb	r2, [r3, #13]
20000f62:	4294      	cmp	r4, r2
20000f64:	d107      	bne.n	20000f76 <add_alarm_under_lock+0x2e>
20000f66:	2301      	movs	r3, #1
20000f68:	2b00      	cmp	r3, #0
20000f6a:	d119      	bne.n	20000fa0 <add_alarm_under_lock+0x58>
20000f6c:	2c00      	cmp	r4, #0
20000f6e:	d13b      	bne.n	20000fe8 <add_alarm_under_lock+0xa0>
20000f70:	0020      	movs	r0, r4
20000f72:	b003      	add	sp, #12
20000f74:	bdf0      	pop	{r4, r5, r6, r7, pc}
20000f76:	2c00      	cmp	r4, #0
20000f78:	d00c      	beq.n	20000f94 <add_alarm_under_lock+0x4c>
20000f7a:	7b1a      	ldrb	r2, [r3, #12]
20000f7c:	4294      	cmp	r4, r2
20000f7e:	d809      	bhi.n	20000f94 <add_alarm_under_lock+0x4c>
20000f80:	681a      	ldr	r2, [r3, #0]
20000f82:	0063      	lsls	r3, r4, #1
20000f84:	191b      	adds	r3, r3, r4
20000f86:	3b03      	subs	r3, #3
20000f88:	18d3      	adds	r3, r2, r3
20000f8a:	789b      	ldrb	r3, [r3, #2]
20000f8c:	2b00      	cmp	r3, #0
20000f8e:	d0eb      	beq.n	20000f68 <add_alarm_under_lock+0x20>
20000f90:	2301      	movs	r3, #1
20000f92:	e7e9      	b.n	20000f68 <add_alarm_under_lock+0x20>
20000f94:	4b3e      	ldr	r3, [pc, #248]	; (20001090 <add_alarm_under_lock+0x148>)
20000f96:	4a3f      	ldr	r2, [pc, #252]	; (20001094 <add_alarm_under_lock+0x14c>)
20000f98:	2168      	movs	r1, #104	; 0x68
20000f9a:	483f      	ldr	r0, [pc, #252]	; (20001098 <add_alarm_under_lock+0x150>)
20000f9c:	f001 fad6 	bl	2000254c <__assert_func>
20000fa0:	4b3e      	ldr	r3, [pc, #248]	; (2000109c <add_alarm_under_lock+0x154>)
20000fa2:	4a3f      	ldr	r2, [pc, #252]	; (200010a0 <add_alarm_under_lock+0x158>)
20000fa4:	2167      	movs	r1, #103	; 0x67
20000fa6:	483f      	ldr	r0, [pc, #252]	; (200010a4 <add_alarm_under_lock+0x15c>)
20000fa8:	f001 fad0 	bl	2000254c <__assert_func>
20000fac:	6803      	ldr	r3, [r0, #0]
20000fae:	7b9c      	ldrb	r4, [r3, #14]
20000fb0:	2c00      	cmp	r4, #0
20000fb2:	d0db      	beq.n	20000f6c <add_alarm_under_lock+0x24>
20000fb4:	d012      	beq.n	20000fdc <add_alarm_under_lock+0x94>
20000fb6:	7b1a      	ldrb	r2, [r3, #12]
20000fb8:	4294      	cmp	r4, r2
20000fba:	d80f      	bhi.n	20000fdc <add_alarm_under_lock+0x94>
20000fbc:	0062      	lsls	r2, r4, #1
20000fbe:	1912      	adds	r2, r2, r4
20000fc0:	3a03      	subs	r2, #3
20000fc2:	6819      	ldr	r1, [r3, #0]
20000fc4:	468c      	mov	ip, r1
20000fc6:	4462      	add	r2, ip
20000fc8:	7851      	ldrb	r1, [r2, #1]
20000fca:	7399      	strb	r1, [r3, #14]
20000fcc:	2900      	cmp	r1, #0
20000fce:	d100      	bne.n	20000fd2 <add_alarm_under_lock+0x8a>
20000fd0:	73d9      	strb	r1, [r3, #15]
20000fd2:	2300      	movs	r3, #0
20000fd4:	7093      	strb	r3, [r2, #2]
20000fd6:	7053      	strb	r3, [r2, #1]
20000fd8:	7013      	strb	r3, [r2, #0]
20000fda:	e7c7      	b.n	20000f6c <add_alarm_under_lock+0x24>
20000fdc:	4b2c      	ldr	r3, [pc, #176]	; (20001090 <add_alarm_under_lock+0x148>)
20000fde:	4a2d      	ldr	r2, [pc, #180]	; (20001094 <add_alarm_under_lock+0x14c>)
20000fe0:	2168      	movs	r1, #104	; 0x68
20000fe2:	482d      	ldr	r0, [pc, #180]	; (20001098 <add_alarm_under_lock+0x150>)
20000fe4:	f001 fab2 	bl	2000254c <__assert_func>
20000fe8:	2c00      	cmp	r4, #0
20000fea:	d03a      	beq.n	20001062 <add_alarm_under_lock+0x11a>
20000fec:	682b      	ldr	r3, [r5, #0]
20000fee:	7b1b      	ldrb	r3, [r3, #12]
20000ff0:	429c      	cmp	r4, r3
20000ff2:	d836      	bhi.n	20001062 <add_alarm_under_lock+0x11a>
20000ff4:	4b2c      	ldr	r3, [pc, #176]	; (200010a8 <add_alarm_under_lock+0x160>)
20000ff6:	18e3      	adds	r3, r4, r3
20000ff8:	011b      	lsls	r3, r3, #4
20000ffa:	68aa      	ldr	r2, [r5, #8]
20000ffc:	4694      	mov	ip, r2
20000ffe:	4463      	add	r3, ip
20001000:	9a00      	ldr	r2, [sp, #0]
20001002:	601a      	str	r2, [r3, #0]
20001004:	9a01      	ldr	r2, [sp, #4]
20001006:	605a      	str	r2, [r3, #4]
20001008:	9a08      	ldr	r2, [sp, #32]
2000100a:	609a      	str	r2, [r3, #8]
2000100c:	9a09      	ldr	r2, [sp, #36]	; 0x24
2000100e:	60da      	str	r2, [r3, #12]
20001010:	682e      	ldr	r6, [r5, #0]
20001012:	2c00      	cmp	r4, #0
20001014:	d02b      	beq.n	2000106e <add_alarm_under_lock+0x126>
20001016:	d030      	beq.n	2000107a <add_alarm_under_lock+0x132>
20001018:	7b33      	ldrb	r3, [r6, #12]
2000101a:	429c      	cmp	r4, r3
2000101c:	d82d      	bhi.n	2000107a <add_alarm_under_lock+0x132>
2000101e:	0063      	lsls	r3, r4, #1
20001020:	191b      	adds	r3, r3, r4
20001022:	3b03      	subs	r3, #3
20001024:	6832      	ldr	r2, [r6, #0]
20001026:	4694      	mov	ip, r2
20001028:	4463      	add	r3, ip
2000102a:	2200      	movs	r2, #0
2000102c:	709a      	strb	r2, [r3, #2]
2000102e:	705a      	strb	r2, [r3, #1]
20001030:	701a      	strb	r2, [r3, #0]
20001032:	7b71      	ldrb	r1, [r6, #13]
20001034:	0022      	movs	r2, r4
20001036:	0030      	movs	r0, r6
20001038:	f7ff ff66 	bl	20000f08 <ph_merge_nodes>
2000103c:	7370      	strb	r0, [r6, #13]
2000103e:	4284      	cmp	r4, r0
20001040:	d000      	beq.n	20001044 <add_alarm_under_lock+0xfc>
20001042:	e795      	b.n	20000f70 <add_alarm_under_lock+0x28>
20001044:	7d28      	ldrb	r0, [r5, #20]
20001046:	9a00      	ldr	r2, [sp, #0]
20001048:	9b01      	ldr	r3, [sp, #4]
2000104a:	f000 fd25 	bl	20001a98 <hardware_alarm_set_target>
2000104e:	1e06      	subs	r6, r0, #0
20001050:	d001      	beq.n	20001056 <add_alarm_under_lock+0x10e>
20001052:	2f00      	cmp	r7, #0
20001054:	d017      	beq.n	20001086 <add_alarm_under_lock+0x13e>
20001056:	9b0c      	ldr	r3, [sp, #48]	; 0x30
20001058:	2b00      	cmp	r3, #0
2000105a:	d100      	bne.n	2000105e <add_alarm_under_lock+0x116>
2000105c:	e788      	b.n	20000f70 <add_alarm_under_lock+0x28>
2000105e:	701e      	strb	r6, [r3, #0]
20001060:	e786      	b.n	20000f70 <add_alarm_under_lock+0x28>
20001062:	4b12      	ldr	r3, [pc, #72]	; (200010ac <add_alarm_under_lock+0x164>)
20001064:	4a12      	ldr	r2, [pc, #72]	; (200010b0 <add_alarm_under_lock+0x168>)
20001066:	213c      	movs	r1, #60	; 0x3c
20001068:	480e      	ldr	r0, [pc, #56]	; (200010a4 <add_alarm_under_lock+0x15c>)
2000106a:	f001 fa6f 	bl	2000254c <__assert_func>
2000106e:	4b11      	ldr	r3, [pc, #68]	; (200010b4 <add_alarm_under_lock+0x16c>)
20001070:	4a11      	ldr	r2, [pc, #68]	; (200010b8 <add_alarm_under_lock+0x170>)
20001072:	21a5      	movs	r1, #165	; 0xa5
20001074:	4808      	ldr	r0, [pc, #32]	; (20001098 <add_alarm_under_lock+0x150>)
20001076:	f001 fa69 	bl	2000254c <__assert_func>
2000107a:	4b05      	ldr	r3, [pc, #20]	; (20001090 <add_alarm_under_lock+0x148>)
2000107c:	4a05      	ldr	r2, [pc, #20]	; (20001094 <add_alarm_under_lock+0x14c>)
2000107e:	2168      	movs	r1, #104	; 0x68
20001080:	4805      	ldr	r0, [pc, #20]	; (20001098 <add_alarm_under_lock+0x150>)
20001082:	f001 fa63 	bl	2000254c <__assert_func>
20001086:	6828      	ldr	r0, [r5, #0]
20001088:	0021      	movs	r1, r4
2000108a:	f000 ff3d 	bl	20001f08 <ph_remove_and_free_node>
2000108e:	e7e2      	b.n	20001056 <add_alarm_under_lock+0x10e>
20001090:	20004b58 	.word	0x20004b58
20001094:	20004e00 	.word	0x20004e00
20001098:	20004b74 	.word	0x20004b74
2000109c:	20004bec 	.word	0x20004bec
200010a0:	20004e0c 	.word	0x20004e0c
200010a4:	20004b00 	.word	0x20004b00
200010a8:	0fffffff 	.word	0x0fffffff
200010ac:	20004b34 	.word	0x20004b34
200010b0:	20004d94 	.word	0x20004d94
200010b4:	20004afc 	.word	0x20004afc
200010b8:	20004df0 	.word	0x20004df0

200010bc <alarm_pool_alarm_callback>:
200010bc:	b5f0      	push	{r4, r5, r6, r7, lr}
200010be:	46de      	mov	lr, fp
200010c0:	4657      	mov	r7, sl
200010c2:	464e      	mov	r6, r9
200010c4:	4645      	mov	r5, r8
200010c6:	b5e0      	push	{r5, r6, r7, lr}
200010c8:	b08b      	sub	sp, #44	; 0x2c
200010ca:	9009      	str	r0, [sp, #36]	; 0x24
200010cc:	2300      	movs	r3, #0
200010ce:	9308      	str	r3, [sp, #32]
200010d0:	0082      	lsls	r2, r0, #2
200010d2:	4bb5      	ldr	r3, [pc, #724]	; (200013a8 <alarm_pool_alarm_callback+0x2ec>)
200010d4:	58d6      	ldr	r6, [r2, r3]
200010d6:	0037      	movs	r7, r6
200010d8:	e052      	b.n	20001180 <alarm_pool_alarm_callback+0xc4>
200010da:	4bb4      	ldr	r3, [pc, #720]	; (200013ac <alarm_pool_alarm_callback+0x2f0>)
200010dc:	4ab4      	ldr	r2, [pc, #720]	; (200013b0 <alarm_pool_alarm_callback+0x2f4>)
200010de:	213f      	movs	r1, #63	; 0x3f
200010e0:	48b4      	ldr	r0, [pc, #720]	; (200013b4 <alarm_pool_alarm_callback+0x2f8>)
200010e2:	f001 fa33 	bl	2000254c <__assert_func>
200010e6:	4bb4      	ldr	r3, [pc, #720]	; (200013b8 <alarm_pool_alarm_callback+0x2fc>)
200010e8:	4ab4      	ldr	r2, [pc, #720]	; (200013bc <alarm_pool_alarm_callback+0x300>)
200010ea:	213c      	movs	r1, #60	; 0x3c
200010ec:	48b4      	ldr	r0, [pc, #720]	; (200013c0 <alarm_pool_alarm_callback+0x304>)
200010ee:	f001 fa2d 	bl	2000254c <__assert_func>
200010f2:	2900      	cmp	r1, #0
200010f4:	d101      	bne.n	200010fa <alarm_pool_alarm_callback+0x3e>
200010f6:	2800      	cmp	r0, #0
200010f8:	d169      	bne.n	200011ce <alarm_pool_alarm_callback+0x112>
200010fa:	2100      	movs	r1, #0
200010fc:	4640      	mov	r0, r8
200010fe:	f000 fef9 	bl	20001ef4 <ph_remove_head>
20001102:	42a0      	cmp	r0, r4
20001104:	d119      	bne.n	2000113a <alarm_pool_alarm_callback+0x7e>
20001106:	682a      	ldr	r2, [r5, #0]
20001108:	686b      	ldr	r3, [r5, #4]
2000110a:	9206      	str	r2, [sp, #24]
2000110c:	9307      	str	r3, [sp, #28]
2000110e:	68ab      	ldr	r3, [r5, #8]
20001110:	4698      	mov	r8, r3
20001112:	68eb      	ldr	r3, [r5, #12]
20001114:	469a      	mov	sl, r3
20001116:	4643      	mov	r3, r8
20001118:	2b00      	cmp	r3, #0
2000111a:	d014      	beq.n	20001146 <alarm_pool_alarm_callback+0x8a>
2000111c:	2c00      	cmp	r4, #0
2000111e:	d018      	beq.n	20001152 <alarm_pool_alarm_callback+0x96>
20001120:	683b      	ldr	r3, [r7, #0]
20001122:	7b1b      	ldrb	r3, [r3, #12]
20001124:	429c      	cmp	r4, r3
20001126:	d814      	bhi.n	20001152 <alarm_pool_alarm_callback+0x96>
20001128:	1e63      	subs	r3, r4, #1
2000112a:	68fa      	ldr	r2, [r7, #12]
2000112c:	5cd3      	ldrb	r3, [r2, r3]
2000112e:	9308      	str	r3, [sp, #32]
20001130:	021b      	lsls	r3, r3, #8
20001132:	4318      	orrs	r0, r3
20001134:	6138      	str	r0, [r7, #16]
20001136:	2000      	movs	r0, #0
20001138:	e015      	b.n	20001166 <alarm_pool_alarm_callback+0xaa>
2000113a:	4ba2      	ldr	r3, [pc, #648]	; (200013c4 <alarm_pool_alarm_callback+0x308>)
2000113c:	4aa2      	ldr	r2, [pc, #648]	; (200013c8 <alarm_pool_alarm_callback+0x30c>)
2000113e:	218e      	movs	r1, #142	; 0x8e
20001140:	489f      	ldr	r0, [pc, #636]	; (200013c0 <alarm_pool_alarm_callback+0x304>)
20001142:	f001 fa03 	bl	2000254c <__assert_func>
20001146:	4ba1      	ldr	r3, [pc, #644]	; (200013cc <alarm_pool_alarm_callback+0x310>)
20001148:	4a9f      	ldr	r2, [pc, #636]	; (200013c8 <alarm_pool_alarm_callback+0x30c>)
2000114a:	2192      	movs	r1, #146	; 0x92
2000114c:	489c      	ldr	r0, [pc, #624]	; (200013c0 <alarm_pool_alarm_callback+0x304>)
2000114e:	f001 f9fd 	bl	2000254c <__assert_func>
20001152:	4b99      	ldr	r3, [pc, #612]	; (200013b8 <alarm_pool_alarm_callback+0x2fc>)
20001154:	4a9e      	ldr	r2, [pc, #632]	; (200013d0 <alarm_pool_alarm_callback+0x314>)
20001156:	2141      	movs	r1, #65	; 0x41
20001158:	4899      	ldr	r0, [pc, #612]	; (200013c0 <alarm_pool_alarm_callback+0x304>)
2000115a:	f001 f9f7 	bl	2000254c <__assert_func>
2000115e:	2300      	movs	r3, #0
20001160:	469a      	mov	sl, r3
20001162:	4698      	mov	r8, r3
20001164:	2000      	movs	r0, #0
20001166:	687b      	ldr	r3, [r7, #4]
20001168:	f3bf 8f5f 	dmb	sy
2000116c:	2200      	movs	r2, #0
2000116e:	601a      	str	r2, [r3, #0]
20001170:	f386 8810 	msr	PRIMASK, r6
20001174:	4643      	mov	r3, r8
20001176:	2b00      	cmp	r3, #0
20001178:	d132      	bne.n	200011e0 <alarm_pool_alarm_callback+0x124>
2000117a:	2800      	cmp	r0, #0
2000117c:	d100      	bne.n	20001180 <alarm_pool_alarm_callback+0xc4>
2000117e:	e10c      	b.n	2000139a <alarm_pool_alarm_callback+0x2de>
20001180:	f000 fbfe 	bl	20001980 <time_us_64>
20001184:	0002      	movs	r2, r0
20001186:	1e0b      	subs	r3, r1, #0
20001188:	dba7      	blt.n	200010da <alarm_pool_alarm_callback+0x1e>
2000118a:	2000      	movs	r0, #0
2000118c:	2100      	movs	r1, #0
2000118e:	9006      	str	r0, [sp, #24]
20001190:	9107      	str	r1, [sp, #28]
20001192:	6878      	ldr	r0, [r7, #4]
20001194:	f3ef 8610 	mrs	r6, PRIMASK
20001198:	b672      	cpsid	i
2000119a:	6801      	ldr	r1, [r0, #0]
2000119c:	2900      	cmp	r1, #0
2000119e:	d0fc      	beq.n	2000119a <alarm_pool_alarm_callback+0xde>
200011a0:	f3bf 8f5f 	dmb	sy
200011a4:	6839      	ldr	r1, [r7, #0]
200011a6:	4688      	mov	r8, r1
200011a8:	7b4c      	ldrb	r4, [r1, #13]
200011aa:	2c00      	cmp	r4, #0
200011ac:	d0d7      	beq.n	2000115e <alarm_pool_alarm_callback+0xa2>
200011ae:	d09a      	beq.n	200010e6 <alarm_pool_alarm_callback+0x2a>
200011b0:	7b09      	ldrb	r1, [r1, #12]
200011b2:	428c      	cmp	r4, r1
200011b4:	d897      	bhi.n	200010e6 <alarm_pool_alarm_callback+0x2a>
200011b6:	4987      	ldr	r1, [pc, #540]	; (200013d4 <alarm_pool_alarm_callback+0x318>)
200011b8:	1865      	adds	r5, r4, r1
200011ba:	012d      	lsls	r5, r5, #4
200011bc:	68b9      	ldr	r1, [r7, #8]
200011be:	468c      	mov	ip, r1
200011c0:	4465      	add	r5, ip
200011c2:	6828      	ldr	r0, [r5, #0]
200011c4:	6869      	ldr	r1, [r5, #4]
200011c6:	1a80      	subs	r0, r0, r2
200011c8:	4199      	sbcs	r1, r3
200011ca:	2900      	cmp	r1, #0
200011cc:	dd91      	ble.n	200010f2 <alarm_pool_alarm_callback+0x36>
200011ce:	682a      	ldr	r2, [r5, #0]
200011d0:	686b      	ldr	r3, [r5, #4]
200011d2:	9809      	ldr	r0, [sp, #36]	; 0x24
200011d4:	f000 fc60 	bl	20001a98 <hardware_alarm_set_target>
200011d8:	2300      	movs	r3, #0
200011da:	469a      	mov	sl, r3
200011dc:	4698      	mov	r8, r3
200011de:	e7c2      	b.n	20001166 <alarm_pool_alarm_callback+0xaa>
200011e0:	9b08      	ldr	r3, [sp, #32]
200011e2:	021b      	lsls	r3, r3, #8
200011e4:	4323      	orrs	r3, r4
200011e6:	4699      	mov	r9, r3
200011e8:	4651      	mov	r1, sl
200011ea:	0018      	movs	r0, r3
200011ec:	47c0      	blx	r8
200011ee:	0005      	movs	r5, r0
200011f0:	000e      	movs	r6, r1
200011f2:	687a      	ldr	r2, [r7, #4]
200011f4:	f3ef 8b10 	mrs	fp, PRIMASK
200011f8:	b672      	cpsid	i
200011fa:	6813      	ldr	r3, [r2, #0]
200011fc:	4259      	negs	r1, r3
200011fe:	414b      	adcs	r3, r1
20001200:	b2d9      	uxtb	r1, r3
20001202:	2b00      	cmp	r3, #0
20001204:	d1f9      	bne.n	200011fa <alarm_pool_alarm_callback+0x13e>
20001206:	f3bf 8f5f 	dmb	sy
2000120a:	2e00      	cmp	r6, #0
2000120c:	db1e      	blt.n	2000124c <alarm_pool_alarm_callback+0x190>
2000120e:	2e00      	cmp	r6, #0
20001210:	dd46      	ble.n	200012a0 <alarm_pool_alarm_callback+0x1e4>
20001212:	693b      	ldr	r3, [r7, #16]
20001214:	2b00      	cmp	r3, #0
20001216:	d047      	beq.n	200012a8 <alarm_pool_alarm_callback+0x1ec>
20001218:	454b      	cmp	r3, r9
2000121a:	d16d      	bne.n	200012f8 <alarm_pool_alarm_callback+0x23c>
2000121c:	f000 fbb0 	bl	20001980 <time_us_64>
20001220:	0002      	movs	r2, r0
20001222:	1e0b      	subs	r3, r1, #0
20001224:	db6e      	blt.n	20001304 <alarm_pool_alarm_callback+0x248>
20001226:	1952      	adds	r2, r2, r5
20001228:	4173      	adcs	r3, r6
2000122a:	2b00      	cmp	r3, #0
2000122c:	db70      	blt.n	20001310 <alarm_pool_alarm_callback+0x254>
2000122e:	2b00      	cmp	r3, #0
20001230:	db72      	blt.n	20001318 <alarm_pool_alarm_callback+0x25c>
20001232:	2100      	movs	r1, #0
20001234:	9104      	str	r1, [sp, #16]
20001236:	3101      	adds	r1, #1
20001238:	9103      	str	r1, [sp, #12]
2000123a:	9402      	str	r4, [sp, #8]
2000123c:	4651      	mov	r1, sl
2000123e:	9101      	str	r1, [sp, #4]
20001240:	4641      	mov	r1, r8
20001242:	9100      	str	r1, [sp, #0]
20001244:	0038      	movs	r0, r7
20001246:	f7ff fe7f 	bl	20000f48 <add_alarm_under_lock>
2000124a:	e04c      	b.n	200012e6 <alarm_pool_alarm_callback+0x22a>
2000124c:	693b      	ldr	r3, [r7, #16]
2000124e:	2b00      	cmp	r3, #0
20001250:	d0dd      	beq.n	2000120e <alarm_pool_alarm_callback+0x152>
20001252:	454b      	cmp	r3, r9
20001254:	d114      	bne.n	20001280 <alarm_pool_alarm_callback+0x1c4>
20001256:	9a06      	ldr	r2, [sp, #24]
20001258:	9b07      	ldr	r3, [sp, #28]
2000125a:	1b52      	subs	r2, r2, r5
2000125c:	41b3      	sbcs	r3, r6
2000125e:	2b00      	cmp	r3, #0
20001260:	db14      	blt.n	2000128c <alarm_pool_alarm_callback+0x1d0>
20001262:	2b00      	cmp	r3, #0
20001264:	db16      	blt.n	20001294 <alarm_pool_alarm_callback+0x1d8>
20001266:	2100      	movs	r1, #0
20001268:	9104      	str	r1, [sp, #16]
2000126a:	3101      	adds	r1, #1
2000126c:	9103      	str	r1, [sp, #12]
2000126e:	9402      	str	r4, [sp, #8]
20001270:	4651      	mov	r1, sl
20001272:	9101      	str	r1, [sp, #4]
20001274:	4641      	mov	r1, r8
20001276:	9100      	str	r1, [sp, #0]
20001278:	0038      	movs	r0, r7
2000127a:	f7ff fe65 	bl	20000f48 <add_alarm_under_lock>
2000127e:	e032      	b.n	200012e6 <alarm_pool_alarm_callback+0x22a>
20001280:	4b55      	ldr	r3, [pc, #340]	; (200013d8 <alarm_pool_alarm_callback+0x31c>)
20001282:	4a51      	ldr	r2, [pc, #324]	; (200013c8 <alarm_pool_alarm_callback+0x30c>)
20001284:	21a1      	movs	r1, #161	; 0xa1
20001286:	484e      	ldr	r0, [pc, #312]	; (200013c0 <alarm_pool_alarm_callback+0x304>)
20001288:	f001 f960 	bl	2000254c <__assert_func>
2000128c:	2201      	movs	r2, #1
2000128e:	4252      	negs	r2, r2
20001290:	4b52      	ldr	r3, [pc, #328]	; (200013dc <alarm_pool_alarm_callback+0x320>)
20001292:	e7e6      	b.n	20001262 <alarm_pool_alarm_callback+0x1a6>
20001294:	4b45      	ldr	r3, [pc, #276]	; (200013ac <alarm_pool_alarm_callback+0x2f0>)
20001296:	4a46      	ldr	r2, [pc, #280]	; (200013b0 <alarm_pool_alarm_callback+0x2f4>)
20001298:	213f      	movs	r1, #63	; 0x3f
2000129a:	4846      	ldr	r0, [pc, #280]	; (200013b4 <alarm_pool_alarm_callback+0x2f8>)
2000129c:	f001 f956 	bl	2000254c <__assert_func>
200012a0:	2e00      	cmp	r6, #0
200012a2:	d101      	bne.n	200012a8 <alarm_pool_alarm_callback+0x1ec>
200012a4:	2d00      	cmp	r5, #0
200012a6:	d1b4      	bne.n	20001212 <alarm_pool_alarm_callback+0x156>
200012a8:	683b      	ldr	r3, [r7, #0]
200012aa:	2c00      	cmp	r4, #0
200012ac:	d050      	beq.n	20001350 <alarm_pool_alarm_callback+0x294>
200012ae:	7b5a      	ldrb	r2, [r3, #13]
200012b0:	4294      	cmp	r4, r2
200012b2:	d137      	bne.n	20001324 <alarm_pool_alarm_callback+0x268>
200012b4:	2101      	movs	r1, #1
200012b6:	2900      	cmp	r1, #0
200012b8:	d14a      	bne.n	20001350 <alarm_pool_alarm_callback+0x294>
200012ba:	7bda      	ldrb	r2, [r3, #15]
200012bc:	2a00      	cmp	r2, #0
200012be:	d14d      	bne.n	2000135c <alarm_pool_alarm_callback+0x2a0>
200012c0:	7b9a      	ldrb	r2, [r3, #14]
200012c2:	2a00      	cmp	r2, #0
200012c4:	d103      	bne.n	200012ce <alarm_pool_alarm_callback+0x212>
200012c6:	7bda      	ldrb	r2, [r3, #15]
200012c8:	2a00      	cmp	r2, #0
200012ca:	d15a      	bne.n	20001382 <alarm_pool_alarm_callback+0x2c6>
200012cc:	739c      	strb	r4, [r3, #14]
200012ce:	73dc      	strb	r4, [r3, #15]
200012d0:	2c00      	cmp	r4, #0
200012d2:	d05c      	beq.n	2000138e <alarm_pool_alarm_callback+0x2d2>
200012d4:	683b      	ldr	r3, [r7, #0]
200012d6:	7b1b      	ldrb	r3, [r3, #12]
200012d8:	429c      	cmp	r4, r3
200012da:	d858      	bhi.n	2000138e <alarm_pool_alarm_callback+0x2d2>
200012dc:	68fa      	ldr	r2, [r7, #12]
200012de:	3c01      	subs	r4, #1
200012e0:	5d13      	ldrb	r3, [r2, r4]
200012e2:	3301      	adds	r3, #1
200012e4:	5513      	strb	r3, [r2, r4]
200012e6:	2300      	movs	r3, #0
200012e8:	613b      	str	r3, [r7, #16]
200012ea:	687a      	ldr	r2, [r7, #4]
200012ec:	f3bf 8f5f 	dmb	sy
200012f0:	6013      	str	r3, [r2, #0]
200012f2:	f38b 8810 	msr	PRIMASK, fp
200012f6:	e743      	b.n	20001180 <alarm_pool_alarm_callback+0xc4>
200012f8:	4b37      	ldr	r3, [pc, #220]	; (200013d8 <alarm_pool_alarm_callback+0x31c>)
200012fa:	4a33      	ldr	r2, [pc, #204]	; (200013c8 <alarm_pool_alarm_callback+0x30c>)
200012fc:	21a4      	movs	r1, #164	; 0xa4
200012fe:	4830      	ldr	r0, [pc, #192]	; (200013c0 <alarm_pool_alarm_callback+0x304>)
20001300:	f001 f924 	bl	2000254c <__assert_func>
20001304:	4b29      	ldr	r3, [pc, #164]	; (200013ac <alarm_pool_alarm_callback+0x2f0>)
20001306:	4a2a      	ldr	r2, [pc, #168]	; (200013b0 <alarm_pool_alarm_callback+0x2f4>)
20001308:	213f      	movs	r1, #63	; 0x3f
2000130a:	482a      	ldr	r0, [pc, #168]	; (200013b4 <alarm_pool_alarm_callback+0x2f8>)
2000130c:	f001 f91e 	bl	2000254c <__assert_func>
20001310:	2201      	movs	r2, #1
20001312:	4252      	negs	r2, r2
20001314:	4b31      	ldr	r3, [pc, #196]	; (200013dc <alarm_pool_alarm_callback+0x320>)
20001316:	e78a      	b.n	2000122e <alarm_pool_alarm_callback+0x172>
20001318:	4b24      	ldr	r3, [pc, #144]	; (200013ac <alarm_pool_alarm_callback+0x2f0>)
2000131a:	4a25      	ldr	r2, [pc, #148]	; (200013b0 <alarm_pool_alarm_callback+0x2f4>)
2000131c:	213f      	movs	r1, #63	; 0x3f
2000131e:	4825      	ldr	r0, [pc, #148]	; (200013b4 <alarm_pool_alarm_callback+0x2f8>)
20001320:	f001 f914 	bl	2000254c <__assert_func>
20001324:	2c00      	cmp	r4, #0
20001326:	d00d      	beq.n	20001344 <alarm_pool_alarm_callback+0x288>
20001328:	7b1a      	ldrb	r2, [r3, #12]
2000132a:	4294      	cmp	r4, r2
2000132c:	d80a      	bhi.n	20001344 <alarm_pool_alarm_callback+0x288>
2000132e:	0062      	lsls	r2, r4, #1
20001330:	1912      	adds	r2, r2, r4
20001332:	3a03      	subs	r2, #3
20001334:	6818      	ldr	r0, [r3, #0]
20001336:	4684      	mov	ip, r0
20001338:	4462      	add	r2, ip
2000133a:	7892      	ldrb	r2, [r2, #2]
2000133c:	2a00      	cmp	r2, #0
2000133e:	d0ba      	beq.n	200012b6 <alarm_pool_alarm_callback+0x1fa>
20001340:	2101      	movs	r1, #1
20001342:	e7b8      	b.n	200012b6 <alarm_pool_alarm_callback+0x1fa>
20001344:	4b26      	ldr	r3, [pc, #152]	; (200013e0 <alarm_pool_alarm_callback+0x324>)
20001346:	4a27      	ldr	r2, [pc, #156]	; (200013e4 <alarm_pool_alarm_callback+0x328>)
20001348:	2168      	movs	r1, #104	; 0x68
2000134a:	4827      	ldr	r0, [pc, #156]	; (200013e8 <alarm_pool_alarm_callback+0x32c>)
2000134c:	f001 f8fe 	bl	2000254c <__assert_func>
20001350:	4b26      	ldr	r3, [pc, #152]	; (200013ec <alarm_pool_alarm_callback+0x330>)
20001352:	4a27      	ldr	r2, [pc, #156]	; (200013f0 <alarm_pool_alarm_callback+0x334>)
20001354:	21f6      	movs	r1, #246	; 0xf6
20001356:	4824      	ldr	r0, [pc, #144]	; (200013e8 <alarm_pool_alarm_callback+0x32c>)
20001358:	f001 f8f8 	bl	2000254c <__assert_func>
2000135c:	2a00      	cmp	r2, #0
2000135e:	d00a      	beq.n	20001376 <alarm_pool_alarm_callback+0x2ba>
20001360:	7b19      	ldrb	r1, [r3, #12]
20001362:	428a      	cmp	r2, r1
20001364:	d807      	bhi.n	20001376 <alarm_pool_alarm_callback+0x2ba>
20001366:	0051      	lsls	r1, r2, #1
20001368:	188a      	adds	r2, r1, r2
2000136a:	3a03      	subs	r2, #3
2000136c:	6819      	ldr	r1, [r3, #0]
2000136e:	468c      	mov	ip, r1
20001370:	4462      	add	r2, ip
20001372:	7054      	strb	r4, [r2, #1]
20001374:	e7a4      	b.n	200012c0 <alarm_pool_alarm_callback+0x204>
20001376:	4b1a      	ldr	r3, [pc, #104]	; (200013e0 <alarm_pool_alarm_callback+0x324>)
20001378:	4a1a      	ldr	r2, [pc, #104]	; (200013e4 <alarm_pool_alarm_callback+0x328>)
2000137a:	2168      	movs	r1, #104	; 0x68
2000137c:	481a      	ldr	r0, [pc, #104]	; (200013e8 <alarm_pool_alarm_callback+0x32c>)
2000137e:	f001 f8e5 	bl	2000254c <__assert_func>
20001382:	4b1c      	ldr	r3, [pc, #112]	; (200013f4 <alarm_pool_alarm_callback+0x338>)
20001384:	4a1a      	ldr	r2, [pc, #104]	; (200013f0 <alarm_pool_alarm_callback+0x334>)
20001386:	21fb      	movs	r1, #251	; 0xfb
20001388:	4817      	ldr	r0, [pc, #92]	; (200013e8 <alarm_pool_alarm_callback+0x32c>)
2000138a:	f001 f8df 	bl	2000254c <__assert_func>
2000138e:	4b0a      	ldr	r3, [pc, #40]	; (200013b8 <alarm_pool_alarm_callback+0x2fc>)
20001390:	4a0f      	ldr	r2, [pc, #60]	; (200013d0 <alarm_pool_alarm_callback+0x314>)
20001392:	2141      	movs	r1, #65	; 0x41
20001394:	480a      	ldr	r0, [pc, #40]	; (200013c0 <alarm_pool_alarm_callback+0x304>)
20001396:	f001 f8d9 	bl	2000254c <__assert_func>
2000139a:	b00b      	add	sp, #44	; 0x2c
2000139c:	bcf0      	pop	{r4, r5, r6, r7}
2000139e:	46bb      	mov	fp, r7
200013a0:	46b2      	mov	sl, r6
200013a2:	46a9      	mov	r9, r5
200013a4:	46a0      	mov	r8, r4
200013a6:	bdf0      	pop	{r4, r5, r6, r7, pc}
200013a8:	20005b1c 	.word	0x20005b1c
200013ac:	20004724 	.word	0x20004724
200013b0:	20004d60 	.word	0x20004d60
200013b4:	20004740 	.word	0x20004740
200013b8:	20004b34 	.word	0x20004b34
200013bc:	20004d94 	.word	0x20004d94
200013c0:	20004b00 	.word	0x20004b00
200013c4:	20004c14 	.word	0x20004c14
200013c8:	20004d78 	.word	0x20004d78
200013cc:	20004c2c 	.word	0x20004c2c
200013d0:	20004db8 	.word	0x20004db8
200013d4:	0fffffff 	.word	0x0fffffff
200013d8:	20004c38 	.word	0x20004c38
200013dc:	7fffffff 	.word	0x7fffffff
200013e0:	20004b58 	.word	0x20004b58
200013e4:	20004e00 	.word	0x20004e00
200013e8:	20004b74 	.word	0x20004b74
200013ec:	20004c74 	.word	0x20004c74
200013f0:	20004dcc 	.word	0x20004dcc
200013f4:	20004c98 	.word	0x20004c98

200013f8 <alarm_pool_init_default>:
200013f8:	b510      	push	{r4, lr}
200013fa:	4b0c      	ldr	r3, [pc, #48]	; (2000142c <alarm_pool_init_default+0x34>)
200013fc:	685b      	ldr	r3, [r3, #4]
200013fe:	2b00      	cmp	r3, #0
20001400:	d004      	beq.n	2000140c <alarm_pool_init_default+0x14>
20001402:	210a      	movs	r1, #10
20001404:	480a      	ldr	r0, [pc, #40]	; (20001430 <alarm_pool_init_default+0x38>)
20001406:	f7ff fc93 	bl	20000d30 <lock_init>
2000140a:	bd10      	pop	{r4, pc}
2000140c:	4c07      	ldr	r4, [pc, #28]	; (2000142c <alarm_pool_init_default+0x34>)
2000140e:	0023      	movs	r3, r4
20001410:	4a08      	ldr	r2, [pc, #32]	; (20001434 <alarm_pool_init_default+0x3c>)
20001412:	2110      	movs	r1, #16
20001414:	6820      	ldr	r0, [r4, #0]
20001416:	f000 fc7d 	bl	20001d14 <ph_post_alloc_init>
2000141a:	2003      	movs	r0, #3
2000141c:	f000 faa4 	bl	20001968 <hardware_alarm_claim>
20001420:	2103      	movs	r1, #3
20001422:	0020      	movs	r0, r4
20001424:	f7ff fca8 	bl	20000d78 <alarm_pool_post_alloc_init>
20001428:	e7eb      	b.n	20001402 <alarm_pool_init_default+0xa>
2000142a:	46c0      	nop			; (mov r8, r8)
2000142c:	20005810 	.word	0x20005810
20001430:	20005d38 	.word	0x20005d38
20001434:	20000de9 	.word	0x20000de9

20001438 <alarm_pool_get_default>:
20001438:	b510      	push	{r4, lr}
2000143a:	4b06      	ldr	r3, [pc, #24]	; (20001454 <alarm_pool_get_default+0x1c>)
2000143c:	685b      	ldr	r3, [r3, #4]
2000143e:	2b00      	cmp	r3, #0
20001440:	d001      	beq.n	20001446 <alarm_pool_get_default+0xe>
20001442:	4804      	ldr	r0, [pc, #16]	; (20001454 <alarm_pool_get_default+0x1c>)
20001444:	bd10      	pop	{r4, pc}
20001446:	4b04      	ldr	r3, [pc, #16]	; (20001458 <alarm_pool_get_default+0x20>)
20001448:	4a04      	ldr	r2, [pc, #16]	; (2000145c <alarm_pool_get_default+0x24>)
2000144a:	215e      	movs	r1, #94	; 0x5e
2000144c:	4804      	ldr	r0, [pc, #16]	; (20001460 <alarm_pool_get_default+0x28>)
2000144e:	f001 f87d 	bl	2000254c <__assert_func>
20001452:	46c0      	nop			; (mov r8, r8)
20001454:	20005810 	.word	0x20005810
20001458:	20004cac 	.word	0x20004cac
2000145c:	20004da0 	.word	0x20004da0
20001460:	20004b00 	.word	0x20004b00

20001464 <alarm_pool_add_alarm_at>:
20001464:	b5f0      	push	{r4, r5, r6, r7, lr}
20001466:	46de      	mov	lr, fp
20001468:	4657      	mov	r7, sl
2000146a:	464e      	mov	r6, r9
2000146c:	4645      	mov	r5, r8
2000146e:	b5e0      	push	{r5, r6, r7, lr}
20001470:	b08b      	sub	sp, #44	; 0x2c
20001472:	4680      	mov	r8, r0
20001474:	0016      	movs	r6, r2
20001476:	001f      	movs	r7, r3
20001478:	9b14      	ldr	r3, [sp, #80]	; 0x50
2000147a:	469a      	mov	sl, r3
2000147c:	9b15      	ldr	r3, [sp, #84]	; 0x54
2000147e:	4699      	mov	r9, r3
20001480:	ab16      	add	r3, sp, #88	; 0x58
20001482:	781b      	ldrb	r3, [r3, #0]
20001484:	469b      	mov	fp, r3
20001486:	231f      	movs	r3, #31
20001488:	aa02      	add	r2, sp, #8
2000148a:	4694      	mov	ip, r2
2000148c:	4463      	add	r3, ip
2000148e:	2200      	movs	r2, #0
20001490:	701a      	strb	r2, [r3, #0]
20001492:	e02b      	b.n	200014ec <alarm_pool_add_alarm_at+0x88>
20001494:	2800      	cmp	r0, #0
20001496:	d009      	beq.n	200014ac <alarm_pool_add_alarm_at+0x48>
20001498:	4642      	mov	r2, r8
2000149a:	6812      	ldr	r2, [r2, #0]
2000149c:	7b12      	ldrb	r2, [r2, #12]
2000149e:	4290      	cmp	r0, r2
200014a0:	d804      	bhi.n	200014ac <alarm_pool_add_alarm_at+0x48>
200014a2:	1e42      	subs	r2, r0, #1
200014a4:	4641      	mov	r1, r8
200014a6:	68c9      	ldr	r1, [r1, #12]
200014a8:	5c8a      	ldrb	r2, [r1, r2]
200014aa:	e041      	b.n	20001530 <alarm_pool_add_alarm_at+0xcc>
200014ac:	4b40      	ldr	r3, [pc, #256]	; (200015b0 <alarm_pool_add_alarm_at+0x14c>)
200014ae:	4a41      	ldr	r2, [pc, #260]	; (200015b4 <alarm_pool_add_alarm_at+0x150>)
200014b0:	2141      	movs	r1, #65	; 0x41
200014b2:	4841      	ldr	r0, [pc, #260]	; (200015b8 <alarm_pool_add_alarm_at+0x154>)
200014b4:	f001 f84a 	bl	2000254c <__assert_func>
200014b8:	9807      	ldr	r0, [sp, #28]
200014ba:	e04c      	b.n	20001556 <alarm_pool_add_alarm_at+0xf2>
200014bc:	1b36      	subs	r6, r6, r4
200014be:	41af      	sbcs	r7, r5
200014c0:	2f00      	cmp	r7, #0
200014c2:	db07      	blt.n	200014d4 <alarm_pool_add_alarm_at+0x70>
200014c4:	2f00      	cmp	r7, #0
200014c6:	da11      	bge.n	200014ec <alarm_pool_add_alarm_at+0x88>
200014c8:	4b3c      	ldr	r3, [pc, #240]	; (200015bc <alarm_pool_add_alarm_at+0x158>)
200014ca:	4a3d      	ldr	r2, [pc, #244]	; (200015c0 <alarm_pool_add_alarm_at+0x15c>)
200014cc:	213f      	movs	r1, #63	; 0x3f
200014ce:	483d      	ldr	r0, [pc, #244]	; (200015c4 <alarm_pool_add_alarm_at+0x160>)
200014d0:	f001 f83c 	bl	2000254c <__assert_func>
200014d4:	2601      	movs	r6, #1
200014d6:	4276      	negs	r6, r6
200014d8:	4f3b      	ldr	r7, [pc, #236]	; (200015c8 <alarm_pool_add_alarm_at+0x164>)
200014da:	e7f3      	b.n	200014c4 <alarm_pool_add_alarm_at+0x60>
200014dc:	4b37      	ldr	r3, [pc, #220]	; (200015bc <alarm_pool_add_alarm_at+0x158>)
200014de:	4a38      	ldr	r2, [pc, #224]	; (200015c0 <alarm_pool_add_alarm_at+0x15c>)
200014e0:	213f      	movs	r1, #63	; 0x3f
200014e2:	4838      	ldr	r0, [pc, #224]	; (200015c4 <alarm_pool_add_alarm_at+0x160>)
200014e4:	f001 f832 	bl	2000254c <__assert_func>
200014e8:	2f00      	cmp	r7, #0
200014ea:	db4f      	blt.n	2000158c <alarm_pool_add_alarm_at+0x128>
200014ec:	4643      	mov	r3, r8
200014ee:	685a      	ldr	r2, [r3, #4]
200014f0:	f3ef 8410 	mrs	r4, PRIMASK
200014f4:	b672      	cpsid	i
200014f6:	6813      	ldr	r3, [r2, #0]
200014f8:	4259      	negs	r1, r3
200014fa:	414b      	adcs	r3, r1
200014fc:	b2d9      	uxtb	r1, r3
200014fe:	9107      	str	r1, [sp, #28]
20001500:	2b00      	cmp	r3, #0
20001502:	d1f8      	bne.n	200014f6 <alarm_pool_add_alarm_at+0x92>
20001504:	f3bf 8f5f 	dmb	sy
20001508:	331f      	adds	r3, #31
2000150a:	aa02      	add	r2, sp, #8
2000150c:	4694      	mov	ip, r2
2000150e:	4463      	add	r3, ip
20001510:	9304      	str	r3, [sp, #16]
20001512:	2300      	movs	r3, #0
20001514:	9303      	str	r3, [sp, #12]
20001516:	9302      	str	r3, [sp, #8]
20001518:	464b      	mov	r3, r9
2000151a:	9301      	str	r3, [sp, #4]
2000151c:	4653      	mov	r3, sl
2000151e:	9300      	str	r3, [sp, #0]
20001520:	0032      	movs	r2, r6
20001522:	003b      	movs	r3, r7
20001524:	4640      	mov	r0, r8
20001526:	f7ff fd0f 	bl	20000f48 <add_alarm_under_lock>
2000152a:	1e03      	subs	r3, r0, #0
2000152c:	d1b2      	bne.n	20001494 <alarm_pool_add_alarm_at+0x30>
2000152e:	0002      	movs	r2, r0
20001530:	4641      	mov	r1, r8
20001532:	6849      	ldr	r1, [r1, #4]
20001534:	f3bf 8f5f 	dmb	sy
20001538:	2500      	movs	r5, #0
2000153a:	600d      	str	r5, [r1, #0]
2000153c:	f384 8810 	msr	PRIMASK, r4
20001540:	2b00      	cmp	r3, #0
20001542:	d029      	beq.n	20001598 <alarm_pool_add_alarm_at+0x134>
20001544:	231f      	movs	r3, #31
20001546:	a902      	add	r1, sp, #8
20001548:	468c      	mov	ip, r1
2000154a:	4463      	add	r3, ip
2000154c:	781b      	ldrb	r3, [r3, #0]
2000154e:	2b00      	cmp	r3, #0
20001550:	d1b2      	bne.n	200014b8 <alarm_pool_add_alarm_at+0x54>
20001552:	0212      	lsls	r2, r2, #8
20001554:	4310      	orrs	r0, r2
20001556:	2b00      	cmp	r3, #0
20001558:	d020      	beq.n	2000159c <alarm_pool_add_alarm_at+0x138>
2000155a:	465b      	mov	r3, fp
2000155c:	2b00      	cmp	r3, #0
2000155e:	d01d      	beq.n	2000159c <alarm_pool_add_alarm_at+0x138>
20001560:	4649      	mov	r1, r9
20001562:	47d0      	blx	sl
20001564:	0004      	movs	r4, r0
20001566:	000d      	movs	r5, r1
20001568:	0003      	movs	r3, r0
2000156a:	430b      	orrs	r3, r1
2000156c:	d01d      	beq.n	200015aa <alarm_pool_add_alarm_at+0x146>
2000156e:	2900      	cmp	r1, #0
20001570:	dba4      	blt.n	200014bc <alarm_pool_add_alarm_at+0x58>
20001572:	f000 fa05 	bl	20001980 <time_us_64>
20001576:	0006      	movs	r6, r0
20001578:	1e0f      	subs	r7, r1, #0
2000157a:	dbaf      	blt.n	200014dc <alarm_pool_add_alarm_at+0x78>
2000157c:	1936      	adds	r6, r6, r4
2000157e:	416f      	adcs	r7, r5
20001580:	2f00      	cmp	r7, #0
20001582:	dab1      	bge.n	200014e8 <alarm_pool_add_alarm_at+0x84>
20001584:	2601      	movs	r6, #1
20001586:	4276      	negs	r6, r6
20001588:	4f0f      	ldr	r7, [pc, #60]	; (200015c8 <alarm_pool_add_alarm_at+0x164>)
2000158a:	e7ad      	b.n	200014e8 <alarm_pool_add_alarm_at+0x84>
2000158c:	4b0b      	ldr	r3, [pc, #44]	; (200015bc <alarm_pool_add_alarm_at+0x158>)
2000158e:	4a0c      	ldr	r2, [pc, #48]	; (200015c0 <alarm_pool_add_alarm_at+0x15c>)
20001590:	213f      	movs	r1, #63	; 0x3f
20001592:	480c      	ldr	r0, [pc, #48]	; (200015c4 <alarm_pool_add_alarm_at+0x160>)
20001594:	f000 ffda 	bl	2000254c <__assert_func>
20001598:	2001      	movs	r0, #1
2000159a:	4240      	negs	r0, r0
2000159c:	b00b      	add	sp, #44	; 0x2c
2000159e:	bcf0      	pop	{r4, r5, r6, r7}
200015a0:	46bb      	mov	fp, r7
200015a2:	46b2      	mov	sl, r6
200015a4:	46a9      	mov	r9, r5
200015a6:	46a0      	mov	r8, r4
200015a8:	bdf0      	pop	{r4, r5, r6, r7, pc}
200015aa:	9807      	ldr	r0, [sp, #28]
200015ac:	e7f6      	b.n	2000159c <alarm_pool_add_alarm_at+0x138>
200015ae:	46c0      	nop			; (mov r8, r8)
200015b0:	20004b34 	.word	0x20004b34
200015b4:	20004db8 	.word	0x20004db8
200015b8:	20004b00 	.word	0x20004b00
200015bc:	20004724 	.word	0x20004724
200015c0:	20004d60 	.word	0x20004d60
200015c4:	20004740 	.word	0x20004740
200015c8:	7fffffff 	.word	0x7fffffff

200015cc <alarm_pool_cancel_alarm>:
200015cc:	b5f8      	push	{r3, r4, r5, r6, r7, lr}
200015ce:	0004      	movs	r4, r0
200015d0:	2900      	cmp	r1, #0
200015d2:	d100      	bne.n	200015d6 <alarm_pool_cancel_alarm+0xa>
200015d4:	e062      	b.n	2000169c <alarm_pool_cancel_alarm+0xd0>
200015d6:	6842      	ldr	r2, [r0, #4]
200015d8:	f3ef 8510 	mrs	r5, PRIMASK
200015dc:	b672      	cpsid	i
200015de:	6813      	ldr	r3, [r2, #0]
200015e0:	4258      	negs	r0, r3
200015e2:	4143      	adcs	r3, r0
200015e4:	b2d8      	uxtb	r0, r3
200015e6:	2b00      	cmp	r3, #0
200015e8:	d1f9      	bne.n	200015de <alarm_pool_cancel_alarm+0x12>
200015ea:	f3bf 8f5f 	dmb	sy
200015ee:	b2cb      	uxtb	r3, r1
200015f0:	6822      	ldr	r2, [r4, #0]
200015f2:	7b56      	ldrb	r6, [r2, #13]
200015f4:	42b3      	cmp	r3, r6
200015f6:	d11b      	bne.n	20001630 <alarm_pool_cancel_alarm+0x64>
200015f8:	2001      	movs	r0, #1
200015fa:	2800      	cmp	r0, #0
200015fc:	d048      	beq.n	20001690 <alarm_pool_cancel_alarm+0xc4>
200015fe:	6920      	ldr	r0, [r4, #16]
20001600:	4288      	cmp	r0, r1
20001602:	d02b      	beq.n	2000165c <alarm_pool_cancel_alarm+0x90>
20001604:	0a09      	lsrs	r1, r1, #8
20001606:	b2c9      	uxtb	r1, r1
20001608:	2b00      	cmp	r3, #0
2000160a:	d02e      	beq.n	2000166a <alarm_pool_cancel_alarm+0x9e>
2000160c:	6820      	ldr	r0, [r4, #0]
2000160e:	7b00      	ldrb	r0, [r0, #12]
20001610:	4283      	cmp	r3, r0
20001612:	d82a      	bhi.n	2000166a <alarm_pool_cancel_alarm+0x9e>
20001614:	1e58      	subs	r0, r3, #1
20001616:	68e6      	ldr	r6, [r4, #12]
20001618:	5c30      	ldrb	r0, [r6, r0]
2000161a:	4288      	cmp	r0, r1
2000161c:	d02b      	beq.n	20001676 <alarm_pool_cancel_alarm+0xaa>
2000161e:	2000      	movs	r0, #0
20001620:	6863      	ldr	r3, [r4, #4]
20001622:	f3bf 8f5f 	dmb	sy
20001626:	2200      	movs	r2, #0
20001628:	601a      	str	r2, [r3, #0]
2000162a:	f385 8810 	msr	PRIMASK, r5
2000162e:	bdf8      	pop	{r3, r4, r5, r6, r7, pc}
20001630:	2b00      	cmp	r3, #0
20001632:	d00d      	beq.n	20001650 <alarm_pool_cancel_alarm+0x84>
20001634:	7b16      	ldrb	r6, [r2, #12]
20001636:	42b3      	cmp	r3, r6
20001638:	d80a      	bhi.n	20001650 <alarm_pool_cancel_alarm+0x84>
2000163a:	005e      	lsls	r6, r3, #1
2000163c:	18f6      	adds	r6, r6, r3
2000163e:	3e03      	subs	r6, #3
20001640:	6817      	ldr	r7, [r2, #0]
20001642:	46bc      	mov	ip, r7
20001644:	4466      	add	r6, ip
20001646:	78b6      	ldrb	r6, [r6, #2]
20001648:	2e00      	cmp	r6, #0
2000164a:	d0d6      	beq.n	200015fa <alarm_pool_cancel_alarm+0x2e>
2000164c:	2001      	movs	r0, #1
2000164e:	e7d4      	b.n	200015fa <alarm_pool_cancel_alarm+0x2e>
20001650:	4b13      	ldr	r3, [pc, #76]	; (200016a0 <alarm_pool_cancel_alarm+0xd4>)
20001652:	4a14      	ldr	r2, [pc, #80]	; (200016a4 <alarm_pool_cancel_alarm+0xd8>)
20001654:	2168      	movs	r1, #104	; 0x68
20001656:	4814      	ldr	r0, [pc, #80]	; (200016a8 <alarm_pool_cancel_alarm+0xdc>)
20001658:	f000 ff78 	bl	2000254c <__assert_func>
2000165c:	212c      	movs	r1, #44	; 0x2c
2000165e:	4b13      	ldr	r3, [pc, #76]	; (200016ac <alarm_pool_cancel_alarm+0xe0>)
20001660:	4a13      	ldr	r2, [pc, #76]	; (200016b0 <alarm_pool_cancel_alarm+0xe4>)
20001662:	31ff      	adds	r1, #255	; 0xff
20001664:	4813      	ldr	r0, [pc, #76]	; (200016b4 <alarm_pool_cancel_alarm+0xe8>)
20001666:	f000 ff71 	bl	2000254c <__assert_func>
2000166a:	4b13      	ldr	r3, [pc, #76]	; (200016b8 <alarm_pool_cancel_alarm+0xec>)
2000166c:	4a13      	ldr	r2, [pc, #76]	; (200016bc <alarm_pool_cancel_alarm+0xf0>)
2000166e:	2141      	movs	r1, #65	; 0x41
20001670:	4810      	ldr	r0, [pc, #64]	; (200016b4 <alarm_pool_cancel_alarm+0xe8>)
20001672:	f000 ff6b 	bl	2000254c <__assert_func>
20001676:	0019      	movs	r1, r3
20001678:	0010      	movs	r0, r2
2000167a:	f000 fc45 	bl	20001f08 <ph_remove_and_free_node>
2000167e:	2800      	cmp	r0, #0
20001680:	d1ce      	bne.n	20001620 <alarm_pool_cancel_alarm+0x54>
20001682:	2199      	movs	r1, #153	; 0x99
20001684:	4b0e      	ldr	r3, [pc, #56]	; (200016c0 <alarm_pool_cancel_alarm+0xf4>)
20001686:	4a0a      	ldr	r2, [pc, #40]	; (200016b0 <alarm_pool_cancel_alarm+0xe4>)
20001688:	0049      	lsls	r1, r1, #1
2000168a:	480a      	ldr	r0, [pc, #40]	; (200016b4 <alarm_pool_cancel_alarm+0xe8>)
2000168c:	f000 ff5e 	bl	2000254c <__assert_func>
20001690:	6923      	ldr	r3, [r4, #16]
20001692:	428b      	cmp	r3, r1
20001694:	d1c4      	bne.n	20001620 <alarm_pool_cancel_alarm+0x54>
20001696:	2300      	movs	r3, #0
20001698:	6123      	str	r3, [r4, #16]
2000169a:	e7c1      	b.n	20001620 <alarm_pool_cancel_alarm+0x54>
2000169c:	2000      	movs	r0, #0
2000169e:	e7c6      	b.n	2000162e <alarm_pool_cancel_alarm+0x62>
200016a0:	20004b58 	.word	0x20004b58
200016a4:	20004e00 	.word	0x20004e00
200016a8:	20004b74 	.word	0x20004b74
200016ac:	20004cd0 	.word	0x20004cd0
200016b0:	20004d48 	.word	0x20004d48
200016b4:	20004b00 	.word	0x20004b00
200016b8:	20004b34 	.word	0x20004b34
200016bc:	20004db8 	.word	0x20004db8
200016c0:	20004cf4 	.word	0x20004cf4

200016c4 <sleep_until>:
200016c4:	b5f0      	push	{r4, r5, r6, r7, lr}
200016c6:	b087      	sub	sp, #28
200016c8:	0006      	movs	r6, r0
200016ca:	000f      	movs	r7, r1
200016cc:	f3ef 8305 	mrs	r3, IPSR
200016d0:	2b00      	cmp	r3, #0
200016d2:	d11f      	bne.n	20001714 <sleep_until+0x50>
200016d4:	2406      	movs	r4, #6
200016d6:	4264      	negs	r4, r4
200016d8:	17e5      	asrs	r5, r4, #31
200016da:	19a4      	adds	r4, r4, r6
200016dc:	417d      	adcs	r5, r7
200016de:	428d      	cmp	r5, r1
200016e0:	d802      	bhi.n	200016e8 <sleep_until+0x24>
200016e2:	d103      	bne.n	200016ec <sleep_until+0x28>
200016e4:	4284      	cmp	r4, r0
200016e6:	d901      	bls.n	200016ec <sleep_until+0x28>
200016e8:	2400      	movs	r4, #0
200016ea:	2500      	movs	r5, #0
200016ec:	2d00      	cmp	r5, #0
200016ee:	db14      	blt.n	2000171a <sleep_until+0x56>
200016f0:	9404      	str	r4, [sp, #16]
200016f2:	9505      	str	r5, [sp, #20]
200016f4:	f000 f944 	bl	20001980 <time_us_64>
200016f8:	0002      	movs	r2, r0
200016fa:	1e0b      	subs	r3, r1, #0
200016fc:	db13      	blt.n	20001726 <sleep_until+0x62>
200016fe:	1aa4      	subs	r4, r4, r2
20001700:	419d      	sbcs	r5, r3
20001702:	2d00      	cmp	r5, #0
20001704:	dc17      	bgt.n	20001736 <sleep_until+0x72>
20001706:	d014      	beq.n	20001732 <sleep_until+0x6e>
20001708:	0030      	movs	r0, r6
2000170a:	0039      	movs	r1, r7
2000170c:	f000 f944 	bl	20001998 <busy_wait_until>
20001710:	b007      	add	sp, #28
20001712:	bdf0      	pop	{r4, r5, r6, r7, pc}
20001714:	4823      	ldr	r0, [pc, #140]	; (200017a4 <sleep_until+0xe0>)
20001716:	f000 ffb3 	bl	20002680 <panic>
2000171a:	4b23      	ldr	r3, [pc, #140]	; (200017a8 <sleep_until+0xe4>)
2000171c:	4a23      	ldr	r2, [pc, #140]	; (200017ac <sleep_until+0xe8>)
2000171e:	213f      	movs	r1, #63	; 0x3f
20001720:	4823      	ldr	r0, [pc, #140]	; (200017b0 <sleep_until+0xec>)
20001722:	f000 ff13 	bl	2000254c <__assert_func>
20001726:	4b20      	ldr	r3, [pc, #128]	; (200017a8 <sleep_until+0xe4>)
20001728:	4a20      	ldr	r2, [pc, #128]	; (200017ac <sleep_until+0xe8>)
2000172a:	213f      	movs	r1, #63	; 0x3f
2000172c:	4820      	ldr	r0, [pc, #128]	; (200017b0 <sleep_until+0xec>)
2000172e:	f000 ff0d 	bl	2000254c <__assert_func>
20001732:	2c00      	cmp	r4, #0
20001734:	d0e8      	beq.n	20001708 <sleep_until+0x44>
20001736:	f7ff fe7f 	bl	20001438 <alarm_pool_get_default>
2000173a:	2300      	movs	r3, #0
2000173c:	9302      	str	r3, [sp, #8]
2000173e:	9301      	str	r3, [sp, #4]
20001740:	4b1c      	ldr	r3, [pc, #112]	; (200017b4 <sleep_until+0xf0>)
20001742:	9300      	str	r3, [sp, #0]
20001744:	9a04      	ldr	r2, [sp, #16]
20001746:	9b05      	ldr	r3, [sp, #20]
20001748:	f7ff fe8c 	bl	20001464 <alarm_pool_add_alarm_at>
2000174c:	2800      	cmp	r0, #0
2000174e:	da18      	bge.n	20001782 <sleep_until+0xbe>
20001750:	e7da      	b.n	20001708 <sleep_until+0x44>
20001752:	2300      	movs	r3, #0
20001754:	e000      	b.n	20001758 <sleep_until+0x94>
20001756:	2300      	movs	r3, #0
20001758:	2b00      	cmp	r3, #0
2000175a:	d1d5      	bne.n	20001708 <sleep_until+0x44>
2000175c:	4b16      	ldr	r3, [pc, #88]	; (200017b8 <sleep_until+0xf4>)
2000175e:	681a      	ldr	r2, [r3, #0]
20001760:	f3ef 8110 	mrs	r1, PRIMASK
20001764:	b672      	cpsid	i
20001766:	6813      	ldr	r3, [r2, #0]
20001768:	2b00      	cmp	r3, #0
2000176a:	d0fc      	beq.n	20001766 <sleep_until+0xa2>
2000176c:	f3bf 8f5f 	dmb	sy
20001770:	4b11      	ldr	r3, [pc, #68]	; (200017b8 <sleep_until+0xf4>)
20001772:	681b      	ldr	r3, [r3, #0]
20001774:	f3bf 8f5f 	dmb	sy
20001778:	2200      	movs	r2, #0
2000177a:	601a      	str	r2, [r3, #0]
2000177c:	f381 8810 	msr	PRIMASK, r1
20001780:	bf20      	wfe
20001782:	9904      	ldr	r1, [sp, #16]
20001784:	9a05      	ldr	r2, [sp, #20]
20001786:	4b0d      	ldr	r3, [pc, #52]	; (200017bc <sleep_until+0xf8>)
20001788:	6a5b      	ldr	r3, [r3, #36]	; 0x24
2000178a:	429a      	cmp	r2, r3
2000178c:	d8e3      	bhi.n	20001756 <sleep_until+0x92>
2000178e:	480b      	ldr	r0, [pc, #44]	; (200017bc <sleep_until+0xf8>)
20001790:	6a80      	ldr	r0, [r0, #40]	; 0x28
20001792:	4288      	cmp	r0, r1
20001794:	d203      	bcs.n	2000179e <sleep_until+0xda>
20001796:	429a      	cmp	r2, r3
20001798:	d0db      	beq.n	20001752 <sleep_until+0x8e>
2000179a:	2301      	movs	r3, #1
2000179c:	e7dc      	b.n	20001758 <sleep_until+0x94>
2000179e:	2301      	movs	r3, #1
200017a0:	e7da      	b.n	20001758 <sleep_until+0x94>
200017a2:	46c0      	nop			; (mov r8, r8)
200017a4:	20004cf8 	.word	0x20004cf8
200017a8:	20004724 	.word	0x20004724
200017ac:	20004d60 	.word	0x20004d60
200017b0:	20004740 	.word	0x20004740
200017b4:	20000db9 	.word	0x20000db9
200017b8:	20005d38 	.word	0x20005d38
200017bc:	40054000 	.word	0x40054000

200017c0 <sleep_us>:
200017c0:	b570      	push	{r4, r5, r6, lr}
200017c2:	0004      	movs	r4, r0
200017c4:	000d      	movs	r5, r1
200017c6:	f000 f8db 	bl	20001980 <time_us_64>
200017ca:	0002      	movs	r2, r0
200017cc:	1e0b      	subs	r3, r1, #0
200017ce:	db0a      	blt.n	200017e6 <sleep_us+0x26>
200017d0:	0020      	movs	r0, r4
200017d2:	0029      	movs	r1, r5
200017d4:	1880      	adds	r0, r0, r2
200017d6:	4159      	adcs	r1, r3
200017d8:	2900      	cmp	r1, #0
200017da:	db0a      	blt.n	200017f2 <sleep_us+0x32>
200017dc:	2900      	cmp	r1, #0
200017de:	db0c      	blt.n	200017fa <sleep_us+0x3a>
200017e0:	f7ff ff70 	bl	200016c4 <sleep_until>
200017e4:	bd70      	pop	{r4, r5, r6, pc}
200017e6:	4b08      	ldr	r3, [pc, #32]	; (20001808 <sleep_us+0x48>)
200017e8:	4a08      	ldr	r2, [pc, #32]	; (2000180c <sleep_us+0x4c>)
200017ea:	213f      	movs	r1, #63	; 0x3f
200017ec:	4808      	ldr	r0, [pc, #32]	; (20001810 <sleep_us+0x50>)
200017ee:	f000 fead 	bl	2000254c <__assert_func>
200017f2:	2001      	movs	r0, #1
200017f4:	4240      	negs	r0, r0
200017f6:	4907      	ldr	r1, [pc, #28]	; (20001814 <sleep_us+0x54>)
200017f8:	e7f0      	b.n	200017dc <sleep_us+0x1c>
200017fa:	4b03      	ldr	r3, [pc, #12]	; (20001808 <sleep_us+0x48>)
200017fc:	4a03      	ldr	r2, [pc, #12]	; (2000180c <sleep_us+0x4c>)
200017fe:	213f      	movs	r1, #63	; 0x3f
20001800:	4803      	ldr	r0, [pc, #12]	; (20001810 <sleep_us+0x50>)
20001802:	f000 fea3 	bl	2000254c <__assert_func>
20001806:	46c0      	nop			; (mov r8, r8)
20001808:	20004724 	.word	0x20004724
2000180c:	20004d60 	.word	0x20004d60
20001810:	20004740 	.word	0x20004740
20001814:	7fffffff 	.word	0x7fffffff

20001818 <sleep_ms>:
20001818:	b510      	push	{r4, lr}
2000181a:	22fa      	movs	r2, #250	; 0xfa
2000181c:	0092      	lsls	r2, r2, #2
2000181e:	2300      	movs	r3, #0
20001820:	2100      	movs	r1, #0
20001822:	f002 fbef 	bl	20004004 <__wrap___aeabi_lmul>
20001826:	f7ff ffcb 	bl	200017c0 <sleep_us>
2000182a:	bd10      	pop	{r4, pc}

2000182c <best_effort_wfe_or_timeout>:
2000182c:	b570      	push	{r4, r5, r6, lr}
2000182e:	b084      	sub	sp, #16
20001830:	0005      	movs	r5, r0
20001832:	000c      	movs	r4, r1
20001834:	f3ef 8305 	mrs	r3, IPSR
20001838:	2b00      	cmp	r3, #0
2000183a:	d11e      	bne.n	2000187a <best_effort_wfe_or_timeout+0x4e>
2000183c:	f7ff fdfc 	bl	20001438 <alarm_pool_get_default>
20001840:	2300      	movs	r3, #0
20001842:	9302      	str	r3, [sp, #8]
20001844:	9301      	str	r3, [sp, #4]
20001846:	4b22      	ldr	r3, [pc, #136]	; (200018d0 <best_effort_wfe_or_timeout+0xa4>)
20001848:	9300      	str	r3, [sp, #0]
2000184a:	002a      	movs	r2, r5
2000184c:	0023      	movs	r3, r4
2000184e:	f7ff fe09 	bl	20001464 <alarm_pool_add_alarm_at>
20001852:	1e06      	subs	r6, r0, #0
20001854:	dd23      	ble.n	2000189e <best_effort_wfe_or_timeout+0x72>
20001856:	bf20      	wfe
20001858:	f7ff fdee 	bl	20001438 <alarm_pool_get_default>
2000185c:	0031      	movs	r1, r6
2000185e:	f7ff feb5 	bl	200015cc <alarm_pool_cancel_alarm>
20001862:	4b1c      	ldr	r3, [pc, #112]	; (200018d4 <best_effort_wfe_or_timeout+0xa8>)
20001864:	6a5b      	ldr	r3, [r3, #36]	; 0x24
20001866:	429c      	cmp	r4, r3
20001868:	d82d      	bhi.n	200018c6 <best_effort_wfe_or_timeout+0x9a>
2000186a:	4a1a      	ldr	r2, [pc, #104]	; (200018d4 <best_effort_wfe_or_timeout+0xa8>)
2000186c:	6a92      	ldr	r2, [r2, #40]	; 0x28
2000186e:	42aa      	cmp	r2, r5
20001870:	d22c      	bcs.n	200018cc <best_effort_wfe_or_timeout+0xa0>
20001872:	429c      	cmp	r4, r3
20001874:	d025      	beq.n	200018c2 <best_effort_wfe_or_timeout+0x96>
20001876:	2001      	movs	r0, #1
20001878:	e026      	b.n	200018c8 <best_effort_wfe_or_timeout+0x9c>
2000187a:	4b16      	ldr	r3, [pc, #88]	; (200018d4 <best_effort_wfe_or_timeout+0xa8>)
2000187c:	6a5b      	ldr	r3, [r3, #36]	; 0x24
2000187e:	4299      	cmp	r1, r3
20001880:	d809      	bhi.n	20001896 <best_effort_wfe_or_timeout+0x6a>
20001882:	4a14      	ldr	r2, [pc, #80]	; (200018d4 <best_effort_wfe_or_timeout+0xa8>)
20001884:	6a92      	ldr	r2, [r2, #40]	; 0x28
20001886:	4282      	cmp	r2, r0
20001888:	d207      	bcs.n	2000189a <best_effort_wfe_or_timeout+0x6e>
2000188a:	4299      	cmp	r1, r3
2000188c:	d001      	beq.n	20001892 <best_effort_wfe_or_timeout+0x66>
2000188e:	2001      	movs	r0, #1
20001890:	e01a      	b.n	200018c8 <best_effort_wfe_or_timeout+0x9c>
20001892:	2000      	movs	r0, #0
20001894:	e018      	b.n	200018c8 <best_effort_wfe_or_timeout+0x9c>
20001896:	2000      	movs	r0, #0
20001898:	e016      	b.n	200018c8 <best_effort_wfe_or_timeout+0x9c>
2000189a:	2001      	movs	r0, #1
2000189c:	e014      	b.n	200018c8 <best_effort_wfe_or_timeout+0x9c>
2000189e:	4b0d      	ldr	r3, [pc, #52]	; (200018d4 <best_effort_wfe_or_timeout+0xa8>)
200018a0:	6a5b      	ldr	r3, [r3, #36]	; 0x24
200018a2:	429c      	cmp	r4, r3
200018a4:	d809      	bhi.n	200018ba <best_effort_wfe_or_timeout+0x8e>
200018a6:	4a0b      	ldr	r2, [pc, #44]	; (200018d4 <best_effort_wfe_or_timeout+0xa8>)
200018a8:	6a92      	ldr	r2, [r2, #40]	; 0x28
200018aa:	42aa      	cmp	r2, r5
200018ac:	d207      	bcs.n	200018be <best_effort_wfe_or_timeout+0x92>
200018ae:	429c      	cmp	r4, r3
200018b0:	d001      	beq.n	200018b6 <best_effort_wfe_or_timeout+0x8a>
200018b2:	2001      	movs	r0, #1
200018b4:	e008      	b.n	200018c8 <best_effort_wfe_or_timeout+0x9c>
200018b6:	2000      	movs	r0, #0
200018b8:	e006      	b.n	200018c8 <best_effort_wfe_or_timeout+0x9c>
200018ba:	2000      	movs	r0, #0
200018bc:	e004      	b.n	200018c8 <best_effort_wfe_or_timeout+0x9c>
200018be:	2001      	movs	r0, #1
200018c0:	e002      	b.n	200018c8 <best_effort_wfe_or_timeout+0x9c>
200018c2:	2000      	movs	r0, #0
200018c4:	e000      	b.n	200018c8 <best_effort_wfe_or_timeout+0x9c>
200018c6:	2000      	movs	r0, #0
200018c8:	b004      	add	sp, #16
200018ca:	bd70      	pop	{r4, r5, r6, pc}
200018cc:	2001      	movs	r0, #1
200018ce:	e7fb      	b.n	200018c8 <best_effort_wfe_or_timeout+0x9c>
200018d0:	20000db9 	.word	0x20000db9
200018d4:	40054000 	.word	0x40054000

200018d8 <hardware_alarm_irq_handler>:
200018d8:	b570      	push	{r4, r5, r6, lr}
200018da:	f3ef 8005 	mrs	r0, IPSR
200018de:	3810      	subs	r0, #16
200018e0:	f3ef 8c10 	mrs	ip, PRIMASK
200018e4:	b672      	cpsid	i
200018e6:	4b1a      	ldr	r3, [pc, #104]	; (20001950 <hardware_alarm_irq_handler+0x78>)
200018e8:	681b      	ldr	r3, [r3, #0]
200018ea:	2b00      	cmp	r3, #0
200018ec:	d0fb      	beq.n	200018e6 <hardware_alarm_irq_handler+0xe>
200018ee:	f3bf 8f5f 	dmb	sy
200018f2:	2201      	movs	r2, #1
200018f4:	0013      	movs	r3, r2
200018f6:	4083      	lsls	r3, r0
200018f8:	4916      	ldr	r1, [pc, #88]	; (20001954 <hardware_alarm_irq_handler+0x7c>)
200018fa:	634b      	str	r3, [r1, #52]	; 0x34
200018fc:	4916      	ldr	r1, [pc, #88]	; (20001958 <hardware_alarm_irq_handler+0x80>)
200018fe:	600b      	str	r3, [r1, #0]
20001900:	4916      	ldr	r1, [pc, #88]	; (2000195c <hardware_alarm_irq_handler+0x84>)
20001902:	7809      	ldrb	r1, [r1, #0]
20001904:	000c      	movs	r4, r1
20001906:	40c4      	lsrs	r4, r0
20001908:	4222      	tst	r2, r4
2000190a:	d014      	beq.n	20001936 <hardware_alarm_irq_handler+0x5e>
2000190c:	4a11      	ldr	r2, [pc, #68]	; (20001954 <hardware_alarm_irq_handler+0x7c>)
2000190e:	6a54      	ldr	r4, [r2, #36]	; 0x24
20001910:	0082      	lsls	r2, r0, #2
20001912:	4d13      	ldr	r5, [pc, #76]	; (20001960 <hardware_alarm_irq_handler+0x88>)
20001914:	5952      	ldr	r2, [r2, r5]
20001916:	4294      	cmp	r4, r2
20001918:	d306      	bcc.n	20001928 <hardware_alarm_irq_handler+0x50>
2000191a:	0082      	lsls	r2, r0, #2
2000191c:	4c11      	ldr	r4, [pc, #68]	; (20001964 <hardware_alarm_irq_handler+0x8c>)
2000191e:	5912      	ldr	r2, [r2, r4]
20001920:	4399      	bics	r1, r3
20001922:	4b0e      	ldr	r3, [pc, #56]	; (2000195c <hardware_alarm_irq_handler+0x84>)
20001924:	7019      	strb	r1, [r3, #0]
20001926:	e007      	b.n	20001938 <hardware_alarm_irq_handler+0x60>
20001928:	4a0a      	ldr	r2, [pc, #40]	; (20001954 <hardware_alarm_irq_handler+0x7c>)
2000192a:	1d03      	adds	r3, r0, #4
2000192c:	009b      	lsls	r3, r3, #2
2000192e:	5899      	ldr	r1, [r3, r2]
20001930:	5099      	str	r1, [r3, r2]
20001932:	2200      	movs	r2, #0
20001934:	e000      	b.n	20001938 <hardware_alarm_irq_handler+0x60>
20001936:	2200      	movs	r2, #0
20001938:	f3bf 8f5f 	dmb	sy
2000193c:	4b04      	ldr	r3, [pc, #16]	; (20001950 <hardware_alarm_irq_handler+0x78>)
2000193e:	2100      	movs	r1, #0
20001940:	6019      	str	r1, [r3, #0]
20001942:	f38c 8810 	msr	PRIMASK, ip
20001946:	2a00      	cmp	r2, #0
20001948:	d000      	beq.n	2000194c <hardware_alarm_irq_handler+0x74>
2000194a:	4790      	blx	r2
2000194c:	bd70      	pop	{r4, r5, r6, pc}
2000194e:	46c0      	nop			; (mov r8, r8)
20001950:	d0000128 	.word	0xd0000128
20001954:	40054000 	.word	0x40054000
20001958:	4005703c 	.word	0x4005703c
2000195c:	20005d53 	.word	0x20005d53
20001960:	20005d3c 	.word	0x20005d3c
20001964:	2000599c 	.word	0x2000599c

20001968 <hardware_alarm_claim>:
20001968:	b510      	push	{r4, lr}
2000196a:	0001      	movs	r1, r0
2000196c:	4a02      	ldr	r2, [pc, #8]	; (20001978 <hardware_alarm_claim+0x10>)
2000196e:	4803      	ldr	r0, [pc, #12]	; (2000197c <hardware_alarm_claim+0x14>)
20001970:	f7fe ff9c 	bl	200008ac <hw_claim_or_assert>
20001974:	bd10      	pop	{r4, pc}
20001976:	46c0      	nop			; (mov r8, r8)
20001978:	20004e24 	.word	0x20004e24
2000197c:	20005d51 	.word	0x20005d51

20001980 <time_us_64>:
20001980:	4b04      	ldr	r3, [pc, #16]	; (20001994 <time_us_64+0x14>)
20001982:	6a5b      	ldr	r3, [r3, #36]	; 0x24
20001984:	4a03      	ldr	r2, [pc, #12]	; (20001994 <time_us_64+0x14>)
20001986:	6a90      	ldr	r0, [r2, #40]	; 0x28
20001988:	0019      	movs	r1, r3
2000198a:	6a53      	ldr	r3, [r2, #36]	; 0x24
2000198c:	4299      	cmp	r1, r3
2000198e:	d1f9      	bne.n	20001984 <time_us_64+0x4>
20001990:	4770      	bx	lr
20001992:	46c0      	nop			; (mov r8, r8)
20001994:	40054000 	.word	0x40054000

20001998 <busy_wait_until>:
20001998:	4b08      	ldr	r3, [pc, #32]	; (200019bc <busy_wait_until+0x24>)
2000199a:	6a5b      	ldr	r3, [r3, #36]	; 0x24
2000199c:	e001      	b.n	200019a2 <busy_wait_until+0xa>
2000199e:	4b07      	ldr	r3, [pc, #28]	; (200019bc <busy_wait_until+0x24>)
200019a0:	6a5b      	ldr	r3, [r3, #36]	; 0x24
200019a2:	428b      	cmp	r3, r1
200019a4:	d3fb      	bcc.n	2000199e <busy_wait_until+0x6>
200019a6:	e001      	b.n	200019ac <busy_wait_until+0x14>
200019a8:	4b04      	ldr	r3, [pc, #16]	; (200019bc <busy_wait_until+0x24>)
200019aa:	6a5b      	ldr	r3, [r3, #36]	; 0x24
200019ac:	428b      	cmp	r3, r1
200019ae:	d103      	bne.n	200019b8 <busy_wait_until+0x20>
200019b0:	4b02      	ldr	r3, [pc, #8]	; (200019bc <busy_wait_until+0x24>)
200019b2:	6a9b      	ldr	r3, [r3, #40]	; 0x28
200019b4:	4283      	cmp	r3, r0
200019b6:	d3f7      	bcc.n	200019a8 <busy_wait_until+0x10>
200019b8:	4770      	bx	lr
200019ba:	46c0      	nop			; (mov r8, r8)
200019bc:	40054000 	.word	0x40054000

200019c0 <busy_wait_us>:
200019c0:	b570      	push	{r4, r5, r6, lr}
200019c2:	0004      	movs	r4, r0
200019c4:	000d      	movs	r5, r1
200019c6:	f7ff ffdb 	bl	20001980 <time_us_64>
200019ca:	0002      	movs	r2, r0
200019cc:	000b      	movs	r3, r1
200019ce:	0020      	movs	r0, r4
200019d0:	0029      	movs	r1, r5
200019d2:	1880      	adds	r0, r0, r2
200019d4:	4159      	adcs	r1, r3
200019d6:	428b      	cmp	r3, r1
200019d8:	d802      	bhi.n	200019e0 <busy_wait_us+0x20>
200019da:	d104      	bne.n	200019e6 <busy_wait_us+0x26>
200019dc:	4282      	cmp	r2, r0
200019de:	d902      	bls.n	200019e6 <busy_wait_us+0x26>
200019e0:	2001      	movs	r0, #1
200019e2:	4240      	negs	r0, r0
200019e4:	17c1      	asrs	r1, r0, #31
200019e6:	2900      	cmp	r1, #0
200019e8:	db02      	blt.n	200019f0 <busy_wait_us+0x30>
200019ea:	f7ff ffd5 	bl	20001998 <busy_wait_until>
200019ee:	bd70      	pop	{r4, r5, r6, pc}
200019f0:	4b02      	ldr	r3, [pc, #8]	; (200019fc <busy_wait_us+0x3c>)
200019f2:	4a03      	ldr	r2, [pc, #12]	; (20001a00 <busy_wait_us+0x40>)
200019f4:	213f      	movs	r1, #63	; 0x3f
200019f6:	4803      	ldr	r0, [pc, #12]	; (20001a04 <busy_wait_us+0x44>)
200019f8:	f000 fda8 	bl	2000254c <__assert_func>
200019fc:	20004724 	.word	0x20004724
20001a00:	20004ec8 	.word	0x20004ec8
20001a04:	20004740 	.word	0x20004740

20001a08 <hardware_alarm_set_callback>:
20001a08:	b570      	push	{r4, r5, r6, lr}
20001a0a:	0004      	movs	r4, r0
20001a0c:	000d      	movs	r5, r1
20001a0e:	f3ef 8610 	mrs	r6, PRIMASK
20001a12:	b672      	cpsid	i
20001a14:	4b1b      	ldr	r3, [pc, #108]	; (20001a84 <hardware_alarm_set_callback+0x7c>)
20001a16:	681b      	ldr	r3, [r3, #0]
20001a18:	2b00      	cmp	r3, #0
20001a1a:	d0fb      	beq.n	20001a14 <hardware_alarm_set_callback+0xc>
20001a1c:	f3bf 8f5f 	dmb	sy
20001a20:	2d00      	cmp	r5, #0
20001a22:	d01c      	beq.n	20001a5e <hardware_alarm_set_callback+0x56>
20001a24:	0020      	movs	r0, r4
20001a26:	f7fe fff5 	bl	20000a14 <irq_get_vtable_handler>
20001a2a:	4b17      	ldr	r3, [pc, #92]	; (20001a88 <hardware_alarm_set_callback+0x80>)
20001a2c:	4283      	cmp	r3, r0
20001a2e:	d00b      	beq.n	20001a48 <hardware_alarm_set_callback+0x40>
20001a30:	0019      	movs	r1, r3
20001a32:	0020      	movs	r0, r4
20001a34:	f7fe fff6 	bl	20000a24 <irq_set_exclusive_handler>
20001a38:	2101      	movs	r1, #1
20001a3a:	0020      	movs	r0, r4
20001a3c:	f7fe ffe2 	bl	20000a04 <irq_set_enabled>
20001a40:	2301      	movs	r3, #1
20001a42:	40a3      	lsls	r3, r4
20001a44:	4a11      	ldr	r2, [pc, #68]	; (20001a8c <hardware_alarm_set_callback+0x84>)
20001a46:	6013      	str	r3, [r2, #0]
20001a48:	00a4      	lsls	r4, r4, #2
20001a4a:	4b11      	ldr	r3, [pc, #68]	; (20001a90 <hardware_alarm_set_callback+0x88>)
20001a4c:	50e5      	str	r5, [r4, r3]
20001a4e:	f3bf 8f5f 	dmb	sy
20001a52:	4b0c      	ldr	r3, [pc, #48]	; (20001a84 <hardware_alarm_set_callback+0x7c>)
20001a54:	2200      	movs	r2, #0
20001a56:	601a      	str	r2, [r3, #0]
20001a58:	f386 8810 	msr	PRIMASK, r6
20001a5c:	bd70      	pop	{r4, r5, r6, pc}
20001a5e:	00a2      	lsls	r2, r4, #2
20001a60:	4b0b      	ldr	r3, [pc, #44]	; (20001a90 <hardware_alarm_set_callback+0x88>)
20001a62:	2100      	movs	r1, #0
20001a64:	50d1      	str	r1, [r2, r3]
20001a66:	2201      	movs	r2, #1
20001a68:	40a2      	lsls	r2, r4
20001a6a:	490a      	ldr	r1, [pc, #40]	; (20001a94 <hardware_alarm_set_callback+0x8c>)
20001a6c:	780b      	ldrb	r3, [r1, #0]
20001a6e:	4393      	bics	r3, r2
20001a70:	700b      	strb	r3, [r1, #0]
20001a72:	4905      	ldr	r1, [pc, #20]	; (20001a88 <hardware_alarm_set_callback+0x80>)
20001a74:	0020      	movs	r0, r4
20001a76:	f7fe ffff 	bl	20000a78 <irq_remove_handler>
20001a7a:	2100      	movs	r1, #0
20001a7c:	0020      	movs	r0, r4
20001a7e:	f7fe ffc1 	bl	20000a04 <irq_set_enabled>
20001a82:	e7e4      	b.n	20001a4e <hardware_alarm_set_callback+0x46>
20001a84:	d0000128 	.word	0xd0000128
20001a88:	200018d9 	.word	0x200018d9
20001a8c:	40056038 	.word	0x40056038
20001a90:	2000599c 	.word	0x2000599c
20001a94:	20005d53 	.word	0x20005d53

20001a98 <hardware_alarm_set_target>:
20001a98:	b5f0      	push	{r4, r5, r6, r7, lr}
20001a9a:	46de      	mov	lr, fp
20001a9c:	b500      	push	{lr}
20001a9e:	b084      	sub	sp, #16
20001aa0:	0004      	movs	r4, r0
20001aa2:	0015      	movs	r5, r2
20001aa4:	9201      	str	r2, [sp, #4]
20001aa6:	001e      	movs	r6, r3
20001aa8:	9302      	str	r3, [sp, #8]
20001aaa:	f7ff ff69 	bl	20001980 <time_us_64>
20001aae:	9503      	str	r5, [sp, #12]
20001ab0:	428e      	cmp	r6, r1
20001ab2:	d802      	bhi.n	20001aba <hardware_alarm_set_target+0x22>
20001ab4:	d14e      	bne.n	20001b54 <hardware_alarm_set_target+0xbc>
20001ab6:	4285      	cmp	r5, r0
20001ab8:	d94c      	bls.n	20001b54 <hardware_alarm_set_target+0xbc>
20001aba:	f3ef 8b10 	mrs	fp, PRIMASK
20001abe:	b672      	cpsid	i
20001ac0:	4b27      	ldr	r3, [pc, #156]	; (20001b60 <hardware_alarm_set_target+0xc8>)
20001ac2:	681b      	ldr	r3, [r3, #0]
20001ac4:	2b00      	cmp	r3, #0
20001ac6:	d0fb      	beq.n	20001ac0 <hardware_alarm_set_target+0x28>
20001ac8:	f3bf 8f5f 	dmb	sy
20001acc:	4a25      	ldr	r2, [pc, #148]	; (20001b64 <hardware_alarm_set_target+0xcc>)
20001ace:	7817      	ldrb	r7, [r2, #0]
20001ad0:	2501      	movs	r5, #1
20001ad2:	40a5      	lsls	r5, r4
20001ad4:	b2eb      	uxtb	r3, r5
20001ad6:	433b      	orrs	r3, r7
20001ad8:	7013      	strb	r3, [r2, #0]
20001ada:	4b23      	ldr	r3, [pc, #140]	; (20001b68 <hardware_alarm_set_target+0xd0>)
20001adc:	635d      	str	r5, [r3, #52]	; 0x34
20001ade:	1d22      	adds	r2, r4, #4
20001ae0:	0092      	lsls	r2, r2, #2
20001ae2:	9901      	ldr	r1, [sp, #4]
20001ae4:	50d1      	str	r1, [r2, r3]
20001ae6:	00a2      	lsls	r2, r4, #2
20001ae8:	4920      	ldr	r1, [pc, #128]	; (20001b6c <hardware_alarm_set_target+0xd4>)
20001aea:	9802      	ldr	r0, [sp, #8]
20001aec:	5050      	str	r0, [r2, r1]
20001aee:	6a1b      	ldr	r3, [r3, #32]
20001af0:	422b      	tst	r3, r5
20001af2:	d112      	bne.n	20001b1a <hardware_alarm_set_target+0x82>
20001af4:	4b1c      	ldr	r3, [pc, #112]	; (20001b68 <hardware_alarm_set_target+0xd0>)
20001af6:	6c1b      	ldr	r3, [r3, #64]	; 0x40
20001af8:	422b      	tst	r3, r5
20001afa:	d008      	beq.n	20001b0e <hardware_alarm_set_target+0x76>
20001afc:	2000      	movs	r0, #0
20001afe:	f3bf 8f5f 	dmb	sy
20001b02:	4b17      	ldr	r3, [pc, #92]	; (20001b60 <hardware_alarm_set_target+0xc8>)
20001b04:	2200      	movs	r2, #0
20001b06:	601a      	str	r2, [r3, #0]
20001b08:	f38b 8810 	msr	PRIMASK, fp
20001b0c:	e023      	b.n	20001b56 <hardware_alarm_set_target+0xbe>
20001b0e:	4b18      	ldr	r3, [pc, #96]	; (20001b70 <hardware_alarm_set_target+0xd8>)
20001b10:	4a18      	ldr	r2, [pc, #96]	; (20001b74 <hardware_alarm_set_target+0xdc>)
20001b12:	21c5      	movs	r1, #197	; 0xc5
20001b14:	4818      	ldr	r0, [pc, #96]	; (20001b78 <hardware_alarm_set_target+0xe0>)
20001b16:	f000 fd19 	bl	2000254c <__assert_func>
20001b1a:	f7ff ff31 	bl	20001980 <time_us_64>
20001b1e:	428e      	cmp	r6, r1
20001b20:	d814      	bhi.n	20001b4c <hardware_alarm_set_target+0xb4>
20001b22:	d102      	bne.n	20001b2a <hardware_alarm_set_target+0x92>
20001b24:	9b03      	ldr	r3, [sp, #12]
20001b26:	4283      	cmp	r3, r0
20001b28:	d810      	bhi.n	20001b4c <hardware_alarm_set_target+0xb4>
20001b2a:	4b0e      	ldr	r3, [pc, #56]	; (20001b64 <hardware_alarm_set_target+0xcc>)
20001b2c:	781b      	ldrb	r3, [r3, #0]
20001b2e:	42bb      	cmp	r3, r7
20001b30:	d00e      	beq.n	20001b50 <hardware_alarm_set_target+0xb8>
20001b32:	4b0d      	ldr	r3, [pc, #52]	; (20001b68 <hardware_alarm_set_target+0xd0>)
20001b34:	621d      	str	r5, [r3, #32]
20001b36:	635d      	str	r5, [r3, #52]	; 0x34
20001b38:	201f      	movs	r0, #31
20001b3a:	4004      	ands	r4, r0
20001b3c:	2301      	movs	r3, #1
20001b3e:	40a3      	lsls	r3, r4
20001b40:	4a0e      	ldr	r2, [pc, #56]	; (20001b7c <hardware_alarm_set_target+0xe4>)
20001b42:	6013      	str	r3, [r2, #0]
20001b44:	4b07      	ldr	r3, [pc, #28]	; (20001b64 <hardware_alarm_set_target+0xcc>)
20001b46:	701f      	strb	r7, [r3, #0]
20001b48:	381e      	subs	r0, #30
20001b4a:	e7d8      	b.n	20001afe <hardware_alarm_set_target+0x66>
20001b4c:	2000      	movs	r0, #0
20001b4e:	e7d6      	b.n	20001afe <hardware_alarm_set_target+0x66>
20001b50:	2001      	movs	r0, #1
20001b52:	e7d4      	b.n	20001afe <hardware_alarm_set_target+0x66>
20001b54:	2001      	movs	r0, #1
20001b56:	b004      	add	sp, #16
20001b58:	bc80      	pop	{r7}
20001b5a:	46bb      	mov	fp, r7
20001b5c:	bdf0      	pop	{r4, r5, r6, r7, pc}
20001b5e:	46c0      	nop			; (mov r8, r8)
20001b60:	d0000128 	.word	0xd0000128
20001b64:	20005d53 	.word	0x20005d53
20001b68:	40054000 	.word	0x40054000
20001b6c:	20005d3c 	.word	0x20005d3c
20001b70:	20004e48 	.word	0x20004e48
20001b74:	20004eac 	.word	0x20004eac
20001b78:	20004e6c 	.word	0x20004e6c
20001b7c:	e000e280 	.word	0xe000e280

20001b80 <hardware_alarm_cancel>:
20001b80:	f3ef 8c10 	mrs	ip, PRIMASK
20001b84:	b672      	cpsid	i
20001b86:	4b0b      	ldr	r3, [pc, #44]	; (20001bb4 <hardware_alarm_cancel+0x34>)
20001b88:	681b      	ldr	r3, [r3, #0]
20001b8a:	2b00      	cmp	r3, #0
20001b8c:	d0fb      	beq.n	20001b86 <hardware_alarm_cancel+0x6>
20001b8e:	f3bf 8f5f 	dmb	sy
20001b92:	2301      	movs	r3, #1
20001b94:	4083      	lsls	r3, r0
20001b96:	4a08      	ldr	r2, [pc, #32]	; (20001bb8 <hardware_alarm_cancel+0x38>)
20001b98:	6213      	str	r3, [r2, #32]
20001b9a:	4908      	ldr	r1, [pc, #32]	; (20001bbc <hardware_alarm_cancel+0x3c>)
20001b9c:	780a      	ldrb	r2, [r1, #0]
20001b9e:	439a      	bics	r2, r3
20001ba0:	700a      	strb	r2, [r1, #0]
20001ba2:	f3bf 8f5f 	dmb	sy
20001ba6:	4b03      	ldr	r3, [pc, #12]	; (20001bb4 <hardware_alarm_cancel+0x34>)
20001ba8:	2200      	movs	r2, #0
20001baa:	601a      	str	r2, [r3, #0]
20001bac:	f38c 8810 	msr	PRIMASK, ip
20001bb0:	4770      	bx	lr
20001bb2:	46c0      	nop			; (mov r8, r8)
20001bb4:	d0000128 	.word	0xd0000128
20001bb8:	40054000 	.word	0x40054000
20001bbc:	20005d53 	.word	0x20005d53

20001bc0 <ph_add_child_node>:
20001bc0:	b510      	push	{r4, lr}
20001bc2:	2900      	cmp	r1, #0
20001bc4:	d01e      	beq.n	20001c04 <ph_add_child_node+0x44>
20001bc6:	7b03      	ldrb	r3, [r0, #12]
20001bc8:	4299      	cmp	r1, r3
20001bca:	d81b      	bhi.n	20001c04 <ph_add_child_node+0x44>
20001bcc:	004b      	lsls	r3, r1, #1
20001bce:	185b      	adds	r3, r3, r1
20001bd0:	3b03      	subs	r3, #3
20001bd2:	6804      	ldr	r4, [r0, #0]
20001bd4:	46a4      	mov	ip, r4
20001bd6:	4463      	add	r3, ip
20001bd8:	2900      	cmp	r1, #0
20001bda:	d019      	beq.n	20001c10 <ph_add_child_node+0x50>
20001bdc:	2a00      	cmp	r2, #0
20001bde:	d01d      	beq.n	20001c1c <ph_add_child_node+0x5c>
20001be0:	4291      	cmp	r1, r2
20001be2:	d021      	beq.n	20001c28 <ph_add_child_node+0x68>
20001be4:	2a00      	cmp	r2, #0
20001be6:	d025      	beq.n	20001c34 <ph_add_child_node+0x74>
20001be8:	7b04      	ldrb	r4, [r0, #12]
20001bea:	42a2      	cmp	r2, r4
20001bec:	d822      	bhi.n	20001c34 <ph_add_child_node+0x74>
20001bee:	6804      	ldr	r4, [r0, #0]
20001bf0:	0050      	lsls	r0, r2, #1
20001bf2:	1880      	adds	r0, r0, r2
20001bf4:	3803      	subs	r0, #3
20001bf6:	1820      	adds	r0, r4, r0
20001bf8:	7081      	strb	r1, [r0, #2]
20001bfa:	7819      	ldrb	r1, [r3, #0]
20001bfc:	2900      	cmp	r1, #0
20001bfe:	d11f      	bne.n	20001c40 <ph_add_child_node+0x80>
20001c00:	701a      	strb	r2, [r3, #0]
20001c02:	bd10      	pop	{r4, pc}
20001c04:	4b10      	ldr	r3, [pc, #64]	; (20001c48 <ph_add_child_node+0x88>)
20001c06:	4a11      	ldr	r2, [pc, #68]	; (20001c4c <ph_add_child_node+0x8c>)
20001c08:	2168      	movs	r1, #104	; 0x68
20001c0a:	4811      	ldr	r0, [pc, #68]	; (20001c50 <ph_add_child_node+0x90>)
20001c0c:	f000 fc9e 	bl	2000254c <__assert_func>
20001c10:	4b10      	ldr	r3, [pc, #64]	; (20001c54 <ph_add_child_node+0x94>)
20001c12:	4a11      	ldr	r2, [pc, #68]	; (20001c58 <ph_add_child_node+0x98>)
20001c14:	316f      	adds	r1, #111	; 0x6f
20001c16:	480e      	ldr	r0, [pc, #56]	; (20001c50 <ph_add_child_node+0x90>)
20001c18:	f000 fc98 	bl	2000254c <__assert_func>
20001c1c:	4b0f      	ldr	r3, [pc, #60]	; (20001c5c <ph_add_child_node+0x9c>)
20001c1e:	4a0e      	ldr	r2, [pc, #56]	; (20001c58 <ph_add_child_node+0x98>)
20001c20:	2170      	movs	r1, #112	; 0x70
20001c22:	480b      	ldr	r0, [pc, #44]	; (20001c50 <ph_add_child_node+0x90>)
20001c24:	f000 fc92 	bl	2000254c <__assert_func>
20001c28:	4b0d      	ldr	r3, [pc, #52]	; (20001c60 <ph_add_child_node+0xa0>)
20001c2a:	4a0b      	ldr	r2, [pc, #44]	; (20001c58 <ph_add_child_node+0x98>)
20001c2c:	2171      	movs	r1, #113	; 0x71
20001c2e:	4808      	ldr	r0, [pc, #32]	; (20001c50 <ph_add_child_node+0x90>)
20001c30:	f000 fc8c 	bl	2000254c <__assert_func>
20001c34:	4b04      	ldr	r3, [pc, #16]	; (20001c48 <ph_add_child_node+0x88>)
20001c36:	4a05      	ldr	r2, [pc, #20]	; (20001c4c <ph_add_child_node+0x8c>)
20001c38:	2168      	movs	r1, #104	; 0x68
20001c3a:	4805      	ldr	r0, [pc, #20]	; (20001c50 <ph_add_child_node+0x90>)
20001c3c:	f000 fc86 	bl	2000254c <__assert_func>
20001c40:	7041      	strb	r1, [r0, #1]
20001c42:	701a      	strb	r2, [r3, #0]
20001c44:	e7dd      	b.n	20001c02 <ph_add_child_node+0x42>
20001c46:	46c0      	nop			; (mov r8, r8)
20001c48:	20004b58 	.word	0x20004b58
20001c4c:	20004fc8 	.word	0x20004fc8
20001c50:	20004b74 	.word	0x20004b74
20001c54:	20004bbc 	.word	0x20004bbc
20001c58:	20004fb4 	.word	0x20004fb4
20001c5c:	20004bc8 	.word	0x20004bc8
20001c60:	20004bd4 	.word	0x20004bd4

20001c64 <ph_merge_nodes>:
20001c64:	b570      	push	{r4, r5, r6, lr}
20001c66:	0006      	movs	r6, r0
20001c68:	000d      	movs	r5, r1
20001c6a:	0014      	movs	r4, r2
20001c6c:	2900      	cmp	r1, #0
20001c6e:	d014      	beq.n	20001c9a <ph_merge_nodes+0x36>
20001c70:	2a00      	cmp	r2, #0
20001c72:	d014      	beq.n	20001c9e <ph_merge_nodes+0x3a>
20001c74:	6880      	ldr	r0, [r0, #8]
20001c76:	6873      	ldr	r3, [r6, #4]
20001c78:	4798      	blx	r3
20001c7a:	2800      	cmp	r0, #0
20001c7c:	d006      	beq.n	20001c8c <ph_merge_nodes+0x28>
20001c7e:	0022      	movs	r2, r4
20001c80:	0029      	movs	r1, r5
20001c82:	0030      	movs	r0, r6
20001c84:	f7ff ff9c 	bl	20001bc0 <ph_add_child_node>
20001c88:	0028      	movs	r0, r5
20001c8a:	e007      	b.n	20001c9c <ph_merge_nodes+0x38>
20001c8c:	002a      	movs	r2, r5
20001c8e:	0021      	movs	r1, r4
20001c90:	0030      	movs	r0, r6
20001c92:	f7ff ff95 	bl	20001bc0 <ph_add_child_node>
20001c96:	0020      	movs	r0, r4
20001c98:	e000      	b.n	20001c9c <ph_merge_nodes+0x38>
20001c9a:	0010      	movs	r0, r2
20001c9c:	bd70      	pop	{r4, r5, r6, pc}
20001c9e:	0008      	movs	r0, r1
20001ca0:	e7fc      	b.n	20001c9c <ph_merge_nodes+0x38>
	...

20001ca4 <ph_clear>:
20001ca4:	b510      	push	{r4, lr}
20001ca6:	2300      	movs	r3, #0
20001ca8:	7343      	strb	r3, [r0, #13]
20001caa:	3301      	adds	r3, #1
20001cac:	7383      	strb	r3, [r0, #14]
20001cae:	7b03      	ldrb	r3, [r0, #12]
20001cb0:	73c3      	strb	r3, [r0, #15]
20001cb2:	2301      	movs	r3, #1
20001cb4:	7b02      	ldrb	r2, [r0, #12]
20001cb6:	429a      	cmp	r2, r3
20001cb8:	d914      	bls.n	20001ce4 <ph_clear+0x40>
20001cba:	2b00      	cmp	r3, #0
20001cbc:	d00c      	beq.n	20001cd8 <ph_clear+0x34>
20001cbe:	7b02      	ldrb	r2, [r0, #12]
20001cc0:	4293      	cmp	r3, r2
20001cc2:	d809      	bhi.n	20001cd8 <ph_clear+0x34>
20001cc4:	005a      	lsls	r2, r3, #1
20001cc6:	18d2      	adds	r2, r2, r3
20001cc8:	3a03      	subs	r2, #3
20001cca:	6801      	ldr	r1, [r0, #0]
20001ccc:	468c      	mov	ip, r1
20001cce:	4462      	add	r2, ip
20001cd0:	3301      	adds	r3, #1
20001cd2:	b2db      	uxtb	r3, r3
20001cd4:	7053      	strb	r3, [r2, #1]
20001cd6:	e7ed      	b.n	20001cb4 <ph_clear+0x10>
20001cd8:	4b0b      	ldr	r3, [pc, #44]	; (20001d08 <ph_clear+0x64>)
20001cda:	4a0c      	ldr	r2, [pc, #48]	; (20001d0c <ph_clear+0x68>)
20001cdc:	2168      	movs	r1, #104	; 0x68
20001cde:	480c      	ldr	r0, [pc, #48]	; (20001d10 <ph_clear+0x6c>)
20001ce0:	f000 fc34 	bl	2000254c <__assert_func>
20001ce4:	2a00      	cmp	r2, #0
20001ce6:	d009      	beq.n	20001cfc <ph_clear+0x58>
20001ce8:	4292      	cmp	r2, r2
20001cea:	d807      	bhi.n	20001cfc <ph_clear+0x58>
20001cec:	6801      	ldr	r1, [r0, #0]
20001cee:	0053      	lsls	r3, r2, #1
20001cf0:	189a      	adds	r2, r3, r2
20001cf2:	3a03      	subs	r2, #3
20001cf4:	188a      	adds	r2, r1, r2
20001cf6:	2300      	movs	r3, #0
20001cf8:	7053      	strb	r3, [r2, #1]
20001cfa:	bd10      	pop	{r4, pc}
20001cfc:	4b02      	ldr	r3, [pc, #8]	; (20001d08 <ph_clear+0x64>)
20001cfe:	4a03      	ldr	r2, [pc, #12]	; (20001d0c <ph_clear+0x68>)
20001d00:	2168      	movs	r1, #104	; 0x68
20001d02:	4803      	ldr	r0, [pc, #12]	; (20001d10 <ph_clear+0x6c>)
20001d04:	f000 fc22 	bl	2000254c <__assert_func>
20001d08:	20004b58 	.word	0x20004b58
20001d0c:	20004fc8 	.word	0x20004fc8
20001d10:	20004b74 	.word	0x20004b74

20001d14 <ph_post_alloc_init>:
20001d14:	b510      	push	{r4, lr}
20001d16:	7301      	strb	r1, [r0, #12]
20001d18:	6042      	str	r2, [r0, #4]
20001d1a:	6083      	str	r3, [r0, #8]
20001d1c:	f7ff ffc2 	bl	20001ca4 <ph_clear>
20001d20:	bd10      	pop	{r4, pc}
	...

20001d24 <ph_merge_two_pass>:
20001d24:	b570      	push	{r4, r5, r6, lr}
20001d26:	0004      	movs	r4, r0
20001d28:	1e08      	subs	r0, r1, #0
20001d2a:	d100      	bne.n	20001d2e <ph_merge_two_pass+0xa>
20001d2c:	bd70      	pop	{r4, r5, r6, pc}
20001d2e:	2900      	cmp	r1, #0
20001d30:	d034      	beq.n	20001d9c <ph_merge_two_pass+0x78>
20001d32:	7b23      	ldrb	r3, [r4, #12]
20001d34:	4299      	cmp	r1, r3
20001d36:	d831      	bhi.n	20001d9c <ph_merge_two_pass+0x78>
20001d38:	004b      	lsls	r3, r1, #1
20001d3a:	185b      	adds	r3, r3, r1
20001d3c:	3b03      	subs	r3, #3
20001d3e:	6822      	ldr	r2, [r4, #0]
20001d40:	4694      	mov	ip, r2
20001d42:	4463      	add	r3, ip
20001d44:	785a      	ldrb	r2, [r3, #1]
20001d46:	2a00      	cmp	r2, #0
20001d48:	d0f0      	beq.n	20001d2c <ph_merge_two_pass+0x8>
20001d4a:	d02d      	beq.n	20001da8 <ph_merge_two_pass+0x84>
20001d4c:	7b23      	ldrb	r3, [r4, #12]
20001d4e:	429a      	cmp	r2, r3
20001d50:	d82a      	bhi.n	20001da8 <ph_merge_two_pass+0x84>
20001d52:	0053      	lsls	r3, r2, #1
20001d54:	189b      	adds	r3, r3, r2
20001d56:	3b03      	subs	r3, #3
20001d58:	6821      	ldr	r1, [r4, #0]
20001d5a:	468c      	mov	ip, r1
20001d5c:	4463      	add	r3, ip
20001d5e:	785d      	ldrb	r5, [r3, #1]
20001d60:	2100      	movs	r1, #0
20001d62:	7059      	strb	r1, [r3, #1]
20001d64:	2800      	cmp	r0, #0
20001d66:	d025      	beq.n	20001db4 <ph_merge_two_pass+0x90>
20001d68:	7b23      	ldrb	r3, [r4, #12]
20001d6a:	4298      	cmp	r0, r3
20001d6c:	d822      	bhi.n	20001db4 <ph_merge_two_pass+0x90>
20001d6e:	0043      	lsls	r3, r0, #1
20001d70:	181b      	adds	r3, r3, r0
20001d72:	3b03      	subs	r3, #3
20001d74:	6821      	ldr	r1, [r4, #0]
20001d76:	468c      	mov	ip, r1
20001d78:	4463      	add	r3, ip
20001d7a:	2100      	movs	r1, #0
20001d7c:	7059      	strb	r1, [r3, #1]
20001d7e:	0001      	movs	r1, r0
20001d80:	0020      	movs	r0, r4
20001d82:	f7ff ff6f 	bl	20001c64 <ph_merge_nodes>
20001d86:	0006      	movs	r6, r0
20001d88:	0029      	movs	r1, r5
20001d8a:	0020      	movs	r0, r4
20001d8c:	f7ff ffca 	bl	20001d24 <ph_merge_two_pass>
20001d90:	0002      	movs	r2, r0
20001d92:	0031      	movs	r1, r6
20001d94:	0020      	movs	r0, r4
20001d96:	f7ff ff65 	bl	20001c64 <ph_merge_nodes>
20001d9a:	e7c7      	b.n	20001d2c <ph_merge_two_pass+0x8>
20001d9c:	4b08      	ldr	r3, [pc, #32]	; (20001dc0 <ph_merge_two_pass+0x9c>)
20001d9e:	4a09      	ldr	r2, [pc, #36]	; (20001dc4 <ph_merge_two_pass+0xa0>)
20001da0:	2168      	movs	r1, #104	; 0x68
20001da2:	4809      	ldr	r0, [pc, #36]	; (20001dc8 <ph_merge_two_pass+0xa4>)
20001da4:	f000 fbd2 	bl	2000254c <__assert_func>
20001da8:	4b05      	ldr	r3, [pc, #20]	; (20001dc0 <ph_merge_two_pass+0x9c>)
20001daa:	4a06      	ldr	r2, [pc, #24]	; (20001dc4 <ph_merge_two_pass+0xa0>)
20001dac:	2168      	movs	r1, #104	; 0x68
20001dae:	4806      	ldr	r0, [pc, #24]	; (20001dc8 <ph_merge_two_pass+0xa4>)
20001db0:	f000 fbcc 	bl	2000254c <__assert_func>
20001db4:	4b02      	ldr	r3, [pc, #8]	; (20001dc0 <ph_merge_two_pass+0x9c>)
20001db6:	4a03      	ldr	r2, [pc, #12]	; (20001dc4 <ph_merge_two_pass+0xa0>)
20001db8:	2168      	movs	r1, #104	; 0x68
20001dba:	4803      	ldr	r0, [pc, #12]	; (20001dc8 <ph_merge_two_pass+0xa4>)
20001dbc:	f000 fbc6 	bl	2000254c <__assert_func>
20001dc0:	20004b58 	.word	0x20004b58
20001dc4:	20004fc8 	.word	0x20004fc8
20001dc8:	20004b74 	.word	0x20004b74

20001dcc <ph_remove_any_head>:
20001dcc:	b570      	push	{r4, r5, r6, lr}
20001dce:	0005      	movs	r5, r0
20001dd0:	000c      	movs	r4, r1
20001dd2:	0016      	movs	r6, r2
20001dd4:	2900      	cmp	r1, #0
20001dd6:	d02f      	beq.n	20001e38 <ph_remove_any_head+0x6c>
20001dd8:	d034      	beq.n	20001e44 <ph_remove_any_head+0x78>
20001dda:	7b03      	ldrb	r3, [r0, #12]
20001ddc:	4299      	cmp	r1, r3
20001dde:	d831      	bhi.n	20001e44 <ph_remove_any_head+0x78>
20001de0:	004b      	lsls	r3, r1, #1
20001de2:	185b      	adds	r3, r3, r1
20001de4:	3b03      	subs	r3, #3
20001de6:	6802      	ldr	r2, [r0, #0]
20001de8:	4694      	mov	ip, r2
20001dea:	4463      	add	r3, ip
20001dec:	785a      	ldrb	r2, [r3, #1]
20001dee:	2a00      	cmp	r2, #0
20001df0:	d12e      	bne.n	20001e50 <ph_remove_any_head+0x84>
20001df2:	789a      	ldrb	r2, [r3, #2]
20001df4:	2a00      	cmp	r2, #0
20001df6:	d131      	bne.n	20001e5c <ph_remove_any_head+0x90>
20001df8:	7819      	ldrb	r1, [r3, #0]
20001dfa:	f7ff ff93 	bl	20001d24 <ph_merge_two_pass>
20001dfe:	0003      	movs	r3, r0
20001e00:	2e00      	cmp	r6, #0
20001e02:	d00a      	beq.n	20001e1a <ph_remove_any_head+0x4e>
20001e04:	7bea      	ldrb	r2, [r5, #15]
20001e06:	2a00      	cmp	r2, #0
20001e08:	d12e      	bne.n	20001e68 <ph_remove_any_head+0x9c>
20001e0a:	7baa      	ldrb	r2, [r5, #14]
20001e0c:	2a00      	cmp	r2, #0
20001e0e:	d103      	bne.n	20001e18 <ph_remove_any_head+0x4c>
20001e10:	7bea      	ldrb	r2, [r5, #15]
20001e12:	2a00      	cmp	r2, #0
20001e14:	d13b      	bne.n	20001e8e <ph_remove_any_head+0xc2>
20001e16:	73ac      	strb	r4, [r5, #14]
20001e18:	73ec      	strb	r4, [r5, #15]
20001e1a:	2b00      	cmp	r3, #0
20001e1c:	d13d      	bne.n	20001e9a <ph_remove_any_head+0xce>
20001e1e:	2c00      	cmp	r4, #0
20001e20:	d04f      	beq.n	20001ec2 <ph_remove_any_head+0xf6>
20001e22:	7b2b      	ldrb	r3, [r5, #12]
20001e24:	429c      	cmp	r4, r3
20001e26:	d84c      	bhi.n	20001ec2 <ph_remove_any_head+0xf6>
20001e28:	682b      	ldr	r3, [r5, #0]
20001e2a:	0061      	lsls	r1, r4, #1
20001e2c:	190c      	adds	r4, r1, r4
20001e2e:	3c03      	subs	r4, #3
20001e30:	191c      	adds	r4, r3, r4
20001e32:	2300      	movs	r3, #0
20001e34:	7063      	strb	r3, [r4, #1]
20001e36:	bd70      	pop	{r4, r5, r6, pc}
20001e38:	4b25      	ldr	r3, [pc, #148]	; (20001ed0 <ph_remove_any_head+0x104>)
20001e3a:	4a26      	ldr	r2, [pc, #152]	; (20001ed4 <ph_remove_any_head+0x108>)
20001e3c:	2138      	movs	r1, #56	; 0x38
20001e3e:	4826      	ldr	r0, [pc, #152]	; (20001ed8 <ph_remove_any_head+0x10c>)
20001e40:	f000 fb84 	bl	2000254c <__assert_func>
20001e44:	4b25      	ldr	r3, [pc, #148]	; (20001edc <ph_remove_any_head+0x110>)
20001e46:	4a26      	ldr	r2, [pc, #152]	; (20001ee0 <ph_remove_any_head+0x114>)
20001e48:	2168      	movs	r1, #104	; 0x68
20001e4a:	4826      	ldr	r0, [pc, #152]	; (20001ee4 <ph_remove_any_head+0x118>)
20001e4c:	f000 fb7e 	bl	2000254c <__assert_func>
20001e50:	4b25      	ldr	r3, [pc, #148]	; (20001ee8 <ph_remove_any_head+0x11c>)
20001e52:	4a20      	ldr	r2, [pc, #128]	; (20001ed4 <ph_remove_any_head+0x108>)
20001e54:	213a      	movs	r1, #58	; 0x3a
20001e56:	4820      	ldr	r0, [pc, #128]	; (20001ed8 <ph_remove_any_head+0x10c>)
20001e58:	f000 fb78 	bl	2000254c <__assert_func>
20001e5c:	4b23      	ldr	r3, [pc, #140]	; (20001eec <ph_remove_any_head+0x120>)
20001e5e:	4a1d      	ldr	r2, [pc, #116]	; (20001ed4 <ph_remove_any_head+0x108>)
20001e60:	213b      	movs	r1, #59	; 0x3b
20001e62:	481d      	ldr	r0, [pc, #116]	; (20001ed8 <ph_remove_any_head+0x10c>)
20001e64:	f000 fb72 	bl	2000254c <__assert_func>
20001e68:	2a00      	cmp	r2, #0
20001e6a:	d00a      	beq.n	20001e82 <ph_remove_any_head+0xb6>
20001e6c:	7b29      	ldrb	r1, [r5, #12]
20001e6e:	428a      	cmp	r2, r1
20001e70:	d807      	bhi.n	20001e82 <ph_remove_any_head+0xb6>
20001e72:	0051      	lsls	r1, r2, #1
20001e74:	188a      	adds	r2, r1, r2
20001e76:	3a03      	subs	r2, #3
20001e78:	6829      	ldr	r1, [r5, #0]
20001e7a:	468c      	mov	ip, r1
20001e7c:	4462      	add	r2, ip
20001e7e:	7054      	strb	r4, [r2, #1]
20001e80:	e7c3      	b.n	20001e0a <ph_remove_any_head+0x3e>
20001e82:	4b16      	ldr	r3, [pc, #88]	; (20001edc <ph_remove_any_head+0x110>)
20001e84:	4a16      	ldr	r2, [pc, #88]	; (20001ee0 <ph_remove_any_head+0x114>)
20001e86:	2168      	movs	r1, #104	; 0x68
20001e88:	4816      	ldr	r0, [pc, #88]	; (20001ee4 <ph_remove_any_head+0x118>)
20001e8a:	f000 fb5f 	bl	2000254c <__assert_func>
20001e8e:	4b18      	ldr	r3, [pc, #96]	; (20001ef0 <ph_remove_any_head+0x124>)
20001e90:	4a10      	ldr	r2, [pc, #64]	; (20001ed4 <ph_remove_any_head+0x108>)
20001e92:	2142      	movs	r1, #66	; 0x42
20001e94:	4810      	ldr	r0, [pc, #64]	; (20001ed8 <ph_remove_any_head+0x10c>)
20001e96:	f000 fb59 	bl	2000254c <__assert_func>
20001e9a:	2b00      	cmp	r3, #0
20001e9c:	d00b      	beq.n	20001eb6 <ph_remove_any_head+0xea>
20001e9e:	7b2a      	ldrb	r2, [r5, #12]
20001ea0:	4293      	cmp	r3, r2
20001ea2:	d808      	bhi.n	20001eb6 <ph_remove_any_head+0xea>
20001ea4:	0043      	lsls	r3, r0, #1
20001ea6:	181b      	adds	r3, r3, r0
20001ea8:	3b03      	subs	r3, #3
20001eaa:	682a      	ldr	r2, [r5, #0]
20001eac:	4694      	mov	ip, r2
20001eae:	4463      	add	r3, ip
20001eb0:	2200      	movs	r2, #0
20001eb2:	709a      	strb	r2, [r3, #2]
20001eb4:	e7b3      	b.n	20001e1e <ph_remove_any_head+0x52>
20001eb6:	4b09      	ldr	r3, [pc, #36]	; (20001edc <ph_remove_any_head+0x110>)
20001eb8:	4a09      	ldr	r2, [pc, #36]	; (20001ee0 <ph_remove_any_head+0x114>)
20001eba:	2168      	movs	r1, #104	; 0x68
20001ebc:	4809      	ldr	r0, [pc, #36]	; (20001ee4 <ph_remove_any_head+0x118>)
20001ebe:	f000 fb45 	bl	2000254c <__assert_func>
20001ec2:	4b06      	ldr	r3, [pc, #24]	; (20001edc <ph_remove_any_head+0x110>)
20001ec4:	4a06      	ldr	r2, [pc, #24]	; (20001ee0 <ph_remove_any_head+0x114>)
20001ec6:	2168      	movs	r1, #104	; 0x68
20001ec8:	4806      	ldr	r0, [pc, #24]	; (20001ee4 <ph_remove_any_head+0x118>)
20001eca:	f000 fb3f 	bl	2000254c <__assert_func>
20001ece:	46c0      	nop			; (mov r8, r8)
20001ed0:	20004ee0 	.word	0x20004ee0
20001ed4:	20004fa0 	.word	0x20004fa0
20001ed8:	20004ee8 	.word	0x20004ee8
20001edc:	20004b58 	.word	0x20004b58
20001ee0:	20004fc8 	.word	0x20004fc8
20001ee4:	20004b74 	.word	0x20004b74
20001ee8:	20004f1c 	.word	0x20004f1c
20001eec:	20004f44 	.word	0x20004f44
20001ef0:	20004c98 	.word	0x20004c98

20001ef4 <ph_remove_head>:
20001ef4:	b570      	push	{r4, r5, r6, lr}
20001ef6:	0004      	movs	r4, r0
20001ef8:	000a      	movs	r2, r1
20001efa:	7b45      	ldrb	r5, [r0, #13]
20001efc:	0029      	movs	r1, r5
20001efe:	f7ff ff65 	bl	20001dcc <ph_remove_any_head>
20001f02:	7360      	strb	r0, [r4, #13]
20001f04:	0028      	movs	r0, r5
20001f06:	bd70      	pop	{r4, r5, r6, pc}

20001f08 <ph_remove_and_free_node>:
20001f08:	b570      	push	{r4, r5, r6, lr}
20001f0a:	0004      	movs	r4, r0
20001f0c:	2900      	cmp	r1, #0
20001f0e:	d067      	beq.n	20001fe0 <ph_remove_and_free_node+0xd8>
20001f10:	7b43      	ldrb	r3, [r0, #13]
20001f12:	428b      	cmp	r3, r1
20001f14:	d00e      	beq.n	20001f34 <ph_remove_and_free_node+0x2c>
20001f16:	2900      	cmp	r1, #0
20001f18:	d011      	beq.n	20001f3e <ph_remove_and_free_node+0x36>
20001f1a:	7b03      	ldrb	r3, [r0, #12]
20001f1c:	4299      	cmp	r1, r3
20001f1e:	d80e      	bhi.n	20001f3e <ph_remove_and_free_node+0x36>
20001f20:	004b      	lsls	r3, r1, #1
20001f22:	185b      	adds	r3, r3, r1
20001f24:	3b03      	subs	r3, #3
20001f26:	6802      	ldr	r2, [r0, #0]
20001f28:	18d0      	adds	r0, r2, r3
20001f2a:	7883      	ldrb	r3, [r0, #2]
20001f2c:	2b00      	cmp	r3, #0
20001f2e:	d10c      	bne.n	20001f4a <ph_remove_and_free_node+0x42>
20001f30:	2000      	movs	r0, #0
20001f32:	e056      	b.n	20001fe2 <ph_remove_and_free_node+0xda>
20001f34:	2101      	movs	r1, #1
20001f36:	f7ff ffdd 	bl	20001ef4 <ph_remove_head>
20001f3a:	2001      	movs	r0, #1
20001f3c:	e051      	b.n	20001fe2 <ph_remove_and_free_node+0xda>
20001f3e:	4b29      	ldr	r3, [pc, #164]	; (20001fe4 <ph_remove_and_free_node+0xdc>)
20001f40:	4a29      	ldr	r2, [pc, #164]	; (20001fe8 <ph_remove_and_free_node+0xe0>)
20001f42:	2168      	movs	r1, #104	; 0x68
20001f44:	4829      	ldr	r0, [pc, #164]	; (20001fec <ph_remove_and_free_node+0xe4>)
20001f46:	f000 fb01 	bl	2000254c <__assert_func>
20001f4a:	2b00      	cmp	r3, #0
20001f4c:	d020      	beq.n	20001f90 <ph_remove_and_free_node+0x88>
20001f4e:	7b22      	ldrb	r2, [r4, #12]
20001f50:	4293      	cmp	r3, r2
20001f52:	d81d      	bhi.n	20001f90 <ph_remove_and_free_node+0x88>
20001f54:	005a      	lsls	r2, r3, #1
20001f56:	18d3      	adds	r3, r2, r3
20001f58:	3b03      	subs	r3, #3
20001f5a:	6822      	ldr	r2, [r4, #0]
20001f5c:	18d2      	adds	r2, r2, r3
20001f5e:	6825      	ldr	r5, [r4, #0]
20001f60:	5ceb      	ldrb	r3, [r5, r3]
20001f62:	428b      	cmp	r3, r1
20001f64:	d01a      	beq.n	20001f9c <ph_remove_and_free_node+0x94>
20001f66:	2b00      	cmp	r3, #0
20001f68:	d01b      	beq.n	20001fa2 <ph_remove_and_free_node+0x9a>
20001f6a:	7b22      	ldrb	r2, [r4, #12]
20001f6c:	4293      	cmp	r3, r2
20001f6e:	d818      	bhi.n	20001fa2 <ph_remove_and_free_node+0x9a>
20001f70:	005a      	lsls	r2, r3, #1
20001f72:	18d3      	adds	r3, r2, r3
20001f74:	3b03      	subs	r3, #3
20001f76:	6822      	ldr	r2, [r4, #0]
20001f78:	18d2      	adds	r2, r2, r3
20001f7a:	7853      	ldrb	r3, [r2, #1]
20001f7c:	428b      	cmp	r3, r1
20001f7e:	d016      	beq.n	20001fae <ph_remove_and_free_node+0xa6>
20001f80:	2b00      	cmp	r3, #0
20001f82:	d1f0      	bne.n	20001f66 <ph_remove_and_free_node+0x5e>
20001f84:	4b1a      	ldr	r3, [pc, #104]	; (20001ff0 <ph_remove_and_free_node+0xe8>)
20001f86:	4a1b      	ldr	r2, [pc, #108]	; (20001ff4 <ph_remove_and_free_node+0xec>)
20001f88:	216b      	movs	r1, #107	; 0x6b
20001f8a:	481b      	ldr	r0, [pc, #108]	; (20001ff8 <ph_remove_and_free_node+0xf0>)
20001f8c:	f000 fade 	bl	2000254c <__assert_func>
20001f90:	4b14      	ldr	r3, [pc, #80]	; (20001fe4 <ph_remove_and_free_node+0xdc>)
20001f92:	4a15      	ldr	r2, [pc, #84]	; (20001fe8 <ph_remove_and_free_node+0xe0>)
20001f94:	2168      	movs	r1, #104	; 0x68
20001f96:	4815      	ldr	r0, [pc, #84]	; (20001fec <ph_remove_and_free_node+0xe4>)
20001f98:	f000 fad8 	bl	2000254c <__assert_func>
20001f9c:	7843      	ldrb	r3, [r0, #1]
20001f9e:	7013      	strb	r3, [r2, #0]
20001fa0:	e007      	b.n	20001fb2 <ph_remove_and_free_node+0xaa>
20001fa2:	4b10      	ldr	r3, [pc, #64]	; (20001fe4 <ph_remove_and_free_node+0xdc>)
20001fa4:	4a10      	ldr	r2, [pc, #64]	; (20001fe8 <ph_remove_and_free_node+0xe0>)
20001fa6:	2168      	movs	r1, #104	; 0x68
20001fa8:	4810      	ldr	r0, [pc, #64]	; (20001fec <ph_remove_and_free_node+0xe4>)
20001faa:	f000 facf 	bl	2000254c <__assert_func>
20001fae:	7843      	ldrb	r3, [r0, #1]
20001fb0:	7053      	strb	r3, [r2, #1]
20001fb2:	2300      	movs	r3, #0
20001fb4:	7083      	strb	r3, [r0, #2]
20001fb6:	7043      	strb	r3, [r0, #1]
20001fb8:	2201      	movs	r2, #1
20001fba:	0020      	movs	r0, r4
20001fbc:	f7ff ff06 	bl	20001dcc <ph_remove_any_head>
20001fc0:	0002      	movs	r2, r0
20001fc2:	7b61      	ldrb	r1, [r4, #13]
20001fc4:	4281      	cmp	r1, r0
20001fc6:	d005      	beq.n	20001fd4 <ph_remove_and_free_node+0xcc>
20001fc8:	0020      	movs	r0, r4
20001fca:	f7ff fe4b 	bl	20001c64 <ph_merge_nodes>
20001fce:	7360      	strb	r0, [r4, #13]
20001fd0:	2001      	movs	r0, #1
20001fd2:	e006      	b.n	20001fe2 <ph_remove_and_free_node+0xda>
20001fd4:	4b09      	ldr	r3, [pc, #36]	; (20001ffc <ph_remove_and_free_node+0xf4>)
20001fd6:	4a07      	ldr	r2, [pc, #28]	; (20001ff4 <ph_remove_and_free_node+0xec>)
20001fd8:	2171      	movs	r1, #113	; 0x71
20001fda:	4807      	ldr	r0, [pc, #28]	; (20001ff8 <ph_remove_and_free_node+0xf0>)
20001fdc:	f000 fab6 	bl	2000254c <__assert_func>
20001fe0:	2000      	movs	r0, #0
20001fe2:	bd70      	pop	{r4, r5, r6, pc}
20001fe4:	20004b58 	.word	0x20004b58
20001fe8:	20004fc8 	.word	0x20004fc8
20001fec:	20004b74 	.word	0x20004b74
20001ff0:	200049b8 	.word	0x200049b8
20001ff4:	20004f88 	.word	0x20004f88
20001ff8:	20004ee8 	.word	0x20004ee8
20001ffc:	20004f68 	.word	0x20004f68

20002000 <uart_disable_before_lcr_write>:
20002000:	b570      	push	{r4, r5, r6, lr}
20002002:	6b04      	ldr	r4, [r0, #48]	; 0x30
20002004:	07e3      	lsls	r3, r4, #31
20002006:	d401      	bmi.n	2000200c <uart_disable_before_lcr_write+0xc>
20002008:	0020      	movs	r0, r4
2000200a:	bd70      	pop	{r4, r5, r6, pc}
2000200c:	0002      	movs	r2, r0
2000200e:	3230      	adds	r2, #48	; 0x30
20002010:	23c0      	movs	r3, #192	; 0xc0
20002012:	019b      	lsls	r3, r3, #6
20002014:	4313      	orrs	r3, r2
20002016:	4a0a      	ldr	r2, [pc, #40]	; (20002040 <uart_disable_before_lcr_write+0x40>)
20002018:	601a      	str	r2, [r3, #0]
2000201a:	6a45      	ldr	r5, [r0, #36]	; 0x24
2000201c:	6a82      	ldr	r2, [r0, #40]	; 0x28
2000201e:	01ad      	lsls	r5, r5, #6
20002020:	18ad      	adds	r5, r5, r2
20002022:	02ad      	lsls	r5, r5, #10
20002024:	2006      	movs	r0, #6
20002026:	f000 f9d3 	bl	200023d0 <clock_get_hz>
2000202a:	4906      	ldr	r1, [pc, #24]	; (20002044 <uart_disable_before_lcr_write+0x44>)
2000202c:	f001 fc54 	bl	200038d8 <__wrap___aeabi_uidiv>
20002030:	0001      	movs	r1, r0
20002032:	0028      	movs	r0, r5
20002034:	f001 fc50 	bl	200038d8 <__wrap___aeabi_uidiv>
20002038:	2100      	movs	r1, #0
2000203a:	f7ff fcc1 	bl	200019c0 <busy_wait_us>
2000203e:	e7e3      	b.n	20002008 <uart_disable_before_lcr_write+0x8>
20002040:	00000301 	.word	0x00000301
20002044:	00000e4e 	.word	0x00000e4e

20002048 <uart_write_lcr_bits_masked>:
20002048:	b570      	push	{r4, r5, r6, lr}
2000204a:	0004      	movs	r4, r0
2000204c:	000e      	movs	r6, r1
2000204e:	0015      	movs	r5, r2
20002050:	f7ff ffd6 	bl	20002000 <uart_disable_before_lcr_write>
20002054:	0022      	movs	r2, r4
20002056:	322c      	adds	r2, #44	; 0x2c
20002058:	6ae1      	ldr	r1, [r4, #44]	; 0x2c
2000205a:	404e      	eors	r6, r1
2000205c:	4035      	ands	r5, r6
2000205e:	2380      	movs	r3, #128	; 0x80
20002060:	015b      	lsls	r3, r3, #5
20002062:	4313      	orrs	r3, r2
20002064:	601d      	str	r5, [r3, #0]
20002066:	6320      	str	r0, [r4, #48]	; 0x30
20002068:	bd70      	pop	{r4, r5, r6, pc}
	...

2000206c <uart_set_baudrate>:
2000206c:	b570      	push	{r4, r5, r6, lr}
2000206e:	0005      	movs	r5, r0
20002070:	000c      	movs	r4, r1
20002072:	2006      	movs	r0, #6
20002074:	f000 f9ac 	bl	200023d0 <clock_get_hz>
20002078:	00c0      	lsls	r0, r0, #3
2000207a:	0021      	movs	r1, r4
2000207c:	f001 fc2c 	bl	200038d8 <__wrap___aeabi_uidiv>
20002080:	09c6      	lsrs	r6, r0, #7
20002082:	d008      	beq.n	20002096 <uart_set_baudrate+0x2a>
20002084:	4b0e      	ldr	r3, [pc, #56]	; (200020c0 <uart_set_baudrate+0x54>)
20002086:	429e      	cmp	r6, r3
20002088:	d816      	bhi.n	200020b8 <uart_set_baudrate+0x4c>
2000208a:	237f      	movs	r3, #127	; 0x7f
2000208c:	4018      	ands	r0, r3
2000208e:	3001      	adds	r0, #1
20002090:	0034      	movs	r4, r6
20002092:	0846      	lsrs	r6, r0, #1
20002094:	e000      	b.n	20002098 <uart_set_baudrate+0x2c>
20002096:	2401      	movs	r4, #1
20002098:	626c      	str	r4, [r5, #36]	; 0x24
2000209a:	62ae      	str	r6, [r5, #40]	; 0x28
2000209c:	2200      	movs	r2, #0
2000209e:	2100      	movs	r1, #0
200020a0:	0028      	movs	r0, r5
200020a2:	f7ff ffd1 	bl	20002048 <uart_write_lcr_bits_masked>
200020a6:	2006      	movs	r0, #6
200020a8:	f000 f992 	bl	200023d0 <clock_get_hz>
200020ac:	0080      	lsls	r0, r0, #2
200020ae:	01a1      	lsls	r1, r4, #6
200020b0:	1989      	adds	r1, r1, r6
200020b2:	f001 fc11 	bl	200038d8 <__wrap___aeabi_uidiv>
200020b6:	bd70      	pop	{r4, r5, r6, pc}
200020b8:	2600      	movs	r6, #0
200020ba:	4c02      	ldr	r4, [pc, #8]	; (200020c4 <uart_set_baudrate+0x58>)
200020bc:	e7ec      	b.n	20002098 <uart_set_baudrate+0x2c>
200020be:	46c0      	nop			; (mov r8, r8)
200020c0:	0000fffe 	.word	0x0000fffe
200020c4:	0000ffff 	.word	0x0000ffff

200020c8 <uart_set_format>:
200020c8:	b510      	push	{r4, lr}
200020ca:	3905      	subs	r1, #5
200020cc:	0149      	lsls	r1, r1, #5
200020ce:	3a01      	subs	r2, #1
200020d0:	00d2      	lsls	r2, r2, #3
200020d2:	4311      	orrs	r1, r2
200020d4:	2b00      	cmp	r3, #0
200020d6:	d009      	beq.n	200020ec <uart_set_format+0x24>
200020d8:	2202      	movs	r2, #2
200020da:	430a      	orrs	r2, r1
200020dc:	2b01      	cmp	r3, #1
200020de:	d007      	beq.n	200020f0 <uart_set_format+0x28>
200020e0:	2100      	movs	r1, #0
200020e2:	4311      	orrs	r1, r2
200020e4:	226e      	movs	r2, #110	; 0x6e
200020e6:	f7ff ffaf 	bl	20002048 <uart_write_lcr_bits_masked>
200020ea:	bd10      	pop	{r4, pc}
200020ec:	2200      	movs	r2, #0
200020ee:	e7f4      	b.n	200020da <uart_set_format+0x12>
200020f0:	2104      	movs	r1, #4
200020f2:	e7f6      	b.n	200020e2 <uart_set_format+0x1a>

200020f4 <uart_set_translate_crlf>:
200020f4:	2900      	cmp	r1, #0
200020f6:	d009      	beq.n	2000210c <uart_set_translate_crlf+0x18>
200020f8:	220a      	movs	r2, #10
200020fa:	4b06      	ldr	r3, [pc, #24]	; (20002114 <uart_set_translate_crlf+0x20>)
200020fc:	469c      	mov	ip, r3
200020fe:	4460      	add	r0, ip
20002100:	4243      	negs	r3, r0
20002102:	4158      	adcs	r0, r3
20002104:	0040      	lsls	r0, r0, #1
20002106:	4b04      	ldr	r3, [pc, #16]	; (20002118 <uart_set_translate_crlf+0x24>)
20002108:	52c2      	strh	r2, [r0, r3]
2000210a:	4770      	bx	lr
2000210c:	2280      	movs	r2, #128	; 0x80
2000210e:	0052      	lsls	r2, r2, #1
20002110:	e7f3      	b.n	200020fa <uart_set_translate_crlf+0x6>
20002112:	46c0      	nop			; (mov r8, r8)
20002114:	bffc8000 	.word	0xbffc8000
20002118:	20005d4c 	.word	0x20005d4c

2000211c <uart_init>:
2000211c:	b570      	push	{r4, r5, r6, lr}
2000211e:	0005      	movs	r5, r0
20002120:	000c      	movs	r4, r1
20002122:	2006      	movs	r0, #6
20002124:	f000 f954 	bl	200023d0 <clock_get_hz>
20002128:	1e06      	subs	r6, r0, #0
2000212a:	d027      	beq.n	2000217c <uart_init+0x60>
2000212c:	4b16      	ldr	r3, [pc, #88]	; (20002188 <uart_init+0x6c>)
2000212e:	429d      	cmp	r5, r3
20002130:	d026      	beq.n	20002180 <uart_init+0x64>
20002132:	2280      	movs	r2, #128	; 0x80
20002134:	03d2      	lsls	r2, r2, #15
20002136:	4b15      	ldr	r3, [pc, #84]	; (2000218c <uart_init+0x70>)
20002138:	601a      	str	r2, [r3, #0]
2000213a:	4b15      	ldr	r3, [pc, #84]	; (20002190 <uart_init+0x74>)
2000213c:	601a      	str	r2, [r3, #0]
2000213e:	4b15      	ldr	r3, [pc, #84]	; (20002194 <uart_init+0x78>)
20002140:	689b      	ldr	r3, [r3, #8]
20002142:	0011      	movs	r1, r2
20002144:	4399      	bics	r1, r3
20002146:	d1fa      	bne.n	2000213e <uart_init+0x22>
20002148:	2100      	movs	r1, #0
2000214a:	0028      	movs	r0, r5
2000214c:	f7ff ffd2 	bl	200020f4 <uart_set_translate_crlf>
20002150:	0021      	movs	r1, r4
20002152:	0028      	movs	r0, r5
20002154:	f7ff ff8a 	bl	2000206c <uart_set_baudrate>
20002158:	0006      	movs	r6, r0
2000215a:	2300      	movs	r3, #0
2000215c:	2201      	movs	r2, #1
2000215e:	2108      	movs	r1, #8
20002160:	0028      	movs	r0, r5
20002162:	f7ff ffb1 	bl	200020c8 <uart_set_format>
20002166:	002a      	movs	r2, r5
20002168:	322c      	adds	r2, #44	; 0x2c
2000216a:	2380      	movs	r3, #128	; 0x80
2000216c:	019b      	lsls	r3, r3, #6
2000216e:	4313      	orrs	r3, r2
20002170:	2210      	movs	r2, #16
20002172:	601a      	str	r2, [r3, #0]
20002174:	4b08      	ldr	r3, [pc, #32]	; (20002198 <uart_init+0x7c>)
20002176:	632b      	str	r3, [r5, #48]	; 0x30
20002178:	2303      	movs	r3, #3
2000217a:	64ab      	str	r3, [r5, #72]	; 0x48
2000217c:	0030      	movs	r0, r6
2000217e:	bd70      	pop	{r4, r5, r6, pc}
20002180:	2280      	movs	r2, #128	; 0x80
20002182:	0412      	lsls	r2, r2, #16
20002184:	e7d7      	b.n	20002136 <uart_init+0x1a>
20002186:	46c0      	nop			; (mov r8, r8)
20002188:	40038000 	.word	0x40038000
2000218c:	4000e000 	.word	0x4000e000
20002190:	4000f000 	.word	0x4000f000
20002194:	4000c000 	.word	0x4000c000
20002198:	00000301 	.word	0x00000301

2000219c <clock_stop>:
2000219c:	0043      	lsls	r3, r0, #1
2000219e:	181b      	adds	r3, r3, r0
200021a0:	009b      	lsls	r3, r3, #2
200021a2:	4a07      	ldr	r2, [pc, #28]	; (200021c0 <clock_stop+0x24>)
200021a4:	4694      	mov	ip, r2
200021a6:	4463      	add	r3, ip
200021a8:	22c0      	movs	r2, #192	; 0xc0
200021aa:	0192      	lsls	r2, r2, #6
200021ac:	4313      	orrs	r3, r2
200021ae:	2280      	movs	r2, #128	; 0x80
200021b0:	0112      	lsls	r2, r2, #4
200021b2:	601a      	str	r2, [r3, #0]
200021b4:	0080      	lsls	r0, r0, #2
200021b6:	4b03      	ldr	r3, [pc, #12]	; (200021c4 <clock_stop+0x28>)
200021b8:	2200      	movs	r2, #0
200021ba:	50c2      	str	r2, [r0, r3]
200021bc:	4770      	bx	lr
200021be:	46c0      	nop			; (mov r8, r8)
200021c0:	40008000 	.word	0x40008000
200021c4:	20005aac 	.word	0x20005aac

200021c8 <clock_configure>:
200021c8:	b5f8      	push	{r3, r4, r5, r6, r7, lr}
200021ca:	46de      	mov	lr, fp
200021cc:	4657      	mov	r7, sl
200021ce:	464e      	mov	r6, r9
200021d0:	4645      	mov	r5, r8
200021d2:	b5e0      	push	{r5, r6, r7, lr}
200021d4:	0005      	movs	r5, r0
200021d6:	000f      	movs	r7, r1
200021d8:	4692      	mov	sl, r2
200021da:	9a0a      	ldr	r2, [sp, #40]	; 0x28
200021dc:	4293      	cmp	r3, r2
200021de:	d350      	bcc.n	20002282 <clock_configure+0xba>
200021e0:	0e1a      	lsrs	r2, r3, #24
200021e2:	4691      	mov	r9, r2
200021e4:	021e      	lsls	r6, r3, #8
200021e6:	9a0a      	ldr	r2, [sp, #40]	; 0x28
200021e8:	2300      	movs	r3, #0
200021ea:	0030      	movs	r0, r6
200021ec:	4649      	mov	r1, r9
200021ee:	f001 fbb1 	bl	20003954 <__wrap___aeabi_uldivmod>
200021f2:	4680      	mov	r8, r0
200021f4:	006c      	lsls	r4, r5, #1
200021f6:	1964      	adds	r4, r4, r5
200021f8:	00a4      	lsls	r4, r4, #2
200021fa:	4b30      	ldr	r3, [pc, #192]	; (200022bc <clock_configure+0xf4>)
200021fc:	469c      	mov	ip, r3
200021fe:	4464      	add	r4, ip
20002200:	6863      	ldr	r3, [r4, #4]
20002202:	4283      	cmp	r3, r0
20002204:	d200      	bcs.n	20002208 <clock_configure+0x40>
20002206:	6060      	str	r0, [r4, #4]
20002208:	1f2b      	subs	r3, r5, #4
2000220a:	b2db      	uxtb	r3, r3
2000220c:	469b      	mov	fp, r3
2000220e:	2b01      	cmp	r3, #1
20002210:	d93d      	bls.n	2000228e <clock_configure+0xc6>
20002212:	23c0      	movs	r3, #192	; 0xc0
20002214:	019b      	lsls	r3, r3, #6
20002216:	4323      	orrs	r3, r4
20002218:	2280      	movs	r2, #128	; 0x80
2000221a:	0112      	lsls	r2, r2, #4
2000221c:	601a      	str	r2, [r3, #0]
2000221e:	00ab      	lsls	r3, r5, #2
20002220:	4a27      	ldr	r2, [pc, #156]	; (200022c0 <clock_configure+0xf8>)
20002222:	5899      	ldr	r1, [r3, r2]
20002224:	2900      	cmp	r1, #0
20002226:	d007      	beq.n	20002238 <clock_configure+0x70>
20002228:	6950      	ldr	r0, [r2, #20]
2000222a:	f001 fb55 	bl	200038d8 <__wrap___aeabi_uidiv>
2000222e:	1c43      	adds	r3, r0, #1
20002230:	0058      	lsls	r0, r3, #1
20002232:	18c0      	adds	r0, r0, r3
20002234:	3803      	subs	r0, #3
20002236:	d2fd      	bcs.n	20002234 <clock_configure+0x6c>
20002238:	4653      	mov	r3, sl
2000223a:	015a      	lsls	r2, r3, #5
2000223c:	6823      	ldr	r3, [r4, #0]
2000223e:	405a      	eors	r2, r3
20002240:	23e0      	movs	r3, #224	; 0xe0
20002242:	401a      	ands	r2, r3
20002244:	2380      	movs	r3, #128	; 0x80
20002246:	015b      	lsls	r3, r3, #5
20002248:	4323      	orrs	r3, r4
2000224a:	601a      	str	r2, [r3, #0]
2000224c:	465a      	mov	r2, fp
2000224e:	2a01      	cmp	r2, #1
20002250:	d928      	bls.n	200022a4 <clock_configure+0xdc>
20002252:	2380      	movs	r3, #128	; 0x80
20002254:	019b      	lsls	r3, r3, #6
20002256:	4323      	orrs	r3, r4
20002258:	2280      	movs	r2, #128	; 0x80
2000225a:	0112      	lsls	r2, r2, #4
2000225c:	601a      	str	r2, [r3, #0]
2000225e:	4643      	mov	r3, r8
20002260:	6063      	str	r3, [r4, #4]
20002262:	4642      	mov	r2, r8
20002264:	2300      	movs	r3, #0
20002266:	0030      	movs	r0, r6
20002268:	4649      	mov	r1, r9
2000226a:	f001 fb73 	bl	20003954 <__wrap___aeabi_uldivmod>
2000226e:	00ad      	lsls	r5, r5, #2
20002270:	4b13      	ldr	r3, [pc, #76]	; (200022c0 <clock_configure+0xf8>)
20002272:	5158      	str	r0, [r3, r5]
20002274:	2001      	movs	r0, #1
20002276:	bcf0      	pop	{r4, r5, r6, r7}
20002278:	46bb      	mov	fp, r7
2000227a:	46b2      	mov	sl, r6
2000227c:	46a9      	mov	r9, r5
2000227e:	46a0      	mov	r8, r4
20002280:	bdf8      	pop	{r3, r4, r5, r6, r7, pc}
20002282:	4b10      	ldr	r3, [pc, #64]	; (200022c4 <clock_configure+0xfc>)
20002284:	4a10      	ldr	r2, [pc, #64]	; (200022c8 <clock_configure+0x100>)
20002286:	2133      	movs	r1, #51	; 0x33
20002288:	4810      	ldr	r0, [pc, #64]	; (200022cc <clock_configure+0x104>)
2000228a:	f000 f95f 	bl	2000254c <__assert_func>
2000228e:	2f01      	cmp	r7, #1
20002290:	d1bf      	bne.n	20002212 <clock_configure+0x4a>
20002292:	23c0      	movs	r3, #192	; 0xc0
20002294:	019b      	lsls	r3, r3, #6
20002296:	4323      	orrs	r3, r4
20002298:	2203      	movs	r2, #3
2000229a:	601a      	str	r2, [r3, #0]
2000229c:	68a3      	ldr	r3, [r4, #8]
2000229e:	07db      	lsls	r3, r3, #31
200022a0:	d5fc      	bpl.n	2000229c <clock_configure+0xd4>
200022a2:	e7c9      	b.n	20002238 <clock_configure+0x70>
200022a4:	6821      	ldr	r1, [r4, #0]
200022a6:	4079      	eors	r1, r7
200022a8:	2203      	movs	r2, #3
200022aa:	400a      	ands	r2, r1
200022ac:	601a      	str	r2, [r3, #0]
200022ae:	68a2      	ldr	r2, [r4, #8]
200022b0:	2301      	movs	r3, #1
200022b2:	40bb      	lsls	r3, r7
200022b4:	4213      	tst	r3, r2
200022b6:	d0fa      	beq.n	200022ae <clock_configure+0xe6>
200022b8:	e7cb      	b.n	20002252 <clock_configure+0x8a>
200022ba:	46c0      	nop			; (mov r8, r8)
200022bc:	40008000 	.word	0x40008000
200022c0:	20005aac 	.word	0x20005aac
200022c4:	20004fd4 	.word	0x20004fd4
200022c8:	20005028 	.word	0x20005028
200022cc:	20004fe8 	.word	0x20004fe8

200022d0 <clocks_init>:
200022d0:	b530      	push	{r4, r5, lr}
200022d2:	b083      	sub	sp, #12
200022d4:	200c      	movs	r0, #12
200022d6:	f000 f915 	bl	20002504 <watchdog_start_tick>
200022da:	f7fe fac7 	bl	2000086c <running_on_fpga>
200022de:	2800      	cmp	r0, #0
200022e0:	d00d      	beq.n	200022fe <clocks_init+0x2e>
200022e2:	2300      	movs	r3, #0
200022e4:	e004      	b.n	200022f0 <clocks_init+0x20>
200022e6:	0099      	lsls	r1, r3, #2
200022e8:	4a2d      	ldr	r2, [pc, #180]	; (200023a0 <clocks_init+0xd0>)
200022ea:	482e      	ldr	r0, [pc, #184]	; (200023a4 <clocks_init+0xd4>)
200022ec:	5088      	str	r0, [r1, r2]
200022ee:	3301      	adds	r3, #1
200022f0:	2b09      	cmp	r3, #9
200022f2:	d9f8      	bls.n	200022e6 <clocks_init+0x16>
200022f4:	4b2a      	ldr	r3, [pc, #168]	; (200023a0 <clocks_init+0xd0>)
200022f6:	4a2c      	ldr	r2, [pc, #176]	; (200023a8 <clocks_init+0xd8>)
200022f8:	625a      	str	r2, [r3, #36]	; 0x24
200022fa:	b003      	add	sp, #12
200022fc:	bd30      	pop	{r4, r5, pc}
200022fe:	4b2b      	ldr	r3, [pc, #172]	; (200023ac <clocks_init+0xdc>)
20002300:	2200      	movs	r2, #0
20002302:	679a      	str	r2, [r3, #120]	; 0x78
20002304:	f000 f906 	bl	20002514 <xosc_init>
20002308:	4b29      	ldr	r3, [pc, #164]	; (200023b0 <clocks_init+0xe0>)
2000230a:	2201      	movs	r2, #1
2000230c:	601a      	str	r2, [r3, #0]
2000230e:	4b27      	ldr	r3, [pc, #156]	; (200023ac <clocks_init+0xdc>)
20002310:	6c5b      	ldr	r3, [r3, #68]	; 0x44
20002312:	2b01      	cmp	r3, #1
20002314:	d1fb      	bne.n	2000230e <clocks_init+0x3e>
20002316:	4b27      	ldr	r3, [pc, #156]	; (200023b4 <clocks_init+0xe4>)
20002318:	2203      	movs	r2, #3
2000231a:	601a      	str	r2, [r3, #0]
2000231c:	4b23      	ldr	r3, [pc, #140]	; (200023ac <clocks_init+0xdc>)
2000231e:	6b9b      	ldr	r3, [r3, #56]	; 0x38
20002320:	2b01      	cmp	r3, #1
20002322:	d1fb      	bne.n	2000231c <clocks_init+0x4c>
20002324:	3301      	adds	r3, #1
20002326:	9300      	str	r3, [sp, #0]
20002328:	3304      	adds	r3, #4
2000232a:	4a23      	ldr	r2, [pc, #140]	; (200023b8 <clocks_init+0xe8>)
2000232c:	2101      	movs	r1, #1
2000232e:	4823      	ldr	r0, [pc, #140]	; (200023bc <clocks_init+0xec>)
20002330:	f000 f854 	bl	200023dc <pll_init>
20002334:	2305      	movs	r3, #5
20002336:	9300      	str	r3, [sp, #0]
20002338:	4a21      	ldr	r2, [pc, #132]	; (200023c0 <clocks_init+0xf0>)
2000233a:	2101      	movs	r1, #1
2000233c:	4821      	ldr	r0, [pc, #132]	; (200023c4 <clocks_init+0xf4>)
2000233e:	f000 f84d 	bl	200023dc <pll_init>
20002342:	4b21      	ldr	r3, [pc, #132]	; (200023c8 <clocks_init+0xf8>)
20002344:	9300      	str	r3, [sp, #0]
20002346:	2200      	movs	r2, #0
20002348:	2102      	movs	r1, #2
2000234a:	2004      	movs	r0, #4
2000234c:	f7ff ff3c 	bl	200021c8 <clock_configure>
20002350:	4d1e      	ldr	r5, [pc, #120]	; (200023cc <clocks_init+0xfc>)
20002352:	9500      	str	r5, [sp, #0]
20002354:	002b      	movs	r3, r5
20002356:	2200      	movs	r2, #0
20002358:	2101      	movs	r1, #1
2000235a:	2005      	movs	r0, #5
2000235c:	f7ff ff34 	bl	200021c8 <clock_configure>
20002360:	4c10      	ldr	r4, [pc, #64]	; (200023a4 <clocks_init+0xd4>)
20002362:	9400      	str	r4, [sp, #0]
20002364:	0023      	movs	r3, r4
20002366:	2200      	movs	r2, #0
20002368:	2100      	movs	r1, #0
2000236a:	2007      	movs	r0, #7
2000236c:	f7ff ff2c 	bl	200021c8 <clock_configure>
20002370:	9400      	str	r4, [sp, #0]
20002372:	0023      	movs	r3, r4
20002374:	2200      	movs	r2, #0
20002376:	2100      	movs	r1, #0
20002378:	2008      	movs	r0, #8
2000237a:	f7ff ff25 	bl	200021c8 <clock_configure>
2000237e:	4b0a      	ldr	r3, [pc, #40]	; (200023a8 <clocks_init+0xd8>)
20002380:	9300      	str	r3, [sp, #0]
20002382:	0023      	movs	r3, r4
20002384:	2200      	movs	r2, #0
20002386:	2100      	movs	r1, #0
20002388:	2009      	movs	r0, #9
2000238a:	f7ff ff1d 	bl	200021c8 <clock_configure>
2000238e:	9500      	str	r5, [sp, #0]
20002390:	002b      	movs	r3, r5
20002392:	2200      	movs	r2, #0
20002394:	2100      	movs	r1, #0
20002396:	2006      	movs	r0, #6
20002398:	f7ff ff16 	bl	200021c8 <clock_configure>
2000239c:	e7ad      	b.n	200022fa <clocks_init+0x2a>
2000239e:	46c0      	nop			; (mov r8, r8)
200023a0:	20005aac 	.word	0x20005aac
200023a4:	02dc6c00 	.word	0x02dc6c00
200023a8:	0000b71b 	.word	0x0000b71b
200023ac:	40008000 	.word	0x40008000
200023b0:	4000b03c 	.word	0x4000b03c
200023b4:	4000b030 	.word	0x4000b030
200023b8:	59682f00 	.word	0x59682f00
200023bc:	40028000 	.word	0x40028000
200023c0:	47868c00 	.word	0x47868c00
200023c4:	4002c000 	.word	0x4002c000
200023c8:	00b71b00 	.word	0x00b71b00
200023cc:	07735940 	.word	0x07735940

200023d0 <clock_get_hz>:
200023d0:	0080      	lsls	r0, r0, #2
200023d2:	4b01      	ldr	r3, [pc, #4]	; (200023d8 <clock_get_hz+0x8>)
200023d4:	58c0      	ldr	r0, [r0, r3]
200023d6:	4770      	bx	lr
200023d8:	20005aac 	.word	0x20005aac

200023dc <pll_init>:
200023dc:	b5f0      	push	{r4, r5, r6, r7, lr}
200023de:	46c6      	mov	lr, r8
200023e0:	b500      	push	{lr}
200023e2:	0004      	movs	r4, r0
200023e4:	000e      	movs	r6, r1
200023e6:	0017      	movs	r7, r2
200023e8:	001d      	movs	r5, r3
200023ea:	4837      	ldr	r0, [pc, #220]	; (200024c8 <pll_init+0xec>)
200023ec:	f001 fa74 	bl	200038d8 <__wrap___aeabi_uidiv>
200023f0:	4680      	mov	r8, r0
200023f2:	4b36      	ldr	r3, [pc, #216]	; (200024cc <pll_init+0xf0>)
200023f4:	18fa      	adds	r2, r7, r3
200023f6:	4b36      	ldr	r3, [pc, #216]	; (200024d0 <pll_init+0xf4>)
200023f8:	429a      	cmp	r2, r3
200023fa:	d839      	bhi.n	20002470 <pll_init+0x94>
200023fc:	0001      	movs	r1, r0
200023fe:	0038      	movs	r0, r7
20002400:	f001 fa6a 	bl	200038d8 <__wrap___aeabi_uidiv>
20002404:	0002      	movs	r2, r0
20002406:	3a10      	subs	r2, #16
20002408:	2398      	movs	r3, #152	; 0x98
2000240a:	005b      	lsls	r3, r3, #1
2000240c:	429a      	cmp	r2, r3
2000240e:	d835      	bhi.n	2000247c <pll_init+0xa0>
20002410:	1e6b      	subs	r3, r5, #1
20002412:	2b06      	cmp	r3, #6
20002414:	d838      	bhi.n	20002488 <pll_init+0xac>
20002416:	9b06      	ldr	r3, [sp, #24]
20002418:	3b01      	subs	r3, #1
2000241a:	2b06      	cmp	r3, #6
2000241c:	d834      	bhi.n	20002488 <pll_init+0xac>
2000241e:	093f      	lsrs	r7, r7, #4
20002420:	4547      	cmp	r7, r8
20002422:	d337      	bcc.n	20002494 <pll_init+0xb8>
20002424:	042d      	lsls	r5, r5, #16
20002426:	9b06      	ldr	r3, [sp, #24]
20002428:	031a      	lsls	r2, r3, #12
2000242a:	4315      	orrs	r5, r2
2000242c:	6823      	ldr	r3, [r4, #0]
2000242e:	2b00      	cmp	r3, #0
20002430:	db36      	blt.n	200024a0 <pll_init+0xc4>
20002432:	4b28      	ldr	r3, [pc, #160]	; (200024d4 <pll_init+0xf8>)
20002434:	429c      	cmp	r4, r3
20002436:	d044      	beq.n	200024c2 <pll_init+0xe6>
20002438:	2280      	movs	r2, #128	; 0x80
2000243a:	0152      	lsls	r2, r2, #5
2000243c:	4b26      	ldr	r3, [pc, #152]	; (200024d8 <pll_init+0xfc>)
2000243e:	601a      	str	r2, [r3, #0]
20002440:	4b26      	ldr	r3, [pc, #152]	; (200024dc <pll_init+0x100>)
20002442:	601a      	str	r2, [r3, #0]
20002444:	4b26      	ldr	r3, [pc, #152]	; (200024e0 <pll_init+0x104>)
20002446:	689b      	ldr	r3, [r3, #8]
20002448:	0011      	movs	r1, r2
2000244a:	4399      	bics	r1, r3
2000244c:	d1fa      	bne.n	20002444 <pll_init+0x68>
2000244e:	6026      	str	r6, [r4, #0]
20002450:	60a0      	str	r0, [r4, #8]
20002452:	1d23      	adds	r3, r4, #4
20002454:	22c0      	movs	r2, #192	; 0xc0
20002456:	0192      	lsls	r2, r2, #6
20002458:	431a      	orrs	r2, r3
2000245a:	2321      	movs	r3, #33	; 0x21
2000245c:	6013      	str	r3, [r2, #0]
2000245e:	6823      	ldr	r3, [r4, #0]
20002460:	2b00      	cmp	r3, #0
20002462:	dafc      	bge.n	2000245e <pll_init+0x82>
20002464:	60e5      	str	r5, [r4, #12]
20002466:	2308      	movs	r3, #8
20002468:	6013      	str	r3, [r2, #0]
2000246a:	bc80      	pop	{r7}
2000246c:	46b8      	mov	r8, r7
2000246e:	bdf0      	pop	{r4, r5, r6, r7, pc}
20002470:	4b1c      	ldr	r3, [pc, #112]	; (200024e4 <pll_init+0x108>)
20002472:	4a1d      	ldr	r2, [pc, #116]	; (200024e8 <pll_init+0x10c>)
20002474:	2111      	movs	r1, #17
20002476:	481d      	ldr	r0, [pc, #116]	; (200024ec <pll_init+0x110>)
20002478:	f000 f868 	bl	2000254c <__assert_func>
2000247c:	4b1c      	ldr	r3, [pc, #112]	; (200024f0 <pll_init+0x114>)
2000247e:	4a1a      	ldr	r2, [pc, #104]	; (200024e8 <pll_init+0x10c>)
20002480:	2119      	movs	r1, #25
20002482:	481a      	ldr	r0, [pc, #104]	; (200024ec <pll_init+0x110>)
20002484:	f000 f862 	bl	2000254c <__assert_func>
20002488:	4b1a      	ldr	r3, [pc, #104]	; (200024f4 <pll_init+0x118>)
2000248a:	4a17      	ldr	r2, [pc, #92]	; (200024e8 <pll_init+0x10c>)
2000248c:	211c      	movs	r1, #28
2000248e:	4817      	ldr	r0, [pc, #92]	; (200024ec <pll_init+0x110>)
20002490:	f000 f85c 	bl	2000254c <__assert_func>
20002494:	4b18      	ldr	r3, [pc, #96]	; (200024f8 <pll_init+0x11c>)
20002496:	4a14      	ldr	r2, [pc, #80]	; (200024e8 <pll_init+0x10c>)
20002498:	2123      	movs	r1, #35	; 0x23
2000249a:	4814      	ldr	r0, [pc, #80]	; (200024ec <pll_init+0x110>)
2000249c:	f000 f856 	bl	2000254c <__assert_func>
200024a0:	6822      	ldr	r2, [r4, #0]
200024a2:	233f      	movs	r3, #63	; 0x3f
200024a4:	4013      	ands	r3, r2
200024a6:	42b3      	cmp	r3, r6
200024a8:	d1c3      	bne.n	20002432 <pll_init+0x56>
200024aa:	68a3      	ldr	r3, [r4, #8]
200024ac:	051b      	lsls	r3, r3, #20
200024ae:	0d1b      	lsrs	r3, r3, #20
200024b0:	4283      	cmp	r3, r0
200024b2:	d1be      	bne.n	20002432 <pll_init+0x56>
200024b4:	68e3      	ldr	r3, [r4, #12]
200024b6:	22ee      	movs	r2, #238	; 0xee
200024b8:	02d2      	lsls	r2, r2, #11
200024ba:	4013      	ands	r3, r2
200024bc:	42ab      	cmp	r3, r5
200024be:	d1b8      	bne.n	20002432 <pll_init+0x56>
200024c0:	e7d3      	b.n	2000246a <pll_init+0x8e>
200024c2:	2280      	movs	r2, #128	; 0x80
200024c4:	0192      	lsls	r2, r2, #6
200024c6:	e7b9      	b.n	2000243c <pll_init+0x60>
200024c8:	00b71b00 	.word	0x00b71b00
200024cc:	d34be880 	.word	0xd34be880
200024d0:	32a9f880 	.word	0x32a9f880
200024d4:	4002c000 	.word	0x4002c000
200024d8:	4000e000 	.word	0x4000e000
200024dc:	4000f000 	.word	0x4000f000
200024e0:	4000c000 	.word	0x4000c000
200024e4:	20005038 	.word	0x20005038
200024e8:	20005158 	.word	0x20005158
200024ec:	20005098 	.word	0x20005098
200024f0:	200050d4 	.word	0x200050d4
200024f4:	200050f0 	.word	0x200050f0
200024f8:	2000513c 	.word	0x2000513c

200024fc <pll_deinit>:
200024fc:	232d      	movs	r3, #45	; 0x2d
200024fe:	6043      	str	r3, [r0, #4]
20002500:	4770      	bx	lr
	...

20002504 <watchdog_start_tick>:
20002504:	2380      	movs	r3, #128	; 0x80
20002506:	009b      	lsls	r3, r3, #2
20002508:	4303      	orrs	r3, r0
2000250a:	4a01      	ldr	r2, [pc, #4]	; (20002510 <watchdog_start_tick+0xc>)
2000250c:	62d3      	str	r3, [r2, #44]	; 0x2c
2000250e:	4770      	bx	lr
20002510:	40058000 	.word	0x40058000

20002514 <xosc_init>:
20002514:	4b07      	ldr	r3, [pc, #28]	; (20002534 <xosc_init+0x20>)
20002516:	22aa      	movs	r2, #170	; 0xaa
20002518:	0112      	lsls	r2, r2, #4
2000251a:	601a      	str	r2, [r3, #0]
2000251c:	3221      	adds	r2, #33	; 0x21
2000251e:	32ff      	adds	r2, #255	; 0xff
20002520:	60da      	str	r2, [r3, #12]
20002522:	4b05      	ldr	r3, [pc, #20]	; (20002538 <xosc_init+0x24>)
20002524:	4a05      	ldr	r2, [pc, #20]	; (2000253c <xosc_init+0x28>)
20002526:	601a      	str	r2, [r3, #0]
20002528:	4b02      	ldr	r3, [pc, #8]	; (20002534 <xosc_init+0x20>)
2000252a:	685b      	ldr	r3, [r3, #4]
2000252c:	2b00      	cmp	r3, #0
2000252e:	dafb      	bge.n	20002528 <xosc_init+0x14>
20002530:	4770      	bx	lr
20002532:	46c0      	nop			; (mov r8, r8)
20002534:	40024000 	.word	0x40024000
20002538:	40026000 	.word	0x40026000
2000253c:	00fab000 	.word	0x00fab000

20002540 <_exit>:
20002540:	be00      	bkpt	0x0000
20002542:	e7fd      	b.n	20002540 <_exit>

20002544 <exit>:
20002544:	b510      	push	{r4, lr}
20002546:	f7ff fffb 	bl	20002540 <_exit>
	...

2000254c <__assert_func>:
2000254c:	b510      	push	{r4, lr}
2000254e:	b082      	sub	sp, #8
20002550:	000c      	movs	r4, r1
20002552:	0019      	movs	r1, r3
20002554:	2a00      	cmp	r2, #0
20002556:	d00c      	beq.n	20002572 <__assert_func+0x26>
20002558:	4b08      	ldr	r3, [pc, #32]	; (2000257c <__assert_func+0x30>)
2000255a:	2a00      	cmp	r2, #0
2000255c:	d00b      	beq.n	20002576 <__assert_func+0x2a>
2000255e:	9201      	str	r2, [sp, #4]
20002560:	9300      	str	r3, [sp, #0]
20002562:	0023      	movs	r3, r4
20002564:	0002      	movs	r2, r0
20002566:	4806      	ldr	r0, [pc, #24]	; (20002580 <__assert_func+0x34>)
20002568:	f001 ff00 	bl	2000436c <__wrap_printf>
2000256c:	2001      	movs	r0, #1
2000256e:	f7ff ffe7 	bl	20002540 <_exit>
20002572:	4b04      	ldr	r3, [pc, #16]	; (20002584 <__assert_func+0x38>)
20002574:	e7f1      	b.n	2000255a <__assert_func+0xe>
20002576:	4a03      	ldr	r2, [pc, #12]	; (20002584 <__assert_func+0x38>)
20002578:	e7f1      	b.n	2000255e <__assert_func+0x12>
2000257a:	46c0      	nop			; (mov r8, r8)
2000257c:	20005164 	.word	0x20005164
20002580:	20005174 	.word	0x20005174
20002584:	20005170 	.word	0x20005170

20002588 <runtime_init>:
20002588:	b570      	push	{r4, r5, r6, lr}
2000258a:	4b2b      	ldr	r3, [pc, #172]	; (20002638 <runtime_init+0xb0>)
2000258c:	4a2b      	ldr	r2, [pc, #172]	; (2000263c <runtime_init+0xb4>)
2000258e:	601a      	str	r2, [r3, #0]
20002590:	4b2b      	ldr	r3, [pc, #172]	; (20002640 <runtime_init+0xb8>)
20002592:	4a2c      	ldr	r2, [pc, #176]	; (20002644 <runtime_init+0xbc>)
20002594:	601a      	str	r2, [r3, #0]
20002596:	4b2c      	ldr	r3, [pc, #176]	; (20002648 <runtime_init+0xc0>)
20002598:	689a      	ldr	r2, [r3, #8]
2000259a:	4b2a      	ldr	r3, [pc, #168]	; (20002644 <runtime_init+0xbc>)
2000259c:	4393      	bics	r3, r2
2000259e:	d1fa      	bne.n	20002596 <runtime_init+0xe>
200025a0:	4c2a      	ldr	r4, [pc, #168]	; (2000264c <runtime_init+0xc4>)
200025a2:	e001      	b.n	200025a8 <runtime_init+0x20>
200025a4:	cc08      	ldmia	r4!, {r3}
200025a6:	4798      	blx	r3
200025a8:	4b29      	ldr	r3, [pc, #164]	; (20002650 <runtime_init+0xc8>)
200025aa:	429c      	cmp	r4, r3
200025ac:	d3fa      	bcc.n	200025a4 <runtime_init+0x1c>
200025ae:	f7ff fe8f 	bl	200022d0 <clocks_init>
200025b2:	4b23      	ldr	r3, [pc, #140]	; (20002640 <runtime_init+0xb8>)
200025b4:	4a27      	ldr	r2, [pc, #156]	; (20002654 <runtime_init+0xcc>)
200025b6:	601a      	str	r2, [r3, #0]
200025b8:	4b23      	ldr	r3, [pc, #140]	; (20002648 <runtime_init+0xc0>)
200025ba:	689b      	ldr	r3, [r3, #8]
200025bc:	43db      	mvns	r3, r3
200025be:	01db      	lsls	r3, r3, #7
200025c0:	d1fa      	bne.n	200025b8 <runtime_init+0x30>
200025c2:	4b25      	ldr	r3, [pc, #148]	; (20002658 <runtime_init+0xd0>)
200025c4:	2240      	movs	r2, #64	; 0x40
200025c6:	679a      	str	r2, [r3, #120]	; 0x78
200025c8:	675a      	str	r2, [r3, #116]	; 0x74
200025ca:	671a      	str	r2, [r3, #112]	; 0x70
200025cc:	66da      	str	r2, [r3, #108]	; 0x6c
200025ce:	4c23      	ldr	r4, [pc, #140]	; (2000265c <runtime_init+0xd4>)
200025d0:	e009      	b.n	200025e6 <runtime_init+0x5e>
200025d2:	4b23      	ldr	r3, [pc, #140]	; (20002660 <runtime_init+0xd8>)
200025d4:	4a23      	ldr	r2, [pc, #140]	; (20002664 <runtime_init+0xdc>)
200025d6:	2187      	movs	r1, #135	; 0x87
200025d8:	4823      	ldr	r0, [pc, #140]	; (20002668 <runtime_init+0xe0>)
200025da:	f7ff ffb7 	bl	2000254c <__assert_func>
200025de:	0020      	movs	r0, r4
200025e0:	f7fe fbae 	bl	20000d40 <mutex_init>
200025e4:	3408      	adds	r4, #8
200025e6:	4b21      	ldr	r3, [pc, #132]	; (2000266c <runtime_init+0xe4>)
200025e8:	429c      	cmp	r4, r3
200025ea:	d209      	bcs.n	20002600 <runtime_init+0x78>
200025ec:	6823      	ldr	r3, [r4, #0]
200025ee:	2b00      	cmp	r3, #0
200025f0:	d0f5      	beq.n	200025de <runtime_init+0x56>
200025f2:	2b01      	cmp	r3, #1
200025f4:	d1ed      	bne.n	200025d2 <runtime_init+0x4a>
200025f6:	0020      	movs	r0, r4
200025f8:	f7fe fbaf 	bl	20000d5a <recursive_mutex_init>
200025fc:	3408      	adds	r4, #8
200025fe:	e7f2      	b.n	200025e6 <runtime_init+0x5e>
20002600:	4c1b      	ldr	r4, [pc, #108]	; (20002670 <runtime_init+0xe8>)
20002602:	68a1      	ldr	r1, [r4, #8]
20002604:	4d1b      	ldr	r5, [pc, #108]	; (20002674 <runtime_init+0xec>)
20002606:	22c0      	movs	r2, #192	; 0xc0
20002608:	0028      	movs	r0, r5
2000260a:	f001 fd6d 	bl	200040e8 <__wrap___aeabi_memcpy>
2000260e:	60a5      	str	r5, [r4, #8]
20002610:	f3ef 8305 	mrs	r3, IPSR
20002614:	2b00      	cmp	r3, #0
20002616:	d000      	beq.n	2000261a <runtime_init+0x92>
20002618:	be00      	bkpt	0x0000
2000261a:	f7fe f961 	bl	200008e0 <spin_locks_reset>
2000261e:	f7fe fb79 	bl	20000d14 <irq_init_priorities>
20002622:	f7fe fee9 	bl	200013f8 <alarm_pool_init_default>
20002626:	4c14      	ldr	r4, [pc, #80]	; (20002678 <runtime_init+0xf0>)
20002628:	e001      	b.n	2000262e <runtime_init+0xa6>
2000262a:	cc08      	ldmia	r4!, {r3}
2000262c:	4798      	blx	r3
2000262e:	4b13      	ldr	r3, [pc, #76]	; (2000267c <runtime_init+0xf4>)
20002630:	429c      	cmp	r4, r3
20002632:	d3fa      	bcc.n	2000262a <runtime_init+0xa2>
20002634:	bd70      	pop	{r4, r5, r6, pc}
20002636:	46c0      	nop			; (mov r8, r8)
20002638:	4000e000 	.word	0x4000e000
2000263c:	fefbcdbf 	.word	0xfefbcdbf
20002640:	4000f000 	.word	0x4000f000
20002644:	003c7ffe 	.word	0x003c7ffe
20002648:	4000c000 	.word	0x4000c000
2000264c:	20005868 	.word	0x20005868
20002650:	20005878 	.word	0x20005878
20002654:	01ffffff 	.word	0x01ffffff
20002658:	4001f000 	.word	0x4001f000
2000265c:	20005860 	.word	0x20005860
20002660:	200051a4 	.word	0x200051a4
20002664:	20005214 	.word	0x20005214
20002668:	200051c4 	.word	0x200051c4
2000266c:	20005868 	.word	0x20005868
20002670:	e000ed00 	.word	0xe000ed00
20002674:	20000000 	.word	0x20000000
20002678:	20005878 	.word	0x20005878
2000267c:	20005880 	.word	0x20005880

20002680 <panic>:
20002680:	b40f      	push	{r0, r1, r2, r3}
20002682:	b500      	push	{lr}
20002684:	b083      	sub	sp, #12
20002686:	4808      	ldr	r0, [pc, #32]	; (200026a8 <panic+0x28>)
20002688:	f001 fe40 	bl	2000430c <__wrap_puts>
2000268c:	9b04      	ldr	r3, [sp, #16]
2000268e:	2b00      	cmp	r3, #0
20002690:	d007      	beq.n	200026a2 <panic+0x22>
20002692:	a905      	add	r1, sp, #20
20002694:	9101      	str	r1, [sp, #4]
20002696:	0018      	movs	r0, r3
20002698:	f001 fe48 	bl	2000432c <__wrap_vprintf>
2000269c:	4803      	ldr	r0, [pc, #12]	; (200026ac <panic+0x2c>)
2000269e:	f001 fe35 	bl	2000430c <__wrap_puts>
200026a2:	2001      	movs	r0, #1
200026a4:	f7ff ff4c 	bl	20002540 <_exit>
200026a8:	20005204 	.word	0x20005204
200026ac:	2000479c 	.word	0x2000479c

200026b0 <_out_buffer>:
200026b0:	429a      	cmp	r2, r3
200026b2:	d200      	bcs.n	200026b6 <_out_buffer+0x6>
200026b4:	5488      	strb	r0, [r1, r2]
200026b6:	4770      	bx	lr

200026b8 <_out_null>:
200026b8:	4770      	bx	lr

200026ba <_out_fct>:
200026ba:	b510      	push	{r4, lr}
200026bc:	2800      	cmp	r0, #0
200026be:	d002      	beq.n	200026c6 <_out_fct+0xc>
200026c0:	680b      	ldr	r3, [r1, #0]
200026c2:	6849      	ldr	r1, [r1, #4]
200026c4:	4798      	blx	r3
200026c6:	bd10      	pop	{r4, pc}

200026c8 <_atoi>:
200026c8:	0001      	movs	r1, r0
200026ca:	2000      	movs	r0, #0
200026cc:	e007      	b.n	200026de <_atoi+0x16>
200026ce:	0083      	lsls	r3, r0, #2
200026d0:	181b      	adds	r3, r3, r0
200026d2:	005b      	lsls	r3, r3, #1
200026d4:	1c50      	adds	r0, r2, #1
200026d6:	6008      	str	r0, [r1, #0]
200026d8:	7810      	ldrb	r0, [r2, #0]
200026da:	18c0      	adds	r0, r0, r3
200026dc:	3830      	subs	r0, #48	; 0x30
200026de:	680a      	ldr	r2, [r1, #0]
200026e0:	7813      	ldrb	r3, [r2, #0]
200026e2:	3b30      	subs	r3, #48	; 0x30
200026e4:	b2db      	uxtb	r3, r3
200026e6:	2b09      	cmp	r3, #9
200026e8:	d9f1      	bls.n	200026ce <_atoi+0x6>
200026ea:	4770      	bx	lr

200026ec <_out_rev>:
200026ec:	b5f0      	push	{r4, r5, r6, r7, lr}
200026ee:	46de      	mov	lr, fp
200026f0:	4657      	mov	r7, sl
200026f2:	464e      	mov	r6, r9
200026f4:	4645      	mov	r5, r8
200026f6:	b5e0      	push	{r5, r6, r7, lr}
200026f8:	b083      	sub	sp, #12
200026fa:	4693      	mov	fp, r2
200026fc:	001f      	movs	r7, r3
200026fe:	9b0c      	ldr	r3, [sp, #48]	; 0x30
20002700:	469a      	mov	sl, r3
20002702:	9c0d      	ldr	r4, [sp, #52]	; 0x34
20002704:	9b0e      	ldr	r3, [sp, #56]	; 0x38
20002706:	4699      	mov	r9, r3
20002708:	9b0f      	ldr	r3, [sp, #60]	; 0x3c
2000270a:	079b      	lsls	r3, r3, #30
2000270c:	d003      	beq.n	20002716 <_out_rev+0x2a>
2000270e:	46b8      	mov	r8, r7
20002710:	000f      	movs	r7, r1
20002712:	0006      	movs	r6, r0
20002714:	e022      	b.n	2000275c <_out_rev+0x70>
20002716:	9201      	str	r2, [sp, #4]
20002718:	46a3      	mov	fp, r4
2000271a:	4688      	mov	r8, r1
2000271c:	464e      	mov	r6, r9
2000271e:	46b9      	mov	r9, r7
20002720:	0007      	movs	r7, r0
20002722:	42b4      	cmp	r4, r6
20002724:	d207      	bcs.n	20002736 <_out_rev+0x4a>
20002726:	1c55      	adds	r5, r2, #1
20002728:	464b      	mov	r3, r9
2000272a:	4641      	mov	r1, r8
2000272c:	2020      	movs	r0, #32
2000272e:	47b8      	blx	r7
20002730:	3401      	adds	r4, #1
20002732:	002a      	movs	r2, r5
20002734:	e7f5      	b.n	20002722 <_out_rev+0x36>
20002736:	003d      	movs	r5, r7
20002738:	464f      	mov	r7, r9
2000273a:	465c      	mov	r4, fp
2000273c:	9b01      	ldr	r3, [sp, #4]
2000273e:	469b      	mov	fp, r3
20002740:	46b1      	mov	r9, r6
20002742:	4646      	mov	r6, r8
20002744:	46b8      	mov	r8, r7
20002746:	0037      	movs	r7, r6
20002748:	002e      	movs	r6, r5
2000274a:	e007      	b.n	2000275c <_out_rev+0x70>
2000274c:	3c01      	subs	r4, #1
2000274e:	1c55      	adds	r5, r2, #1
20002750:	4653      	mov	r3, sl
20002752:	5d18      	ldrb	r0, [r3, r4]
20002754:	4643      	mov	r3, r8
20002756:	0039      	movs	r1, r7
20002758:	47b0      	blx	r6
2000275a:	002a      	movs	r2, r5
2000275c:	2c00      	cmp	r4, #0
2000275e:	d1f5      	bne.n	2000274c <_out_rev+0x60>
20002760:	0035      	movs	r5, r6
20002762:	003e      	movs	r6, r7
20002764:	4647      	mov	r7, r8
20002766:	9b0f      	ldr	r3, [sp, #60]	; 0x3c
20002768:	079b      	lsls	r3, r3, #30
2000276a:	d407      	bmi.n	2000277c <_out_rev+0x90>
2000276c:	0010      	movs	r0, r2
2000276e:	b003      	add	sp, #12
20002770:	bcf0      	pop	{r4, r5, r6, r7}
20002772:	46bb      	mov	fp, r7
20002774:	46b2      	mov	sl, r6
20002776:	46a9      	mov	r9, r5
20002778:	46a0      	mov	r8, r4
2000277a:	bdf0      	pop	{r4, r5, r6, r7, pc}
2000277c:	46b0      	mov	r8, r6
2000277e:	464e      	mov	r6, r9
20002780:	46b9      	mov	r9, r7
20002782:	002f      	movs	r7, r5
20002784:	465d      	mov	r5, fp
20002786:	1b53      	subs	r3, r2, r5
20002788:	42b3      	cmp	r3, r6
2000278a:	d2ef      	bcs.n	2000276c <_out_rev+0x80>
2000278c:	1c54      	adds	r4, r2, #1
2000278e:	464b      	mov	r3, r9
20002790:	4641      	mov	r1, r8
20002792:	2020      	movs	r0, #32
20002794:	47b8      	blx	r7
20002796:	0022      	movs	r2, r4
20002798:	e7f5      	b.n	20002786 <_out_rev+0x9a>

2000279a <_ntoa_format>:
2000279a:	b5f0      	push	{r4, r5, r6, r7, lr}
2000279c:	46ce      	mov	lr, r9
2000279e:	4647      	mov	r7, r8
200027a0:	b580      	push	{r7, lr}
200027a2:	b085      	sub	sp, #20
200027a4:	4694      	mov	ip, r2
200027a6:	4698      	mov	r8, r3
200027a8:	9d0c      	ldr	r5, [sp, #48]	; 0x30
200027aa:	9c0d      	ldr	r4, [sp, #52]	; 0x34
200027ac:	ab0e      	add	r3, sp, #56	; 0x38
200027ae:	781b      	ldrb	r3, [r3, #0]
200027b0:	4699      	mov	r9, r3
200027b2:	9a10      	ldr	r2, [sp, #64]	; 0x40
200027b4:	9b11      	ldr	r3, [sp, #68]	; 0x44
200027b6:	9e12      	ldr	r6, [sp, #72]	; 0x48
200027b8:	07b7      	lsls	r7, r6, #30
200027ba:	d41c      	bmi.n	200027f6 <_ntoa_format+0x5c>
200027bc:	2b00      	cmp	r3, #0
200027be:	d00c      	beq.n	200027da <_ntoa_format+0x40>
200027c0:	07f7      	lsls	r7, r6, #31
200027c2:	d50a      	bpl.n	200027da <_ntoa_format+0x40>
200027c4:	464f      	mov	r7, r9
200027c6:	2f00      	cmp	r7, #0
200027c8:	d102      	bne.n	200027d0 <_ntoa_format+0x36>
200027ca:	370c      	adds	r7, #12
200027cc:	4237      	tst	r7, r6
200027ce:	d004      	beq.n	200027da <_ntoa_format+0x40>
200027d0:	3b01      	subs	r3, #1
200027d2:	e002      	b.n	200027da <_ntoa_format+0x40>
200027d4:	2730      	movs	r7, #48	; 0x30
200027d6:	552f      	strb	r7, [r5, r4]
200027d8:	3401      	adds	r4, #1
200027da:	4294      	cmp	r4, r2
200027dc:	d201      	bcs.n	200027e2 <_ntoa_format+0x48>
200027de:	2c1f      	cmp	r4, #31
200027e0:	d9f8      	bls.n	200027d4 <_ntoa_format+0x3a>
200027e2:	07f7      	lsls	r7, r6, #31
200027e4:	d507      	bpl.n	200027f6 <_ntoa_format+0x5c>
200027e6:	429c      	cmp	r4, r3
200027e8:	d205      	bcs.n	200027f6 <_ntoa_format+0x5c>
200027ea:	2c1f      	cmp	r4, #31
200027ec:	d803      	bhi.n	200027f6 <_ntoa_format+0x5c>
200027ee:	2730      	movs	r7, #48	; 0x30
200027f0:	552f      	strb	r7, [r5, r4]
200027f2:	3401      	adds	r4, #1
200027f4:	e7f5      	b.n	200027e2 <_ntoa_format+0x48>
200027f6:	06f7      	lsls	r7, r6, #27
200027f8:	d515      	bpl.n	20002826 <_ntoa_format+0x8c>
200027fa:	0577      	lsls	r7, r6, #21
200027fc:	d405      	bmi.n	2000280a <_ntoa_format+0x70>
200027fe:	2c00      	cmp	r4, #0
20002800:	d003      	beq.n	2000280a <_ntoa_format+0x70>
20002802:	4294      	cmp	r4, r2
20002804:	d024      	beq.n	20002850 <_ntoa_format+0xb6>
20002806:	429c      	cmp	r4, r3
20002808:	d022      	beq.n	20002850 <_ntoa_format+0xb6>
2000280a:	9a0f      	ldr	r2, [sp, #60]	; 0x3c
2000280c:	2a10      	cmp	r2, #16
2000280e:	d02b      	beq.n	20002868 <_ntoa_format+0xce>
20002810:	9a0f      	ldr	r2, [sp, #60]	; 0x3c
20002812:	2a10      	cmp	r2, #16
20002814:	d030      	beq.n	20002878 <_ntoa_format+0xde>
20002816:	9a0f      	ldr	r2, [sp, #60]	; 0x3c
20002818:	2a02      	cmp	r2, #2
2000281a:	d035      	beq.n	20002888 <_ntoa_format+0xee>
2000281c:	2c1f      	cmp	r4, #31
2000281e:	d802      	bhi.n	20002826 <_ntoa_format+0x8c>
20002820:	2230      	movs	r2, #48	; 0x30
20002822:	552a      	strb	r2, [r5, r4]
20002824:	3401      	adds	r4, #1
20002826:	2c1f      	cmp	r4, #31
20002828:	d805      	bhi.n	20002836 <_ntoa_format+0x9c>
2000282a:	464a      	mov	r2, r9
2000282c:	2a00      	cmp	r2, #0
2000282e:	d031      	beq.n	20002894 <_ntoa_format+0xfa>
20002830:	222d      	movs	r2, #45	; 0x2d
20002832:	552a      	strb	r2, [r5, r4]
20002834:	3401      	adds	r4, #1
20002836:	9603      	str	r6, [sp, #12]
20002838:	9302      	str	r3, [sp, #8]
2000283a:	9401      	str	r4, [sp, #4]
2000283c:	9500      	str	r5, [sp, #0]
2000283e:	4643      	mov	r3, r8
20002840:	4662      	mov	r2, ip
20002842:	f7ff ff53 	bl	200026ec <_out_rev>
20002846:	b005      	add	sp, #20
20002848:	bcc0      	pop	{r6, r7}
2000284a:	46b9      	mov	r9, r7
2000284c:	46b0      	mov	r8, r6
2000284e:	bdf0      	pop	{r4, r5, r6, r7, pc}
20002850:	1e62      	subs	r2, r4, #1
20002852:	2c01      	cmp	r4, #1
20002854:	d006      	beq.n	20002864 <_ntoa_format+0xca>
20002856:	9f0f      	ldr	r7, [sp, #60]	; 0x3c
20002858:	2f10      	cmp	r7, #16
2000285a:	d001      	beq.n	20002860 <_ntoa_format+0xc6>
2000285c:	0014      	movs	r4, r2
2000285e:	e7d4      	b.n	2000280a <_ntoa_format+0x70>
20002860:	3c02      	subs	r4, #2
20002862:	e7d2      	b.n	2000280a <_ntoa_format+0x70>
20002864:	0014      	movs	r4, r2
20002866:	e7d0      	b.n	2000280a <_ntoa_format+0x70>
20002868:	06b2      	lsls	r2, r6, #26
2000286a:	d4d1      	bmi.n	20002810 <_ntoa_format+0x76>
2000286c:	2c1f      	cmp	r4, #31
2000286e:	d8cf      	bhi.n	20002810 <_ntoa_format+0x76>
20002870:	2278      	movs	r2, #120	; 0x78
20002872:	552a      	strb	r2, [r5, r4]
20002874:	3401      	adds	r4, #1
20002876:	e7d1      	b.n	2000281c <_ntoa_format+0x82>
20002878:	06b2      	lsls	r2, r6, #26
2000287a:	d5cc      	bpl.n	20002816 <_ntoa_format+0x7c>
2000287c:	2c1f      	cmp	r4, #31
2000287e:	d8ca      	bhi.n	20002816 <_ntoa_format+0x7c>
20002880:	2258      	movs	r2, #88	; 0x58
20002882:	552a      	strb	r2, [r5, r4]
20002884:	3401      	adds	r4, #1
20002886:	e7c9      	b.n	2000281c <_ntoa_format+0x82>
20002888:	2c1f      	cmp	r4, #31
2000288a:	d8c7      	bhi.n	2000281c <_ntoa_format+0x82>
2000288c:	3260      	adds	r2, #96	; 0x60
2000288e:	552a      	strb	r2, [r5, r4]
20002890:	3401      	adds	r4, #1
20002892:	e7c3      	b.n	2000281c <_ntoa_format+0x82>
20002894:	0772      	lsls	r2, r6, #29
20002896:	d503      	bpl.n	200028a0 <_ntoa_format+0x106>
20002898:	222b      	movs	r2, #43	; 0x2b
2000289a:	552a      	strb	r2, [r5, r4]
2000289c:	3401      	adds	r4, #1
2000289e:	e7ca      	b.n	20002836 <_ntoa_format+0x9c>
200028a0:	0732      	lsls	r2, r6, #28
200028a2:	d5c8      	bpl.n	20002836 <_ntoa_format+0x9c>
200028a4:	2220      	movs	r2, #32
200028a6:	552a      	strb	r2, [r5, r4]
200028a8:	3401      	adds	r4, #1
200028aa:	e7c4      	b.n	20002836 <_ntoa_format+0x9c>

200028ac <_ntoa_long>:
200028ac:	b5f0      	push	{r4, r5, r6, r7, lr}
200028ae:	46de      	mov	lr, fp
200028b0:	4657      	mov	r7, sl
200028b2:	464e      	mov	r6, r9
200028b4:	4645      	mov	r5, r8
200028b6:	b5e0      	push	{r5, r6, r7, lr}
200028b8:	b093      	sub	sp, #76	; 0x4c
200028ba:	4681      	mov	r9, r0
200028bc:	468a      	mov	sl, r1
200028be:	9208      	str	r2, [sp, #32]
200028c0:	9309      	str	r3, [sp, #36]	; 0x24
200028c2:	ab1c      	add	r3, sp, #112	; 0x70
200028c4:	cb10      	ldmia	r3!, {r4}
200028c6:	781b      	ldrb	r3, [r3, #0]
200028c8:	469b      	mov	fp, r3
200028ca:	9d1e      	ldr	r5, [sp, #120]	; 0x78
200028cc:	9b21      	ldr	r3, [sp, #132]	; 0x84
200028ce:	4698      	mov	r8, r3
200028d0:	2c00      	cmp	r4, #0
200028d2:	d103      	bne.n	200028dc <_ntoa_long+0x30>
200028d4:	2310      	movs	r3, #16
200028d6:	4642      	mov	r2, r8
200028d8:	439a      	bics	r2, r3
200028da:	4690      	mov	r8, r2
200028dc:	2380      	movs	r3, #128	; 0x80
200028de:	00db      	lsls	r3, r3, #3
200028e0:	4646      	mov	r6, r8
200028e2:	401e      	ands	r6, r3
200028e4:	4642      	mov	r2, r8
200028e6:	421a      	tst	r2, r3
200028e8:	d012      	beq.n	20002910 <_ntoa_long+0x64>
200028ea:	2c00      	cmp	r4, #0
200028ec:	d022      	beq.n	20002934 <_ntoa_long+0x88>
200028ee:	2600      	movs	r6, #0
200028f0:	e00e      	b.n	20002910 <_ntoa_long+0x64>
200028f2:	3330      	adds	r3, #48	; 0x30
200028f4:	b2d9      	uxtb	r1, r3
200028f6:	1c77      	adds	r7, r6, #1
200028f8:	ab0a      	add	r3, sp, #40	; 0x28
200028fa:	5599      	strb	r1, [r3, r6]
200028fc:	0029      	movs	r1, r5
200028fe:	0020      	movs	r0, r4
20002900:	f000 ffea 	bl	200038d8 <__wrap___aeabi_uidiv>
20002904:	42ac      	cmp	r4, r5
20002906:	d316      	bcc.n	20002936 <_ntoa_long+0x8a>
20002908:	2f1f      	cmp	r7, #31
2000290a:	d814      	bhi.n	20002936 <_ntoa_long+0x8a>
2000290c:	003e      	movs	r6, r7
2000290e:	0004      	movs	r4, r0
20002910:	0029      	movs	r1, r5
20002912:	0020      	movs	r0, r4
20002914:	f000 ffe0 	bl	200038d8 <__wrap___aeabi_uidiv>
20002918:	b2cb      	uxtb	r3, r1
2000291a:	2b09      	cmp	r3, #9
2000291c:	d9e9      	bls.n	200028f2 <_ntoa_long+0x46>
2000291e:	4642      	mov	r2, r8
20002920:	0692      	lsls	r2, r2, #26
20002922:	d505      	bpl.n	20002930 <_ntoa_long+0x84>
20002924:	2141      	movs	r1, #65	; 0x41
20002926:	18c9      	adds	r1, r1, r3
20002928:	b2c9      	uxtb	r1, r1
2000292a:	390a      	subs	r1, #10
2000292c:	b2c9      	uxtb	r1, r1
2000292e:	e7e2      	b.n	200028f6 <_ntoa_long+0x4a>
20002930:	2161      	movs	r1, #97	; 0x61
20002932:	e7f8      	b.n	20002926 <_ntoa_long+0x7a>
20002934:	0027      	movs	r7, r4
20002936:	4643      	mov	r3, r8
20002938:	9306      	str	r3, [sp, #24]
2000293a:	9b20      	ldr	r3, [sp, #128]	; 0x80
2000293c:	9305      	str	r3, [sp, #20]
2000293e:	9b1f      	ldr	r3, [sp, #124]	; 0x7c
20002940:	9304      	str	r3, [sp, #16]
20002942:	9503      	str	r5, [sp, #12]
20002944:	465b      	mov	r3, fp
20002946:	9302      	str	r3, [sp, #8]
20002948:	9701      	str	r7, [sp, #4]
2000294a:	ab0a      	add	r3, sp, #40	; 0x28
2000294c:	9300      	str	r3, [sp, #0]
2000294e:	9b09      	ldr	r3, [sp, #36]	; 0x24
20002950:	9a08      	ldr	r2, [sp, #32]
20002952:	4651      	mov	r1, sl
20002954:	4648      	mov	r0, r9
20002956:	f7ff ff20 	bl	2000279a <_ntoa_format>
2000295a:	b013      	add	sp, #76	; 0x4c
2000295c:	bcf0      	pop	{r4, r5, r6, r7}
2000295e:	46bb      	mov	fp, r7
20002960:	46b2      	mov	sl, r6
20002962:	46a9      	mov	r9, r5
20002964:	46a0      	mov	r8, r4
20002966:	bdf0      	pop	{r4, r5, r6, r7, pc}

20002968 <_ntoa_long_long>:
20002968:	b5f0      	push	{r4, r5, r6, r7, lr}
2000296a:	46de      	mov	lr, fp
2000296c:	4657      	mov	r7, sl
2000296e:	464e      	mov	r6, r9
20002970:	4645      	mov	r5, r8
20002972:	b5e0      	push	{r5, r6, r7, lr}
20002974:	b095      	sub	sp, #84	; 0x54
20002976:	9008      	str	r0, [sp, #32]
20002978:	9109      	str	r1, [sp, #36]	; 0x24
2000297a:	920a      	str	r2, [sp, #40]	; 0x28
2000297c:	930b      	str	r3, [sp, #44]	; 0x2c
2000297e:	9e1e      	ldr	r6, [sp, #120]	; 0x78
20002980:	9c1f      	ldr	r4, [sp, #124]	; 0x7c
20002982:	ab20      	add	r3, sp, #128	; 0x80
20002984:	781b      	ldrb	r3, [r3, #0]
20002986:	469b      	mov	fp, r3
20002988:	9b22      	ldr	r3, [sp, #136]	; 0x88
2000298a:	4699      	mov	r9, r3
2000298c:	9d23      	ldr	r5, [sp, #140]	; 0x8c
2000298e:	9b26      	ldr	r3, [sp, #152]	; 0x98
20002990:	469a      	mov	sl, r3
20002992:	0033      	movs	r3, r6
20002994:	4323      	orrs	r3, r4
20002996:	d103      	bne.n	200029a0 <_ntoa_long_long+0x38>
20002998:	3310      	adds	r3, #16
2000299a:	4652      	mov	r2, sl
2000299c:	439a      	bics	r2, r3
2000299e:	4692      	mov	sl, r2
200029a0:	2380      	movs	r3, #128	; 0x80
200029a2:	00db      	lsls	r3, r3, #3
200029a4:	4657      	mov	r7, sl
200029a6:	401f      	ands	r7, r3
200029a8:	4652      	mov	r2, sl
200029aa:	421a      	tst	r2, r3
200029ac:	d019      	beq.n	200029e2 <_ntoa_long_long+0x7a>
200029ae:	0033      	movs	r3, r6
200029b0:	4323      	orrs	r3, r4
200029b2:	d02d      	beq.n	20002a10 <_ntoa_long_long+0xa8>
200029b4:	2700      	movs	r7, #0
200029b6:	e014      	b.n	200029e2 <_ntoa_long_long+0x7a>
200029b8:	3330      	adds	r3, #48	; 0x30
200029ba:	b2da      	uxtb	r2, r3
200029bc:	1c7b      	adds	r3, r7, #1
200029be:	4698      	mov	r8, r3
200029c0:	ab0c      	add	r3, sp, #48	; 0x30
200029c2:	55da      	strb	r2, [r3, r7]
200029c4:	464a      	mov	r2, r9
200029c6:	002b      	movs	r3, r5
200029c8:	0030      	movs	r0, r6
200029ca:	0021      	movs	r1, r4
200029cc:	f000 ffc2 	bl	20003954 <__wrap___aeabi_uldivmod>
200029d0:	42a5      	cmp	r5, r4
200029d2:	d81f      	bhi.n	20002a14 <_ntoa_long_long+0xac>
200029d4:	d019      	beq.n	20002a0a <_ntoa_long_long+0xa2>
200029d6:	4643      	mov	r3, r8
200029d8:	2b1f      	cmp	r3, #31
200029da:	d81b      	bhi.n	20002a14 <_ntoa_long_long+0xac>
200029dc:	4647      	mov	r7, r8
200029de:	0006      	movs	r6, r0
200029e0:	000c      	movs	r4, r1
200029e2:	464a      	mov	r2, r9
200029e4:	002b      	movs	r3, r5
200029e6:	0030      	movs	r0, r6
200029e8:	0021      	movs	r1, r4
200029ea:	f000 ffb3 	bl	20003954 <__wrap___aeabi_uldivmod>
200029ee:	b2d3      	uxtb	r3, r2
200029f0:	2b09      	cmp	r3, #9
200029f2:	d9e1      	bls.n	200029b8 <_ntoa_long_long+0x50>
200029f4:	4652      	mov	r2, sl
200029f6:	0692      	lsls	r2, r2, #26
200029f8:	d505      	bpl.n	20002a06 <_ntoa_long_long+0x9e>
200029fa:	2241      	movs	r2, #65	; 0x41
200029fc:	18d2      	adds	r2, r2, r3
200029fe:	b2d2      	uxtb	r2, r2
20002a00:	3a0a      	subs	r2, #10
20002a02:	b2d2      	uxtb	r2, r2
20002a04:	e7da      	b.n	200029bc <_ntoa_long_long+0x54>
20002a06:	2261      	movs	r2, #97	; 0x61
20002a08:	e7f8      	b.n	200029fc <_ntoa_long_long+0x94>
20002a0a:	45b1      	cmp	r9, r6
20002a0c:	d9e3      	bls.n	200029d6 <_ntoa_long_long+0x6e>
20002a0e:	e001      	b.n	20002a14 <_ntoa_long_long+0xac>
20002a10:	2300      	movs	r3, #0
20002a12:	4698      	mov	r8, r3
20002a14:	4653      	mov	r3, sl
20002a16:	9306      	str	r3, [sp, #24]
20002a18:	9b25      	ldr	r3, [sp, #148]	; 0x94
20002a1a:	9305      	str	r3, [sp, #20]
20002a1c:	9b24      	ldr	r3, [sp, #144]	; 0x90
20002a1e:	9304      	str	r3, [sp, #16]
20002a20:	464b      	mov	r3, r9
20002a22:	9303      	str	r3, [sp, #12]
20002a24:	465b      	mov	r3, fp
20002a26:	9302      	str	r3, [sp, #8]
20002a28:	4643      	mov	r3, r8
20002a2a:	9301      	str	r3, [sp, #4]
20002a2c:	ab0c      	add	r3, sp, #48	; 0x30
20002a2e:	9300      	str	r3, [sp, #0]
20002a30:	9b0b      	ldr	r3, [sp, #44]	; 0x2c
20002a32:	9a0a      	ldr	r2, [sp, #40]	; 0x28
20002a34:	9909      	ldr	r1, [sp, #36]	; 0x24
20002a36:	9808      	ldr	r0, [sp, #32]
20002a38:	f7ff feaf 	bl	2000279a <_ntoa_format>
20002a3c:	b015      	add	sp, #84	; 0x54
20002a3e:	bcf0      	pop	{r4, r5, r6, r7}
20002a40:	46bb      	mov	fp, r7
20002a42:	46b2      	mov	sl, r6
20002a44:	46a9      	mov	r9, r5
20002a46:	46a0      	mov	r8, r4
20002a48:	bdf0      	pop	{r4, r5, r6, r7, pc}
	...

20002a4c <_etoa>:
20002a4c:	b5f0      	push	{r4, r5, r6, r7, lr}
20002a4e:	46de      	mov	lr, fp
20002a50:	4657      	mov	r7, sl
20002a52:	464e      	mov	r6, r9
20002a54:	4645      	mov	r5, r8
20002a56:	b5e0      	push	{r5, r6, r7, lr}
20002a58:	b091      	sub	sp, #68	; 0x44
20002a5a:	4683      	mov	fp, r0
20002a5c:	468a      	mov	sl, r1
20002a5e:	920c      	str	r2, [sp, #48]	; 0x30
20002a60:	4698      	mov	r8, r3
20002a62:	9c1a      	ldr	r4, [sp, #104]	; 0x68
20002a64:	9408      	str	r4, [sp, #32]
20002a66:	9d1b      	ldr	r5, [sp, #108]	; 0x6c
20002a68:	9509      	str	r5, [sp, #36]	; 0x24
20002a6a:	0022      	movs	r2, r4
20002a6c:	002b      	movs	r3, r5
20002a6e:	0020      	movs	r0, r4
20002a70:	0029      	movs	r1, r5
20002a72:	f001 f9ea 	bl	20003e4a <__wrap___aeabi_dcmpun>
20002a76:	2800      	cmp	r0, #0
20002a78:	d000      	beq.n	20002a7c <_etoa+0x30>
20002a7a:	e0e5      	b.n	20002c48 <_etoa+0x1fc>
20002a7c:	2201      	movs	r2, #1
20002a7e:	4252      	negs	r2, r2
20002a80:	4bd7      	ldr	r3, [pc, #860]	; (20002de0 <_etoa+0x394>)
20002a82:	0020      	movs	r0, r4
20002a84:	0029      	movs	r1, r5
20002a86:	f001 f9db 	bl	20003e40 <__wrap___aeabi_dcmpgt>
20002a8a:	2800      	cmp	r0, #0
20002a8c:	d000      	beq.n	20002a90 <_etoa+0x44>
20002a8e:	e0db      	b.n	20002c48 <_etoa+0x1fc>
20002a90:	2201      	movs	r2, #1
20002a92:	4252      	negs	r2, r2
20002a94:	4bd3      	ldr	r3, [pc, #844]	; (20002de4 <_etoa+0x398>)
20002a96:	0020      	movs	r0, r4
20002a98:	0029      	movs	r1, r5
20002a9a:	f001 f9bb 	bl	20003e14 <__wrap___aeabi_dcmplt>
20002a9e:	2800      	cmp	r0, #0
20002aa0:	d000      	beq.n	20002aa4 <_etoa+0x58>
20002aa2:	e0d1      	b.n	20002c48 <_etoa+0x1fc>
20002aa4:	2200      	movs	r2, #0
20002aa6:	2300      	movs	r3, #0
20002aa8:	9e08      	ldr	r6, [sp, #32]
20002aaa:	0030      	movs	r0, r6
20002aac:	9d09      	ldr	r5, [sp, #36]	; 0x24
20002aae:	0029      	movs	r1, r5
20002ab0:	f001 f9b0 	bl	20003e14 <__wrap___aeabi_dcmplt>
20002ab4:	2800      	cmp	r0, #0
20002ab6:	d000      	beq.n	20002aba <_etoa+0x6e>
20002ab8:	e0dd      	b.n	20002c76 <_etoa+0x22a>
20002aba:	9808      	ldr	r0, [sp, #32]
20002abc:	9909      	ldr	r1, [sp, #36]	; 0x24
20002abe:	9006      	str	r0, [sp, #24]
20002ac0:	9107      	str	r1, [sp, #28]
20002ac2:	2380      	movs	r3, #128	; 0x80
20002ac4:	00db      	lsls	r3, r3, #3
20002ac6:	9a1e      	ldr	r2, [sp, #120]	; 0x78
20002ac8:	401a      	ands	r2, r3
20002aca:	920d      	str	r2, [sp, #52]	; 0x34
20002acc:	9a1e      	ldr	r2, [sp, #120]	; 0x78
20002ace:	421a      	tst	r2, r3
20002ad0:	d101      	bne.n	20002ad6 <_etoa+0x8a>
20002ad2:	2306      	movs	r3, #6
20002ad4:	931c      	str	r3, [sp, #112]	; 0x70
20002ad6:	9806      	ldr	r0, [sp, #24]
20002ad8:	9907      	ldr	r1, [sp, #28]
20002ada:	0004      	movs	r4, r0
20002adc:	000d      	movs	r5, r1
20002ade:	000a      	movs	r2, r1
20002ae0:	0006      	movs	r6, r0
20002ae2:	4302      	orrs	r2, r0
20002ae4:	d100      	bne.n	20002ae8 <_etoa+0x9c>
20002ae6:	e0d1      	b.n	20002c8c <_etoa+0x240>
20002ae8:	0d08      	lsrs	r0, r1, #20
20002aea:	0540      	lsls	r0, r0, #21
20002aec:	0d40      	lsrs	r0, r0, #21
20002aee:	4cbe      	ldr	r4, [pc, #760]	; (20002de8 <_etoa+0x39c>)
20002af0:	46a4      	mov	ip, r4
20002af2:	4460      	add	r0, ip
20002af4:	030a      	lsls	r2, r1, #12
20002af6:	0b12      	lsrs	r2, r2, #12
20002af8:	4bbc      	ldr	r3, [pc, #752]	; (20002dec <_etoa+0x3a0>)
20002afa:	4313      	orrs	r3, r2
20002afc:	001f      	movs	r7, r3
20002afe:	f001 f9b7 	bl	20003e70 <__wrap___aeabi_i2d>
20002b02:	4abb      	ldr	r2, [pc, #748]	; (20002df0 <_etoa+0x3a4>)
20002b04:	4bbb      	ldr	r3, [pc, #748]	; (20002df4 <_etoa+0x3a8>)
20002b06:	f001 f946 	bl	20003d96 <__wrap___aeabi_dmul>
20002b0a:	4abb      	ldr	r2, [pc, #748]	; (20002df8 <_etoa+0x3ac>)
20002b0c:	4bbb      	ldr	r3, [pc, #748]	; (20002dfc <_etoa+0x3b0>)
20002b0e:	f001 f923 	bl	20003d58 <__wrap___aeabi_dadd>
20002b12:	0004      	movs	r4, r0
20002b14:	000d      	movs	r5, r1
20002b16:	2200      	movs	r2, #0
20002b18:	4bb9      	ldr	r3, [pc, #740]	; (20002e00 <_etoa+0x3b4>)
20002b1a:	0030      	movs	r0, r6
20002b1c:	0039      	movs	r1, r7
20002b1e:	f001 f916 	bl	20003d4e <__wrap___aeabi_dsub>
20002b22:	4ab8      	ldr	r2, [pc, #736]	; (20002e04 <_etoa+0x3b8>)
20002b24:	4bb8      	ldr	r3, [pc, #736]	; (20002e08 <_etoa+0x3bc>)
20002b26:	f001 f936 	bl	20003d96 <__wrap___aeabi_dmul>
20002b2a:	0002      	movs	r2, r0
20002b2c:	000b      	movs	r3, r1
20002b2e:	0020      	movs	r0, r4
20002b30:	0029      	movs	r1, r5
20002b32:	f001 f911 	bl	20003d58 <__wrap___aeabi_dadd>
20002b36:	f001 f9b3 	bl	20003ea0 <__wrap___aeabi_d2iz>
20002b3a:	4681      	mov	r9, r0
20002b3c:	f001 f998 	bl	20003e70 <__wrap___aeabi_i2d>
20002b40:	0004      	movs	r4, r0
20002b42:	000d      	movs	r5, r1
20002b44:	4ab1      	ldr	r2, [pc, #708]	; (20002e0c <_etoa+0x3c0>)
20002b46:	4bb2      	ldr	r3, [pc, #712]	; (20002e10 <_etoa+0x3c4>)
20002b48:	f001 f925 	bl	20003d96 <__wrap___aeabi_dmul>
20002b4c:	2200      	movs	r2, #0
20002b4e:	4bb1      	ldr	r3, [pc, #708]	; (20002e14 <_etoa+0x3c8>)
20002b50:	f001 f902 	bl	20003d58 <__wrap___aeabi_dadd>
20002b54:	f001 f9a4 	bl	20003ea0 <__wrap___aeabi_d2iz>
20002b58:	0006      	movs	r6, r0
20002b5a:	4aaf      	ldr	r2, [pc, #700]	; (20002e18 <_etoa+0x3cc>)
20002b5c:	4baf      	ldr	r3, [pc, #700]	; (20002e1c <_etoa+0x3d0>)
20002b5e:	0020      	movs	r0, r4
20002b60:	0029      	movs	r1, r5
20002b62:	f001 f918 	bl	20003d96 <__wrap___aeabi_dmul>
20002b66:	0004      	movs	r4, r0
20002b68:	000d      	movs	r5, r1
20002b6a:	0030      	movs	r0, r6
20002b6c:	f001 f980 	bl	20003e70 <__wrap___aeabi_i2d>
20002b70:	4aab      	ldr	r2, [pc, #684]	; (20002e20 <_etoa+0x3d4>)
20002b72:	4bac      	ldr	r3, [pc, #688]	; (20002e24 <_etoa+0x3d8>)
20002b74:	f001 f90f 	bl	20003d96 <__wrap___aeabi_dmul>
20002b78:	0002      	movs	r2, r0
20002b7a:	000b      	movs	r3, r1
20002b7c:	0020      	movs	r0, r4
20002b7e:	0029      	movs	r1, r5
20002b80:	f001 f8e5 	bl	20003d4e <__wrap___aeabi_dsub>
20002b84:	0004      	movs	r4, r0
20002b86:	000d      	movs	r5, r1
20002b88:	0002      	movs	r2, r0
20002b8a:	000b      	movs	r3, r1
20002b8c:	f001 f903 	bl	20003d96 <__wrap___aeabi_dmul>
20002b90:	900a      	str	r0, [sp, #40]	; 0x28
20002b92:	910b      	str	r1, [sp, #44]	; 0x2c
20002b94:	4ba4      	ldr	r3, [pc, #656]	; (20002e28 <_etoa+0x3dc>)
20002b96:	18f3      	adds	r3, r6, r3
20002b98:	2600      	movs	r6, #0
20002b9a:	051f      	lsls	r7, r3, #20
20002b9c:	0022      	movs	r2, r4
20002b9e:	002b      	movs	r3, r5
20002ba0:	0020      	movs	r0, r4
20002ba2:	0029      	movs	r1, r5
20002ba4:	f001 f8d8 	bl	20003d58 <__wrap___aeabi_dadd>
20002ba8:	900e      	str	r0, [sp, #56]	; 0x38
20002baa:	910f      	str	r1, [sp, #60]	; 0x3c
20002bac:	0022      	movs	r2, r4
20002bae:	002b      	movs	r3, r5
20002bb0:	2000      	movs	r0, #0
20002bb2:	2180      	movs	r1, #128	; 0x80
20002bb4:	05c9      	lsls	r1, r1, #23
20002bb6:	f001 f8ca 	bl	20003d4e <__wrap___aeabi_dsub>
20002bba:	0004      	movs	r4, r0
20002bbc:	000d      	movs	r5, r1
20002bbe:	2200      	movs	r2, #0
20002bc0:	4b9a      	ldr	r3, [pc, #616]	; (20002e2c <_etoa+0x3e0>)
20002bc2:	980a      	ldr	r0, [sp, #40]	; 0x28
20002bc4:	990b      	ldr	r1, [sp, #44]	; 0x2c
20002bc6:	f001 f8cc 	bl	20003d62 <__wrap___aeabi_ddiv>
20002bca:	2200      	movs	r2, #0
20002bcc:	4b98      	ldr	r3, [pc, #608]	; (20002e30 <_etoa+0x3e4>)
20002bce:	f001 f8c3 	bl	20003d58 <__wrap___aeabi_dadd>
20002bd2:	0002      	movs	r2, r0
20002bd4:	000b      	movs	r3, r1
20002bd6:	980a      	ldr	r0, [sp, #40]	; 0x28
20002bd8:	990b      	ldr	r1, [sp, #44]	; 0x2c
20002bda:	f001 f8c2 	bl	20003d62 <__wrap___aeabi_ddiv>
20002bde:	2200      	movs	r2, #0
20002be0:	4b94      	ldr	r3, [pc, #592]	; (20002e34 <_etoa+0x3e8>)
20002be2:	f001 f8b9 	bl	20003d58 <__wrap___aeabi_dadd>
20002be6:	0002      	movs	r2, r0
20002be8:	000b      	movs	r3, r1
20002bea:	980a      	ldr	r0, [sp, #40]	; 0x28
20002bec:	990b      	ldr	r1, [sp, #44]	; 0x2c
20002bee:	f001 f8b8 	bl	20003d62 <__wrap___aeabi_ddiv>
20002bf2:	0002      	movs	r2, r0
20002bf4:	000b      	movs	r3, r1
20002bf6:	0020      	movs	r0, r4
20002bf8:	0029      	movs	r1, r5
20002bfa:	f001 f8ad 	bl	20003d58 <__wrap___aeabi_dadd>
20002bfe:	0002      	movs	r2, r0
20002c00:	000b      	movs	r3, r1
20002c02:	980e      	ldr	r0, [sp, #56]	; 0x38
20002c04:	990f      	ldr	r1, [sp, #60]	; 0x3c
20002c06:	f001 f8ac 	bl	20003d62 <__wrap___aeabi_ddiv>
20002c0a:	2200      	movs	r2, #0
20002c0c:	4b77      	ldr	r3, [pc, #476]	; (20002dec <_etoa+0x3a0>)
20002c0e:	f001 f8a3 	bl	20003d58 <__wrap___aeabi_dadd>
20002c12:	0032      	movs	r2, r6
20002c14:	003b      	movs	r3, r7
20002c16:	f001 f8be 	bl	20003d96 <__wrap___aeabi_dmul>
20002c1a:	0006      	movs	r6, r0
20002c1c:	000f      	movs	r7, r1
20002c1e:	0004      	movs	r4, r0
20002c20:	000d      	movs	r5, r1
20002c22:	9a06      	ldr	r2, [sp, #24]
20002c24:	9b07      	ldr	r3, [sp, #28]
20002c26:	f001 f90b 	bl	20003e40 <__wrap___aeabi_dcmpgt>
20002c2a:	2800      	cmp	r0, #0
20002c2c:	d030      	beq.n	20002c90 <_etoa+0x244>
20002c2e:	2301      	movs	r3, #1
20002c30:	425b      	negs	r3, r3
20002c32:	469c      	mov	ip, r3
20002c34:	44e1      	add	r9, ip
20002c36:	2200      	movs	r2, #0
20002c38:	4b7d      	ldr	r3, [pc, #500]	; (20002e30 <_etoa+0x3e4>)
20002c3a:	0030      	movs	r0, r6
20002c3c:	0039      	movs	r1, r7
20002c3e:	f001 f890 	bl	20003d62 <__wrap___aeabi_ddiv>
20002c42:	0004      	movs	r4, r0
20002c44:	000d      	movs	r5, r1
20002c46:	e023      	b.n	20002c90 <_etoa+0x244>
20002c48:	9b1e      	ldr	r3, [sp, #120]	; 0x78
20002c4a:	9304      	str	r3, [sp, #16]
20002c4c:	9b1d      	ldr	r3, [sp, #116]	; 0x74
20002c4e:	9303      	str	r3, [sp, #12]
20002c50:	9b1c      	ldr	r3, [sp, #112]	; 0x70
20002c52:	9302      	str	r3, [sp, #8]
20002c54:	9a08      	ldr	r2, [sp, #32]
20002c56:	9b09      	ldr	r3, [sp, #36]	; 0x24
20002c58:	9200      	str	r2, [sp, #0]
20002c5a:	9301      	str	r3, [sp, #4]
20002c5c:	4643      	mov	r3, r8
20002c5e:	9a0c      	ldr	r2, [sp, #48]	; 0x30
20002c60:	4651      	mov	r1, sl
20002c62:	4658      	mov	r0, fp
20002c64:	f000 f8fc 	bl	20002e60 <_ftoa>
20002c68:	b011      	add	sp, #68	; 0x44
20002c6a:	bcf0      	pop	{r4, r5, r6, r7}
20002c6c:	46bb      	mov	fp, r7
20002c6e:	46b2      	mov	sl, r6
20002c70:	46a9      	mov	r9, r5
20002c72:	46a0      	mov	r8, r4
20002c74:	bdf0      	pop	{r4, r5, r6, r7, pc}
20002c76:	2300      	movs	r3, #0
20002c78:	2400      	movs	r4, #0
20002c7a:	9306      	str	r3, [sp, #24]
20002c7c:	9407      	str	r4, [sp, #28]
20002c7e:	9606      	str	r6, [sp, #24]
20002c80:	2380      	movs	r3, #128	; 0x80
20002c82:	061b      	lsls	r3, r3, #24
20002c84:	469c      	mov	ip, r3
20002c86:	4465      	add	r5, ip
20002c88:	9507      	str	r5, [sp, #28]
20002c8a:	e71a      	b.n	20002ac2 <_etoa+0x76>
20002c8c:	2300      	movs	r3, #0
20002c8e:	4699      	mov	r9, r3
20002c90:	464b      	mov	r3, r9
20002c92:	3363      	adds	r3, #99	; 0x63
20002c94:	2bc6      	cmp	r3, #198	; 0xc6
20002c96:	d81e      	bhi.n	20002cd6 <_etoa+0x28a>
20002c98:	2604      	movs	r6, #4
20002c9a:	9b1e      	ldr	r3, [sp, #120]	; 0x78
20002c9c:	051b      	lsls	r3, r3, #20
20002c9e:	d526      	bpl.n	20002cee <_etoa+0x2a2>
20002ca0:	002b      	movs	r3, r5
20002ca2:	4323      	orrs	r3, r4
20002ca4:	d00f      	beq.n	20002cc6 <_etoa+0x27a>
20002ca6:	4a64      	ldr	r2, [pc, #400]	; (20002e38 <_etoa+0x3ec>)
20002ca8:	4b64      	ldr	r3, [pc, #400]	; (20002e3c <_etoa+0x3f0>)
20002caa:	9806      	ldr	r0, [sp, #24]
20002cac:	9907      	ldr	r1, [sp, #28]
20002cae:	f001 f8bf 	bl	20003e30 <__wrap___aeabi_dcmpge>
20002cb2:	2800      	cmp	r0, #0
20002cb4:	d079      	beq.n	20002daa <_etoa+0x35e>
20002cb6:	2200      	movs	r2, #0
20002cb8:	4b61      	ldr	r3, [pc, #388]	; (20002e40 <_etoa+0x3f4>)
20002cba:	9806      	ldr	r0, [sp, #24]
20002cbc:	9907      	ldr	r1, [sp, #28]
20002cbe:	f001 f8a9 	bl	20003e14 <__wrap___aeabi_dcmplt>
20002cc2:	2800      	cmp	r0, #0
20002cc4:	d071      	beq.n	20002daa <_etoa+0x35e>
20002cc6:	9b1c      	ldr	r3, [sp, #112]	; 0x70
20002cc8:	454b      	cmp	r3, r9
20002cca:	dd06      	ble.n	20002cda <_etoa+0x28e>
20002ccc:	464a      	mov	r2, r9
20002cce:	1a98      	subs	r0, r3, r2
20002cd0:	1e43      	subs	r3, r0, #1
20002cd2:	931c      	str	r3, [sp, #112]	; 0x70
20002cd4:	e003      	b.n	20002cde <_etoa+0x292>
20002cd6:	2605      	movs	r6, #5
20002cd8:	e7df      	b.n	20002c9a <_etoa+0x24e>
20002cda:	2300      	movs	r3, #0
20002cdc:	931c      	str	r3, [sp, #112]	; 0x70
20002cde:	2380      	movs	r3, #128	; 0x80
20002ce0:	00db      	lsls	r3, r3, #3
20002ce2:	9a1e      	ldr	r2, [sp, #120]	; 0x78
20002ce4:	431a      	orrs	r2, r3
20002ce6:	921e      	str	r2, [sp, #120]	; 0x78
20002ce8:	2600      	movs	r6, #0
20002cea:	2300      	movs	r3, #0
20002cec:	4699      	mov	r9, r3
20002cee:	9b1d      	ldr	r3, [sp, #116]	; 0x74
20002cf0:	429e      	cmp	r6, r3
20002cf2:	d264      	bcs.n	20002dbe <_etoa+0x372>
20002cf4:	1b9f      	subs	r7, r3, r6
20002cf6:	2302      	movs	r3, #2
20002cf8:	9a1e      	ldr	r2, [sp, #120]	; 0x78
20002cfa:	401a      	ands	r2, r3
20002cfc:	920a      	str	r2, [sp, #40]	; 0x28
20002cfe:	9a1e      	ldr	r2, [sp, #120]	; 0x78
20002d00:	4213      	tst	r3, r2
20002d02:	d002      	beq.n	20002d0a <_etoa+0x2be>
20002d04:	2e00      	cmp	r6, #0
20002d06:	d000      	beq.n	20002d0a <_etoa+0x2be>
20002d08:	2700      	movs	r7, #0
20002d0a:	464b      	mov	r3, r9
20002d0c:	2b00      	cmp	r3, #0
20002d0e:	d007      	beq.n	20002d20 <_etoa+0x2d4>
20002d10:	0022      	movs	r2, r4
20002d12:	002b      	movs	r3, r5
20002d14:	9806      	ldr	r0, [sp, #24]
20002d16:	9907      	ldr	r1, [sp, #28]
20002d18:	f001 f823 	bl	20003d62 <__wrap___aeabi_ddiv>
20002d1c:	9006      	str	r0, [sp, #24]
20002d1e:	9107      	str	r1, [sp, #28]
20002d20:	2200      	movs	r2, #0
20002d22:	2300      	movs	r3, #0
20002d24:	9808      	ldr	r0, [sp, #32]
20002d26:	9909      	ldr	r1, [sp, #36]	; 0x24
20002d28:	f001 f874 	bl	20003e14 <__wrap___aeabi_dcmplt>
20002d2c:	2800      	cmp	r0, #0
20002d2e:	d148      	bne.n	20002dc2 <_etoa+0x376>
20002d30:	4b44      	ldr	r3, [pc, #272]	; (20002e44 <_etoa+0x3f8>)
20002d32:	9a1e      	ldr	r2, [sp, #120]	; 0x78
20002d34:	4013      	ands	r3, r2
20002d36:	9304      	str	r3, [sp, #16]
20002d38:	9703      	str	r7, [sp, #12]
20002d3a:	9b1c      	ldr	r3, [sp, #112]	; 0x70
20002d3c:	9302      	str	r3, [sp, #8]
20002d3e:	9b06      	ldr	r3, [sp, #24]
20002d40:	9c07      	ldr	r4, [sp, #28]
20002d42:	9300      	str	r3, [sp, #0]
20002d44:	9401      	str	r4, [sp, #4]
20002d46:	4643      	mov	r3, r8
20002d48:	9a0c      	ldr	r2, [sp, #48]	; 0x30
20002d4a:	4651      	mov	r1, sl
20002d4c:	4658      	mov	r0, fp
20002d4e:	f000 f887 	bl	20002e60 <_ftoa>
20002d52:	2e00      	cmp	r6, #0
20002d54:	d100      	bne.n	20002d58 <_etoa+0x30c>
20002d56:	e787      	b.n	20002c68 <_etoa+0x21c>
20002d58:	9b1e      	ldr	r3, [sp, #120]	; 0x78
20002d5a:	069b      	lsls	r3, r3, #26
20002d5c:	d53d      	bpl.n	20002dda <_etoa+0x38e>
20002d5e:	2545      	movs	r5, #69	; 0x45
20002d60:	1c44      	adds	r4, r0, #1
20002d62:	4643      	mov	r3, r8
20002d64:	0002      	movs	r2, r0
20002d66:	4651      	mov	r1, sl
20002d68:	0028      	movs	r0, r5
20002d6a:	47d8      	blx	fp
20002d6c:	464b      	mov	r3, r9
20002d6e:	17da      	asrs	r2, r3, #31
20002d70:	189b      	adds	r3, r3, r2
20002d72:	4053      	eors	r3, r2
20002d74:	2205      	movs	r2, #5
20002d76:	9205      	str	r2, [sp, #20]
20002d78:	3e01      	subs	r6, #1
20002d7a:	9604      	str	r6, [sp, #16]
20002d7c:	2200      	movs	r2, #0
20002d7e:	9203      	str	r2, [sp, #12]
20002d80:	320a      	adds	r2, #10
20002d82:	9202      	str	r2, [sp, #8]
20002d84:	464a      	mov	r2, r9
20002d86:	0fd0      	lsrs	r0, r2, #31
20002d88:	9001      	str	r0, [sp, #4]
20002d8a:	9300      	str	r3, [sp, #0]
20002d8c:	4643      	mov	r3, r8
20002d8e:	0022      	movs	r2, r4
20002d90:	4651      	mov	r1, sl
20002d92:	4658      	mov	r0, fp
20002d94:	f7ff fd8a 	bl	200028ac <_ntoa_long>
20002d98:	9b0a      	ldr	r3, [sp, #40]	; 0x28
20002d9a:	2b00      	cmp	r3, #0
20002d9c:	d100      	bne.n	20002da0 <_etoa+0x354>
20002d9e:	e763      	b.n	20002c68 <_etoa+0x21c>
20002da0:	0002      	movs	r2, r0
20002da2:	465f      	mov	r7, fp
20002da4:	9e0c      	ldr	r6, [sp, #48]	; 0x30
20002da6:	9d1d      	ldr	r5, [sp, #116]	; 0x74
20002da8:	e054      	b.n	20002e54 <_etoa+0x408>
20002daa:	9b1c      	ldr	r3, [sp, #112]	; 0x70
20002dac:	2b00      	cmp	r3, #0
20002dae:	d09e      	beq.n	20002cee <_etoa+0x2a2>
20002db0:	9b0d      	ldr	r3, [sp, #52]	; 0x34
20002db2:	2b00      	cmp	r3, #0
20002db4:	d09b      	beq.n	20002cee <_etoa+0x2a2>
20002db6:	9b1c      	ldr	r3, [sp, #112]	; 0x70
20002db8:	3b01      	subs	r3, #1
20002dba:	931c      	str	r3, [sp, #112]	; 0x70
20002dbc:	e797      	b.n	20002cee <_etoa+0x2a2>
20002dbe:	2700      	movs	r7, #0
20002dc0:	e799      	b.n	20002cf6 <_etoa+0x2aa>
20002dc2:	9c06      	ldr	r4, [sp, #24]
20002dc4:	9d07      	ldr	r5, [sp, #28]
20002dc6:	0022      	movs	r2, r4
20002dc8:	0029      	movs	r1, r5
20002dca:	2080      	movs	r0, #128	; 0x80
20002dcc:	0600      	lsls	r0, r0, #24
20002dce:	4684      	mov	ip, r0
20002dd0:	4461      	add	r1, ip
20002dd2:	000b      	movs	r3, r1
20002dd4:	9206      	str	r2, [sp, #24]
20002dd6:	9307      	str	r3, [sp, #28]
20002dd8:	e7aa      	b.n	20002d30 <_etoa+0x2e4>
20002dda:	2565      	movs	r5, #101	; 0x65
20002ddc:	e7c0      	b.n	20002d60 <_etoa+0x314>
20002dde:	46c0      	nop			; (mov r8, r8)
20002de0:	7fefffff 	.word	0x7fefffff
20002de4:	ffefffff 	.word	0xffefffff
20002de8:	fffffc01 	.word	0xfffffc01
20002dec:	3ff00000 	.word	0x3ff00000
20002df0:	509f79fb 	.word	0x509f79fb
20002df4:	3fd34413 	.word	0x3fd34413
20002df8:	8b60c8b3 	.word	0x8b60c8b3
20002dfc:	3fc68a28 	.word	0x3fc68a28
20002e00:	3ff80000 	.word	0x3ff80000
20002e04:	636f4361 	.word	0x636f4361
20002e08:	3fd287a7 	.word	0x3fd287a7
20002e0c:	0979a371 	.word	0x0979a371
20002e10:	400a934f 	.word	0x400a934f
20002e14:	3fe00000 	.word	0x3fe00000
20002e18:	bbb55516 	.word	0xbbb55516
20002e1c:	40026bb1 	.word	0x40026bb1
20002e20:	fefa39ef 	.word	0xfefa39ef
20002e24:	3fe62e42 	.word	0x3fe62e42
20002e28:	000003ff 	.word	0x000003ff
20002e2c:	402c0000 	.word	0x402c0000
20002e30:	40240000 	.word	0x40240000
20002e34:	40180000 	.word	0x40180000
20002e38:	eb1c432d 	.word	0xeb1c432d
20002e3c:	3f1a36e2 	.word	0x3f1a36e2
20002e40:	412e8480 	.word	0x412e8480
20002e44:	fffff7ff 	.word	0xfffff7ff
20002e48:	1c54      	adds	r4, r2, #1
20002e4a:	4643      	mov	r3, r8
20002e4c:	4651      	mov	r1, sl
20002e4e:	2020      	movs	r0, #32
20002e50:	47b8      	blx	r7
20002e52:	0022      	movs	r2, r4
20002e54:	1b93      	subs	r3, r2, r6
20002e56:	42ab      	cmp	r3, r5
20002e58:	d3f6      	bcc.n	20002e48 <_etoa+0x3fc>
20002e5a:	0010      	movs	r0, r2
20002e5c:	e704      	b.n	20002c68 <_etoa+0x21c>
20002e5e:	46c0      	nop			; (mov r8, r8)

20002e60 <_ftoa>:
20002e60:	b5f0      	push	{r4, r5, r6, r7, lr}
20002e62:	46de      	mov	lr, fp
20002e64:	4657      	mov	r7, sl
20002e66:	464e      	mov	r6, r9
20002e68:	4645      	mov	r5, r8
20002e6a:	b5e0      	push	{r5, r6, r7, lr}
20002e6c:	b095      	sub	sp, #84	; 0x54
20002e6e:	9006      	str	r0, [sp, #24]
20002e70:	9107      	str	r1, [sp, #28]
20002e72:	4693      	mov	fp, r2
20002e74:	4699      	mov	r9, r3
20002e76:	9f20      	ldr	r7, [sp, #128]	; 0x80
20002e78:	9a1e      	ldr	r2, [sp, #120]	; 0x78
20002e7a:	9b1f      	ldr	r3, [sp, #124]	; 0x7c
20002e7c:	0010      	movs	r0, r2
20002e7e:	0019      	movs	r1, r3
20002e80:	f000 ffe3 	bl	20003e4a <__wrap___aeabi_dcmpun>
20002e84:	2800      	cmp	r0, #0
20002e86:	d131      	bne.n	20002eec <_ftoa+0x8c>
20002e88:	2201      	movs	r2, #1
20002e8a:	4252      	negs	r2, r2
20002e8c:	4bbf      	ldr	r3, [pc, #764]	; (2000318c <_ftoa+0x32c>)
20002e8e:	981e      	ldr	r0, [sp, #120]	; 0x78
20002e90:	991f      	ldr	r1, [sp, #124]	; 0x7c
20002e92:	f000 ffbf 	bl	20003e14 <__wrap___aeabi_dcmplt>
20002e96:	2800      	cmp	r0, #0
20002e98:	d137      	bne.n	20002f0a <_ftoa+0xaa>
20002e9a:	2201      	movs	r2, #1
20002e9c:	4252      	negs	r2, r2
20002e9e:	4bbc      	ldr	r3, [pc, #752]	; (20003190 <_ftoa+0x330>)
20002ea0:	981e      	ldr	r0, [sp, #120]	; 0x78
20002ea2:	991f      	ldr	r1, [sp, #124]	; 0x7c
20002ea4:	f000 ffcc 	bl	20003e40 <__wrap___aeabi_dcmpgt>
20002ea8:	2800      	cmp	r0, #0
20002eaa:	d13d      	bne.n	20002f28 <_ftoa+0xc8>
20002eac:	2200      	movs	r2, #0
20002eae:	4bb9      	ldr	r3, [pc, #740]	; (20003194 <_ftoa+0x334>)
20002eb0:	981e      	ldr	r0, [sp, #120]	; 0x78
20002eb2:	991f      	ldr	r1, [sp, #124]	; 0x7c
20002eb4:	f000 ffc4 	bl	20003e40 <__wrap___aeabi_dcmpgt>
20002eb8:	2800      	cmp	r0, #0
20002eba:	d150      	bne.n	20002f5e <_ftoa+0xfe>
20002ebc:	2200      	movs	r2, #0
20002ebe:	4bb6      	ldr	r3, [pc, #728]	; (20003198 <_ftoa+0x338>)
20002ec0:	981e      	ldr	r0, [sp, #120]	; 0x78
20002ec2:	991f      	ldr	r1, [sp, #124]	; 0x7c
20002ec4:	f000 ffa6 	bl	20003e14 <__wrap___aeabi_dcmplt>
20002ec8:	2800      	cmp	r0, #0
20002eca:	d148      	bne.n	20002f5e <_ftoa+0xfe>
20002ecc:	2200      	movs	r2, #0
20002ece:	2300      	movs	r3, #0
20002ed0:	981e      	ldr	r0, [sp, #120]	; 0x78
20002ed2:	991f      	ldr	r1, [sp, #124]	; 0x7c
20002ed4:	f000 ff9e 	bl	20003e14 <__wrap___aeabi_dcmplt>
20002ed8:	2800      	cmp	r0, #0
20002eda:	d150      	bne.n	20002f7e <_ftoa+0x11e>
20002edc:	2300      	movs	r3, #0
20002ede:	4698      	mov	r8, r3
20002ee0:	9b22      	ldr	r3, [sp, #136]	; 0x88
20002ee2:	055b      	lsls	r3, r3, #21
20002ee4:	d400      	bmi.n	20002ee8 <_ftoa+0x88>
20002ee6:	e0b6      	b.n	20003056 <_ftoa+0x1f6>
20002ee8:	2400      	movs	r4, #0
20002eea:	e058      	b.n	20002f9e <_ftoa+0x13e>
20002eec:	9b22      	ldr	r3, [sp, #136]	; 0x88
20002eee:	9303      	str	r3, [sp, #12]
20002ef0:	9b21      	ldr	r3, [sp, #132]	; 0x84
20002ef2:	9302      	str	r3, [sp, #8]
20002ef4:	2303      	movs	r3, #3
20002ef6:	9301      	str	r3, [sp, #4]
20002ef8:	4ba8      	ldr	r3, [pc, #672]	; (2000319c <_ftoa+0x33c>)
20002efa:	9300      	str	r3, [sp, #0]
20002efc:	464b      	mov	r3, r9
20002efe:	465a      	mov	r2, fp
20002f00:	9907      	ldr	r1, [sp, #28]
20002f02:	9806      	ldr	r0, [sp, #24]
20002f04:	f7ff fbf2 	bl	200026ec <_out_rev>
20002f08:	e10e      	b.n	20003128 <_ftoa+0x2c8>
20002f0a:	9b22      	ldr	r3, [sp, #136]	; 0x88
20002f0c:	9303      	str	r3, [sp, #12]
20002f0e:	9b21      	ldr	r3, [sp, #132]	; 0x84
20002f10:	9302      	str	r3, [sp, #8]
20002f12:	2304      	movs	r3, #4
20002f14:	9301      	str	r3, [sp, #4]
20002f16:	4ba2      	ldr	r3, [pc, #648]	; (200031a0 <_ftoa+0x340>)
20002f18:	9300      	str	r3, [sp, #0]
20002f1a:	464b      	mov	r3, r9
20002f1c:	465a      	mov	r2, fp
20002f1e:	9907      	ldr	r1, [sp, #28]
20002f20:	9806      	ldr	r0, [sp, #24]
20002f22:	f7ff fbe3 	bl	200026ec <_out_rev>
20002f26:	e0ff      	b.n	20003128 <_ftoa+0x2c8>
20002f28:	2304      	movs	r3, #4
20002f2a:	9a22      	ldr	r2, [sp, #136]	; 0x88
20002f2c:	401a      	ands	r2, r3
20002f2e:	9922      	ldr	r1, [sp, #136]	; 0x88
20002f30:	420b      	tst	r3, r1
20002f32:	d010      	beq.n	20002f56 <_ftoa+0xf6>
20002f34:	4b9b      	ldr	r3, [pc, #620]	; (200031a4 <_ftoa+0x344>)
20002f36:	2a00      	cmp	r2, #0
20002f38:	d00f      	beq.n	20002f5a <_ftoa+0xfa>
20002f3a:	2204      	movs	r2, #4
20002f3c:	9922      	ldr	r1, [sp, #136]	; 0x88
20002f3e:	9103      	str	r1, [sp, #12]
20002f40:	9921      	ldr	r1, [sp, #132]	; 0x84
20002f42:	9102      	str	r1, [sp, #8]
20002f44:	9201      	str	r2, [sp, #4]
20002f46:	9300      	str	r3, [sp, #0]
20002f48:	464b      	mov	r3, r9
20002f4a:	465a      	mov	r2, fp
20002f4c:	9907      	ldr	r1, [sp, #28]
20002f4e:	9806      	ldr	r0, [sp, #24]
20002f50:	f7ff fbcc 	bl	200026ec <_out_rev>
20002f54:	e0e8      	b.n	20003128 <_ftoa+0x2c8>
20002f56:	4b94      	ldr	r3, [pc, #592]	; (200031a8 <_ftoa+0x348>)
20002f58:	e7ed      	b.n	20002f36 <_ftoa+0xd6>
20002f5a:	2203      	movs	r2, #3
20002f5c:	e7ee      	b.n	20002f3c <_ftoa+0xdc>
20002f5e:	9b22      	ldr	r3, [sp, #136]	; 0x88
20002f60:	9304      	str	r3, [sp, #16]
20002f62:	9b21      	ldr	r3, [sp, #132]	; 0x84
20002f64:	9303      	str	r3, [sp, #12]
20002f66:	9702      	str	r7, [sp, #8]
20002f68:	9b1e      	ldr	r3, [sp, #120]	; 0x78
20002f6a:	9c1f      	ldr	r4, [sp, #124]	; 0x7c
20002f6c:	9300      	str	r3, [sp, #0]
20002f6e:	9401      	str	r4, [sp, #4]
20002f70:	464b      	mov	r3, r9
20002f72:	465a      	mov	r2, fp
20002f74:	9907      	ldr	r1, [sp, #28]
20002f76:	9806      	ldr	r0, [sp, #24]
20002f78:	f7ff fd68 	bl	20002a4c <_etoa>
20002f7c:	e0d4      	b.n	20003128 <_ftoa+0x2c8>
20002f7e:	9a1e      	ldr	r2, [sp, #120]	; 0x78
20002f80:	9b1f      	ldr	r3, [sp, #124]	; 0x7c
20002f82:	2000      	movs	r0, #0
20002f84:	2100      	movs	r1, #0
20002f86:	f000 fee2 	bl	20003d4e <__wrap___aeabi_dsub>
20002f8a:	901e      	str	r0, [sp, #120]	; 0x78
20002f8c:	911f      	str	r1, [sp, #124]	; 0x7c
20002f8e:	2301      	movs	r3, #1
20002f90:	4698      	mov	r8, r3
20002f92:	e7a5      	b.n	20002ee0 <_ftoa+0x80>
20002f94:	ab0c      	add	r3, sp, #48	; 0x30
20002f96:	2230      	movs	r2, #48	; 0x30
20002f98:	551a      	strb	r2, [r3, r4]
20002f9a:	3f01      	subs	r7, #1
20002f9c:	3401      	adds	r4, #1
20002f9e:	2c1f      	cmp	r4, #31
20002fa0:	d801      	bhi.n	20002fa6 <_ftoa+0x146>
20002fa2:	2f09      	cmp	r7, #9
20002fa4:	d8f6      	bhi.n	20002f94 <_ftoa+0x134>
20002fa6:	981e      	ldr	r0, [sp, #120]	; 0x78
20002fa8:	991f      	ldr	r1, [sp, #124]	; 0x7c
20002faa:	f000 ff79 	bl	20003ea0 <__wrap___aeabi_d2iz>
20002fae:	0005      	movs	r5, r0
20002fb0:	f000 ff5e 	bl	20003e70 <__wrap___aeabi_i2d>
20002fb4:	0002      	movs	r2, r0
20002fb6:	000b      	movs	r3, r1
20002fb8:	981e      	ldr	r0, [sp, #120]	; 0x78
20002fba:	991f      	ldr	r1, [sp, #124]	; 0x7c
20002fbc:	f000 fec7 	bl	20003d4e <__wrap___aeabi_dsub>
20002fc0:	00fa      	lsls	r2, r7, #3
20002fc2:	4b7a      	ldr	r3, [pc, #488]	; (200031ac <_ftoa+0x34c>)
20002fc4:	189b      	adds	r3, r3, r2
20002fc6:	681a      	ldr	r2, [r3, #0]
20002fc8:	685b      	ldr	r3, [r3, #4]
20002fca:	920a      	str	r2, [sp, #40]	; 0x28
20002fcc:	930b      	str	r3, [sp, #44]	; 0x2c
20002fce:	f000 fee2 	bl	20003d96 <__wrap___aeabi_dmul>
20002fd2:	9008      	str	r0, [sp, #32]
20002fd4:	9109      	str	r1, [sp, #36]	; 0x24
20002fd6:	f000 ff87 	bl	20003ee8 <__wrap___aeabi_d2uiz>
20002fda:	0006      	movs	r6, r0
20002fdc:	f000 ff44 	bl	20003e68 <__wrap___aeabi_ui2d>
20002fe0:	0002      	movs	r2, r0
20002fe2:	000b      	movs	r3, r1
20002fe4:	9808      	ldr	r0, [sp, #32]
20002fe6:	9909      	ldr	r1, [sp, #36]	; 0x24
20002fe8:	f000 feb1 	bl	20003d4e <__wrap___aeabi_dsub>
20002fec:	9008      	str	r0, [sp, #32]
20002fee:	9109      	str	r1, [sp, #36]	; 0x24
20002ff0:	2200      	movs	r2, #0
20002ff2:	4b6f      	ldr	r3, [pc, #444]	; (200031b0 <_ftoa+0x350>)
20002ff4:	f000 ff24 	bl	20003e40 <__wrap___aeabi_dcmpgt>
20002ff8:	2800      	cmp	r0, #0
20002ffa:	d02e      	beq.n	2000305a <_ftoa+0x1fa>
20002ffc:	3601      	adds	r6, #1
20002ffe:	0030      	movs	r0, r6
20003000:	f000 ff32 	bl	20003e68 <__wrap___aeabi_ui2d>
20003004:	0002      	movs	r2, r0
20003006:	000b      	movs	r3, r1
20003008:	980a      	ldr	r0, [sp, #40]	; 0x28
2000300a:	990b      	ldr	r1, [sp, #44]	; 0x2c
2000300c:	f000 ff08 	bl	20003e20 <__wrap___aeabi_dcmple>
20003010:	2800      	cmp	r0, #0
20003012:	d001      	beq.n	20003018 <_ftoa+0x1b8>
20003014:	3501      	adds	r5, #1
20003016:	2600      	movs	r6, #0
20003018:	2f00      	cmp	r7, #0
2000301a:	d12c      	bne.n	20003076 <_ftoa+0x216>
2000301c:	0028      	movs	r0, r5
2000301e:	f000 ff27 	bl	20003e70 <__wrap___aeabi_i2d>
20003022:	0002      	movs	r2, r0
20003024:	000b      	movs	r3, r1
20003026:	981e      	ldr	r0, [sp, #120]	; 0x78
20003028:	991f      	ldr	r1, [sp, #124]	; 0x7c
2000302a:	f000 fe90 	bl	20003d4e <__wrap___aeabi_dsub>
2000302e:	0006      	movs	r6, r0
20003030:	000f      	movs	r7, r1
20003032:	2200      	movs	r2, #0
20003034:	4b5e      	ldr	r3, [pc, #376]	; (200031b0 <_ftoa+0x350>)
20003036:	f000 feed 	bl	20003e14 <__wrap___aeabi_dcmplt>
2000303a:	2800      	cmp	r0, #0
2000303c:	d146      	bne.n	200030cc <_ftoa+0x26c>
2000303e:	2200      	movs	r2, #0
20003040:	4b5b      	ldr	r3, [pc, #364]	; (200031b0 <_ftoa+0x350>)
20003042:	0030      	movs	r0, r6
20003044:	0039      	movs	r1, r7
20003046:	f000 fefb 	bl	20003e40 <__wrap___aeabi_dcmpgt>
2000304a:	2800      	cmp	r0, #0
2000304c:	d13e      	bne.n	200030cc <_ftoa+0x26c>
2000304e:	07eb      	lsls	r3, r5, #31
20003050:	d53c      	bpl.n	200030cc <_ftoa+0x26c>
20003052:	3501      	adds	r5, #1
20003054:	e03a      	b.n	200030cc <_ftoa+0x26c>
20003056:	2706      	movs	r7, #6
20003058:	e746      	b.n	20002ee8 <_ftoa+0x88>
2000305a:	2200      	movs	r2, #0
2000305c:	4b54      	ldr	r3, [pc, #336]	; (200031b0 <_ftoa+0x350>)
2000305e:	9808      	ldr	r0, [sp, #32]
20003060:	9909      	ldr	r1, [sp, #36]	; 0x24
20003062:	f000 fed7 	bl	20003e14 <__wrap___aeabi_dcmplt>
20003066:	2800      	cmp	r0, #0
20003068:	d1d6      	bne.n	20003018 <_ftoa+0x1b8>
2000306a:	2e00      	cmp	r6, #0
2000306c:	d001      	beq.n	20003072 <_ftoa+0x212>
2000306e:	07f3      	lsls	r3, r6, #31
20003070:	d5d2      	bpl.n	20003018 <_ftoa+0x1b8>
20003072:	3601      	adds	r6, #1
20003074:	e7d0      	b.n	20003018 <_ftoa+0x1b8>
20003076:	46aa      	mov	sl, r5
20003078:	2c1f      	cmp	r4, #31
2000307a:	d811      	bhi.n	200030a0 <_ftoa+0x240>
2000307c:	3f01      	subs	r7, #1
2000307e:	210a      	movs	r1, #10
20003080:	0030      	movs	r0, r6
20003082:	f000 fc29 	bl	200038d8 <__wrap___aeabi_uidiv>
20003086:	1c65      	adds	r5, r4, #1
20003088:	3130      	adds	r1, #48	; 0x30
2000308a:	ab0c      	add	r3, sp, #48	; 0x30
2000308c:	5519      	strb	r1, [r3, r4]
2000308e:	210a      	movs	r1, #10
20003090:	0030      	movs	r0, r6
20003092:	f000 fc21 	bl	200038d8 <__wrap___aeabi_uidiv>
20003096:	2e09      	cmp	r6, #9
20003098:	d90e      	bls.n	200030b8 <_ftoa+0x258>
2000309a:	0006      	movs	r6, r0
2000309c:	002c      	movs	r4, r5
2000309e:	e7eb      	b.n	20003078 <_ftoa+0x218>
200030a0:	4655      	mov	r5, sl
200030a2:	2c1f      	cmp	r4, #31
200030a4:	d80c      	bhi.n	200030c0 <_ftoa+0x260>
200030a6:	1e7b      	subs	r3, r7, #1
200030a8:	2f00      	cmp	r7, #0
200030aa:	d009      	beq.n	200030c0 <_ftoa+0x260>
200030ac:	aa0c      	add	r2, sp, #48	; 0x30
200030ae:	2130      	movs	r1, #48	; 0x30
200030b0:	5511      	strb	r1, [r2, r4]
200030b2:	001f      	movs	r7, r3
200030b4:	3401      	adds	r4, #1
200030b6:	e7f4      	b.n	200030a2 <_ftoa+0x242>
200030b8:	002b      	movs	r3, r5
200030ba:	4655      	mov	r5, sl
200030bc:	001c      	movs	r4, r3
200030be:	e7f0      	b.n	200030a2 <_ftoa+0x242>
200030c0:	2c1f      	cmp	r4, #31
200030c2:	d803      	bhi.n	200030cc <_ftoa+0x26c>
200030c4:	ab0c      	add	r3, sp, #48	; 0x30
200030c6:	222e      	movs	r2, #46	; 0x2e
200030c8:	551a      	strb	r2, [r3, r4]
200030ca:	3401      	adds	r4, #1
200030cc:	2c1f      	cmp	r4, #31
200030ce:	d810      	bhi.n	200030f2 <_ftoa+0x292>
200030d0:	210a      	movs	r1, #10
200030d2:	0028      	movs	r0, r5
200030d4:	f000 fbd8 	bl	20003888 <__wrap___aeabi_idiv>
200030d8:	1c66      	adds	r6, r4, #1
200030da:	3130      	adds	r1, #48	; 0x30
200030dc:	ab0c      	add	r3, sp, #48	; 0x30
200030de:	5519      	strb	r1, [r3, r4]
200030e0:	210a      	movs	r1, #10
200030e2:	0028      	movs	r0, r5
200030e4:	f000 fbd0 	bl	20003888 <__wrap___aeabi_idiv>
200030e8:	1e05      	subs	r5, r0, #0
200030ea:	d001      	beq.n	200030f0 <_ftoa+0x290>
200030ec:	0034      	movs	r4, r6
200030ee:	e7ed      	b.n	200030cc <_ftoa+0x26c>
200030f0:	0034      	movs	r4, r6
200030f2:	2303      	movs	r3, #3
200030f4:	9a22      	ldr	r2, [sp, #136]	; 0x88
200030f6:	4013      	ands	r3, r2
200030f8:	2b01      	cmp	r3, #1
200030fa:	d01c      	beq.n	20003136 <_ftoa+0x2d6>
200030fc:	2c1f      	cmp	r4, #31
200030fe:	d806      	bhi.n	2000310e <_ftoa+0x2ae>
20003100:	4643      	mov	r3, r8
20003102:	2b00      	cmp	r3, #0
20003104:	d032      	beq.n	2000316c <_ftoa+0x30c>
20003106:	ab0c      	add	r3, sp, #48	; 0x30
20003108:	222d      	movs	r2, #45	; 0x2d
2000310a:	551a      	strb	r2, [r3, r4]
2000310c:	3401      	adds	r4, #1
2000310e:	9b22      	ldr	r3, [sp, #136]	; 0x88
20003110:	9303      	str	r3, [sp, #12]
20003112:	9b21      	ldr	r3, [sp, #132]	; 0x84
20003114:	9302      	str	r3, [sp, #8]
20003116:	9401      	str	r4, [sp, #4]
20003118:	ab0c      	add	r3, sp, #48	; 0x30
2000311a:	9300      	str	r3, [sp, #0]
2000311c:	464b      	mov	r3, r9
2000311e:	465a      	mov	r2, fp
20003120:	9907      	ldr	r1, [sp, #28]
20003122:	9806      	ldr	r0, [sp, #24]
20003124:	f7ff fae2 	bl	200026ec <_out_rev>
20003128:	b015      	add	sp, #84	; 0x54
2000312a:	bcf0      	pop	{r4, r5, r6, r7}
2000312c:	46bb      	mov	fp, r7
2000312e:	46b2      	mov	sl, r6
20003130:	46a9      	mov	r9, r5
20003132:	46a0      	mov	r8, r4
20003134:	bdf0      	pop	{r4, r5, r6, r7, pc}
20003136:	9b21      	ldr	r3, [sp, #132]	; 0x84
20003138:	2b00      	cmp	r3, #0
2000313a:	d013      	beq.n	20003164 <_ftoa+0x304>
2000313c:	4643      	mov	r3, r8
2000313e:	2b00      	cmp	r3, #0
20003140:	d102      	bne.n	20003148 <_ftoa+0x2e8>
20003142:	330c      	adds	r3, #12
20003144:	4213      	tst	r3, r2
20003146:	d00f      	beq.n	20003168 <_ftoa+0x308>
20003148:	9b21      	ldr	r3, [sp, #132]	; 0x84
2000314a:	3b01      	subs	r3, #1
2000314c:	9321      	str	r3, [sp, #132]	; 0x84
2000314e:	0019      	movs	r1, r3
20003150:	e003      	b.n	2000315a <_ftoa+0x2fa>
20003152:	ab0c      	add	r3, sp, #48	; 0x30
20003154:	2230      	movs	r2, #48	; 0x30
20003156:	551a      	strb	r2, [r3, r4]
20003158:	3401      	adds	r4, #1
2000315a:	428c      	cmp	r4, r1
2000315c:	d2ce      	bcs.n	200030fc <_ftoa+0x29c>
2000315e:	2c1f      	cmp	r4, #31
20003160:	d9f7      	bls.n	20003152 <_ftoa+0x2f2>
20003162:	e7cb      	b.n	200030fc <_ftoa+0x29c>
20003164:	9921      	ldr	r1, [sp, #132]	; 0x84
20003166:	e7f8      	b.n	2000315a <_ftoa+0x2fa>
20003168:	9921      	ldr	r1, [sp, #132]	; 0x84
2000316a:	e7f6      	b.n	2000315a <_ftoa+0x2fa>
2000316c:	9b22      	ldr	r3, [sp, #136]	; 0x88
2000316e:	075b      	lsls	r3, r3, #29
20003170:	d504      	bpl.n	2000317c <_ftoa+0x31c>
20003172:	ab0c      	add	r3, sp, #48	; 0x30
20003174:	222b      	movs	r2, #43	; 0x2b
20003176:	551a      	strb	r2, [r3, r4]
20003178:	3401      	adds	r4, #1
2000317a:	e7c8      	b.n	2000310e <_ftoa+0x2ae>
2000317c:	9b22      	ldr	r3, [sp, #136]	; 0x88
2000317e:	071b      	lsls	r3, r3, #28
20003180:	d5c5      	bpl.n	2000310e <_ftoa+0x2ae>
20003182:	ab0c      	add	r3, sp, #48	; 0x30
20003184:	2220      	movs	r2, #32
20003186:	551a      	strb	r2, [r3, r4]
20003188:	3401      	adds	r4, #1
2000318a:	e7c0      	b.n	2000310e <_ftoa+0x2ae>
2000318c:	ffefffff 	.word	0xffefffff
20003190:	7fefffff 	.word	0x7fefffff
20003194:	41cdcd65 	.word	0x41cdcd65
20003198:	c1cdcd65 	.word	0xc1cdcd65
2000319c:	20005230 	.word	0x20005230
200031a0:	20005234 	.word	0x20005234
200031a4:	20005228 	.word	0x20005228
200031a8:	20005224 	.word	0x20005224
200031ac:	20005420 	.word	0x20005420
200031b0:	3fe00000 	.word	0x3fe00000

200031b4 <_vsnprintf>:
200031b4:	b5f0      	push	{r4, r5, r6, r7, lr}
200031b6:	46de      	mov	lr, fp
200031b8:	4657      	mov	r7, sl
200031ba:	464e      	mov	r6, r9
200031bc:	4645      	mov	r5, r8
200031be:	b5e0      	push	{r5, r6, r7, lr}
200031c0:	b093      	sub	sp, #76	; 0x4c
200031c2:	4682      	mov	sl, r0
200031c4:	468b      	mov	fp, r1
200031c6:	4690      	mov	r8, r2
200031c8:	9311      	str	r3, [sp, #68]	; 0x44
200031ca:	2900      	cmp	r1, #0
200031cc:	d100      	bne.n	200031d0 <_vsnprintf+0x1c>
200031ce:	e2eb      	b.n	200037a8 <_vsnprintf+0x5f4>
200031d0:	2700      	movs	r7, #0
200031d2:	4655      	mov	r5, sl
200031d4:	9b11      	ldr	r3, [sp, #68]	; 0x44
200031d6:	7818      	ldrb	r0, [r3, #0]
200031d8:	2800      	cmp	r0, #0
200031da:	d100      	bne.n	200031de <_vsnprintf+0x2a>
200031dc:	e2e7      	b.n	200037ae <_vsnprintf+0x5fa>
200031de:	2825      	cmp	r0, #37	; 0x25
200031e0:	d009      	beq.n	200031f6 <_vsnprintf+0x42>
200031e2:	1c7c      	adds	r4, r7, #1
200031e4:	4643      	mov	r3, r8
200031e6:	003a      	movs	r2, r7
200031e8:	4659      	mov	r1, fp
200031ea:	47a8      	blx	r5
200031ec:	9b11      	ldr	r3, [sp, #68]	; 0x44
200031ee:	3301      	adds	r3, #1
200031f0:	9311      	str	r3, [sp, #68]	; 0x44
200031f2:	0027      	movs	r7, r4
200031f4:	e7ee      	b.n	200031d4 <_vsnprintf+0x20>
200031f6:	3301      	adds	r3, #1
200031f8:	9311      	str	r3, [sp, #68]	; 0x44
200031fa:	2400      	movs	r4, #0
200031fc:	9a11      	ldr	r2, [sp, #68]	; 0x44
200031fe:	7811      	ldrb	r1, [r2, #0]
20003200:	000b      	movs	r3, r1
20003202:	3b20      	subs	r3, #32
20003204:	b2d8      	uxtb	r0, r3
20003206:	2810      	cmp	r0, #16
20003208:	d803      	bhi.n	20003212 <_vsnprintf+0x5e>
2000320a:	0083      	lsls	r3, r0, #2
2000320c:	48d0      	ldr	r0, [pc, #832]	; (20003550 <_vsnprintf+0x39c>)
2000320e:	58c3      	ldr	r3, [r0, r3]
20003210:	469f      	mov	pc, r3
20003212:	000b      	movs	r3, r1
20003214:	3b30      	subs	r3, #48	; 0x30
20003216:	b2db      	uxtb	r3, r3
20003218:	2b09      	cmp	r3, #9
2000321a:	d92c      	bls.n	20003276 <_vsnprintf+0xc2>
2000321c:	292a      	cmp	r1, #42	; 0x2a
2000321e:	d02f      	beq.n	20003280 <_vsnprintf+0xcc>
20003220:	2300      	movs	r3, #0
20003222:	930a      	str	r3, [sp, #40]	; 0x28
20003224:	9b11      	ldr	r3, [sp, #68]	; 0x44
20003226:	781a      	ldrb	r2, [r3, #0]
20003228:	2a2e      	cmp	r2, #46	; 0x2e
2000322a:	d039      	beq.n	200032a0 <_vsnprintf+0xec>
2000322c:	2300      	movs	r3, #0
2000322e:	469a      	mov	sl, r3
20003230:	9a11      	ldr	r2, [sp, #68]	; 0x44
20003232:	7813      	ldrb	r3, [r2, #0]
20003234:	3b68      	subs	r3, #104	; 0x68
20003236:	b2d9      	uxtb	r1, r3
20003238:	2912      	cmp	r1, #18
2000323a:	d876      	bhi.n	2000332a <_vsnprintf+0x176>
2000323c:	008b      	lsls	r3, r1, #2
2000323e:	49c5      	ldr	r1, [pc, #788]	; (20003554 <_vsnprintf+0x3a0>)
20003240:	58cb      	ldr	r3, [r1, r3]
20003242:	469f      	mov	pc, r3
20003244:	2301      	movs	r3, #1
20003246:	431c      	orrs	r4, r3
20003248:	3201      	adds	r2, #1
2000324a:	9211      	str	r2, [sp, #68]	; 0x44
2000324c:	e7d6      	b.n	200031fc <_vsnprintf+0x48>
2000324e:	2302      	movs	r3, #2
20003250:	431c      	orrs	r4, r3
20003252:	3201      	adds	r2, #1
20003254:	9211      	str	r2, [sp, #68]	; 0x44
20003256:	e7d1      	b.n	200031fc <_vsnprintf+0x48>
20003258:	2304      	movs	r3, #4
2000325a:	431c      	orrs	r4, r3
2000325c:	3201      	adds	r2, #1
2000325e:	9211      	str	r2, [sp, #68]	; 0x44
20003260:	e7cc      	b.n	200031fc <_vsnprintf+0x48>
20003262:	2308      	movs	r3, #8
20003264:	431c      	orrs	r4, r3
20003266:	3201      	adds	r2, #1
20003268:	9211      	str	r2, [sp, #68]	; 0x44
2000326a:	e7c7      	b.n	200031fc <_vsnprintf+0x48>
2000326c:	2310      	movs	r3, #16
2000326e:	431c      	orrs	r4, r3
20003270:	3201      	adds	r2, #1
20003272:	9211      	str	r2, [sp, #68]	; 0x44
20003274:	e7c2      	b.n	200031fc <_vsnprintf+0x48>
20003276:	a811      	add	r0, sp, #68	; 0x44
20003278:	f7ff fa26 	bl	200026c8 <_atoi>
2000327c:	900a      	str	r0, [sp, #40]	; 0x28
2000327e:	e7d1      	b.n	20003224 <_vsnprintf+0x70>
20003280:	9b1c      	ldr	r3, [sp, #112]	; 0x70
20003282:	1d1a      	adds	r2, r3, #4
20003284:	921c      	str	r2, [sp, #112]	; 0x70
20003286:	6818      	ldr	r0, [r3, #0]
20003288:	2800      	cmp	r0, #0
2000328a:	db04      	blt.n	20003296 <_vsnprintf+0xe2>
2000328c:	900a      	str	r0, [sp, #40]	; 0x28
2000328e:	9b11      	ldr	r3, [sp, #68]	; 0x44
20003290:	3301      	adds	r3, #1
20003292:	9311      	str	r3, [sp, #68]	; 0x44
20003294:	e7c6      	b.n	20003224 <_vsnprintf+0x70>
20003296:	2302      	movs	r3, #2
20003298:	431c      	orrs	r4, r3
2000329a:	4243      	negs	r3, r0
2000329c:	930a      	str	r3, [sp, #40]	; 0x28
2000329e:	e7f6      	b.n	2000328e <_vsnprintf+0xda>
200032a0:	2280      	movs	r2, #128	; 0x80
200032a2:	00d2      	lsls	r2, r2, #3
200032a4:	4314      	orrs	r4, r2
200032a6:	1c5a      	adds	r2, r3, #1
200032a8:	9211      	str	r2, [sp, #68]	; 0x44
200032aa:	785a      	ldrb	r2, [r3, #1]
200032ac:	0013      	movs	r3, r2
200032ae:	3b30      	subs	r3, #48	; 0x30
200032b0:	b2db      	uxtb	r3, r3
200032b2:	2b09      	cmp	r3, #9
200032b4:	d904      	bls.n	200032c0 <_vsnprintf+0x10c>
200032b6:	2a2a      	cmp	r2, #42	; 0x2a
200032b8:	d007      	beq.n	200032ca <_vsnprintf+0x116>
200032ba:	2300      	movs	r3, #0
200032bc:	469a      	mov	sl, r3
200032be:	e7b7      	b.n	20003230 <_vsnprintf+0x7c>
200032c0:	a811      	add	r0, sp, #68	; 0x44
200032c2:	f7ff fa01 	bl	200026c8 <_atoi>
200032c6:	4682      	mov	sl, r0
200032c8:	e7b2      	b.n	20003230 <_vsnprintf+0x7c>
200032ca:	9b1c      	ldr	r3, [sp, #112]	; 0x70
200032cc:	1d1a      	adds	r2, r3, #4
200032ce:	921c      	str	r2, [sp, #112]	; 0x70
200032d0:	6818      	ldr	r0, [r3, #0]
200032d2:	2800      	cmp	r0, #0
200032d4:	db04      	blt.n	200032e0 <_vsnprintf+0x12c>
200032d6:	4682      	mov	sl, r0
200032d8:	9b11      	ldr	r3, [sp, #68]	; 0x44
200032da:	3301      	adds	r3, #1
200032dc:	9311      	str	r3, [sp, #68]	; 0x44
200032de:	e7a7      	b.n	20003230 <_vsnprintf+0x7c>
200032e0:	2000      	movs	r0, #0
200032e2:	e7f8      	b.n	200032d6 <_vsnprintf+0x122>
200032e4:	2380      	movs	r3, #128	; 0x80
200032e6:	005b      	lsls	r3, r3, #1
200032e8:	4323      	orrs	r3, r4
200032ea:	1c51      	adds	r1, r2, #1
200032ec:	9111      	str	r1, [sp, #68]	; 0x44
200032ee:	7852      	ldrb	r2, [r2, #1]
200032f0:	2a6c      	cmp	r2, #108	; 0x6c
200032f2:	d001      	beq.n	200032f8 <_vsnprintf+0x144>
200032f4:	001c      	movs	r4, r3
200032f6:	e018      	b.n	2000332a <_vsnprintf+0x176>
200032f8:	23c0      	movs	r3, #192	; 0xc0
200032fa:	009b      	lsls	r3, r3, #2
200032fc:	431c      	orrs	r4, r3
200032fe:	3101      	adds	r1, #1
20003300:	9111      	str	r1, [sp, #68]	; 0x44
20003302:	e012      	b.n	2000332a <_vsnprintf+0x176>
20003304:	2380      	movs	r3, #128	; 0x80
20003306:	4323      	orrs	r3, r4
20003308:	1c51      	adds	r1, r2, #1
2000330a:	9111      	str	r1, [sp, #68]	; 0x44
2000330c:	7852      	ldrb	r2, [r2, #1]
2000330e:	2a68      	cmp	r2, #104	; 0x68
20003310:	d001      	beq.n	20003316 <_vsnprintf+0x162>
20003312:	001c      	movs	r4, r3
20003314:	e009      	b.n	2000332a <_vsnprintf+0x176>
20003316:	23c0      	movs	r3, #192	; 0xc0
20003318:	431c      	orrs	r4, r3
2000331a:	3101      	adds	r1, #1
2000331c:	9111      	str	r1, [sp, #68]	; 0x44
2000331e:	e004      	b.n	2000332a <_vsnprintf+0x176>
20003320:	2380      	movs	r3, #128	; 0x80
20003322:	005b      	lsls	r3, r3, #1
20003324:	431c      	orrs	r4, r3
20003326:	3201      	adds	r2, #1
20003328:	9211      	str	r2, [sp, #68]	; 0x44
2000332a:	9b11      	ldr	r3, [sp, #68]	; 0x44
2000332c:	7818      	ldrb	r0, [r3, #0]
2000332e:	0003      	movs	r3, r0
20003330:	3b25      	subs	r3, #37	; 0x25
20003332:	b2da      	uxtb	r2, r3
20003334:	2a53      	cmp	r2, #83	; 0x53
20003336:	d900      	bls.n	2000333a <_vsnprintf+0x186>
20003338:	e22c      	b.n	20003794 <_vsnprintf+0x5e0>
2000333a:	0093      	lsls	r3, r2, #2
2000333c:	4a86      	ldr	r2, [pc, #536]	; (20003558 <_vsnprintf+0x3a4>)
2000333e:	58d3      	ldr	r3, [r2, r3]
20003340:	469f      	mov	pc, r3
20003342:	2380      	movs	r3, #128	; 0x80
20003344:	009b      	lsls	r3, r3, #2
20003346:	431c      	orrs	r4, r3
20003348:	3201      	adds	r2, #1
2000334a:	9211      	str	r2, [sp, #68]	; 0x44
2000334c:	e7ed      	b.n	2000332a <_vsnprintf+0x176>
2000334e:	2380      	movs	r3, #128	; 0x80
20003350:	005b      	lsls	r3, r3, #1
20003352:	431c      	orrs	r4, r3
20003354:	3201      	adds	r2, #1
20003356:	9211      	str	r2, [sp, #68]	; 0x44
20003358:	e7e7      	b.n	2000332a <_vsnprintf+0x176>
2000335a:	2878      	cmp	r0, #120	; 0x78
2000335c:	d009      	beq.n	20003372 <_vsnprintf+0x1be>
2000335e:	2858      	cmp	r0, #88	; 0x58
20003360:	d038      	beq.n	200033d4 <_vsnprintf+0x220>
20003362:	286f      	cmp	r0, #111	; 0x6f
20003364:	d038      	beq.n	200033d8 <_vsnprintf+0x224>
20003366:	2862      	cmp	r0, #98	; 0x62
20003368:	d038      	beq.n	200033dc <_vsnprintf+0x228>
2000336a:	2310      	movs	r3, #16
2000336c:	439c      	bics	r4, r3
2000336e:	260a      	movs	r6, #10
20003370:	e000      	b.n	20003374 <_vsnprintf+0x1c0>
20003372:	2610      	movs	r6, #16
20003374:	2858      	cmp	r0, #88	; 0x58
20003376:	d033      	beq.n	200033e0 <_vsnprintf+0x22c>
20003378:	2869      	cmp	r0, #105	; 0x69
2000337a:	d003      	beq.n	20003384 <_vsnprintf+0x1d0>
2000337c:	2864      	cmp	r0, #100	; 0x64
2000337e:	d001      	beq.n	20003384 <_vsnprintf+0x1d0>
20003380:	220c      	movs	r2, #12
20003382:	4394      	bics	r4, r2
20003384:	0563      	lsls	r3, r4, #21
20003386:	d501      	bpl.n	2000338c <_vsnprintf+0x1d8>
20003388:	2201      	movs	r2, #1
2000338a:	4394      	bics	r4, r2
2000338c:	2869      	cmp	r0, #105	; 0x69
2000338e:	d02a      	beq.n	200033e6 <_vsnprintf+0x232>
20003390:	2864      	cmp	r0, #100	; 0x64
20003392:	d028      	beq.n	200033e6 <_vsnprintf+0x232>
20003394:	05a3      	lsls	r3, r4, #22
20003396:	d500      	bpl.n	2000339a <_vsnprintf+0x1e6>
20003398:	e09f      	b.n	200034da <_vsnprintf+0x326>
2000339a:	05e3      	lsls	r3, r4, #23
2000339c:	d500      	bpl.n	200033a0 <_vsnprintf+0x1ec>
2000339e:	e0b8      	b.n	20003512 <_vsnprintf+0x35e>
200033a0:	0663      	lsls	r3, r4, #25
200033a2:	d400      	bmi.n	200033a6 <_vsnprintf+0x1f2>
200033a4:	e0ca      	b.n	2000353c <_vsnprintf+0x388>
200033a6:	9a1c      	ldr	r2, [sp, #112]	; 0x70
200033a8:	1d11      	adds	r1, r2, #4
200033aa:	911c      	str	r1, [sp, #112]	; 0x70
200033ac:	6811      	ldr	r1, [r2, #0]
200033ae:	22ff      	movs	r2, #255	; 0xff
200033b0:	400a      	ands	r2, r1
200033b2:	9405      	str	r4, [sp, #20]
200033b4:	9b0a      	ldr	r3, [sp, #40]	; 0x28
200033b6:	9304      	str	r3, [sp, #16]
200033b8:	4653      	mov	r3, sl
200033ba:	9303      	str	r3, [sp, #12]
200033bc:	9602      	str	r6, [sp, #8]
200033be:	2300      	movs	r3, #0
200033c0:	9301      	str	r3, [sp, #4]
200033c2:	9200      	str	r2, [sp, #0]
200033c4:	4643      	mov	r3, r8
200033c6:	003a      	movs	r2, r7
200033c8:	4659      	mov	r1, fp
200033ca:	0028      	movs	r0, r5
200033cc:	f7ff fa6e 	bl	200028ac <_ntoa_long>
200033d0:	0007      	movs	r7, r0
200033d2:	e027      	b.n	20003424 <_vsnprintf+0x270>
200033d4:	2610      	movs	r6, #16
200033d6:	e7cd      	b.n	20003374 <_vsnprintf+0x1c0>
200033d8:	2608      	movs	r6, #8
200033da:	e7cb      	b.n	20003374 <_vsnprintf+0x1c0>
200033dc:	2602      	movs	r6, #2
200033de:	e7c9      	b.n	20003374 <_vsnprintf+0x1c0>
200033e0:	2220      	movs	r2, #32
200033e2:	4314      	orrs	r4, r2
200033e4:	e7c8      	b.n	20003378 <_vsnprintf+0x1c4>
200033e6:	05a3      	lsls	r3, r4, #22
200033e8:	d420      	bmi.n	2000342c <_vsnprintf+0x278>
200033ea:	05e3      	lsls	r3, r4, #23
200033ec:	d450      	bmi.n	20003490 <_vsnprintf+0x2dc>
200033ee:	0663      	lsls	r3, r4, #25
200033f0:	d566      	bpl.n	200034c0 <_vsnprintf+0x30c>
200033f2:	9a1c      	ldr	r2, [sp, #112]	; 0x70
200033f4:	1d11      	adds	r1, r2, #4
200033f6:	911c      	str	r1, [sp, #112]	; 0x70
200033f8:	6811      	ldr	r1, [r2, #0]
200033fa:	22ff      	movs	r2, #255	; 0xff
200033fc:	400a      	ands	r2, r1
200033fe:	17d3      	asrs	r3, r2, #31
20003400:	18d1      	adds	r1, r2, r3
20003402:	4059      	eors	r1, r3
20003404:	9405      	str	r4, [sp, #20]
20003406:	9b0a      	ldr	r3, [sp, #40]	; 0x28
20003408:	9304      	str	r3, [sp, #16]
2000340a:	4653      	mov	r3, sl
2000340c:	9303      	str	r3, [sp, #12]
2000340e:	9602      	str	r6, [sp, #8]
20003410:	0fd2      	lsrs	r2, r2, #31
20003412:	9201      	str	r2, [sp, #4]
20003414:	9100      	str	r1, [sp, #0]
20003416:	4643      	mov	r3, r8
20003418:	003a      	movs	r2, r7
2000341a:	4659      	mov	r1, fp
2000341c:	0028      	movs	r0, r5
2000341e:	f7ff fa45 	bl	200028ac <_ntoa_long>
20003422:	0007      	movs	r7, r0
20003424:	9b11      	ldr	r3, [sp, #68]	; 0x44
20003426:	3301      	adds	r3, #1
20003428:	9311      	str	r3, [sp, #68]	; 0x44
2000342a:	e6d3      	b.n	200031d4 <_vsnprintf+0x20>
2000342c:	9b1c      	ldr	r3, [sp, #112]	; 0x70
2000342e:	1dda      	adds	r2, r3, #7
20003430:	2107      	movs	r1, #7
20003432:	438a      	bics	r2, r1
20003434:	0011      	movs	r1, r2
20003436:	3108      	adds	r1, #8
20003438:	911c      	str	r1, [sp, #112]	; 0x70
2000343a:	6811      	ldr	r1, [r2, #0]
2000343c:	6853      	ldr	r3, [r2, #4]
2000343e:	469c      	mov	ip, r3
20003440:	17db      	asrs	r3, r3, #31
20003442:	930c      	str	r3, [sp, #48]	; 0x30
20003444:	930d      	str	r3, [sp, #52]	; 0x34
20003446:	9a0c      	ldr	r2, [sp, #48]	; 0x30
20003448:	9b0d      	ldr	r3, [sp, #52]	; 0x34
2000344a:	0010      	movs	r0, r2
2000344c:	4048      	eors	r0, r1
2000344e:	900e      	str	r0, [sp, #56]	; 0x38
20003450:	4662      	mov	r2, ip
20003452:	4053      	eors	r3, r2
20003454:	930f      	str	r3, [sp, #60]	; 0x3c
20003456:	980e      	ldr	r0, [sp, #56]	; 0x38
20003458:	990f      	ldr	r1, [sp, #60]	; 0x3c
2000345a:	9a0c      	ldr	r2, [sp, #48]	; 0x30
2000345c:	9b0d      	ldr	r3, [sp, #52]	; 0x34
2000345e:	1a80      	subs	r0, r0, r2
20003460:	4199      	sbcs	r1, r3
20003462:	900e      	str	r0, [sp, #56]	; 0x38
20003464:	910f      	str	r1, [sp, #60]	; 0x3c
20003466:	9408      	str	r4, [sp, #32]
20003468:	9b0a      	ldr	r3, [sp, #40]	; 0x28
2000346a:	9307      	str	r3, [sp, #28]
2000346c:	4653      	mov	r3, sl
2000346e:	9306      	str	r3, [sp, #24]
20003470:	9604      	str	r6, [sp, #16]
20003472:	2300      	movs	r3, #0
20003474:	9305      	str	r3, [sp, #20]
20003476:	4663      	mov	r3, ip
20003478:	0fda      	lsrs	r2, r3, #31
2000347a:	9202      	str	r2, [sp, #8]
2000347c:	9000      	str	r0, [sp, #0]
2000347e:	9101      	str	r1, [sp, #4]
20003480:	4643      	mov	r3, r8
20003482:	003a      	movs	r2, r7
20003484:	4659      	mov	r1, fp
20003486:	0028      	movs	r0, r5
20003488:	f7ff fa6e 	bl	20002968 <_ntoa_long_long>
2000348c:	0007      	movs	r7, r0
2000348e:	e7c9      	b.n	20003424 <_vsnprintf+0x270>
20003490:	9a1c      	ldr	r2, [sp, #112]	; 0x70
20003492:	1d11      	adds	r1, r2, #4
20003494:	911c      	str	r1, [sp, #112]	; 0x70
20003496:	6812      	ldr	r2, [r2, #0]
20003498:	17d3      	asrs	r3, r2, #31
2000349a:	18d1      	adds	r1, r2, r3
2000349c:	4059      	eors	r1, r3
2000349e:	9405      	str	r4, [sp, #20]
200034a0:	9b0a      	ldr	r3, [sp, #40]	; 0x28
200034a2:	9304      	str	r3, [sp, #16]
200034a4:	4653      	mov	r3, sl
200034a6:	9303      	str	r3, [sp, #12]
200034a8:	9602      	str	r6, [sp, #8]
200034aa:	0fd2      	lsrs	r2, r2, #31
200034ac:	9201      	str	r2, [sp, #4]
200034ae:	9100      	str	r1, [sp, #0]
200034b0:	4643      	mov	r3, r8
200034b2:	003a      	movs	r2, r7
200034b4:	4659      	mov	r1, fp
200034b6:	0028      	movs	r0, r5
200034b8:	f7ff f9f8 	bl	200028ac <_ntoa_long>
200034bc:	0007      	movs	r7, r0
200034be:	e7b1      	b.n	20003424 <_vsnprintf+0x270>
200034c0:	0623      	lsls	r3, r4, #24
200034c2:	d505      	bpl.n	200034d0 <_vsnprintf+0x31c>
200034c4:	9a1c      	ldr	r2, [sp, #112]	; 0x70
200034c6:	1d11      	adds	r1, r2, #4
200034c8:	911c      	str	r1, [sp, #112]	; 0x70
200034ca:	2300      	movs	r3, #0
200034cc:	5ed2      	ldrsh	r2, [r2, r3]
200034ce:	e796      	b.n	200033fe <_vsnprintf+0x24a>
200034d0:	9a1c      	ldr	r2, [sp, #112]	; 0x70
200034d2:	1d11      	adds	r1, r2, #4
200034d4:	911c      	str	r1, [sp, #112]	; 0x70
200034d6:	6812      	ldr	r2, [r2, #0]
200034d8:	e791      	b.n	200033fe <_vsnprintf+0x24a>
200034da:	9b1c      	ldr	r3, [sp, #112]	; 0x70
200034dc:	1dda      	adds	r2, r3, #7
200034de:	2107      	movs	r1, #7
200034e0:	438a      	bics	r2, r1
200034e2:	0011      	movs	r1, r2
200034e4:	3108      	adds	r1, #8
200034e6:	911c      	str	r1, [sp, #112]	; 0x70
200034e8:	9408      	str	r4, [sp, #32]
200034ea:	9b0a      	ldr	r3, [sp, #40]	; 0x28
200034ec:	9307      	str	r3, [sp, #28]
200034ee:	4653      	mov	r3, sl
200034f0:	9306      	str	r3, [sp, #24]
200034f2:	9604      	str	r6, [sp, #16]
200034f4:	2300      	movs	r3, #0
200034f6:	9305      	str	r3, [sp, #20]
200034f8:	9302      	str	r3, [sp, #8]
200034fa:	6813      	ldr	r3, [r2, #0]
200034fc:	6854      	ldr	r4, [r2, #4]
200034fe:	9300      	str	r3, [sp, #0]
20003500:	9401      	str	r4, [sp, #4]
20003502:	4643      	mov	r3, r8
20003504:	003a      	movs	r2, r7
20003506:	4659      	mov	r1, fp
20003508:	0028      	movs	r0, r5
2000350a:	f7ff fa2d 	bl	20002968 <_ntoa_long_long>
2000350e:	0007      	movs	r7, r0
20003510:	e788      	b.n	20003424 <_vsnprintf+0x270>
20003512:	9a1c      	ldr	r2, [sp, #112]	; 0x70
20003514:	1d11      	adds	r1, r2, #4
20003516:	911c      	str	r1, [sp, #112]	; 0x70
20003518:	9405      	str	r4, [sp, #20]
2000351a:	9b0a      	ldr	r3, [sp, #40]	; 0x28
2000351c:	9304      	str	r3, [sp, #16]
2000351e:	4653      	mov	r3, sl
20003520:	9303      	str	r3, [sp, #12]
20003522:	9602      	str	r6, [sp, #8]
20003524:	2300      	movs	r3, #0
20003526:	9301      	str	r3, [sp, #4]
20003528:	6813      	ldr	r3, [r2, #0]
2000352a:	9300      	str	r3, [sp, #0]
2000352c:	4643      	mov	r3, r8
2000352e:	003a      	movs	r2, r7
20003530:	4659      	mov	r1, fp
20003532:	0028      	movs	r0, r5
20003534:	f7ff f9ba 	bl	200028ac <_ntoa_long>
20003538:	0007      	movs	r7, r0
2000353a:	e773      	b.n	20003424 <_vsnprintf+0x270>
2000353c:	0623      	lsls	r3, r4, #24
2000353e:	d50d      	bpl.n	2000355c <_vsnprintf+0x3a8>
20003540:	9a1c      	ldr	r2, [sp, #112]	; 0x70
20003542:	1d11      	adds	r1, r2, #4
20003544:	911c      	str	r1, [sp, #112]	; 0x70
20003546:	6812      	ldr	r2, [r2, #0]
20003548:	0412      	lsls	r2, r2, #16
2000354a:	0c12      	lsrs	r2, r2, #16
2000354c:	e731      	b.n	200033b2 <_vsnprintf+0x1fe>
2000354e:	46c0      	nop			; (mov r8, r8)
20003550:	2000523c 	.word	0x2000523c
20003554:	20005280 	.word	0x20005280
20003558:	200052cc 	.word	0x200052cc
2000355c:	9a1c      	ldr	r2, [sp, #112]	; 0x70
2000355e:	1d11      	adds	r1, r2, #4
20003560:	911c      	str	r1, [sp, #112]	; 0x70
20003562:	6812      	ldr	r2, [r2, #0]
20003564:	e725      	b.n	200033b2 <_vsnprintf+0x1fe>
20003566:	2846      	cmp	r0, #70	; 0x46
20003568:	d01a      	beq.n	200035a0 <_vsnprintf+0x3ec>
2000356a:	9b1c      	ldr	r3, [sp, #112]	; 0x70
2000356c:	3307      	adds	r3, #7
2000356e:	2207      	movs	r2, #7
20003570:	4393      	bics	r3, r2
20003572:	001a      	movs	r2, r3
20003574:	3208      	adds	r2, #8
20003576:	921c      	str	r2, [sp, #112]	; 0x70
20003578:	9404      	str	r4, [sp, #16]
2000357a:	9a0a      	ldr	r2, [sp, #40]	; 0x28
2000357c:	9203      	str	r2, [sp, #12]
2000357e:	4652      	mov	r2, sl
20003580:	9202      	str	r2, [sp, #8]
20003582:	685c      	ldr	r4, [r3, #4]
20003584:	681b      	ldr	r3, [r3, #0]
20003586:	9300      	str	r3, [sp, #0]
20003588:	9401      	str	r4, [sp, #4]
2000358a:	4643      	mov	r3, r8
2000358c:	003a      	movs	r2, r7
2000358e:	4659      	mov	r1, fp
20003590:	0028      	movs	r0, r5
20003592:	f7ff fc65 	bl	20002e60 <_ftoa>
20003596:	0007      	movs	r7, r0
20003598:	9b11      	ldr	r3, [sp, #68]	; 0x44
2000359a:	3301      	adds	r3, #1
2000359c:	9311      	str	r3, [sp, #68]	; 0x44
2000359e:	e619      	b.n	200031d4 <_vsnprintf+0x20>
200035a0:	2320      	movs	r3, #32
200035a2:	431c      	orrs	r4, r3
200035a4:	e7e1      	b.n	2000356a <_vsnprintf+0x3b6>
200035a6:	2867      	cmp	r0, #103	; 0x67
200035a8:	d001      	beq.n	200035ae <_vsnprintf+0x3fa>
200035aa:	2847      	cmp	r0, #71	; 0x47
200035ac:	d102      	bne.n	200035b4 <_vsnprintf+0x400>
200035ae:	2380      	movs	r3, #128	; 0x80
200035b0:	011b      	lsls	r3, r3, #4
200035b2:	431c      	orrs	r4, r3
200035b4:	2845      	cmp	r0, #69	; 0x45
200035b6:	d001      	beq.n	200035bc <_vsnprintf+0x408>
200035b8:	2847      	cmp	r0, #71	; 0x47
200035ba:	d101      	bne.n	200035c0 <_vsnprintf+0x40c>
200035bc:	2320      	movs	r3, #32
200035be:	431c      	orrs	r4, r3
200035c0:	9b1c      	ldr	r3, [sp, #112]	; 0x70
200035c2:	3307      	adds	r3, #7
200035c4:	2207      	movs	r2, #7
200035c6:	4393      	bics	r3, r2
200035c8:	001a      	movs	r2, r3
200035ca:	3208      	adds	r2, #8
200035cc:	921c      	str	r2, [sp, #112]	; 0x70
200035ce:	9404      	str	r4, [sp, #16]
200035d0:	9a0a      	ldr	r2, [sp, #40]	; 0x28
200035d2:	9203      	str	r2, [sp, #12]
200035d4:	4652      	mov	r2, sl
200035d6:	9202      	str	r2, [sp, #8]
200035d8:	685c      	ldr	r4, [r3, #4]
200035da:	681b      	ldr	r3, [r3, #0]
200035dc:	9300      	str	r3, [sp, #0]
200035de:	9401      	str	r4, [sp, #4]
200035e0:	4643      	mov	r3, r8
200035e2:	003a      	movs	r2, r7
200035e4:	4659      	mov	r1, fp
200035e6:	0028      	movs	r0, r5
200035e8:	f7ff fa30 	bl	20002a4c <_etoa>
200035ec:	0007      	movs	r7, r0
200035ee:	9b11      	ldr	r3, [sp, #68]	; 0x44
200035f0:	3301      	adds	r3, #1
200035f2:	9311      	str	r3, [sp, #68]	; 0x44
200035f4:	e5ee      	b.n	200031d4 <_vsnprintf+0x20>
200035f6:	2302      	movs	r3, #2
200035f8:	001a      	movs	r2, r3
200035fa:	4022      	ands	r2, r4
200035fc:	4692      	mov	sl, r2
200035fe:	4223      	tst	r3, r4
20003600:	d01f      	beq.n	20003642 <_vsnprintf+0x48e>
20003602:	2401      	movs	r4, #1
20003604:	9b1c      	ldr	r3, [sp, #112]	; 0x70
20003606:	1d1a      	adds	r2, r3, #4
20003608:	921c      	str	r2, [sp, #112]	; 0x70
2000360a:	1c7a      	adds	r2, r7, #1
2000360c:	4691      	mov	r9, r2
2000360e:	7818      	ldrb	r0, [r3, #0]
20003610:	4643      	mov	r3, r8
20003612:	003a      	movs	r2, r7
20003614:	4659      	mov	r1, fp
20003616:	47a8      	blx	r5
20003618:	4653      	mov	r3, sl
2000361a:	2b00      	cmp	r3, #0
2000361c:	d116      	bne.n	2000364c <_vsnprintf+0x498>
2000361e:	9b11      	ldr	r3, [sp, #68]	; 0x44
20003620:	3301      	adds	r3, #1
20003622:	9311      	str	r3, [sp, #68]	; 0x44
20003624:	464f      	mov	r7, r9
20003626:	e5d5      	b.n	200031d4 <_vsnprintf+0x20>
20003628:	1c56      	adds	r6, r2, #1
2000362a:	4643      	mov	r3, r8
2000362c:	4659      	mov	r1, fp
2000362e:	2020      	movs	r0, #32
20003630:	47b8      	blx	r7
20003632:	0023      	movs	r3, r4
20003634:	0032      	movs	r2, r6
20003636:	1c5c      	adds	r4, r3, #1
20003638:	429d      	cmp	r5, r3
2000363a:	d8f5      	bhi.n	20003628 <_vsnprintf+0x474>
2000363c:	003d      	movs	r5, r7
2000363e:	0017      	movs	r7, r2
20003640:	e7e0      	b.n	20003604 <_vsnprintf+0x450>
20003642:	2301      	movs	r3, #1
20003644:	003a      	movs	r2, r7
20003646:	002f      	movs	r7, r5
20003648:	9d0a      	ldr	r5, [sp, #40]	; 0x28
2000364a:	e7f4      	b.n	20003636 <_vsnprintf+0x482>
2000364c:	464a      	mov	r2, r9
2000364e:	46a9      	mov	r9, r5
20003650:	9d0a      	ldr	r5, [sp, #40]	; 0x28
20003652:	e006      	b.n	20003662 <_vsnprintf+0x4ae>
20003654:	1c57      	adds	r7, r2, #1
20003656:	4643      	mov	r3, r8
20003658:	4659      	mov	r1, fp
2000365a:	2020      	movs	r0, #32
2000365c:	47c8      	blx	r9
2000365e:	0034      	movs	r4, r6
20003660:	003a      	movs	r2, r7
20003662:	1c66      	adds	r6, r4, #1
20003664:	42a5      	cmp	r5, r4
20003666:	d8f5      	bhi.n	20003654 <_vsnprintf+0x4a0>
20003668:	464d      	mov	r5, r9
2000366a:	4691      	mov	r9, r2
2000366c:	e7d7      	b.n	2000361e <_vsnprintf+0x46a>
2000366e:	9b1c      	ldr	r3, [sp, #112]	; 0x70
20003670:	1d1a      	adds	r2, r3, #4
20003672:	921c      	str	r2, [sp, #112]	; 0x70
20003674:	681b      	ldr	r3, [r3, #0]
20003676:	4699      	mov	r9, r3
20003678:	4653      	mov	r3, sl
2000367a:	2b00      	cmp	r3, #0
2000367c:	d100      	bne.n	20003680 <_vsnprintf+0x4cc>
2000367e:	3b01      	subs	r3, #1
20003680:	464e      	mov	r6, r9
20003682:	e001      	b.n	20003688 <_vsnprintf+0x4d4>
20003684:	3601      	adds	r6, #1
20003686:	0013      	movs	r3, r2
20003688:	7832      	ldrb	r2, [r6, #0]
2000368a:	2a00      	cmp	r2, #0
2000368c:	d002      	beq.n	20003694 <_vsnprintf+0x4e0>
2000368e:	1e5a      	subs	r2, r3, #1
20003690:	2b00      	cmp	r3, #0
20003692:	d1f7      	bne.n	20003684 <_vsnprintf+0x4d0>
20003694:	464b      	mov	r3, r9
20003696:	1af2      	subs	r2, r6, r3
20003698:	9210      	str	r2, [sp, #64]	; 0x40
2000369a:	2380      	movs	r3, #128	; 0x80
2000369c:	00db      	lsls	r3, r3, #3
2000369e:	0026      	movs	r6, r4
200036a0:	401e      	ands	r6, r3
200036a2:	421c      	tst	r4, r3
200036a4:	d003      	beq.n	200036ae <_vsnprintf+0x4fa>
200036a6:	4552      	cmp	r2, sl
200036a8:	d901      	bls.n	200036ae <_vsnprintf+0x4fa>
200036aa:	4653      	mov	r3, sl
200036ac:	9310      	str	r3, [sp, #64]	; 0x40
200036ae:	2302      	movs	r3, #2
200036b0:	001a      	movs	r2, r3
200036b2:	4022      	ands	r2, r4
200036b4:	920b      	str	r2, [sp, #44]	; 0x2c
200036b6:	4223      	tst	r3, r4
200036b8:	d005      	beq.n	200036c6 <_vsnprintf+0x512>
200036ba:	003a      	movs	r2, r7
200036bc:	0037      	movs	r7, r6
200036be:	464c      	mov	r4, r9
200036c0:	46a9      	mov	r9, r5
200036c2:	4655      	mov	r5, sl
200036c4:	e020      	b.n	20003708 <_vsnprintf+0x554>
200036c6:	003a      	movs	r2, r7
200036c8:	9b10      	ldr	r3, [sp, #64]	; 0x40
200036ca:	465f      	mov	r7, fp
200036cc:	46b3      	mov	fp, r6
200036ce:	002e      	movs	r6, r5
200036d0:	e006      	b.n	200036e0 <_vsnprintf+0x52c>
200036d2:	1c55      	adds	r5, r2, #1
200036d4:	4643      	mov	r3, r8
200036d6:	0039      	movs	r1, r7
200036d8:	2020      	movs	r0, #32
200036da:	47b0      	blx	r6
200036dc:	0023      	movs	r3, r4
200036de:	002a      	movs	r2, r5
200036e0:	1c5c      	adds	r4, r3, #1
200036e2:	990a      	ldr	r1, [sp, #40]	; 0x28
200036e4:	4299      	cmp	r1, r3
200036e6:	d8f4      	bhi.n	200036d2 <_vsnprintf+0x51e>
200036e8:	0035      	movs	r5, r6
200036ea:	465e      	mov	r6, fp
200036ec:	46bb      	mov	fp, r7
200036ee:	9410      	str	r4, [sp, #64]	; 0x40
200036f0:	0037      	movs	r7, r6
200036f2:	464c      	mov	r4, r9
200036f4:	46a9      	mov	r9, r5
200036f6:	4655      	mov	r5, sl
200036f8:	e006      	b.n	20003708 <_vsnprintf+0x554>
200036fa:	001d      	movs	r5, r3
200036fc:	3401      	adds	r4, #1
200036fe:	1c56      	adds	r6, r2, #1
20003700:	4643      	mov	r3, r8
20003702:	4659      	mov	r1, fp
20003704:	47c8      	blx	r9
20003706:	0032      	movs	r2, r6
20003708:	7820      	ldrb	r0, [r4, #0]
2000370a:	2800      	cmp	r0, #0
2000370c:	d004      	beq.n	20003718 <_vsnprintf+0x564>
2000370e:	2f00      	cmp	r7, #0
20003710:	d0f4      	beq.n	200036fc <_vsnprintf+0x548>
20003712:	1e6b      	subs	r3, r5, #1
20003714:	2d00      	cmp	r5, #0
20003716:	d1f0      	bne.n	200036fa <_vsnprintf+0x546>
20003718:	0017      	movs	r7, r2
2000371a:	464d      	mov	r5, r9
2000371c:	9b0b      	ldr	r3, [sp, #44]	; 0x2c
2000371e:	2b00      	cmp	r3, #0
20003720:	d103      	bne.n	2000372a <_vsnprintf+0x576>
20003722:	9b11      	ldr	r3, [sp, #68]	; 0x44
20003724:	3301      	adds	r3, #1
20003726:	9311      	str	r3, [sp, #68]	; 0x44
20003728:	e554      	b.n	200031d4 <_vsnprintf+0x20>
2000372a:	9f0a      	ldr	r7, [sp, #40]	; 0x28
2000372c:	9b10      	ldr	r3, [sp, #64]	; 0x40
2000372e:	e006      	b.n	2000373e <_vsnprintf+0x58a>
20003730:	1c56      	adds	r6, r2, #1
20003732:	4643      	mov	r3, r8
20003734:	4659      	mov	r1, fp
20003736:	2020      	movs	r0, #32
20003738:	47a8      	blx	r5
2000373a:	0023      	movs	r3, r4
2000373c:	0032      	movs	r2, r6
2000373e:	1c5c      	adds	r4, r3, #1
20003740:	429f      	cmp	r7, r3
20003742:	d8f5      	bhi.n	20003730 <_vsnprintf+0x57c>
20003744:	0017      	movs	r7, r2
20003746:	e7ec      	b.n	20003722 <_vsnprintf+0x56e>
20003748:	2321      	movs	r3, #33	; 0x21
2000374a:	431c      	orrs	r4, r3
2000374c:	9b1c      	ldr	r3, [sp, #112]	; 0x70
2000374e:	1d1a      	adds	r2, r3, #4
20003750:	921c      	str	r2, [sp, #112]	; 0x70
20003752:	681b      	ldr	r3, [r3, #0]
20003754:	9300      	str	r3, [sp, #0]
20003756:	9405      	str	r4, [sp, #20]
20003758:	2308      	movs	r3, #8
2000375a:	9304      	str	r3, [sp, #16]
2000375c:	4653      	mov	r3, sl
2000375e:	9303      	str	r3, [sp, #12]
20003760:	2310      	movs	r3, #16
20003762:	9302      	str	r3, [sp, #8]
20003764:	2300      	movs	r3, #0
20003766:	9301      	str	r3, [sp, #4]
20003768:	4643      	mov	r3, r8
2000376a:	003a      	movs	r2, r7
2000376c:	4659      	mov	r1, fp
2000376e:	0028      	movs	r0, r5
20003770:	f7ff f89c 	bl	200028ac <_ntoa_long>
20003774:	0007      	movs	r7, r0
20003776:	9b11      	ldr	r3, [sp, #68]	; 0x44
20003778:	3301      	adds	r3, #1
2000377a:	9311      	str	r3, [sp, #68]	; 0x44
2000377c:	e52a      	b.n	200031d4 <_vsnprintf+0x20>
2000377e:	1c7c      	adds	r4, r7, #1
20003780:	4643      	mov	r3, r8
20003782:	003a      	movs	r2, r7
20003784:	4659      	mov	r1, fp
20003786:	2025      	movs	r0, #37	; 0x25
20003788:	47a8      	blx	r5
2000378a:	9b11      	ldr	r3, [sp, #68]	; 0x44
2000378c:	3301      	adds	r3, #1
2000378e:	9311      	str	r3, [sp, #68]	; 0x44
20003790:	0027      	movs	r7, r4
20003792:	e51f      	b.n	200031d4 <_vsnprintf+0x20>
20003794:	1c7c      	adds	r4, r7, #1
20003796:	4643      	mov	r3, r8
20003798:	003a      	movs	r2, r7
2000379a:	4659      	mov	r1, fp
2000379c:	47a8      	blx	r5
2000379e:	9b11      	ldr	r3, [sp, #68]	; 0x44
200037a0:	3301      	adds	r3, #1
200037a2:	9311      	str	r3, [sp, #68]	; 0x44
200037a4:	0027      	movs	r7, r4
200037a6:	e515      	b.n	200031d4 <_vsnprintf+0x20>
200037a8:	4b0a      	ldr	r3, [pc, #40]	; (200037d4 <_vsnprintf+0x620>)
200037aa:	469a      	mov	sl, r3
200037ac:	e510      	b.n	200031d0 <_vsnprintf+0x1c>
200037ae:	46aa      	mov	sl, r5
200037b0:	4547      	cmp	r7, r8
200037b2:	d302      	bcc.n	200037ba <_vsnprintf+0x606>
200037b4:	4643      	mov	r3, r8
200037b6:	1e5a      	subs	r2, r3, #1
200037b8:	e000      	b.n	200037bc <_vsnprintf+0x608>
200037ba:	003a      	movs	r2, r7
200037bc:	4643      	mov	r3, r8
200037be:	4659      	mov	r1, fp
200037c0:	2000      	movs	r0, #0
200037c2:	47d0      	blx	sl
200037c4:	0038      	movs	r0, r7
200037c6:	b013      	add	sp, #76	; 0x4c
200037c8:	bcf0      	pop	{r4, r5, r6, r7}
200037ca:	46bb      	mov	fp, r7
200037cc:	46b2      	mov	sl, r6
200037ce:	46a9      	mov	r9, r5
200037d0:	46a0      	mov	r8, r4
200037d2:	bdf0      	pop	{r4, r5, r6, r7, pc}
200037d4:	200026b9 	.word	0x200026b9

200037d8 <__wrap_sprintf>:
200037d8:	b40e      	push	{r1, r2, r3}
200037da:	b510      	push	{r4, lr}
200037dc:	b085      	sub	sp, #20
200037de:	0001      	movs	r1, r0
200037e0:	ac07      	add	r4, sp, #28
200037e2:	cc08      	ldmia	r4!, {r3}
200037e4:	9403      	str	r4, [sp, #12]
200037e6:	2201      	movs	r2, #1
200037e8:	9400      	str	r4, [sp, #0]
200037ea:	4252      	negs	r2, r2
200037ec:	4803      	ldr	r0, [pc, #12]	; (200037fc <__wrap_sprintf+0x24>)
200037ee:	f7ff fce1 	bl	200031b4 <_vsnprintf>
200037f2:	b005      	add	sp, #20
200037f4:	bc10      	pop	{r4}
200037f6:	bc08      	pop	{r3}
200037f8:	b003      	add	sp, #12
200037fa:	4718      	bx	r3
200037fc:	200026b1 	.word	0x200026b1

20003800 <vfctprintf>:
20003800:	b500      	push	{lr}
20003802:	b085      	sub	sp, #20
20003804:	9002      	str	r0, [sp, #8]
20003806:	9103      	str	r1, [sp, #12]
20003808:	2101      	movs	r1, #1
2000380a:	9300      	str	r3, [sp, #0]
2000380c:	0013      	movs	r3, r2
2000380e:	424a      	negs	r2, r1
20003810:	a902      	add	r1, sp, #8
20003812:	4802      	ldr	r0, [pc, #8]	; (2000381c <vfctprintf+0x1c>)
20003814:	f7ff fcce 	bl	200031b4 <_vsnprintf>
20003818:	b005      	add	sp, #20
2000381a:	bd00      	pop	{pc}
2000381c:	200026bb 	.word	0x200026bb

20003820 <__aeabi_bits_init>:
20003820:	4801      	ldr	r0, [pc, #4]	; (20003828 <__aeabi_bits_init+0x8>)
20003822:	2104      	movs	r1, #4
20003824:	4b01      	ldr	r3, [pc, #4]	; (2000382c <__aeabi_bits_init+0xc>)
20003826:	4718      	bx	r3
20003828:	20005840 	.word	0x20005840
2000382c:	20003851 	.word	0x20003851

20003830 <rom_func_lookup>:
20003830:	b510      	push	{r4, lr}
20003832:	0001      	movs	r1, r0
20003834:	2318      	movs	r3, #24
20003836:	881b      	ldrh	r3, [r3, #0]
20003838:	2214      	movs	r2, #20
2000383a:	8810      	ldrh	r0, [r2, #0]
2000383c:	4798      	blx	r3
2000383e:	bd10      	pop	{r4, pc}

20003840 <rom_data_lookup>:
20003840:	b510      	push	{r4, lr}
20003842:	0001      	movs	r1, r0
20003844:	2318      	movs	r3, #24
20003846:	881b      	ldrh	r3, [r3, #0]
20003848:	2216      	movs	r2, #22
2000384a:	8810      	ldrh	r0, [r2, #0]
2000384c:	4798      	blx	r3
2000384e:	bd10      	pop	{r4, pc}

20003850 <rom_funcs_lookup>:
20003850:	b5f0      	push	{r4, r5, r6, r7, lr}
20003852:	46c6      	mov	lr, r8
20003854:	b500      	push	{lr}
20003856:	0007      	movs	r7, r0
20003858:	000e      	movs	r6, r1
2000385a:	2500      	movs	r5, #0
2000385c:	2301      	movs	r3, #1
2000385e:	4698      	mov	r8, r3
20003860:	e000      	b.n	20003864 <rom_funcs_lookup+0x14>
20003862:	3501      	adds	r5, #1
20003864:	42b5      	cmp	r5, r6
20003866:	d20a      	bcs.n	2000387e <rom_funcs_lookup+0x2e>
20003868:	00ac      	lsls	r4, r5, #2
2000386a:	193c      	adds	r4, r7, r4
2000386c:	6820      	ldr	r0, [r4, #0]
2000386e:	f7ff ffdf 	bl	20003830 <rom_func_lookup>
20003872:	6020      	str	r0, [r4, #0]
20003874:	2800      	cmp	r0, #0
20003876:	d1f4      	bne.n	20003862 <rom_funcs_lookup+0x12>
20003878:	2300      	movs	r3, #0
2000387a:	4698      	mov	r8, r3
2000387c:	e7f1      	b.n	20003862 <rom_funcs_lookup+0x12>
2000387e:	4640      	mov	r0, r8
20003880:	bc80      	pop	{r7}
20003882:	46b8      	mov	r8, r7
20003884:	bdf0      	pop	{r4, r5, r6, r7, pc}
	...

20003888 <__wrap___aeabi_idiv>:
20003888:	4a12      	ldr	r2, [pc, #72]	; (200038d4 <divmod_s32s32_savestate+0x18>)
2000388a:	6f93      	ldr	r3, [r2, #120]	; 0x78
2000388c:	089b      	lsrs	r3, r3, #2
2000388e:	d215      	bcs.n	200038bc <divmod_s32s32_savestate>

20003890 <divmod_s32s32_unsafe>:
20003890:	6690      	str	r0, [r2, #104]	; 0x68
20003892:	66d1      	str	r1, [r2, #108]	; 0x6c
20003894:	2900      	cmp	r1, #0
20003896:	d005      	beq.n	200038a4 <divmod_s32s32_unsafe+0x14>
20003898:	e7ff      	b.n	2000389a <divmod_s32s32_unsafe+0xa>
2000389a:	e7ff      	b.n	2000389c <divmod_s32s32_unsafe+0xc>
2000389c:	e7ff      	b.n	2000389e <divmod_s32s32_unsafe+0xe>
2000389e:	6f51      	ldr	r1, [r2, #116]	; 0x74
200038a0:	6f10      	ldr	r0, [r2, #112]	; 0x70
200038a2:	4770      	bx	lr
200038a4:	b504      	push	{r2, lr}
200038a6:	2180      	movs	r1, #128	; 0x80
200038a8:	0609      	lsls	r1, r1, #24
200038aa:	17c2      	asrs	r2, r0, #31
200038ac:	4051      	eors	r1, r2
200038ae:	2800      	cmp	r0, #0
200038b0:	d000      	beq.n	200038b4 <divmod_s32s32_unsafe+0x24>
200038b2:	43c8      	mvns	r0, r1
200038b4:	f000 fdb6 	bl	20004424 <__aeabi_idiv0>
200038b8:	2100      	movs	r1, #0
200038ba:	bd04      	pop	{r2, pc}

200038bc <divmod_s32s32_savestate>:
200038bc:	b5f0      	push	{r4, r5, r6, r7, lr}
200038be:	6e14      	ldr	r4, [r2, #96]	; 0x60
200038c0:	6e55      	ldr	r5, [r2, #100]	; 0x64
200038c2:	6f57      	ldr	r7, [r2, #116]	; 0x74
200038c4:	6f16      	ldr	r6, [r2, #112]	; 0x70
200038c6:	f7ff ffe3 	bl	20003890 <divmod_s32s32_unsafe>
200038ca:	6614      	str	r4, [r2, #96]	; 0x60
200038cc:	6655      	str	r5, [r2, #100]	; 0x64
200038ce:	6757      	str	r7, [r2, #116]	; 0x74
200038d0:	6716      	str	r6, [r2, #112]	; 0x70
200038d2:	bdf0      	pop	{r4, r5, r6, r7, pc}
200038d4:	d0000000 	.word	0xd0000000

200038d8 <__wrap___aeabi_uidiv>:
200038d8:	4a11      	ldr	r2, [pc, #68]	; (20003920 <divmod_u32u32_savestate+0x18>)
200038da:	6f93      	ldr	r3, [r2, #120]	; 0x78
200038dc:	089b      	lsrs	r3, r3, #2
200038de:	d213      	bcs.n	20003908 <divmod_u32u32_savestate>

200038e0 <divmod_u32u32_unsafe>:
200038e0:	6610      	str	r0, [r2, #96]	; 0x60
200038e2:	6651      	str	r1, [r2, #100]	; 0x64
200038e4:	2900      	cmp	r1, #0
200038e6:	d005      	beq.n	200038f4 <divmod_u32u32_unsafe+0x14>
200038e8:	e7ff      	b.n	200038ea <divmod_u32u32_unsafe+0xa>
200038ea:	e7ff      	b.n	200038ec <divmod_u32u32_unsafe+0xc>
200038ec:	e7ff      	b.n	200038ee <divmod_u32u32_unsafe+0xe>
200038ee:	6f51      	ldr	r1, [r2, #116]	; 0x74
200038f0:	6f10      	ldr	r0, [r2, #112]	; 0x70
200038f2:	4770      	bx	lr
200038f4:	b504      	push	{r2, lr}
200038f6:	2800      	cmp	r0, #0
200038f8:	d001      	beq.n	200038fe <divmod_u32u32_unsafe+0x1e>
200038fa:	2000      	movs	r0, #0
200038fc:	43c0      	mvns	r0, r0
200038fe:	f000 fd91 	bl	20004424 <__aeabi_idiv0>
20003902:	2100      	movs	r1, #0
20003904:	bd04      	pop	{r2, pc}
20003906:	46c0      	nop			; (mov r8, r8)

20003908 <divmod_u32u32_savestate>:
20003908:	b5f0      	push	{r4, r5, r6, r7, lr}
2000390a:	6e14      	ldr	r4, [r2, #96]	; 0x60
2000390c:	6e55      	ldr	r5, [r2, #100]	; 0x64
2000390e:	6f57      	ldr	r7, [r2, #116]	; 0x74
20003910:	6f16      	ldr	r6, [r2, #112]	; 0x70
20003912:	f7ff ffe5 	bl	200038e0 <divmod_u32u32_unsafe>
20003916:	6614      	str	r4, [r2, #96]	; 0x60
20003918:	6655      	str	r5, [r2, #100]	; 0x64
2000391a:	6757      	str	r7, [r2, #116]	; 0x74
2000391c:	6716      	str	r6, [r2, #112]	; 0x70
2000391e:	bdf0      	pop	{r4, r5, r6, r7, pc}
20003920:	d0000000 	.word	0xd0000000

20003924 <__wrap___aeabi_ldivmod>:
20003924:	4694      	mov	ip, r2
20003926:	4a4a      	ldr	r2, [pc, #296]	; (20003a50 <udiv0+0x1a>)
20003928:	6f92      	ldr	r2, [r2, #120]	; 0x78
2000392a:	0892      	lsrs	r2, r2, #2
2000392c:	4662      	mov	r2, ip
2000392e:	d201      	bcs.n	20003934 <divmod_s64s64_savestate>
20003930:	e028      	b.n	20003984 <divmod_s64s64_unsafe>
20003932:	46c0      	nop			; (mov r8, r8)

20003934 <divmod_s64s64_savestate>:
20003934:	b5f0      	push	{r4, r5, r6, r7, lr}
20003936:	4e46      	ldr	r6, [pc, #280]	; (20003a50 <udiv0+0x1a>)
20003938:	6e34      	ldr	r4, [r6, #96]	; 0x60
2000393a:	6e75      	ldr	r5, [r6, #100]	; 0x64
2000393c:	6f77      	ldr	r7, [r6, #116]	; 0x74
2000393e:	6f36      	ldr	r6, [r6, #112]	; 0x70
20003940:	f000 f820 	bl	20003984 <divmod_s64s64_unsafe>
20003944:	4694      	mov	ip, r2
20003946:	4a42      	ldr	r2, [pc, #264]	; (20003a50 <udiv0+0x1a>)
20003948:	6614      	str	r4, [r2, #96]	; 0x60
2000394a:	6655      	str	r5, [r2, #100]	; 0x64
2000394c:	6757      	str	r7, [r2, #116]	; 0x74
2000394e:	6716      	str	r6, [r2, #112]	; 0x70
20003950:	4662      	mov	r2, ip
20003952:	bdf0      	pop	{r4, r5, r6, r7, pc}

20003954 <__wrap___aeabi_uldivmod>:
20003954:	4694      	mov	ip, r2
20003956:	4a3e      	ldr	r2, [pc, #248]	; (20003a50 <udiv0+0x1a>)
20003958:	6f92      	ldr	r2, [r2, #120]	; 0x78
2000395a:	0892      	lsrs	r2, r2, #2
2000395c:	4662      	mov	r2, ip
2000395e:	d201      	bcs.n	20003964 <divmod_u64u64_savestate>
20003960:	e054      	b.n	20003a0c <divmod_u64u64_unsafe>
20003962:	46c0      	nop			; (mov r8, r8)

20003964 <divmod_u64u64_savestate>:
20003964:	b5f0      	push	{r4, r5, r6, r7, lr}
20003966:	4e3a      	ldr	r6, [pc, #232]	; (20003a50 <udiv0+0x1a>)
20003968:	6e34      	ldr	r4, [r6, #96]	; 0x60
2000396a:	6e75      	ldr	r5, [r6, #100]	; 0x64
2000396c:	6f77      	ldr	r7, [r6, #116]	; 0x74
2000396e:	6f36      	ldr	r6, [r6, #112]	; 0x70
20003970:	f000 f84c 	bl	20003a0c <divmod_u64u64_unsafe>
20003974:	4694      	mov	ip, r2
20003976:	4a36      	ldr	r2, [pc, #216]	; (20003a50 <udiv0+0x1a>)
20003978:	6614      	str	r4, [r2, #96]	; 0x60
2000397a:	6655      	str	r5, [r2, #100]	; 0x64
2000397c:	6757      	str	r7, [r2, #116]	; 0x74
2000397e:	6716      	str	r6, [r2, #112]	; 0x70
20003980:	4662      	mov	r2, ip
20003982:	bdf0      	pop	{r4, r5, r6, r7, pc}

20003984 <divmod_s64s64_unsafe>:
20003984:	2b00      	cmp	r3, #0
20003986:	db24      	blt.n	200039d2 <l42_1+0x26>
20003988:	d011      	beq.n	200039ae <l42_1+0x2>
2000398a:	2900      	cmp	r1, #0
2000398c:	da3e      	bge.n	20003a0c <divmod_u64u64_unsafe>
2000398e:	b500      	push	{lr}
20003990:	43c9      	mvns	r1, r1
20003992:	4240      	negs	r0, r0
20003994:	d100      	bne.n	20003998 <l40_1>
20003996:	3101      	adds	r1, #1

20003998 <l40_1>:
20003998:	f000 f838 	bl	20003a0c <divmod_u64u64_unsafe>
2000399c:	43c9      	mvns	r1, r1
2000399e:	4240      	negs	r0, r0
200039a0:	d100      	bne.n	200039a4 <l41_1>
200039a2:	3101      	adds	r1, #1

200039a4 <l41_1>:
200039a4:	43db      	mvns	r3, r3
200039a6:	4252      	negs	r2, r2
200039a8:	d100      	bne.n	200039ac <l42_1>
200039aa:	3301      	adds	r3, #1

200039ac <l42_1>:
200039ac:	bd00      	pop	{pc}
200039ae:	2a00      	cmp	r2, #0
200039b0:	d1eb      	bne.n	2000398a <divmod_s64s64_unsafe+0x6>
200039b2:	2800      	cmp	r0, #0
200039b4:	d101      	bne.n	200039ba <l42_1+0xe>
200039b6:	2900      	cmp	r1, #0
200039b8:	d005      	beq.n	200039c6 <l42_1+0x1a>
200039ba:	2000      	movs	r0, #0
200039bc:	0fc9      	lsrs	r1, r1, #31
200039be:	07c9      	lsls	r1, r1, #31
200039c0:	d101      	bne.n	200039c6 <l42_1+0x1a>
200039c2:	43c0      	mvns	r0, r0
200039c4:	0841      	lsrs	r1, r0, #1
200039c6:	b500      	push	{lr}
200039c8:	f000 fd2c 	bl	20004424 <__aeabi_idiv0>
200039cc:	2200      	movs	r2, #0
200039ce:	2300      	movs	r3, #0
200039d0:	bd00      	pop	{pc}
200039d2:	b500      	push	{lr}
200039d4:	2900      	cmp	r1, #0
200039d6:	db0a      	blt.n	200039ee <l44_1+0x2>
200039d8:	43db      	mvns	r3, r3
200039da:	4252      	negs	r2, r2
200039dc:	d100      	bne.n	200039e0 <l43_1>
200039de:	3301      	adds	r3, #1

200039e0 <l43_1>:
200039e0:	f000 f814 	bl	20003a0c <divmod_u64u64_unsafe>
200039e4:	43c9      	mvns	r1, r1
200039e6:	4240      	negs	r0, r0
200039e8:	d100      	bne.n	200039ec <l44_1>
200039ea:	3101      	adds	r1, #1

200039ec <l44_1>:
200039ec:	bd00      	pop	{pc}
200039ee:	43c9      	mvns	r1, r1
200039f0:	4240      	negs	r0, r0
200039f2:	d100      	bne.n	200039f6 <l45_1>
200039f4:	3101      	adds	r1, #1

200039f6 <l45_1>:
200039f6:	43db      	mvns	r3, r3
200039f8:	4252      	negs	r2, r2
200039fa:	d100      	bne.n	200039fe <l46_1>
200039fc:	3301      	adds	r3, #1

200039fe <l46_1>:
200039fe:	f000 f805 	bl	20003a0c <divmod_u64u64_unsafe>
20003a02:	43db      	mvns	r3, r3
20003a04:	4252      	negs	r2, r2
20003a06:	d100      	bne.n	20003a0a <l47_1>
20003a08:	3301      	adds	r3, #1

20003a0a <l47_1>:
20003a0a:	bd00      	pop	{pc}

20003a0c <divmod_u64u64_unsafe>:
20003a0c:	2900      	cmp	r1, #0
20003a0e:	d123      	bne.n	20003a58 <y64>
20003a10:	2b00      	cmp	r3, #0
20003a12:	d118      	bne.n	20003a46 <udiv0+0x10>
20003a14:	2a00      	cmp	r2, #0
20003a16:	d00c      	beq.n	20003a32 <divmod_u64u64_unsafe+0x26>
20003a18:	46bc      	mov	ip, r7
20003a1a:	4f0d      	ldr	r7, [pc, #52]	; (20003a50 <udiv0+0x1a>)
20003a1c:	6638      	str	r0, [r7, #96]	; 0x60
20003a1e:	667a      	str	r2, [r7, #100]	; 0x64
20003a20:	2100      	movs	r1, #0
20003a22:	2300      	movs	r3, #0
20003a24:	e7ff      	b.n	20003a26 <divmod_u64u64_unsafe+0x1a>
20003a26:	e7ff      	b.n	20003a28 <divmod_u64u64_unsafe+0x1c>
20003a28:	e7ff      	b.n	20003a2a <divmod_u64u64_unsafe+0x1e>
20003a2a:	6f7a      	ldr	r2, [r7, #116]	; 0x74
20003a2c:	6f38      	ldr	r0, [r7, #112]	; 0x70
20003a2e:	4667      	mov	r7, ip
20003a30:	4770      	bx	lr
20003a32:	2800      	cmp	r0, #0
20003a34:	d001      	beq.n	20003a3a <udiv0+0x4>

20003a36 <udiv0>:
20003a36:	4807      	ldr	r0, [pc, #28]	; (20003a54 <udiv0+0x1e>)
20003a38:	0001      	movs	r1, r0
20003a3a:	b500      	push	{lr}
20003a3c:	f000 fcf2 	bl	20004424 <__aeabi_idiv0>
20003a40:	2200      	movs	r2, #0
20003a42:	2300      	movs	r3, #0
20003a44:	bd00      	pop	{pc}
20003a46:	0002      	movs	r2, r0
20003a48:	000b      	movs	r3, r1
20003a4a:	2000      	movs	r0, #0
20003a4c:	2100      	movs	r1, #0
20003a4e:	4770      	bx	lr
20003a50:	d0000000 	.word	0xd0000000
20003a54:	ffffffff 	.word	0xffffffff

20003a58 <y64>:
20003a58:	2b00      	cmp	r3, #0
20003a5a:	d000      	beq.n	20003a5e <y64+0x6>
20003a5c:	e0bf      	b.n	20003bde <y64_x48>
20003a5e:	0c13      	lsrs	r3, r2, #16
20003a60:	d128      	bne.n	20003ab4 <y64_x32>
20003a62:	2a00      	cmp	r2, #0
20003a64:	d0e7      	beq.n	20003a36 <udiv0>
20003a66:	b480      	push	{r7}
20003a68:	4f11      	ldr	r7, [pc, #68]	; (20003ab0 <y64+0x58>)
20003a6a:	6639      	str	r1, [r7, #96]	; 0x60
20003a6c:	667a      	str	r2, [r7, #100]	; 0x64
20003a6e:	e7ff      	b.n	20003a70 <y64+0x18>
20003a70:	e7ff      	b.n	20003a72 <y64+0x1a>
20003a72:	b430      	push	{r4, r5}
20003a74:	0c04      	lsrs	r4, r0, #16
20003a76:	6f7b      	ldr	r3, [r7, #116]	; 0x74
20003a78:	6f39      	ldr	r1, [r7, #112]	; 0x70
20003a7a:	041b      	lsls	r3, r3, #16
20003a7c:	4323      	orrs	r3, r4
20003a7e:	663b      	str	r3, [r7, #96]	; 0x60
20003a80:	667a      	str	r2, [r7, #100]	; 0x64
20003a82:	e7ff      	b.n	20003a84 <y64+0x2c>
20003a84:	e7ff      	b.n	20003a86 <y64+0x2e>
20003a86:	e7ff      	b.n	20003a88 <y64+0x30>
20003a88:	46c0      	nop			; (mov r8, r8)
20003a8a:	b284      	uxth	r4, r0
20003a8c:	6f7b      	ldr	r3, [r7, #116]	; 0x74
20003a8e:	6f3d      	ldr	r5, [r7, #112]	; 0x70
20003a90:	041b      	lsls	r3, r3, #16
20003a92:	4323      	orrs	r3, r4
20003a94:	663b      	str	r3, [r7, #96]	; 0x60
20003a96:	667a      	str	r2, [r7, #100]	; 0x64
20003a98:	e7ff      	b.n	20003a9a <y64+0x42>
20003a9a:	e7ff      	b.n	20003a9c <y64+0x44>
20003a9c:	46c0      	nop			; (mov r8, r8)
20003a9e:	2300      	movs	r3, #0
20003aa0:	042c      	lsls	r4, r5, #16
20003aa2:	0c2d      	lsrs	r5, r5, #16
20003aa4:	6f7a      	ldr	r2, [r7, #116]	; 0x74
20003aa6:	6f38      	ldr	r0, [r7, #112]	; 0x70
20003aa8:	1900      	adds	r0, r0, r4
20003aaa:	4169      	adcs	r1, r5
20003aac:	bcb0      	pop	{r4, r5, r7}
20003aae:	4770      	bx	lr
20003ab0:	d0000000 	.word	0xd0000000

20003ab4 <y64_x32>:
20003ab4:	b5f0      	push	{r4, r5, r6, r7, lr}
20003ab6:	4694      	mov	ip, r2
20003ab8:	2500      	movs	r5, #0
20003aba:	0e14      	lsrs	r4, r2, #24
20003abc:	d101      	bne.n	20003ac2 <y64_x32+0xe>
20003abe:	0212      	lsls	r2, r2, #8
20003ac0:	3508      	adds	r5, #8
20003ac2:	0f14      	lsrs	r4, r2, #28
20003ac4:	d101      	bne.n	20003aca <y64_x32+0x16>
20003ac6:	0112      	lsls	r2, r2, #4
20003ac8:	3504      	adds	r5, #4
20003aca:	0f94      	lsrs	r4, r2, #30
20003acc:	d101      	bne.n	20003ad2 <y64_x32+0x1e>
20003ace:	0092      	lsls	r2, r2, #2
20003ad0:	3502      	adds	r5, #2
20003ad2:	0fd4      	lsrs	r4, r2, #31
20003ad4:	d101      	bne.n	20003ada <y64_x32+0x26>
20003ad6:	0052      	lsls	r2, r2, #1
20003ad8:	3501      	adds	r5, #1
20003ada:	0bd4      	lsrs	r4, r2, #15
20003adc:	3401      	adds	r4, #1
20003ade:	4f25      	ldr	r7, [pc, #148]	; (20003b74 <y64_x32+0xc0>)
20003ae0:	667c      	str	r4, [r7, #100]	; 0x64
20003ae2:	4c25      	ldr	r4, [pc, #148]	; (20003b78 <y64_x32+0xc4>)
20003ae4:	663c      	str	r4, [r7, #96]	; 0x60
20003ae6:	0c0e      	lsrs	r6, r1, #16
20003ae8:	b293      	uxth	r3, r2
20003aea:	e7ff      	b.n	20003aec <y64_x32+0x38>
20003aec:	e7ff      	b.n	20003aee <y64_x32+0x3a>
20003aee:	e7ff      	b.n	20003af0 <y64_x32+0x3c>
20003af0:	6f3c      	ldr	r4, [r7, #112]	; 0x70
20003af2:	4366      	muls	r6, r4
20003af4:	0c36      	lsrs	r6, r6, #16
20003af6:	0377      	lsls	r7, r6, #13
20003af8:	46be      	mov	lr, r7
20003afa:	4373      	muls	r3, r6
20003afc:	0bdf      	lsrs	r7, r3, #15
20003afe:	045b      	lsls	r3, r3, #17
20003b00:	1ac0      	subs	r0, r0, r3
20003b02:	41b9      	sbcs	r1, r7
20003b04:	0c13      	lsrs	r3, r2, #16
20003b06:	4373      	muls	r3, r6
20003b08:	18db      	adds	r3, r3, r3
20003b0a:	1ac9      	subs	r1, r1, r3
20003b0c:	08ce      	lsrs	r6, r1, #3
20003b0e:	4366      	muls	r6, r4
20003b10:	0c36      	lsrs	r6, r6, #16
20003b12:	44b6      	add	lr, r6
20003b14:	b293      	uxth	r3, r2
20003b16:	4373      	muls	r3, r6
20003b18:	0f1f      	lsrs	r7, r3, #28
20003b1a:	011b      	lsls	r3, r3, #4
20003b1c:	1ac0      	subs	r0, r0, r3
20003b1e:	41b9      	sbcs	r1, r7
20003b20:	0c13      	lsrs	r3, r2, #16
20003b22:	4373      	muls	r3, r6
20003b24:	0b1f      	lsrs	r7, r3, #12
20003b26:	051b      	lsls	r3, r3, #20
20003b28:	1ac0      	subs	r0, r0, r3
20003b2a:	41b9      	sbcs	r1, r7
20003b2c:	0d86      	lsrs	r6, r0, #22
20003b2e:	028f      	lsls	r7, r1, #10
20003b30:	433e      	orrs	r6, r7
20003b32:	4366      	muls	r6, r4
20003b34:	0c36      	lsrs	r6, r6, #16
20003b36:	2d09      	cmp	r5, #9
20003b38:	db24      	blt.n	20003b84 <last0>
20003b3a:	0a52      	lsrs	r2, r2, #9
20003b3c:	4372      	muls	r2, r6
20003b3e:	1a80      	subs	r0, r0, r2
20003b40:	0377      	lsls	r7, r6, #13
20003b42:	0a46      	lsrs	r6, r0, #9
20003b44:	4366      	muls	r6, r4
20003b46:	0c36      	lsrs	r6, r6, #16
20003b48:	2316      	movs	r3, #22
20003b4a:	1b5b      	subs	r3, r3, r5
20003b4c:	40de      	lsrs	r6, r3
20003b4e:	40df      	lsrs	r7, r3
20003b50:	19bf      	adds	r7, r7, r6
20003b52:	4664      	mov	r4, ip
20003b54:	4366      	muls	r6, r4
20003b56:	1b82      	subs	r2, r0, r6
20003b58:	4670      	mov	r0, lr
20003b5a:	3504      	adds	r5, #4
20003b5c:	3306      	adds	r3, #6
20003b5e:	0001      	movs	r1, r0
20003b60:	40d9      	lsrs	r1, r3
20003b62:	40a8      	lsls	r0, r5
20003b64:	19c0      	adds	r0, r0, r7
20003b66:	d300      	bcc.n	20003b6a <y64_x32+0xb6>
20003b68:	3101      	adds	r1, #1
20003b6a:	42a2      	cmp	r2, r4
20003b6c:	d206      	bcs.n	20003b7c <y64_x32+0xc8>
20003b6e:	2300      	movs	r3, #0
20003b70:	bdf0      	pop	{r4, r5, r6, r7, pc}
20003b72:	0000      	.short	0x0000
20003b74:	d0000000 	.word	0xd0000000
20003b78:	ffffffff 	.word	0xffffffff
20003b7c:	1b12      	subs	r2, r2, r4
20003b7e:	3001      	adds	r0, #1
20003b80:	d3f3      	bcc.n	20003b6a <y64_x32+0xb6>
20003b82:	e7f1      	b.n	20003b68 <y64_x32+0xb4>

20003b84 <last0>:
20003b84:	2709      	movs	r7, #9
20003b86:	1b7f      	subs	r7, r7, r5
20003b88:	40fe      	lsrs	r6, r7
20003b8a:	4664      	mov	r4, ip
20003b8c:	b2a2      	uxth	r2, r4
20003b8e:	4372      	muls	r2, r6
20003b90:	1a80      	subs	r0, r0, r2
20003b92:	d200      	bcs.n	20003b96 <last0+0x12>
20003b94:	3901      	subs	r1, #1
20003b96:	0c22      	lsrs	r2, r4, #16
20003b98:	4372      	muls	r2, r6
20003b9a:	0c13      	lsrs	r3, r2, #16
20003b9c:	0412      	lsls	r2, r2, #16
20003b9e:	1a82      	subs	r2, r0, r2
20003ba0:	4199      	sbcs	r1, r3
20003ba2:	000b      	movs	r3, r1
20003ba4:	4670      	mov	r0, lr
20003ba6:	3504      	adds	r5, #4
20003ba8:	3713      	adds	r7, #19
20003baa:	0001      	movs	r1, r0
20003bac:	40f9      	lsrs	r1, r7
20003bae:	40a8      	lsls	r0, r5
20003bb0:	1980      	adds	r0, r0, r6
20003bb2:	d300      	bcc.n	20003bb6 <last0+0x32>
20003bb4:	3101      	adds	r1, #1
20003bb6:	2b00      	cmp	r3, #0
20003bb8:	d102      	bne.n	20003bc0 <last0+0x3c>
20003bba:	42a2      	cmp	r2, r4
20003bbc:	d20a      	bcs.n	20003bd4 <last0+0x50>
20003bbe:	bdf0      	pop	{r4, r5, r6, r7, pc}
20003bc0:	3001      	adds	r0, #1
20003bc2:	d300      	bcc.n	20003bc6 <last0+0x42>
20003bc4:	3101      	adds	r1, #1
20003bc6:	1b12      	subs	r2, r2, r4
20003bc8:	d2fa      	bcs.n	20003bc0 <last0+0x3c>
20003bca:	3b01      	subs	r3, #1
20003bcc:	d1f8      	bne.n	20003bc0 <last0+0x3c>
20003bce:	42a2      	cmp	r2, r4
20003bd0:	d200      	bcs.n	20003bd4 <last0+0x50>
20003bd2:	bdf0      	pop	{r4, r5, r6, r7, pc}
20003bd4:	3001      	adds	r0, #1
20003bd6:	d300      	bcc.n	20003bda <last0+0x56>
20003bd8:	3101      	adds	r1, #1
20003bda:	1b12      	subs	r2, r2, r4
20003bdc:	e7f7      	b.n	20003bce <last0+0x4a>

20003bde <y64_x48>:
20003bde:	b5f0      	push	{r4, r5, r6, r7, lr}
20003be0:	0c1c      	lsrs	r4, r3, #16
20003be2:	d000      	beq.n	20003be6 <y64_x48+0x8>
20003be4:	e080      	b.n	20003ce8 <y64_x64>
20003be6:	b40c      	push	{r2, r3}
20003be8:	2500      	movs	r5, #0
20003bea:	0a1c      	lsrs	r4, r3, #8
20003bec:	d104      	bne.n	20003bf8 <y64_x48+0x1a>
20003bee:	021b      	lsls	r3, r3, #8
20003bf0:	0e16      	lsrs	r6, r2, #24
20003bf2:	4333      	orrs	r3, r6
20003bf4:	0212      	lsls	r2, r2, #8
20003bf6:	3508      	adds	r5, #8
20003bf8:	0b1c      	lsrs	r4, r3, #12
20003bfa:	d104      	bne.n	20003c06 <y64_x48+0x28>
20003bfc:	011b      	lsls	r3, r3, #4
20003bfe:	0f16      	lsrs	r6, r2, #28
20003c00:	4333      	orrs	r3, r6
20003c02:	0112      	lsls	r2, r2, #4
20003c04:	3504      	adds	r5, #4
20003c06:	0b9c      	lsrs	r4, r3, #14
20003c08:	d104      	bne.n	20003c14 <y64_x48+0x36>
20003c0a:	009b      	lsls	r3, r3, #2
20003c0c:	0f96      	lsrs	r6, r2, #30
20003c0e:	4333      	orrs	r3, r6
20003c10:	0092      	lsls	r2, r2, #2
20003c12:	3502      	adds	r5, #2
20003c14:	0bdc      	lsrs	r4, r3, #15
20003c16:	d102      	bne.n	20003c1e <y64_x48+0x40>
20003c18:	1892      	adds	r2, r2, r2
20003c1a:	415b      	adcs	r3, r3
20003c1c:	3501      	adds	r5, #1
20003c1e:	001c      	movs	r4, r3
20003c20:	1897      	adds	r7, r2, r2
20003c22:	4164      	adcs	r4, r4
20003c24:	3401      	adds	r4, #1
20003c26:	4f46      	ldr	r7, [pc, #280]	; (20003d40 <y64_x64+0x58>)
20003c28:	667c      	str	r4, [r7, #100]	; 0x64
20003c2a:	4c46      	ldr	r4, [pc, #280]	; (20003d44 <y64_x64+0x5c>)
20003c2c:	663c      	str	r4, [r7, #96]	; 0x60
20003c2e:	0c0e      	lsrs	r6, r1, #16
20003c30:	e7ff      	b.n	20003c32 <y64_x48+0x54>
20003c32:	e7ff      	b.n	20003c34 <y64_x48+0x56>
20003c34:	e7ff      	b.n	20003c36 <y64_x48+0x58>
20003c36:	46c0      	nop			; (mov r8, r8)
20003c38:	6f3c      	ldr	r4, [r7, #112]	; 0x70
20003c3a:	4366      	muls	r6, r4
20003c3c:	0c36      	lsrs	r6, r6, #16
20003c3e:	0377      	lsls	r7, r6, #13
20003c40:	46be      	mov	lr, r7
20003c42:	b297      	uxth	r7, r2
20003c44:	4377      	muls	r7, r6
20003c46:	1bc0      	subs	r0, r0, r7
20003c48:	d200      	bcs.n	20003c4c <y64_x48+0x6e>
20003c4a:	3901      	subs	r1, #1
20003c4c:	1bc0      	subs	r0, r0, r7
20003c4e:	d200      	bcs.n	20003c52 <y64_x48+0x74>
20003c50:	3901      	subs	r1, #1
20003c52:	b29f      	uxth	r7, r3
20003c54:	4377      	muls	r7, r6
20003c56:	1bc9      	subs	r1, r1, r7
20003c58:	1bc9      	subs	r1, r1, r7
20003c5a:	0c17      	lsrs	r7, r2, #16
20003c5c:	4377      	muls	r7, r6
20003c5e:	047e      	lsls	r6, r7, #17
20003c60:	0bff      	lsrs	r7, r7, #15
20003c62:	1b80      	subs	r0, r0, r6
20003c64:	41b9      	sbcs	r1, r7
20003c66:	08ce      	lsrs	r6, r1, #3
20003c68:	4366      	muls	r6, r4
20003c6a:	0c36      	lsrs	r6, r6, #16
20003c6c:	2d0c      	cmp	r5, #12
20003c6e:	db33      	blt.n	20003cd8 <last1>
20003c70:	44b6      	add	lr, r6
20003c72:	0b12      	lsrs	r2, r2, #12
20003c74:	051f      	lsls	r7, r3, #20
20003c76:	433a      	orrs	r2, r7
20003c78:	0b1b      	lsrs	r3, r3, #12
20003c7a:	b297      	uxth	r7, r2
20003c7c:	4377      	muls	r7, r6
20003c7e:	1bc0      	subs	r0, r0, r7
20003c80:	d200      	bcs.n	20003c84 <y64_x48+0xa6>
20003c82:	3901      	subs	r1, #1
20003c84:	b29f      	uxth	r7, r3
20003c86:	4377      	muls	r7, r6
20003c88:	1bc9      	subs	r1, r1, r7
20003c8a:	0c17      	lsrs	r7, r2, #16
20003c8c:	4377      	muls	r7, r6
20003c8e:	043e      	lsls	r6, r7, #16
20003c90:	0c3f      	lsrs	r7, r7, #16
20003c92:	1b80      	subs	r0, r0, r6
20003c94:	41b9      	sbcs	r1, r7
20003c96:	0d86      	lsrs	r6, r0, #22
20003c98:	028f      	lsls	r7, r1, #10
20003c9a:	433e      	orrs	r6, r7
20003c9c:	4366      	muls	r6, r4
20003c9e:	2729      	movs	r7, #41	; 0x29
20003ca0:	1b7f      	subs	r7, r7, r5
20003ca2:	40fe      	lsrs	r6, r7
20003ca4:	3d0c      	subs	r5, #12
20003ca6:	4677      	mov	r7, lr
20003ca8:	40af      	lsls	r7, r5
20003caa:	19bf      	adds	r7, r7, r6
20003cac:	bc30      	pop	{r4, r5}
20003cae:	b2a2      	uxth	r2, r4
20003cb0:	b2ab      	uxth	r3, r5
20003cb2:	4372      	muls	r2, r6
20003cb4:	4373      	muls	r3, r6
20003cb6:	1a80      	subs	r0, r0, r2
20003cb8:	4199      	sbcs	r1, r3
20003cba:	0c22      	lsrs	r2, r4, #16
20003cbc:	4372      	muls	r2, r6
20003cbe:	0c13      	lsrs	r3, r2, #16
20003cc0:	0412      	lsls	r2, r2, #16
20003cc2:	1a80      	subs	r0, r0, r2
20003cc4:	4199      	sbcs	r1, r3
20003cc6:	0002      	movs	r2, r0
20003cc8:	000b      	movs	r3, r1
20003cca:	3701      	adds	r7, #1
20003ccc:	1b00      	subs	r0, r0, r4
20003cce:	41a9      	sbcs	r1, r5
20003cd0:	d2f9      	bcs.n	20003cc6 <y64_x48+0xe8>
20003cd2:	1e78      	subs	r0, r7, #1
20003cd4:	2100      	movs	r1, #0
20003cd6:	bdf0      	pop	{r4, r5, r6, r7, pc}

20003cd8 <last1>:
20003cd8:	270c      	movs	r7, #12
20003cda:	1b7f      	subs	r7, r7, r5
20003cdc:	40fe      	lsrs	r6, r7
20003cde:	4677      	mov	r7, lr
20003ce0:	0b7f      	lsrs	r7, r7, #13
20003ce2:	40af      	lsls	r7, r5
20003ce4:	19ff      	adds	r7, r7, r7
20003ce6:	e7e0      	b.n	20003caa <y64_x48+0xcc>

20003ce8 <y64_x64>:
20003ce8:	2400      	movs	r4, #0
20003cea:	1c5d      	adds	r5, r3, #1
20003cec:	d007      	beq.n	20003cfe <y64_x64+0x16>
20003cee:	4f14      	ldr	r7, [pc, #80]	; (20003d40 <y64_x64+0x58>)
20003cf0:	667d      	str	r5, [r7, #100]	; 0x64
20003cf2:	6639      	str	r1, [r7, #96]	; 0x60
20003cf4:	e7ff      	b.n	20003cf6 <y64_x64+0xe>
20003cf6:	e7ff      	b.n	20003cf8 <y64_x64+0x10>
20003cf8:	e7ff      	b.n	20003cfa <y64_x64+0x12>
20003cfa:	e7ff      	b.n	20003cfc <y64_x64+0x14>
20003cfc:	6f3c      	ldr	r4, [r7, #112]	; 0x70
20003cfe:	b295      	uxth	r5, r2
20003d00:	b29e      	uxth	r6, r3
20003d02:	4365      	muls	r5, r4
20003d04:	4366      	muls	r6, r4
20003d06:	1b40      	subs	r0, r0, r5
20003d08:	41b1      	sbcs	r1, r6
20003d0a:	0c15      	lsrs	r5, r2, #16
20003d0c:	0c1e      	lsrs	r6, r3, #16
20003d0e:	4365      	muls	r5, r4
20003d10:	4366      	muls	r6, r4
20003d12:	0436      	lsls	r6, r6, #16
20003d14:	0c2f      	lsrs	r7, r5, #16
20003d16:	433e      	orrs	r6, r7
20003d18:	042d      	lsls	r5, r5, #16
20003d1a:	1b40      	subs	r0, r0, r5
20003d1c:	41b1      	sbcs	r1, r6
20003d1e:	4299      	cmp	r1, r3
20003d20:	d204      	bcs.n	20003d2c <y64_x64+0x44>
20003d22:	0002      	movs	r2, r0
20003d24:	000b      	movs	r3, r1
20003d26:	0020      	movs	r0, r4
20003d28:	2100      	movs	r1, #0
20003d2a:	bdf0      	pop	{r4, r5, r6, r7, pc}
20003d2c:	d101      	bne.n	20003d32 <y64_x64+0x4a>
20003d2e:	4290      	cmp	r0, r2
20003d30:	d3f7      	bcc.n	20003d22 <y64_x64+0x3a>
20003d32:	1a80      	subs	r0, r0, r2
20003d34:	4199      	sbcs	r1, r3
20003d36:	3401      	adds	r4, #1
20003d38:	4299      	cmp	r1, r3
20003d3a:	d3f2      	bcc.n	20003d22 <y64_x64+0x3a>
20003d3c:	e7f6      	b.n	20003d2c <y64_x64+0x44>
20003d3e:	0000      	.short	0x0000
20003d40:	d0000000 	.word	0xd0000000
20003d44:	ffffffff 	.word	0xffffffff

20003d48 <__wrap___aeabi_drsub>:
20003d48:	4048      	eors	r0, r1
20003d4a:	4041      	eors	r1, r0
20003d4c:	4048      	eors	r0, r1

20003d4e <__wrap___aeabi_dsub>:
20003d4e:	b418      	push	{r3, r4}
20003d50:	4b13      	ldr	r3, [pc, #76]	; (20003da0 <__wrap___aeabi_dmul+0xa>)
20003d52:	685b      	ldr	r3, [r3, #4]
20003d54:	9301      	str	r3, [sp, #4]
20003d56:	bd08      	pop	{r3, pc}

20003d58 <__wrap___aeabi_dadd>:
20003d58:	b418      	push	{r3, r4}
20003d5a:	4b11      	ldr	r3, [pc, #68]	; (20003da0 <__wrap___aeabi_dmul+0xa>)
20003d5c:	681b      	ldr	r3, [r3, #0]
20003d5e:	9301      	str	r3, [sp, #4]
20003d60:	bd08      	pop	{r3, pc}

20003d62 <__wrap___aeabi_ddiv>:
20003d62:	4694      	mov	ip, r2
20003d64:	4a0f      	ldr	r2, [pc, #60]	; (20003da4 <__wrap___aeabi_dmul+0xe>)
20003d66:	6f92      	ldr	r2, [r2, #120]	; 0x78
20003d68:	0892      	lsrs	r2, r2, #2
20003d6a:	d205      	bcs.n	20003d78 <ddiv_save_state>
20003d6c:	4662      	mov	r2, ip

20003d6e <ddiv_shim_call>:
20003d6e:	b418      	push	{r3, r4}
20003d70:	4b0b      	ldr	r3, [pc, #44]	; (20003da0 <__wrap___aeabi_dmul+0xa>)
20003d72:	68db      	ldr	r3, [r3, #12]
20003d74:	9301      	str	r3, [sp, #4]
20003d76:	bd08      	pop	{r3, pc}

20003d78 <ddiv_save_state>:
20003d78:	4a0a      	ldr	r2, [pc, #40]	; (20003da4 <__wrap___aeabi_dmul+0xe>)
20003d7a:	b5f0      	push	{r4, r5, r6, r7, lr}
20003d7c:	6e14      	ldr	r4, [r2, #96]	; 0x60
20003d7e:	6e55      	ldr	r5, [r2, #100]	; 0x64
20003d80:	6f57      	ldr	r7, [r2, #116]	; 0x74
20003d82:	6f16      	ldr	r6, [r2, #112]	; 0x70
20003d84:	4662      	mov	r2, ip
20003d86:	f7ff fff2 	bl	20003d6e <ddiv_shim_call>
20003d8a:	4a06      	ldr	r2, [pc, #24]	; (20003da4 <__wrap___aeabi_dmul+0xe>)
20003d8c:	6614      	str	r4, [r2, #96]	; 0x60
20003d8e:	6655      	str	r5, [r2, #100]	; 0x64
20003d90:	6757      	str	r7, [r2, #116]	; 0x74
20003d92:	6716      	str	r6, [r2, #112]	; 0x70
20003d94:	bdf0      	pop	{r4, r5, r6, r7, pc}

20003d96 <__wrap___aeabi_dmul>:
20003d96:	b418      	push	{r3, r4}
20003d98:	4b01      	ldr	r3, [pc, #4]	; (20003da0 <__wrap___aeabi_dmul+0xa>)
20003d9a:	689b      	ldr	r3, [r3, #8]
20003d9c:	9301      	str	r3, [sp, #4]
20003d9e:	bd08      	pop	{r3, pc}
20003da0:	20005b34 	.word	0x20005b34
20003da4:	d0000000 	.word	0xd0000000

20003da8 <__wrap___aeabi_cdrcmple>:
20003da8:	b5ff      	push	{r0, r1, r2, r3, r4, r5, r6, r7, lr}
20003daa:	4050      	eors	r0, r2
20003dac:	4042      	eors	r2, r0
20003dae:	4050      	eors	r0, r2
20003db0:	4059      	eors	r1, r3
20003db2:	404b      	eors	r3, r1
20003db4:	4059      	eors	r1, r3
20003db6:	e000      	b.n	20003dba <__aeabi_dfcmple_guts>

20003db8 <__wrap___aeabi_cdcmpeq>:
20003db8:	b5ff      	push	{r0, r1, r2, r3, r4, r5, r6, r7, lr}

20003dba <__aeabi_dfcmple_guts>:
20003dba:	4f15      	ldr	r7, [pc, #84]	; (20003e10 <__aeabi_dfcmple_guts+0x56>)
20003dbc:	004c      	lsls	r4, r1, #1
20003dbe:	0d64      	lsrs	r4, r4, #21
20003dc0:	d003      	beq.n	20003dca <__aeabi_dfcmple_guts+0x10>
20003dc2:	42bc      	cmp	r4, r7
20003dc4:	d104      	bne.n	20003dd0 <__aeabi_dfcmple_guts+0x16>
20003dc6:	030c      	lsls	r4, r1, #12
20003dc8:	d814      	bhi.n	20003df4 <__aeabi_dfcmple_guts+0x3a>
20003dca:	2000      	movs	r0, #0
20003dcc:	0d09      	lsrs	r1, r1, #20
20003dce:	0509      	lsls	r1, r1, #20
20003dd0:	005c      	lsls	r4, r3, #1
20003dd2:	0d64      	lsrs	r4, r4, #21
20003dd4:	d003      	beq.n	20003dde <__aeabi_dfcmple_guts+0x24>
20003dd6:	42bc      	cmp	r4, r7
20003dd8:	d104      	bne.n	20003de4 <__aeabi_dfcmple_guts+0x2a>
20003dda:	031c      	lsls	r4, r3, #12
20003ddc:	d80a      	bhi.n	20003df4 <__aeabi_dfcmple_guts+0x3a>
20003dde:	2200      	movs	r2, #0
20003de0:	0d1b      	lsrs	r3, r3, #20
20003de2:	051b      	lsls	r3, r3, #20
20003de4:	2601      	movs	r6, #1
20003de6:	404b      	eors	r3, r1
20003de8:	d409      	bmi.n	20003dfe <__aeabi_dfcmple_guts+0x44>
20003dea:	404b      	eors	r3, r1
20003dec:	d503      	bpl.n	20003df6 <__aeabi_dfcmple_guts+0x3c>
20003dee:	428b      	cmp	r3, r1
20003df0:	d100      	bne.n	20003df4 <__aeabi_dfcmple_guts+0x3a>
20003df2:	4282      	cmp	r2, r0
20003df4:	bdff      	pop	{r0, r1, r2, r3, r4, r5, r6, r7, pc}
20003df6:	4299      	cmp	r1, r3
20003df8:	d1fc      	bne.n	20003df4 <__aeabi_dfcmple_guts+0x3a>
20003dfa:	4290      	cmp	r0, r2
20003dfc:	bdff      	pop	{r0, r1, r2, r3, r4, r5, r6, r7, pc}
20003dfe:	430b      	orrs	r3, r1
20003e00:	18db      	adds	r3, r3, r3
20003e02:	4303      	orrs	r3, r0
20003e04:	4313      	orrs	r3, r2
20003e06:	d0f5      	beq.n	20003df4 <__aeabi_dfcmple_guts+0x3a>
20003e08:	43c9      	mvns	r1, r1
20003e0a:	1849      	adds	r1, r1, r1
20003e0c:	bdff      	pop	{r0, r1, r2, r3, r4, r5, r6, r7, pc}
20003e0e:	0000      	.short	0x0000
20003e10:	000007ff 	.word	0x000007ff

20003e14 <__wrap___aeabi_dcmplt>:
20003e14:	b500      	push	{lr}
20003e16:	f7ff ffcf 	bl	20003db8 <__wrap___aeabi_cdcmpeq>
20003e1a:	4180      	sbcs	r0, r0
20003e1c:	bd00      	pop	{pc}
20003e1e:	46c0      	nop			; (mov r8, r8)

20003e20 <__wrap___aeabi_dcmple>:
20003e20:	b500      	push	{lr}
20003e22:	f7ff ffc9 	bl	20003db8 <__wrap___aeabi_cdcmpeq>
20003e26:	d901      	bls.n	20003e2c <__wrap___aeabi_dcmple+0xc>
20003e28:	2000      	movs	r0, #0
20003e2a:	bd00      	pop	{pc}
20003e2c:	2001      	movs	r0, #1
20003e2e:	bd00      	pop	{pc}

20003e30 <__wrap___aeabi_dcmpge>:
20003e30:	b500      	push	{lr}
20003e32:	f7ff ffb9 	bl	20003da8 <__wrap___aeabi_cdrcmple>
20003e36:	d901      	bls.n	20003e3c <__wrap___aeabi_dcmpge+0xc>
20003e38:	2000      	movs	r0, #0
20003e3a:	bd00      	pop	{pc}
20003e3c:	2001      	movs	r0, #1
20003e3e:	bd00      	pop	{pc}

20003e40 <__wrap___aeabi_dcmpgt>:
20003e40:	b500      	push	{lr}
20003e42:	f7ff ffb1 	bl	20003da8 <__wrap___aeabi_cdrcmple>
20003e46:	4180      	sbcs	r0, r0
20003e48:	bd00      	pop	{pc}

20003e4a <__wrap___aeabi_dcmpun>:
20003e4a:	2001      	movs	r0, #1
20003e4c:	0540      	lsls	r0, r0, #21
20003e4e:	004a      	lsls	r2, r1, #1
20003e50:	1812      	adds	r2, r2, r0
20003e52:	d804      	bhi.n	20003e5e <__wrap___aeabi_dcmpun+0x14>
20003e54:	005a      	lsls	r2, r3, #1
20003e56:	1812      	adds	r2, r2, r0
20003e58:	d801      	bhi.n	20003e5e <__wrap___aeabi_dcmpun+0x14>
20003e5a:	2000      	movs	r0, #0
20003e5c:	4770      	bx	lr
20003e5e:	2001      	movs	r0, #1
20003e60:	4770      	bx	lr
20003e62:	2000      	movs	r0, #0
20003e64:	4770      	bx	lr
	...

20003e68 <__wrap___aeabi_ui2d>:
20003e68:	2100      	movs	r1, #0
20003e6a:	2800      	cmp	r0, #0
20003e6c:	d105      	bne.n	20003e7a <__wrap___aeabi_i2d+0xa>
20003e6e:	4770      	bx	lr

20003e70 <__wrap___aeabi_i2d>:
20003e70:	17c1      	asrs	r1, r0, #31
20003e72:	4048      	eors	r0, r1
20003e74:	1a40      	subs	r0, r0, r1
20003e76:	d0fa      	beq.n	20003e6e <__wrap___aeabi_ui2d+0x6>
20003e78:	07c9      	lsls	r1, r1, #31
20003e7a:	b513      	push	{r0, r1, r4, lr}
20003e7c:	4b06      	ldr	r3, [pc, #24]	; (20003e98 <__wrap___aeabi_i2d+0x28>)
20003e7e:	681b      	ldr	r3, [r3, #0]
20003e80:	4798      	blx	r3
20003e82:	bc0c      	pop	{r2, r3}
20003e84:	1c44      	adds	r4, r0, #1
20003e86:	40a2      	lsls	r2, r4
20003e88:	0510      	lsls	r0, r2, #20
20003e8a:	0b12      	lsrs	r2, r2, #12
20003e8c:	4903      	ldr	r1, [pc, #12]	; (20003e9c <__wrap___aeabi_i2d+0x2c>)
20003e8e:	1b09      	subs	r1, r1, r4
20003e90:	0509      	lsls	r1, r1, #20
20003e92:	4319      	orrs	r1, r3
20003e94:	4311      	orrs	r1, r2
20003e96:	bd10      	pop	{r4, pc}
20003e98:	20005c34 	.word	0x20005c34
20003e9c:	0000041f 	.word	0x0000041f

20003ea0 <__wrap___aeabi_d2iz>:
20003ea0:	b510      	push	{r4, lr}
20003ea2:	004c      	lsls	r4, r1, #1
20003ea4:	0d62      	lsrs	r2, r4, #21
20003ea6:	2380      	movs	r3, #128	; 0x80
20003ea8:	18d2      	adds	r2, r2, r3
20003eaa:	00db      	lsls	r3, r3, #3
20003eac:	1ad2      	subs	r2, r2, r3
20003eae:	055b      	lsls	r3, r3, #21
20003eb0:	2a7e      	cmp	r2, #126	; 0x7e
20003eb2:	dd10      	ble.n	20003ed6 <__wrap___aeabi_d2iz+0x36>
20003eb4:	3a9e      	subs	r2, #158	; 0x9e
20003eb6:	da13      	bge.n	20003ee0 <__wrap___aeabi_d2iz+0x40>
20003eb8:	17cc      	asrs	r4, r1, #31
20003eba:	0309      	lsls	r1, r1, #12
20003ebc:	0849      	lsrs	r1, r1, #1
20003ebe:	4319      	orrs	r1, r3
20003ec0:	4252      	negs	r2, r2
20003ec2:	40d1      	lsrs	r1, r2
20003ec4:	0064      	lsls	r4, r4, #1
20003ec6:	3401      	adds	r4, #1
20003ec8:	3215      	adds	r2, #21
20003eca:	2a20      	cmp	r2, #32
20003ecc:	da05      	bge.n	20003eda <__wrap___aeabi_d2iz+0x3a>
20003ece:	40d0      	lsrs	r0, r2
20003ed0:	4308      	orrs	r0, r1
20003ed2:	4360      	muls	r0, r4
20003ed4:	bd10      	pop	{r4, pc}
20003ed6:	2000      	movs	r0, #0
20003ed8:	bd10      	pop	{r4, pc}
20003eda:	4608      	mov	r0, r1
20003edc:	4360      	muls	r0, r4
20003ede:	bd10      	pop	{r4, pc}
20003ee0:	0fc8      	lsrs	r0, r1, #31
20003ee2:	18c0      	adds	r0, r0, r3
20003ee4:	3801      	subs	r0, #1
20003ee6:	bd10      	pop	{r4, pc}

20003ee8 <__wrap___aeabi_d2uiz>:
20003ee8:	b418      	push	{r3, r4}
20003eea:	4b02      	ldr	r3, [pc, #8]	; (20003ef4 <__wrap___aeabi_d2uiz+0xc>)
20003eec:	6a5b      	ldr	r3, [r3, #36]	; 0x24
20003eee:	9301      	str	r3, [sp, #4]
20003ef0:	bd08      	pop	{r3, pc}
20003ef2:	0000      	.short	0x0000
20003ef4:	20005b34 	.word	0x20005b34

20003ef8 <missing_double_func_shim>:
20003ef8:	b510      	push	{r4, lr}
20003efa:	4801      	ldr	r0, [pc, #4]	; (20003f00 <missing_double_func_shim+0x8>)
20003efc:	f7fe fbc0 	bl	20002680 <panic>
20003f00:	20005470 	.word	0x20005470

20003f04 <__aeabi_double_init>:
20003f04:	b570      	push	{r4, r5, r6, lr}
20003f06:	2313      	movs	r3, #19
20003f08:	781c      	ldrb	r4, [r3, #0]
20003f0a:	2c01      	cmp	r4, #1
20003f0c:	d014      	beq.n	20003f38 <__aeabi_double_init+0x34>
20003f0e:	2c01      	cmp	r4, #1
20003f10:	dc14      	bgt.n	20003f3c <__aeabi_double_init+0x38>
20003f12:	2c02      	cmp	r4, #2
20003f14:	dc02      	bgt.n	20003f1c <__aeabi_double_init+0x18>
20003f16:	4a1f      	ldr	r2, [pc, #124]	; (20003f94 <__aeabi_double_init+0x90>)
20003f18:	4b1f      	ldr	r3, [pc, #124]	; (20003f98 <__aeabi_double_init+0x94>)
20003f1a:	649a      	str	r2, [r3, #72]	; 0x48
20003f1c:	481f      	ldr	r0, [pc, #124]	; (20003f9c <__aeabi_double_init+0x98>)
20003f1e:	f7ff fc87 	bl	20003830 <rom_func_lookup>
20003f22:	4b1f      	ldr	r3, [pc, #124]	; (20003fa0 <__aeabi_double_init+0x9c>)
20003f24:	6018      	str	r0, [r3, #0]
20003f26:	bd70      	pop	{r4, r5, r6, pc}
20003f28:	0099      	lsls	r1, r3, #2
20003f2a:	481e      	ldr	r0, [pc, #120]	; (20003fa4 <__aeabi_double_init+0xa0>)
20003f2c:	4a1a      	ldr	r2, [pc, #104]	; (20003f98 <__aeabi_double_init+0x94>)
20003f2e:	5088      	str	r0, [r1, r2]
20003f30:	3301      	adds	r3, #1
20003f32:	2b1f      	cmp	r3, #31
20003f34:	d9f8      	bls.n	20003f28 <__aeabi_double_init+0x24>
20003f36:	e7ea      	b.n	20003f0e <__aeabi_double_init+0xa>
20003f38:	2300      	movs	r3, #0
20003f3a:	e7fa      	b.n	20003f32 <__aeabi_double_init+0x2e>
20003f3c:	481a      	ldr	r0, [pc, #104]	; (20003fa8 <__aeabi_double_init+0xa4>)
20003f3e:	f7ff fc7f 	bl	20003840 <rom_data_lookup>
20003f42:	0005      	movs	r5, r0
20003f44:	4819      	ldr	r0, [pc, #100]	; (20003fac <__aeabi_double_init+0xa8>)
20003f46:	f7ff fc7b 	bl	20003840 <rom_data_lookup>
20003f4a:	3802      	subs	r0, #2
20003f4c:	7803      	ldrb	r3, [r0, #0]
20003f4e:	009b      	lsls	r3, r3, #2
20003f50:	2b7f      	cmp	r3, #127	; 0x7f
20003f52:	dd19      	ble.n	20003f88 <__aeabi_double_init+0x84>
20003f54:	2280      	movs	r2, #128	; 0x80
20003f56:	0029      	movs	r1, r5
20003f58:	480f      	ldr	r0, [pc, #60]	; (20003f98 <__aeabi_double_init+0x94>)
20003f5a:	f000 f8c5 	bl	200040e8 <__wrap___aeabi_memcpy>
20003f5e:	2c02      	cmp	r4, #2
20003f60:	d1d7      	bne.n	20003f12 <__aeabi_double_init+0xe>
20003f62:	4b13      	ldr	r3, [pc, #76]	; (20003fb0 <__aeabi_double_init+0xac>)
20003f64:	881a      	ldrh	r2, [r3, #0]
20003f66:	23b5      	movs	r3, #181	; 0xb5
20003f68:	021b      	lsls	r3, r3, #8
20003f6a:	429a      	cmp	r2, r3
20003f6c:	d109      	bne.n	20003f82 <__aeabi_double_init+0x7e>
20003f6e:	4b11      	ldr	r3, [pc, #68]	; (20003fb4 <__aeabi_double_init+0xb0>)
20003f70:	881a      	ldrh	r2, [r3, #0]
20003f72:	4b11      	ldr	r3, [pc, #68]	; (20003fb8 <__aeabi_double_init+0xb4>)
20003f74:	429a      	cmp	r2, r3
20003f76:	d104      	bne.n	20003f82 <__aeabi_double_init+0x7e>
20003f78:	4b10      	ldr	r3, [pc, #64]	; (20003fbc <__aeabi_double_init+0xb8>)
20003f7a:	881a      	ldrh	r2, [r3, #0]
20003f7c:	4b10      	ldr	r3, [pc, #64]	; (20003fc0 <__aeabi_double_init+0xbc>)
20003f7e:	429a      	cmp	r2, r3
20003f80:	d0c7      	beq.n	20003f12 <__aeabi_double_init+0xe>
20003f82:	2000      	movs	r0, #0
20003f84:	f7fe fb7c 	bl	20002680 <panic>
20003f88:	4b0e      	ldr	r3, [pc, #56]	; (20003fc4 <__aeabi_double_init+0xc0>)
20003f8a:	4a0f      	ldr	r2, [pc, #60]	; (20003fc8 <__aeabi_double_init+0xc4>)
20003f8c:	2132      	movs	r1, #50	; 0x32
20003f8e:	480f      	ldr	r0, [pc, #60]	; (20003fcc <__aeabi_double_init+0xc8>)
20003f90:	f7fe fadc 	bl	2000254c <__assert_func>
20003f94:	20003fd1 	.word	0x20003fd1
20003f98:	20005b34 	.word	0x20005b34
20003f9c:	0000334c 	.word	0x0000334c
20003fa0:	20005c34 	.word	0x20005c34
20003fa4:	20003ef9 	.word	0x20003ef9
20003fa8:	00004453 	.word	0x00004453
20003fac:	00004653 	.word	0x00004653
20003fb0:	00003854 	.word	0x00003854
20003fb4:	000038d8 	.word	0x000038d8
20003fb8:	00004649 	.word	0x00004649
20003fbc:	0000389c 	.word	0x0000389c
20003fc0:	00004659 	.word	0x00004659
20003fc4:	20005488 	.word	0x20005488
20003fc8:	20005520 	.word	0x20005520
20003fcc:	200054dc 	.word	0x200054dc

20003fd0 <double_table_shim_on_use_helper>:
20003fd0:	b507      	push	{r0, r1, r2, lr}
20003fd2:	4660      	mov	r0, ip
20003fd4:	2800      	cmp	r0, #0
20003fd6:	d100      	bne.n	20003fda <double_table_shim_on_use_helper+0xa>
20003fd8:	be00      	bkpt	0x0000
20003fda:	8801      	ldrh	r1, [r0, #0]
20003fdc:	0a0a      	lsrs	r2, r1, #8
20003fde:	3002      	adds	r0, #2
20003fe0:	2adf      	cmp	r2, #223	; 0xdf
20003fe2:	d1fa      	bne.n	20003fda <double_table_shim_on_use_helper+0xa>
20003fe4:	b2c9      	uxtb	r1, r1
20003fe6:	0882      	lsrs	r2, r0, #2
20003fe8:	d304      	bcc.n	20003ff4 <double_table_shim_on_use_helper+0x24>
20003fea:	8802      	ldrh	r2, [r0, #0]
20003fec:	8840      	ldrh	r0, [r0, #2]
20003fee:	0400      	lsls	r0, r0, #16
20003ff0:	4310      	orrs	r0, r2
20003ff2:	e000      	b.n	20003ff6 <double_table_shim_on_use_helper+0x26>
20003ff4:	6800      	ldr	r0, [r0, #0]
20003ff6:	4a02      	ldr	r2, [pc, #8]	; (20004000 <double_table_shim_on_use_helper+0x30>)
20003ff8:	5050      	str	r0, [r2, r1]
20003ffa:	9003      	str	r0, [sp, #12]
20003ffc:	bd07      	pop	{r0, r1, r2, pc}
20003ffe:	0000      	.short	0x0000
20004000:	20005b34 	.word	0x20005b34

20004004 <__wrap___aeabi_lmul>:
20004004:	4351      	muls	r1, r2
20004006:	4343      	muls	r3, r0
20004008:	18c9      	adds	r1, r1, r3
2000400a:	468c      	mov	ip, r1
2000400c:	0c11      	lsrs	r1, r2, #16
2000400e:	b283      	uxth	r3, r0
20004010:	434b      	muls	r3, r1
20004012:	b410      	push	{r4}
20004014:	0c04      	lsrs	r4, r0, #16
20004016:	4361      	muls	r1, r4
20004018:	b292      	uxth	r2, r2
2000401a:	b280      	uxth	r0, r0
2000401c:	4350      	muls	r0, r2
2000401e:	4362      	muls	r2, r4
20004020:	041c      	lsls	r4, r3, #16
20004022:	0c1b      	lsrs	r3, r3, #16
20004024:	1900      	adds	r0, r0, r4
20004026:	bc10      	pop	{r4}
20004028:	4159      	adcs	r1, r3
2000402a:	0413      	lsls	r3, r2, #16
2000402c:	0c12      	lsrs	r2, r2, #16
2000402e:	18c0      	adds	r0, r0, r3
20004030:	4151      	adcs	r1, r2
20004032:	4461      	add	r1, ip
20004034:	4770      	bx	lr
	...

20004038 <missing_float_func_shim>:
20004038:	b510      	push	{r4, lr}
2000403a:	4801      	ldr	r0, [pc, #4]	; (20004040 <missing_float_func_shim+0x8>)
2000403c:	f7fe fb20 	bl	20002680 <panic>
20004040:	20005170 	.word	0x20005170

20004044 <__aeabi_float_init>:
20004044:	b570      	push	{r4, r5, r6, lr}
20004046:	2313      	movs	r3, #19
20004048:	781e      	ldrb	r6, [r3, #0]
2000404a:	4818      	ldr	r0, [pc, #96]	; (200040ac <__aeabi_float_init+0x68>)
2000404c:	f7ff fbf8 	bl	20003840 <rom_data_lookup>
20004050:	0005      	movs	r5, r0
20004052:	2e01      	cmp	r6, #1
20004054:	d011      	beq.n	2000407a <__aeabi_float_init+0x36>
20004056:	2e01      	cmp	r6, #1
20004058:	dd09      	ble.n	2000406e <__aeabi_float_init+0x2a>
2000405a:	1eab      	subs	r3, r5, #2
2000405c:	781b      	ldrb	r3, [r3, #0]
2000405e:	009b      	lsls	r3, r3, #2
20004060:	2b7f      	cmp	r3, #127	; 0x7f
20004062:	dd1d      	ble.n	200040a0 <__aeabi_float_init+0x5c>
20004064:	2280      	movs	r2, #128	; 0x80
20004066:	0029      	movs	r1, r5
20004068:	4811      	ldr	r0, [pc, #68]	; (200040b0 <__aeabi_float_init+0x6c>)
2000406a:	f000 f83d 	bl	200040e8 <__wrap___aeabi_memcpy>
2000406e:	4811      	ldr	r0, [pc, #68]	; (200040b4 <__aeabi_float_init+0x70>)
20004070:	f7ff fbde 	bl	20003830 <rom_func_lookup>
20004074:	4b10      	ldr	r3, [pc, #64]	; (200040b8 <__aeabi_float_init+0x74>)
20004076:	6018      	str	r0, [r3, #0]
20004078:	bd70      	pop	{r4, r5, r6, pc}
2000407a:	2254      	movs	r2, #84	; 0x54
2000407c:	0001      	movs	r1, r0
2000407e:	480c      	ldr	r0, [pc, #48]	; (200040b0 <__aeabi_float_init+0x6c>)
20004080:	f000 f832 	bl	200040e8 <__wrap___aeabi_memcpy>
20004084:	2300      	movs	r3, #0
20004086:	e000      	b.n	2000408a <__aeabi_float_init+0x46>
20004088:	3301      	adds	r3, #1
2000408a:	2b1f      	cmp	r3, #31
2000408c:	d8e3      	bhi.n	20004056 <__aeabi_float_init+0x12>
2000408e:	009a      	lsls	r2, r3, #2
20004090:	4c07      	ldr	r4, [pc, #28]	; (200040b0 <__aeabi_float_init+0x6c>)
20004092:	5912      	ldr	r2, [r2, r4]
20004094:	2a00      	cmp	r2, #0
20004096:	d1f7      	bne.n	20004088 <__aeabi_float_init+0x44>
20004098:	009a      	lsls	r2, r3, #2
2000409a:	4808      	ldr	r0, [pc, #32]	; (200040bc <__aeabi_float_init+0x78>)
2000409c:	5110      	str	r0, [r2, r4]
2000409e:	e7f3      	b.n	20004088 <__aeabi_float_init+0x44>
200040a0:	4b07      	ldr	r3, [pc, #28]	; (200040c0 <__aeabi_float_init+0x7c>)
200040a2:	4a08      	ldr	r2, [pc, #32]	; (200040c4 <__aeabi_float_init+0x80>)
200040a4:	2142      	movs	r1, #66	; 0x42
200040a6:	4808      	ldr	r0, [pc, #32]	; (200040c8 <__aeabi_float_init+0x84>)
200040a8:	f7fe fa50 	bl	2000254c <__assert_func>
200040ac:	00004653 	.word	0x00004653
200040b0:	20005c38 	.word	0x20005c38
200040b4:	0000334c 	.word	0x0000334c
200040b8:	20005c34 	.word	0x20005c34
200040bc:	20004039 	.word	0x20004039
200040c0:	20005534 	.word	0x20005534
200040c4:	200055ac 	.word	0x200055ac
200040c8:	20005568 	.word	0x20005568

200040cc <__aeabi_mem_init>:
200040cc:	4801      	ldr	r0, [pc, #4]	; (200040d4 <__aeabi_mem_init+0x8>)
200040ce:	2104      	movs	r1, #4
200040d0:	4b01      	ldr	r3, [pc, #4]	; (200040d8 <__aeabi_mem_init+0xc>)
200040d2:	4718      	bx	r3
200040d4:	20005850 	.word	0x20005850
200040d8:	20003851 	.word	0x20003851

200040dc <__wrap_memset>:
200040dc:	4b01      	ldr	r3, [pc, #4]	; (200040e4 <__wrap_memset+0x8>)
200040de:	681b      	ldr	r3, [r3, #0]
200040e0:	4718      	bx	r3
200040e2:	0000      	.short	0x0000
200040e4:	20005850 	.word	0x20005850

200040e8 <__wrap___aeabi_memcpy>:
200040e8:	4b01      	ldr	r3, [pc, #4]	; (200040f0 <__wrap___aeabi_memcpy+0x8>)
200040ea:	685b      	ldr	r3, [r3, #4]
200040ec:	4718      	bx	r3
200040ee:	0000      	.short	0x0000
200040f0:	20005850 	.word	0x20005850

200040f4 <stdio_out_chars_no_crlf>:
200040f4:	b510      	push	{r4, lr}
200040f6:	0003      	movs	r3, r0
200040f8:	0008      	movs	r0, r1
200040fa:	0011      	movs	r1, r2
200040fc:	681b      	ldr	r3, [r3, #0]
200040fe:	4798      	blx	r3
20004100:	bd10      	pop	{r4, pc}
	...

20004104 <stdio_out_chars_crlf>:
20004104:	b5f8      	push	{r3, r4, r5, r6, r7, lr}
20004106:	0007      	movs	r7, r0
20004108:	000d      	movs	r5, r1
2000410a:	0016      	movs	r6, r2
2000410c:	7d43      	ldrb	r3, [r0, #21]
2000410e:	2b00      	cmp	r3, #0
20004110:	d002      	beq.n	20004118 <stdio_out_chars_crlf+0x14>
20004112:	2400      	movs	r4, #0
20004114:	2000      	movs	r0, #0
20004116:	e00c      	b.n	20004132 <stdio_out_chars_crlf+0x2e>
20004118:	6803      	ldr	r3, [r0, #0]
2000411a:	0011      	movs	r1, r2
2000411c:	0028      	movs	r0, r5
2000411e:	4798      	blx	r3
20004120:	e02d      	b.n	2000417e <stdio_out_chars_crlf+0x7a>
20004122:	7d3b      	ldrb	r3, [r7, #20]
20004124:	e010      	b.n	20004148 <stdio_out_chars_crlf+0x44>
20004126:	2102      	movs	r1, #2
20004128:	4815      	ldr	r0, [pc, #84]	; (20004180 <stdio_out_chars_crlf+0x7c>)
2000412a:	683b      	ldr	r3, [r7, #0]
2000412c:	4798      	blx	r3
2000412e:	1c60      	adds	r0, r4, #1
20004130:	3401      	adds	r4, #1
20004132:	42b4      	cmp	r4, r6
20004134:	da14      	bge.n	20004160 <stdio_out_chars_crlf+0x5c>
20004136:	2c00      	cmp	r4, #0
20004138:	ddf3      	ble.n	20004122 <stdio_out_chars_crlf+0x1e>
2000413a:	192b      	adds	r3, r5, r4
2000413c:	3b01      	subs	r3, #1
2000413e:	781b      	ldrb	r3, [r3, #0]
20004140:	3b0d      	subs	r3, #13
20004142:	425a      	negs	r2, r3
20004144:	4153      	adcs	r3, r2
20004146:	b2db      	uxtb	r3, r3
20004148:	5d2a      	ldrb	r2, [r5, r4]
2000414a:	2a0a      	cmp	r2, #10
2000414c:	d1f0      	bne.n	20004130 <stdio_out_chars_crlf+0x2c>
2000414e:	2b00      	cmp	r3, #0
20004150:	d1ee      	bne.n	20004130 <stdio_out_chars_crlf+0x2c>
20004152:	42a0      	cmp	r0, r4
20004154:	dae7      	bge.n	20004126 <stdio_out_chars_crlf+0x22>
20004156:	1a21      	subs	r1, r4, r0
20004158:	1828      	adds	r0, r5, r0
2000415a:	683b      	ldr	r3, [r7, #0]
2000415c:	4798      	blx	r3
2000415e:	e7e2      	b.n	20004126 <stdio_out_chars_crlf+0x22>
20004160:	42b0      	cmp	r0, r6
20004162:	da03      	bge.n	2000416c <stdio_out_chars_crlf+0x68>
20004164:	1a31      	subs	r1, r6, r0
20004166:	1828      	adds	r0, r5, r0
20004168:	683b      	ldr	r3, [r7, #0]
2000416a:	4798      	blx	r3
2000416c:	2e00      	cmp	r6, #0
2000416e:	dd06      	ble.n	2000417e <stdio_out_chars_crlf+0x7a>
20004170:	19ad      	adds	r5, r5, r6
20004172:	3d01      	subs	r5, #1
20004174:	782b      	ldrb	r3, [r5, #0]
20004176:	3b0d      	subs	r3, #13
20004178:	425a      	negs	r2, r3
2000417a:	4153      	adcs	r3, r2
2000417c:	753b      	strb	r3, [r7, #20]
2000417e:	bdf8      	pop	{r3, r4, r5, r6, r7, pc}
20004180:	20005658 	.word	0x20005658

20004184 <stdio_stack_buffer_flush>:
20004184:	b570      	push	{r4, r5, r6, lr}
20004186:	0005      	movs	r5, r0
20004188:	6803      	ldr	r3, [r0, #0]
2000418a:	2b00      	cmp	r3, #0
2000418c:	d016      	beq.n	200041bc <stdio_stack_buffer_flush+0x38>
2000418e:	4b0c      	ldr	r3, [pc, #48]	; (200041c0 <stdio_stack_buffer_flush+0x3c>)
20004190:	681c      	ldr	r4, [r3, #0]
20004192:	e005      	b.n	200041a0 <stdio_stack_buffer_flush+0x1c>
20004194:	0029      	movs	r1, r5
20004196:	c904      	ldmia	r1!, {r2}
20004198:	0020      	movs	r0, r4
2000419a:	f7ff ffb3 	bl	20004104 <stdio_out_chars_crlf>
2000419e:	6924      	ldr	r4, [r4, #16]
200041a0:	2c00      	cmp	r4, #0
200041a2:	d009      	beq.n	200041b8 <stdio_stack_buffer_flush+0x34>
200041a4:	6823      	ldr	r3, [r4, #0]
200041a6:	2b00      	cmp	r3, #0
200041a8:	d0f9      	beq.n	2000419e <stdio_stack_buffer_flush+0x1a>
200041aa:	4b06      	ldr	r3, [pc, #24]	; (200041c4 <stdio_stack_buffer_flush+0x40>)
200041ac:	681b      	ldr	r3, [r3, #0]
200041ae:	2b00      	cmp	r3, #0
200041b0:	d0f0      	beq.n	20004194 <stdio_stack_buffer_flush+0x10>
200041b2:	42a3      	cmp	r3, r4
200041b4:	d1f3      	bne.n	2000419e <stdio_stack_buffer_flush+0x1a>
200041b6:	e7ed      	b.n	20004194 <stdio_stack_buffer_flush+0x10>
200041b8:	2300      	movs	r3, #0
200041ba:	602b      	str	r3, [r5, #0]
200041bc:	bd70      	pop	{r4, r5, r6, pc}
200041be:	46c0      	nop			; (mov r8, r8)
200041c0:	20005b14 	.word	0x20005b14
200041c4:	20005b18 	.word	0x20005b18

200041c8 <stdio_buffered_printer>:
200041c8:	b570      	push	{r4, r5, r6, lr}
200041ca:	0005      	movs	r5, r0
200041cc:	000c      	movs	r4, r1
200041ce:	680b      	ldr	r3, [r1, #0]
200041d0:	2b80      	cmp	r3, #128	; 0x80
200041d2:	d005      	beq.n	200041e0 <stdio_buffered_printer+0x18>
200041d4:	6821      	ldr	r1, [r4, #0]
200041d6:	1c4b      	adds	r3, r1, #1
200041d8:	6023      	str	r3, [r4, #0]
200041da:	1864      	adds	r4, r4, r1
200041dc:	7125      	strb	r5, [r4, #4]
200041de:	bd70      	pop	{r4, r5, r6, pc}
200041e0:	0008      	movs	r0, r1
200041e2:	f7ff ffcf 	bl	20004184 <stdio_stack_buffer_flush>
200041e6:	e7f5      	b.n	200041d4 <stdio_buffered_printer+0xc>

200041e8 <stdout_serialize_begin>:
200041e8:	b510      	push	{r4, lr}
200041ea:	f7fd fbc9 	bl	20001980 <time_us_64>
200041ee:	0002      	movs	r2, r0
200041f0:	1e0b      	subs	r3, r1, #0
200041f2:	db0b      	blt.n	2000420c <stdout_serialize_begin+0x24>
200041f4:	480d      	ldr	r0, [pc, #52]	; (2000422c <stdout_serialize_begin+0x44>)
200041f6:	2100      	movs	r1, #0
200041f8:	1812      	adds	r2, r2, r0
200041fa:	414b      	adcs	r3, r1
200041fc:	2b00      	cmp	r3, #0
200041fe:	db0b      	blt.n	20004218 <stdout_serialize_begin+0x30>
20004200:	2b00      	cmp	r3, #0
20004202:	db0d      	blt.n	20004220 <stdout_serialize_begin+0x38>
20004204:	480a      	ldr	r0, [pc, #40]	; (20004230 <stdout_serialize_begin+0x48>)
20004206:	f000 f9ad 	bl	20004564 <mutex_try_enter_block_until>
2000420a:	bd10      	pop	{r4, pc}
2000420c:	4b09      	ldr	r3, [pc, #36]	; (20004234 <stdout_serialize_begin+0x4c>)
2000420e:	4a0a      	ldr	r2, [pc, #40]	; (20004238 <stdout_serialize_begin+0x50>)
20004210:	213f      	movs	r1, #63	; 0x3f
20004212:	480a      	ldr	r0, [pc, #40]	; (2000423c <stdout_serialize_begin+0x54>)
20004214:	f7fe f99a 	bl	2000254c <__assert_func>
20004218:	2201      	movs	r2, #1
2000421a:	4252      	negs	r2, r2
2000421c:	4b08      	ldr	r3, [pc, #32]	; (20004240 <stdout_serialize_begin+0x58>)
2000421e:	e7ef      	b.n	20004200 <stdout_serialize_begin+0x18>
20004220:	4b04      	ldr	r3, [pc, #16]	; (20004234 <stdout_serialize_begin+0x4c>)
20004222:	4a05      	ldr	r2, [pc, #20]	; (20004238 <stdout_serialize_begin+0x50>)
20004224:	213f      	movs	r1, #63	; 0x3f
20004226:	4805      	ldr	r0, [pc, #20]	; (2000423c <stdout_serialize_begin+0x54>)
20004228:	f7fe f990 	bl	2000254c <__assert_func>
2000422c:	000f4240 	.word	0x000f4240
20004230:	20005860 	.word	0x20005860
20004234:	20004724 	.word	0x20004724
20004238:	20005640 	.word	0x20005640
2000423c:	20004740 	.word	0x20004740
20004240:	7fffffff 	.word	0x7fffffff

20004244 <stdout_serialize_end>:
20004244:	b510      	push	{r4, lr}
20004246:	4802      	ldr	r0, [pc, #8]	; (20004250 <stdout_serialize_end+0xc>)
20004248:	f000 f9a6 	bl	20004598 <mutex_exit>
2000424c:	bd10      	pop	{r4, pc}
2000424e:	46c0      	nop			; (mov r8, r8)
20004250:	20005860 	.word	0x20005860

20004254 <stdio_put_string>:
20004254:	b5f0      	push	{r4, r5, r6, r7, lr}
20004256:	46ce      	mov	lr, r9
20004258:	4647      	mov	r7, r8
2000425a:	b580      	push	{r7, lr}
2000425c:	b083      	sub	sp, #12
2000425e:	0006      	movs	r6, r0
20004260:	000d      	movs	r5, r1
20004262:	4690      	mov	r8, r2
20004264:	001c      	movs	r4, r3
20004266:	f7ff ffbf 	bl	200041e8 <stdout_serialize_begin>
2000426a:	4681      	mov	r9, r0
2000426c:	1c6b      	adds	r3, r5, #1
2000426e:	d005      	beq.n	2000427c <stdio_put_string+0x28>
20004270:	2c00      	cmp	r4, #0
20004272:	d008      	beq.n	20004286 <stdio_put_string+0x32>
20004274:	4f19      	ldr	r7, [pc, #100]	; (200042dc <stdio_put_string+0x88>)
20004276:	4b1a      	ldr	r3, [pc, #104]	; (200042e0 <stdio_put_string+0x8c>)
20004278:	681c      	ldr	r4, [r3, #0]
2000427a:	e007      	b.n	2000428c <stdio_put_string+0x38>
2000427c:	0030      	movs	r0, r6
2000427e:	f000 f8d3 	bl	20004428 <strlen>
20004282:	0005      	movs	r5, r0
20004284:	e7f4      	b.n	20004270 <stdio_put_string+0x1c>
20004286:	4f17      	ldr	r7, [pc, #92]	; (200042e4 <stdio_put_string+0x90>)
20004288:	e7f5      	b.n	20004276 <stdio_put_string+0x22>
2000428a:	6924      	ldr	r4, [r4, #16]
2000428c:	2c00      	cmp	r4, #0
2000428e:	d017      	beq.n	200042c0 <stdio_put_string+0x6c>
20004290:	6823      	ldr	r3, [r4, #0]
20004292:	2b00      	cmp	r3, #0
20004294:	d0f9      	beq.n	2000428a <stdio_put_string+0x36>
20004296:	4b14      	ldr	r3, [pc, #80]	; (200042e8 <stdio_put_string+0x94>)
20004298:	681b      	ldr	r3, [r3, #0]
2000429a:	2b00      	cmp	r3, #0
2000429c:	d001      	beq.n	200042a2 <stdio_put_string+0x4e>
2000429e:	42a3      	cmp	r3, r4
200042a0:	d1f3      	bne.n	2000428a <stdio_put_string+0x36>
200042a2:	002a      	movs	r2, r5
200042a4:	0031      	movs	r1, r6
200042a6:	0020      	movs	r0, r4
200042a8:	47b8      	blx	r7
200042aa:	4643      	mov	r3, r8
200042ac:	2b00      	cmp	r3, #0
200042ae:	d0ec      	beq.n	2000428a <stdio_put_string+0x36>
200042b0:	466b      	mov	r3, sp
200042b2:	1dd9      	adds	r1, r3, #7
200042b4:	230a      	movs	r3, #10
200042b6:	700b      	strb	r3, [r1, #0]
200042b8:	2201      	movs	r2, #1
200042ba:	0020      	movs	r0, r4
200042bc:	47b8      	blx	r7
200042be:	e7e4      	b.n	2000428a <stdio_put_string+0x36>
200042c0:	464b      	mov	r3, r9
200042c2:	2b00      	cmp	r3, #0
200042c4:	d107      	bne.n	200042d6 <stdio_put_string+0x82>
200042c6:	1e6b      	subs	r3, r5, #1
200042c8:	419d      	sbcs	r5, r3
200042ca:	b2e8      	uxtb	r0, r5
200042cc:	b003      	add	sp, #12
200042ce:	bcc0      	pop	{r6, r7}
200042d0:	46b9      	mov	r9, r7
200042d2:	46b0      	mov	r8, r6
200042d4:	bdf0      	pop	{r4, r5, r6, r7, pc}
200042d6:	f7ff ffb5 	bl	20004244 <stdout_serialize_end>
200042da:	e7f4      	b.n	200042c6 <stdio_put_string+0x72>
200042dc:	200040f5 	.word	0x200040f5
200042e0:	20005b14 	.word	0x20005b14
200042e4:	20004105 	.word	0x20004105
200042e8:	20005b18 	.word	0x20005b18

200042ec <stdio_flush>:
200042ec:	b510      	push	{r4, lr}
200042ee:	4b06      	ldr	r3, [pc, #24]	; (20004308 <stdio_flush+0x1c>)
200042f0:	681c      	ldr	r4, [r3, #0]
200042f2:	e001      	b.n	200042f8 <stdio_flush+0xc>
200042f4:	4798      	blx	r3
200042f6:	6924      	ldr	r4, [r4, #16]
200042f8:	2c00      	cmp	r4, #0
200042fa:	d003      	beq.n	20004304 <stdio_flush+0x18>
200042fc:	6863      	ldr	r3, [r4, #4]
200042fe:	2b00      	cmp	r3, #0
20004300:	d1f8      	bne.n	200042f4 <stdio_flush+0x8>
20004302:	e7f8      	b.n	200042f6 <stdio_flush+0xa>
20004304:	bd10      	pop	{r4, pc}
20004306:	46c0      	nop			; (mov r8, r8)
20004308:	20005b14 	.word	0x20005b14

2000430c <__wrap_puts>:
2000430c:	b570      	push	{r4, r5, r6, lr}
2000430e:	0005      	movs	r5, r0
20004310:	f000 f88a 	bl	20004428 <strlen>
20004314:	0004      	movs	r4, r0
20004316:	2300      	movs	r3, #0
20004318:	2201      	movs	r2, #1
2000431a:	0001      	movs	r1, r0
2000431c:	0028      	movs	r0, r5
2000431e:	f7ff ff99 	bl	20004254 <stdio_put_string>
20004322:	f7ff ffe3 	bl	200042ec <stdio_flush>
20004326:	0020      	movs	r0, r4
20004328:	bd70      	pop	{r4, r5, r6, pc}
	...

2000432c <__wrap_vprintf>:
2000432c:	b570      	push	{r4, r5, r6, lr}
2000432e:	b0a2      	sub	sp, #136	; 0x88
20004330:	0004      	movs	r4, r0
20004332:	000e      	movs	r6, r1
20004334:	f7ff ff58 	bl	200041e8 <stdout_serialize_begin>
20004338:	0005      	movs	r5, r0
2000433a:	2300      	movs	r3, #0
2000433c:	9301      	str	r3, [sp, #4]
2000433e:	0033      	movs	r3, r6
20004340:	0022      	movs	r2, r4
20004342:	a901      	add	r1, sp, #4
20004344:	4808      	ldr	r0, [pc, #32]	; (20004368 <__wrap_vprintf+0x3c>)
20004346:	f7ff fa5b 	bl	20003800 <vfctprintf>
2000434a:	0004      	movs	r4, r0
2000434c:	a801      	add	r0, sp, #4
2000434e:	f7ff ff19 	bl	20004184 <stdio_stack_buffer_flush>
20004352:	f7ff ffcb 	bl	200042ec <stdio_flush>
20004356:	2d00      	cmp	r5, #0
20004358:	d102      	bne.n	20004360 <__wrap_vprintf+0x34>
2000435a:	0020      	movs	r0, r4
2000435c:	b022      	add	sp, #136	; 0x88
2000435e:	bd70      	pop	{r4, r5, r6, pc}
20004360:	f7ff ff70 	bl	20004244 <stdout_serialize_end>
20004364:	e7f9      	b.n	2000435a <__wrap_vprintf+0x2e>
20004366:	46c0      	nop			; (mov r8, r8)
20004368:	200041c9 	.word	0x200041c9

2000436c <__wrap_printf>:
2000436c:	b40f      	push	{r0, r1, r2, r3}
2000436e:	b500      	push	{lr}
20004370:	b083      	sub	sp, #12
20004372:	a904      	add	r1, sp, #16
20004374:	c901      	ldmia	r1!, {r0}
20004376:	9101      	str	r1, [sp, #4]
20004378:	f7ff ffd8 	bl	2000432c <__wrap_vprintf>
2000437c:	b003      	add	sp, #12
2000437e:	bc08      	pop	{r3}
20004380:	b004      	add	sp, #16
20004382:	4718      	bx	r3

20004384 <stdio_init_all>:
20004384:	2000      	movs	r0, #0
20004386:	4770      	bx	lr

20004388 <_retrieve_unique_id_on_boot>:
20004388:	b510      	push	{r4, lr}
2000438a:	4802      	ldr	r0, [pc, #8]	; (20004394 <_retrieve_unique_id_on_boot+0xc>)
2000438c:	f000 f80c 	bl	200043a8 <flash_get_unique_id>
20004390:	bd10      	pop	{r4, pc}
20004392:	46c0      	nop			; (mov r8, r8)
20004394:	20005b2c 	.word	0x20005b2c

20004398 <pico_get_unique_board_id>:
20004398:	b510      	push	{r4, lr}
2000439a:	2208      	movs	r2, #8
2000439c:	4901      	ldr	r1, [pc, #4]	; (200043a4 <pico_get_unique_board_id+0xc>)
2000439e:	f7ff fea3 	bl	200040e8 <__wrap___aeabi_memcpy>
200043a2:	bd10      	pop	{r4, pc}
200043a4:	20005b2c 	.word	0x20005b2c

200043a8 <flash_get_unique_id>:
200043a8:	b570      	push	{r4, r5, r6, lr}
200043aa:	b088      	sub	sp, #32
200043ac:	0004      	movs	r4, r0
200043ae:	ad04      	add	r5, sp, #16
200043b0:	2600      	movs	r6, #0
200043b2:	9604      	str	r6, [sp, #16]
200043b4:	2209      	movs	r2, #9
200043b6:	2100      	movs	r1, #0
200043b8:	a805      	add	r0, sp, #20
200043ba:	f7ff fe8f 	bl	200040dc <__wrap_memset>
200043be:	9600      	str	r6, [sp, #0]
200043c0:	2209      	movs	r2, #9
200043c2:	2100      	movs	r1, #0
200043c4:	a801      	add	r0, sp, #4
200043c6:	f7ff fe89 	bl	200040dc <__wrap_memset>
200043ca:	234b      	movs	r3, #75	; 0x4b
200043cc:	702b      	strb	r3, [r5, #0]
200043ce:	220d      	movs	r2, #13
200043d0:	4669      	mov	r1, sp
200043d2:	0028      	movs	r0, r5
200043d4:	f000 f93a 	bl	2000464c <flash_do_cmd>
200043d8:	2300      	movs	r3, #0
200043da:	e004      	b.n	200043e6 <flash_get_unique_id+0x3e>
200043dc:	1d5a      	adds	r2, r3, #5
200043de:	4669      	mov	r1, sp
200043e0:	5c8a      	ldrb	r2, [r1, r2]
200043e2:	54e2      	strb	r2, [r4, r3]
200043e4:	3301      	adds	r3, #1
200043e6:	2b07      	cmp	r3, #7
200043e8:	ddf8      	ble.n	200043dc <flash_get_unique_id+0x34>
200043ea:	b008      	add	sp, #32
200043ec:	bd70      	pop	{r4, r5, r6, pc}
	...

200043f0 <adc_init>:
200043f0:	2301      	movs	r3, #1
200043f2:	4a08      	ldr	r2, [pc, #32]	; (20004414 <adc_init+0x24>)
200043f4:	6013      	str	r3, [r2, #0]
200043f6:	4a08      	ldr	r2, [pc, #32]	; (20004418 <adc_init+0x28>)
200043f8:	6013      	str	r3, [r2, #0]
200043fa:	4b08      	ldr	r3, [pc, #32]	; (2000441c <adc_init+0x2c>)
200043fc:	689a      	ldr	r2, [r3, #8]
200043fe:	2301      	movs	r3, #1
20004400:	4393      	bics	r3, r2
20004402:	d1fa      	bne.n	200043fa <adc_init+0xa>
20004404:	4b06      	ldr	r3, [pc, #24]	; (20004420 <adc_init+0x30>)
20004406:	2201      	movs	r2, #1
20004408:	601a      	str	r2, [r3, #0]
2000440a:	4b05      	ldr	r3, [pc, #20]	; (20004420 <adc_init+0x30>)
2000440c:	681b      	ldr	r3, [r3, #0]
2000440e:	05db      	lsls	r3, r3, #23
20004410:	d5fb      	bpl.n	2000440a <adc_init+0x1a>
20004412:	4770      	bx	lr
20004414:	4000e000 	.word	0x4000e000
20004418:	4000f000 	.word	0x4000f000
2000441c:	4000c000 	.word	0x4000c000
20004420:	4004c000 	.word	0x4004c000

20004424 <__aeabi_idiv0>:
20004424:	4770      	bx	lr
20004426:	46c0      	nop			; (mov r8, r8)

20004428 <strlen>:
20004428:	b510      	push	{r4, lr}
2000442a:	0783      	lsls	r3, r0, #30
2000442c:	d00a      	beq.n	20004444 <strlen+0x1c>
2000442e:	0003      	movs	r3, r0
20004430:	2103      	movs	r1, #3
20004432:	e002      	b.n	2000443a <strlen+0x12>
20004434:	3301      	adds	r3, #1
20004436:	420b      	tst	r3, r1
20004438:	d005      	beq.n	20004446 <strlen+0x1e>
2000443a:	781a      	ldrb	r2, [r3, #0]
2000443c:	2a00      	cmp	r2, #0
2000443e:	d1f9      	bne.n	20004434 <strlen+0xc>
20004440:	1a18      	subs	r0, r3, r0
20004442:	bd10      	pop	{r4, pc}
20004444:	0003      	movs	r3, r0
20004446:	6819      	ldr	r1, [r3, #0]
20004448:	4a0c      	ldr	r2, [pc, #48]	; (2000447c <strlen+0x54>)
2000444a:	4c0d      	ldr	r4, [pc, #52]	; (20004480 <strlen+0x58>)
2000444c:	188a      	adds	r2, r1, r2
2000444e:	438a      	bics	r2, r1
20004450:	4222      	tst	r2, r4
20004452:	d10f      	bne.n	20004474 <strlen+0x4c>
20004454:	6859      	ldr	r1, [r3, #4]
20004456:	4a09      	ldr	r2, [pc, #36]	; (2000447c <strlen+0x54>)
20004458:	3304      	adds	r3, #4
2000445a:	188a      	adds	r2, r1, r2
2000445c:	438a      	bics	r2, r1
2000445e:	4222      	tst	r2, r4
20004460:	d108      	bne.n	20004474 <strlen+0x4c>
20004462:	6859      	ldr	r1, [r3, #4]
20004464:	4a05      	ldr	r2, [pc, #20]	; (2000447c <strlen+0x54>)
20004466:	3304      	adds	r3, #4
20004468:	188a      	adds	r2, r1, r2
2000446a:	438a      	bics	r2, r1
2000446c:	4222      	tst	r2, r4
2000446e:	d0f1      	beq.n	20004454 <strlen+0x2c>
20004470:	e000      	b.n	20004474 <strlen+0x4c>
20004472:	3301      	adds	r3, #1
20004474:	781a      	ldrb	r2, [r3, #0]
20004476:	2a00      	cmp	r2, #0
20004478:	d1fb      	bne.n	20004472 <strlen+0x4a>
2000447a:	e7e1      	b.n	20004440 <strlen+0x18>
2000447c:	fefefeff 	.word	0xfefefeff
20004480:	80808080 	.word	0x80808080

20004484 <_fini>:
20004484:	b5f8      	push	{r3, r4, r5, r6, r7, lr}
20004486:	46c0      	nop			; (mov r8, r8)

Disassembly of section .data:

20004490 <mutex_try_enter>:
20004490:	0003      	movs	r3, r0
20004492:	6800      	ldr	r0, [r0, #0]
20004494:	f3ef 8c10 	mrs	ip, PRIMASK
20004498:	b672      	cpsid	i
2000449a:	6802      	ldr	r2, [r0, #0]
2000449c:	2a00      	cmp	r2, #0
2000449e:	d0fc      	beq.n	2000449a <mutex_try_enter+0xa>
200044a0:	f3bf 8f5f 	dmb	sy
200044a4:	2204      	movs	r2, #4
200044a6:	569a      	ldrsb	r2, [r3, r2]
200044a8:	2a00      	cmp	r2, #0
200044aa:	db0b      	blt.n	200044c4 <mutex_try_enter+0x34>
200044ac:	2900      	cmp	r1, #0
200044ae:	d010      	beq.n	200044d2 <mutex_try_enter+0x42>
200044b0:	600a      	str	r2, [r1, #0]
200044b2:	2000      	movs	r0, #0
200044b4:	681b      	ldr	r3, [r3, #0]
200044b6:	f3bf 8f5f 	dmb	sy
200044ba:	2200      	movs	r2, #0
200044bc:	601a      	str	r2, [r3, #0]
200044be:	f38c 8810 	msr	PRIMASK, ip
200044c2:	4770      	bx	lr
200044c4:	22d0      	movs	r2, #208	; 0xd0
200044c6:	0612      	lsls	r2, r2, #24
200044c8:	7812      	ldrb	r2, [r2, #0]
200044ca:	b252      	sxtb	r2, r2
200044cc:	711a      	strb	r2, [r3, #4]
200044ce:	2001      	movs	r0, #1
200044d0:	e7f0      	b.n	200044b4 <mutex_try_enter+0x24>
200044d2:	2000      	movs	r0, #0
200044d4:	e7ee      	b.n	200044b4 <mutex_try_enter+0x24>
	...

200044d8 <mutex_enter_block_until>:
200044d8:	b5f8      	push	{r3, r4, r5, r6, r7, lr}
200044da:	46ce      	mov	lr, r9
200044dc:	4647      	mov	r7, r8
200044de:	b580      	push	{r7, lr}
200044e0:	0004      	movs	r4, r0
200044e2:	0017      	movs	r7, r2
200044e4:	4698      	mov	r8, r3
200044e6:	6803      	ldr	r3, [r0, #0]
200044e8:	2b00      	cmp	r3, #0
200044ea:	d020      	beq.n	2000452e <mutex_enter_block_until+0x56>
200044ec:	23d0      	movs	r3, #208	; 0xd0
200044ee:	061b      	lsls	r3, r3, #24
200044f0:	781b      	ldrb	r3, [r3, #0]
200044f2:	b25b      	sxtb	r3, r3
200044f4:	4699      	mov	r9, r3
200044f6:	6826      	ldr	r6, [r4, #0]
200044f8:	f3ef 8c10 	mrs	ip, PRIMASK
200044fc:	b672      	cpsid	i
200044fe:	6835      	ldr	r5, [r6, #0]
20004500:	2d00      	cmp	r5, #0
20004502:	d0fc      	beq.n	200044fe <mutex_enter_block_until+0x26>
20004504:	f3bf 8f5f 	dmb	sy
20004508:	2504      	movs	r5, #4
2000450a:	5765      	ldrsb	r5, [r4, r5]
2000450c:	2d00      	cmp	r5, #0
2000450e:	db14      	blt.n	2000453a <mutex_enter_block_until+0x62>
20004510:	6823      	ldr	r3, [r4, #0]
20004512:	f3bf 8f5f 	dmb	sy
20004516:	2200      	movs	r2, #0
20004518:	601a      	str	r2, [r3, #0]
2000451a:	f38c 8810 	msr	PRIMASK, ip
2000451e:	0038      	movs	r0, r7
20004520:	4641      	mov	r1, r8
20004522:	f7fd f983 	bl	2000182c <best_effort_wfe_or_timeout>
20004526:	2800      	cmp	r0, #0
20004528:	d0e5      	beq.n	200044f6 <mutex_enter_block_until+0x1e>
2000452a:	2000      	movs	r0, #0
2000452c:	e00f      	b.n	2000454e <mutex_enter_block_until+0x76>
2000452e:	4b0a      	ldr	r3, [pc, #40]	; (20004558 <mutex_enter_block_until+0x80>)
20004530:	4a0a      	ldr	r2, [pc, #40]	; (2000455c <mutex_enter_block_until+0x84>)
20004532:	2185      	movs	r1, #133	; 0x85
20004534:	480a      	ldr	r0, [pc, #40]	; (20004560 <mutex_enter_block_until+0x88>)
20004536:	f7fe f809 	bl	2000254c <__assert_func>
2000453a:	464b      	mov	r3, r9
2000453c:	7123      	strb	r3, [r4, #4]
2000453e:	6823      	ldr	r3, [r4, #0]
20004540:	f3bf 8f5f 	dmb	sy
20004544:	2200      	movs	r2, #0
20004546:	601a      	str	r2, [r3, #0]
20004548:	f38c 8810 	msr	PRIMASK, ip
2000454c:	2001      	movs	r0, #1
2000454e:	bcc0      	pop	{r6, r7}
20004550:	46b9      	mov	r9, r7
20004552:	46b0      	mov	r8, r6
20004554:	bdf8      	pop	{r3, r4, r5, r6, r7, pc}
20004556:	46c0      	nop			; (mov r8, r8)
20004558:	20004a7c 	.word	0x20004a7c
2000455c:	20004ad4 	.word	0x20004ad4
20004560:	20004a48 	.word	0x20004a48

20004564 <mutex_try_enter_block_until>:
20004564:	b570      	push	{r4, r5, r6, lr}
20004566:	b082      	sub	sp, #8
20004568:	0006      	movs	r6, r0
2000456a:	0015      	movs	r5, r2
2000456c:	001c      	movs	r4, r3
2000456e:	a901      	add	r1, sp, #4
20004570:	f7ff ff8e 	bl	20004490 <mutex_try_enter>
20004574:	2800      	cmp	r0, #0
20004576:	d107      	bne.n	20004588 <mutex_try_enter_block_until+0x24>
20004578:	9b01      	ldr	r3, [sp, #4]
2000457a:	b25b      	sxtb	r3, r3
2000457c:	22d0      	movs	r2, #208	; 0xd0
2000457e:	0612      	lsls	r2, r2, #24
20004580:	7812      	ldrb	r2, [r2, #0]
20004582:	b252      	sxtb	r2, r2
20004584:	4293      	cmp	r3, r2
20004586:	d101      	bne.n	2000458c <mutex_try_enter_block_until+0x28>
20004588:	b002      	add	sp, #8
2000458a:	bd70      	pop	{r4, r5, r6, pc}
2000458c:	002a      	movs	r2, r5
2000458e:	0023      	movs	r3, r4
20004590:	0030      	movs	r0, r6
20004592:	f7ff ffa1 	bl	200044d8 <mutex_enter_block_until>
20004596:	e7f7      	b.n	20004588 <mutex_try_enter_block_until+0x24>

20004598 <mutex_exit>:
20004598:	b510      	push	{r4, lr}
2000459a:	6802      	ldr	r2, [r0, #0]
2000459c:	f3ef 8110 	mrs	r1, PRIMASK
200045a0:	b672      	cpsid	i
200045a2:	6813      	ldr	r3, [r2, #0]
200045a4:	2b00      	cmp	r3, #0
200045a6:	d0fc      	beq.n	200045a2 <mutex_exit+0xa>
200045a8:	f3bf 8f5f 	dmb	sy
200045ac:	2304      	movs	r3, #4
200045ae:	56c3      	ldrsb	r3, [r0, r3]
200045b0:	2b00      	cmp	r3, #0
200045b2:	db0a      	blt.n	200045ca <mutex_exit+0x32>
200045b4:	23ff      	movs	r3, #255	; 0xff
200045b6:	7103      	strb	r3, [r0, #4]
200045b8:	6803      	ldr	r3, [r0, #0]
200045ba:	f3bf 8f5f 	dmb	sy
200045be:	2200      	movs	r2, #0
200045c0:	601a      	str	r2, [r3, #0]
200045c2:	f381 8810 	msr	PRIMASK, r1
200045c6:	bf40      	sev
200045c8:	bd10      	pop	{r4, pc}
200045ca:	4b03      	ldr	r3, [pc, #12]	; (200045d8 <mutex_exit+0x40>)
200045cc:	4a03      	ldr	r2, [pc, #12]	; (200045dc <mutex_exit+0x44>)
200045ce:	21b4      	movs	r1, #180	; 0xb4
200045d0:	4803      	ldr	r0, [pc, #12]	; (200045e0 <mutex_exit+0x48>)
200045d2:	f7fd ffbb 	bl	2000254c <__assert_func>
200045d6:	46c0      	nop			; (mov r8, r8)
200045d8:	20004a90 	.word	0x20004a90
200045dc:	20004ac8 	.word	0x20004ac8
200045e0:	20004a48 	.word	0x20004a48

200045e4 <flash_init_boot2_copyout>:
200045e4:	4b09      	ldr	r3, [pc, #36]	; (2000460c <flash_init_boot2_copyout+0x28>)
200045e6:	781b      	ldrb	r3, [r3, #0]
200045e8:	2b00      	cmp	r3, #0
200045ea:	d008      	beq.n	200045fe <flash_init_boot2_copyout+0x1a>
200045ec:	e00c      	b.n	20004608 <flash_init_boot2_copyout+0x24>
200045ee:	009a      	lsls	r2, r3, #2
200045f0:	2180      	movs	r1, #128	; 0x80
200045f2:	0549      	lsls	r1, r1, #21
200045f4:	1851      	adds	r1, r2, r1
200045f6:	6808      	ldr	r0, [r1, #0]
200045f8:	4905      	ldr	r1, [pc, #20]	; (20004610 <flash_init_boot2_copyout+0x2c>)
200045fa:	5050      	str	r0, [r2, r1]
200045fc:	3301      	adds	r3, #1
200045fe:	2b3f      	cmp	r3, #63	; 0x3f
20004600:	ddf5      	ble.n	200045ee <flash_init_boot2_copyout+0xa>
20004602:	4b02      	ldr	r3, [pc, #8]	; (2000460c <flash_init_boot2_copyout+0x28>)
20004604:	2201      	movs	r2, #1
20004606:	701a      	strb	r2, [r3, #0]
20004608:	4770      	bx	lr
2000460a:	46c0      	nop			; (mov r8, r8)
2000460c:	20005d50 	.word	0x20005d50
20004610:	200059ac 	.word	0x200059ac

20004614 <flash_enable_xip_via_boot2>:
20004614:	b510      	push	{r4, lr}
20004616:	4b02      	ldr	r3, [pc, #8]	; (20004620 <flash_enable_xip_via_boot2+0xc>)
20004618:	3301      	adds	r3, #1
2000461a:	4798      	blx	r3
2000461c:	bd10      	pop	{r4, pc}
2000461e:	46c0      	nop			; (mov r8, r8)
20004620:	200059ac 	.word	0x200059ac

20004624 <flash_cs_force>:
20004624:	2800      	cmp	r0, #0
20004626:	d00a      	beq.n	2000463e <flash_cs_force+0x1a>
20004628:	2303      	movs	r3, #3
2000462a:	021b      	lsls	r3, r3, #8
2000462c:	4a05      	ldr	r2, [pc, #20]	; (20004644 <flash_cs_force+0x20>)
2000462e:	6812      	ldr	r2, [r2, #0]
20004630:	4053      	eors	r3, r2
20004632:	22c0      	movs	r2, #192	; 0xc0
20004634:	0092      	lsls	r2, r2, #2
20004636:	4013      	ands	r3, r2
20004638:	4a03      	ldr	r2, [pc, #12]	; (20004648 <flash_cs_force+0x24>)
2000463a:	6013      	str	r3, [r2, #0]
2000463c:	4770      	bx	lr
2000463e:	2302      	movs	r3, #2
20004640:	e7f3      	b.n	2000462a <flash_cs_force+0x6>
20004642:	46c0      	nop			; (mov r8, r8)
20004644:	4001800c 	.word	0x4001800c
20004648:	4001900c 	.word	0x4001900c

2000464c <flash_do_cmd>:
2000464c:	b5f0      	push	{r4, r5, r6, r7, lr}
2000464e:	46d6      	mov	lr, sl
20004650:	464f      	mov	r7, r9
20004652:	4646      	mov	r6, r8
20004654:	b5c0      	push	{r6, r7, lr}
20004656:	0007      	movs	r7, r0
20004658:	000e      	movs	r6, r1
2000465a:	0015      	movs	r5, r2
2000465c:	2318      	movs	r3, #24
2000465e:	469a      	mov	sl, r3
20004660:	881b      	ldrh	r3, [r3, #0]
20004662:	2214      	movs	r2, #20
20004664:	4690      	mov	r8, r2
20004666:	8810      	ldrh	r0, [r2, #0]
20004668:	4928      	ldr	r1, [pc, #160]	; (2000470c <flash_do_cmd+0xc0>)
2000466a:	4798      	blx	r3
2000466c:	4681      	mov	r9, r0
2000466e:	4653      	mov	r3, sl
20004670:	881b      	ldrh	r3, [r3, #0]
20004672:	4642      	mov	r2, r8
20004674:	8810      	ldrh	r0, [r2, #0]
20004676:	4926      	ldr	r1, [pc, #152]	; (20004710 <flash_do_cmd+0xc4>)
20004678:	4798      	blx	r3
2000467a:	0004      	movs	r4, r0
2000467c:	4653      	mov	r3, sl
2000467e:	881b      	ldrh	r3, [r3, #0]
20004680:	4642      	mov	r2, r8
20004682:	8810      	ldrh	r0, [r2, #0]
20004684:	4923      	ldr	r1, [pc, #140]	; (20004714 <flash_do_cmd+0xc8>)
20004686:	4798      	blx	r3
20004688:	4680      	mov	r8, r0
2000468a:	464b      	mov	r3, r9
2000468c:	2b00      	cmp	r3, #0
2000468e:	d00c      	beq.n	200046aa <flash_do_cmd+0x5e>
20004690:	2c00      	cmp	r4, #0
20004692:	d00a      	beq.n	200046aa <flash_do_cmd+0x5e>
20004694:	2800      	cmp	r0, #0
20004696:	d008      	beq.n	200046aa <flash_do_cmd+0x5e>
20004698:	f7ff ffa4 	bl	200045e4 <flash_init_boot2_copyout>
2000469c:	47c8      	blx	r9
2000469e:	47a0      	blx	r4
200046a0:	2000      	movs	r0, #0
200046a2:	f7ff ffbf 	bl	20004624 <flash_cs_force>
200046a6:	002a      	movs	r2, r5
200046a8:	e00f      	b.n	200046ca <flash_do_cmd+0x7e>
200046aa:	4b1b      	ldr	r3, [pc, #108]	; (20004718 <flash_do_cmd+0xcc>)
200046ac:	4a1b      	ldr	r2, [pc, #108]	; (2000471c <flash_do_cmd+0xd0>)
200046ae:	2180      	movs	r1, #128	; 0x80
200046b0:	481b      	ldr	r0, [pc, #108]	; (20004720 <flash_do_cmd+0xd4>)
200046b2:	f7fd ff4b 	bl	2000254c <__assert_func>
200046b6:	2b00      	cmp	r3, #0
200046b8:	d007      	beq.n	200046ca <flash_do_cmd+0x7e>
200046ba:	2a00      	cmp	r2, #0
200046bc:	d005      	beq.n	200046ca <flash_do_cmd+0x7e>
200046be:	23c0      	movs	r3, #192	; 0xc0
200046c0:	055b      	lsls	r3, r3, #21
200046c2:	6e1b      	ldr	r3, [r3, #96]	; 0x60
200046c4:	7033      	strb	r3, [r6, #0]
200046c6:	3a01      	subs	r2, #1
200046c8:	3601      	adds	r6, #1
200046ca:	002b      	movs	r3, r5
200046cc:	4313      	orrs	r3, r2
200046ce:	d012      	beq.n	200046f6 <flash_do_cmd+0xaa>
200046d0:	23c0      	movs	r3, #192	; 0xc0
200046d2:	055b      	lsls	r3, r3, #21
200046d4:	6a9c      	ldr	r4, [r3, #40]	; 0x28
200046d6:	2308      	movs	r3, #8
200046d8:	4023      	ands	r3, r4
200046da:	07a1      	lsls	r1, r4, #30
200046dc:	d5eb      	bpl.n	200046b6 <flash_do_cmd+0x6a>
200046de:	2d00      	cmp	r5, #0
200046e0:	d0e9      	beq.n	200046b6 <flash_do_cmd+0x6a>
200046e2:	1b51      	subs	r1, r2, r5
200046e4:	290d      	cmp	r1, #13
200046e6:	d8e6      	bhi.n	200046b6 <flash_do_cmd+0x6a>
200046e8:	7838      	ldrb	r0, [r7, #0]
200046ea:	21c0      	movs	r1, #192	; 0xc0
200046ec:	0549      	lsls	r1, r1, #21
200046ee:	6608      	str	r0, [r1, #96]	; 0x60
200046f0:	3d01      	subs	r5, #1
200046f2:	3701      	adds	r7, #1
200046f4:	e7df      	b.n	200046b6 <flash_do_cmd+0x6a>
200046f6:	2001      	movs	r0, #1
200046f8:	f7ff ff94 	bl	20004624 <flash_cs_force>
200046fc:	47c0      	blx	r8
200046fe:	f7ff ff89 	bl	20004614 <flash_enable_xip_via_boot2>
20004702:	bce0      	pop	{r5, r6, r7}
20004704:	46ba      	mov	sl, r7
20004706:	46b1      	mov	r9, r6
20004708:	46a8      	mov	r8, r5
2000470a:	bdf0      	pop	{r4, r5, r6, r7, pc}
2000470c:	00004649 	.word	0x00004649
20004710:	00005845 	.word	0x00005845
20004714:	00004346 	.word	0x00004346
20004718:	20005774 	.word	0x20005774
2000471c:	200057b4 	.word	0x200057b4
20004720:	20005688 	.word	0x20005688
20004724:	735f7375 	.word	0x735f7375
20004728:	65636e69 	.word	0x65636e69
2000472c:	6f6f625f 	.word	0x6f6f625f
20004730:	3d3c2074 	.word	0x3d3c2074
20004734:	544e4920 	.word	0x544e4920
20004738:	4d5f3436 	.word	0x4d5f3436
2000473c:	00005841 	.word	0x00005841
20004740:	6d6f682f 	.word	0x6d6f682f
20004744:	69702f65 	.word	0x69702f65
20004748:	6369702f 	.word	0x6369702f
2000474c:	69702f6f 	.word	0x69702f6f
20004750:	732d6f63 	.word	0x732d6f63
20004754:	732f6b64 	.word	0x732f6b64
20004758:	632f6372 	.word	0x632f6372
2000475c:	6f6d6d6f 	.word	0x6f6d6d6f
20004760:	69702f6e 	.word	0x69702f6e
20004764:	625f6f63 	.word	0x625f6f63
20004768:	2f657361 	.word	0x2f657361
2000476c:	6c636e69 	.word	0x6c636e69
20004770:	2f656475 	.word	0x2f656475
20004774:	6f636970 	.word	0x6f636970
20004778:	7079742f 	.word	0x7079742f
2000477c:	682e7365 	.word	0x682e7365
20004780:	00000000 	.word	0x00000000
20004784:	25202c30 	.word	0x25202c30
20004788:	202c7534 	.word	0x202c7534
2000478c:	2c753425 	.word	0x2c753425
20004790:	75342520 	.word	0x75342520
20004794:	3425202c 	.word	0x3425202c
20004798:	30202c75 	.word	0x30202c75
2000479c:	0000000a 	.word	0x0000000a

200047a0 <__func__.0>:
200047a0:	61647075 755f6574 69735f73 5f65636e     update_us_since_
200047b0:	746f6f62 00000000 746c6564 3d3e2061     boot....delta >=
200047c0:	30322d20 26203834 65642026 2061746c      -2048 && delta 
200047d0:	32203d3c 20363430 21202626 6c656428     <= 2046 && !(del
200047e0:	26206174 00293120 6d6f682f 69702f65     ta & 1)./home/pi
200047f0:	6369702f 69702f6f 732d6f63 732f6b64     /pico/pico-sdk/s
20004800:	722f6372 635f3270 6f6d6d6f 61682f6e     rc/rp2_common/ha
20004810:	61776472 695f6572 692f7172 632e7172     rdware_irq/irq.c
20004820:	00000000 65642821 2061746c 31203e3e     ....!(delta >> 1
20004830:	00297531 72727563 20746e65 5f203d3d     1u).current == _
20004840:	686e755f 6c646e61 755f6465 5f726573     _unhandled_user_
20004850:	20717269 63207c7c 65727275 3d20746e     irq || current =
20004860:	6168203d 656c646e 00000072 5f717269     = handler...irq_
20004870:	646e6168 635f7265 6e696168 6572665f     hander_chain_fre
20004880:	6c735f65 685f746f 20646165 30203d3e     e_slot_head >= 0
20004890:	00000000 62617476 685f656c 6c646e61     ....vtable_handl
200048a0:	3d207265 5f5f203d 61686e75 656c646e     er == __unhandle
200048b0:	73755f64 695f7265 00007172 28282821     d_user_irq..!(((
200048c0:	6e697528 72747074 7629745f 6c626174     (uintptr_t)vtabl
200048d0:	61685f65 656c646e 2d202972 75282820     e_handler) - ((u
200048e0:	70746e69 745f7274 71726929 6e61685f     intptr_t)irq_han
200048f0:	72656c64 6168635f 735f6e69 73746f6c     dler_chain_slots
20004900:	202d2029 73252931 6f657a69 74732866     ) - 1)%sizeof(st
20004910:	74637572 71726920 6e61685f 72656c64     ruct irq_handler
20004920:	6168635f 735f6e69 29746f6c 00000029     _chain_slot))...
20004930:	63317830 203d3d20 6e692a28 3e297473     0x1c == (*inst)>
20004940:	7531313e 00000000 63786521 69747065     >11u....!excepti
20004950:	7c206e6f 7865207c 74706563 206e6f69     on || exception 
20004960:	6e203d3d 2b206d75 41545620 5f454c42     == num + VTABLE_
20004970:	53524946 52495f54 00000051 736c6166     FIRST_IRQ...fals
20004980:	00000065 735f7369 65726168 72695f64     e...is_shared_ir
20004990:	61725f71 61685f77 656c646e 6c732872     q_raw_handler(sl
200049a0:	685f746f 6c646e61 00297265 65637865     ot_handler).exce
200049b0:	6f697470 0000006e 6e756f66 00000064     ption...found...

200049c0 <__func__.0>:
200049c0:	5f717269 5f646461 6c696174 5f6f745f     irq_add_tail_to_
200049d0:	65657266 73696c5f 00000074              free_list...

200049dc <__func__.1>:
200049dc:	65736e69 625f7472 636e6172 6e615f68     insert_branch_an
200049ec:	696c5f64 00006b6e                       d_link..

200049f4 <__func__.2>:
200049f4:	5f717269 6f6d6572 685f6576 6c646e61     irq_remove_handl
20004a04:	00007265                                er..

20004a08 <__func__.3>:
20004a08:	656b616d 6172625f 0068636e              make_branch.

20004a14 <__func__.4>:
20004a14:	6f736572 5f65766c 6e617262 00006863     resolve_branch..

20004a24 <__func__.6>:
20004a24:	5f717269 5f746573 6c637865 76697375     irq_set_exclusiv
20004a34:	61685f65 656c646e 00000072 61746f74     e_handler...tota
20004a44:	0000006c 6d6f682f 69702f65 6369702f     l.../home/pi/pic
20004a54:	69702f6f 732d6f63 732f6b64 632f6372     o/pico-sdk/src/c
20004a64:	6f6d6d6f 69702f6e 735f6f63 2f636e79     ommon/pico_sync/
20004a74:	6574756d 00632e78 2d78746d 726f633e     mutex.c.mtx->cor
20004a84:	70732e65 6c5f6e69 006b636f 6b636f6c     e.spin_lock.lock
20004a94:	5f73695f 656e776f 64695f72 6c61765f     _is_owner_id_val
20004aa4:	6d286469 3e2d7874 656e776f 00002972     id(mtx->owner)..
20004ab4:	2d78746d 746e653e 635f7265 746e756f     mtx->enter_count
20004ac4:	00000000                                ....

20004ac8 <__func__.1>:
20004ac8:	6574756d 78655f78 00007469              mutex_exit..

20004ad4 <__func__.3>:
20004ad4:	6574756d 6e655f78 5f726574 636f6c62     mutex_enter_bloc
20004ae4:	6e755f6b 006c6974 3e2d7472 72616c61     k_until.rt->alar
20004af4:	64695f6d 203d3d20 00006469 6d6f682f     m_id == id../hom
20004b04:	69702f65 6369702f 69702f6f 732d6f63     e/pi/pico/pico-s
20004b14:	732f6b64 632f6372 6f6d6d6f 69702f6e     dk/src/common/pi
20004b24:	745f6f63 2f656d69 656d6974 0000632e     co_time/time.c..
20004b34:	26206469 64692026 203d3c20 6c6f6f70     id && id <= pool
20004b44:	65683e2d 3e2d7061 5f78616d 65646f6e     ->heap->max_node
20004b54:	00000073 26206469 64692026 203d3c20     s...id && id <= 
20004b64:	70616568 616d3e2d 6f6e5f78 00736564     heap->max_nodes.
20004b74:	6d6f682f 69702f65 6369702f 69702f6f     /home/pi/pico/pi
20004b84:	732d6f63 732f6b64 632f6372 6f6d6d6f     co-sdk/src/commo
20004b94:	69702f6e 755f6f63 2f6c6974 6c636e69     n/pico_util/incl
20004ba4:	2f656475 6f636970 6974752f 68702f6c     ude/pico/util/ph
20004bb4:	2e706165 00000068 65726170 695f746e     eap.h...parent_i
20004bc4:	00000064 6c696863 64695f64 00000000     d...child_id....
20004bd4:	65726170 695f746e 3d212064 69686320     parent_id != chi
20004be4:	695f646c 00000064 5f687021 746e6f63     ld_id...!ph_cont
20004bf4:	736e6961 646f6e5f 6f702865 3e2d6c6f     ains_node(pool->
20004c04:	70616568 6572202c 5f657375 00296469     heap, reuse_id).
20004c14:	6f6d6572 5f646576 3d206469 656e203d     removed_id == ne
20004c24:	695f7478 00000064 6c6c6163 6b636162     xt_id...callback
20004c34:	00000000 6c6f6f70 6c613e2d 5f6d7261     ....pool->alarm_
20004c44:	705f6e69 72676f72 20737365 6d203d3d     in_progress == m
20004c54:	5f656b61 6c627570 695f6369 64692864     ake_public_id(id
20004c64:	6769685f 6e202c68 5f747865 00296469     _high, next_id).
20004c74:	26206469 70212026 6f635f68 6961746e     id && !ph_contai
20004c84:	6e5f736e 2865646f 70616568 6469202c     ns_node(heap, id
20004c94:	00000029 61656821 663e2d70 5f656572     )...!heap->free_
20004ca4:	6c696174 0064695f 61666564 5f746c75     tail_id.default_
20004cb4:	72616c61 6f705f6d 695f6c6f 6974696e     alarm_pool_initi
20004cc4:	7a696c61 29286465 00000000 72616c61     alized()....alar
20004cd4:	64695f6d 203d2120 6c6f6f70 6c613e2d     m_id != pool->al
20004ce4:	5f6d7261 705f6e69 72676f72 00737365     arm_in_progress.
20004cf4:	00006372 65747441 6574706d 6f742064     rc..Attempted to
20004d04:	656c7320 69207065 6469736e 666f2065      sleep inside of
20004d14:	206e6120 65637865 6f697470 6168206e      an exception ha
20004d24:	656c646e 75203b72 62206573 5f797375     ndler; use busy_
20004d34:	74696177 20666920 20756f79 7473756d     wait if you must
20004d44:	00000000                                ....

20004d48 <__func__.1>:
20004d48:	72616c61 6f705f6d 635f6c6f 65636e61     alarm_pool_cance
20004d58:	6c615f6c 006d7261                       l_alarm.

20004d60 <__func__.10>:
20004d60:	61647075 755f6574 69735f73 5f65636e     update_us_since_
20004d70:	746f6f62 00000000                       boot....

20004d78 <__func__.11>:
20004d78:	72616c61 6f705f6d 615f6c6f 6d72616c     alarm_pool_alarm
20004d88:	6c61635f 6361626c 0000006b              _callback...

20004d94 <__func__.12>:
20004d94:	5f746567 72746e65 00000079              get_entry...

20004da0 <__func__.3>:
20004da0:	72616c61 6f705f6d 675f6c6f 645f7465     alarm_pool_get_d
20004db0:	75616665 0000746c                       efault..

20004db8 <__func__.4>:
20004db8:	5f746567 72746e65 64695f79 6769685f     get_entry_id_hig
20004dc8:	00000068                                h...

20004dcc <__func__.5>:
20004dcc:	665f6870 5f656572 65646f6e 00000000     ph_free_node....

20004ddc <__func__.6>:
20004ddc:	615f6870 635f6464 646c6968 646f6e5f     ph_add_child_nod
20004dec:	00000065                                e...

20004df0 <__func__.7>:
20004df0:	695f6870 7265736e 6f6e5f74 00006564     ph_insert_node..

20004e00 <__func__.8>:
20004e00:	675f6870 6e5f7465 0065646f              ph_get_node.

20004e0c <__func__.9>:
20004e0c:	5f646461 72616c61 6e755f6d 5f726564     add_alarm_under_
20004e1c:	6b636f6c 00000000 64726148 65726177     lock....Hardware
20004e2c:	616c6120 25206d72 6c612064 64616572      alarm %d alread
20004e3c:	6c632079 656d6961 00000064 656d6974     y claimed...time
20004e4c:	77685f72 6e693e2d 26207374 20753120     r_hw->ints & 1u 
20004e5c:	61203c3c 6d72616c 6d756e5f 00000000     << alarm_num....
20004e6c:	6d6f682f 69702f65 6369702f 69702f6f     /home/pi/pico/pi
20004e7c:	732d6f63 732f6b64 722f6372 635f3270     co-sdk/src/rp2_c
20004e8c:	6f6d6d6f 61682f6e 61776472 745f6572     ommon/hardware_t
20004e9c:	72656d69 6d69742f 632e7265 00000000     imer/timer.c....

20004eac <__func__.0>:
20004eac:	64726168 65726177 616c615f 735f6d72     hardware_alarm_s
20004ebc:	745f7465 65677261 00000074              et_target...

20004ec8 <__func__.1>:
20004ec8:	61647075 755f6574 69735f73 5f65636e     update_us_since_
20004ed8:	746f6f62 00000000 746f6f72 0064695f     boot....root_id.
20004ee8:	6d6f682f 69702f65 6369702f 69702f6f     /home/pi/pico/pi
20004ef8:	732d6f63 732f6b64 632f6372 6f6d6d6f     co-sdk/src/commo
20004f08:	69702f6e 755f6f63 2f6c6974 61656870     n/pico_util/phea
20004f18:	00632e70 5f687021 5f746567 65646f6e     p.c.!ph_get_node
20004f28:	61656828 72202c70 5f746f6f 2d296469     (heap, root_id)-
20004f38:	6269733e 676e696c 00000000 5f687021     >sibling....!ph_
20004f48:	5f746567 65646f6e 61656828 72202c70     get_node(heap, r
20004f58:	5f746f6f 2d296469 7261703e 00746e65     oot_id)->parent.
20004f68:	5f77656e 5f627573 65657274 203d2120     new_sub_tree != 
20004f78:	70616568 6f723e2d 695f746f 00000064     heap->root_id...

20004f88 <__func__.0>:
20004f88:	725f6870 766f6d65 6e615f65 72665f64     ph_remove_and_fr
20004f98:	6e5f6565 0065646f                       ee_node.

20004fa0 <__func__.1>:
20004fa0:	725f6870 766f6d65 6e615f65 65685f79     ph_remove_any_he
20004fb0:	00006461                                ad..

20004fb4 <__func__.2>:
20004fb4:	615f6870 635f6464 646c6968 646f6e5f     ph_add_child_nod
20004fc4:	00000065                                e...

20004fc8 <__func__.3>:
20004fc8:	675f6870 6e5f7465 0065646f 5f637273     ph_get_node.src_
20004fd8:	71657266 203d3e20 71657266 00000000     freq >= freq....
20004fe8:	6d6f682f 69702f65 6369702f 69702f6f     /home/pi/pico/pi
20004ff8:	732d6f63 732f6b64 722f6372 635f3270     co-sdk/src/rp2_c
20005008:	6f6d6d6f 61682f6e 61776472 635f6572     ommon/hardware_c
20005018:	6b636f6c 6c632f73 736b636f 0000632e     locks/clocks.c..

20005028 <__func__.1>:
20005028:	636f6c63 6f635f6b 6769666e 00657275     clock_configure.
20005038:	5f6f6376 71657266 203d3e20 43495028     vco_freq >= (PIC
20005048:	4c505f4f 43565f4c 494d5f4f 52465f4e     O_PLL_VCO_MIN_FR
20005058:	4b5f5145 2a205a48 5a484b20 26262029     EQ_KHZ * KHZ) &&
20005068:	6f637620 6572665f 3d3c2071 49502820      vco_freq <= (PI
20005078:	505f4f43 565f4c4c 4d5f4f43 465f5841     CO_PLL_VCO_MAX_F
20005088:	5f514552 205a484b 484b202a 0000295a     REQ_KHZ * KHZ)..
20005098:	6d6f682f 69702f65 6369702f 69702f6f     /home/pi/pico/pi
200050a8:	732d6f63 732f6b64 722f6372 635f3270     co-sdk/src/rp2_c
200050b8:	6f6d6d6f 61682f6e 61776472 705f6572     ommon/hardware_p
200050c8:	702f6c6c 632e6c6c 00000000 69646266     ll/pll.c....fbdi
200050d8:	3d3e2076 20363120 66202626 76696462     v >= 16 && fbdiv
200050e8:	203d3c20 00303233 736f7028 69645f74      <= 320.(post_di
200050f8:	3e203176 2031203d 70202626 5f74736f     v1 >= 1 && post_
20005108:	31766964 203d3c20 26202937 70282026     div1 <= 7) && (p
20005118:	5f74736f 32766964 203d3e20 26262031     ost_div2 >= 1 &&
20005128:	736f7020 69645f74 3c203276 2937203d      post_div2 <= 7)
20005138:	00000000 5f666572 71657266 203d3c20     ....ref_freq <= 
20005148:	6f637628 6572665f 202f2071 00293631     (vco_freq / 16).

20005158 <__func__.0>:
20005158:	5f6c6c70 74696e69 00000000 7566202c     pll_init...., fu
20005168:	6974636e 203a6e6f 00000000 65737361     nction: ....asse
20005178:	6f697472 2522206e 66202273 656c6961     rtion "%s" faile
20005188:	66203a64 20656c69 22732522 696c202c     d: file "%s", li
20005198:	2520656e 25732564 00000a73 3d3d2031     ne %d%s%s...1 ==
200051a8:	69752820 7470746e 29745f72 733e2d6c      (uintptr_t)l->s
200051b8:	5f6e6970 6b636f6c 00000000 6d6f682f     pin_lock..../hom
200051c8:	69702f65 6369702f 69702f6f 732d6f63     e/pi/pico/pico-s
200051d8:	732f6b64 722f6372 635f3270 6f6d6d6f     dk/src/rp2_commo
200051e8:	69702f6e 725f6f63 69746e75 722f656d     n/pico_runtime/r
200051f8:	69746e75 632e656d 00000000 2a2a2a0a     untime.c.....***
20005208:	4e415020 2a204349 000a2a2a               PANIC ***..

20005214 <__func__.2>:
20005214:	746e7572 5f656d69 74696e69 00000000     runtime_init....
20005224:	00696e66 2b696e66 00000000 006e616e     fni.fni+....nan.
20005234:	2d696e66 00000000 20003262 20003212     fni-....b2. .2. 
20005244:	20003212 2000326c 20003212 20003212     .2. l2. .2. .2. 
20005254:	20003212 20003212 20003212 20003212     .2. .2. .2. .2. 
20005264:	20003212 20003258 20003212 2000324e     .2. X2. .2. N2. 
20005274:	20003212 20003212 20003244 20003304     .2. .2. D2. .3. 
20005284:	2000332a 20003342 2000332a 200032e4     *3. B3. *3. .2. 
20005294:	2000332a 2000332a 2000332a 2000332a     *3. *3. *3. *3. 
200052a4:	2000332a 2000332a 2000332a 20003320     *3. *3. *3.  3. 
200052b4:	2000332a 2000332a 2000332a 2000332a     *3. *3. *3. *3. 
200052c4:	2000332a 2000334e 2000377e 20003794     *3. N3. ~7. .7. 
200052d4:	20003794 20003794 20003794 20003794     .7. .7. .7. .7. 
200052e4:	20003794 20003794 20003794 20003794     .7. .7. .7. .7. 
200052f4:	20003794 20003794 20003794 20003794     .7. .7. .7. .7. 
20005304:	20003794 20003794 20003794 20003794     .7. .7. .7. .7. 
20005314:	20003794 20003794 20003794 20003794     .7. .7. .7. .7. 
20005324:	20003794 20003794 20003794 20003794     .7. .7. .7. .7. 
20005334:	20003794 20003794 20003794 20003794     .7. .7. .7. .7. 
20005344:	20003794 20003794 200035a6 20003566     .7. .7. .5. f5. 
20005354:	200035a6 20003794 20003794 20003794     .5. .7. .7. .7. 
20005364:	20003794 20003794 20003794 20003794     .7. .7. .7. .7. 
20005374:	20003794 20003794 20003794 20003794     .7. .7. .7. .7. 
20005384:	20003794 20003794 20003794 20003794     .7. .7. .7. .7. 
20005394:	20003794 2000335a 20003794 20003794     .7. Z3. .7. .7. 
200053a4:	20003794 20003794 20003794 20003794     .7. .7. .7. .7. 
200053b4:	20003794 20003794 20003794 2000335a     .7. .7. .7. Z3. 
200053c4:	200035f6 2000335a 200035a6 20003566     .5. Z3. .5. f5. 
200053d4:	200035a6 20003794 2000335a 20003794     .5. .7. Z3. .7. 
200053e4:	20003794 20003794 20003794 20003794     .7. .7. .7. .7. 
200053f4:	2000335a 20003748 20003794 20003794     Z3. H7. .7. .7. 
20005404:	2000366e 20003794 2000335a 20003794     n6. .7. Z3. .7. 
20005414:	20003794 2000335a 00000000              .7. Z3. ....

20005420 <pow10.0>:
20005420:	00000000 3ff00000 00000000 40240000     .......?......$@
20005430:	00000000 40590000 00000000 408f4000     ......Y@.....@.@
20005440:	00000000 40c38800 00000000 40f86a00     .......@.....j.@
20005450:	00000000 412e8480 00000000 416312d0     .......A......cA
20005460:	00000000 4197d784 00000000 41cdcd65     .......A....e..A
20005470:	7373696d 20676e69 62756f64 6620656c     missing double f
20005480:	74636e75 006e6f69 7528282a 38746e69     unction.*((uint8
20005490:	2a20745f 6d6f7229 7461645f 6f6c5f61     _t *)rom_data_lo
200054a0:	70756b6f 6d6f7228 6261745f 635f656c     okup(rom_table_c
200054b0:	2865646f 2c275327 27462720 322d2929     ode('S', 'F'))-2
200054c0:	202a2029 3d3e2034 5f465320 4c424154     ) * 4 >= SF_TABL
200054d0:	32565f45 5a49535f 00000045 6d6f682f     E_V2_SIZE.../hom
200054e0:	69702f65 6369702f 69702f6f 732d6f63     e/pi/pico/pico-s
200054f0:	732f6b64 722f6372 635f3270 6f6d6d6f     dk/src/rp2_commo
20005500:	69702f6e 645f6f63 6c62756f 6f642f65     n/pico_double/do
20005510:	656c6275 696e695f 6f725f74 00632e6d     uble_init_rom.c.

20005520 <__func__.0>:
20005520:	65615f5f 5f696261 62756f64 695f656c     __aeabi_double_i
20005530:	0074696e 7528282a 38746e69 2a20745f     nit.*((uint8_t *
20005540:	6d6f7229 6261745f 322d656c 202a2029     )rom_table-2) * 
20005550:	3d3e2034 5f465320 4c424154 32565f45     4 >= SF_TABLE_V2
20005560:	5a49535f 00000045 6d6f682f 69702f65     _SIZE.../home/pi
20005570:	6369702f 69702f6f 732d6f63 732f6b64     /pico/pico-sdk/s
20005580:	722f6372 635f3270 6f6d6d6f 69702f6e     rc/rp2_common/pi
20005590:	665f6f63 74616f6c 6f6c662f 695f7461     co_float/float_i
200055a0:	5f74696e 2e6d6f72 00000063              nit_rom.c...

200055ac <__func__.0>:
200055ac:	65615f5f 5f696261 616f6c66 6e695f74     __aeabi_float_in
200055bc:	00007469 75626544 00000067 746f6f62     it..Debug...boot
200055cc:	32775f32 38307135 00000030 00312e30     2_w25q080...0.1.
200055dc:	2e352e31 00000031 32326e6e 72616f62     1.5.1...nn22boar
200055ec:	00000064 6c727443 72616f42 72694664     d...CtrlBoardFir
200055fc:	7261776d 00000065 20727041 32203032     mware...Apr 20 2
2000560c:	00343230                                024.

20005610 <__bi_44>:
20005610:	50520006 b63cffbb 200055e4              ..RP..<..U. 

2000561c <__bi_56>:
2000561c:	50520006 11a9bc3a 200055d8              ..RP:....U. 

20005628 <__bi_75>:
20005628:	50520006 7f8882e1 200055c8              ..RP.....U. 

20005634 <__bi_81>:
20005634:	50520006 4275f0d3 200055c0              ..RP..uB.U. 

20005640 <__func__.3>:
20005640:	61647075 755f6574 69735f73 5f65636e     update_us_since_
20005650:	746f6f62 00000000                       boot....

20005658 <crlf_str.2>:
20005658:	00000a0d 73616c66 666f5f68 2b207366     ....flash_offs +
20005668:	756f6320 3c20746e 4950203d 465f4f43      count <= PICO_F
20005678:	4853414c 5a49535f 59425f45 00534554     LASH_SIZE_BYTES.
20005688:	6d6f682f 69702f65 6369702f 69702f6f     /home/pi/pico/pi
20005698:	732d6f63 732f6b64 722f6372 635f3270     co-sdk/src/rp2_c
200056a8:	6f6d6d6f 61682f6e 61776472 665f6572     ommon/hardware_f
200056b8:	6873616c 616c662f 632e6873 00000000     lash/flash.c....
200056c8:	6e6e6f63 5f746365 65746e69 6c616e72     connect_internal
200056d8:	616c665f 26206873 6c662026 5f687361     _flash && flash_
200056e8:	74697865 7069785f 20262620 73616c66     exit_xip && flas
200056f8:	61725f68 5f65676e 73617265 26262065     h_range_erase &&
20005708:	616c6620 665f6873 6873756c 6361635f      flash_flush_cac
20005718:	00006568 6e6e6f63 5f746365 65746e69     he..connect_inte
20005728:	6c616e72 616c665f 26206873 6c662026     rnal_flash && fl
20005738:	5f687361 74697865 7069785f 20262620     ash_exit_xip && 
20005748:	73616c66 61725f68 5f65676e 676f7270     flash_range_prog
20005758:	206d6172 66202626 6873616c 756c665f     ram && flash_flu
20005768:	635f6873 65686361 00000000 6e6e6f63     sh_cache....conn
20005778:	5f746365 65746e69 6c616e72 616c665f     ect_internal_fla
20005788:	26206873 6c662026 5f687361 74697865     sh && flash_exit
20005798:	7069785f 20262620 73616c66 6c665f68     _xip && flash_fl
200057a8:	5f687375 68636163 00000065              ush_cache...

200057b4 <__func__.0>:
200057b4:	73616c66 6f645f68 646d635f 00000000     flash_do_cmd....

200057c4 <striped_spin_lock_num>:
200057c4:	00000010                                ....

200057c8 <irq_handler_chain_slots>:
200057c8:	00000000 	.word	0x00000000
200057cc:	00010000 	.word	0x00010000
	...
200057d8:	00020000 	.word	0x00020000
	...
200057e4:	00030000 	.word	0x00030000
	...
200057f0:	00ff0000 	.word	0x00ff0000
200057f4:	00000000 	.word	0x00000000

200057f8 <irq_handler_chain_first_slot>:
200057f8:	b501      	push	{r0, lr}
200057fa:	6848      	ldr	r0, [r1, #4]
200057fc:	3101      	adds	r1, #1
200057fe:	468e      	mov	lr, r1
20005800:	4700      	bx	r0

20005802 <irq_handler_chain_remove_tail>:
20005802:	4670      	mov	r0, lr
20005804:	3809      	subs	r0, #9
20005806:	4901      	ldr	r1, [pc, #4]	; (2000580c <irq_handler_chain_remove_tail+0xa>)
20005808:	4788      	blx	r1
2000580a:	bd01      	pop	{r0, pc}
2000580c:	20000c25 	.word	0x20000c25

20005810 <default_alarm_pool>:
20005810:	20005828 00000000 20005880 20005ad4     (X. .....X. .Z. 
	...

20005828 <default_alarm_pool_heap>:
20005828:	20005ae4 00000000 00000000 00000010     .Z. ............
	...

20005840 <aeabi_bits_funcs>:
20005840:	00003350 	.word	0x00003350
20005844:	0000334c 	.word	0x0000334c
20005848:	00003354 	.word	0x00003354
2000584c:	00003352 	.word	0x00003352

20005850 <aeabi_bits_funcs_end>:
20005850:	0000534d 	.word	0x0000534d
20005854:	0000434d 	.word	0x0000434d
20005858:	00003453 	.word	0x00003453
2000585c:	00003443 	.word	0x00003443

20005860 <print_mutex>:
	...

20005868 <__mutex_array_end>:
20005868:	200040cd 	.word	0x200040cd
2000586c:	20003821 	.word	0x20003821
20005870:	20003f05 	.word	0x20003f05
20005874:	20004045 	.word	0x20004045

20005878 <__frame_dummy_init_array_entry>:
20005878:	20000139 20004389                       9.. .C. 
