The target system is: PICO -  - cortex-m0plus
The host system is: Linux - 6.5.0-45-generic - x86_64
Compiling the C compiler identification source file "CMakeCCompilerId.c" succeeded.
Compiler: /usr/bin/arm-none-eabi-gcc 
Build flags: ;-mcpu=cortex-m0plus;-mthumb
Id flags: -c 

The output was:
0


Compilation of the C compiler identification source "CMakeCCompilerId.c" produced "CMakeCCompilerId.o"

The C compiler identification is GNU, found in "/home/pi/NN2022Code/SrcBoardFirmware/build/CMakeFiles/3.22.1/CompilerIdC/CMakeCCompilerId.o"

Compiling the CXX compiler identification source file "CMakeCXXCompilerId.cpp" succeeded.
Compiler: /usr/bin/arm-none-eabi-g++ 
Build flags: ;-mcpu=cortex-m0plus;-mthumb
Id flags: -c 

The output was:
0


Compilation of the CXX compiler identification source "CMakeCXXCompilerId.cpp" produced "CMakeCXXCompilerId.o"

The CXX compiler identification is GNU, found in "/home/pi/NN2022Code/SrcBoardFirmware/build/CMakeFiles/3.22.1/CompilerIdCXX/CMakeCXXCompilerId.o"

Checking whether the ASM compiler is GNU using "--version" matched "(GNU assembler)|(GCC)|(Free Software Foundation)":
arm-none-eabi-gcc (15:10.3-2021.07-4) 10.3.1 20210621 (release)
Copyright (C) 2020 Free Software Foundation, Inc.
This is free software; see the source for copying conditions.  There is NO
warranty; not even for MERCHANTABILITY or FITNESS FOR A PARTICULAR PURPOSE.

Detecting C compiler ABI info compiled with the following output:
Change Dir: /home/pi/NN2022Code/SrcBoardFirmware/build/CMakeFiles/CMakeTmp

Run Build Command(s):/usr/bin/gmake -f Makefile cmTC_f391e/fast && /usr/bin/gmake  -f CMakeFiles/cmTC_f391e.dir/build.make CMakeFiles/cmTC_f391e.dir/build
gmake[1]: Entering directory '/home/pi/NN2022Code/SrcBoardFirmware/build/CMakeFiles/CMakeTmp'
Building C object CMakeFiles/cmTC_f391e.dir/CMakeCCompilerABI.c.obj
/usr/bin/arm-none-eabi-gcc   -mcpu=cortex-m0plus -mthumb    -v -o CMakeFiles/cmTC_f391e.dir/CMakeCCompilerABI.c.obj -c /usr/share/cmake-3.22/Modules/CMakeCCompilerABI.c
Using built-in specs.
COLLECT_GCC=/usr/bin/arm-none-eabi-gcc
Target: arm-none-eabi
Configured with: ../configure --build=x86_64-linux-gnu --prefix=/usr --includedir='/usr/lib/include' --mandir='/usr/lib/share/man' --infodir='/usr/lib/share/info' --sysconfdir=/etc --localstatedir=/var --disable-option-checking --disable-silent-rules --libdir='/usr/lib/lib/x86_64-linux-gnu' --libexecdir='/usr/lib/lib/x86_64-linux-gnu' --disable-maintainer-mode --disable-dependency-tracking --mandir=/usr/share/man --enable-languages=c,c++,lto --enable-multilib --disable-decimal-float --disable-libffi --disable-libgomp --disable-libmudflap --disable-libquadmath --disable-libssp --disable-libstdcxx-pch --disable-nls --disable-shared --disable-threads --enable-tls --build=x86_64-linux-gnu --target=arm-none-eabi --with-system-zlib --with-gnu-as --with-gnu-ld --with-pkgversion=15:10.3-2021.07-4 --without-included-gettext --prefix=/usr/lib --infodir=/usr/share/doc/gcc-arm-none-eabi/info --htmldir=/usr/share/doc/gcc-arm-none-eabi/html --pdfdir=/usr/share/doc/gcc-arm-none-eabi/pdf --bindir=/usr/bin --libexecdir=/usr/lib --libdir=/usr/lib --disable-libstdc++-v3 --host=x86_64-linux-gnu --with-headers=no --without-newlib --with-multilib-list=rmprofile,aprofile CFLAGS='-g -O2 -ffile-prefix-map=/build/gcc-arm-none-eabi-hYfgK4/gcc-arm-none-eabi-10.3-2021.07=. -flto=auto -ffat-lto-objects -fstack-protector-strong' CPPFLAGS='-Wdate-time -D_FORTIFY_SOURCE=2' CXXFLAGS='-g -O2 -ffile-prefix-map=/build/gcc-arm-none-eabi-hYfgK4/gcc-arm-none-eabi-10.3-2021.07=. -flto=auto -ffat-lto-objects -fstack-protector-strong' DFLAGS=-frelease FCFLAGS='-g -O2 -ffile-prefix-map=/build/gcc-arm-none-eabi-hYfgK4/gcc-arm-none-eabi-10.3-2021.07=. -flto=auto -ffat-lto-objects -fstack-protector-strong' FFLAGS='-g -O2 -ffile-prefix-map=/build/gcc-arm-none-eabi-hYfgK4/gcc-arm-none-eabi-10.3-2021.07=. -flto=auto -ffat-lto-objects -fstack-protector-strong' GCJFLAGS='-g -O2 -ffile-prefix-map=/build/gcc-arm-none-eabi-hYfgK4/gcc-arm-none-eabi-10.3-2021.07=. -fstack-protector-strong' LDFLAGS='-Wl,-Bsymbolic-functions -flto=auto -Wl,-z,relro' OBJCFLAGS='-g -O2 -ffile-prefix-map=/build/gcc-arm-none-eabi-hYfgK4/gcc-arm-none-eabi-10.3-2021.07=. -flto=auto -ffat-lto-objects -fstack-protector-strong' OBJCXXFLAGS='-g -O2 -ffile-prefix-map=/build/gcc-arm-none-eabi-hYfgK4/gcc-arm-none-eabi-10.3-2021.07=. -flto=auto -ffat-lto-objects -fstack-protector-strong' INHIBIT_LIBC_CFLAGS=-DUSE_TM_CLONE_REGISTRY=0 AR_FOR_TARGET=arm-none-eabi-ar AS_FOR_TARGET=arm-none-eabi-as LD_FOR_TARGET=arm-none-eabi-ld NM_FOR_TARGET=arm-none-eabi-nm OBJDUMP_FOR_TARGET=arm-none-eabi-objdump RANLIB_FOR_TARGET=arm-none-eabi-ranlib READELF_FOR_TARGET=arm-none-eabi-readelf STRIP_FOR_TARGET=arm-none-eabi-strip SED=/bin/sed SHELL=/bin/sh BASH=/bin/bash CONFIG_SHELL=/bin/bash
Thread model: single
Supported LTO compression algorithms: zlib
gcc version 10.3.1 20210621 (release) (15:10.3-2021.07-4) 
COLLECT_GCC_OPTIONS='-mcpu=cortex-m0plus' '-mthumb' '-v' '-o' 'CMakeFiles/cmTC_f391e.dir/CMakeCCompilerABI.c.obj' '-c' '-mfloat-abi=soft' '-mlibarch=armv6s-m' '-march=armv6s-m'
 /usr/lib/gcc/arm-none-eabi/10.3.1/cc1 -quiet -v -imultilib thumb/v6-m/nofp -D__USES_INITFINI__ /usr/share/cmake-3.22/Modules/CMakeCCompilerABI.c -quiet -dumpbase CMakeCCompilerABI.c -mcpu=cortex-m0plus -mthumb -mfloat-abi=soft -mlibarch=armv6s-m -march=armv6s-m -auxbase-strip CMakeFiles/cmTC_f391e.dir/CMakeCCompilerABI.c.obj -version -o /tmp/ccgqXqqo.s
GNU C17 (15:10.3-2021.07-4) version 10.3.1 20210621 (release) (arm-none-eabi)
	compiled by GNU C version 11.2.0, GMP version 6.2.1, MPFR version 4.1.0, MPC version 1.2.1, isl version isl-0.24-GMP

GGC heuristics: --param ggc-min-expand=100 --param ggc-min-heapsize=131072
ignoring nonexistent directory "/usr/lib/gcc/arm-none-eabi/10.3.1/../../../arm-none-eabi/sys-include"
#include "..." search starts here:
#include <...> search starts here:
 /usr/lib/gcc/arm-none-eabi/10.3.1/include
 /usr/lib/gcc/arm-none-eabi/10.3.1/include-fixed
 /usr/lib/gcc/arm-none-eabi/10.3.1/../../../arm-none-eabi/include
End of search list.
GNU C17 (15:10.3-2021.07-4) version 10.3.1 20210621 (release) (arm-none-eabi)
	compiled by GNU C version 11.2.0, GMP version 6.2.1, MPFR version 4.1.0, MPC version 1.2.1, isl version isl-0.24-GMP

GGC heuristics: --param ggc-min-expand=100 --param ggc-min-heapsize=131072
Compiler executable checksum: 4cf7574ae54eb0935abb4a8c56f8bcfe
COLLECT_GCC_OPTIONS='-mcpu=cortex-m0plus' '-mthumb' '-v' '-o' 'CMakeFiles/cmTC_f391e.dir/CMakeCCompilerABI.c.obj' '-c' '-mfloat-abi=soft' '-mlibarch=armv6s-m' '-march=armv6s-m'
 /usr/lib/gcc/arm-none-eabi/10.3.1/../../../arm-none-eabi/bin/as -v -march=armv6s-m -mfloat-abi=soft -meabi=5 -o CMakeFiles/cmTC_f391e.dir/CMakeCCompilerABI.c.obj /tmp/ccgqXqqo.s
GNU assembler version 2.38 (arm-none-eabi) using BFD version (2.38-3ubuntu1+15build1) 2.38
COMPILER_PATH=/usr/lib/gcc/arm-none-eabi/10.3.1/:/usr/lib/gcc/arm-none-eabi/10.3.1/:/usr/lib/gcc/arm-none-eabi/:/usr/lib/gcc/arm-none-eabi/10.3.1/:/usr/lib/gcc/arm-none-eabi/:/usr/lib/gcc/arm-none-eabi/10.3.1/../../../arm-none-eabi/bin/
LIBRARY_PATH=/usr/lib/gcc/arm-none-eabi/10.3.1/thumb/v6-m/nofp/:/usr/lib/gcc/arm-none-eabi/10.3.1/../../../arm-none-eabi/lib/thumb/v6-m/nofp/:/usr/lib/gcc/arm-none-eabi/10.3.1/:/usr/lib/gcc/arm-none-eabi/10.3.1/../../../arm-none-eabi/lib/
COLLECT_GCC_OPTIONS='-mcpu=cortex-m0plus' '-mthumb' '-v' '-o' 'CMakeFiles/cmTC_f391e.dir/CMakeCCompilerABI.c.obj' '-c' '-mfloat-abi=soft' '-mlibarch=armv6s-m' '-march=armv6s-m'
Linking C executable cmTC_f391e.elf
/usr/bin/cmake -E cmake_link_script CMakeFiles/cmTC_f391e.dir/link.txt --verbose=1
/usr/bin/arm-none-eabi-gcc -mcpu=cortex-m0plus -mthumb  -Wl,--build-id=none -nostdlib  -v CMakeFiles/cmTC_f391e.dir/CMakeCCompilerABI.c.obj -o cmTC_f391e.elf 
Using built-in specs.
COLLECT_GCC=/usr/bin/arm-none-eabi-gcc
COLLECT_LTO_WRAPPER=/usr/lib/gcc/arm-none-eabi/10.3.1/lto-wrapper
Target: arm-none-eabi
Configured with: ../configure --build=x86_64-linux-gnu --prefix=/usr --includedir='/usr/lib/include' --mandir='/usr/lib/share/man' --infodir='/usr/lib/share/info' --sysconfdir=/etc --localstatedir=/var --disable-option-checking --disable-silent-rules --libdir='/usr/lib/lib/x86_64-linux-gnu' --libexecdir='/usr/lib/lib/x86_64-linux-gnu' --disable-maintainer-mode --disable-dependency-tracking --mandir=/usr/share/man --enable-languages=c,c++,lto --enable-multilib --disable-decimal-float --disable-libffi --disable-libgomp --disable-libmudflap --disable-libquadmath --disable-libssp --disable-libstdcxx-pch --disable-nls --disable-shared --disable-threads --enable-tls --build=x86_64-linux-gnu --target=arm-none-eabi --with-system-zlib --with-gnu-as --with-gnu-ld --with-pkgversion=15:10.3-2021.07-4 --without-included-gettext --prefix=/usr/lib --infodir=/usr/share/doc/gcc-arm-none-eabi/info --htmldir=/usr/share/doc/gcc-arm-none-eabi/html --pdfdir=/usr/share/doc/gcc-arm-none-eabi/pdf --bindir=/usr/bin --libexecdir=/usr/lib --libdir=/usr/lib --disable-libstdc++-v3 --host=x86_64-linux-gnu --with-headers=no --without-newlib --with-multilib-list=rmprofile,aprofile CFLAGS='-g -O2 -ffile-prefix-map=/build/gcc-arm-none-eabi-hYfgK4/gcc-arm-none-eabi-10.3-2021.07=. -flto=auto -ffat-lto-objects -fstack-protector-strong' CPPFLAGS='-Wdate-time -D_FORTIFY_SOURCE=2' CXXFLAGS='-g -O2 -ffile-prefix-map=/build/gcc-arm-none-eabi-hYfgK4/gcc-arm-none-eabi-10.3-2021.07=. -flto=auto -ffat-lto-objects -fstack-protector-strong' DFLAGS=-frelease FCFLAGS='-g -O2 -ffile-prefix-map=/build/gcc-arm-none-eabi-hYfgK4/gcc-arm-none-eabi-10.3-2021.07=. -flto=auto -ffat-lto-objects -fstack-protector-strong' FFLAGS='-g -O2 -ffile-prefix-map=/build/gcc-arm-none-eabi-hYfgK4/gcc-arm-none-eabi-10.3-2021.07=. -flto=auto -ffat-lto-objects -fstack-protector-strong' GCJFLAGS='-g -O2 -ffile-prefix-map=/build/gcc-arm-none-eabi-hYfgK4/gcc-arm-none-eabi-10.3-2021.07=. -fstack-protector-strong' LDFLAGS='-Wl,-Bsymbolic-functions -flto=auto -Wl,-z,relro' OBJCFLAGS='-g -O2 -ffile-prefix-map=/build/gcc-arm-none-eabi-hYfgK4/gcc-arm-none-eabi-10.3-2021.07=. -flto=auto -ffat-lto-objects -fstack-protector-strong' OBJCXXFLAGS='-g -O2 -ffile-prefix-map=/build/gcc-arm-none-eabi-hYfgK4/gcc-arm-none-eabi-10.3-2021.07=. -flto=auto -ffat-lto-objects -fstack-protector-strong' INHIBIT_LIBC_CFLAGS=-DUSE_TM_CLONE_REGISTRY=0 AR_FOR_TARGET=arm-none-eabi-ar AS_FOR_TARGET=arm-none-eabi-as LD_FOR_TARGET=arm-none-eabi-ld NM_FOR_TARGET=arm-none-eabi-nm OBJDUMP_FOR_TARGET=arm-none-eabi-objdump RANLIB_FOR_TARGET=arm-none-eabi-ranlib READELF_FOR_TARGET=arm-none-eabi-readelf STRIP_FOR_TARGET=arm-none-eabi-strip SED=/bin/sed SHELL=/bin/sh BASH=/bin/bash CONFIG_SHELL=/bin/bash
Thread model: single
Supported LTO compression algorithms: zlib
gcc version 10.3.1 20210621 (release) (15:10.3-2021.07-4) 
COMPILER_PATH=/usr/lib/gcc/arm-none-eabi/10.3.1/:/usr/lib/gcc/arm-none-eabi/10.3.1/:/usr/lib/gcc/arm-none-eabi/:/usr/lib/gcc/arm-none-eabi/10.3.1/:/usr/lib/gcc/arm-none-eabi/:/usr/lib/gcc/arm-none-eabi/10.3.1/../../../arm-none-eabi/bin/
LIBRARY_PATH=/usr/lib/gcc/arm-none-eabi/10.3.1/thumb/v6-m/nofp/:/usr/lib/gcc/arm-none-eabi/10.3.1/../../../arm-none-eabi/lib/thumb/v6-m/nofp/:/usr/lib/gcc/arm-none-eabi/10.3.1/:/usr/lib/gcc/arm-none-eabi/10.3.1/../../../arm-none-eabi/lib/
COLLECT_GCC_OPTIONS='-mcpu=cortex-m0plus' '-mthumb' '-nostdlib' '-v' '-o' 'cmTC_f391e.elf' '-mfloat-abi=soft' '-mlibarch=armv6s-m' '-march=armv6s-m'
 /usr/lib/gcc/arm-none-eabi/10.3.1/collect2 -plugin /usr/lib/gcc/arm-none-eabi/10.3.1/liblto_plugin.so -plugin-opt=/usr/lib/gcc/arm-none-eabi/10.3.1/lto-wrapper -plugin-opt=-fresolution=/tmp/ccqh5TVf.res -X -o cmTC_f391e.elf -L/usr/lib/gcc/arm-none-eabi/10.3.1/thumb/v6-m/nofp -L/usr/lib/gcc/arm-none-eabi/10.3.1/../../../arm-none-eabi/lib/thumb/v6-m/nofp -L/usr/lib/gcc/arm-none-eabi/10.3.1 -L/usr/lib/gcc/arm-none-eabi/10.3.1/../../../arm-none-eabi/lib --build-id=none CMakeFiles/cmTC_f391e.dir/CMakeCCompilerABI.c.obj
/usr/lib/gcc/arm-none-eabi/10.3.1/../../../arm-none-eabi/bin/ld: warning: cannot find entry symbol _start; defaulting to 0000000000008000
COLLECT_GCC_OPTIONS='-mcpu=cortex-m0plus' '-mthumb' '-nostdlib' '-v' '-o' 'cmTC_f391e.elf' '-mfloat-abi=soft' '-mlibarch=armv6s-m' '-march=armv6s-m'
gmake[1]: Leaving directory '/home/pi/NN2022Code/SrcBoardFirmware/build/CMakeFiles/CMakeTmp'



Parsed C implicit include dir info from above output: rv=done
  found start of include info
  found start of implicit include info
    add: [/usr/lib/gcc/arm-none-eabi/10.3.1/include]
    add: [/usr/lib/gcc/arm-none-eabi/10.3.1/include-fixed]
    add: [/usr/lib/gcc/arm-none-eabi/10.3.1/../../../arm-none-eabi/include]
  end of search list found
  collapse include dir [/usr/lib/gcc/arm-none-eabi/10.3.1/include] ==> [/usr/lib/gcc/arm-none-eabi/10.3.1/include]
  collapse include dir [/usr/lib/gcc/arm-none-eabi/10.3.1/include-fixed] ==> [/usr/lib/gcc/arm-none-eabi/10.3.1/include-fixed]
  collapse include dir [/usr/lib/gcc/arm-none-eabi/10.3.1/../../../arm-none-eabi/include] ==> [/usr/lib/arm-none-eabi/include]
  implicit include dirs: [/usr/lib/gcc/arm-none-eabi/10.3.1/include;/usr/lib/gcc/arm-none-eabi/10.3.1/include-fixed;/usr/lib/arm-none-eabi/include]


Parsed C implicit link information from above output:
  link line regex: [^( *|.*[/\])(arm-none-eabi-ld|CMAKE_LINK_STARTFILE-NOTFOUND|([^/\]+-)?ld|collect2)[^/\]*( |$)]
  ignore line: [Change Dir: /home/pi/NN2022Code/SrcBoardFirmware/build/CMakeFiles/CMakeTmp]
  ignore line: []
  ignore line: [Run Build Command(s):/usr/bin/gmake -f Makefile cmTC_f391e/fast && /usr/bin/gmake  -f CMakeFiles/cmTC_f391e.dir/build.make CMakeFiles/cmTC_f391e.dir/build]
  ignore line: [gmake[1]: Entering directory '/home/pi/NN2022Code/SrcBoardFirmware/build/CMakeFiles/CMakeTmp']
  ignore line: [Building C object CMakeFiles/cmTC_f391e.dir/CMakeCCompilerABI.c.obj]
  ignore line: [/usr/bin/arm-none-eabi-gcc   -mcpu=cortex-m0plus -mthumb    -v -o CMakeFiles/cmTC_f391e.dir/CMakeCCompilerABI.c.obj -c /usr/share/cmake-3.22/Modules/CMakeCCompilerABI.c]
  ignore line: [Using built-in specs.]
  ignore line: [COLLECT_GCC=/usr/bin/arm-none-eabi-gcc]
  ignore line: [Target: arm-none-eabi]
  ignore line: [Configured with: ../configure --build=x86_64-linux-gnu --prefix=/usr --includedir='/usr/lib/include' --mandir='/usr/lib/share/man' --infodir='/usr/lib/share/info' --sysconfdir=/etc --localstatedir=/var --disable-option-checking --disable-silent-rules --libdir='/usr/lib/lib/x86_64-linux-gnu' --libexecdir='/usr/lib/lib/x86_64-linux-gnu' --disable-maintainer-mode --disable-dependency-tracking --mandir=/usr/share/man --enable-languages=c,c++,lto --enable-multilib --disable-decimal-float --disable-libffi --disable-libgomp --disable-libmudflap --disable-libquadmath --disable-libssp --disable-libstdcxx-pch --disable-nls --disable-shared --disable-threads --enable-tls --build=x86_64-linux-gnu --target=arm-none-eabi --with-system-zlib --with-gnu-as --with-gnu-ld --with-pkgversion=15:10.3-2021.07-4 --without-included-gettext --prefix=/usr/lib --infodir=/usr/share/doc/gcc-arm-none-eabi/info --htmldir=/usr/share/doc/gcc-arm-none-eabi/html --pdfdir=/usr/share/doc/gcc-arm-none-eabi/pdf --bindir=/usr/bin --libexecdir=/usr/lib --libdir=/usr/lib --disable-libstdc++-v3 --host=x86_64-linux-gnu --with-headers=no --without-newlib --with-multilib-list=rmprofile,aprofile CFLAGS='-g -O2 -ffile-prefix-map=/build/gcc-arm-none-eabi-hYfgK4/gcc-arm-none-eabi-10.3-2021.07=. -flto=auto -ffat-lto-objects -fstack-protector-strong' CPPFLAGS='-Wdate-time -D_FORTIFY_SOURCE=2' CXXFLAGS='-g -O2 -ffile-prefix-map=/build/gcc-arm-none-eabi-hYfgK4/gcc-arm-none-eabi-10.3-2021.07=. -flto=auto -ffat-lto-objects -fstack-protector-strong' DFLAGS=-frelease FCFLAGS='-g -O2 -ffile-prefix-map=/build/gcc-arm-none-eabi-hYfgK4/gcc-arm-none-eabi-10.3-2021.07=. -flto=auto -ffat-lto-objects -fstack-protector-strong' FFLAGS='-g -O2 -ffile-prefix-map=/build/gcc-arm-none-eabi-hYfgK4/gcc-arm-none-eabi-10.3-2021.07=. -flto=auto -ffat-lto-objects -fstack-protector-strong' GCJFLAGS='-g -O2 -ffile-prefix-map=/build/gcc-arm-none-eabi-hYfgK4/gcc-arm-none-eabi-10.3-2021.07=. -fstack-protector-strong' LDFLAGS='-Wl,-Bsymbolic-functions -flto=auto -Wl,-z,relro' OBJCFLAGS='-g -O2 -ffile-prefix-map=/build/gcc-arm-none-eabi-hYfgK4/gcc-arm-none-eabi-10.3-2021.07=. -flto=auto -ffat-lto-objects -fstack-protector-strong' OBJCXXFLAGS='-g -O2 -ffile-prefix-map=/build/gcc-arm-none-eabi-hYfgK4/gcc-arm-none-eabi-10.3-2021.07=. -flto=auto -ffat-lto-objects -fstack-protector-strong' INHIBIT_LIBC_CFLAGS=-DUSE_TM_CLONE_REGISTRY=0 AR_FOR_TARGET=arm-none-eabi-ar AS_FOR_TARGET=arm-none-eabi-as LD_FOR_TARGET=arm-none-eabi-ld NM_FOR_TARGET=arm-none-eabi-nm OBJDUMP_FOR_TARGET=arm-none-eabi-objdump RANLIB_FOR_TARGET=arm-none-eabi-ranlib READELF_FOR_TARGET=arm-none-eabi-readelf STRIP_FOR_TARGET=arm-none-eabi-strip SED=/bin/sed SHELL=/bin/sh BASH=/bin/bash CONFIG_SHELL=/bin/bash]
  ignore line: [Thread model: single]
  ignore line: [Supported LTO compression algorithms: zlib]
  ignore line: [gcc version 10.3.1 20210621 (release) (15:10.3-2021.07-4) ]
  ignore line: [COLLECT_GCC_OPTIONS='-mcpu=cortex-m0plus' '-mthumb' '-v' '-o' 'CMakeFiles/cmTC_f391e.dir/CMakeCCompilerABI.c.obj' '-c' '-mfloat-abi=soft' '-mlibarch=armv6s-m' '-march=armv6s-m']
  ignore line: [ /usr/lib/gcc/arm-none-eabi/10.3.1/cc1 -quiet -v -imultilib thumb/v6-m/nofp -D__USES_INITFINI__ /usr/share/cmake-3.22/Modules/CMakeCCompilerABI.c -quiet -dumpbase CMakeCCompilerABI.c -mcpu=cortex-m0plus -mthumb -mfloat-abi=soft -mlibarch=armv6s-m -march=armv6s-m -auxbase-strip CMakeFiles/cmTC_f391e.dir/CMakeCCompilerABI.c.obj -version -o /tmp/ccgqXqqo.s]
  ignore line: [GNU C17 (15:10.3-2021.07-4) version 10.3.1 20210621 (release) (arm-none-eabi)]
  ignore line: [	compiled by GNU C version 11.2.0  GMP version 6.2.1  MPFR version 4.1.0  MPC version 1.2.1  isl version isl-0.24-GMP]
  ignore line: []
  ignore line: [GGC heuristics: --param ggc-min-expand=100 --param ggc-min-heapsize=131072]
  ignore line: [ignoring nonexistent directory "/usr/lib/gcc/arm-none-eabi/10.3.1/../../../arm-none-eabi/sys-include"]
  ignore line: [#include "..." search starts here:]
  ignore line: [#include <...> search starts here:]
  ignore line: [ /usr/lib/gcc/arm-none-eabi/10.3.1/include]
  ignore line: [ /usr/lib/gcc/arm-none-eabi/10.3.1/include-fixed]
  ignore line: [ /usr/lib/gcc/arm-none-eabi/10.3.1/../../../arm-none-eabi/include]
  ignore line: [End of search list.]
  ignore line: [GNU C17 (15:10.3-2021.07-4) version 10.3.1 20210621 (release) (arm-none-eabi)]
  ignore line: [	compiled by GNU C version 11.2.0  GMP version 6.2.1  MPFR version 4.1.0  MPC version 1.2.1  isl version isl-0.24-GMP]
  ignore line: []
  ignore line: [GGC heuristics: --param ggc-min-expand=100 --param ggc-min-heapsize=131072]
  ignore line: [Compiler executable checksum: 4cf7574ae54eb0935abb4a8c56f8bcfe]
  ignore line: [COLLECT_GCC_OPTIONS='-mcpu=cortex-m0plus' '-mthumb' '-v' '-o' 'CMakeFiles/cmTC_f391e.dir/CMakeCCompilerABI.c.obj' '-c' '-mfloat-abi=soft' '-mlibarch=armv6s-m' '-march=armv6s-m']
  ignore line: [ /usr/lib/gcc/arm-none-eabi/10.3.1/../../../arm-none-eabi/bin/as -v -march=armv6s-m -mfloat-abi=soft -meabi=5 -o CMakeFiles/cmTC_f391e.dir/CMakeCCompilerABI.c.obj /tmp/ccgqXqqo.s]
  ignore line: [GNU assembler version 2.38 (arm-none-eabi) using BFD version (2.38-3ubuntu1+15build1) 2.38]
  ignore line: [COMPILER_PATH=/usr/lib/gcc/arm-none-eabi/10.3.1/:/usr/lib/gcc/arm-none-eabi/10.3.1/:/usr/lib/gcc/arm-none-eabi/:/usr/lib/gcc/arm-none-eabi/10.3.1/:/usr/lib/gcc/arm-none-eabi/:/usr/lib/gcc/arm-none-eabi/10.3.1/../../../arm-none-eabi/bin/]
  ignore line: [LIBRARY_PATH=/usr/lib/gcc/arm-none-eabi/10.3.1/thumb/v6-m/nofp/:/usr/lib/gcc/arm-none-eabi/10.3.1/../../../arm-none-eabi/lib/thumb/v6-m/nofp/:/usr/lib/gcc/arm-none-eabi/10.3.1/:/usr/lib/gcc/arm-none-eabi/10.3.1/../../../arm-none-eabi/lib/]
  ignore line: [COLLECT_GCC_OPTIONS='-mcpu=cortex-m0plus' '-mthumb' '-v' '-o' 'CMakeFiles/cmTC_f391e.dir/CMakeCCompilerABI.c.obj' '-c' '-mfloat-abi=soft' '-mlibarch=armv6s-m' '-march=armv6s-m']
  ignore line: [Linking C executable cmTC_f391e.elf]
  ignore line: [/usr/bin/cmake -E cmake_link_script CMakeFiles/cmTC_f391e.dir/link.txt --verbose=1]
  ignore line: [/usr/bin/arm-none-eabi-gcc -mcpu=cortex-m0plus -mthumb  -Wl --build-id=none -nostdlib  -v CMakeFiles/cmTC_f391e.dir/CMakeCCompilerABI.c.obj -o cmTC_f391e.elf ]
  ignore line: [Using built-in specs.]
  ignore line: [COLLECT_GCC=/usr/bin/arm-none-eabi-gcc]
  ignore line: [COLLECT_LTO_WRAPPER=/usr/lib/gcc/arm-none-eabi/10.3.1/lto-wrapper]
  ignore line: [Target: arm-none-eabi]
  ignore line: [Configured with: ../configure --build=x86_64-linux-gnu --prefix=/usr --includedir='/usr/lib/include' --mandir='/usr/lib/share/man' --infodir='/usr/lib/share/info' --sysconfdir=/etc --localstatedir=/var --disable-option-checking --disable-silent-rules --libdir='/usr/lib/lib/x86_64-linux-gnu' --libexecdir='/usr/lib/lib/x86_64-linux-gnu' --disable-maintainer-mode --disable-dependency-tracking --mandir=/usr/share/man --enable-languages=c,c++,lto --enable-multilib --disable-decimal-float --disable-libffi --disable-libgomp --disable-libmudflap --disable-libquadmath --disable-libssp --disable-libstdcxx-pch --disable-nls --disable-shared --disable-threads --enable-tls --build=x86_64-linux-gnu --target=arm-none-eabi --with-system-zlib --with-gnu-as --with-gnu-ld --with-pkgversion=15:10.3-2021.07-4 --without-included-gettext --prefix=/usr/lib --infodir=/usr/share/doc/gcc-arm-none-eabi/info --htmldir=/usr/share/doc/gcc-arm-none-eabi/html --pdfdir=/usr/share/doc/gcc-arm-none-eabi/pdf --bindir=/usr/bin --libexecdir=/usr/lib --libdir=/usr/lib --disable-libstdc++-v3 --host=x86_64-linux-gnu --with-headers=no --without-newlib --with-multilib-list=rmprofile,aprofile CFLAGS='-g -O2 -ffile-prefix-map=/build/gcc-arm-none-eabi-hYfgK4/gcc-arm-none-eabi-10.3-2021.07=. -flto=auto -ffat-lto-objects -fstack-protector-strong' CPPFLAGS='-Wdate-time -D_FORTIFY_SOURCE=2' CXXFLAGS='-g -O2 -ffile-prefix-map=/build/gcc-arm-none-eabi-hYfgK4/gcc-arm-none-eabi-10.3-2021.07=. -flto=auto -ffat-lto-objects -fstack-protector-strong' DFLAGS=-frelease FCFLAGS='-g -O2 -ffile-prefix-map=/build/gcc-arm-none-eabi-hYfgK4/gcc-arm-none-eabi-10.3-2021.07=. -flto=auto -ffat-lto-objects -fstack-protector-strong' FFLAGS='-g -O2 -ffile-prefix-map=/build/gcc-arm-none-eabi-hYfgK4/gcc-arm-none-eabi-10.3-2021.07=. -flto=auto -ffat-lto-objects -fstack-protector-strong' GCJFLAGS='-g -O2 -ffile-prefix-map=/build/gcc-arm-none-eabi-hYfgK4/gcc-arm-none-eabi-10.3-2021.07=. -fstack-protector-strong' LDFLAGS='-Wl,-Bsymbolic-functions -flto=auto -Wl,-z,relro' OBJCFLAGS='-g -O2 -ffile-prefix-map=/build/gcc-arm-none-eabi-hYfgK4/gcc-arm-none-eabi-10.3-2021.07=. -flto=auto -ffat-lto-objects -fstack-protector-strong' OBJCXXFLAGS='-g -O2 -ffile-prefix-map=/build/gcc-arm-none-eabi-hYfgK4/gcc-arm-none-eabi-10.3-2021.07=. -flto=auto -ffat-lto-objects -fstack-protector-strong' INHIBIT_LIBC_CFLAGS=-DUSE_TM_CLONE_REGISTRY=0 AR_FOR_TARGET=arm-none-eabi-ar AS_FOR_TARGET=arm-none-eabi-as LD_FOR_TARGET=arm-none-eabi-ld NM_FOR_TARGET=arm-none-eabi-nm OBJDUMP_FOR_TARGET=arm-none-eabi-objdump RANLIB_FOR_TARGET=arm-none-eabi-ranlib READELF_FOR_TARGET=arm-none-eabi-readelf STRIP_FOR_TARGET=arm-none-eabi-strip SED=/bin/sed SHELL=/bin/sh BASH=/bin/bash CONFIG_SHELL=/bin/bash]
  ignore line: [Thread model: single]
  ignore line: [Supported LTO compression algorithms: zlib]
  ignore line: [gcc version 10.3.1 20210621 (release) (15:10.3-2021.07-4) ]
  ignore line: [COMPILER_PATH=/usr/lib/gcc/arm-none-eabi/10.3.1/:/usr/lib/gcc/arm-none-eabi/10.3.1/:/usr/lib/gcc/arm-none-eabi/:/usr/lib/gcc/arm-none-eabi/10.3.1/:/usr/lib/gcc/arm-none-eabi/:/usr/lib/gcc/arm-none-eabi/10.3.1/../../../arm-none-eabi/bin/]
  ignore line: [LIBRARY_PATH=/usr/lib/gcc/arm-none-eabi/10.3.1/thumb/v6-m/nofp/:/usr/lib/gcc/arm-none-eabi/10.3.1/../../../arm-none-eabi/lib/thumb/v6-m/nofp/:/usr/lib/gcc/arm-none-eabi/10.3.1/:/usr/lib/gcc/arm-none-eabi/10.3.1/../../../arm-none-eabi/lib/]
  ignore line: [COLLECT_GCC_OPTIONS='-mcpu=cortex-m0plus' '-mthumb' '-nostdlib' '-v' '-o' 'cmTC_f391e.elf' '-mfloat-abi=soft' '-mlibarch=armv6s-m' '-march=armv6s-m']
  link line: [ /usr/lib/gcc/arm-none-eabi/10.3.1/collect2 -plugin /usr/lib/gcc/arm-none-eabi/10.3.1/liblto_plugin.so -plugin-opt=/usr/lib/gcc/arm-none-eabi/10.3.1/lto-wrapper -plugin-opt=-fresolution=/tmp/ccqh5TVf.res -X -o cmTC_f391e.elf -L/usr/lib/gcc/arm-none-eabi/10.3.1/thumb/v6-m/nofp -L/usr/lib/gcc/arm-none-eabi/10.3.1/../../../arm-none-eabi/lib/thumb/v6-m/nofp -L/usr/lib/gcc/arm-none-eabi/10.3.1 -L/usr/lib/gcc/arm-none-eabi/10.3.1/../../../arm-none-eabi/lib --build-id=none CMakeFiles/cmTC_f391e.dir/CMakeCCompilerABI.c.obj]
    arg [/usr/lib/gcc/arm-none-eabi/10.3.1/collect2] ==> ignore
    arg [-plugin] ==> ignore
    arg [/usr/lib/gcc/arm-none-eabi/10.3.1/liblto_plugin.so] ==> ignore
    arg [-plugin-opt=/usr/lib/gcc/arm-none-eabi/10.3.1/lto-wrapper] ==> ignore
    arg [-plugin-opt=-fresolution=/tmp/ccqh5TVf.res] ==> ignore
    arg [-X] ==> ignore
    arg [-o] ==> ignore
    arg [cmTC_f391e.elf] ==> ignore
    arg [-L/usr/lib/gcc/arm-none-eabi/10.3.1/thumb/v6-m/nofp] ==> dir [/usr/lib/gcc/arm-none-eabi/10.3.1/thumb/v6-m/nofp]
    arg [-L/usr/lib/gcc/arm-none-eabi/10.3.1/../../../arm-none-eabi/lib/thumb/v6-m/nofp] ==> dir [/usr/lib/gcc/arm-none-eabi/10.3.1/../../../arm-none-eabi/lib/thumb/v6-m/nofp]
    arg [-L/usr/lib/gcc/arm-none-eabi/10.3.1] ==> dir [/usr/lib/gcc/arm-none-eabi/10.3.1]
    arg [-L/usr/lib/gcc/arm-none-eabi/10.3.1/../../../arm-none-eabi/lib] ==> dir [/usr/lib/gcc/arm-none-eabi/10.3.1/../../../arm-none-eabi/lib]
    arg [--build-id=none] ==> ignore
    arg [CMakeFiles/cmTC_f391e.dir/CMakeCCompilerABI.c.obj] ==> ignore
  collapse library dir [/usr/lib/gcc/arm-none-eabi/10.3.1/thumb/v6-m/nofp] ==> [/usr/lib/gcc/arm-none-eabi/10.3.1/thumb/v6-m/nofp]
  collapse library dir [/usr/lib/gcc/arm-none-eabi/10.3.1/../../../arm-none-eabi/lib/thumb/v6-m/nofp] ==> [/usr/lib/arm-none-eabi/lib/thumb/v6-m/nofp]
  collapse library dir [/usr/lib/gcc/arm-none-eabi/10.3.1] ==> [/usr/lib/gcc/arm-none-eabi/10.3.1]
  collapse library dir [/usr/lib/gcc/arm-none-eabi/10.3.1/../../../arm-none-eabi/lib] ==> [/usr/lib/arm-none-eabi/lib]
  implicit libs: []
  implicit objs: []
  implicit dirs: [/usr/lib/gcc/arm-none-eabi/10.3.1/thumb/v6-m/nofp;/usr/lib/arm-none-eabi/lib/thumb/v6-m/nofp;/usr/lib/gcc/arm-none-eabi/10.3.1;/usr/lib/arm-none-eabi/lib]
  implicit fwks: []


Detecting CXX compiler ABI info compiled with the following output:
Change Dir: /home/pi/NN2022Code/SrcBoardFirmware/build/CMakeFiles/CMakeTmp

Run Build Command(s):/usr/bin/gmake -f Makefile cmTC_2aed8/fast && /usr/bin/gmake  -f CMakeFiles/cmTC_2aed8.dir/build.make CMakeFiles/cmTC_2aed8.dir/build
gmake[1]: Entering directory '/home/pi/NN2022Code/SrcBoardFirmware/build/CMakeFiles/CMakeTmp'
Building CXX object CMakeFiles/cmTC_2aed8.dir/CMakeCXXCompilerABI.cpp.obj
/usr/bin/arm-none-eabi-g++   -mcpu=cortex-m0plus -mthumb    -v -o CMakeFiles/cmTC_2aed8.dir/CMakeCXXCompilerABI.cpp.obj -c /usr/share/cmake-3.22/Modules/CMakeCXXCompilerABI.cpp
Using built-in specs.
COLLECT_GCC=/usr/bin/arm-none-eabi-g++
Target: arm-none-eabi
Configured with: ../configure --build=x86_64-linux-gnu --prefix=/usr --includedir='/usr/lib/include' --mandir='/usr/lib/share/man' --infodir='/usr/lib/share/info' --sysconfdir=/etc --localstatedir=/var --disable-option-checking --disable-silent-rules --libdir='/usr/lib/lib/x86_64-linux-gnu' --libexecdir='/usr/lib/lib/x86_64-linux-gnu' --disable-maintainer-mode --disable-dependency-tracking --mandir=/usr/share/man --enable-languages=c,c++,lto --enable-multilib --disable-decimal-float --disable-libffi --disable-libgomp --disable-libmudflap --disable-libquadmath --disable-libssp --disable-libstdcxx-pch --disable-nls --disable-shared --disable-threads --enable-tls --build=x86_64-linux-gnu --target=arm-none-eabi --with-system-zlib --with-gnu-as --with-gnu-ld --with-pkgversion=15:10.3-2021.07-4 --without-included-gettext --prefix=/usr/lib --infodir=/usr/share/doc/gcc-arm-none-eabi/info --htmldir=/usr/share/doc/gcc-arm-none-eabi/html --pdfdir=/usr/share/doc/gcc-arm-none-eabi/pdf --bindir=/usr/bin --libexecdir=/usr/lib --libdir=/usr/lib --disable-libstdc++-v3 --host=x86_64-linux-gnu --with-headers=no --without-newlib --with-multilib-list=rmprofile,aprofile CFLAGS='-g -O2 -ffile-prefix-map=/build/gcc-arm-none-eabi-hYfgK4/gcc-arm-none-eabi-10.3-2021.07=. -flto=auto -ffat-lto-objects -fstack-protector-strong' CPPFLAGS='-Wdate-time -D_FORTIFY_SOURCE=2' CXXFLAGS='-g -O2 -ffile-prefix-map=/build/gcc-arm-none-eabi-hYfgK4/gcc-arm-none-eabi-10.3-2021.07=. -flto=auto -ffat-lto-objects -fstack-protector-strong' DFLAGS=-frelease FCFLAGS='-g -O2 -ffile-prefix-map=/build/gcc-arm-none-eabi-hYfgK4/gcc-arm-none-eabi-10.3-2021.07=. -flto=auto -ffat-lto-objects -fstack-protector-strong' FFLAGS='-g -O2 -ffile-prefix-map=/build/gcc-arm-none-eabi-hYfgK4/gcc-arm-none-eabi-10.3-2021.07=. -flto=auto -ffat-lto-objects -fstack-protector-strong' GCJFLAGS='-g -O2 -ffile-prefix-map=/build/gcc-arm-none-eabi-hYfgK4/gcc-arm-none-eabi-10.3-2021.07=. -fstack-protector-strong' LDFLAGS='-Wl,-Bsymbolic-functions -flto=auto -Wl,-z,relro' OBJCFLAGS='-g -O2 -ffile-prefix-map=/build/gcc-arm-none-eabi-hYfgK4/gcc-arm-none-eabi-10.3-2021.07=. -flto=auto -ffat-lto-objects -fstack-protector-strong' OBJCXXFLAGS='-g -O2 -ffile-prefix-map=/build/gcc-arm-none-eabi-hYfgK4/gcc-arm-none-eabi-10.3-2021.07=. -flto=auto -ffat-lto-objects -fstack-protector-strong' INHIBIT_LIBC_CFLAGS=-DUSE_TM_CLONE_REGISTRY=0 AR_FOR_TARGET=arm-none-eabi-ar AS_FOR_TARGET=arm-none-eabi-as LD_FOR_TARGET=arm-none-eabi-ld NM_FOR_TARGET=arm-none-eabi-nm OBJDUMP_FOR_TARGET=arm-none-eabi-objdump RANLIB_FOR_TARGET=arm-none-eabi-ranlib READELF_FOR_TARGET=arm-none-eabi-readelf STRIP_FOR_TARGET=arm-none-eabi-strip SED=/bin/sed SHELL=/bin/sh BASH=/bin/bash CONFIG_SHELL=/bin/bash
Thread model: single
Supported LTO compression algorithms: zlib
gcc version 10.3.1 20210621 (release) (15:10.3-2021.07-4) 
COLLECT_GCC_OPTIONS='-mcpu=cortex-m0plus' '-mthumb' '-v' '-o' 'CMakeFiles/cmTC_2aed8.dir/CMakeCXXCompilerABI.cpp.obj' '-c' '-mfloat-abi=soft' '-mlibarch=armv6s-m' '-march=armv6s-m'
 /usr/lib/gcc/arm-none-eabi/10.3.1/cc1plus -quiet -v -imultilib thumb/v6-m/nofp -D__USES_INITFINI__ /usr/share/cmake-3.22/Modules/CMakeCXXCompilerABI.cpp -quiet -dumpbase CMakeCXXCompilerABI.cpp -mcpu=cortex-m0plus -mthumb -mfloat-abi=soft -mlibarch=armv6s-m -march=armv6s-m -auxbase-strip CMakeFiles/cmTC_2aed8.dir/CMakeCXXCompilerABI.cpp.obj -version -o /tmp/ccvzdpmD.s
GNU C++14 (15:10.3-2021.07-4) version 10.3.1 20210621 (release) (arm-none-eabi)
	compiled by GNU C version 11.2.0, GMP version 6.2.1, MPFR version 4.1.0, MPC version 1.2.1, isl version isl-0.24-GMP

GGC heuristics: --param ggc-min-expand=100 --param ggc-min-heapsize=131072
ignoring nonexistent directory "/usr/lib/gcc/arm-none-eabi/10.3.1/../../../arm-none-eabi/sys-include"
#include "..." search starts here:
#include <...> search starts here:
 /usr/lib/gcc/arm-none-eabi/10.3.1/../../../arm-none-eabi/include/c++/10.3.1
 /usr/lib/gcc/arm-none-eabi/10.3.1/../../../arm-none-eabi/include/c++/10.3.1/arm-none-eabi/thumb/v6-m/nofp
 /usr/lib/gcc/arm-none-eabi/10.3.1/../../../arm-none-eabi/include/c++/10.3.1/backward
 /usr/lib/gcc/arm-none-eabi/10.3.1/include
 /usr/lib/gcc/arm-none-eabi/10.3.1/include-fixed
 /usr/lib/gcc/arm-none-eabi/10.3.1/../../../arm-none-eabi/include
End of search list.
GNU C++14 (15:10.3-2021.07-4) version 10.3.1 20210621 (release) (arm-none-eabi)
	compiled by GNU C version 11.2.0, GMP version 6.2.1, MPFR version 4.1.0, MPC version 1.2.1, isl version isl-0.24-GMP

GGC heuristics: --param ggc-min-expand=100 --param ggc-min-heapsize=131072
Compiler executable checksum: 4f994585a8ca8864fa1f4d2fb208a0ba
COLLECT_GCC_OPTIONS='-mcpu=cortex-m0plus' '-mthumb' '-v' '-o' 'CMakeFiles/cmTC_2aed8.dir/CMakeCXXCompilerABI.cpp.obj' '-c' '-mfloat-abi=soft' '-mlibarch=armv6s-m' '-march=armv6s-m'
 /usr/lib/gcc/arm-none-eabi/10.3.1/../../../arm-none-eabi/bin/as -v -march=armv6s-m -mfloat-abi=soft -meabi=5 -o CMakeFiles/cmTC_2aed8.dir/CMakeCXXCompilerABI.cpp.obj /tmp/ccvzdpmD.s
GNU assembler version 2.38 (arm-none-eabi) using BFD version (2.38-3ubuntu1+15build1) 2.38
COMPILER_PATH=/usr/lib/gcc/arm-none-eabi/10.3.1/:/usr/lib/gcc/arm-none-eabi/10.3.1/:/usr/lib/gcc/arm-none-eabi/:/usr/lib/gcc/arm-none-eabi/10.3.1/:/usr/lib/gcc/arm-none-eabi/:/usr/lib/gcc/arm-none-eabi/10.3.1/../../../arm-none-eabi/bin/
LIBRARY_PATH=/usr/lib/gcc/arm-none-eabi/10.3.1/thumb/v6-m/nofp/:/usr/lib/gcc/arm-none-eabi/10.3.1/../../../arm-none-eabi/lib/thumb/v6-m/nofp/:/usr/lib/gcc/arm-none-eabi/10.3.1/:/usr/lib/gcc/arm-none-eabi/10.3.1/../../../arm-none-eabi/lib/
COLLECT_GCC_OPTIONS='-mcpu=cortex-m0plus' '-mthumb' '-v' '-o' 'CMakeFiles/cmTC_2aed8.dir/CMakeCXXCompilerABI.cpp.obj' '-c' '-mfloat-abi=soft' '-mlibarch=armv6s-m' '-march=armv6s-m'
Linking CXX executable cmTC_2aed8.elf
/usr/bin/cmake -E cmake_link_script CMakeFiles/cmTC_2aed8.dir/link.txt --verbose=1
/usr/bin/arm-none-eabi-g++ -mcpu=cortex-m0plus -mthumb  -Wl,--build-id=none -nostdlib  -v CMakeFiles/cmTC_2aed8.dir/CMakeCXXCompilerABI.cpp.obj -o cmTC_2aed8.elf 
Using built-in specs.
COLLECT_GCC=/usr/bin/arm-none-eabi-g++
COLLECT_LTO_WRAPPER=/usr/lib/gcc/arm-none-eabi/10.3.1/lto-wrapper
Target: arm-none-eabi
Configured with: ../configure --build=x86_64-linux-gnu --prefix=/usr --includedir='/usr/lib/include' --mandir='/usr/lib/share/man' --infodir='/usr/lib/share/info' --sysconfdir=/etc --localstatedir=/var --disable-option-checking --disable-silent-rules --libdir='/usr/lib/lib/x86_64-linux-gnu' --libexecdir='/usr/lib/lib/x86_64-linux-gnu' --disable-maintainer-mode --disable-dependency-tracking --mandir=/usr/share/man --enable-languages=c,c++,lto --enable-multilib --disable-decimal-float --disable-libffi --disable-libgomp --disable-libmudflap --disable-libquadmath --disable-libssp --disable-libstdcxx-pch --disable-nls --disable-shared --disable-threads --enable-tls --build=x86_64-linux-gnu --target=arm-none-eabi --with-system-zlib --with-gnu-as --with-gnu-ld --with-pkgversion=15:10.3-2021.07-4 --without-included-gettext --prefix=/usr/lib --infodir=/usr/share/doc/gcc-arm-none-eabi/info --htmldir=/usr/share/doc/gcc-arm-none-eabi/html --pdfdir=/usr/share/doc/gcc-arm-none-eabi/pdf --bindir=/usr/bin --libexecdir=/usr/lib --libdir=/usr/lib --disable-libstdc++-v3 --host=x86_64-linux-gnu --with-headers=no --without-newlib --with-multilib-list=rmprofile,aprofile CFLAGS='-g -O2 -ffile-prefix-map=/build/gcc-arm-none-eabi-hYfgK4/gcc-arm-none-eabi-10.3-2021.07=. -flto=auto -ffat-lto-objects -fstack-protector-strong' CPPFLAGS='-Wdate-time -D_FORTIFY_SOURCE=2' CXXFLAGS='-g -O2 -ffile-prefix-map=/build/gcc-arm-none-eabi-hYfgK4/gcc-arm-none-eabi-10.3-2021.07=. -flto=auto -ffat-lto-objects -fstack-protector-strong' DFLAGS=-frelease FCFLAGS='-g -O2 -ffile-prefix-map=/build/gcc-arm-none-eabi-hYfgK4/gcc-arm-none-eabi-10.3-2021.07=. -flto=auto -ffat-lto-objects -fstack-protector-strong' FFLAGS='-g -O2 -ffile-prefix-map=/build/gcc-arm-none-eabi-hYfgK4/gcc-arm-none-eabi-10.3-2021.07=. -flto=auto -ffat-lto-objects -fstack-protector-strong' GCJFLAGS='-g -O2 -ffile-prefix-map=/build/gcc-arm-none-eabi-hYfgK4/gcc-arm-none-eabi-10.3-2021.07=. -fstack-protector-strong' LDFLAGS='-Wl,-Bsymbolic-functions -flto=auto -Wl,-z,relro' OBJCFLAGS='-g -O2 -ffile-prefix-map=/build/gcc-arm-none-eabi-hYfgK4/gcc-arm-none-eabi-10.3-2021.07=. -flto=auto -ffat-lto-objects -fstack-protector-strong' OBJCXXFLAGS='-g -O2 -ffile-prefix-map=/build/gcc-arm-none-eabi-hYfgK4/gcc-arm-none-eabi-10.3-2021.07=. -flto=auto -ffat-lto-objects -fstack-protector-strong' INHIBIT_LIBC_CFLAGS=-DUSE_TM_CLONE_REGISTRY=0 AR_FOR_TARGET=arm-none-eabi-ar AS_FOR_TARGET=arm-none-eabi-as LD_FOR_TARGET=arm-none-eabi-ld NM_FOR_TARGET=arm-none-eabi-nm OBJDUMP_FOR_TARGET=arm-none-eabi-objdump RANLIB_FOR_TARGET=arm-none-eabi-ranlib READELF_FOR_TARGET=arm-none-eabi-readelf STRIP_FOR_TARGET=arm-none-eabi-strip SED=/bin/sed SHELL=/bin/sh BASH=/bin/bash CONFIG_SHELL=/bin/bash
Thread model: single
Supported LTO compression algorithms: zlib
gcc version 10.3.1 20210621 (release) (15:10.3-2021.07-4) 
COMPILER_PATH=/usr/lib/gcc/arm-none-eabi/10.3.1/:/usr/lib/gcc/arm-none-eabi/10.3.1/:/usr/lib/gcc/arm-none-eabi/:/usr/lib/gcc/arm-none-eabi/10.3.1/:/usr/lib/gcc/arm-none-eabi/:/usr/lib/gcc/arm-none-eabi/10.3.1/../../../arm-none-eabi/bin/
LIBRARY_PATH=/usr/lib/gcc/arm-none-eabi/10.3.1/thumb/v6-m/nofp/:/usr/lib/gcc/arm-none-eabi/10.3.1/../../../arm-none-eabi/lib/thumb/v6-m/nofp/:/usr/lib/gcc/arm-none-eabi/10.3.1/:/usr/lib/gcc/arm-none-eabi/10.3.1/../../../arm-none-eabi/lib/
COLLECT_GCC_OPTIONS='-mcpu=cortex-m0plus' '-mthumb' '-nostdlib' '-v' '-o' 'cmTC_2aed8.elf' '-mfloat-abi=soft' '-mlibarch=armv6s-m' '-march=armv6s-m'
 /usr/lib/gcc/arm-none-eabi/10.3.1/collect2 -plugin /usr/lib/gcc/arm-none-eabi/10.3.1/liblto_plugin.so -plugin-opt=/usr/lib/gcc/arm-none-eabi/10.3.1/lto-wrapper -plugin-opt=-fresolution=/tmp/ccTGEKSj.res -X -o cmTC_2aed8.elf -L/usr/lib/gcc/arm-none-eabi/10.3.1/thumb/v6-m/nofp -L/usr/lib/gcc/arm-none-eabi/10.3.1/../../../arm-none-eabi/lib/thumb/v6-m/nofp -L/usr/lib/gcc/arm-none-eabi/10.3.1 -L/usr/lib/gcc/arm-none-eabi/10.3.1/../../../arm-none-eabi/lib --build-id=none CMakeFiles/cmTC_2aed8.dir/CMakeCXXCompilerABI.cpp.obj
/usr/lib/gcc/arm-none-eabi/10.3.1/../../../arm-none-eabi/bin/ld: warning: cannot find entry symbol _start; defaulting to 0000000000008000
COLLECT_GCC_OPTIONS='-mcpu=cortex-m0plus' '-mthumb' '-nostdlib' '-v' '-o' 'cmTC_2aed8.elf' '-mfloat-abi=soft' '-mlibarch=armv6s-m' '-march=armv6s-m'
gmake[1]: Leaving directory '/home/pi/NN2022Code/SrcBoardFirmware/build/CMakeFiles/CMakeTmp'



Parsed CXX implicit include dir info from above output: rv=done
  found start of include info
  found start of implicit include info
    add: [/usr/lib/gcc/arm-none-eabi/10.3.1/../../../arm-none-eabi/include/c++/10.3.1]
    add: [/usr/lib/gcc/arm-none-eabi/10.3.1/../../../arm-none-eabi/include/c++/10.3.1/arm-none-eabi/thumb/v6-m/nofp]
    add: [/usr/lib/gcc/arm-none-eabi/10.3.1/../../../arm-none-eabi/include/c++/10.3.1/backward]
    add: [/usr/lib/gcc/arm-none-eabi/10.3.1/include]
    add: [/usr/lib/gcc/arm-none-eabi/10.3.1/include-fixed]
    add: [/usr/lib/gcc/arm-none-eabi/10.3.1/../../../arm-none-eabi/include]
  end of search list found
  collapse include dir [/usr/lib/gcc/arm-none-eabi/10.3.1/../../../arm-none-eabi/include/c++/10.3.1] ==> [/usr/lib/arm-none-eabi/include/c++/10.3.1]
  collapse include dir [/usr/lib/gcc/arm-none-eabi/10.3.1/../../../arm-none-eabi/include/c++/10.3.1/arm-none-eabi/thumb/v6-m/nofp] ==> [/usr/lib/arm-none-eabi/include/c++/10.3.1/arm-none-eabi/thumb/v6-m/nofp]
  collapse include dir [/usr/lib/gcc/arm-none-eabi/10.3.1/../../../arm-none-eabi/include/c++/10.3.1/backward] ==> [/usr/lib/arm-none-eabi/include/c++/10.3.1/backward]
  collapse include dir [/usr/lib/gcc/arm-none-eabi/10.3.1/include] ==> [/usr/lib/gcc/arm-none-eabi/10.3.1/include]
  collapse include dir [/usr/lib/gcc/arm-none-eabi/10.3.1/include-fixed] ==> [/usr/lib/gcc/arm-none-eabi/10.3.1/include-fixed]
  collapse include dir [/usr/lib/gcc/arm-none-eabi/10.3.1/../../../arm-none-eabi/include] ==> [/usr/lib/arm-none-eabi/include]
  implicit include dirs: [/usr/lib/arm-none-eabi/include/c++/10.3.1;/usr/lib/arm-none-eabi/include/c++/10.3.1/arm-none-eabi/thumb/v6-m/nofp;/usr/lib/arm-none-eabi/include/c++/10.3.1/backward;/usr/lib/gcc/arm-none-eabi/10.3.1/include;/usr/lib/gcc/arm-none-eabi/10.3.1/include-fixed;/usr/lib/arm-none-eabi/include]


Parsed CXX implicit link information from above output:
  link line regex: [^( *|.*[/\])(arm-none-eabi-ld|CMAKE_LINK_STARTFILE-NOTFOUND|([^/\]+-)?ld|collect2)[^/\]*( |$)]
  ignore line: [Change Dir: /home/pi/NN2022Code/SrcBoardFirmware/build/CMakeFiles/CMakeTmp]
  ignore line: []
  ignore line: [Run Build Command(s):/usr/bin/gmake -f Makefile cmTC_2aed8/fast && /usr/bin/gmake  -f CMakeFiles/cmTC_2aed8.dir/build.make CMakeFiles/cmTC_2aed8.dir/build]
  ignore line: [gmake[1]: Entering directory '/home/pi/NN2022Code/SrcBoardFirmware/build/CMakeFiles/CMakeTmp']
  ignore line: [Building CXX object CMakeFiles/cmTC_2aed8.dir/CMakeCXXCompilerABI.cpp.obj]
  ignore line: [/usr/bin/arm-none-eabi-g++   -mcpu=cortex-m0plus -mthumb    -v -o CMakeFiles/cmTC_2aed8.dir/CMakeCXXCompilerABI.cpp.obj -c /usr/share/cmake-3.22/Modules/CMakeCXXCompilerABI.cpp]
  ignore line: [Using built-in specs.]
  ignore line: [COLLECT_GCC=/usr/bin/arm-none-eabi-g++]
  ignore line: [Target: arm-none-eabi]
  ignore line: [Configured with: ../configure --build=x86_64-linux-gnu --prefix=/usr --includedir='/usr/lib/include' --mandir='/usr/lib/share/man' --infodir='/usr/lib/share/info' --sysconfdir=/etc --localstatedir=/var --disable-option-checking --disable-silent-rules --libdir='/usr/lib/lib/x86_64-linux-gnu' --libexecdir='/usr/lib/lib/x86_64-linux-gnu' --disable-maintainer-mode --disable-dependency-tracking --mandir=/usr/share/man --enable-languages=c,c++,lto --enable-multilib --disable-decimal-float --disable-libffi --disable-libgomp --disable-libmudflap --disable-libquadmath --disable-libssp --disable-libstdcxx-pch --disable-nls --disable-shared --disable-threads --enable-tls --build=x86_64-linux-gnu --target=arm-none-eabi --with-system-zlib --with-gnu-as --with-gnu-ld --with-pkgversion=15:10.3-2021.07-4 --without-included-gettext --prefix=/usr/lib --infodir=/usr/share/doc/gcc-arm-none-eabi/info --htmldir=/usr/share/doc/gcc-arm-none-eabi/html --pdfdir=/usr/share/doc/gcc-arm-none-eabi/pdf --bindir=/usr/bin --libexecdir=/usr/lib --libdir=/usr/lib --disable-libstdc++-v3 --host=x86_64-linux-gnu --with-headers=no --without-newlib --with-multilib-list=rmprofile,aprofile CFLAGS='-g -O2 -ffile-prefix-map=/build/gcc-arm-none-eabi-hYfgK4/gcc-arm-none-eabi-10.3-2021.07=. -flto=auto -ffat-lto-objects -fstack-protector-strong' CPPFLAGS='-Wdate-time -D_FORTIFY_SOURCE=2' CXXFLAGS='-g -O2 -ffile-prefix-map=/build/gcc-arm-none-eabi-hYfgK4/gcc-arm-none-eabi-10.3-2021.07=. -flto=auto -ffat-lto-objects -fstack-protector-strong' DFLAGS=-frelease FCFLAGS='-g -O2 -ffile-prefix-map=/build/gcc-arm-none-eabi-hYfgK4/gcc-arm-none-eabi-10.3-2021.07=. -flto=auto -ffat-lto-objects -fstack-protector-strong' FFLAGS='-g -O2 -ffile-prefix-map=/build/gcc-arm-none-eabi-hYfgK4/gcc-arm-none-eabi-10.3-2021.07=. -flto=auto -ffat-lto-objects -fstack-protector-strong' GCJFLAGS='-g -O2 -ffile-prefix-map=/build/gcc-arm-none-eabi-hYfgK4/gcc-arm-none-eabi-10.3-2021.07=. -fstack-protector-strong' LDFLAGS='-Wl,-Bsymbolic-functions -flto=auto -Wl,-z,relro' OBJCFLAGS='-g -O2 -ffile-prefix-map=/build/gcc-arm-none-eabi-hYfgK4/gcc-arm-none-eabi-10.3-2021.07=. -flto=auto -ffat-lto-objects -fstack-protector-strong' OBJCXXFLAGS='-g -O2 -ffile-prefix-map=/build/gcc-arm-none-eabi-hYfgK4/gcc-arm-none-eabi-10.3-2021.07=. -flto=auto -ffat-lto-objects -fstack-protector-strong' INHIBIT_LIBC_CFLAGS=-DUSE_TM_CLONE_REGISTRY=0 AR_FOR_TARGET=arm-none-eabi-ar AS_FOR_TARGET=arm-none-eabi-as LD_FOR_TARGET=arm-none-eabi-ld NM_FOR_TARGET=arm-none-eabi-nm OBJDUMP_FOR_TARGET=arm-none-eabi-objdump RANLIB_FOR_TARGET=arm-none-eabi-ranlib READELF_FOR_TARGET=arm-none-eabi-readelf STRIP_FOR_TARGET=arm-none-eabi-strip SED=/bin/sed SHELL=/bin/sh BASH=/bin/bash CONFIG_SHELL=/bin/bash]
  ignore line: [Thread model: single]
  ignore line: [Supported LTO compression algorithms: zlib]
  ignore line: [gcc version 10.3.1 20210621 (release) (15:10.3-2021.07-4) ]
  ignore line: [COLLECT_GCC_OPTIONS='-mcpu=cortex-m0plus' '-mthumb' '-v' '-o' 'CMakeFiles/cmTC_2aed8.dir/CMakeCXXCompilerABI.cpp.obj' '-c' '-mfloat-abi=soft' '-mlibarch=armv6s-m' '-march=armv6s-m']
  ignore line: [ /usr/lib/gcc/arm-none-eabi/10.3.1/cc1plus -quiet -v -imultilib thumb/v6-m/nofp -D__USES_INITFINI__ /usr/share/cmake-3.22/Modules/CMakeCXXCompilerABI.cpp -quiet -dumpbase CMakeCXXCompilerABI.cpp -mcpu=cortex-m0plus -mthumb -mfloat-abi=soft -mlibarch=armv6s-m -march=armv6s-m -auxbase-strip CMakeFiles/cmTC_2aed8.dir/CMakeCXXCompilerABI.cpp.obj -version -o /tmp/ccvzdpmD.s]
  ignore line: [GNU C++14 (15:10.3-2021.07-4) version 10.3.1 20210621 (release) (arm-none-eabi)]
  ignore line: [	compiled by GNU C version 11.2.0  GMP version 6.2.1  MPFR version 4.1.0  MPC version 1.2.1  isl version isl-0.24-GMP]
  ignore line: []
  ignore line: [GGC heuristics: --param ggc-min-expand=100 --param ggc-min-heapsize=131072]
  ignore line: [ignoring nonexistent directory "/usr/lib/gcc/arm-none-eabi/10.3.1/../../../arm-none-eabi/sys-include"]
  ignore line: [#include "..." search starts here:]
  ignore line: [#include <...> search starts here:]
  ignore line: [ /usr/lib/gcc/arm-none-eabi/10.3.1/../../../arm-none-eabi/include/c++/10.3.1]
  ignore line: [ /usr/lib/gcc/arm-none-eabi/10.3.1/../../../arm-none-eabi/include/c++/10.3.1/arm-none-eabi/thumb/v6-m/nofp]
  ignore line: [ /usr/lib/gcc/arm-none-eabi/10.3.1/../../../arm-none-eabi/include/c++/10.3.1/backward]
  ignore line: [ /usr/lib/gcc/arm-none-eabi/10.3.1/include]
  ignore line: [ /usr/lib/gcc/arm-none-eabi/10.3.1/include-fixed]
  ignore line: [ /usr/lib/gcc/arm-none-eabi/10.3.1/../../../arm-none-eabi/include]
  ignore line: [End of search list.]
  ignore line: [GNU C++14 (15:10.3-2021.07-4) version 10.3.1 20210621 (release) (arm-none-eabi)]
  ignore line: [	compiled by GNU C version 11.2.0  GMP version 6.2.1  MPFR version 4.1.0  MPC version 1.2.1  isl version isl-0.24-GMP]
  ignore line: []
  ignore line: [GGC heuristics: --param ggc-min-expand=100 --param ggc-min-heapsize=131072]
  ignore line: [Compiler executable checksum: 4f994585a8ca8864fa1f4d2fb208a0ba]
  ignore line: [COLLECT_GCC_OPTIONS='-mcpu=cortex-m0plus' '-mthumb' '-v' '-o' 'CMakeFiles/cmTC_2aed8.dir/CMakeCXXCompilerABI.cpp.obj' '-c' '-mfloat-abi=soft' '-mlibarch=armv6s-m' '-march=armv6s-m']
  ignore line: [ /usr/lib/gcc/arm-none-eabi/10.3.1/../../../arm-none-eabi/bin/as -v -march=armv6s-m -mfloat-abi=soft -meabi=5 -o CMakeFiles/cmTC_2aed8.dir/CMakeCXXCompilerABI.cpp.obj /tmp/ccvzdpmD.s]
  ignore line: [GNU assembler version 2.38 (arm-none-eabi) using BFD version (2.38-3ubuntu1+15build1) 2.38]
  ignore line: [COMPILER_PATH=/usr/lib/gcc/arm-none-eabi/10.3.1/:/usr/lib/gcc/arm-none-eabi/10.3.1/:/usr/lib/gcc/arm-none-eabi/:/usr/lib/gcc/arm-none-eabi/10.3.1/:/usr/lib/gcc/arm-none-eabi/:/usr/lib/gcc/arm-none-eabi/10.3.1/../../../arm-none-eabi/bin/]
  ignore line: [LIBRARY_PATH=/usr/lib/gcc/arm-none-eabi/10.3.1/thumb/v6-m/nofp/:/usr/lib/gcc/arm-none-eabi/10.3.1/../../../arm-none-eabi/lib/thumb/v6-m/nofp/:/usr/lib/gcc/arm-none-eabi/10.3.1/:/usr/lib/gcc/arm-none-eabi/10.3.1/../../../arm-none-eabi/lib/]
  ignore line: [COLLECT_GCC_OPTIONS='-mcpu=cortex-m0plus' '-mthumb' '-v' '-o' 'CMakeFiles/cmTC_2aed8.dir/CMakeCXXCompilerABI.cpp.obj' '-c' '-mfloat-abi=soft' '-mlibarch=armv6s-m' '-march=armv6s-m']
  ignore line: [Linking CXX executable cmTC_2aed8.elf]
  ignore line: [/usr/bin/cmake -E cmake_link_script CMakeFiles/cmTC_2aed8.dir/link.txt --verbose=1]
  ignore line: [/usr/bin/arm-none-eabi-g++ -mcpu=cortex-m0plus -mthumb  -Wl --build-id=none -nostdlib  -v CMakeFiles/cmTC_2aed8.dir/CMakeCXXCompilerABI.cpp.obj -o cmTC_2aed8.elf ]
  ignore line: [Using built-in specs.]
  ignore line: [COLLECT_GCC=/usr/bin/arm-none-eabi-g++]
  ignore line: [COLLECT_LTO_WRAPPER=/usr/lib/gcc/arm-none-eabi/10.3.1/lto-wrapper]
  ignore line: [Target: arm-none-eabi]
  ignore line: [Configured with: ../configure --build=x86_64-linux-gnu --prefix=/usr --includedir='/usr/lib/include' --mandir='/usr/lib/share/man' --infodir='/usr/lib/share/info' --sysconfdir=/etc --localstatedir=/var --disable-option-checking --disable-silent-rules --libdir='/usr/lib/lib/x86_64-linux-gnu' --libexecdir='/usr/lib/lib/x86_64-linux-gnu' --disable-maintainer-mode --disable-dependency-tracking --mandir=/usr/share/man --enable-languages=c,c++,lto --enable-multilib --disable-decimal-float --disable-libffi --disable-libgomp --disable-libmudflap --disable-libquadmath --disable-libssp --disable-libstdcxx-pch --disable-nls --disable-shared --disable-threads --enable-tls --build=x86_64-linux-gnu --target=arm-none-eabi --with-system-zlib --with-gnu-as --with-gnu-ld --with-pkgversion=15:10.3-2021.07-4 --without-included-gettext --prefix=/usr/lib --infodir=/usr/share/doc/gcc-arm-none-eabi/info --htmldir=/usr/share/doc/gcc-arm-none-eabi/html --pdfdir=/usr/share/doc/gcc-arm-none-eabi/pdf --bindir=/usr/bin --libexecdir=/usr/lib --libdir=/usr/lib --disable-libstdc++-v3 --host=x86_64-linux-gnu --with-headers=no --without-newlib --with-multilib-list=rmprofile,aprofile CFLAGS='-g -O2 -ffile-prefix-map=/build/gcc-arm-none-eabi-hYfgK4/gcc-arm-none-eabi-10.3-2021.07=. -flto=auto -ffat-lto-objects -fstack-protector-strong' CPPFLAGS='-Wdate-time -D_FORTIFY_SOURCE=2' CXXFLAGS='-g -O2 -ffile-prefix-map=/build/gcc-arm-none-eabi-hYfgK4/gcc-arm-none-eabi-10.3-2021.07=. -flto=auto -ffat-lto-objects -fstack-protector-strong' DFLAGS=-frelease FCFLAGS='-g -O2 -ffile-prefix-map=/build/gcc-arm-none-eabi-hYfgK4/gcc-arm-none-eabi-10.3-2021.07=. -flto=auto -ffat-lto-objects -fstack-protector-strong' FFLAGS='-g -O2 -ffile-prefix-map=/build/gcc-arm-none-eabi-hYfgK4/gcc-arm-none-eabi-10.3-2021.07=. -flto=auto -ffat-lto-objects -fstack-protector-strong' GCJFLAGS='-g -O2 -ffile-prefix-map=/build/gcc-arm-none-eabi-hYfgK4/gcc-arm-none-eabi-10.3-2021.07=. -fstack-protector-strong' LDFLAGS='-Wl,-Bsymbolic-functions -flto=auto -Wl,-z,relro' OBJCFLAGS='-g -O2 -ffile-prefix-map=/build/gcc-arm-none-eabi-hYfgK4/gcc-arm-none-eabi-10.3-2021.07=. -flto=auto -ffat-lto-objects -fstack-protector-strong' OBJCXXFLAGS='-g -O2 -ffile-prefix-map=/build/gcc-arm-none-eabi-hYfgK4/gcc-arm-none-eabi-10.3-2021.07=. -flto=auto -ffat-lto-objects -fstack-protector-strong' INHIBIT_LIBC_CFLAGS=-DUSE_TM_CLONE_REGISTRY=0 AR_FOR_TARGET=arm-none-eabi-ar AS_FOR_TARGET=arm-none-eabi-as LD_FOR_TARGET=arm-none-eabi-ld NM_FOR_TARGET=arm-none-eabi-nm OBJDUMP_FOR_TARGET=arm-none-eabi-objdump RANLIB_FOR_TARGET=arm-none-eabi-ranlib READELF_FOR_TARGET=arm-none-eabi-readelf STRIP_FOR_TARGET=arm-none-eabi-strip SED=/bin/sed SHELL=/bin/sh BASH=/bin/bash CONFIG_SHELL=/bin/bash]
  ignore line: [Thread model: single]
  ignore line: [Supported LTO compression algorithms: zlib]
  ignore line: [gcc version 10.3.1 20210621 (release) (15:10.3-2021.07-4) ]
  ignore line: [COMPILER_PATH=/usr/lib/gcc/arm-none-eabi/10.3.1/:/usr/lib/gcc/arm-none-eabi/10.3.1/:/usr/lib/gcc/arm-none-eabi/:/usr/lib/gcc/arm-none-eabi/10.3.1/:/usr/lib/gcc/arm-none-eabi/:/usr/lib/gcc/arm-none-eabi/10.3.1/../../../arm-none-eabi/bin/]
  ignore line: [LIBRARY_PATH=/usr/lib/gcc/arm-none-eabi/10.3.1/thumb/v6-m/nofp/:/usr/lib/gcc/arm-none-eabi/10.3.1/../../../arm-none-eabi/lib/thumb/v6-m/nofp/:/usr/lib/gcc/arm-none-eabi/10.3.1/:/usr/lib/gcc/arm-none-eabi/10.3.1/../../../arm-none-eabi/lib/]
  ignore line: [COLLECT_GCC_OPTIONS='-mcpu=cortex-m0plus' '-mthumb' '-nostdlib' '-v' '-o' 'cmTC_2aed8.elf' '-mfloat-abi=soft' '-mlibarch=armv6s-m' '-march=armv6s-m']
  link line: [ /usr/lib/gcc/arm-none-eabi/10.3.1/collect2 -plugin /usr/lib/gcc/arm-none-eabi/10.3.1/liblto_plugin.so -plugin-opt=/usr/lib/gcc/arm-none-eabi/10.3.1/lto-wrapper -plugin-opt=-fresolution=/tmp/ccTGEKSj.res -X -o cmTC_2aed8.elf -L/usr/lib/gcc/arm-none-eabi/10.3.1/thumb/v6-m/nofp -L/usr/lib/gcc/arm-none-eabi/10.3.1/../../../arm-none-eabi/lib/thumb/v6-m/nofp -L/usr/lib/gcc/arm-none-eabi/10.3.1 -L/usr/lib/gcc/arm-none-eabi/10.3.1/../../../arm-none-eabi/lib --build-id=none CMakeFiles/cmTC_2aed8.dir/CMakeCXXCompilerABI.cpp.obj]
    arg [/usr/lib/gcc/arm-none-eabi/10.3.1/collect2] ==> ignore
    arg [-plugin] ==> ignore
    arg [/usr/lib/gcc/arm-none-eabi/10.3.1/liblto_plugin.so] ==> ignore
    arg [-plugin-opt=/usr/lib/gcc/arm-none-eabi/10.3.1/lto-wrapper] ==> ignore
    arg [-plugin-opt=-fresolution=/tmp/ccTGEKSj.res] ==> ignore
    arg [-X] ==> ignore
    arg [-o] ==> ignore
    arg [cmTC_2aed8.elf] ==> ignore
    arg [-L/usr/lib/gcc/arm-none-eabi/10.3.1/thumb/v6-m/nofp] ==> dir [/usr/lib/gcc/arm-none-eabi/10.3.1/thumb/v6-m/nofp]
    arg [-L/usr/lib/gcc/arm-none-eabi/10.3.1/../../../arm-none-eabi/lib/thumb/v6-m/nofp] ==> dir [/usr/lib/gcc/arm-none-eabi/10.3.1/../../../arm-none-eabi/lib/thumb/v6-m/nofp]
    arg [-L/usr/lib/gcc/arm-none-eabi/10.3.1] ==> dir [/usr/lib/gcc/arm-none-eabi/10.3.1]
    arg [-L/usr/lib/gcc/arm-none-eabi/10.3.1/../../../arm-none-eabi/lib] ==> dir [/usr/lib/gcc/arm-none-eabi/10.3.1/../../../arm-none-eabi/lib]
    arg [--build-id=none] ==> ignore
    arg [CMakeFiles/cmTC_2aed8.dir/CMakeCXXCompilerABI.cpp.obj] ==> ignore
  collapse library dir [/usr/lib/gcc/arm-none-eabi/10.3.1/thumb/v6-m/nofp] ==> [/usr/lib/gcc/arm-none-eabi/10.3.1/thumb/v6-m/nofp]
  collapse library dir [/usr/lib/gcc/arm-none-eabi/10.3.1/../../../arm-none-eabi/lib/thumb/v6-m/nofp] ==> [/usr/lib/arm-none-eabi/lib/thumb/v6-m/nofp]
  collapse library dir [/usr/lib/gcc/arm-none-eabi/10.3.1] ==> [/usr/lib/gcc/arm-none-eabi/10.3.1]
  collapse library dir [/usr/lib/gcc/arm-none-eabi/10.3.1/../../../arm-none-eabi/lib] ==> [/usr/lib/arm-none-eabi/lib]
  implicit libs: []
  implicit objs: []
  implicit dirs: [/usr/lib/gcc/arm-none-eabi/10.3.1/thumb/v6-m/nofp;/usr/lib/arm-none-eabi/lib/thumb/v6-m/nofp;/usr/lib/gcc/arm-none-eabi/10.3.1;/usr/lib/arm-none-eabi/lib]
  implicit fwks: []


The target system is: PICO -  - cortex-m0plus
The host system is: Linux - 6.8.0-40-generic - x86_64
Compiling the C compiler identification source file "CMakeCCompilerId.c" succeeded.
Compiler: /usr/bin/arm-none-eabi-gcc 
Build flags: ;-mcpu=cortex-m0plus;-mthumb
Id flags: -c 

The output was:
0


Compilation of the C compiler identification source "CMakeCCompilerId.c" produced "CMakeCCompilerId.o"

The C compiler identification is GNU, found in "/home/pi/NN2022Code/SrcBoardFirmware/build/CMakeFiles/3.22.1/CompilerIdC/CMakeCCompilerId.o"

Compiling the CXX compiler identification source file "CMakeCXXCompilerId.cpp" succeeded.
Compiler: /usr/bin/arm-none-eabi-g++ 
Build flags: ;-mcpu=cortex-m0plus;-mthumb
Id flags: -c 

The output was:
0


Compilation of the CXX compiler identification source "CMakeCXXCompilerId.cpp" produced "CMakeCXXCompilerId.o"

The CXX compiler identification is GNU, found in "/home/pi/NN2022Code/SrcBoardFirmware/build/CMakeFiles/3.22.1/CompilerIdCXX/CMakeCXXCompilerId.o"

Checking whether the ASM compiler is GNU using "--version" matched "(GNU assembler)|(GCC)|(Free Software Foundation)":
arm-none-eabi-gcc (15:10.3-2021.07-4) 10.3.1 20210621 (release)
Copyright (C) 2020 Free Software Foundation, Inc.
This is free software; see the source for copying conditions.  There is NO
warranty; not even for MERCHANTABILITY or FITNESS FOR A PARTICULAR PURPOSE.

Detecting C compiler ABI info compiled with the following output:
Change Dir: /home/pi/NN2022Code/SrcBoardFirmware/build/CMakeFiles/CMakeTmp

Run Build Command(s):/usr/bin/gmake -f Makefile cmTC_f26ae/fast && /usr/bin/gmake  -f CMakeFiles/cmTC_f26ae.dir/build.make CMakeFiles/cmTC_f26ae.dir/build
gmake[1]: Entering directory '/home/pi/NN2022Code/SrcBoardFirmware/build/CMakeFiles/CMakeTmp'
Building C object CMakeFiles/cmTC_f26ae.dir/CMakeCCompilerABI.c.obj
/usr/bin/arm-none-eabi-gcc   -mcpu=cortex-m0plus -mthumb    -v -o CMakeFiles/cmTC_f26ae.dir/CMakeCCompilerABI.c.obj -c /usr/share/cmake-3.22/Modules/CMakeCCompilerABI.c
Using built-in specs.
COLLECT_GCC=/usr/bin/arm-none-eabi-gcc
Target: arm-none-eabi
Configured with: ../configure --build=x86_64-linux-gnu --prefix=/usr --includedir='/usr/lib/include' --mandir='/usr/lib/share/man' --infodir='/usr/lib/share/info' --sysconfdir=/etc --localstatedir=/var --disable-option-checking --disable-silent-rules --libdir='/usr/lib/lib/x86_64-linux-gnu' --libexecdir='/usr/lib/lib/x86_64-linux-gnu' --disable-maintainer-mode --disable-dependency-tracking --mandir=/usr/share/man --enable-languages=c,c++,lto --enable-multilib --disable-decimal-float --disable-libffi --disable-libgomp --disable-libmudflap --disable-libquadmath --disable-libssp --disable-libstdcxx-pch --disable-nls --disable-shared --disable-threads --enable-tls --build=x86_64-linux-gnu --target=arm-none-eabi --with-system-zlib --with-gnu-as --with-gnu-ld --with-pkgversion=15:10.3-2021.07-4 --without-included-gettext --prefix=/usr/lib --infodir=/usr/share/doc/gcc-arm-none-eabi/info --htmldir=/usr/share/doc/gcc-arm-none-eabi/html --pdfdir=/usr/share/doc/gcc-arm-none-eabi/pdf --bindir=/usr/bin --libexecdir=/usr/lib --libdir=/usr/lib --disable-libstdc++-v3 --host=x86_64-linux-gnu --with-headers=no --without-newlib --with-multilib-list=rmprofile,aprofile CFLAGS='-g -O2 -ffile-prefix-map=/build/gcc-arm-none-eabi-hYfgK4/gcc-arm-none-eabi-10.3-2021.07=. -flto=auto -ffat-lto-objects -fstack-protector-strong' CPPFLAGS='-Wdate-time -D_FORTIFY_SOURCE=2' CXXFLAGS='-g -O2 -ffile-prefix-map=/build/gcc-arm-none-eabi-hYfgK4/gcc-arm-none-eabi-10.3-2021.07=. -flto=auto -ffat-lto-objects -fstack-protector-strong' DFLAGS=-frelease FCFLAGS='-g -O2 -ffile-prefix-map=/build/gcc-arm-none-eabi-hYfgK4/gcc-arm-none-eabi-10.3-2021.07=. -flto=auto -ffat-lto-objects -fstack-protector-strong' FFLAGS='-g -O2 -ffile-prefix-map=/build/gcc-arm-none-eabi-hYfgK4/gcc-arm-none-eabi-10.3-2021.07=. -flto=auto -ffat-lto-objects -fstack-protector-strong' GCJFLAGS='-g -O2 -ffile-prefix-map=/build/gcc-arm-none-eabi-hYfgK4/gcc-arm-none-eabi-10.3-2021.07=. -fstack-protector-strong' LDFLAGS='-Wl,-Bsymbolic-functions -flto=auto -Wl,-z,relro' OBJCFLAGS='-g -O2 -ffile-prefix-map=/build/gcc-arm-none-eabi-hYfgK4/gcc-arm-none-eabi-10.3-2021.07=. -flto=auto -ffat-lto-objects -fstack-protector-strong' OBJCXXFLAGS='-g -O2 -ffile-prefix-map=/build/gcc-arm-none-eabi-hYfgK4/gcc-arm-none-eabi-10.3-2021.07=. -flto=auto -ffat-lto-objects -fstack-protector-strong' INHIBIT_LIBC_CFLAGS=-DUSE_TM_CLONE_REGISTRY=0 AR_FOR_TARGET=arm-none-eabi-ar AS_FOR_TARGET=arm-none-eabi-as LD_FOR_TARGET=arm-none-eabi-ld NM_FOR_TARGET=arm-none-eabi-nm OBJDUMP_FOR_TARGET=arm-none-eabi-objdump RANLIB_FOR_TARGET=arm-none-eabi-ranlib READELF_FOR_TARGET=arm-none-eabi-readelf STRIP_FOR_TARGET=arm-none-eabi-strip SED=/bin/sed SHELL=/bin/sh BASH=/bin/bash CONFIG_SHELL=/bin/bash
Thread model: single
Supported LTO compression algorithms: zlib
gcc version 10.3.1 20210621 (release) (15:10.3-2021.07-4) 
COLLECT_GCC_OPTIONS='-mcpu=cortex-m0plus' '-mthumb' '-v' '-o' 'CMakeFiles/cmTC_f26ae.dir/CMakeCCompilerABI.c.obj' '-c' '-mfloat-abi=soft' '-mlibarch=armv6s-m' '-march=armv6s-m'
 /usr/lib/gcc/arm-none-eabi/10.3.1/cc1 -quiet -v -imultilib thumb/v6-m/nofp -D__USES_INITFINI__ /usr/share/cmake-3.22/Modules/CMakeCCompilerABI.c -quiet -dumpbase CMakeCCompilerABI.c -mcpu=cortex-m0plus -mthumb -mfloat-abi=soft -mlibarch=armv6s-m -march=armv6s-m -auxbase-strip CMakeFiles/cmTC_f26ae.dir/CMakeCCompilerABI.c.obj -version -o /tmp/cc4pOJ3J.s
GNU C17 (15:10.3-2021.07-4) version 10.3.1 20210621 (release) (arm-none-eabi)
	compiled by GNU C version 11.2.0, GMP version 6.2.1, MPFR version 4.1.0, MPC version 1.2.1, isl version isl-0.24-GMP

GGC heuristics: --param ggc-min-expand=100 --param ggc-min-heapsize=131072
ignoring nonexistent directory "/usr/lib/gcc/arm-none-eabi/10.3.1/../../../arm-none-eabi/sys-include"
#include "..." search starts here:
#include <...> search starts here:
 /usr/lib/gcc/arm-none-eabi/10.3.1/include
 /usr/lib/gcc/arm-none-eabi/10.3.1/include-fixed
 /usr/lib/gcc/arm-none-eabi/10.3.1/../../../arm-none-eabi/include
End of search list.
GNU C17 (15:10.3-2021.07-4) version 10.3.1 20210621 (release) (arm-none-eabi)
	compiled by GNU C version 11.2.0, GMP version 6.2.1, MPFR version 4.1.0, MPC version 1.2.1, isl version isl-0.24-GMP

GGC heuristics: --param ggc-min-expand=100 --param ggc-min-heapsize=131072
Compiler executable checksum: 4cf7574ae54eb0935abb4a8c56f8bcfe
COLLECT_GCC_OPTIONS='-mcpu=cortex-m0plus' '-mthumb' '-v' '-o' 'CMakeFiles/cmTC_f26ae.dir/CMakeCCompilerABI.c.obj' '-c' '-mfloat-abi=soft' '-mlibarch=armv6s-m' '-march=armv6s-m'
 /usr/lib/gcc/arm-none-eabi/10.3.1/../../../arm-none-eabi/bin/as -v -march=armv6s-m -mfloat-abi=soft -meabi=5 -o CMakeFiles/cmTC_f26ae.dir/CMakeCCompilerABI.c.obj /tmp/cc4pOJ3J.s
GNU assembler version 2.38 (arm-none-eabi) using BFD version (2.38-3ubuntu1+15build1) 2.38
COMPILER_PATH=/usr/lib/gcc/arm-none-eabi/10.3.1/:/usr/lib/gcc/arm-none-eabi/10.3.1/:/usr/lib/gcc/arm-none-eabi/:/usr/lib/gcc/arm-none-eabi/10.3.1/:/usr/lib/gcc/arm-none-eabi/:/usr/lib/gcc/arm-none-eabi/10.3.1/../../../arm-none-eabi/bin/
LIBRARY_PATH=/usr/lib/gcc/arm-none-eabi/10.3.1/thumb/v6-m/nofp/:/usr/lib/gcc/arm-none-eabi/10.3.1/../../../arm-none-eabi/lib/thumb/v6-m/nofp/:/usr/lib/gcc/arm-none-eabi/10.3.1/:/usr/lib/gcc/arm-none-eabi/10.3.1/../../../arm-none-eabi/lib/
COLLECT_GCC_OPTIONS='-mcpu=cortex-m0plus' '-mthumb' '-v' '-o' 'CMakeFiles/cmTC_f26ae.dir/CMakeCCompilerABI.c.obj' '-c' '-mfloat-abi=soft' '-mlibarch=armv6s-m' '-march=armv6s-m'
Linking C executable cmTC_f26ae.elf
/usr/bin/cmake -E cmake_link_script CMakeFiles/cmTC_f26ae.dir/link.txt --verbose=1
/usr/bin/arm-none-eabi-gcc -mcpu=cortex-m0plus -mthumb  -Wl,--build-id=none -nostdlib  -v CMakeFiles/cmTC_f26ae.dir/CMakeCCompilerABI.c.obj -o cmTC_f26ae.elf 
Using built-in specs.
COLLECT_GCC=/usr/bin/arm-none-eabi-gcc
COLLECT_LTO_WRAPPER=/usr/lib/gcc/arm-none-eabi/10.3.1/lto-wrapper
Target: arm-none-eabi
Configured with: ../configure --build=x86_64-linux-gnu --prefix=/usr --includedir='/usr/lib/include' --mandir='/usr/lib/share/man' --infodir='/usr/lib/share/info' --sysconfdir=/etc --localstatedir=/var --disable-option-checking --disable-silent-rules --libdir='/usr/lib/lib/x86_64-linux-gnu' --libexecdir='/usr/lib/lib/x86_64-linux-gnu' --disable-maintainer-mode --disable-dependency-tracking --mandir=/usr/share/man --enable-languages=c,c++,lto --enable-multilib --disable-decimal-float --disable-libffi --disable-libgomp --disable-libmudflap --disable-libquadmath --disable-libssp --disable-libstdcxx-pch --disable-nls --disable-shared --disable-threads --enable-tls --build=x86_64-linux-gnu --target=arm-none-eabi --with-system-zlib --with-gnu-as --with-gnu-ld --with-pkgversion=15:10.3-2021.07-4 --without-included-gettext --prefix=/usr/lib --infodir=/usr/share/doc/gcc-arm-none-eabi/info --htmldir=/usr/share/doc/gcc-arm-none-eabi/html --pdfdir=/usr/share/doc/gcc-arm-none-eabi/pdf --bindir=/usr/bin --libexecdir=/usr/lib --libdir=/usr/lib --disable-libstdc++-v3 --host=x86_64-linux-gnu --with-headers=no --without-newlib --with-multilib-list=rmprofile,aprofile CFLAGS='-g -O2 -ffile-prefix-map=/build/gcc-arm-none-eabi-hYfgK4/gcc-arm-none-eabi-10.3-2021.07=. -flto=auto -ffat-lto-objects -fstack-protector-strong' CPPFLAGS='-Wdate-time -D_FORTIFY_SOURCE=2' CXXFLAGS='-g -O2 -ffile-prefix-map=/build/gcc-arm-none-eabi-hYfgK4/gcc-arm-none-eabi-10.3-2021.07=. -flto=auto -ffat-lto-objects -fstack-protector-strong' DFLAGS=-frelease FCFLAGS='-g -O2 -ffile-prefix-map=/build/gcc-arm-none-eabi-hYfgK4/gcc-arm-none-eabi-10.3-2021.07=. -flto=auto -ffat-lto-objects -fstack-protector-strong' FFLAGS='-g -O2 -ffile-prefix-map=/build/gcc-arm-none-eabi-hYfgK4/gcc-arm-none-eabi-10.3-2021.07=. -flto=auto -ffat-lto-objects -fstack-protector-strong' GCJFLAGS='-g -O2 -ffile-prefix-map=/build/gcc-arm-none-eabi-hYfgK4/gcc-arm-none-eabi-10.3-2021.07=. -fstack-protector-strong' LDFLAGS='-Wl,-Bsymbolic-functions -flto=auto -Wl,-z,relro' OBJCFLAGS='-g -O2 -ffile-prefix-map=/build/gcc-arm-none-eabi-hYfgK4/gcc-arm-none-eabi-10.3-2021.07=. -flto=auto -ffat-lto-objects -fstack-protector-strong' OBJCXXFLAGS='-g -O2 -ffile-prefix-map=/build/gcc-arm-none-eabi-hYfgK4/gcc-arm-none-eabi-10.3-2021.07=. -flto=auto -ffat-lto-objects -fstack-protector-strong' INHIBIT_LIBC_CFLAGS=-DUSE_TM_CLONE_REGISTRY=0 AR_FOR_TARGET=arm-none-eabi-ar AS_FOR_TARGET=arm-none-eabi-as LD_FOR_TARGET=arm-none-eabi-ld NM_FOR_TARGET=arm-none-eabi-nm OBJDUMP_FOR_TARGET=arm-none-eabi-objdump RANLIB_FOR_TARGET=arm-none-eabi-ranlib READELF_FOR_TARGET=arm-none-eabi-readelf STRIP_FOR_TARGET=arm-none-eabi-strip SED=/bin/sed SHELL=/bin/sh BASH=/bin/bash CONFIG_SHELL=/bin/bash
Thread model: single
Supported LTO compression algorithms: zlib
gcc version 10.3.1 20210621 (release) (15:10.3-2021.07-4) 
COMPILER_PATH=/usr/lib/gcc/arm-none-eabi/10.3.1/:/usr/lib/gcc/arm-none-eabi/10.3.1/:/usr/lib/gcc/arm-none-eabi/:/usr/lib/gcc/arm-none-eabi/10.3.1/:/usr/lib/gcc/arm-none-eabi/:/usr/lib/gcc/arm-none-eabi/10.3.1/../../../arm-none-eabi/bin/
LIBRARY_PATH=/usr/lib/gcc/arm-none-eabi/10.3.1/thumb/v6-m/nofp/:/usr/lib/gcc/arm-none-eabi/10.3.1/../../../arm-none-eabi/lib/thumb/v6-m/nofp/:/usr/lib/gcc/arm-none-eabi/10.3.1/:/usr/lib/gcc/arm-none-eabi/10.3.1/../../../arm-none-eabi/lib/
COLLECT_GCC_OPTIONS='-mcpu=cortex-m0plus' '-mthumb' '-nostdlib' '-v' '-o' 'cmTC_f26ae.elf' '-mfloat-abi=soft' '-mlibarch=armv6s-m' '-march=armv6s-m'
 /usr/lib/gcc/arm-none-eabi/10.3.1/collect2 -plugin /usr/lib/gcc/arm-none-eabi/10.3.1/liblto_plugin.so -plugin-opt=/usr/lib/gcc/arm-none-eabi/10.3.1/lto-wrapper -plugin-opt=-fresolution=/tmp/ccBzrQXM.res -X -o cmTC_f26ae.elf -L/usr/lib/gcc/arm-none-eabi/10.3.1/thumb/v6-m/nofp -L/usr/lib/gcc/arm-none-eabi/10.3.1/../../../arm-none-eabi/lib/thumb/v6-m/nofp -L/usr/lib/gcc/arm-none-eabi/10.3.1 -L/usr/lib/gcc/arm-none-eabi/10.3.1/../../../arm-none-eabi/lib --build-id=none CMakeFiles/cmTC_f26ae.dir/CMakeCCompilerABI.c.obj
/usr/lib/gcc/arm-none-eabi/10.3.1/../../../arm-none-eabi/bin/ld: warning: cannot find entry symbol _start; defaulting to 0000000000008000
COLLECT_GCC_OPTIONS='-mcpu=cortex-m0plus' '-mthumb' '-nostdlib' '-v' '-o' 'cmTC_f26ae.elf' '-mfloat-abi=soft' '-mlibarch=armv6s-m' '-march=armv6s-m'
gmake[1]: Leaving directory '/home/pi/NN2022Code/SrcBoardFirmware/build/CMakeFiles/CMakeTmp'



Parsed C implicit include dir info from above output: rv=done
  found start of include info
  found start of implicit include info
    add: [/usr/lib/gcc/arm-none-eabi/10.3.1/include]
    add: [/usr/lib/gcc/arm-none-eabi/10.3.1/include-fixed]
    add: [/usr/lib/gcc/arm-none-eabi/10.3.1/../../../arm-none-eabi/include]
  end of search list found
  collapse include dir [/usr/lib/gcc/arm-none-eabi/10.3.1/include] ==> [/usr/lib/gcc/arm-none-eabi/10.3.1/include]
  collapse include dir [/usr/lib/gcc/arm-none-eabi/10.3.1/include-fixed] ==> [/usr/lib/gcc/arm-none-eabi/10.3.1/include-fixed]
  collapse include dir [/usr/lib/gcc/arm-none-eabi/10.3.1/../../../arm-none-eabi/include] ==> [/usr/lib/arm-none-eabi/include]
  implicit include dirs: [/usr/lib/gcc/arm-none-eabi/10.3.1/include;/usr/lib/gcc/arm-none-eabi/10.3.1/include-fixed;/usr/lib/arm-none-eabi/include]


Parsed C implicit link information from above output:
  link line regex: [^( *|.*[/\])(arm-none-eabi-ld|CMAKE_LINK_STARTFILE-NOTFOUND|([^/\]+-)?ld|collect2)[^/\]*( |$)]
  ignore line: [Change Dir: /home/pi/NN2022Code/SrcBoardFirmware/build/CMakeFiles/CMakeTmp]
  ignore line: []
  ignore line: [Run Build Command(s):/usr/bin/gmake -f Makefile cmTC_f26ae/fast && /usr/bin/gmake  -f CMakeFiles/cmTC_f26ae.dir/build.make CMakeFiles/cmTC_f26ae.dir/build]
  ignore line: [gmake[1]: Entering directory '/home/pi/NN2022Code/SrcBoardFirmware/build/CMakeFiles/CMakeTmp']
  ignore line: [Building C object CMakeFiles/cmTC_f26ae.dir/CMakeCCompilerABI.c.obj]
  ignore line: [/usr/bin/arm-none-eabi-gcc   -mcpu=cortex-m0plus -mthumb    -v -o CMakeFiles/cmTC_f26ae.dir/CMakeCCompilerABI.c.obj -c /usr/share/cmake-3.22/Modules/CMakeCCompilerABI.c]
  ignore line: [Using built-in specs.]
  ignore line: [COLLECT_GCC=/usr/bin/arm-none-eabi-gcc]
  ignore line: [Target: arm-none-eabi]
  ignore line: [Configured with: ../configure --build=x86_64-linux-gnu --prefix=/usr --includedir='/usr/lib/include' --mandir='/usr/lib/share/man' --infodir='/usr/lib/share/info' --sysconfdir=/etc --localstatedir=/var --disable-option-checking --disable-silent-rules --libdir='/usr/lib/lib/x86_64-linux-gnu' --libexecdir='/usr/lib/lib/x86_64-linux-gnu' --disable-maintainer-mode --disable-dependency-tracking --mandir=/usr/share/man --enable-languages=c,c++,lto --enable-multilib --disable-decimal-float --disable-libffi --disable-libgomp --disable-libmudflap --disable-libquadmath --disable-libssp --disable-libstdcxx-pch --disable-nls --disable-shared --disable-threads --enable-tls --build=x86_64-linux-gnu --target=arm-none-eabi --with-system-zlib --with-gnu-as --with-gnu-ld --with-pkgversion=15:10.3-2021.07-4 --without-included-gettext --prefix=/usr/lib --infodir=/usr/share/doc/gcc-arm-none-eabi/info --htmldir=/usr/share/doc/gcc-arm-none-eabi/html --pdfdir=/usr/share/doc/gcc-arm-none-eabi/pdf --bindir=/usr/bin --libexecdir=/usr/lib --libdir=/usr/lib --disable-libstdc++-v3 --host=x86_64-linux-gnu --with-headers=no --without-newlib --with-multilib-list=rmprofile,aprofile CFLAGS='-g -O2 -ffile-prefix-map=/build/gcc-arm-none-eabi-hYfgK4/gcc-arm-none-eabi-10.3-2021.07=. -flto=auto -ffat-lto-objects -fstack-protector-strong' CPPFLAGS='-Wdate-time -D_FORTIFY_SOURCE=2' CXXFLAGS='-g -O2 -ffile-prefix-map=/build/gcc-arm-none-eabi-hYfgK4/gcc-arm-none-eabi-10.3-2021.07=. -flto=auto -ffat-lto-objects -fstack-protector-strong' DFLAGS=-frelease FCFLAGS='-g -O2 -ffile-prefix-map=/build/gcc-arm-none-eabi-hYfgK4/gcc-arm-none-eabi-10.3-2021.07=. -flto=auto -ffat-lto-objects -fstack-protector-strong' FFLAGS='-g -O2 -ffile-prefix-map=/build/gcc-arm-none-eabi-hYfgK4/gcc-arm-none-eabi-10.3-2021.07=. -flto=auto -ffat-lto-objects -fstack-protector-strong' GCJFLAGS='-g -O2 -ffile-prefix-map=/build/gcc-arm-none-eabi-hYfgK4/gcc-arm-none-eabi-10.3-2021.07=. -fstack-protector-strong' LDFLAGS='-Wl,-Bsymbolic-functions -flto=auto -Wl,-z,relro' OBJCFLAGS='-g -O2 -ffile-prefix-map=/build/gcc-arm-none-eabi-hYfgK4/gcc-arm-none-eabi-10.3-2021.07=. -flto=auto -ffat-lto-objects -fstack-protector-strong' OBJCXXFLAGS='-g -O2 -ffile-prefix-map=/build/gcc-arm-none-eabi-hYfgK4/gcc-arm-none-eabi-10.3-2021.07=. -flto=auto -ffat-lto-objects -fstack-protector-strong' INHIBIT_LIBC_CFLAGS=-DUSE_TM_CLONE_REGISTRY=0 AR_FOR_TARGET=arm-none-eabi-ar AS_FOR_TARGET=arm-none-eabi-as LD_FOR_TARGET=arm-none-eabi-ld NM_FOR_TARGET=arm-none-eabi-nm OBJDUMP_FOR_TARGET=arm-none-eabi-objdump RANLIB_FOR_TARGET=arm-none-eabi-ranlib READELF_FOR_TARGET=arm-none-eabi-readelf STRIP_FOR_TARGET=arm-none-eabi-strip SED=/bin/sed SHELL=/bin/sh BASH=/bin/bash CONFIG_SHELL=/bin/bash]
  ignore line: [Thread model: single]
  ignore line: [Supported LTO compression algorithms: zlib]
  ignore line: [gcc version 10.3.1 20210621 (release) (15:10.3-2021.07-4) ]
  ignore line: [COLLECT_GCC_OPTIONS='-mcpu=cortex-m0plus' '-mthumb' '-v' '-o' 'CMakeFiles/cmTC_f26ae.dir/CMakeCCompilerABI.c.obj' '-c' '-mfloat-abi=soft' '-mlibarch=armv6s-m' '-march=armv6s-m']
  ignore line: [ /usr/lib/gcc/arm-none-eabi/10.3.1/cc1 -quiet -v -imultilib thumb/v6-m/nofp -D__USES_INITFINI__ /usr/share/cmake-3.22/Modules/CMakeCCompilerABI.c -quiet -dumpbase CMakeCCompilerABI.c -mcpu=cortex-m0plus -mthumb -mfloat-abi=soft -mlibarch=armv6s-m -march=armv6s-m -auxbase-strip CMakeFiles/cmTC_f26ae.dir/CMakeCCompilerABI.c.obj -version -o /tmp/cc4pOJ3J.s]
  ignore line: [GNU C17 (15:10.3-2021.07-4) version 10.3.1 20210621 (release) (arm-none-eabi)]
  ignore line: [	compiled by GNU C version 11.2.0  GMP version 6.2.1  MPFR version 4.1.0  MPC version 1.2.1  isl version isl-0.24-GMP]
  ignore line: []
  ignore line: [GGC heuristics: --param ggc-min-expand=100 --param ggc-min-heapsize=131072]
  ignore line: [ignoring nonexistent directory "/usr/lib/gcc/arm-none-eabi/10.3.1/../../../arm-none-eabi/sys-include"]
  ignore line: [#include "..." search starts here:]
  ignore line: [#include <...> search starts here:]
  ignore line: [ /usr/lib/gcc/arm-none-eabi/10.3.1/include]
  ignore line: [ /usr/lib/gcc/arm-none-eabi/10.3.1/include-fixed]
  ignore line: [ /usr/lib/gcc/arm-none-eabi/10.3.1/../../../arm-none-eabi/include]
  ignore line: [End of search list.]
  ignore line: [GNU C17 (15:10.3-2021.07-4) version 10.3.1 20210621 (release) (arm-none-eabi)]
  ignore line: [	compiled by GNU C version 11.2.0  GMP version 6.2.1  MPFR version 4.1.0  MPC version 1.2.1  isl version isl-0.24-GMP]
  ignore line: []
  ignore line: [GGC heuristics: --param ggc-min-expand=100 --param ggc-min-heapsize=131072]
  ignore line: [Compiler executable checksum: 4cf7574ae54eb0935abb4a8c56f8bcfe]
  ignore line: [COLLECT_GCC_OPTIONS='-mcpu=cortex-m0plus' '-mthumb' '-v' '-o' 'CMakeFiles/cmTC_f26ae.dir/CMakeCCompilerABI.c.obj' '-c' '-mfloat-abi=soft' '-mlibarch=armv6s-m' '-march=armv6s-m']
  ignore line: [ /usr/lib/gcc/arm-none-eabi/10.3.1/../../../arm-none-eabi/bin/as -v -march=armv6s-m -mfloat-abi=soft -meabi=5 -o CMakeFiles/cmTC_f26ae.dir/CMakeCCompilerABI.c.obj /tmp/cc4pOJ3J.s]
  ignore line: [GNU assembler version 2.38 (arm-none-eabi) using BFD version (2.38-3ubuntu1+15build1) 2.38]
  ignore line: [COMPILER_PATH=/usr/lib/gcc/arm-none-eabi/10.3.1/:/usr/lib/gcc/arm-none-eabi/10.3.1/:/usr/lib/gcc/arm-none-eabi/:/usr/lib/gcc/arm-none-eabi/10.3.1/:/usr/lib/gcc/arm-none-eabi/:/usr/lib/gcc/arm-none-eabi/10.3.1/../../../arm-none-eabi/bin/]
  ignore line: [LIBRARY_PATH=/usr/lib/gcc/arm-none-eabi/10.3.1/thumb/v6-m/nofp/:/usr/lib/gcc/arm-none-eabi/10.3.1/../../../arm-none-eabi/lib/thumb/v6-m/nofp/:/usr/lib/gcc/arm-none-eabi/10.3.1/:/usr/lib/gcc/arm-none-eabi/10.3.1/../../../arm-none-eabi/lib/]
  ignore line: [COLLECT_GCC_OPTIONS='-mcpu=cortex-m0plus' '-mthumb' '-v' '-o' 'CMakeFiles/cmTC_f26ae.dir/CMakeCCompilerABI.c.obj' '-c' '-mfloat-abi=soft' '-mlibarch=armv6s-m' '-march=armv6s-m']
  ignore line: [Linking C executable cmTC_f26ae.elf]
  ignore line: [/usr/bin/cmake -E cmake_link_script CMakeFiles/cmTC_f26ae.dir/link.txt --verbose=1]
  ignore line: [/usr/bin/arm-none-eabi-gcc -mcpu=cortex-m0plus -mthumb  -Wl --build-id=none -nostdlib  -v CMakeFiles/cmTC_f26ae.dir/CMakeCCompilerABI.c.obj -o cmTC_f26ae.elf ]
  ignore line: [Using built-in specs.]
  ignore line: [COLLECT_GCC=/usr/bin/arm-none-eabi-gcc]
  ignore line: [COLLECT_LTO_WRAPPER=/usr/lib/gcc/arm-none-eabi/10.3.1/lto-wrapper]
  ignore line: [Target: arm-none-eabi]
  ignore line: [Configured with: ../configure --build=x86_64-linux-gnu --prefix=/usr --includedir='/usr/lib/include' --mandir='/usr/lib/share/man' --infodir='/usr/lib/share/info' --sysconfdir=/etc --localstatedir=/var --disable-option-checking --disable-silent-rules --libdir='/usr/lib/lib/x86_64-linux-gnu' --libexecdir='/usr/lib/lib/x86_64-linux-gnu' --disable-maintainer-mode --disable-dependency-tracking --mandir=/usr/share/man --enable-languages=c,c++,lto --enable-multilib --disable-decimal-float --disable-libffi --disable-libgomp --disable-libmudflap --disable-libquadmath --disable-libssp --disable-libstdcxx-pch --disable-nls --disable-shared --disable-threads --enable-tls --build=x86_64-linux-gnu --target=arm-none-eabi --with-system-zlib --with-gnu-as --with-gnu-ld --with-pkgversion=15:10.3-2021.07-4 --without-included-gettext --prefix=/usr/lib --infodir=/usr/share/doc/gcc-arm-none-eabi/info --htmldir=/usr/share/doc/gcc-arm-none-eabi/html --pdfdir=/usr/share/doc/gcc-arm-none-eabi/pdf --bindir=/usr/bin --libexecdir=/usr/lib --libdir=/usr/lib --disable-libstdc++-v3 --host=x86_64-linux-gnu --with-headers=no --without-newlib --with-multilib-list=rmprofile,aprofile CFLAGS='-g -O2 -ffile-prefix-map=/build/gcc-arm-none-eabi-hYfgK4/gcc-arm-none-eabi-10.3-2021.07=. -flto=auto -ffat-lto-objects -fstack-protector-strong' CPPFLAGS='-Wdate-time -D_FORTIFY_SOURCE=2' CXXFLAGS='-g -O2 -ffile-prefix-map=/build/gcc-arm-none-eabi-hYfgK4/gcc-arm-none-eabi-10.3-2021.07=. -flto=auto -ffat-lto-objects -fstack-protector-strong' DFLAGS=-frelease FCFLAGS='-g -O2 -ffile-prefix-map=/build/gcc-arm-none-eabi-hYfgK4/gcc-arm-none-eabi-10.3-2021.07=. -flto=auto -ffat-lto-objects -fstack-protector-strong' FFLAGS='-g -O2 -ffile-prefix-map=/build/gcc-arm-none-eabi-hYfgK4/gcc-arm-none-eabi-10.3-2021.07=. -flto=auto -ffat-lto-objects -fstack-protector-strong' GCJFLAGS='-g -O2 -ffile-prefix-map=/build/gcc-arm-none-eabi-hYfgK4/gcc-arm-none-eabi-10.3-2021.07=. -fstack-protector-strong' LDFLAGS='-Wl,-Bsymbolic-functions -flto=auto -Wl,-z,relro' OBJCFLAGS='-g -O2 -ffile-prefix-map=/build/gcc-arm-none-eabi-hYfgK4/gcc-arm-none-eabi-10.3-2021.07=. -flto=auto -ffat-lto-objects -fstack-protector-strong' OBJCXXFLAGS='-g -O2 -ffile-prefix-map=/build/gcc-arm-none-eabi-hYfgK4/gcc-arm-none-eabi-10.3-2021.07=. -flto=auto -ffat-lto-objects -fstack-protector-strong' INHIBIT_LIBC_CFLAGS=-DUSE_TM_CLONE_REGISTRY=0 AR_FOR_TARGET=arm-none-eabi-ar AS_FOR_TARGET=arm-none-eabi-as LD_FOR_TARGET=arm-none-eabi-ld NM_FOR_TARGET=arm-none-eabi-nm OBJDUMP_FOR_TARGET=arm-none-eabi-objdump RANLIB_FOR_TARGET=arm-none-eabi-ranlib READELF_FOR_TARGET=arm-none-eabi-readelf STRIP_FOR_TARGET=arm-none-eabi-strip SED=/bin/sed SHELL=/bin/sh BASH=/bin/bash CONFIG_SHELL=/bin/bash]
  ignore line: [Thread model: single]
  ignore line: [Supported LTO compression algorithms: zlib]
  ignore line: [gcc version 10.3.1 20210621 (release) (15:10.3-2021.07-4) ]
  ignore line: [COMPILER_PATH=/usr/lib/gcc/arm-none-eabi/10.3.1/:/usr/lib/gcc/arm-none-eabi/10.3.1/:/usr/lib/gcc/arm-none-eabi/:/usr/lib/gcc/arm-none-eabi/10.3.1/:/usr/lib/gcc/arm-none-eabi/:/usr/lib/gcc/arm-none-eabi/10.3.1/../../../arm-none-eabi/bin/]
  ignore line: [LIBRARY_PATH=/usr/lib/gcc/arm-none-eabi/10.3.1/thumb/v6-m/nofp/:/usr/lib/gcc/arm-none-eabi/10.3.1/../../../arm-none-eabi/lib/thumb/v6-m/nofp/:/usr/lib/gcc/arm-none-eabi/10.3.1/:/usr/lib/gcc/arm-none-eabi/10.3.1/../../../arm-none-eabi/lib/]
  ignore line: [COLLECT_GCC_OPTIONS='-mcpu=cortex-m0plus' '-mthumb' '-nostdlib' '-v' '-o' 'cmTC_f26ae.elf' '-mfloat-abi=soft' '-mlibarch=armv6s-m' '-march=armv6s-m']
  link line: [ /usr/lib/gcc/arm-none-eabi/10.3.1/collect2 -plugin /usr/lib/gcc/arm-none-eabi/10.3.1/liblto_plugin.so -plugin-opt=/usr/lib/gcc/arm-none-eabi/10.3.1/lto-wrapper -plugin-opt=-fresolution=/tmp/ccBzrQXM.res -X -o cmTC_f26ae.elf -L/usr/lib/gcc/arm-none-eabi/10.3.1/thumb/v6-m/nofp -L/usr/lib/gcc/arm-none-eabi/10.3.1/../../../arm-none-eabi/lib/thumb/v6-m/nofp -L/usr/lib/gcc/arm-none-eabi/10.3.1 -L/usr/lib/gcc/arm-none-eabi/10.3.1/../../../arm-none-eabi/lib --build-id=none CMakeFiles/cmTC_f26ae.dir/CMakeCCompilerABI.c.obj]
    arg [/usr/lib/gcc/arm-none-eabi/10.3.1/collect2] ==> ignore
    arg [-plugin] ==> ignore
    arg [/usr/lib/gcc/arm-none-eabi/10.3.1/liblto_plugin.so] ==> ignore
    arg [-plugin-opt=/usr/lib/gcc/arm-none-eabi/10.3.1/lto-wrapper] ==> ignore
    arg [-plugin-opt=-fresolution=/tmp/ccBzrQXM.res] ==> ignore
    arg [-X] ==> ignore
    arg [-o] ==> ignore
    arg [cmTC_f26ae.elf] ==> ignore
    arg [-L/usr/lib/gcc/arm-none-eabi/10.3.1/thumb/v6-m/nofp] ==> dir [/usr/lib/gcc/arm-none-eabi/10.3.1/thumb/v6-m/nofp]
    arg [-L/usr/lib/gcc/arm-none-eabi/10.3.1/../../../arm-none-eabi/lib/thumb/v6-m/nofp] ==> dir [/usr/lib/gcc/arm-none-eabi/10.3.1/../../../arm-none-eabi/lib/thumb/v6-m/nofp]
    arg [-L/usr/lib/gcc/arm-none-eabi/10.3.1] ==> dir [/usr/lib/gcc/arm-none-eabi/10.3.1]
    arg [-L/usr/lib/gcc/arm-none-eabi/10.3.1/../../../arm-none-eabi/lib] ==> dir [/usr/lib/gcc/arm-none-eabi/10.3.1/../../../arm-none-eabi/lib]
    arg [--build-id=none] ==> ignore
    arg [CMakeFiles/cmTC_f26ae.dir/CMakeCCompilerABI.c.obj] ==> ignore
  collapse library dir [/usr/lib/gcc/arm-none-eabi/10.3.1/thumb/v6-m/nofp] ==> [/usr/lib/gcc/arm-none-eabi/10.3.1/thumb/v6-m/nofp]
  collapse library dir [/usr/lib/gcc/arm-none-eabi/10.3.1/../../../arm-none-eabi/lib/thumb/v6-m/nofp] ==> [/usr/lib/arm-none-eabi/lib/thumb/v6-m/nofp]
  collapse library dir [/usr/lib/gcc/arm-none-eabi/10.3.1] ==> [/usr/lib/gcc/arm-none-eabi/10.3.1]
  collapse library dir [/usr/lib/gcc/arm-none-eabi/10.3.1/../../../arm-none-eabi/lib] ==> [/usr/lib/arm-none-eabi/lib]
  implicit libs: []
  implicit objs: []
  implicit dirs: [/usr/lib/gcc/arm-none-eabi/10.3.1/thumb/v6-m/nofp;/usr/lib/arm-none-eabi/lib/thumb/v6-m/nofp;/usr/lib/gcc/arm-none-eabi/10.3.1;/usr/lib/arm-none-eabi/lib]
  implicit fwks: []


Detecting CXX compiler ABI info compiled with the following output:
Change Dir: /home/pi/NN2022Code/SrcBoardFirmware/build/CMakeFiles/CMakeTmp

Run Build Command(s):/usr/bin/gmake -f Makefile cmTC_29293/fast && /usr/bin/gmake  -f CMakeFiles/cmTC_29293.dir/build.make CMakeFiles/cmTC_29293.dir/build
gmake[1]: Entering directory '/home/pi/NN2022Code/SrcBoardFirmware/build/CMakeFiles/CMakeTmp'
Building CXX object CMakeFiles/cmTC_29293.dir/CMakeCXXCompilerABI.cpp.obj
/usr/bin/arm-none-eabi-g++   -mcpu=cortex-m0plus -mthumb    -v -o CMakeFiles/cmTC_29293.dir/CMakeCXXCompilerABI.cpp.obj -c /usr/share/cmake-3.22/Modules/CMakeCXXCompilerABI.cpp
Using built-in specs.
COLLECT_GCC=/usr/bin/arm-none-eabi-g++
Target: arm-none-eabi
Configured with: ../configure --build=x86_64-linux-gnu --prefix=/usr --includedir='/usr/lib/include' --mandir='/usr/lib/share/man' --infodir='/usr/lib/share/info' --sysconfdir=/etc --localstatedir=/var --disable-option-checking --disable-silent-rules --libdir='/usr/lib/lib/x86_64-linux-gnu' --libexecdir='/usr/lib/lib/x86_64-linux-gnu' --disable-maintainer-mode --disable-dependency-tracking --mandir=/usr/share/man --enable-languages=c,c++,lto --enable-multilib --disable-decimal-float --disable-libffi --disable-libgomp --disable-libmudflap --disable-libquadmath --disable-libssp --disable-libstdcxx-pch --disable-nls --disable-shared --disable-threads --enable-tls --build=x86_64-linux-gnu --target=arm-none-eabi --with-system-zlib --with-gnu-as --with-gnu-ld --with-pkgversion=15:10.3-2021.07-4 --without-included-gettext --prefix=/usr/lib --infodir=/usr/share/doc/gcc-arm-none-eabi/info --htmldir=/usr/share/doc/gcc-arm-none-eabi/html --pdfdir=/usr/share/doc/gcc-arm-none-eabi/pdf --bindir=/usr/bin --libexecdir=/usr/lib --libdir=/usr/lib --disable-libstdc++-v3 --host=x86_64-linux-gnu --with-headers=no --without-newlib --with-multilib-list=rmprofile,aprofile CFLAGS='-g -O2 -ffile-prefix-map=/build/gcc-arm-none-eabi-hYfgK4/gcc-arm-none-eabi-10.3-2021.07=. -flto=auto -ffat-lto-objects -fstack-protector-strong' CPPFLAGS='-Wdate-time -D_FORTIFY_SOURCE=2' CXXFLAGS='-g -O2 -ffile-prefix-map=/build/gcc-arm-none-eabi-hYfgK4/gcc-arm-none-eabi-10.3-2021.07=. -flto=auto -ffat-lto-objects -fstack-protector-strong' DFLAGS=-frelease FCFLAGS='-g -O2 -ffile-prefix-map=/build/gcc-arm-none-eabi-hYfgK4/gcc-arm-none-eabi-10.3-2021.07=. -flto=auto -ffat-lto-objects -fstack-protector-strong' FFLAGS='-g -O2 -ffile-prefix-map=/build/gcc-arm-none-eabi-hYfgK4/gcc-arm-none-eabi-10.3-2021.07=. -flto=auto -ffat-lto-objects -fstack-protector-strong' GCJFLAGS='-g -O2 -ffile-prefix-map=/build/gcc-arm-none-eabi-hYfgK4/gcc-arm-none-eabi-10.3-2021.07=. -fstack-protector-strong' LDFLAGS='-Wl,-Bsymbolic-functions -flto=auto -Wl,-z,relro' OBJCFLAGS='-g -O2 -ffile-prefix-map=/build/gcc-arm-none-eabi-hYfgK4/gcc-arm-none-eabi-10.3-2021.07=. -flto=auto -ffat-lto-objects -fstack-protector-strong' OBJCXXFLAGS='-g -O2 -ffile-prefix-map=/build/gcc-arm-none-eabi-hYfgK4/gcc-arm-none-eabi-10.3-2021.07=. -flto=auto -ffat-lto-objects -fstack-protector-strong' INHIBIT_LIBC_CFLAGS=-DUSE_TM_CLONE_REGISTRY=0 AR_FOR_TARGET=arm-none-eabi-ar AS_FOR_TARGET=arm-none-eabi-as LD_FOR_TARGET=arm-none-eabi-ld NM_FOR_TARGET=arm-none-eabi-nm OBJDUMP_FOR_TARGET=arm-none-eabi-objdump RANLIB_FOR_TARGET=arm-none-eabi-ranlib READELF_FOR_TARGET=arm-none-eabi-readelf STRIP_FOR_TARGET=arm-none-eabi-strip SED=/bin/sed SHELL=/bin/sh BASH=/bin/bash CONFIG_SHELL=/bin/bash
Thread model: single
Supported LTO compression algorithms: zlib
gcc version 10.3.1 20210621 (release) (15:10.3-2021.07-4) 
COLLECT_GCC_OPTIONS='-mcpu=cortex-m0plus' '-mthumb' '-v' '-o' 'CMakeFiles/cmTC_29293.dir/CMakeCXXCompilerABI.cpp.obj' '-c' '-mfloat-abi=soft' '-mlibarch=armv6s-m' '-march=armv6s-m'
 /usr/lib/gcc/arm-none-eabi/10.3.1/cc1plus -quiet -v -imultilib thumb/v6-m/nofp -D__USES_INITFINI__ /usr/share/cmake-3.22/Modules/CMakeCXXCompilerABI.cpp -quiet -dumpbase CMakeCXXCompilerABI.cpp -mcpu=cortex-m0plus -mthumb -mfloat-abi=soft -mlibarch=armv6s-m -march=armv6s-m -auxbase-strip CMakeFiles/cmTC_29293.dir/CMakeCXXCompilerABI.cpp.obj -version -o /tmp/ccq6Zoz4.s
GNU C++14 (15:10.3-2021.07-4) version 10.3.1 20210621 (release) (arm-none-eabi)
	compiled by GNU C version 11.2.0, GMP version 6.2.1, MPFR version 4.1.0, MPC version 1.2.1, isl version isl-0.24-GMP

GGC heuristics: --param ggc-min-expand=100 --param ggc-min-heapsize=131072
ignoring nonexistent directory "/usr/lib/gcc/arm-none-eabi/10.3.1/../../../arm-none-eabi/sys-include"
#include "..." search starts here:
#include <...> search starts here:
 /usr/lib/gcc/arm-none-eabi/10.3.1/../../../arm-none-eabi/include/c++/10.3.1
 /usr/lib/gcc/arm-none-eabi/10.3.1/../../../arm-none-eabi/include/c++/10.3.1/arm-none-eabi/thumb/v6-m/nofp
 /usr/lib/gcc/arm-none-eabi/10.3.1/../../../arm-none-eabi/include/c++/10.3.1/backward
 /usr/lib/gcc/arm-none-eabi/10.3.1/include
 /usr/lib/gcc/arm-none-eabi/10.3.1/include-fixed
 /usr/lib/gcc/arm-none-eabi/10.3.1/../../../arm-none-eabi/include
End of search list.
GNU C++14 (15:10.3-2021.07-4) version 10.3.1 20210621 (release) (arm-none-eabi)
	compiled by GNU C version 11.2.0, GMP version 6.2.1, MPFR version 4.1.0, MPC version 1.2.1, isl version isl-0.24-GMP

GGC heuristics: --param ggc-min-expand=100 --param ggc-min-heapsize=131072
Compiler executable checksum: 4f994585a8ca8864fa1f4d2fb208a0ba
COLLECT_GCC_OPTIONS='-mcpu=cortex-m0plus' '-mthumb' '-v' '-o' 'CMakeFiles/cmTC_29293.dir/CMakeCXXCompilerABI.cpp.obj' '-c' '-mfloat-abi=soft' '-mlibarch=armv6s-m' '-march=armv6s-m'
 /usr/lib/gcc/arm-none-eabi/10.3.1/../../../arm-none-eabi/bin/as -v -march=armv6s-m -mfloat-abi=soft -meabi=5 -o CMakeFiles/cmTC_29293.dir/CMakeCXXCompilerABI.cpp.obj /tmp/ccq6Zoz4.s
GNU assembler version 2.38 (arm-none-eabi) using BFD version (2.38-3ubuntu1+15build1) 2.38
COMPILER_PATH=/usr/lib/gcc/arm-none-eabi/10.3.1/:/usr/lib/gcc/arm-none-eabi/10.3.1/:/usr/lib/gcc/arm-none-eabi/:/usr/lib/gcc/arm-none-eabi/10.3.1/:/usr/lib/gcc/arm-none-eabi/:/usr/lib/gcc/arm-none-eabi/10.3.1/../../../arm-none-eabi/bin/
LIBRARY_PATH=/usr/lib/gcc/arm-none-eabi/10.3.1/thumb/v6-m/nofp/:/usr/lib/gcc/arm-none-eabi/10.3.1/../../../arm-none-eabi/lib/thumb/v6-m/nofp/:/usr/lib/gcc/arm-none-eabi/10.3.1/:/usr/lib/gcc/arm-none-eabi/10.3.1/../../../arm-none-eabi/lib/
COLLECT_GCC_OPTIONS='-mcpu=cortex-m0plus' '-mthumb' '-v' '-o' 'CMakeFiles/cmTC_29293.dir/CMakeCXXCompilerABI.cpp.obj' '-c' '-mfloat-abi=soft' '-mlibarch=armv6s-m' '-march=armv6s-m'
Linking CXX executable cmTC_29293.elf
/usr/bin/cmake -E cmake_link_script CMakeFiles/cmTC_29293.dir/link.txt --verbose=1
/usr/bin/arm-none-eabi-g++ -mcpu=cortex-m0plus -mthumb  -Wl,--build-id=none -nostdlib  -v CMakeFiles/cmTC_29293.dir/CMakeCXXCompilerABI.cpp.obj -o cmTC_29293.elf 
Using built-in specs.
COLLECT_GCC=/usr/bin/arm-none-eabi-g++
COLLECT_LTO_WRAPPER=/usr/lib/gcc/arm-none-eabi/10.3.1/lto-wrapper
Target: arm-none-eabi
Configured with: ../configure --build=x86_64-linux-gnu --prefix=/usr --includedir='/usr/lib/include' --mandir='/usr/lib/share/man' --infodir='/usr/lib/share/info' --sysconfdir=/etc --localstatedir=/var --disable-option-checking --disable-silent-rules --libdir='/usr/lib/lib/x86_64-linux-gnu' --libexecdir='/usr/lib/lib/x86_64-linux-gnu' --disable-maintainer-mode --disable-dependency-tracking --mandir=/usr/share/man --enable-languages=c,c++,lto --enable-multilib --disable-decimal-float --disable-libffi --disable-libgomp --disable-libmudflap --disable-libquadmath --disable-libssp --disable-libstdcxx-pch --disable-nls --disable-shared --disable-threads --enable-tls --build=x86_64-linux-gnu --target=arm-none-eabi --with-system-zlib --with-gnu-as --with-gnu-ld --with-pkgversion=15:10.3-2021.07-4 --without-included-gettext --prefix=/usr/lib --infodir=/usr/share/doc/gcc-arm-none-eabi/info --htmldir=/usr/share/doc/gcc-arm-none-eabi/html --pdfdir=/usr/share/doc/gcc-arm-none-eabi/pdf --bindir=/usr/bin --libexecdir=/usr/lib --libdir=/usr/lib --disable-libstdc++-v3 --host=x86_64-linux-gnu --with-headers=no --without-newlib --with-multilib-list=rmprofile,aprofile CFLAGS='-g -O2 -ffile-prefix-map=/build/gcc-arm-none-eabi-hYfgK4/gcc-arm-none-eabi-10.3-2021.07=. -flto=auto -ffat-lto-objects -fstack-protector-strong' CPPFLAGS='-Wdate-time -D_FORTIFY_SOURCE=2' CXXFLAGS='-g -O2 -ffile-prefix-map=/build/gcc-arm-none-eabi-hYfgK4/gcc-arm-none-eabi-10.3-2021.07=. -flto=auto -ffat-lto-objects -fstack-protector-strong' DFLAGS=-frelease FCFLAGS='-g -O2 -ffile-prefix-map=/build/gcc-arm-none-eabi-hYfgK4/gcc-arm-none-eabi-10.3-2021.07=. -flto=auto -ffat-lto-objects -fstack-protector-strong' FFLAGS='-g -O2 -ffile-prefix-map=/build/gcc-arm-none-eabi-hYfgK4/gcc-arm-none-eabi-10.3-2021.07=. -flto=auto -ffat-lto-objects -fstack-protector-strong' GCJFLAGS='-g -O2 -ffile-prefix-map=/build/gcc-arm-none-eabi-hYfgK4/gcc-arm-none-eabi-10.3-2021.07=. -fstack-protector-strong' LDFLAGS='-Wl,-Bsymbolic-functions -flto=auto -Wl,-z,relro' OBJCFLAGS='-g -O2 -ffile-prefix-map=/build/gcc-arm-none-eabi-hYfgK4/gcc-arm-none-eabi-10.3-2021.07=. -flto=auto -ffat-lto-objects -fstack-protector-strong' OBJCXXFLAGS='-g -O2 -ffile-prefix-map=/build/gcc-arm-none-eabi-hYfgK4/gcc-arm-none-eabi-10.3-2021.07=. -flto=auto -ffat-lto-objects -fstack-protector-strong' INHIBIT_LIBC_CFLAGS=-DUSE_TM_CLONE_REGISTRY=0 AR_FOR_TARGET=arm-none-eabi-ar AS_FOR_TARGET=arm-none-eabi-as LD_FOR_TARGET=arm-none-eabi-ld NM_FOR_TARGET=arm-none-eabi-nm OBJDUMP_FOR_TARGET=arm-none-eabi-objdump RANLIB_FOR_TARGET=arm-none-eabi-ranlib READELF_FOR_TARGET=arm-none-eabi-readelf STRIP_FOR_TARGET=arm-none-eabi-strip SED=/bin/sed SHELL=/bin/sh BASH=/bin/bash CONFIG_SHELL=/bin/bash
Thread model: single
Supported LTO compression algorithms: zlib
gcc version 10.3.1 20210621 (release) (15:10.3-2021.07-4) 
COMPILER_PATH=/usr/lib/gcc/arm-none-eabi/10.3.1/:/usr/lib/gcc/arm-none-eabi/10.3.1/:/usr/lib/gcc/arm-none-eabi/:/usr/lib/gcc/arm-none-eabi/10.3.1/:/usr/lib/gcc/arm-none-eabi/:/usr/lib/gcc/arm-none-eabi/10.3.1/../../../arm-none-eabi/bin/
LIBRARY_PATH=/usr/lib/gcc/arm-none-eabi/10.3.1/thumb/v6-m/nofp/:/usr/lib/gcc/arm-none-eabi/10.3.1/../../../arm-none-eabi/lib/thumb/v6-m/nofp/:/usr/lib/gcc/arm-none-eabi/10.3.1/:/usr/lib/gcc/arm-none-eabi/10.3.1/../../../arm-none-eabi/lib/
COLLECT_GCC_OPTIONS='-mcpu=cortex-m0plus' '-mthumb' '-nostdlib' '-v' '-o' 'cmTC_29293.elf' '-mfloat-abi=soft' '-mlibarch=armv6s-m' '-march=armv6s-m'
 /usr/lib/gcc/arm-none-eabi/10.3.1/collect2 -plugin /usr/lib/gcc/arm-none-eabi/10.3.1/liblto_plugin.so -plugin-opt=/usr/lib/gcc/arm-none-eabi/10.3.1/lto-wrapper -plugin-opt=-fresolution=/tmp/ccGffbmo.res -X -o cmTC_29293.elf -L/usr/lib/gcc/arm-none-eabi/10.3.1/thumb/v6-m/nofp -L/usr/lib/gcc/arm-none-eabi/10.3.1/../../../arm-none-eabi/lib/thumb/v6-m/nofp -L/usr/lib/gcc/arm-none-eabi/10.3.1 -L/usr/lib/gcc/arm-none-eabi/10.3.1/../../../arm-none-eabi/lib --build-id=none CMakeFiles/cmTC_29293.dir/CMakeCXXCompilerABI.cpp.obj
/usr/lib/gcc/arm-none-eabi/10.3.1/../../../arm-none-eabi/bin/ld: warning: cannot find entry symbol _start; defaulting to 0000000000008000
COLLECT_GCC_OPTIONS='-mcpu=cortex-m0plus' '-mthumb' '-nostdlib' '-v' '-o' 'cmTC_29293.elf' '-mfloat-abi=soft' '-mlibarch=armv6s-m' '-march=armv6s-m'
gmake[1]: Leaving directory '/home/pi/NN2022Code/SrcBoardFirmware/build/CMakeFiles/CMakeTmp'



Parsed CXX implicit include dir info from above output: rv=done
  found start of include info
  found start of implicit include info
    add: [/usr/lib/gcc/arm-none-eabi/10.3.1/../../../arm-none-eabi/include/c++/10.3.1]
    add: [/usr/lib/gcc/arm-none-eabi/10.3.1/../../../arm-none-eabi/include/c++/10.3.1/arm-none-eabi/thumb/v6-m/nofp]
    add: [/usr/lib/gcc/arm-none-eabi/10.3.1/../../../arm-none-eabi/include/c++/10.3.1/backward]
    add: [/usr/lib/gcc/arm-none-eabi/10.3.1/include]
    add: [/usr/lib/gcc/arm-none-eabi/10.3.1/include-fixed]
    add: [/usr/lib/gcc/arm-none-eabi/10.3.1/../../../arm-none-eabi/include]
  end of search list found
  collapse include dir [/usr/lib/gcc/arm-none-eabi/10.3.1/../../../arm-none-eabi/include/c++/10.3.1] ==> [/usr/lib/arm-none-eabi/include/c++/10.3.1]
  collapse include dir [/usr/lib/gcc/arm-none-eabi/10.3.1/../../../arm-none-eabi/include/c++/10.3.1/arm-none-eabi/thumb/v6-m/nofp] ==> [/usr/lib/arm-none-eabi/include/c++/10.3.1/arm-none-eabi/thumb/v6-m/nofp]
  collapse include dir [/usr/lib/gcc/arm-none-eabi/10.3.1/../../../arm-none-eabi/include/c++/10.3.1/backward] ==> [/usr/lib/arm-none-eabi/include/c++/10.3.1/backward]
  collapse include dir [/usr/lib/gcc/arm-none-eabi/10.3.1/include] ==> [/usr/lib/gcc/arm-none-eabi/10.3.1/include]
  collapse include dir [/usr/lib/gcc/arm-none-eabi/10.3.1/include-fixed] ==> [/usr/lib/gcc/arm-none-eabi/10.3.1/include-fixed]
  collapse include dir [/usr/lib/gcc/arm-none-eabi/10.3.1/../../../arm-none-eabi/include] ==> [/usr/lib/arm-none-eabi/include]
  implicit include dirs: [/usr/lib/arm-none-eabi/include/c++/10.3.1;/usr/lib/arm-none-eabi/include/c++/10.3.1/arm-none-eabi/thumb/v6-m/nofp;/usr/lib/arm-none-eabi/include/c++/10.3.1/backward;/usr/lib/gcc/arm-none-eabi/10.3.1/include;/usr/lib/gcc/arm-none-eabi/10.3.1/include-fixed;/usr/lib/arm-none-eabi/include]


Parsed CXX implicit link information from above output:
  link line regex: [^( *|.*[/\])(arm-none-eabi-ld|CMAKE_LINK_STARTFILE-NOTFOUND|([^/\]+-)?ld|collect2)[^/\]*( |$)]
  ignore line: [Change Dir: /home/pi/NN2022Code/SrcBoardFirmware/build/CMakeFiles/CMakeTmp]
  ignore line: []
  ignore line: [Run Build Command(s):/usr/bin/gmake -f Makefile cmTC_29293/fast && /usr/bin/gmake  -f CMakeFiles/cmTC_29293.dir/build.make CMakeFiles/cmTC_29293.dir/build]
  ignore line: [gmake[1]: Entering directory '/home/pi/NN2022Code/SrcBoardFirmware/build/CMakeFiles/CMakeTmp']
  ignore line: [Building CXX object CMakeFiles/cmTC_29293.dir/CMakeCXXCompilerABI.cpp.obj]
  ignore line: [/usr/bin/arm-none-eabi-g++   -mcpu=cortex-m0plus -mthumb    -v -o CMakeFiles/cmTC_29293.dir/CMakeCXXCompilerABI.cpp.obj -c /usr/share/cmake-3.22/Modules/CMakeCXXCompilerABI.cpp]
  ignore line: [Using built-in specs.]
  ignore line: [COLLECT_GCC=/usr/bin/arm-none-eabi-g++]
  ignore line: [Target: arm-none-eabi]
  ignore line: [Configured with: ../configure --build=x86_64-linux-gnu --prefix=/usr --includedir='/usr/lib/include' --mandir='/usr/lib/share/man' --infodir='/usr/lib/share/info' --sysconfdir=/etc --localstatedir=/var --disable-option-checking --disable-silent-rules --libdir='/usr/lib/lib/x86_64-linux-gnu' --libexecdir='/usr/lib/lib/x86_64-linux-gnu' --disable-maintainer-mode --disable-dependency-tracking --mandir=/usr/share/man --enable-languages=c,c++,lto --enable-multilib --disable-decimal-float --disable-libffi --disable-libgomp --disable-libmudflap --disable-libquadmath --disable-libssp --disable-libstdcxx-pch --disable-nls --disable-shared --disable-threads --enable-tls --build=x86_64-linux-gnu --target=arm-none-eabi --with-system-zlib --with-gnu-as --with-gnu-ld --with-pkgversion=15:10.3-2021.07-4 --without-included-gettext --prefix=/usr/lib --infodir=/usr/share/doc/gcc-arm-none-eabi/info --htmldir=/usr/share/doc/gcc-arm-none-eabi/html --pdfdir=/usr/share/doc/gcc-arm-none-eabi/pdf --bindir=/usr/bin --libexecdir=/usr/lib --libdir=/usr/lib --disable-libstdc++-v3 --host=x86_64-linux-gnu --with-headers=no --without-newlib --with-multilib-list=rmprofile,aprofile CFLAGS='-g -O2 -ffile-prefix-map=/build/gcc-arm-none-eabi-hYfgK4/gcc-arm-none-eabi-10.3-2021.07=. -flto=auto -ffat-lto-objects -fstack-protector-strong' CPPFLAGS='-Wdate-time -D_FORTIFY_SOURCE=2' CXXFLAGS='-g -O2 -ffile-prefix-map=/build/gcc-arm-none-eabi-hYfgK4/gcc-arm-none-eabi-10.3-2021.07=. -flto=auto -ffat-lto-objects -fstack-protector-strong' DFLAGS=-frelease FCFLAGS='-g -O2 -ffile-prefix-map=/build/gcc-arm-none-eabi-hYfgK4/gcc-arm-none-eabi-10.3-2021.07=. -flto=auto -ffat-lto-objects -fstack-protector-strong' FFLAGS='-g -O2 -ffile-prefix-map=/build/gcc-arm-none-eabi-hYfgK4/gcc-arm-none-eabi-10.3-2021.07=. -flto=auto -ffat-lto-objects -fstack-protector-strong' GCJFLAGS='-g -O2 -ffile-prefix-map=/build/gcc-arm-none-eabi-hYfgK4/gcc-arm-none-eabi-10.3-2021.07=. -fstack-protector-strong' LDFLAGS='-Wl,-Bsymbolic-functions -flto=auto -Wl,-z,relro' OBJCFLAGS='-g -O2 -ffile-prefix-map=/build/gcc-arm-none-eabi-hYfgK4/gcc-arm-none-eabi-10.3-2021.07=. -flto=auto -ffat-lto-objects -fstack-protector-strong' OBJCXXFLAGS='-g -O2 -ffile-prefix-map=/build/gcc-arm-none-eabi-hYfgK4/gcc-arm-none-eabi-10.3-2021.07=. -flto=auto -ffat-lto-objects -fstack-protector-strong' INHIBIT_LIBC_CFLAGS=-DUSE_TM_CLONE_REGISTRY=0 AR_FOR_TARGET=arm-none-eabi-ar AS_FOR_TARGET=arm-none-eabi-as LD_FOR_TARGET=arm-none-eabi-ld NM_FOR_TARGET=arm-none-eabi-nm OBJDUMP_FOR_TARGET=arm-none-eabi-objdump RANLIB_FOR_TARGET=arm-none-eabi-ranlib READELF_FOR_TARGET=arm-none-eabi-readelf STRIP_FOR_TARGET=arm-none-eabi-strip SED=/bin/sed SHELL=/bin/sh BASH=/bin/bash CONFIG_SHELL=/bin/bash]
  ignore line: [Thread model: single]
  ignore line: [Supported LTO compression algorithms: zlib]
  ignore line: [gcc version 10.3.1 20210621 (release) (15:10.3-2021.07-4) ]
  ignore line: [COLLECT_GCC_OPTIONS='-mcpu=cortex-m0plus' '-mthumb' '-v' '-o' 'CMakeFiles/cmTC_29293.dir/CMakeCXXCompilerABI.cpp.obj' '-c' '-mfloat-abi=soft' '-mlibarch=armv6s-m' '-march=armv6s-m']
  ignore line: [ /usr/lib/gcc/arm-none-eabi/10.3.1/cc1plus -quiet -v -imultilib thumb/v6-m/nofp -D__USES_INITFINI__ /usr/share/cmake-3.22/Modules/CMakeCXXCompilerABI.cpp -quiet -dumpbase CMakeCXXCompilerABI.cpp -mcpu=cortex-m0plus -mthumb -mfloat-abi=soft -mlibarch=armv6s-m -march=armv6s-m -auxbase-strip CMakeFiles/cmTC_29293.dir/CMakeCXXCompilerABI.cpp.obj -version -o /tmp/ccq6Zoz4.s]
  ignore line: [GNU C++14 (15:10.3-2021.07-4) version 10.3.1 20210621 (release) (arm-none-eabi)]
  ignore line: [	compiled by GNU C version 11.2.0  GMP version 6.2.1  MPFR version 4.1.0  MPC version 1.2.1  isl version isl-0.24-GMP]
  ignore line: []
  ignore line: [GGC heuristics: --param ggc-min-expand=100 --param ggc-min-heapsize=131072]
  ignore line: [ignoring nonexistent directory "/usr/lib/gcc/arm-none-eabi/10.3.1/../../../arm-none-eabi/sys-include"]
  ignore line: [#include "..." search starts here:]
  ignore line: [#include <...> search starts here:]
  ignore line: [ /usr/lib/gcc/arm-none-eabi/10.3.1/../../../arm-none-eabi/include/c++/10.3.1]
  ignore line: [ /usr/lib/gcc/arm-none-eabi/10.3.1/../../../arm-none-eabi/include/c++/10.3.1/arm-none-eabi/thumb/v6-m/nofp]
  ignore line: [ /usr/lib/gcc/arm-none-eabi/10.3.1/../../../arm-none-eabi/include/c++/10.3.1/backward]
  ignore line: [ /usr/lib/gcc/arm-none-eabi/10.3.1/include]
  ignore line: [ /usr/lib/gcc/arm-none-eabi/10.3.1/include-fixed]
  ignore line: [ /usr/lib/gcc/arm-none-eabi/10.3.1/../../../arm-none-eabi/include]
  ignore line: [End of search list.]
  ignore line: [GNU C++14 (15:10.3-2021.07-4) version 10.3.1 20210621 (release) (arm-none-eabi)]
  ignore line: [	compiled by GNU C version 11.2.0  GMP version 6.2.1  MPFR version 4.1.0  MPC version 1.2.1  isl version isl-0.24-GMP]
  ignore line: []
  ignore line: [GGC heuristics: --param ggc-min-expand=100 --param ggc-min-heapsize=131072]
  ignore line: [Compiler executable checksum: 4f994585a8ca8864fa1f4d2fb208a0ba]
  ignore line: [COLLECT_GCC_OPTIONS='-mcpu=cortex-m0plus' '-mthumb' '-v' '-o' 'CMakeFiles/cmTC_29293.dir/CMakeCXXCompilerABI.cpp.obj' '-c' '-mfloat-abi=soft' '-mlibarch=armv6s-m' '-march=armv6s-m']
  ignore line: [ /usr/lib/gcc/arm-none-eabi/10.3.1/../../../arm-none-eabi/bin/as -v -march=armv6s-m -mfloat-abi=soft -meabi=5 -o CMakeFiles/cmTC_29293.dir/CMakeCXXCompilerABI.cpp.obj /tmp/ccq6Zoz4.s]
  ignore line: [GNU assembler version 2.38 (arm-none-eabi) using BFD version (2.38-3ubuntu1+15build1) 2.38]
  ignore line: [COMPILER_PATH=/usr/lib/gcc/arm-none-eabi/10.3.1/:/usr/lib/gcc/arm-none-eabi/10.3.1/:/usr/lib/gcc/arm-none-eabi/:/usr/lib/gcc/arm-none-eabi/10.3.1/:/usr/lib/gcc/arm-none-eabi/:/usr/lib/gcc/arm-none-eabi/10.3.1/../../../arm-none-eabi/bin/]
  ignore line: [LIBRARY_PATH=/usr/lib/gcc/arm-none-eabi/10.3.1/thumb/v6-m/nofp/:/usr/lib/gcc/arm-none-eabi/10.3.1/../../../arm-none-eabi/lib/thumb/v6-m/nofp/:/usr/lib/gcc/arm-none-eabi/10.3.1/:/usr/lib/gcc/arm-none-eabi/10.3.1/../../../arm-none-eabi/lib/]
  ignore line: [COLLECT_GCC_OPTIONS='-mcpu=cortex-m0plus' '-mthumb' '-v' '-o' 'CMakeFiles/cmTC_29293.dir/CMakeCXXCompilerABI.cpp.obj' '-c' '-mfloat-abi=soft' '-mlibarch=armv6s-m' '-march=armv6s-m']
  ignore line: [Linking CXX executable cmTC_29293.elf]
  ignore line: [/usr/bin/cmake -E cmake_link_script CMakeFiles/cmTC_29293.dir/link.txt --verbose=1]
  ignore line: [/usr/bin/arm-none-eabi-g++ -mcpu=cortex-m0plus -mthumb  -Wl --build-id=none -nostdlib  -v CMakeFiles/cmTC_29293.dir/CMakeCXXCompilerABI.cpp.obj -o cmTC_29293.elf ]
  ignore line: [Using built-in specs.]
  ignore line: [COLLECT_GCC=/usr/bin/arm-none-eabi-g++]
  ignore line: [COLLECT_LTO_WRAPPER=/usr/lib/gcc/arm-none-eabi/10.3.1/lto-wrapper]
  ignore line: [Target: arm-none-eabi]
  ignore line: [Configured with: ../configure --build=x86_64-linux-gnu --prefix=/usr --includedir='/usr/lib/include' --mandir='/usr/lib/share/man' --infodir='/usr/lib/share/info' --sysconfdir=/etc --localstatedir=/var --disable-option-checking --disable-silent-rules --libdir='/usr/lib/lib/x86_64-linux-gnu' --libexecdir='/usr/lib/lib/x86_64-linux-gnu' --disable-maintainer-mode --disable-dependency-tracking --mandir=/usr/share/man --enable-languages=c,c++,lto --enable-multilib --disable-decimal-float --disable-libffi --disable-libgomp --disable-libmudflap --disable-libquadmath --disable-libssp --disable-libstdcxx-pch --disable-nls --disable-shared --disable-threads --enable-tls --build=x86_64-linux-gnu --target=arm-none-eabi --with-system-zlib --with-gnu-as --with-gnu-ld --with-pkgversion=15:10.3-2021.07-4 --without-included-gettext --prefix=/usr/lib --infodir=/usr/share/doc/gcc-arm-none-eabi/info --htmldir=/usr/share/doc/gcc-arm-none-eabi/html --pdfdir=/usr/share/doc/gcc-arm-none-eabi/pdf --bindir=/usr/bin --libexecdir=/usr/lib --libdir=/usr/lib --disable-libstdc++-v3 --host=x86_64-linux-gnu --with-headers=no --without-newlib --with-multilib-list=rmprofile,aprofile CFLAGS='-g -O2 -ffile-prefix-map=/build/gcc-arm-none-eabi-hYfgK4/gcc-arm-none-eabi-10.3-2021.07=. -flto=auto -ffat-lto-objects -fstack-protector-strong' CPPFLAGS='-Wdate-time -D_FORTIFY_SOURCE=2' CXXFLAGS='-g -O2 -ffile-prefix-map=/build/gcc-arm-none-eabi-hYfgK4/gcc-arm-none-eabi-10.3-2021.07=. -flto=auto -ffat-lto-objects -fstack-protector-strong' DFLAGS=-frelease FCFLAGS='-g -O2 -ffile-prefix-map=/build/gcc-arm-none-eabi-hYfgK4/gcc-arm-none-eabi-10.3-2021.07=. -flto=auto -ffat-lto-objects -fstack-protector-strong' FFLAGS='-g -O2 -ffile-prefix-map=/build/gcc-arm-none-eabi-hYfgK4/gcc-arm-none-eabi-10.3-2021.07=. -flto=auto -ffat-lto-objects -fstack-protector-strong' GCJFLAGS='-g -O2 -ffile-prefix-map=/build/gcc-arm-none-eabi-hYfgK4/gcc-arm-none-eabi-10.3-2021.07=. -fstack-protector-strong' LDFLAGS='-Wl,-Bsymbolic-functions -flto=auto -Wl,-z,relro' OBJCFLAGS='-g -O2 -ffile-prefix-map=/build/gcc-arm-none-eabi-hYfgK4/gcc-arm-none-eabi-10.3-2021.07=. -flto=auto -ffat-lto-objects -fstack-protector-strong' OBJCXXFLAGS='-g -O2 -ffile-prefix-map=/build/gcc-arm-none-eabi-hYfgK4/gcc-arm-none-eabi-10.3-2021.07=. -flto=auto -ffat-lto-objects -fstack-protector-strong' INHIBIT_LIBC_CFLAGS=-DUSE_TM_CLONE_REGISTRY=0 AR_FOR_TARGET=arm-none-eabi-ar AS_FOR_TARGET=arm-none-eabi-as LD_FOR_TARGET=arm-none-eabi-ld NM_FOR_TARGET=arm-none-eabi-nm OBJDUMP_FOR_TARGET=arm-none-eabi-objdump RANLIB_FOR_TARGET=arm-none-eabi-ranlib READELF_FOR_TARGET=arm-none-eabi-readelf STRIP_FOR_TARGET=arm-none-eabi-strip SED=/bin/sed SHELL=/bin/sh BASH=/bin/bash CONFIG_SHELL=/bin/bash]
  ignore line: [Thread model: single]
  ignore line: [Supported LTO compression algorithms: zlib]
  ignore line: [gcc version 10.3.1 20210621 (release) (15:10.3-2021.07-4) ]
  ignore line: [COMPILER_PATH=/usr/lib/gcc/arm-none-eabi/10.3.1/:/usr/lib/gcc/arm-none-eabi/10.3.1/:/usr/lib/gcc/arm-none-eabi/:/usr/lib/gcc/arm-none-eabi/10.3.1/:/usr/lib/gcc/arm-none-eabi/:/usr/lib/gcc/arm-none-eabi/10.3.1/../../../arm-none-eabi/bin/]
  ignore line: [LIBRARY_PATH=/usr/lib/gcc/arm-none-eabi/10.3.1/thumb/v6-m/nofp/:/usr/lib/gcc/arm-none-eabi/10.3.1/../../../arm-none-eabi/lib/thumb/v6-m/nofp/:/usr/lib/gcc/arm-none-eabi/10.3.1/:/usr/lib/gcc/arm-none-eabi/10.3.1/../../../arm-none-eabi/lib/]
  ignore line: [COLLECT_GCC_OPTIONS='-mcpu=cortex-m0plus' '-mthumb' '-nostdlib' '-v' '-o' 'cmTC_29293.elf' '-mfloat-abi=soft' '-mlibarch=armv6s-m' '-march=armv6s-m']
  link line: [ /usr/lib/gcc/arm-none-eabi/10.3.1/collect2 -plugin /usr/lib/gcc/arm-none-eabi/10.3.1/liblto_plugin.so -plugin-opt=/usr/lib/gcc/arm-none-eabi/10.3.1/lto-wrapper -plugin-opt=-fresolution=/tmp/ccGffbmo.res -X -o cmTC_29293.elf -L/usr/lib/gcc/arm-none-eabi/10.3.1/thumb/v6-m/nofp -L/usr/lib/gcc/arm-none-eabi/10.3.1/../../../arm-none-eabi/lib/thumb/v6-m/nofp -L/usr/lib/gcc/arm-none-eabi/10.3.1 -L/usr/lib/gcc/arm-none-eabi/10.3.1/../../../arm-none-eabi/lib --build-id=none CMakeFiles/cmTC_29293.dir/CMakeCXXCompilerABI.cpp.obj]
    arg [/usr/lib/gcc/arm-none-eabi/10.3.1/collect2] ==> ignore
    arg [-plugin] ==> ignore
    arg [/usr/lib/gcc/arm-none-eabi/10.3.1/liblto_plugin.so] ==> ignore
    arg [-plugin-opt=/usr/lib/gcc/arm-none-eabi/10.3.1/lto-wrapper] ==> ignore
    arg [-plugin-opt=-fresolution=/tmp/ccGffbmo.res] ==> ignore
    arg [-X] ==> ignore
    arg [-o] ==> ignore
    arg [cmTC_29293.elf] ==> ignore
    arg [-L/usr/lib/gcc/arm-none-eabi/10.3.1/thumb/v6-m/nofp] ==> dir [/usr/lib/gcc/arm-none-eabi/10.3.1/thumb/v6-m/nofp]
    arg [-L/usr/lib/gcc/arm-none-eabi/10.3.1/../../../arm-none-eabi/lib/thumb/v6-m/nofp] ==> dir [/usr/lib/gcc/arm-none-eabi/10.3.1/../../../arm-none-eabi/lib/thumb/v6-m/nofp]
    arg [-L/usr/lib/gcc/arm-none-eabi/10.3.1] ==> dir [/usr/lib/gcc/arm-none-eabi/10.3.1]
    arg [-L/usr/lib/gcc/arm-none-eabi/10.3.1/../../../arm-none-eabi/lib] ==> dir [/usr/lib/gcc/arm-none-eabi/10.3.1/../../../arm-none-eabi/lib]
    arg [--build-id=none] ==> ignore
    arg [CMakeFiles/cmTC_29293.dir/CMakeCXXCompilerABI.cpp.obj] ==> ignore
  collapse library dir [/usr/lib/gcc/arm-none-eabi/10.3.1/thumb/v6-m/nofp] ==> [/usr/lib/gcc/arm-none-eabi/10.3.1/thumb/v6-m/nofp]
  collapse library dir [/usr/lib/gcc/arm-none-eabi/10.3.1/../../../arm-none-eabi/lib/thumb/v6-m/nofp] ==> [/usr/lib/arm-none-eabi/lib/thumb/v6-m/nofp]
  collapse library dir [/usr/lib/gcc/arm-none-eabi/10.3.1] ==> [/usr/lib/gcc/arm-none-eabi/10.3.1]
  collapse library dir [/usr/lib/gcc/arm-none-eabi/10.3.1/../../../arm-none-eabi/lib] ==> [/usr/lib/arm-none-eabi/lib]
  implicit libs: []
  implicit objs: []
  implicit dirs: [/usr/lib/gcc/arm-none-eabi/10.3.1/thumb/v6-m/nofp;/usr/lib/arm-none-eabi/lib/thumb/v6-m/nofp;/usr/lib/gcc/arm-none-eabi/10.3.1;/usr/lib/arm-none-eabi/lib]
  implicit fwks: []


The target system is: PICO -  - cortex-m0plus
The host system is: Linux - 6.8.0-40-generic - x86_64
Compiling the C compiler identification source file "CMakeCCompilerId.c" succeeded.
Compiler: /usr/bin/arm-none-eabi-gcc 
Build flags: ;-mcpu=cortex-m0plus;-mthumb
Id flags: -c 

The output was:
0


Compilation of the C compiler identification source "CMakeCCompilerId.c" produced "CMakeCCompilerId.o"

The C compiler identification is GNU, found in "/home/pi/NN2022Code/SrcBoardFirmware/build/CMakeFiles/3.22.1/CompilerIdC/CMakeCCompilerId.o"

Compiling the CXX compiler identification source file "CMakeCXXCompilerId.cpp" succeeded.
Compiler: /usr/bin/arm-none-eabi-g++ 
Build flags: ;-mcpu=cortex-m0plus;-mthumb
Id flags: -c 

The output was:
0


Compilation of the CXX compiler identification source "CMakeCXXCompilerId.cpp" produced "CMakeCXXCompilerId.o"

The CXX compiler identification is GNU, found in "/home/pi/NN2022Code/SrcBoardFirmware/build/CMakeFiles/3.22.1/CompilerIdCXX/CMakeCXXCompilerId.o"

Checking whether the ASM compiler is GNU using "--version" matched "(GNU assembler)|(GCC)|(Free Software Foundation)":
arm-none-eabi-gcc (15:10.3-2021.07-4) 10.3.1 20210621 (release)
Copyright (C) 2020 Free Software Foundation, Inc.
This is free software; see the source for copying conditions.  There is NO
warranty; not even for MERCHANTABILITY or FITNESS FOR A PARTICULAR PURPOSE.

Detecting C compiler ABI info compiled with the following output:
Change Dir: /home/pi/NN2022Code/SrcBoardFirmware/build/CMakeFiles/CMakeTmp

Run Build Command(s):/usr/bin/gmake -f Makefile cmTC_7727f/fast && /usr/bin/gmake  -f CMakeFiles/cmTC_7727f.dir/build.make CMakeFiles/cmTC_7727f.dir/build
gmake[1]: Entering directory '/home/pi/NN2022Code/SrcBoardFirmware/build/CMakeFiles/CMakeTmp'
Building C object CMakeFiles/cmTC_7727f.dir/CMakeCCompilerABI.c.obj
/usr/bin/arm-none-eabi-gcc   -mcpu=cortex-m0plus -mthumb    -v -o CMakeFiles/cmTC_7727f.dir/CMakeCCompilerABI.c.obj -c /usr/share/cmake-3.22/Modules/CMakeCCompilerABI.c
Using built-in specs.
COLLECT_GCC=/usr/bin/arm-none-eabi-gcc
Target: arm-none-eabi
Configured with: ../configure --build=x86_64-linux-gnu --prefix=/usr --includedir='/usr/lib/include' --mandir='/usr/lib/share/man' --infodir='/usr/lib/share/info' --sysconfdir=/etc --localstatedir=/var --disable-option-checking --disable-silent-rules --libdir='/usr/lib/lib/x86_64-linux-gnu' --libexecdir='/usr/lib/lib/x86_64-linux-gnu' --disable-maintainer-mode --disable-dependency-tracking --mandir=/usr/share/man --enable-languages=c,c++,lto --enable-multilib --disable-decimal-float --disable-libffi --disable-libgomp --disable-libmudflap --disable-libquadmath --disable-libssp --disable-libstdcxx-pch --disable-nls --disable-shared --disable-threads --enable-tls --build=x86_64-linux-gnu --target=arm-none-eabi --with-system-zlib --with-gnu-as --with-gnu-ld --with-pkgversion=15:10.3-2021.07-4 --without-included-gettext --prefix=/usr/lib --infodir=/usr/share/doc/gcc-arm-none-eabi/info --htmldir=/usr/share/doc/gcc-arm-none-eabi/html --pdfdir=/usr/share/doc/gcc-arm-none-eabi/pdf --bindir=/usr/bin --libexecdir=/usr/lib --libdir=/usr/lib --disable-libstdc++-v3 --host=x86_64-linux-gnu --with-headers=no --without-newlib --with-multilib-list=rmprofile,aprofile CFLAGS='-g -O2 -ffile-prefix-map=/build/gcc-arm-none-eabi-hYfgK4/gcc-arm-none-eabi-10.3-2021.07=. -flto=auto -ffat-lto-objects -fstack-protector-strong' CPPFLAGS='-Wdate-time -D_FORTIFY_SOURCE=2' CXXFLAGS='-g -O2 -ffile-prefix-map=/build/gcc-arm-none-eabi-hYfgK4/gcc-arm-none-eabi-10.3-2021.07=. -flto=auto -ffat-lto-objects -fstack-protector-strong' DFLAGS=-frelease FCFLAGS='-g -O2 -ffile-prefix-map=/build/gcc-arm-none-eabi-hYfgK4/gcc-arm-none-eabi-10.3-2021.07=. -flto=auto -ffat-lto-objects -fstack-protector-strong' FFLAGS='-g -O2 -ffile-prefix-map=/build/gcc-arm-none-eabi-hYfgK4/gcc-arm-none-eabi-10.3-2021.07=. -flto=auto -ffat-lto-objects -fstack-protector-strong' GCJFLAGS='-g -O2 -ffile-prefix-map=/build/gcc-arm-none-eabi-hYfgK4/gcc-arm-none-eabi-10.3-2021.07=. -fstack-protector-strong' LDFLAGS='-Wl,-Bsymbolic-functions -flto=auto -Wl,-z,relro' OBJCFLAGS='-g -O2 -ffile-prefix-map=/build/gcc-arm-none-eabi-hYfgK4/gcc-arm-none-eabi-10.3-2021.07=. -flto=auto -ffat-lto-objects -fstack-protector-strong' OBJCXXFLAGS='-g -O2 -ffile-prefix-map=/build/gcc-arm-none-eabi-hYfgK4/gcc-arm-none-eabi-10.3-2021.07=. -flto=auto -ffat-lto-objects -fstack-protector-strong' INHIBIT_LIBC_CFLAGS=-DUSE_TM_CLONE_REGISTRY=0 AR_FOR_TARGET=arm-none-eabi-ar AS_FOR_TARGET=arm-none-eabi-as LD_FOR_TARGET=arm-none-eabi-ld NM_FOR_TARGET=arm-none-eabi-nm OBJDUMP_FOR_TARGET=arm-none-eabi-objdump RANLIB_FOR_TARGET=arm-none-eabi-ranlib READELF_FOR_TARGET=arm-none-eabi-readelf STRIP_FOR_TARGET=arm-none-eabi-strip SED=/bin/sed SHELL=/bin/sh BASH=/bin/bash CONFIG_SHELL=/bin/bash
Thread model: single
Supported LTO compression algorithms: zlib
gcc version 10.3.1 20210621 (release) (15:10.3-2021.07-4) 
COLLECT_GCC_OPTIONS='-mcpu=cortex-m0plus' '-mthumb' '-v' '-o' 'CMakeFiles/cmTC_7727f.dir/CMakeCCompilerABI.c.obj' '-c' '-mfloat-abi=soft' '-mlibarch=armv6s-m' '-march=armv6s-m'
 /usr/lib/gcc/arm-none-eabi/10.3.1/cc1 -quiet -v -imultilib thumb/v6-m/nofp -D__USES_INITFINI__ /usr/share/cmake-3.22/Modules/CMakeCCompilerABI.c -quiet -dumpbase CMakeCCompilerABI.c -mcpu=cortex-m0plus -mthumb -mfloat-abi=soft -mlibarch=armv6s-m -march=armv6s-m -auxbase-strip CMakeFiles/cmTC_7727f.dir/CMakeCCompilerABI.c.obj -version -o /tmp/ccxLfQI0.s
GNU C17 (15:10.3-2021.07-4) version 10.3.1 20210621 (release) (arm-none-eabi)
	compiled by GNU C version 11.2.0, GMP version 6.2.1, MPFR version 4.1.0, MPC version 1.2.1, isl version isl-0.24-GMP

GGC heuristics: --param ggc-min-expand=100 --param ggc-min-heapsize=131072
ignoring nonexistent directory "/usr/lib/gcc/arm-none-eabi/10.3.1/../../../arm-none-eabi/sys-include"
#include "..." search starts here:
#include <...> search starts here:
 /usr/lib/gcc/arm-none-eabi/10.3.1/include
 /usr/lib/gcc/arm-none-eabi/10.3.1/include-fixed
 /usr/lib/gcc/arm-none-eabi/10.3.1/../../../arm-none-eabi/include
End of search list.
GNU C17 (15:10.3-2021.07-4) version 10.3.1 20210621 (release) (arm-none-eabi)
	compiled by GNU C version 11.2.0, GMP version 6.2.1, MPFR version 4.1.0, MPC version 1.2.1, isl version isl-0.24-GMP

GGC heuristics: --param ggc-min-expand=100 --param ggc-min-heapsize=131072
Compiler executable checksum: 4cf7574ae54eb0935abb4a8c56f8bcfe
COLLECT_GCC_OPTIONS='-mcpu=cortex-m0plus' '-mthumb' '-v' '-o' 'CMakeFiles/cmTC_7727f.dir/CMakeCCompilerABI.c.obj' '-c' '-mfloat-abi=soft' '-mlibarch=armv6s-m' '-march=armv6s-m'
 /usr/lib/gcc/arm-none-eabi/10.3.1/../../../arm-none-eabi/bin/as -v -march=armv6s-m -mfloat-abi=soft -meabi=5 -o CMakeFiles/cmTC_7727f.dir/CMakeCCompilerABI.c.obj /tmp/ccxLfQI0.s
GNU assembler version 2.38 (arm-none-eabi) using BFD version (2.38-3ubuntu1+15build1) 2.38
COMPILER_PATH=/usr/lib/gcc/arm-none-eabi/10.3.1/:/usr/lib/gcc/arm-none-eabi/10.3.1/:/usr/lib/gcc/arm-none-eabi/:/usr/lib/gcc/arm-none-eabi/10.3.1/:/usr/lib/gcc/arm-none-eabi/:/usr/lib/gcc/arm-none-eabi/10.3.1/../../../arm-none-eabi/bin/
LIBRARY_PATH=/usr/lib/gcc/arm-none-eabi/10.3.1/thumb/v6-m/nofp/:/usr/lib/gcc/arm-none-eabi/10.3.1/../../../arm-none-eabi/lib/thumb/v6-m/nofp/:/usr/lib/gcc/arm-none-eabi/10.3.1/:/usr/lib/gcc/arm-none-eabi/10.3.1/../../../arm-none-eabi/lib/
COLLECT_GCC_OPTIONS='-mcpu=cortex-m0plus' '-mthumb' '-v' '-o' 'CMakeFiles/cmTC_7727f.dir/CMakeCCompilerABI.c.obj' '-c' '-mfloat-abi=soft' '-mlibarch=armv6s-m' '-march=armv6s-m'
Linking C executable cmTC_7727f.elf
/usr/bin/cmake -E cmake_link_script CMakeFiles/cmTC_7727f.dir/link.txt --verbose=1
/usr/bin/arm-none-eabi-gcc -mcpu=cortex-m0plus -mthumb  -Wl,--build-id=none -nostdlib  -v CMakeFiles/cmTC_7727f.dir/CMakeCCompilerABI.c.obj -o cmTC_7727f.elf 
Using built-in specs.
COLLECT_GCC=/usr/bin/arm-none-eabi-gcc
COLLECT_LTO_WRAPPER=/usr/lib/gcc/arm-none-eabi/10.3.1/lto-wrapper
Target: arm-none-eabi
Configured with: ../configure --build=x86_64-linux-gnu --prefix=/usr --includedir='/usr/lib/include' --mandir='/usr/lib/share/man' --infodir='/usr/lib/share/info' --sysconfdir=/etc --localstatedir=/var --disable-option-checking --disable-silent-rules --libdir='/usr/lib/lib/x86_64-linux-gnu' --libexecdir='/usr/lib/lib/x86_64-linux-gnu' --disable-maintainer-mode --disable-dependency-tracking --mandir=/usr/share/man --enable-languages=c,c++,lto --enable-multilib --disable-decimal-float --disable-libffi --disable-libgomp --disable-libmudflap --disable-libquadmath --disable-libssp --disable-libstdcxx-pch --disable-nls --disable-shared --disable-threads --enable-tls --build=x86_64-linux-gnu --target=arm-none-eabi --with-system-zlib --with-gnu-as --with-gnu-ld --with-pkgversion=15:10.3-2021.07-4 --without-included-gettext --prefix=/usr/lib --infodir=/usr/share/doc/gcc-arm-none-eabi/info --htmldir=/usr/share/doc/gcc-arm-none-eabi/html --pdfdir=/usr/share/doc/gcc-arm-none-eabi/pdf --bindir=/usr/bin --libexecdir=/usr/lib --libdir=/usr/lib --disable-libstdc++-v3 --host=x86_64-linux-gnu --with-headers=no --without-newlib --with-multilib-list=rmprofile,aprofile CFLAGS='-g -O2 -ffile-prefix-map=/build/gcc-arm-none-eabi-hYfgK4/gcc-arm-none-eabi-10.3-2021.07=. -flto=auto -ffat-lto-objects -fstack-protector-strong' CPPFLAGS='-Wdate-time -D_FORTIFY_SOURCE=2' CXXFLAGS='-g -O2 -ffile-prefix-map=/build/gcc-arm-none-eabi-hYfgK4/gcc-arm-none-eabi-10.3-2021.07=. -flto=auto -ffat-lto-objects -fstack-protector-strong' DFLAGS=-frelease FCFLAGS='-g -O2 -ffile-prefix-map=/build/gcc-arm-none-eabi-hYfgK4/gcc-arm-none-eabi-10.3-2021.07=. -flto=auto -ffat-lto-objects -fstack-protector-strong' FFLAGS='-g -O2 -ffile-prefix-map=/build/gcc-arm-none-eabi-hYfgK4/gcc-arm-none-eabi-10.3-2021.07=. -flto=auto -ffat-lto-objects -fstack-protector-strong' GCJFLAGS='-g -O2 -ffile-prefix-map=/build/gcc-arm-none-eabi-hYfgK4/gcc-arm-none-eabi-10.3-2021.07=. -fstack-protector-strong' LDFLAGS='-Wl,-Bsymbolic-functions -flto=auto -Wl,-z,relro' OBJCFLAGS='-g -O2 -ffile-prefix-map=/build/gcc-arm-none-eabi-hYfgK4/gcc-arm-none-eabi-10.3-2021.07=. -flto=auto -ffat-lto-objects -fstack-protector-strong' OBJCXXFLAGS='-g -O2 -ffile-prefix-map=/build/gcc-arm-none-eabi-hYfgK4/gcc-arm-none-eabi-10.3-2021.07=. -flto=auto -ffat-lto-objects -fstack-protector-strong' INHIBIT_LIBC_CFLAGS=-DUSE_TM_CLONE_REGISTRY=0 AR_FOR_TARGET=arm-none-eabi-ar AS_FOR_TARGET=arm-none-eabi-as LD_FOR_TARGET=arm-none-eabi-ld NM_FOR_TARGET=arm-none-eabi-nm OBJDUMP_FOR_TARGET=arm-none-eabi-objdump RANLIB_FOR_TARGET=arm-none-eabi-ranlib READELF_FOR_TARGET=arm-none-eabi-readelf STRIP_FOR_TARGET=arm-none-eabi-strip SED=/bin/sed SHELL=/bin/sh BASH=/bin/bash CONFIG_SHELL=/bin/bash
Thread model: single
Supported LTO compression algorithms: zlib
gcc version 10.3.1 20210621 (release) (15:10.3-2021.07-4) 
COMPILER_PATH=/usr/lib/gcc/arm-none-eabi/10.3.1/:/usr/lib/gcc/arm-none-eabi/10.3.1/:/usr/lib/gcc/arm-none-eabi/:/usr/lib/gcc/arm-none-eabi/10.3.1/:/usr/lib/gcc/arm-none-eabi/:/usr/lib/gcc/arm-none-eabi/10.3.1/../../../arm-none-eabi/bin/
LIBRARY_PATH=/usr/lib/gcc/arm-none-eabi/10.3.1/thumb/v6-m/nofp/:/usr/lib/gcc/arm-none-eabi/10.3.1/../../../arm-none-eabi/lib/thumb/v6-m/nofp/:/usr/lib/gcc/arm-none-eabi/10.3.1/:/usr/lib/gcc/arm-none-eabi/10.3.1/../../../arm-none-eabi/lib/
COLLECT_GCC_OPTIONS='-mcpu=cortex-m0plus' '-mthumb' '-nostdlib' '-v' '-o' 'cmTC_7727f.elf' '-mfloat-abi=soft' '-mlibarch=armv6s-m' '-march=armv6s-m'
 /usr/lib/gcc/arm-none-eabi/10.3.1/collect2 -plugin /usr/lib/gcc/arm-none-eabi/10.3.1/liblto_plugin.so -plugin-opt=/usr/lib/gcc/arm-none-eabi/10.3.1/lto-wrapper -plugin-opt=-fresolution=/tmp/ccLubgXh.res -X -o cmTC_7727f.elf -L/usr/lib/gcc/arm-none-eabi/10.3.1/thumb/v6-m/nofp -L/usr/lib/gcc/arm-none-eabi/10.3.1/../../../arm-none-eabi/lib/thumb/v6-m/nofp -L/usr/lib/gcc/arm-none-eabi/10.3.1 -L/usr/lib/gcc/arm-none-eabi/10.3.1/../../../arm-none-eabi/lib --build-id=none CMakeFiles/cmTC_7727f.dir/CMakeCCompilerABI.c.obj
/usr/lib/gcc/arm-none-eabi/10.3.1/../../../arm-none-eabi/bin/ld: warning: cannot find entry symbol _start; defaulting to 0000000000008000
COLLECT_GCC_OPTIONS='-mcpu=cortex-m0plus' '-mthumb' '-nostdlib' '-v' '-o' 'cmTC_7727f.elf' '-mfloat-abi=soft' '-mlibarch=armv6s-m' '-march=armv6s-m'
gmake[1]: Leaving directory '/home/pi/NN2022Code/SrcBoardFirmware/build/CMakeFiles/CMakeTmp'



Parsed C implicit include dir info from above output: rv=done
  found start of include info
  found start of implicit include info
    add: [/usr/lib/gcc/arm-none-eabi/10.3.1/include]
    add: [/usr/lib/gcc/arm-none-eabi/10.3.1/include-fixed]
    add: [/usr/lib/gcc/arm-none-eabi/10.3.1/../../../arm-none-eabi/include]
  end of search list found
  collapse include dir [/usr/lib/gcc/arm-none-eabi/10.3.1/include] ==> [/usr/lib/gcc/arm-none-eabi/10.3.1/include]
  collapse include dir [/usr/lib/gcc/arm-none-eabi/10.3.1/include-fixed] ==> [/usr/lib/gcc/arm-none-eabi/10.3.1/include-fixed]
  collapse include dir [/usr/lib/gcc/arm-none-eabi/10.3.1/../../../arm-none-eabi/include] ==> [/usr/lib/arm-none-eabi/include]
  implicit include dirs: [/usr/lib/gcc/arm-none-eabi/10.3.1/include;/usr/lib/gcc/arm-none-eabi/10.3.1/include-fixed;/usr/lib/arm-none-eabi/include]


Parsed C implicit link information from above output:
  link line regex: [^( *|.*[/\])(arm-none-eabi-ld|CMAKE_LINK_STARTFILE-NOTFOUND|([^/\]+-)?ld|collect2)[^/\]*( |$)]
  ignore line: [Change Dir: /home/pi/NN2022Code/SrcBoardFirmware/build/CMakeFiles/CMakeTmp]
  ignore line: []
  ignore line: [Run Build Command(s):/usr/bin/gmake -f Makefile cmTC_7727f/fast && /usr/bin/gmake  -f CMakeFiles/cmTC_7727f.dir/build.make CMakeFiles/cmTC_7727f.dir/build]
  ignore line: [gmake[1]: Entering directory '/home/pi/NN2022Code/SrcBoardFirmware/build/CMakeFiles/CMakeTmp']
  ignore line: [Building C object CMakeFiles/cmTC_7727f.dir/CMakeCCompilerABI.c.obj]
  ignore line: [/usr/bin/arm-none-eabi-gcc   -mcpu=cortex-m0plus -mthumb    -v -o CMakeFiles/cmTC_7727f.dir/CMakeCCompilerABI.c.obj -c /usr/share/cmake-3.22/Modules/CMakeCCompilerABI.c]
  ignore line: [Using built-in specs.]
  ignore line: [COLLECT_GCC=/usr/bin/arm-none-eabi-gcc]
  ignore line: [Target: arm-none-eabi]
  ignore line: [Configured with: ../configure --build=x86_64-linux-gnu --prefix=/usr --includedir='/usr/lib/include' --mandir='/usr/lib/share/man' --infodir='/usr/lib/share/info' --sysconfdir=/etc --localstatedir=/var --disable-option-checking --disable-silent-rules --libdir='/usr/lib/lib/x86_64-linux-gnu' --libexecdir='/usr/lib/lib/x86_64-linux-gnu' --disable-maintainer-mode --disable-dependency-tracking --mandir=/usr/share/man --enable-languages=c,c++,lto --enable-multilib --disable-decimal-float --disable-libffi --disable-libgomp --disable-libmudflap --disable-libquadmath --disable-libssp --disable-libstdcxx-pch --disable-nls --disable-shared --disable-threads --enable-tls --build=x86_64-linux-gnu --target=arm-none-eabi --with-system-zlib --with-gnu-as --with-gnu-ld --with-pkgversion=15:10.3-2021.07-4 --without-included-gettext --prefix=/usr/lib --infodir=/usr/share/doc/gcc-arm-none-eabi/info --htmldir=/usr/share/doc/gcc-arm-none-eabi/html --pdfdir=/usr/share/doc/gcc-arm-none-eabi/pdf --bindir=/usr/bin --libexecdir=/usr/lib --libdir=/usr/lib --disable-libstdc++-v3 --host=x86_64-linux-gnu --with-headers=no --without-newlib --with-multilib-list=rmprofile,aprofile CFLAGS='-g -O2 -ffile-prefix-map=/build/gcc-arm-none-eabi-hYfgK4/gcc-arm-none-eabi-10.3-2021.07=. -flto=auto -ffat-lto-objects -fstack-protector-strong' CPPFLAGS='-Wdate-time -D_FORTIFY_SOURCE=2' CXXFLAGS='-g -O2 -ffile-prefix-map=/build/gcc-arm-none-eabi-hYfgK4/gcc-arm-none-eabi-10.3-2021.07=. -flto=auto -ffat-lto-objects -fstack-protector-strong' DFLAGS=-frelease FCFLAGS='-g -O2 -ffile-prefix-map=/build/gcc-arm-none-eabi-hYfgK4/gcc-arm-none-eabi-10.3-2021.07=. -flto=auto -ffat-lto-objects -fstack-protector-strong' FFLAGS='-g -O2 -ffile-prefix-map=/build/gcc-arm-none-eabi-hYfgK4/gcc-arm-none-eabi-10.3-2021.07=. -flto=auto -ffat-lto-objects -fstack-protector-strong' GCJFLAGS='-g -O2 -ffile-prefix-map=/build/gcc-arm-none-eabi-hYfgK4/gcc-arm-none-eabi-10.3-2021.07=. -fstack-protector-strong' LDFLAGS='-Wl,-Bsymbolic-functions -flto=auto -Wl,-z,relro' OBJCFLAGS='-g -O2 -ffile-prefix-map=/build/gcc-arm-none-eabi-hYfgK4/gcc-arm-none-eabi-10.3-2021.07=. -flto=auto -ffat-lto-objects -fstack-protector-strong' OBJCXXFLAGS='-g -O2 -ffile-prefix-map=/build/gcc-arm-none-eabi-hYfgK4/gcc-arm-none-eabi-10.3-2021.07=. -flto=auto -ffat-lto-objects -fstack-protector-strong' INHIBIT_LIBC_CFLAGS=-DUSE_TM_CLONE_REGISTRY=0 AR_FOR_TARGET=arm-none-eabi-ar AS_FOR_TARGET=arm-none-eabi-as LD_FOR_TARGET=arm-none-eabi-ld NM_FOR_TARGET=arm-none-eabi-nm OBJDUMP_FOR_TARGET=arm-none-eabi-objdump RANLIB_FOR_TARGET=arm-none-eabi-ranlib READELF_FOR_TARGET=arm-none-eabi-readelf STRIP_FOR_TARGET=arm-none-eabi-strip SED=/bin/sed SHELL=/bin/sh BASH=/bin/bash CONFIG_SHELL=/bin/bash]
  ignore line: [Thread model: single]
  ignore line: [Supported LTO compression algorithms: zlib]
  ignore line: [gcc version 10.3.1 20210621 (release) (15:10.3-2021.07-4) ]
  ignore line: [COLLECT_GCC_OPTIONS='-mcpu=cortex-m0plus' '-mthumb' '-v' '-o' 'CMakeFiles/cmTC_7727f.dir/CMakeCCompilerABI.c.obj' '-c' '-mfloat-abi=soft' '-mlibarch=armv6s-m' '-march=armv6s-m']
  ignore line: [ /usr/lib/gcc/arm-none-eabi/10.3.1/cc1 -quiet -v -imultilib thumb/v6-m/nofp -D__USES_INITFINI__ /usr/share/cmake-3.22/Modules/CMakeCCompilerABI.c -quiet -dumpbase CMakeCCompilerABI.c -mcpu=cortex-m0plus -mthumb -mfloat-abi=soft -mlibarch=armv6s-m -march=armv6s-m -auxbase-strip CMakeFiles/cmTC_7727f.dir/CMakeCCompilerABI.c.obj -version -o /tmp/ccxLfQI0.s]
  ignore line: [GNU C17 (15:10.3-2021.07-4) version 10.3.1 20210621 (release) (arm-none-eabi)]
  ignore line: [	compiled by GNU C version 11.2.0  GMP version 6.2.1  MPFR version 4.1.0  MPC version 1.2.1  isl version isl-0.24-GMP]
  ignore line: []
  ignore line: [GGC heuristics: --param ggc-min-expand=100 --param ggc-min-heapsize=131072]
  ignore line: [ignoring nonexistent directory "/usr/lib/gcc/arm-none-eabi/10.3.1/../../../arm-none-eabi/sys-include"]
  ignore line: [#include "..." search starts here:]
  ignore line: [#include <...> search starts here:]
  ignore line: [ /usr/lib/gcc/arm-none-eabi/10.3.1/include]
  ignore line: [ /usr/lib/gcc/arm-none-eabi/10.3.1/include-fixed]
  ignore line: [ /usr/lib/gcc/arm-none-eabi/10.3.1/../../../arm-none-eabi/include]
  ignore line: [End of search list.]
  ignore line: [GNU C17 (15:10.3-2021.07-4) version 10.3.1 20210621 (release) (arm-none-eabi)]
  ignore line: [	compiled by GNU C version 11.2.0  GMP version 6.2.1  MPFR version 4.1.0  MPC version 1.2.1  isl version isl-0.24-GMP]
  ignore line: []
  ignore line: [GGC heuristics: --param ggc-min-expand=100 --param ggc-min-heapsize=131072]
  ignore line: [Compiler executable checksum: 4cf7574ae54eb0935abb4a8c56f8bcfe]
  ignore line: [COLLECT_GCC_OPTIONS='-mcpu=cortex-m0plus' '-mthumb' '-v' '-o' 'CMakeFiles/cmTC_7727f.dir/CMakeCCompilerABI.c.obj' '-c' '-mfloat-abi=soft' '-mlibarch=armv6s-m' '-march=armv6s-m']
  ignore line: [ /usr/lib/gcc/arm-none-eabi/10.3.1/../../../arm-none-eabi/bin/as -v -march=armv6s-m -mfloat-abi=soft -meabi=5 -o CMakeFiles/cmTC_7727f.dir/CMakeCCompilerABI.c.obj /tmp/ccxLfQI0.s]
  ignore line: [GNU assembler version 2.38 (arm-none-eabi) using BFD version (2.38-3ubuntu1+15build1) 2.38]
  ignore line: [COMPILER_PATH=/usr/lib/gcc/arm-none-eabi/10.3.1/:/usr/lib/gcc/arm-none-eabi/10.3.1/:/usr/lib/gcc/arm-none-eabi/:/usr/lib/gcc/arm-none-eabi/10.3.1/:/usr/lib/gcc/arm-none-eabi/:/usr/lib/gcc/arm-none-eabi/10.3.1/../../../arm-none-eabi/bin/]
  ignore line: [LIBRARY_PATH=/usr/lib/gcc/arm-none-eabi/10.3.1/thumb/v6-m/nofp/:/usr/lib/gcc/arm-none-eabi/10.3.1/../../../arm-none-eabi/lib/thumb/v6-m/nofp/:/usr/lib/gcc/arm-none-eabi/10.3.1/:/usr/lib/gcc/arm-none-eabi/10.3.1/../../../arm-none-eabi/lib/]
  ignore line: [COLLECT_GCC_OPTIONS='-mcpu=cortex-m0plus' '-mthumb' '-v' '-o' 'CMakeFiles/cmTC_7727f.dir/CMakeCCompilerABI.c.obj' '-c' '-mfloat-abi=soft' '-mlibarch=armv6s-m' '-march=armv6s-m']
  ignore line: [Linking C executable cmTC_7727f.elf]
  ignore line: [/usr/bin/cmake -E cmake_link_script CMakeFiles/cmTC_7727f.dir/link.txt --verbose=1]
  ignore line: [/usr/bin/arm-none-eabi-gcc -mcpu=cortex-m0plus -mthumb  -Wl --build-id=none -nostdlib  -v CMakeFiles/cmTC_7727f.dir/CMakeCCompilerABI.c.obj -o cmTC_7727f.elf ]
  ignore line: [Using built-in specs.]
  ignore line: [COLLECT_GCC=/usr/bin/arm-none-eabi-gcc]
  ignore line: [COLLECT_LTO_WRAPPER=/usr/lib/gcc/arm-none-eabi/10.3.1/lto-wrapper]
  ignore line: [Target: arm-none-eabi]
  ignore line: [Configured with: ../configure --build=x86_64-linux-gnu --prefix=/usr --includedir='/usr/lib/include' --mandir='/usr/lib/share/man' --infodir='/usr/lib/share/info' --sysconfdir=/etc --localstatedir=/var --disable-option-checking --disable-silent-rules --libdir='/usr/lib/lib/x86_64-linux-gnu' --libexecdir='/usr/lib/lib/x86_64-linux-gnu' --disable-maintainer-mode --disable-dependency-tracking --mandir=/usr/share/man --enable-languages=c,c++,lto --enable-multilib --disable-decimal-float --disable-libffi --disable-libgomp --disable-libmudflap --disable-libquadmath --disable-libssp --disable-libstdcxx-pch --disable-nls --disable-shared --disable-threads --enable-tls --build=x86_64-linux-gnu --target=arm-none-eabi --with-system-zlib --with-gnu-as --with-gnu-ld --with-pkgversion=15:10.3-2021.07-4 --without-included-gettext --prefix=/usr/lib --infodir=/usr/share/doc/gcc-arm-none-eabi/info --htmldir=/usr/share/doc/gcc-arm-none-eabi/html --pdfdir=/usr/share/doc/gcc-arm-none-eabi/pdf --bindir=/usr/bin --libexecdir=/usr/lib --libdir=/usr/lib --disable-libstdc++-v3 --host=x86_64-linux-gnu --with-headers=no --without-newlib --with-multilib-list=rmprofile,aprofile CFLAGS='-g -O2 -ffile-prefix-map=/build/gcc-arm-none-eabi-hYfgK4/gcc-arm-none-eabi-10.3-2021.07=. -flto=auto -ffat-lto-objects -fstack-protector-strong' CPPFLAGS='-Wdate-time -D_FORTIFY_SOURCE=2' CXXFLAGS='-g -O2 -ffile-prefix-map=/build/gcc-arm-none-eabi-hYfgK4/gcc-arm-none-eabi-10.3-2021.07=. -flto=auto -ffat-lto-objects -fstack-protector-strong' DFLAGS=-frelease FCFLAGS='-g -O2 -ffile-prefix-map=/build/gcc-arm-none-eabi-hYfgK4/gcc-arm-none-eabi-10.3-2021.07=. -flto=auto -ffat-lto-objects -fstack-protector-strong' FFLAGS='-g -O2 -ffile-prefix-map=/build/gcc-arm-none-eabi-hYfgK4/gcc-arm-none-eabi-10.3-2021.07=. -flto=auto -ffat-lto-objects -fstack-protector-strong' GCJFLAGS='-g -O2 -ffile-prefix-map=/build/gcc-arm-none-eabi-hYfgK4/gcc-arm-none-eabi-10.3-2021.07=. -fstack-protector-strong' LDFLAGS='-Wl,-Bsymbolic-functions -flto=auto -Wl,-z,relro' OBJCFLAGS='-g -O2 -ffile-prefix-map=/build/gcc-arm-none-eabi-hYfgK4/gcc-arm-none-eabi-10.3-2021.07=. -flto=auto -ffat-lto-objects -fstack-protector-strong' OBJCXXFLAGS='-g -O2 -ffile-prefix-map=/build/gcc-arm-none-eabi-hYfgK4/gcc-arm-none-eabi-10.3-2021.07=. -flto=auto -ffat-lto-objects -fstack-protector-strong' INHIBIT_LIBC_CFLAGS=-DUSE_TM_CLONE_REGISTRY=0 AR_FOR_TARGET=arm-none-eabi-ar AS_FOR_TARGET=arm-none-eabi-as LD_FOR_TARGET=arm-none-eabi-ld NM_FOR_TARGET=arm-none-eabi-nm OBJDUMP_FOR_TARGET=arm-none-eabi-objdump RANLIB_FOR_TARGET=arm-none-eabi-ranlib READELF_FOR_TARGET=arm-none-eabi-readelf STRIP_FOR_TARGET=arm-none-eabi-strip SED=/bin/sed SHELL=/bin/sh BASH=/bin/bash CONFIG_SHELL=/bin/bash]
  ignore line: [Thread model: single]
  ignore line: [Supported LTO compression algorithms: zlib]
  ignore line: [gcc version 10.3.1 20210621 (release) (15:10.3-2021.07-4) ]
  ignore line: [COMPILER_PATH=/usr/lib/gcc/arm-none-eabi/10.3.1/:/usr/lib/gcc/arm-none-eabi/10.3.1/:/usr/lib/gcc/arm-none-eabi/:/usr/lib/gcc/arm-none-eabi/10.3.1/:/usr/lib/gcc/arm-none-eabi/:/usr/lib/gcc/arm-none-eabi/10.3.1/../../../arm-none-eabi/bin/]
  ignore line: [LIBRARY_PATH=/usr/lib/gcc/arm-none-eabi/10.3.1/thumb/v6-m/nofp/:/usr/lib/gcc/arm-none-eabi/10.3.1/../../../arm-none-eabi/lib/thumb/v6-m/nofp/:/usr/lib/gcc/arm-none-eabi/10.3.1/:/usr/lib/gcc/arm-none-eabi/10.3.1/../../../arm-none-eabi/lib/]
  ignore line: [COLLECT_GCC_OPTIONS='-mcpu=cortex-m0plus' '-mthumb' '-nostdlib' '-v' '-o' 'cmTC_7727f.elf' '-mfloat-abi=soft' '-mlibarch=armv6s-m' '-march=armv6s-m']
  link line: [ /usr/lib/gcc/arm-none-eabi/10.3.1/collect2 -plugin /usr/lib/gcc/arm-none-eabi/10.3.1/liblto_plugin.so -plugin-opt=/usr/lib/gcc/arm-none-eabi/10.3.1/lto-wrapper -plugin-opt=-fresolution=/tmp/ccLubgXh.res -X -o cmTC_7727f.elf -L/usr/lib/gcc/arm-none-eabi/10.3.1/thumb/v6-m/nofp -L/usr/lib/gcc/arm-none-eabi/10.3.1/../../../arm-none-eabi/lib/thumb/v6-m/nofp -L/usr/lib/gcc/arm-none-eabi/10.3.1 -L/usr/lib/gcc/arm-none-eabi/10.3.1/../../../arm-none-eabi/lib --build-id=none CMakeFiles/cmTC_7727f.dir/CMakeCCompilerABI.c.obj]
    arg [/usr/lib/gcc/arm-none-eabi/10.3.1/collect2] ==> ignore
    arg [-plugin] ==> ignore
    arg [/usr/lib/gcc/arm-none-eabi/10.3.1/liblto_plugin.so] ==> ignore
    arg [-plugin-opt=/usr/lib/gcc/arm-none-eabi/10.3.1/lto-wrapper] ==> ignore
    arg [-plugin-opt=-fresolution=/tmp/ccLubgXh.res] ==> ignore
    arg [-X] ==> ignore
    arg [-o] ==> ignore
    arg [cmTC_7727f.elf] ==> ignore
    arg [-L/usr/lib/gcc/arm-none-eabi/10.3.1/thumb/v6-m/nofp] ==> dir [/usr/lib/gcc/arm-none-eabi/10.3.1/thumb/v6-m/nofp]
    arg [-L/usr/lib/gcc/arm-none-eabi/10.3.1/../../../arm-none-eabi/lib/thumb/v6-m/nofp] ==> dir [/usr/lib/gcc/arm-none-eabi/10.3.1/../../../arm-none-eabi/lib/thumb/v6-m/nofp]
    arg [-L/usr/lib/gcc/arm-none-eabi/10.3.1] ==> dir [/usr/lib/gcc/arm-none-eabi/10.3.1]
    arg [-L/usr/lib/gcc/arm-none-eabi/10.3.1/../../../arm-none-eabi/lib] ==> dir [/usr/lib/gcc/arm-none-eabi/10.3.1/../../../arm-none-eabi/lib]
    arg [--build-id=none] ==> ignore
    arg [CMakeFiles/cmTC_7727f.dir/CMakeCCompilerABI.c.obj] ==> ignore
  collapse library dir [/usr/lib/gcc/arm-none-eabi/10.3.1/thumb/v6-m/nofp] ==> [/usr/lib/gcc/arm-none-eabi/10.3.1/thumb/v6-m/nofp]
  collapse library dir [/usr/lib/gcc/arm-none-eabi/10.3.1/../../../arm-none-eabi/lib/thumb/v6-m/nofp] ==> [/usr/lib/arm-none-eabi/lib/thumb/v6-m/nofp]
  collapse library dir [/usr/lib/gcc/arm-none-eabi/10.3.1] ==> [/usr/lib/gcc/arm-none-eabi/10.3.1]
  collapse library dir [/usr/lib/gcc/arm-none-eabi/10.3.1/../../../arm-none-eabi/lib] ==> [/usr/lib/arm-none-eabi/lib]
  implicit libs: []
  implicit objs: []
  implicit dirs: [/usr/lib/gcc/arm-none-eabi/10.3.1/thumb/v6-m/nofp;/usr/lib/arm-none-eabi/lib/thumb/v6-m/nofp;/usr/lib/gcc/arm-none-eabi/10.3.1;/usr/lib/arm-none-eabi/lib]
  implicit fwks: []


Detecting CXX compiler ABI info compiled with the following output:
Change Dir: /home/pi/NN2022Code/SrcBoardFirmware/build/CMakeFiles/CMakeTmp

Run Build Command(s):/usr/bin/gmake -f Makefile cmTC_2c70f/fast && /usr/bin/gmake  -f CMakeFiles/cmTC_2c70f.dir/build.make CMakeFiles/cmTC_2c70f.dir/build
gmake[1]: Entering directory '/home/pi/NN2022Code/SrcBoardFirmware/build/CMakeFiles/CMakeTmp'
Building CXX object CMakeFiles/cmTC_2c70f.dir/CMakeCXXCompilerABI.cpp.obj
/usr/bin/arm-none-eabi-g++   -mcpu=cortex-m0plus -mthumb    -v -o CMakeFiles/cmTC_2c70f.dir/CMakeCXXCompilerABI.cpp.obj -c /usr/share/cmake-3.22/Modules/CMakeCXXCompilerABI.cpp
Using built-in specs.
COLLECT_GCC=/usr/bin/arm-none-eabi-g++
Target: arm-none-eabi
Configured with: ../configure --build=x86_64-linux-gnu --prefix=/usr --includedir='/usr/lib/include' --mandir='/usr/lib/share/man' --infodir='/usr/lib/share/info' --sysconfdir=/etc --localstatedir=/var --disable-option-checking --disable-silent-rules --libdir='/usr/lib/lib/x86_64-linux-gnu' --libexecdir='/usr/lib/lib/x86_64-linux-gnu' --disable-maintainer-mode --disable-dependency-tracking --mandir=/usr/share/man --enable-languages=c,c++,lto --enable-multilib --disable-decimal-float --disable-libffi --disable-libgomp --disable-libmudflap --disable-libquadmath --disable-libssp --disable-libstdcxx-pch --disable-nls --disable-shared --disable-threads --enable-tls --build=x86_64-linux-gnu --target=arm-none-eabi --with-system-zlib --with-gnu-as --with-gnu-ld --with-pkgversion=15:10.3-2021.07-4 --without-included-gettext --prefix=/usr/lib --infodir=/usr/share/doc/gcc-arm-none-eabi/info --htmldir=/usr/share/doc/gcc-arm-none-eabi/html --pdfdir=/usr/share/doc/gcc-arm-none-eabi/pdf --bindir=/usr/bin --libexecdir=/usr/lib --libdir=/usr/lib --disable-libstdc++-v3 --host=x86_64-linux-gnu --with-headers=no --without-newlib --with-multilib-list=rmprofile,aprofile CFLAGS='-g -O2 -ffile-prefix-map=/build/gcc-arm-none-eabi-hYfgK4/gcc-arm-none-eabi-10.3-2021.07=. -flto=auto -ffat-lto-objects -fstack-protector-strong' CPPFLAGS='-Wdate-time -D_FORTIFY_SOURCE=2' CXXFLAGS='-g -O2 -ffile-prefix-map=/build/gcc-arm-none-eabi-hYfgK4/gcc-arm-none-eabi-10.3-2021.07=. -flto=auto -ffat-lto-objects -fstack-protector-strong' DFLAGS=-frelease FCFLAGS='-g -O2 -ffile-prefix-map=/build/gcc-arm-none-eabi-hYfgK4/gcc-arm-none-eabi-10.3-2021.07=. -flto=auto -ffat-lto-objects -fstack-protector-strong' FFLAGS='-g -O2 -ffile-prefix-map=/build/gcc-arm-none-eabi-hYfgK4/gcc-arm-none-eabi-10.3-2021.07=. -flto=auto -ffat-lto-objects -fstack-protector-strong' GCJFLAGS='-g -O2 -ffile-prefix-map=/build/gcc-arm-none-eabi-hYfgK4/gcc-arm-none-eabi-10.3-2021.07=. -fstack-protector-strong' LDFLAGS='-Wl,-Bsymbolic-functions -flto=auto -Wl,-z,relro' OBJCFLAGS='-g -O2 -ffile-prefix-map=/build/gcc-arm-none-eabi-hYfgK4/gcc-arm-none-eabi-10.3-2021.07=. -flto=auto -ffat-lto-objects -fstack-protector-strong' OBJCXXFLAGS='-g -O2 -ffile-prefix-map=/build/gcc-arm-none-eabi-hYfgK4/gcc-arm-none-eabi-10.3-2021.07=. -flto=auto -ffat-lto-objects -fstack-protector-strong' INHIBIT_LIBC_CFLAGS=-DUSE_TM_CLONE_REGISTRY=0 AR_FOR_TARGET=arm-none-eabi-ar AS_FOR_TARGET=arm-none-eabi-as LD_FOR_TARGET=arm-none-eabi-ld NM_FOR_TARGET=arm-none-eabi-nm OBJDUMP_FOR_TARGET=arm-none-eabi-objdump RANLIB_FOR_TARGET=arm-none-eabi-ranlib READELF_FOR_TARGET=arm-none-eabi-readelf STRIP_FOR_TARGET=arm-none-eabi-strip SED=/bin/sed SHELL=/bin/sh BASH=/bin/bash CONFIG_SHELL=/bin/bash
Thread model: single
Supported LTO compression algorithms: zlib
gcc version 10.3.1 20210621 (release) (15:10.3-2021.07-4) 
COLLECT_GCC_OPTIONS='-mcpu=cortex-m0plus' '-mthumb' '-v' '-o' 'CMakeFiles/cmTC_2c70f.dir/CMakeCXXCompilerABI.cpp.obj' '-c' '-mfloat-abi=soft' '-mlibarch=armv6s-m' '-march=armv6s-m'
 /usr/lib/gcc/arm-none-eabi/10.3.1/cc1plus -quiet -v -imultilib thumb/v6-m/nofp -D__USES_INITFINI__ /usr/share/cmake-3.22/Modules/CMakeCXXCompilerABI.cpp -quiet -dumpbase CMakeCXXCompilerABI.cpp -mcpu=cortex-m0plus -mthumb -mfloat-abi=soft -mlibarch=armv6s-m -march=armv6s-m -auxbase-strip CMakeFiles/cmTC_2c70f.dir/CMakeCXXCompilerABI.cpp.obj -version -o /tmp/ccKTgFBF.s
GNU C++14 (15:10.3-2021.07-4) version 10.3.1 20210621 (release) (arm-none-eabi)
	compiled by GNU C version 11.2.0, GMP version 6.2.1, MPFR version 4.1.0, MPC version 1.2.1, isl version isl-0.24-GMP

GGC heuristics: --param ggc-min-expand=100 --param ggc-min-heapsize=131072
ignoring nonexistent directory "/usr/lib/gcc/arm-none-eabi/10.3.1/../../../arm-none-eabi/sys-include"
#include "..." search starts here:
#include <...> search starts here:
 /usr/lib/gcc/arm-none-eabi/10.3.1/../../../arm-none-eabi/include/c++/10.3.1
 /usr/lib/gcc/arm-none-eabi/10.3.1/../../../arm-none-eabi/include/c++/10.3.1/arm-none-eabi/thumb/v6-m/nofp
 /usr/lib/gcc/arm-none-eabi/10.3.1/../../../arm-none-eabi/include/c++/10.3.1/backward
 /usr/lib/gcc/arm-none-eabi/10.3.1/include
 /usr/lib/gcc/arm-none-eabi/10.3.1/include-fixed
 /usr/lib/gcc/arm-none-eabi/10.3.1/../../../arm-none-eabi/include
End of search list.
GNU C++14 (15:10.3-2021.07-4) version 10.3.1 20210621 (release) (arm-none-eabi)
	compiled by GNU C version 11.2.0, GMP version 6.2.1, MPFR version 4.1.0, MPC version 1.2.1, isl version isl-0.24-GMP

GGC heuristics: --param ggc-min-expand=100 --param ggc-min-heapsize=131072
Compiler executable checksum: 4f994585a8ca8864fa1f4d2fb208a0ba
COLLECT_GCC_OPTIONS='-mcpu=cortex-m0plus' '-mthumb' '-v' '-o' 'CMakeFiles/cmTC_2c70f.dir/CMakeCXXCompilerABI.cpp.obj' '-c' '-mfloat-abi=soft' '-mlibarch=armv6s-m' '-march=armv6s-m'
 /usr/lib/gcc/arm-none-eabi/10.3.1/../../../arm-none-eabi/bin/as -v -march=armv6s-m -mfloat-abi=soft -meabi=5 -o CMakeFiles/cmTC_2c70f.dir/CMakeCXXCompilerABI.cpp.obj /tmp/ccKTgFBF.s
GNU assembler version 2.38 (arm-none-eabi) using BFD version (2.38-3ubuntu1+15build1) 2.38
COMPILER_PATH=/usr/lib/gcc/arm-none-eabi/10.3.1/:/usr/lib/gcc/arm-none-eabi/10.3.1/:/usr/lib/gcc/arm-none-eabi/:/usr/lib/gcc/arm-none-eabi/10.3.1/:/usr/lib/gcc/arm-none-eabi/:/usr/lib/gcc/arm-none-eabi/10.3.1/../../../arm-none-eabi/bin/
LIBRARY_PATH=/usr/lib/gcc/arm-none-eabi/10.3.1/thumb/v6-m/nofp/:/usr/lib/gcc/arm-none-eabi/10.3.1/../../../arm-none-eabi/lib/thumb/v6-m/nofp/:/usr/lib/gcc/arm-none-eabi/10.3.1/:/usr/lib/gcc/arm-none-eabi/10.3.1/../../../arm-none-eabi/lib/
COLLECT_GCC_OPTIONS='-mcpu=cortex-m0plus' '-mthumb' '-v' '-o' 'CMakeFiles/cmTC_2c70f.dir/CMakeCXXCompilerABI.cpp.obj' '-c' '-mfloat-abi=soft' '-mlibarch=armv6s-m' '-march=armv6s-m'
Linking CXX executable cmTC_2c70f.elf
/usr/bin/cmake -E cmake_link_script CMakeFiles/cmTC_2c70f.dir/link.txt --verbose=1
/usr/bin/arm-none-eabi-g++ -mcpu=cortex-m0plus -mthumb  -Wl,--build-id=none -nostdlib  -v CMakeFiles/cmTC_2c70f.dir/CMakeCXXCompilerABI.cpp.obj -o cmTC_2c70f.elf 
Using built-in specs.
COLLECT_GCC=/usr/bin/arm-none-eabi-g++
COLLECT_LTO_WRAPPER=/usr/lib/gcc/arm-none-eabi/10.3.1/lto-wrapper
Target: arm-none-eabi
Configured with: ../configure --build=x86_64-linux-gnu --prefix=/usr --includedir='/usr/lib/include' --mandir='/usr/lib/share/man' --infodir='/usr/lib/share/info' --sysconfdir=/etc --localstatedir=/var --disable-option-checking --disable-silent-rules --libdir='/usr/lib/lib/x86_64-linux-gnu' --libexecdir='/usr/lib/lib/x86_64-linux-gnu' --disable-maintainer-mode --disable-dependency-tracking --mandir=/usr/share/man --enable-languages=c,c++,lto --enable-multilib --disable-decimal-float --disable-libffi --disable-libgomp --disable-libmudflap --disable-libquadmath --disable-libssp --disable-libstdcxx-pch --disable-nls --disable-shared --disable-threads --enable-tls --build=x86_64-linux-gnu --target=arm-none-eabi --with-system-zlib --with-gnu-as --with-gnu-ld --with-pkgversion=15:10.3-2021.07-4 --without-included-gettext --prefix=/usr/lib --infodir=/usr/share/doc/gcc-arm-none-eabi/info --htmldir=/usr/share/doc/gcc-arm-none-eabi/html --pdfdir=/usr/share/doc/gcc-arm-none-eabi/pdf --bindir=/usr/bin --libexecdir=/usr/lib --libdir=/usr/lib --disable-libstdc++-v3 --host=x86_64-linux-gnu --with-headers=no --without-newlib --with-multilib-list=rmprofile,aprofile CFLAGS='-g -O2 -ffile-prefix-map=/build/gcc-arm-none-eabi-hYfgK4/gcc-arm-none-eabi-10.3-2021.07=. -flto=auto -ffat-lto-objects -fstack-protector-strong' CPPFLAGS='-Wdate-time -D_FORTIFY_SOURCE=2' CXXFLAGS='-g -O2 -ffile-prefix-map=/build/gcc-arm-none-eabi-hYfgK4/gcc-arm-none-eabi-10.3-2021.07=. -flto=auto -ffat-lto-objects -fstack-protector-strong' DFLAGS=-frelease FCFLAGS='-g -O2 -ffile-prefix-map=/build/gcc-arm-none-eabi-hYfgK4/gcc-arm-none-eabi-10.3-2021.07=. -flto=auto -ffat-lto-objects -fstack-protector-strong' FFLAGS='-g -O2 -ffile-prefix-map=/build/gcc-arm-none-eabi-hYfgK4/gcc-arm-none-eabi-10.3-2021.07=. -flto=auto -ffat-lto-objects -fstack-protector-strong' GCJFLAGS='-g -O2 -ffile-prefix-map=/build/gcc-arm-none-eabi-hYfgK4/gcc-arm-none-eabi-10.3-2021.07=. -fstack-protector-strong' LDFLAGS='-Wl,-Bsymbolic-functions -flto=auto -Wl,-z,relro' OBJCFLAGS='-g -O2 -ffile-prefix-map=/build/gcc-arm-none-eabi-hYfgK4/gcc-arm-none-eabi-10.3-2021.07=. -flto=auto -ffat-lto-objects -fstack-protector-strong' OBJCXXFLAGS='-g -O2 -ffile-prefix-map=/build/gcc-arm-none-eabi-hYfgK4/gcc-arm-none-eabi-10.3-2021.07=. -flto=auto -ffat-lto-objects -fstack-protector-strong' INHIBIT_LIBC_CFLAGS=-DUSE_TM_CLONE_REGISTRY=0 AR_FOR_TARGET=arm-none-eabi-ar AS_FOR_TARGET=arm-none-eabi-as LD_FOR_TARGET=arm-none-eabi-ld NM_FOR_TARGET=arm-none-eabi-nm OBJDUMP_FOR_TARGET=arm-none-eabi-objdump RANLIB_FOR_TARGET=arm-none-eabi-ranlib READELF_FOR_TARGET=arm-none-eabi-readelf STRIP_FOR_TARGET=arm-none-eabi-strip SED=/bin/sed SHELL=/bin/sh BASH=/bin/bash CONFIG_SHELL=/bin/bash
Thread model: single
Supported LTO compression algorithms: zlib
gcc version 10.3.1 20210621 (release) (15:10.3-2021.07-4) 
COMPILER_PATH=/usr/lib/gcc/arm-none-eabi/10.3.1/:/usr/lib/gcc/arm-none-eabi/10.3.1/:/usr/lib/gcc/arm-none-eabi/:/usr/lib/gcc/arm-none-eabi/10.3.1/:/usr/lib/gcc/arm-none-eabi/:/usr/lib/gcc/arm-none-eabi/10.3.1/../../../arm-none-eabi/bin/
LIBRARY_PATH=/usr/lib/gcc/arm-none-eabi/10.3.1/thumb/v6-m/nofp/:/usr/lib/gcc/arm-none-eabi/10.3.1/../../../arm-none-eabi/lib/thumb/v6-m/nofp/:/usr/lib/gcc/arm-none-eabi/10.3.1/:/usr/lib/gcc/arm-none-eabi/10.3.1/../../../arm-none-eabi/lib/
COLLECT_GCC_OPTIONS='-mcpu=cortex-m0plus' '-mthumb' '-nostdlib' '-v' '-o' 'cmTC_2c70f.elf' '-mfloat-abi=soft' '-mlibarch=armv6s-m' '-march=armv6s-m'
 /usr/lib/gcc/arm-none-eabi/10.3.1/collect2 -plugin /usr/lib/gcc/arm-none-eabi/10.3.1/liblto_plugin.so -plugin-opt=/usr/lib/gcc/arm-none-eabi/10.3.1/lto-wrapper -plugin-opt=-fresolution=/tmp/ccMe1QVe.res -X -o cmTC_2c70f.elf -L/usr/lib/gcc/arm-none-eabi/10.3.1/thumb/v6-m/nofp -L/usr/lib/gcc/arm-none-eabi/10.3.1/../../../arm-none-eabi/lib/thumb/v6-m/nofp -L/usr/lib/gcc/arm-none-eabi/10.3.1 -L/usr/lib/gcc/arm-none-eabi/10.3.1/../../../arm-none-eabi/lib --build-id=none CMakeFiles/cmTC_2c70f.dir/CMakeCXXCompilerABI.cpp.obj
/usr/lib/gcc/arm-none-eabi/10.3.1/../../../arm-none-eabi/bin/ld: warning: cannot find entry symbol _start; defaulting to 0000000000008000
COLLECT_GCC_OPTIONS='-mcpu=cortex-m0plus' '-mthumb' '-nostdlib' '-v' '-o' 'cmTC_2c70f.elf' '-mfloat-abi=soft' '-mlibarch=armv6s-m' '-march=armv6s-m'
gmake[1]: Leaving directory '/home/pi/NN2022Code/SrcBoardFirmware/build/CMakeFiles/CMakeTmp'



Parsed CXX implicit include dir info from above output: rv=done
  found start of include info
  found start of implicit include info
    add: [/usr/lib/gcc/arm-none-eabi/10.3.1/../../../arm-none-eabi/include/c++/10.3.1]
    add: [/usr/lib/gcc/arm-none-eabi/10.3.1/../../../arm-none-eabi/include/c++/10.3.1/arm-none-eabi/thumb/v6-m/nofp]
    add: [/usr/lib/gcc/arm-none-eabi/10.3.1/../../../arm-none-eabi/include/c++/10.3.1/backward]
    add: [/usr/lib/gcc/arm-none-eabi/10.3.1/include]
    add: [/usr/lib/gcc/arm-none-eabi/10.3.1/include-fixed]
    add: [/usr/lib/gcc/arm-none-eabi/10.3.1/../../../arm-none-eabi/include]
  end of search list found
  collapse include dir [/usr/lib/gcc/arm-none-eabi/10.3.1/../../../arm-none-eabi/include/c++/10.3.1] ==> [/usr/lib/arm-none-eabi/include/c++/10.3.1]
  collapse include dir [/usr/lib/gcc/arm-none-eabi/10.3.1/../../../arm-none-eabi/include/c++/10.3.1/arm-none-eabi/thumb/v6-m/nofp] ==> [/usr/lib/arm-none-eabi/include/c++/10.3.1/arm-none-eabi/thumb/v6-m/nofp]
  collapse include dir [/usr/lib/gcc/arm-none-eabi/10.3.1/../../../arm-none-eabi/include/c++/10.3.1/backward] ==> [/usr/lib/arm-none-eabi/include/c++/10.3.1/backward]
  collapse include dir [/usr/lib/gcc/arm-none-eabi/10.3.1/include] ==> [/usr/lib/gcc/arm-none-eabi/10.3.1/include]
  collapse include dir [/usr/lib/gcc/arm-none-eabi/10.3.1/include-fixed] ==> [/usr/lib/gcc/arm-none-eabi/10.3.1/include-fixed]
  collapse include dir [/usr/lib/gcc/arm-none-eabi/10.3.1/../../../arm-none-eabi/include] ==> [/usr/lib/arm-none-eabi/include]
  implicit include dirs: [/usr/lib/arm-none-eabi/include/c++/10.3.1;/usr/lib/arm-none-eabi/include/c++/10.3.1/arm-none-eabi/thumb/v6-m/nofp;/usr/lib/arm-none-eabi/include/c++/10.3.1/backward;/usr/lib/gcc/arm-none-eabi/10.3.1/include;/usr/lib/gcc/arm-none-eabi/10.3.1/include-fixed;/usr/lib/arm-none-eabi/include]


Parsed CXX implicit link information from above output:
  link line regex: [^( *|.*[/\])(arm-none-eabi-ld|CMAKE_LINK_STARTFILE-NOTFOUND|([^/\]+-)?ld|collect2)[^/\]*( |$)]
  ignore line: [Change Dir: /home/pi/NN2022Code/SrcBoardFirmware/build/CMakeFiles/CMakeTmp]
  ignore line: []
  ignore line: [Run Build Command(s):/usr/bin/gmake -f Makefile cmTC_2c70f/fast && /usr/bin/gmake  -f CMakeFiles/cmTC_2c70f.dir/build.make CMakeFiles/cmTC_2c70f.dir/build]
  ignore line: [gmake[1]: Entering directory '/home/pi/NN2022Code/SrcBoardFirmware/build/CMakeFiles/CMakeTmp']
  ignore line: [Building CXX object CMakeFiles/cmTC_2c70f.dir/CMakeCXXCompilerABI.cpp.obj]
  ignore line: [/usr/bin/arm-none-eabi-g++   -mcpu=cortex-m0plus -mthumb    -v -o CMakeFiles/cmTC_2c70f.dir/CMakeCXXCompilerABI.cpp.obj -c /usr/share/cmake-3.22/Modules/CMakeCXXCompilerABI.cpp]
  ignore line: [Using built-in specs.]
  ignore line: [COLLECT_GCC=/usr/bin/arm-none-eabi-g++]
  ignore line: [Target: arm-none-eabi]
  ignore line: [Configured with: ../configure --build=x86_64-linux-gnu --prefix=/usr --includedir='/usr/lib/include' --mandir='/usr/lib/share/man' --infodir='/usr/lib/share/info' --sysconfdir=/etc --localstatedir=/var --disable-option-checking --disable-silent-rules --libdir='/usr/lib/lib/x86_64-linux-gnu' --libexecdir='/usr/lib/lib/x86_64-linux-gnu' --disable-maintainer-mode --disable-dependency-tracking --mandir=/usr/share/man --enable-languages=c,c++,lto --enable-multilib --disable-decimal-float --disable-libffi --disable-libgomp --disable-libmudflap --disable-libquadmath --disable-libssp --disable-libstdcxx-pch --disable-nls --disable-shared --disable-threads --enable-tls --build=x86_64-linux-gnu --target=arm-none-eabi --with-system-zlib --with-gnu-as --with-gnu-ld --with-pkgversion=15:10.3-2021.07-4 --without-included-gettext --prefix=/usr/lib --infodir=/usr/share/doc/gcc-arm-none-eabi/info --htmldir=/usr/share/doc/gcc-arm-none-eabi/html --pdfdir=/usr/share/doc/gcc-arm-none-eabi/pdf --bindir=/usr/bin --libexecdir=/usr/lib --libdir=/usr/lib --disable-libstdc++-v3 --host=x86_64-linux-gnu --with-headers=no --without-newlib --with-multilib-list=rmprofile,aprofile CFLAGS='-g -O2 -ffile-prefix-map=/build/gcc-arm-none-eabi-hYfgK4/gcc-arm-none-eabi-10.3-2021.07=. -flto=auto -ffat-lto-objects -fstack-protector-strong' CPPFLAGS='-Wdate-time -D_FORTIFY_SOURCE=2' CXXFLAGS='-g -O2 -ffile-prefix-map=/build/gcc-arm-none-eabi-hYfgK4/gcc-arm-none-eabi-10.3-2021.07=. -flto=auto -ffat-lto-objects -fstack-protector-strong' DFLAGS=-frelease FCFLAGS='-g -O2 -ffile-prefix-map=/build/gcc-arm-none-eabi-hYfgK4/gcc-arm-none-eabi-10.3-2021.07=. -flto=auto -ffat-lto-objects -fstack-protector-strong' FFLAGS='-g -O2 -ffile-prefix-map=/build/gcc-arm-none-eabi-hYfgK4/gcc-arm-none-eabi-10.3-2021.07=. -flto=auto -ffat-lto-objects -fstack-protector-strong' GCJFLAGS='-g -O2 -ffile-prefix-map=/build/gcc-arm-none-eabi-hYfgK4/gcc-arm-none-eabi-10.3-2021.07=. -fstack-protector-strong' LDFLAGS='-Wl,-Bsymbolic-functions -flto=auto -Wl,-z,relro' OBJCFLAGS='-g -O2 -ffile-prefix-map=/build/gcc-arm-none-eabi-hYfgK4/gcc-arm-none-eabi-10.3-2021.07=. -flto=auto -ffat-lto-objects -fstack-protector-strong' OBJCXXFLAGS='-g -O2 -ffile-prefix-map=/build/gcc-arm-none-eabi-hYfgK4/gcc-arm-none-eabi-10.3-2021.07=. -flto=auto -ffat-lto-objects -fstack-protector-strong' INHIBIT_LIBC_CFLAGS=-DUSE_TM_CLONE_REGISTRY=0 AR_FOR_TARGET=arm-none-eabi-ar AS_FOR_TARGET=arm-none-eabi-as LD_FOR_TARGET=arm-none-eabi-ld NM_FOR_TARGET=arm-none-eabi-nm OBJDUMP_FOR_TARGET=arm-none-eabi-objdump RANLIB_FOR_TARGET=arm-none-eabi-ranlib READELF_FOR_TARGET=arm-none-eabi-readelf STRIP_FOR_TARGET=arm-none-eabi-strip SED=/bin/sed SHELL=/bin/sh BASH=/bin/bash CONFIG_SHELL=/bin/bash]
  ignore line: [Thread model: single]
  ignore line: [Supported LTO compression algorithms: zlib]
  ignore line: [gcc version 10.3.1 20210621 (release) (15:10.3-2021.07-4) ]
  ignore line: [COLLECT_GCC_OPTIONS='-mcpu=cortex-m0plus' '-mthumb' '-v' '-o' 'CMakeFiles/cmTC_2c70f.dir/CMakeCXXCompilerABI.cpp.obj' '-c' '-mfloat-abi=soft' '-mlibarch=armv6s-m' '-march=armv6s-m']
  ignore line: [ /usr/lib/gcc/arm-none-eabi/10.3.1/cc1plus -quiet -v -imultilib thumb/v6-m/nofp -D__USES_INITFINI__ /usr/share/cmake-3.22/Modules/CMakeCXXCompilerABI.cpp -quiet -dumpbase CMakeCXXCompilerABI.cpp -mcpu=cortex-m0plus -mthumb -mfloat-abi=soft -mlibarch=armv6s-m -march=armv6s-m -auxbase-strip CMakeFiles/cmTC_2c70f.dir/CMakeCXXCompilerABI.cpp.obj -version -o /tmp/ccKTgFBF.s]
  ignore line: [GNU C++14 (15:10.3-2021.07-4) version 10.3.1 20210621 (release) (arm-none-eabi)]
  ignore line: [	compiled by GNU C version 11.2.0  GMP version 6.2.1  MPFR version 4.1.0  MPC version 1.2.1  isl version isl-0.24-GMP]
  ignore line: []
  ignore line: [GGC heuristics: --param ggc-min-expand=100 --param ggc-min-heapsize=131072]
  ignore line: [ignoring nonexistent directory "/usr/lib/gcc/arm-none-eabi/10.3.1/../../../arm-none-eabi/sys-include"]
  ignore line: [#include "..." search starts here:]
  ignore line: [#include <...> search starts here:]
  ignore line: [ /usr/lib/gcc/arm-none-eabi/10.3.1/../../../arm-none-eabi/include/c++/10.3.1]
  ignore line: [ /usr/lib/gcc/arm-none-eabi/10.3.1/../../../arm-none-eabi/include/c++/10.3.1/arm-none-eabi/thumb/v6-m/nofp]
  ignore line: [ /usr/lib/gcc/arm-none-eabi/10.3.1/../../../arm-none-eabi/include/c++/10.3.1/backward]
  ignore line: [ /usr/lib/gcc/arm-none-eabi/10.3.1/include]
  ignore line: [ /usr/lib/gcc/arm-none-eabi/10.3.1/include-fixed]
  ignore line: [ /usr/lib/gcc/arm-none-eabi/10.3.1/../../../arm-none-eabi/include]
  ignore line: [End of search list.]
  ignore line: [GNU C++14 (15:10.3-2021.07-4) version 10.3.1 20210621 (release) (arm-none-eabi)]
  ignore line: [	compiled by GNU C version 11.2.0  GMP version 6.2.1  MPFR version 4.1.0  MPC version 1.2.1  isl version isl-0.24-GMP]
  ignore line: []
  ignore line: [GGC heuristics: --param ggc-min-expand=100 --param ggc-min-heapsize=131072]
  ignore line: [Compiler executable checksum: 4f994585a8ca8864fa1f4d2fb208a0ba]
  ignore line: [COLLECT_GCC_OPTIONS='-mcpu=cortex-m0plus' '-mthumb' '-v' '-o' 'CMakeFiles/cmTC_2c70f.dir/CMakeCXXCompilerABI.cpp.obj' '-c' '-mfloat-abi=soft' '-mlibarch=armv6s-m' '-march=armv6s-m']
  ignore line: [ /usr/lib/gcc/arm-none-eabi/10.3.1/../../../arm-none-eabi/bin/as -v -march=armv6s-m -mfloat-abi=soft -meabi=5 -o CMakeFiles/cmTC_2c70f.dir/CMakeCXXCompilerABI.cpp.obj /tmp/ccKTgFBF.s]
  ignore line: [GNU assembler version 2.38 (arm-none-eabi) using BFD version (2.38-3ubuntu1+15build1) 2.38]
  ignore line: [COMPILER_PATH=/usr/lib/gcc/arm-none-eabi/10.3.1/:/usr/lib/gcc/arm-none-eabi/10.3.1/:/usr/lib/gcc/arm-none-eabi/:/usr/lib/gcc/arm-none-eabi/10.3.1/:/usr/lib/gcc/arm-none-eabi/:/usr/lib/gcc/arm-none-eabi/10.3.1/../../../arm-none-eabi/bin/]
  ignore line: [LIBRARY_PATH=/usr/lib/gcc/arm-none-eabi/10.3.1/thumb/v6-m/nofp/:/usr/lib/gcc/arm-none-eabi/10.3.1/../../../arm-none-eabi/lib/thumb/v6-m/nofp/:/usr/lib/gcc/arm-none-eabi/10.3.1/:/usr/lib/gcc/arm-none-eabi/10.3.1/../../../arm-none-eabi/lib/]
  ignore line: [COLLECT_GCC_OPTIONS='-mcpu=cortex-m0plus' '-mthumb' '-v' '-o' 'CMakeFiles/cmTC_2c70f.dir/CMakeCXXCompilerABI.cpp.obj' '-c' '-mfloat-abi=soft' '-mlibarch=armv6s-m' '-march=armv6s-m']
  ignore line: [Linking CXX executable cmTC_2c70f.elf]
  ignore line: [/usr/bin/cmake -E cmake_link_script CMakeFiles/cmTC_2c70f.dir/link.txt --verbose=1]
  ignore line: [/usr/bin/arm-none-eabi-g++ -mcpu=cortex-m0plus -mthumb  -Wl --build-id=none -nostdlib  -v CMakeFiles/cmTC_2c70f.dir/CMakeCXXCompilerABI.cpp.obj -o cmTC_2c70f.elf ]
  ignore line: [Using built-in specs.]
  ignore line: [COLLECT_GCC=/usr/bin/arm-none-eabi-g++]
  ignore line: [COLLECT_LTO_WRAPPER=/usr/lib/gcc/arm-none-eabi/10.3.1/lto-wrapper]
  ignore line: [Target: arm-none-eabi]
  ignore line: [Configured with: ../configure --build=x86_64-linux-gnu --prefix=/usr --includedir='/usr/lib/include' --mandir='/usr/lib/share/man' --infodir='/usr/lib/share/info' --sysconfdir=/etc --localstatedir=/var --disable-option-checking --disable-silent-rules --libdir='/usr/lib/lib/x86_64-linux-gnu' --libexecdir='/usr/lib/lib/x86_64-linux-gnu' --disable-maintainer-mode --disable-dependency-tracking --mandir=/usr/share/man --enable-languages=c,c++,lto --enable-multilib --disable-decimal-float --disable-libffi --disable-libgomp --disable-libmudflap --disable-libquadmath --disable-libssp --disable-libstdcxx-pch --disable-nls --disable-shared --disable-threads --enable-tls --build=x86_64-linux-gnu --target=arm-none-eabi --with-system-zlib --with-gnu-as --with-gnu-ld --with-pkgversion=15:10.3-2021.07-4 --without-included-gettext --prefix=/usr/lib --infodir=/usr/share/doc/gcc-arm-none-eabi/info --htmldir=/usr/share/doc/gcc-arm-none-eabi/html --pdfdir=/usr/share/doc/gcc-arm-none-eabi/pdf --bindir=/usr/bin --libexecdir=/usr/lib --libdir=/usr/lib --disable-libstdc++-v3 --host=x86_64-linux-gnu --with-headers=no --without-newlib --with-multilib-list=rmprofile,aprofile CFLAGS='-g -O2 -ffile-prefix-map=/build/gcc-arm-none-eabi-hYfgK4/gcc-arm-none-eabi-10.3-2021.07=. -flto=auto -ffat-lto-objects -fstack-protector-strong' CPPFLAGS='-Wdate-time -D_FORTIFY_SOURCE=2' CXXFLAGS='-g -O2 -ffile-prefix-map=/build/gcc-arm-none-eabi-hYfgK4/gcc-arm-none-eabi-10.3-2021.07=. -flto=auto -ffat-lto-objects -fstack-protector-strong' DFLAGS=-frelease FCFLAGS='-g -O2 -ffile-prefix-map=/build/gcc-arm-none-eabi-hYfgK4/gcc-arm-none-eabi-10.3-2021.07=. -flto=auto -ffat-lto-objects -fstack-protector-strong' FFLAGS='-g -O2 -ffile-prefix-map=/build/gcc-arm-none-eabi-hYfgK4/gcc-arm-none-eabi-10.3-2021.07=. -flto=auto -ffat-lto-objects -fstack-protector-strong' GCJFLAGS='-g -O2 -ffile-prefix-map=/build/gcc-arm-none-eabi-hYfgK4/gcc-arm-none-eabi-10.3-2021.07=. -fstack-protector-strong' LDFLAGS='-Wl,-Bsymbolic-functions -flto=auto -Wl,-z,relro' OBJCFLAGS='-g -O2 -ffile-prefix-map=/build/gcc-arm-none-eabi-hYfgK4/gcc-arm-none-eabi-10.3-2021.07=. -flto=auto -ffat-lto-objects -fstack-protector-strong' OBJCXXFLAGS='-g -O2 -ffile-prefix-map=/build/gcc-arm-none-eabi-hYfgK4/gcc-arm-none-eabi-10.3-2021.07=. -flto=auto -ffat-lto-objects -fstack-protector-strong' INHIBIT_LIBC_CFLAGS=-DUSE_TM_CLONE_REGISTRY=0 AR_FOR_TARGET=arm-none-eabi-ar AS_FOR_TARGET=arm-none-eabi-as LD_FOR_TARGET=arm-none-eabi-ld NM_FOR_TARGET=arm-none-eabi-nm OBJDUMP_FOR_TARGET=arm-none-eabi-objdump RANLIB_FOR_TARGET=arm-none-eabi-ranlib READELF_FOR_TARGET=arm-none-eabi-readelf STRIP_FOR_TARGET=arm-none-eabi-strip SED=/bin/sed SHELL=/bin/sh BASH=/bin/bash CONFIG_SHELL=/bin/bash]
  ignore line: [Thread model: single]
  ignore line: [Supported LTO compression algorithms: zlib]
  ignore line: [gcc version 10.3.1 20210621 (release) (15:10.3-2021.07-4) ]
  ignore line: [COMPILER_PATH=/usr/lib/gcc/arm-none-eabi/10.3.1/:/usr/lib/gcc/arm-none-eabi/10.3.1/:/usr/lib/gcc/arm-none-eabi/:/usr/lib/gcc/arm-none-eabi/10.3.1/:/usr/lib/gcc/arm-none-eabi/:/usr/lib/gcc/arm-none-eabi/10.3.1/../../../arm-none-eabi/bin/]
  ignore line: [LIBRARY_PATH=/usr/lib/gcc/arm-none-eabi/10.3.1/thumb/v6-m/nofp/:/usr/lib/gcc/arm-none-eabi/10.3.1/../../../arm-none-eabi/lib/thumb/v6-m/nofp/:/usr/lib/gcc/arm-none-eabi/10.3.1/:/usr/lib/gcc/arm-none-eabi/10.3.1/../../../arm-none-eabi/lib/]
  ignore line: [COLLECT_GCC_OPTIONS='-mcpu=cortex-m0plus' '-mthumb' '-nostdlib' '-v' '-o' 'cmTC_2c70f.elf' '-mfloat-abi=soft' '-mlibarch=armv6s-m' '-march=armv6s-m']
  link line: [ /usr/lib/gcc/arm-none-eabi/10.3.1/collect2 -plugin /usr/lib/gcc/arm-none-eabi/10.3.1/liblto_plugin.so -plugin-opt=/usr/lib/gcc/arm-none-eabi/10.3.1/lto-wrapper -plugin-opt=-fresolution=/tmp/ccMe1QVe.res -X -o cmTC_2c70f.elf -L/usr/lib/gcc/arm-none-eabi/10.3.1/thumb/v6-m/nofp -L/usr/lib/gcc/arm-none-eabi/10.3.1/../../../arm-none-eabi/lib/thumb/v6-m/nofp -L/usr/lib/gcc/arm-none-eabi/10.3.1 -L/usr/lib/gcc/arm-none-eabi/10.3.1/../../../arm-none-eabi/lib --build-id=none CMakeFiles/cmTC_2c70f.dir/CMakeCXXCompilerABI.cpp.obj]
    arg [/usr/lib/gcc/arm-none-eabi/10.3.1/collect2] ==> ignore
    arg [-plugin] ==> ignore
    arg [/usr/lib/gcc/arm-none-eabi/10.3.1/liblto_plugin.so] ==> ignore
    arg [-plugin-opt=/usr/lib/gcc/arm-none-eabi/10.3.1/lto-wrapper] ==> ignore
    arg [-plugin-opt=-fresolution=/tmp/ccMe1QVe.res] ==> ignore
    arg [-X] ==> ignore
    arg [-o] ==> ignore
    arg [cmTC_2c70f.elf] ==> ignore
    arg [-L/usr/lib/gcc/arm-none-eabi/10.3.1/thumb/v6-m/nofp] ==> dir [/usr/lib/gcc/arm-none-eabi/10.3.1/thumb/v6-m/nofp]
    arg [-L/usr/lib/gcc/arm-none-eabi/10.3.1/../../../arm-none-eabi/lib/thumb/v6-m/nofp] ==> dir [/usr/lib/gcc/arm-none-eabi/10.3.1/../../../arm-none-eabi/lib/thumb/v6-m/nofp]
    arg [-L/usr/lib/gcc/arm-none-eabi/10.3.1] ==> dir [/usr/lib/gcc/arm-none-eabi/10.3.1]
    arg [-L/usr/lib/gcc/arm-none-eabi/10.3.1/../../../arm-none-eabi/lib] ==> dir [/usr/lib/gcc/arm-none-eabi/10.3.1/../../../arm-none-eabi/lib]
    arg [--build-id=none] ==> ignore
    arg [CMakeFiles/cmTC_2c70f.dir/CMakeCXXCompilerABI.cpp.obj] ==> ignore
  collapse library dir [/usr/lib/gcc/arm-none-eabi/10.3.1/thumb/v6-m/nofp] ==> [/usr/lib/gcc/arm-none-eabi/10.3.1/thumb/v6-m/nofp]
  collapse library dir [/usr/lib/gcc/arm-none-eabi/10.3.1/../../../arm-none-eabi/lib/thumb/v6-m/nofp] ==> [/usr/lib/arm-none-eabi/lib/thumb/v6-m/nofp]
  collapse library dir [/usr/lib/gcc/arm-none-eabi/10.3.1] ==> [/usr/lib/gcc/arm-none-eabi/10.3.1]
  collapse library dir [/usr/lib/gcc/arm-none-eabi/10.3.1/../../../arm-none-eabi/lib] ==> [/usr/lib/arm-none-eabi/lib]
  implicit libs: []
  implicit objs: []
  implicit dirs: [/usr/lib/gcc/arm-none-eabi/10.3.1/thumb/v6-m/nofp;/usr/lib/arm-none-eabi/lib/thumb/v6-m/nofp;/usr/lib/gcc/arm-none-eabi/10.3.1;/usr/lib/arm-none-eabi/lib]
  implicit fwks: []


The target system is: PICO -  - cortex-m0plus
The host system is: Linux - 6.8.0-40-generic - x86_64
Compiling the C compiler identification source file "CMakeCCompilerId.c" succeeded.
Compiler: /usr/bin/arm-none-eabi-gcc 
Build flags: ;-mcpu=cortex-m0plus;-mthumb
Id flags: -c 

The output was:
0


Compilation of the C compiler identification source "CMakeCCompilerId.c" produced "CMakeCCompilerId.o"

The C compiler identification is GNU, found in "/home/pi/NN2022Code/SrcBoardFirmware/build/CMakeFiles/3.22.1/CompilerIdC/CMakeCCompilerId.o"

Compiling the CXX compiler identification source file "CMakeCXXCompilerId.cpp" succeeded.
Compiler: /usr/bin/arm-none-eabi-g++ 
Build flags: ;-mcpu=cortex-m0plus;-mthumb
Id flags: -c 

The output was:
0


Compilation of the CXX compiler identification source "CMakeCXXCompilerId.cpp" produced "CMakeCXXCompilerId.o"

The CXX compiler identification is GNU, found in "/home/pi/NN2022Code/SrcBoardFirmware/build/CMakeFiles/3.22.1/CompilerIdCXX/CMakeCXXCompilerId.o"

Checking whether the ASM compiler is GNU using "--version" matched "(GNU assembler)|(GCC)|(Free Software Foundation)":
arm-none-eabi-gcc (15:10.3-2021.07-4) 10.3.1 20210621 (release)
Copyright (C) 2020 Free Software Foundation, Inc.
This is free software; see the source for copying conditions.  There is NO
warranty; not even for MERCHANTABILITY or FITNESS FOR A PARTICULAR PURPOSE.

Detecting C compiler ABI info compiled with the following output:
Change Dir: /home/pi/NN2022Code/SrcBoardFirmware/build/CMakeFiles/CMakeTmp

Run Build Command(s):/usr/bin/gmake -f Makefile cmTC_81e33/fast && /usr/bin/gmake  -f CMakeFiles/cmTC_81e33.dir/build.make CMakeFiles/cmTC_81e33.dir/build
gmake[1]: Entering directory '/home/pi/NN2022Code/SrcBoardFirmware/build/CMakeFiles/CMakeTmp'
Building C object CMakeFiles/cmTC_81e33.dir/CMakeCCompilerABI.c.obj
/usr/bin/arm-none-eabi-gcc   -mcpu=cortex-m0plus -mthumb    -v -o CMakeFiles/cmTC_81e33.dir/CMakeCCompilerABI.c.obj -c /usr/share/cmake-3.22/Modules/CMakeCCompilerABI.c
Using built-in specs.
COLLECT_GCC=/usr/bin/arm-none-eabi-gcc
Target: arm-none-eabi
Configured with: ../configure --build=x86_64-linux-gnu --prefix=/usr --includedir='/usr/lib/include' --mandir='/usr/lib/share/man' --infodir='/usr/lib/share/info' --sysconfdir=/etc --localstatedir=/var --disable-option-checking --disable-silent-rules --libdir='/usr/lib/lib/x86_64-linux-gnu' --libexecdir='/usr/lib/lib/x86_64-linux-gnu' --disable-maintainer-mode --disable-dependency-tracking --mandir=/usr/share/man --enable-languages=c,c++,lto --enable-multilib --disable-decimal-float --disable-libffi --disable-libgomp --disable-libmudflap --disable-libquadmath --disable-libssp --disable-libstdcxx-pch --disable-nls --disable-shared --disable-threads --enable-tls --build=x86_64-linux-gnu --target=arm-none-eabi --with-system-zlib --with-gnu-as --with-gnu-ld --with-pkgversion=15:10.3-2021.07-4 --without-included-gettext --prefix=/usr/lib --infodir=/usr/share/doc/gcc-arm-none-eabi/info --htmldir=/usr/share/doc/gcc-arm-none-eabi/html --pdfdir=/usr/share/doc/gcc-arm-none-eabi/pdf --bindir=/usr/bin --libexecdir=/usr/lib --libdir=/usr/lib --disable-libstdc++-v3 --host=x86_64-linux-gnu --with-headers=no --without-newlib --with-multilib-list=rmprofile,aprofile CFLAGS='-g -O2 -ffile-prefix-map=/build/gcc-arm-none-eabi-hYfgK4/gcc-arm-none-eabi-10.3-2021.07=. -flto=auto -ffat-lto-objects -fstack-protector-strong' CPPFLAGS='-Wdate-time -D_FORTIFY_SOURCE=2' CXXFLAGS='-g -O2 -ffile-prefix-map=/build/gcc-arm-none-eabi-hYfgK4/gcc-arm-none-eabi-10.3-2021.07=. -flto=auto -ffat-lto-objects -fstack-protector-strong' DFLAGS=-frelease FCFLAGS='-g -O2 -ffile-prefix-map=/build/gcc-arm-none-eabi-hYfgK4/gcc-arm-none-eabi-10.3-2021.07=. -flto=auto -ffat-lto-objects -fstack-protector-strong' FFLAGS='-g -O2 -ffile-prefix-map=/build/gcc-arm-none-eabi-hYfgK4/gcc-arm-none-eabi-10.3-2021.07=. -flto=auto -ffat-lto-objects -fstack-protector-strong' GCJFLAGS='-g -O2 -ffile-prefix-map=/build/gcc-arm-none-eabi-hYfgK4/gcc-arm-none-eabi-10.3-2021.07=. -fstack-protector-strong' LDFLAGS='-Wl,-Bsymbolic-functions -flto=auto -Wl,-z,relro' OBJCFLAGS='-g -O2 -ffile-prefix-map=/build/gcc-arm-none-eabi-hYfgK4/gcc-arm-none-eabi-10.3-2021.07=. -flto=auto -ffat-lto-objects -fstack-protector-strong' OBJCXXFLAGS='-g -O2 -ffile-prefix-map=/build/gcc-arm-none-eabi-hYfgK4/gcc-arm-none-eabi-10.3-2021.07=. -flto=auto -ffat-lto-objects -fstack-protector-strong' INHIBIT_LIBC_CFLAGS=-DUSE_TM_CLONE_REGISTRY=0 AR_FOR_TARGET=arm-none-eabi-ar AS_FOR_TARGET=arm-none-eabi-as LD_FOR_TARGET=arm-none-eabi-ld NM_FOR_TARGET=arm-none-eabi-nm OBJDUMP_FOR_TARGET=arm-none-eabi-objdump RANLIB_FOR_TARGET=arm-none-eabi-ranlib READELF_FOR_TARGET=arm-none-eabi-readelf STRIP_FOR_TARGET=arm-none-eabi-strip SED=/bin/sed SHELL=/bin/sh BASH=/bin/bash CONFIG_SHELL=/bin/bash
Thread model: single
Supported LTO compression algorithms: zlib
gcc version 10.3.1 20210621 (release) (15:10.3-2021.07-4) 
COLLECT_GCC_OPTIONS='-mcpu=cortex-m0plus' '-mthumb' '-v' '-o' 'CMakeFiles/cmTC_81e33.dir/CMakeCCompilerABI.c.obj' '-c' '-mfloat-abi=soft' '-mlibarch=armv6s-m' '-march=armv6s-m'
 /usr/lib/gcc/arm-none-eabi/10.3.1/cc1 -quiet -v -imultilib thumb/v6-m/nofp -D__USES_INITFINI__ /usr/share/cmake-3.22/Modules/CMakeCCompilerABI.c -quiet -dumpbase CMakeCCompilerABI.c -mcpu=cortex-m0plus -mthumb -mfloat-abi=soft -mlibarch=armv6s-m -march=armv6s-m -auxbase-strip CMakeFiles/cmTC_81e33.dir/CMakeCCompilerABI.c.obj -version -o /tmp/cc1FFNsR.s
GNU C17 (15:10.3-2021.07-4) version 10.3.1 20210621 (release) (arm-none-eabi)
	compiled by GNU C version 11.2.0, GMP version 6.2.1, MPFR version 4.1.0, MPC version 1.2.1, isl version isl-0.24-GMP

GGC heuristics: --param ggc-min-expand=100 --param ggc-min-heapsize=131072
ignoring nonexistent directory "/usr/lib/gcc/arm-none-eabi/10.3.1/../../../arm-none-eabi/sys-include"
#include "..." search starts here:
#include <...> search starts here:
 /usr/lib/gcc/arm-none-eabi/10.3.1/include
 /usr/lib/gcc/arm-none-eabi/10.3.1/include-fixed
 /usr/lib/gcc/arm-none-eabi/10.3.1/../../../arm-none-eabi/include
End of search list.
GNU C17 (15:10.3-2021.07-4) version 10.3.1 20210621 (release) (arm-none-eabi)
	compiled by GNU C version 11.2.0, GMP version 6.2.1, MPFR version 4.1.0, MPC version 1.2.1, isl version isl-0.24-GMP

GGC heuristics: --param ggc-min-expand=100 --param ggc-min-heapsize=131072
Compiler executable checksum: 4cf7574ae54eb0935abb4a8c56f8bcfe
COLLECT_GCC_OPTIONS='-mcpu=cortex-m0plus' '-mthumb' '-v' '-o' 'CMakeFiles/cmTC_81e33.dir/CMakeCCompilerABI.c.obj' '-c' '-mfloat-abi=soft' '-mlibarch=armv6s-m' '-march=armv6s-m'
 /usr/lib/gcc/arm-none-eabi/10.3.1/../../../arm-none-eabi/bin/as -v -march=armv6s-m -mfloat-abi=soft -meabi=5 -o CMakeFiles/cmTC_81e33.dir/CMakeCCompilerABI.c.obj /tmp/cc1FFNsR.s
GNU assembler version 2.38 (arm-none-eabi) using BFD version (2.38-3ubuntu1+15build1) 2.38
COMPILER_PATH=/usr/lib/gcc/arm-none-eabi/10.3.1/:/usr/lib/gcc/arm-none-eabi/10.3.1/:/usr/lib/gcc/arm-none-eabi/:/usr/lib/gcc/arm-none-eabi/10.3.1/:/usr/lib/gcc/arm-none-eabi/:/usr/lib/gcc/arm-none-eabi/10.3.1/../../../arm-none-eabi/bin/
LIBRARY_PATH=/usr/lib/gcc/arm-none-eabi/10.3.1/thumb/v6-m/nofp/:/usr/lib/gcc/arm-none-eabi/10.3.1/../../../arm-none-eabi/lib/thumb/v6-m/nofp/:/usr/lib/gcc/arm-none-eabi/10.3.1/:/usr/lib/gcc/arm-none-eabi/10.3.1/../../../arm-none-eabi/lib/
COLLECT_GCC_OPTIONS='-mcpu=cortex-m0plus' '-mthumb' '-v' '-o' 'CMakeFiles/cmTC_81e33.dir/CMakeCCompilerABI.c.obj' '-c' '-mfloat-abi=soft' '-mlibarch=armv6s-m' '-march=armv6s-m'
Linking C executable cmTC_81e33.elf
/usr/bin/cmake -E cmake_link_script CMakeFiles/cmTC_81e33.dir/link.txt --verbose=1
/usr/bin/arm-none-eabi-gcc -mcpu=cortex-m0plus -mthumb  -Wl,--build-id=none -nostdlib  -v CMakeFiles/cmTC_81e33.dir/CMakeCCompilerABI.c.obj -o cmTC_81e33.elf 
Using built-in specs.
COLLECT_GCC=/usr/bin/arm-none-eabi-gcc
COLLECT_LTO_WRAPPER=/usr/lib/gcc/arm-none-eabi/10.3.1/lto-wrapper
Target: arm-none-eabi
Configured with: ../configure --build=x86_64-linux-gnu --prefix=/usr --includedir='/usr/lib/include' --mandir='/usr/lib/share/man' --infodir='/usr/lib/share/info' --sysconfdir=/etc --localstatedir=/var --disable-option-checking --disable-silent-rules --libdir='/usr/lib/lib/x86_64-linux-gnu' --libexecdir='/usr/lib/lib/x86_64-linux-gnu' --disable-maintainer-mode --disable-dependency-tracking --mandir=/usr/share/man --enable-languages=c,c++,lto --enable-multilib --disable-decimal-float --disable-libffi --disable-libgomp --disable-libmudflap --disable-libquadmath --disable-libssp --disable-libstdcxx-pch --disable-nls --disable-shared --disable-threads --enable-tls --build=x86_64-linux-gnu --target=arm-none-eabi --with-system-zlib --with-gnu-as --with-gnu-ld --with-pkgversion=15:10.3-2021.07-4 --without-included-gettext --prefix=/usr/lib --infodir=/usr/share/doc/gcc-arm-none-eabi/info --htmldir=/usr/share/doc/gcc-arm-none-eabi/html --pdfdir=/usr/share/doc/gcc-arm-none-eabi/pdf --bindir=/usr/bin --libexecdir=/usr/lib --libdir=/usr/lib --disable-libstdc++-v3 --host=x86_64-linux-gnu --with-headers=no --without-newlib --with-multilib-list=rmprofile,aprofile CFLAGS='-g -O2 -ffile-prefix-map=/build/gcc-arm-none-eabi-hYfgK4/gcc-arm-none-eabi-10.3-2021.07=. -flto=auto -ffat-lto-objects -fstack-protector-strong' CPPFLAGS='-Wdate-time -D_FORTIFY_SOURCE=2' CXXFLAGS='-g -O2 -ffile-prefix-map=/build/gcc-arm-none-eabi-hYfgK4/gcc-arm-none-eabi-10.3-2021.07=. -flto=auto -ffat-lto-objects -fstack-protector-strong' DFLAGS=-frelease FCFLAGS='-g -O2 -ffile-prefix-map=/build/gcc-arm-none-eabi-hYfgK4/gcc-arm-none-eabi-10.3-2021.07=. -flto=auto -ffat-lto-objects -fstack-protector-strong' FFLAGS='-g -O2 -ffile-prefix-map=/build/gcc-arm-none-eabi-hYfgK4/gcc-arm-none-eabi-10.3-2021.07=. -flto=auto -ffat-lto-objects -fstack-protector-strong' GCJFLAGS='-g -O2 -ffile-prefix-map=/build/gcc-arm-none-eabi-hYfgK4/gcc-arm-none-eabi-10.3-2021.07=. -fstack-protector-strong' LDFLAGS='-Wl,-Bsymbolic-functions -flto=auto -Wl,-z,relro' OBJCFLAGS='-g -O2 -ffile-prefix-map=/build/gcc-arm-none-eabi-hYfgK4/gcc-arm-none-eabi-10.3-2021.07=. -flto=auto -ffat-lto-objects -fstack-protector-strong' OBJCXXFLAGS='-g -O2 -ffile-prefix-map=/build/gcc-arm-none-eabi-hYfgK4/gcc-arm-none-eabi-10.3-2021.07=. -flto=auto -ffat-lto-objects -fstack-protector-strong' INHIBIT_LIBC_CFLAGS=-DUSE_TM_CLONE_REGISTRY=0 AR_FOR_TARGET=arm-none-eabi-ar AS_FOR_TARGET=arm-none-eabi-as LD_FOR_TARGET=arm-none-eabi-ld NM_FOR_TARGET=arm-none-eabi-nm OBJDUMP_FOR_TARGET=arm-none-eabi-objdump RANLIB_FOR_TARGET=arm-none-eabi-ranlib READELF_FOR_TARGET=arm-none-eabi-readelf STRIP_FOR_TARGET=arm-none-eabi-strip SED=/bin/sed SHELL=/bin/sh BASH=/bin/bash CONFIG_SHELL=/bin/bash
Thread model: single
Supported LTO compression algorithms: zlib
gcc version 10.3.1 20210621 (release) (15:10.3-2021.07-4) 
COMPILER_PATH=/usr/lib/gcc/arm-none-eabi/10.3.1/:/usr/lib/gcc/arm-none-eabi/10.3.1/:/usr/lib/gcc/arm-none-eabi/:/usr/lib/gcc/arm-none-eabi/10.3.1/:/usr/lib/gcc/arm-none-eabi/:/usr/lib/gcc/arm-none-eabi/10.3.1/../../../arm-none-eabi/bin/
LIBRARY_PATH=/usr/lib/gcc/arm-none-eabi/10.3.1/thumb/v6-m/nofp/:/usr/lib/gcc/arm-none-eabi/10.3.1/../../../arm-none-eabi/lib/thumb/v6-m/nofp/:/usr/lib/gcc/arm-none-eabi/10.3.1/:/usr/lib/gcc/arm-none-eabi/10.3.1/../../../arm-none-eabi/lib/
COLLECT_GCC_OPTIONS='-mcpu=cortex-m0plus' '-mthumb' '-nostdlib' '-v' '-o' 'cmTC_81e33.elf' '-mfloat-abi=soft' '-mlibarch=armv6s-m' '-march=armv6s-m'
 /usr/lib/gcc/arm-none-eabi/10.3.1/collect2 -plugin /usr/lib/gcc/arm-none-eabi/10.3.1/liblto_plugin.so -plugin-opt=/usr/lib/gcc/arm-none-eabi/10.3.1/lto-wrapper -plugin-opt=-fresolution=/tmp/ccNBYJFt.res -X -o cmTC_81e33.elf -L/usr/lib/gcc/arm-none-eabi/10.3.1/thumb/v6-m/nofp -L/usr/lib/gcc/arm-none-eabi/10.3.1/../../../arm-none-eabi/lib/thumb/v6-m/nofp -L/usr/lib/gcc/arm-none-eabi/10.3.1 -L/usr/lib/gcc/arm-none-eabi/10.3.1/../../../arm-none-eabi/lib --build-id=none CMakeFiles/cmTC_81e33.dir/CMakeCCompilerABI.c.obj
/usr/lib/gcc/arm-none-eabi/10.3.1/../../../arm-none-eabi/bin/ld: warning: cannot find entry symbol _start; defaulting to 0000000000008000
COLLECT_GCC_OPTIONS='-mcpu=cortex-m0plus' '-mthumb' '-nostdlib' '-v' '-o' 'cmTC_81e33.elf' '-mfloat-abi=soft' '-mlibarch=armv6s-m' '-march=armv6s-m'
gmake[1]: Leaving directory '/home/pi/NN2022Code/SrcBoardFirmware/build/CMakeFiles/CMakeTmp'



Parsed C implicit include dir info from above output: rv=done
  found start of include info
  found start of implicit include info
    add: [/usr/lib/gcc/arm-none-eabi/10.3.1/include]
    add: [/usr/lib/gcc/arm-none-eabi/10.3.1/include-fixed]
    add: [/usr/lib/gcc/arm-none-eabi/10.3.1/../../../arm-none-eabi/include]
  end of search list found
  collapse include dir [/usr/lib/gcc/arm-none-eabi/10.3.1/include] ==> [/usr/lib/gcc/arm-none-eabi/10.3.1/include]
  collapse include dir [/usr/lib/gcc/arm-none-eabi/10.3.1/include-fixed] ==> [/usr/lib/gcc/arm-none-eabi/10.3.1/include-fixed]
  collapse include dir [/usr/lib/gcc/arm-none-eabi/10.3.1/../../../arm-none-eabi/include] ==> [/usr/lib/arm-none-eabi/include]
  implicit include dirs: [/usr/lib/gcc/arm-none-eabi/10.3.1/include;/usr/lib/gcc/arm-none-eabi/10.3.1/include-fixed;/usr/lib/arm-none-eabi/include]


Parsed C implicit link information from above output:
  link line regex: [^( *|.*[/\])(arm-none-eabi-ld|CMAKE_LINK_STARTFILE-NOTFOUND|([^/\]+-)?ld|collect2)[^/\]*( |$)]
  ignore line: [Change Dir: /home/pi/NN2022Code/SrcBoardFirmware/build/CMakeFiles/CMakeTmp]
  ignore line: []
  ignore line: [Run Build Command(s):/usr/bin/gmake -f Makefile cmTC_81e33/fast && /usr/bin/gmake  -f CMakeFiles/cmTC_81e33.dir/build.make CMakeFiles/cmTC_81e33.dir/build]
  ignore line: [gmake[1]: Entering directory '/home/pi/NN2022Code/SrcBoardFirmware/build/CMakeFiles/CMakeTmp']
  ignore line: [Building C object CMakeFiles/cmTC_81e33.dir/CMakeCCompilerABI.c.obj]
  ignore line: [/usr/bin/arm-none-eabi-gcc   -mcpu=cortex-m0plus -mthumb    -v -o CMakeFiles/cmTC_81e33.dir/CMakeCCompilerABI.c.obj -c /usr/share/cmake-3.22/Modules/CMakeCCompilerABI.c]
  ignore line: [Using built-in specs.]
  ignore line: [COLLECT_GCC=/usr/bin/arm-none-eabi-gcc]
  ignore line: [Target: arm-none-eabi]
  ignore line: [Configured with: ../configure --build=x86_64-linux-gnu --prefix=/usr --includedir='/usr/lib/include' --mandir='/usr/lib/share/man' --infodir='/usr/lib/share/info' --sysconfdir=/etc --localstatedir=/var --disable-option-checking --disable-silent-rules --libdir='/usr/lib/lib/x86_64-linux-gnu' --libexecdir='/usr/lib/lib/x86_64-linux-gnu' --disable-maintainer-mode --disable-dependency-tracking --mandir=/usr/share/man --enable-languages=c,c++,lto --enable-multilib --disable-decimal-float --disable-libffi --disable-libgomp --disable-libmudflap --disable-libquadmath --disable-libssp --disable-libstdcxx-pch --disable-nls --disable-shared --disable-threads --enable-tls --build=x86_64-linux-gnu --target=arm-none-eabi --with-system-zlib --with-gnu-as --with-gnu-ld --with-pkgversion=15:10.3-2021.07-4 --without-included-gettext --prefix=/usr/lib --infodir=/usr/share/doc/gcc-arm-none-eabi/info --htmldir=/usr/share/doc/gcc-arm-none-eabi/html --pdfdir=/usr/share/doc/gcc-arm-none-eabi/pdf --bindir=/usr/bin --libexecdir=/usr/lib --libdir=/usr/lib --disable-libstdc++-v3 --host=x86_64-linux-gnu --with-headers=no --without-newlib --with-multilib-list=rmprofile,aprofile CFLAGS='-g -O2 -ffile-prefix-map=/build/gcc-arm-none-eabi-hYfgK4/gcc-arm-none-eabi-10.3-2021.07=. -flto=auto -ffat-lto-objects -fstack-protector-strong' CPPFLAGS='-Wdate-time -D_FORTIFY_SOURCE=2' CXXFLAGS='-g -O2 -ffile-prefix-map=/build/gcc-arm-none-eabi-hYfgK4/gcc-arm-none-eabi-10.3-2021.07=. -flto=auto -ffat-lto-objects -fstack-protector-strong' DFLAGS=-frelease FCFLAGS='-g -O2 -ffile-prefix-map=/build/gcc-arm-none-eabi-hYfgK4/gcc-arm-none-eabi-10.3-2021.07=. -flto=auto -ffat-lto-objects -fstack-protector-strong' FFLAGS='-g -O2 -ffile-prefix-map=/build/gcc-arm-none-eabi-hYfgK4/gcc-arm-none-eabi-10.3-2021.07=. -flto=auto -ffat-lto-objects -fstack-protector-strong' GCJFLAGS='-g -O2 -ffile-prefix-map=/build/gcc-arm-none-eabi-hYfgK4/gcc-arm-none-eabi-10.3-2021.07=. -fstack-protector-strong' LDFLAGS='-Wl,-Bsymbolic-functions -flto=auto -Wl,-z,relro' OBJCFLAGS='-g -O2 -ffile-prefix-map=/build/gcc-arm-none-eabi-hYfgK4/gcc-arm-none-eabi-10.3-2021.07=. -flto=auto -ffat-lto-objects -fstack-protector-strong' OBJCXXFLAGS='-g -O2 -ffile-prefix-map=/build/gcc-arm-none-eabi-hYfgK4/gcc-arm-none-eabi-10.3-2021.07=. -flto=auto -ffat-lto-objects -fstack-protector-strong' INHIBIT_LIBC_CFLAGS=-DUSE_TM_CLONE_REGISTRY=0 AR_FOR_TARGET=arm-none-eabi-ar AS_FOR_TARGET=arm-none-eabi-as LD_FOR_TARGET=arm-none-eabi-ld NM_FOR_TARGET=arm-none-eabi-nm OBJDUMP_FOR_TARGET=arm-none-eabi-objdump RANLIB_FOR_TARGET=arm-none-eabi-ranlib READELF_FOR_TARGET=arm-none-eabi-readelf STRIP_FOR_TARGET=arm-none-eabi-strip SED=/bin/sed SHELL=/bin/sh BASH=/bin/bash CONFIG_SHELL=/bin/bash]
  ignore line: [Thread model: single]
  ignore line: [Supported LTO compression algorithms: zlib]
  ignore line: [gcc version 10.3.1 20210621 (release) (15:10.3-2021.07-4) ]
  ignore line: [COLLECT_GCC_OPTIONS='-mcpu=cortex-m0plus' '-mthumb' '-v' '-o' 'CMakeFiles/cmTC_81e33.dir/CMakeCCompilerABI.c.obj' '-c' '-mfloat-abi=soft' '-mlibarch=armv6s-m' '-march=armv6s-m']
  ignore line: [ /usr/lib/gcc/arm-none-eabi/10.3.1/cc1 -quiet -v -imultilib thumb/v6-m/nofp -D__USES_INITFINI__ /usr/share/cmake-3.22/Modules/CMakeCCompilerABI.c -quiet -dumpbase CMakeCCompilerABI.c -mcpu=cortex-m0plus -mthumb -mfloat-abi=soft -mlibarch=armv6s-m -march=armv6s-m -auxbase-strip CMakeFiles/cmTC_81e33.dir/CMakeCCompilerABI.c.obj -version -o /tmp/cc1FFNsR.s]
  ignore line: [GNU C17 (15:10.3-2021.07-4) version 10.3.1 20210621 (release) (arm-none-eabi)]
  ignore line: [	compiled by GNU C version 11.2.0  GMP version 6.2.1  MPFR version 4.1.0  MPC version 1.2.1  isl version isl-0.24-GMP]
  ignore line: []
  ignore line: [GGC heuristics: --param ggc-min-expand=100 --param ggc-min-heapsize=131072]
  ignore line: [ignoring nonexistent directory "/usr/lib/gcc/arm-none-eabi/10.3.1/../../../arm-none-eabi/sys-include"]
  ignore line: [#include "..." search starts here:]
  ignore line: [#include <...> search starts here:]
  ignore line: [ /usr/lib/gcc/arm-none-eabi/10.3.1/include]
  ignore line: [ /usr/lib/gcc/arm-none-eabi/10.3.1/include-fixed]
  ignore line: [ /usr/lib/gcc/arm-none-eabi/10.3.1/../../../arm-none-eabi/include]
  ignore line: [End of search list.]
  ignore line: [GNU C17 (15:10.3-2021.07-4) version 10.3.1 20210621 (release) (arm-none-eabi)]
  ignore line: [	compiled by GNU C version 11.2.0  GMP version 6.2.1  MPFR version 4.1.0  MPC version 1.2.1  isl version isl-0.24-GMP]
  ignore line: []
  ignore line: [GGC heuristics: --param ggc-min-expand=100 --param ggc-min-heapsize=131072]
  ignore line: [Compiler executable checksum: 4cf7574ae54eb0935abb4a8c56f8bcfe]
  ignore line: [COLLECT_GCC_OPTIONS='-mcpu=cortex-m0plus' '-mthumb' '-v' '-o' 'CMakeFiles/cmTC_81e33.dir/CMakeCCompilerABI.c.obj' '-c' '-mfloat-abi=soft' '-mlibarch=armv6s-m' '-march=armv6s-m']
  ignore line: [ /usr/lib/gcc/arm-none-eabi/10.3.1/../../../arm-none-eabi/bin/as -v -march=armv6s-m -mfloat-abi=soft -meabi=5 -o CMakeFiles/cmTC_81e33.dir/CMakeCCompilerABI.c.obj /tmp/cc1FFNsR.s]
  ignore line: [GNU assembler version 2.38 (arm-none-eabi) using BFD version (2.38-3ubuntu1+15build1) 2.38]
  ignore line: [COMPILER_PATH=/usr/lib/gcc/arm-none-eabi/10.3.1/:/usr/lib/gcc/arm-none-eabi/10.3.1/:/usr/lib/gcc/arm-none-eabi/:/usr/lib/gcc/arm-none-eabi/10.3.1/:/usr/lib/gcc/arm-none-eabi/:/usr/lib/gcc/arm-none-eabi/10.3.1/../../../arm-none-eabi/bin/]
  ignore line: [LIBRARY_PATH=/usr/lib/gcc/arm-none-eabi/10.3.1/thumb/v6-m/nofp/:/usr/lib/gcc/arm-none-eabi/10.3.1/../../../arm-none-eabi/lib/thumb/v6-m/nofp/:/usr/lib/gcc/arm-none-eabi/10.3.1/:/usr/lib/gcc/arm-none-eabi/10.3.1/../../../arm-none-eabi/lib/]
  ignore line: [COLLECT_GCC_OPTIONS='-mcpu=cortex-m0plus' '-mthumb' '-v' '-o' 'CMakeFiles/cmTC_81e33.dir/CMakeCCompilerABI.c.obj' '-c' '-mfloat-abi=soft' '-mlibarch=armv6s-m' '-march=armv6s-m']
  ignore line: [Linking C executable cmTC_81e33.elf]
  ignore line: [/usr/bin/cmake -E cmake_link_script CMakeFiles/cmTC_81e33.dir/link.txt --verbose=1]
  ignore line: [/usr/bin/arm-none-eabi-gcc -mcpu=cortex-m0plus -mthumb  -Wl --build-id=none -nostdlib  -v CMakeFiles/cmTC_81e33.dir/CMakeCCompilerABI.c.obj -o cmTC_81e33.elf ]
  ignore line: [Using built-in specs.]
  ignore line: [COLLECT_GCC=/usr/bin/arm-none-eabi-gcc]
  ignore line: [COLLECT_LTO_WRAPPER=/usr/lib/gcc/arm-none-eabi/10.3.1/lto-wrapper]
  ignore line: [Target: arm-none-eabi]
  ignore line: [Configured with: ../configure --build=x86_64-linux-gnu --prefix=/usr --includedir='/usr/lib/include' --mandir='/usr/lib/share/man' --infodir='/usr/lib/share/info' --sysconfdir=/etc --localstatedir=/var --disable-option-checking --disable-silent-rules --libdir='/usr/lib/lib/x86_64-linux-gnu' --libexecdir='/usr/lib/lib/x86_64-linux-gnu' --disable-maintainer-mode --disable-dependency-tracking --mandir=/usr/share/man --enable-languages=c,c++,lto --enable-multilib --disable-decimal-float --disable-libffi --disable-libgomp --disable-libmudflap --disable-libquadmath --disable-libssp --disable-libstdcxx-pch --disable-nls --disable-shared --disable-threads --enable-tls --build=x86_64-linux-gnu --target=arm-none-eabi --with-system-zlib --with-gnu-as --with-gnu-ld --with-pkgversion=15:10.3-2021.07-4 --without-included-gettext --prefix=/usr/lib --infodir=/usr/share/doc/gcc-arm-none-eabi/info --htmldir=/usr/share/doc/gcc-arm-none-eabi/html --pdfdir=/usr/share/doc/gcc-arm-none-eabi/pdf --bindir=/usr/bin --libexecdir=/usr/lib --libdir=/usr/lib --disable-libstdc++-v3 --host=x86_64-linux-gnu --with-headers=no --without-newlib --with-multilib-list=rmprofile,aprofile CFLAGS='-g -O2 -ffile-prefix-map=/build/gcc-arm-none-eabi-hYfgK4/gcc-arm-none-eabi-10.3-2021.07=. -flto=auto -ffat-lto-objects -fstack-protector-strong' CPPFLAGS='-Wdate-time -D_FORTIFY_SOURCE=2' CXXFLAGS='-g -O2 -ffile-prefix-map=/build/gcc-arm-none-eabi-hYfgK4/gcc-arm-none-eabi-10.3-2021.07=. -flto=auto -ffat-lto-objects -fstack-protector-strong' DFLAGS=-frelease FCFLAGS='-g -O2 -ffile-prefix-map=/build/gcc-arm-none-eabi-hYfgK4/gcc-arm-none-eabi-10.3-2021.07=. -flto=auto -ffat-lto-objects -fstack-protector-strong' FFLAGS='-g -O2 -ffile-prefix-map=/build/gcc-arm-none-eabi-hYfgK4/gcc-arm-none-eabi-10.3-2021.07=. -flto=auto -ffat-lto-objects -fstack-protector-strong' GCJFLAGS='-g -O2 -ffile-prefix-map=/build/gcc-arm-none-eabi-hYfgK4/gcc-arm-none-eabi-10.3-2021.07=. -fstack-protector-strong' LDFLAGS='-Wl,-Bsymbolic-functions -flto=auto -Wl,-z,relro' OBJCFLAGS='-g -O2 -ffile-prefix-map=/build/gcc-arm-none-eabi-hYfgK4/gcc-arm-none-eabi-10.3-2021.07=. -flto=auto -ffat-lto-objects -fstack-protector-strong' OBJCXXFLAGS='-g -O2 -ffile-prefix-map=/build/gcc-arm-none-eabi-hYfgK4/gcc-arm-none-eabi-10.3-2021.07=. -flto=auto -ffat-lto-objects -fstack-protector-strong' INHIBIT_LIBC_CFLAGS=-DUSE_TM_CLONE_REGISTRY=0 AR_FOR_TARGET=arm-none-eabi-ar AS_FOR_TARGET=arm-none-eabi-as LD_FOR_TARGET=arm-none-eabi-ld NM_FOR_TARGET=arm-none-eabi-nm OBJDUMP_FOR_TARGET=arm-none-eabi-objdump RANLIB_FOR_TARGET=arm-none-eabi-ranlib READELF_FOR_TARGET=arm-none-eabi-readelf STRIP_FOR_TARGET=arm-none-eabi-strip SED=/bin/sed SHELL=/bin/sh BASH=/bin/bash CONFIG_SHELL=/bin/bash]
  ignore line: [Thread model: single]
  ignore line: [Supported LTO compression algorithms: zlib]
  ignore line: [gcc version 10.3.1 20210621 (release) (15:10.3-2021.07-4) ]
  ignore line: [COMPILER_PATH=/usr/lib/gcc/arm-none-eabi/10.3.1/:/usr/lib/gcc/arm-none-eabi/10.3.1/:/usr/lib/gcc/arm-none-eabi/:/usr/lib/gcc/arm-none-eabi/10.3.1/:/usr/lib/gcc/arm-none-eabi/:/usr/lib/gcc/arm-none-eabi/10.3.1/../../../arm-none-eabi/bin/]
  ignore line: [LIBRARY_PATH=/usr/lib/gcc/arm-none-eabi/10.3.1/thumb/v6-m/nofp/:/usr/lib/gcc/arm-none-eabi/10.3.1/../../../arm-none-eabi/lib/thumb/v6-m/nofp/:/usr/lib/gcc/arm-none-eabi/10.3.1/:/usr/lib/gcc/arm-none-eabi/10.3.1/../../../arm-none-eabi/lib/]
  ignore line: [COLLECT_GCC_OPTIONS='-mcpu=cortex-m0plus' '-mthumb' '-nostdlib' '-v' '-o' 'cmTC_81e33.elf' '-mfloat-abi=soft' '-mlibarch=armv6s-m' '-march=armv6s-m']
  link line: [ /usr/lib/gcc/arm-none-eabi/10.3.1/collect2 -plugin /usr/lib/gcc/arm-none-eabi/10.3.1/liblto_plugin.so -plugin-opt=/usr/lib/gcc/arm-none-eabi/10.3.1/lto-wrapper -plugin-opt=-fresolution=/tmp/ccNBYJFt.res -X -o cmTC_81e33.elf -L/usr/lib/gcc/arm-none-eabi/10.3.1/thumb/v6-m/nofp -L/usr/lib/gcc/arm-none-eabi/10.3.1/../../../arm-none-eabi/lib/thumb/v6-m/nofp -L/usr/lib/gcc/arm-none-eabi/10.3.1 -L/usr/lib/gcc/arm-none-eabi/10.3.1/../../../arm-none-eabi/lib --build-id=none CMakeFiles/cmTC_81e33.dir/CMakeCCompilerABI.c.obj]
    arg [/usr/lib/gcc/arm-none-eabi/10.3.1/collect2] ==> ignore
    arg [-plugin] ==> ignore
    arg [/usr/lib/gcc/arm-none-eabi/10.3.1/liblto_plugin.so] ==> ignore
    arg [-plugin-opt=/usr/lib/gcc/arm-none-eabi/10.3.1/lto-wrapper] ==> ignore
    arg [-plugin-opt=-fresolution=/tmp/ccNBYJFt.res] ==> ignore
    arg [-X] ==> ignore
    arg [-o] ==> ignore
    arg [cmTC_81e33.elf] ==> ignore
    arg [-L/usr/lib/gcc/arm-none-eabi/10.3.1/thumb/v6-m/nofp] ==> dir [/usr/lib/gcc/arm-none-eabi/10.3.1/thumb/v6-m/nofp]
    arg [-L/usr/lib/gcc/arm-none-eabi/10.3.1/../../../arm-none-eabi/lib/thumb/v6-m/nofp] ==> dir [/usr/lib/gcc/arm-none-eabi/10.3.1/../../../arm-none-eabi/lib/thumb/v6-m/nofp]
    arg [-L/usr/lib/gcc/arm-none-eabi/10.3.1] ==> dir [/usr/lib/gcc/arm-none-eabi/10.3.1]
    arg [-L/usr/lib/gcc/arm-none-eabi/10.3.1/../../../arm-none-eabi/lib] ==> dir [/usr/lib/gcc/arm-none-eabi/10.3.1/../../../arm-none-eabi/lib]
    arg [--build-id=none] ==> ignore
    arg [CMakeFiles/cmTC_81e33.dir/CMakeCCompilerABI.c.obj] ==> ignore
  collapse library dir [/usr/lib/gcc/arm-none-eabi/10.3.1/thumb/v6-m/nofp] ==> [/usr/lib/gcc/arm-none-eabi/10.3.1/thumb/v6-m/nofp]
  collapse library dir [/usr/lib/gcc/arm-none-eabi/10.3.1/../../../arm-none-eabi/lib/thumb/v6-m/nofp] ==> [/usr/lib/arm-none-eabi/lib/thumb/v6-m/nofp]
  collapse library dir [/usr/lib/gcc/arm-none-eabi/10.3.1] ==> [/usr/lib/gcc/arm-none-eabi/10.3.1]
  collapse library dir [/usr/lib/gcc/arm-none-eabi/10.3.1/../../../arm-none-eabi/lib] ==> [/usr/lib/arm-none-eabi/lib]
  implicit libs: []
  implicit objs: []
  implicit dirs: [/usr/lib/gcc/arm-none-eabi/10.3.1/thumb/v6-m/nofp;/usr/lib/arm-none-eabi/lib/thumb/v6-m/nofp;/usr/lib/gcc/arm-none-eabi/10.3.1;/usr/lib/arm-none-eabi/lib]
  implicit fwks: []


Detecting CXX compiler ABI info compiled with the following output:
Change Dir: /home/pi/NN2022Code/SrcBoardFirmware/build/CMakeFiles/CMakeTmp

Run Build Command(s):/usr/bin/gmake -f Makefile cmTC_dda90/fast && /usr/bin/gmake  -f CMakeFiles/cmTC_dda90.dir/build.make CMakeFiles/cmTC_dda90.dir/build
gmake[1]: Entering directory '/home/pi/NN2022Code/SrcBoardFirmware/build/CMakeFiles/CMakeTmp'
Building CXX object CMakeFiles/cmTC_dda90.dir/CMakeCXXCompilerABI.cpp.obj
/usr/bin/arm-none-eabi-g++   -mcpu=cortex-m0plus -mthumb    -v -o CMakeFiles/cmTC_dda90.dir/CMakeCXXCompilerABI.cpp.obj -c /usr/share/cmake-3.22/Modules/CMakeCXXCompilerABI.cpp
Using built-in specs.
COLLECT_GCC=/usr/bin/arm-none-eabi-g++
Target: arm-none-eabi
Configured with: ../configure --build=x86_64-linux-gnu --prefix=/usr --includedir='/usr/lib/include' --mandir='/usr/lib/share/man' --infodir='/usr/lib/share/info' --sysconfdir=/etc --localstatedir=/var --disable-option-checking --disable-silent-rules --libdir='/usr/lib/lib/x86_64-linux-gnu' --libexecdir='/usr/lib/lib/x86_64-linux-gnu' --disable-maintainer-mode --disable-dependency-tracking --mandir=/usr/share/man --enable-languages=c,c++,lto --enable-multilib --disable-decimal-float --disable-libffi --disable-libgomp --disable-libmudflap --disable-libquadmath --disable-libssp --disable-libstdcxx-pch --disable-nls --disable-shared --disable-threads --enable-tls --build=x86_64-linux-gnu --target=arm-none-eabi --with-system-zlib --with-gnu-as --with-gnu-ld --with-pkgversion=15:10.3-2021.07-4 --without-included-gettext --prefix=/usr/lib --infodir=/usr/share/doc/gcc-arm-none-eabi/info --htmldir=/usr/share/doc/gcc-arm-none-eabi/html --pdfdir=/usr/share/doc/gcc-arm-none-eabi/pdf --bindir=/usr/bin --libexecdir=/usr/lib --libdir=/usr/lib --disable-libstdc++-v3 --host=x86_64-linux-gnu --with-headers=no --without-newlib --with-multilib-list=rmprofile,aprofile CFLAGS='-g -O2 -ffile-prefix-map=/build/gcc-arm-none-eabi-hYfgK4/gcc-arm-none-eabi-10.3-2021.07=. -flto=auto -ffat-lto-objects -fstack-protector-strong' CPPFLAGS='-Wdate-time -D_FORTIFY_SOURCE=2' CXXFLAGS='-g -O2 -ffile-prefix-map=/build/gcc-arm-none-eabi-hYfgK4/gcc-arm-none-eabi-10.3-2021.07=. -flto=auto -ffat-lto-objects -fstack-protector-strong' DFLAGS=-frelease FCFLAGS='-g -O2 -ffile-prefix-map=/build/gcc-arm-none-eabi-hYfgK4/gcc-arm-none-eabi-10.3-2021.07=. -flto=auto -ffat-lto-objects -fstack-protector-strong' FFLAGS='-g -O2 -ffile-prefix-map=/build/gcc-arm-none-eabi-hYfgK4/gcc-arm-none-eabi-10.3-2021.07=. -flto=auto -ffat-lto-objects -fstack-protector-strong' GCJFLAGS='-g -O2 -ffile-prefix-map=/build/gcc-arm-none-eabi-hYfgK4/gcc-arm-none-eabi-10.3-2021.07=. -fstack-protector-strong' LDFLAGS='-Wl,-Bsymbolic-functions -flto=auto -Wl,-z,relro' OBJCFLAGS='-g -O2 -ffile-prefix-map=/build/gcc-arm-none-eabi-hYfgK4/gcc-arm-none-eabi-10.3-2021.07=. -flto=auto -ffat-lto-objects -fstack-protector-strong' OBJCXXFLAGS='-g -O2 -ffile-prefix-map=/build/gcc-arm-none-eabi-hYfgK4/gcc-arm-none-eabi-10.3-2021.07=. -flto=auto -ffat-lto-objects -fstack-protector-strong' INHIBIT_LIBC_CFLAGS=-DUSE_TM_CLONE_REGISTRY=0 AR_FOR_TARGET=arm-none-eabi-ar AS_FOR_TARGET=arm-none-eabi-as LD_FOR_TARGET=arm-none-eabi-ld NM_FOR_TARGET=arm-none-eabi-nm OBJDUMP_FOR_TARGET=arm-none-eabi-objdump RANLIB_FOR_TARGET=arm-none-eabi-ranlib READELF_FOR_TARGET=arm-none-eabi-readelf STRIP_FOR_TARGET=arm-none-eabi-strip SED=/bin/sed SHELL=/bin/sh BASH=/bin/bash CONFIG_SHELL=/bin/bash
Thread model: single
Supported LTO compression algorithms: zlib
gcc version 10.3.1 20210621 (release) (15:10.3-2021.07-4) 
COLLECT_GCC_OPTIONS='-mcpu=cortex-m0plus' '-mthumb' '-v' '-o' 'CMakeFiles/cmTC_dda90.dir/CMakeCXXCompilerABI.cpp.obj' '-c' '-mfloat-abi=soft' '-mlibarch=armv6s-m' '-march=armv6s-m'
 /usr/lib/gcc/arm-none-eabi/10.3.1/cc1plus -quiet -v -imultilib thumb/v6-m/nofp -D__USES_INITFINI__ /usr/share/cmake-3.22/Modules/CMakeCXXCompilerABI.cpp -quiet -dumpbase CMakeCXXCompilerABI.cpp -mcpu=cortex-m0plus -mthumb -mfloat-abi=soft -mlibarch=armv6s-m -march=armv6s-m -auxbase-strip CMakeFiles/cmTC_dda90.dir/CMakeCXXCompilerABI.cpp.obj -version -o /tmp/cc76MQBi.s
GNU C++14 (15:10.3-2021.07-4) version 10.3.1 20210621 (release) (arm-none-eabi)
	compiled by GNU C version 11.2.0, GMP version 6.2.1, MPFR version 4.1.0, MPC version 1.2.1, isl version isl-0.24-GMP

GGC heuristics: --param ggc-min-expand=100 --param ggc-min-heapsize=131072
ignoring nonexistent directory "/usr/lib/gcc/arm-none-eabi/10.3.1/../../../arm-none-eabi/sys-include"
#include "..." search starts here:
#include <...> search starts here:
 /usr/lib/gcc/arm-none-eabi/10.3.1/../../../arm-none-eabi/include/c++/10.3.1
 /usr/lib/gcc/arm-none-eabi/10.3.1/../../../arm-none-eabi/include/c++/10.3.1/arm-none-eabi/thumb/v6-m/nofp
 /usr/lib/gcc/arm-none-eabi/10.3.1/../../../arm-none-eabi/include/c++/10.3.1/backward
 /usr/lib/gcc/arm-none-eabi/10.3.1/include
 /usr/lib/gcc/arm-none-eabi/10.3.1/include-fixed
 /usr/lib/gcc/arm-none-eabi/10.3.1/../../../arm-none-eabi/include
End of search list.
GNU C++14 (15:10.3-2021.07-4) version 10.3.1 20210621 (release) (arm-none-eabi)
	compiled by GNU C version 11.2.0, GMP version 6.2.1, MPFR version 4.1.0, MPC version 1.2.1, isl version isl-0.24-GMP

GGC heuristics: --param ggc-min-expand=100 --param ggc-min-heapsize=131072
Compiler executable checksum: 4f994585a8ca8864fa1f4d2fb208a0ba
COLLECT_GCC_OPTIONS='-mcpu=cortex-m0plus' '-mthumb' '-v' '-o' 'CMakeFiles/cmTC_dda90.dir/CMakeCXXCompilerABI.cpp.obj' '-c' '-mfloat-abi=soft' '-mlibarch=armv6s-m' '-march=armv6s-m'
 /usr/lib/gcc/arm-none-eabi/10.3.1/../../../arm-none-eabi/bin/as -v -march=armv6s-m -mfloat-abi=soft -meabi=5 -o CMakeFiles/cmTC_dda90.dir/CMakeCXXCompilerABI.cpp.obj /tmp/cc76MQBi.s
GNU assembler version 2.38 (arm-none-eabi) using BFD version (2.38-3ubuntu1+15build1) 2.38
COMPILER_PATH=/usr/lib/gcc/arm-none-eabi/10.3.1/:/usr/lib/gcc/arm-none-eabi/10.3.1/:/usr/lib/gcc/arm-none-eabi/:/usr/lib/gcc/arm-none-eabi/10.3.1/:/usr/lib/gcc/arm-none-eabi/:/usr/lib/gcc/arm-none-eabi/10.3.1/../../../arm-none-eabi/bin/
LIBRARY_PATH=/usr/lib/gcc/arm-none-eabi/10.3.1/thumb/v6-m/nofp/:/usr/lib/gcc/arm-none-eabi/10.3.1/../../../arm-none-eabi/lib/thumb/v6-m/nofp/:/usr/lib/gcc/arm-none-eabi/10.3.1/:/usr/lib/gcc/arm-none-eabi/10.3.1/../../../arm-none-eabi/lib/
COLLECT_GCC_OPTIONS='-mcpu=cortex-m0plus' '-mthumb' '-v' '-o' 'CMakeFiles/cmTC_dda90.dir/CMakeCXXCompilerABI.cpp.obj' '-c' '-mfloat-abi=soft' '-mlibarch=armv6s-m' '-march=armv6s-m'
Linking CXX executable cmTC_dda90.elf
/usr/bin/cmake -E cmake_link_script CMakeFiles/cmTC_dda90.dir/link.txt --verbose=1
/usr/bin/arm-none-eabi-g++ -mcpu=cortex-m0plus -mthumb  -Wl,--build-id=none -nostdlib  -v CMakeFiles/cmTC_dda90.dir/CMakeCXXCompilerABI.cpp.obj -o cmTC_dda90.elf 
Using built-in specs.
COLLECT_GCC=/usr/bin/arm-none-eabi-g++
COLLECT_LTO_WRAPPER=/usr/lib/gcc/arm-none-eabi/10.3.1/lto-wrapper
Target: arm-none-eabi
Configured with: ../configure --build=x86_64-linux-gnu --prefix=/usr --includedir='/usr/lib/include' --mandir='/usr/lib/share/man' --infodir='/usr/lib/share/info' --sysconfdir=/etc --localstatedir=/var --disable-option-checking --disable-silent-rules --libdir='/usr/lib/lib/x86_64-linux-gnu' --libexecdir='/usr/lib/lib/x86_64-linux-gnu' --disable-maintainer-mode --disable-dependency-tracking --mandir=/usr/share/man --enable-languages=c,c++,lto --enable-multilib --disable-decimal-float --disable-libffi --disable-libgomp --disable-libmudflap --disable-libquadmath --disable-libssp --disable-libstdcxx-pch --disable-nls --disable-shared --disable-threads --enable-tls --build=x86_64-linux-gnu --target=arm-none-eabi --with-system-zlib --with-gnu-as --with-gnu-ld --with-pkgversion=15:10.3-2021.07-4 --without-included-gettext --prefix=/usr/lib --infodir=/usr/share/doc/gcc-arm-none-eabi/info --htmldir=/usr/share/doc/gcc-arm-none-eabi/html --pdfdir=/usr/share/doc/gcc-arm-none-eabi/pdf --bindir=/usr/bin --libexecdir=/usr/lib --libdir=/usr/lib --disable-libstdc++-v3 --host=x86_64-linux-gnu --with-headers=no --without-newlib --with-multilib-list=rmprofile,aprofile CFLAGS='-g -O2 -ffile-prefix-map=/build/gcc-arm-none-eabi-hYfgK4/gcc-arm-none-eabi-10.3-2021.07=. -flto=auto -ffat-lto-objects -fstack-protector-strong' CPPFLAGS='-Wdate-time -D_FORTIFY_SOURCE=2' CXXFLAGS='-g -O2 -ffile-prefix-map=/build/gcc-arm-none-eabi-hYfgK4/gcc-arm-none-eabi-10.3-2021.07=. -flto=auto -ffat-lto-objects -fstack-protector-strong' DFLAGS=-frelease FCFLAGS='-g -O2 -ffile-prefix-map=/build/gcc-arm-none-eabi-hYfgK4/gcc-arm-none-eabi-10.3-2021.07=. -flto=auto -ffat-lto-objects -fstack-protector-strong' FFLAGS='-g -O2 -ffile-prefix-map=/build/gcc-arm-none-eabi-hYfgK4/gcc-arm-none-eabi-10.3-2021.07=. -flto=auto -ffat-lto-objects -fstack-protector-strong' GCJFLAGS='-g -O2 -ffile-prefix-map=/build/gcc-arm-none-eabi-hYfgK4/gcc-arm-none-eabi-10.3-2021.07=. -fstack-protector-strong' LDFLAGS='-Wl,-Bsymbolic-functions -flto=auto -Wl,-z,relro' OBJCFLAGS='-g -O2 -ffile-prefix-map=/build/gcc-arm-none-eabi-hYfgK4/gcc-arm-none-eabi-10.3-2021.07=. -flto=auto -ffat-lto-objects -fstack-protector-strong' OBJCXXFLAGS='-g -O2 -ffile-prefix-map=/build/gcc-arm-none-eabi-hYfgK4/gcc-arm-none-eabi-10.3-2021.07=. -flto=auto -ffat-lto-objects -fstack-protector-strong' INHIBIT_LIBC_CFLAGS=-DUSE_TM_CLONE_REGISTRY=0 AR_FOR_TARGET=arm-none-eabi-ar AS_FOR_TARGET=arm-none-eabi-as LD_FOR_TARGET=arm-none-eabi-ld NM_FOR_TARGET=arm-none-eabi-nm OBJDUMP_FOR_TARGET=arm-none-eabi-objdump RANLIB_FOR_TARGET=arm-none-eabi-ranlib READELF_FOR_TARGET=arm-none-eabi-readelf STRIP_FOR_TARGET=arm-none-eabi-strip SED=/bin/sed SHELL=/bin/sh BASH=/bin/bash CONFIG_SHELL=/bin/bash
Thread model: single
Supported LTO compression algorithms: zlib
gcc version 10.3.1 20210621 (release) (15:10.3-2021.07-4) 
COMPILER_PATH=/usr/lib/gcc/arm-none-eabi/10.3.1/:/usr/lib/gcc/arm-none-eabi/10.3.1/:/usr/lib/gcc/arm-none-eabi/:/usr/lib/gcc/arm-none-eabi/10.3.1/:/usr/lib/gcc/arm-none-eabi/:/usr/lib/gcc/arm-none-eabi/10.3.1/../../../arm-none-eabi/bin/
LIBRARY_PATH=/usr/lib/gcc/arm-none-eabi/10.3.1/thumb/v6-m/nofp/:/usr/lib/gcc/arm-none-eabi/10.3.1/../../../arm-none-eabi/lib/thumb/v6-m/nofp/:/usr/lib/gcc/arm-none-eabi/10.3.1/:/usr/lib/gcc/arm-none-eabi/10.3.1/../../../arm-none-eabi/lib/
COLLECT_GCC_OPTIONS='-mcpu=cortex-m0plus' '-mthumb' '-nostdlib' '-v' '-o' 'cmTC_dda90.elf' '-mfloat-abi=soft' '-mlibarch=armv6s-m' '-march=armv6s-m'
 /usr/lib/gcc/arm-none-eabi/10.3.1/collect2 -plugin /usr/lib/gcc/arm-none-eabi/10.3.1/liblto_plugin.so -plugin-opt=/usr/lib/gcc/arm-none-eabi/10.3.1/lto-wrapper -plugin-opt=-fresolution=/tmp/cc964y67.res -X -o cmTC_dda90.elf -L/usr/lib/gcc/arm-none-eabi/10.3.1/thumb/v6-m/nofp -L/usr/lib/gcc/arm-none-eabi/10.3.1/../../../arm-none-eabi/lib/thumb/v6-m/nofp -L/usr/lib/gcc/arm-none-eabi/10.3.1 -L/usr/lib/gcc/arm-none-eabi/10.3.1/../../../arm-none-eabi/lib --build-id=none CMakeFiles/cmTC_dda90.dir/CMakeCXXCompilerABI.cpp.obj
/usr/lib/gcc/arm-none-eabi/10.3.1/../../../arm-none-eabi/bin/ld: warning: cannot find entry symbol _start; defaulting to 0000000000008000
COLLECT_GCC_OPTIONS='-mcpu=cortex-m0plus' '-mthumb' '-nostdlib' '-v' '-o' 'cmTC_dda90.elf' '-mfloat-abi=soft' '-mlibarch=armv6s-m' '-march=armv6s-m'
gmake[1]: Leaving directory '/home/pi/NN2022Code/SrcBoardFirmware/build/CMakeFiles/CMakeTmp'



Parsed CXX implicit include dir info from above output: rv=done
  found start of include info
  found start of implicit include info
    add: [/usr/lib/gcc/arm-none-eabi/10.3.1/../../../arm-none-eabi/include/c++/10.3.1]
    add: [/usr/lib/gcc/arm-none-eabi/10.3.1/../../../arm-none-eabi/include/c++/10.3.1/arm-none-eabi/thumb/v6-m/nofp]
    add: [/usr/lib/gcc/arm-none-eabi/10.3.1/../../../arm-none-eabi/include/c++/10.3.1/backward]
    add: [/usr/lib/gcc/arm-none-eabi/10.3.1/include]
    add: [/usr/lib/gcc/arm-none-eabi/10.3.1/include-fixed]
    add: [/usr/lib/gcc/arm-none-eabi/10.3.1/../../../arm-none-eabi/include]
  end of search list found
  collapse include dir [/usr/lib/gcc/arm-none-eabi/10.3.1/../../../arm-none-eabi/include/c++/10.3.1] ==> [/usr/lib/arm-none-eabi/include/c++/10.3.1]
  collapse include dir [/usr/lib/gcc/arm-none-eabi/10.3.1/../../../arm-none-eabi/include/c++/10.3.1/arm-none-eabi/thumb/v6-m/nofp] ==> [/usr/lib/arm-none-eabi/include/c++/10.3.1/arm-none-eabi/thumb/v6-m/nofp]
  collapse include dir [/usr/lib/gcc/arm-none-eabi/10.3.1/../../../arm-none-eabi/include/c++/10.3.1/backward] ==> [/usr/lib/arm-none-eabi/include/c++/10.3.1/backward]
  collapse include dir [/usr/lib/gcc/arm-none-eabi/10.3.1/include] ==> [/usr/lib/gcc/arm-none-eabi/10.3.1/include]
  collapse include dir [/usr/lib/gcc/arm-none-eabi/10.3.1/include-fixed] ==> [/usr/lib/gcc/arm-none-eabi/10.3.1/include-fixed]
  collapse include dir [/usr/lib/gcc/arm-none-eabi/10.3.1/../../../arm-none-eabi/include] ==> [/usr/lib/arm-none-eabi/include]
  implicit include dirs: [/usr/lib/arm-none-eabi/include/c++/10.3.1;/usr/lib/arm-none-eabi/include/c++/10.3.1/arm-none-eabi/thumb/v6-m/nofp;/usr/lib/arm-none-eabi/include/c++/10.3.1/backward;/usr/lib/gcc/arm-none-eabi/10.3.1/include;/usr/lib/gcc/arm-none-eabi/10.3.1/include-fixed;/usr/lib/arm-none-eabi/include]


Parsed CXX implicit link information from above output:
  link line regex: [^( *|.*[/\])(arm-none-eabi-ld|CMAKE_LINK_STARTFILE-NOTFOUND|([^/\]+-)?ld|collect2)[^/\]*( |$)]
  ignore line: [Change Dir: /home/pi/NN2022Code/SrcBoardFirmware/build/CMakeFiles/CMakeTmp]
  ignore line: []
  ignore line: [Run Build Command(s):/usr/bin/gmake -f Makefile cmTC_dda90/fast && /usr/bin/gmake  -f CMakeFiles/cmTC_dda90.dir/build.make CMakeFiles/cmTC_dda90.dir/build]
  ignore line: [gmake[1]: Entering directory '/home/pi/NN2022Code/SrcBoardFirmware/build/CMakeFiles/CMakeTmp']
  ignore line: [Building CXX object CMakeFiles/cmTC_dda90.dir/CMakeCXXCompilerABI.cpp.obj]
  ignore line: [/usr/bin/arm-none-eabi-g++   -mcpu=cortex-m0plus -mthumb    -v -o CMakeFiles/cmTC_dda90.dir/CMakeCXXCompilerABI.cpp.obj -c /usr/share/cmake-3.22/Modules/CMakeCXXCompilerABI.cpp]
  ignore line: [Using built-in specs.]
  ignore line: [COLLECT_GCC=/usr/bin/arm-none-eabi-g++]
  ignore line: [Target: arm-none-eabi]
  ignore line: [Configured with: ../configure --build=x86_64-linux-gnu --prefix=/usr --includedir='/usr/lib/include' --mandir='/usr/lib/share/man' --infodir='/usr/lib/share/info' --sysconfdir=/etc --localstatedir=/var --disable-option-checking --disable-silent-rules --libdir='/usr/lib/lib/x86_64-linux-gnu' --libexecdir='/usr/lib/lib/x86_64-linux-gnu' --disable-maintainer-mode --disable-dependency-tracking --mandir=/usr/share/man --enable-languages=c,c++,lto --enable-multilib --disable-decimal-float --disable-libffi --disable-libgomp --disable-libmudflap --disable-libquadmath --disable-libssp --disable-libstdcxx-pch --disable-nls --disable-shared --disable-threads --enable-tls --build=x86_64-linux-gnu --target=arm-none-eabi --with-system-zlib --with-gnu-as --with-gnu-ld --with-pkgversion=15:10.3-2021.07-4 --without-included-gettext --prefix=/usr/lib --infodir=/usr/share/doc/gcc-arm-none-eabi/info --htmldir=/usr/share/doc/gcc-arm-none-eabi/html --pdfdir=/usr/share/doc/gcc-arm-none-eabi/pdf --bindir=/usr/bin --libexecdir=/usr/lib --libdir=/usr/lib --disable-libstdc++-v3 --host=x86_64-linux-gnu --with-headers=no --without-newlib --with-multilib-list=rmprofile,aprofile CFLAGS='-g -O2 -ffile-prefix-map=/build/gcc-arm-none-eabi-hYfgK4/gcc-arm-none-eabi-10.3-2021.07=. -flto=auto -ffat-lto-objects -fstack-protector-strong' CPPFLAGS='-Wdate-time -D_FORTIFY_SOURCE=2' CXXFLAGS='-g -O2 -ffile-prefix-map=/build/gcc-arm-none-eabi-hYfgK4/gcc-arm-none-eabi-10.3-2021.07=. -flto=auto -ffat-lto-objects -fstack-protector-strong' DFLAGS=-frelease FCFLAGS='-g -O2 -ffile-prefix-map=/build/gcc-arm-none-eabi-hYfgK4/gcc-arm-none-eabi-10.3-2021.07=. -flto=auto -ffat-lto-objects -fstack-protector-strong' FFLAGS='-g -O2 -ffile-prefix-map=/build/gcc-arm-none-eabi-hYfgK4/gcc-arm-none-eabi-10.3-2021.07=. -flto=auto -ffat-lto-objects -fstack-protector-strong' GCJFLAGS='-g -O2 -ffile-prefix-map=/build/gcc-arm-none-eabi-hYfgK4/gcc-arm-none-eabi-10.3-2021.07=. -fstack-protector-strong' LDFLAGS='-Wl,-Bsymbolic-functions -flto=auto -Wl,-z,relro' OBJCFLAGS='-g -O2 -ffile-prefix-map=/build/gcc-arm-none-eabi-hYfgK4/gcc-arm-none-eabi-10.3-2021.07=. -flto=auto -ffat-lto-objects -fstack-protector-strong' OBJCXXFLAGS='-g -O2 -ffile-prefix-map=/build/gcc-arm-none-eabi-hYfgK4/gcc-arm-none-eabi-10.3-2021.07=. -flto=auto -ffat-lto-objects -fstack-protector-strong' INHIBIT_LIBC_CFLAGS=-DUSE_TM_CLONE_REGISTRY=0 AR_FOR_TARGET=arm-none-eabi-ar AS_FOR_TARGET=arm-none-eabi-as LD_FOR_TARGET=arm-none-eabi-ld NM_FOR_TARGET=arm-none-eabi-nm OBJDUMP_FOR_TARGET=arm-none-eabi-objdump RANLIB_FOR_TARGET=arm-none-eabi-ranlib READELF_FOR_TARGET=arm-none-eabi-readelf STRIP_FOR_TARGET=arm-none-eabi-strip SED=/bin/sed SHELL=/bin/sh BASH=/bin/bash CONFIG_SHELL=/bin/bash]
  ignore line: [Thread model: single]
  ignore line: [Supported LTO compression algorithms: zlib]
  ignore line: [gcc version 10.3.1 20210621 (release) (15:10.3-2021.07-4) ]
  ignore line: [COLLECT_GCC_OPTIONS='-mcpu=cortex-m0plus' '-mthumb' '-v' '-o' 'CMakeFiles/cmTC_dda90.dir/CMakeCXXCompilerABI.cpp.obj' '-c' '-mfloat-abi=soft' '-mlibarch=armv6s-m' '-march=armv6s-m']
  ignore line: [ /usr/lib/gcc/arm-none-eabi/10.3.1/cc1plus -quiet -v -imultilib thumb/v6-m/nofp -D__USES_INITFINI__ /usr/share/cmake-3.22/Modules/CMakeCXXCompilerABI.cpp -quiet -dumpbase CMakeCXXCompilerABI.cpp -mcpu=cortex-m0plus -mthumb -mfloat-abi=soft -mlibarch=armv6s-m -march=armv6s-m -auxbase-strip CMakeFiles/cmTC_dda90.dir/CMakeCXXCompilerABI.cpp.obj -version -o /tmp/cc76MQBi.s]
  ignore line: [GNU C++14 (15:10.3-2021.07-4) version 10.3.1 20210621 (release) (arm-none-eabi)]
  ignore line: [	compiled by GNU C version 11.2.0  GMP version 6.2.1  MPFR version 4.1.0  MPC version 1.2.1  isl version isl-0.24-GMP]
  ignore line: []
  ignore line: [GGC heuristics: --param ggc-min-expand=100 --param ggc-min-heapsize=131072]
  ignore line: [ignoring nonexistent directory "/usr/lib/gcc/arm-none-eabi/10.3.1/../../../arm-none-eabi/sys-include"]
  ignore line: [#include "..." search starts here:]
  ignore line: [#include <...> search starts here:]
  ignore line: [ /usr/lib/gcc/arm-none-eabi/10.3.1/../../../arm-none-eabi/include/c++/10.3.1]
  ignore line: [ /usr/lib/gcc/arm-none-eabi/10.3.1/../../../arm-none-eabi/include/c++/10.3.1/arm-none-eabi/thumb/v6-m/nofp]
  ignore line: [ /usr/lib/gcc/arm-none-eabi/10.3.1/../../../arm-none-eabi/include/c++/10.3.1/backward]
  ignore line: [ /usr/lib/gcc/arm-none-eabi/10.3.1/include]
  ignore line: [ /usr/lib/gcc/arm-none-eabi/10.3.1/include-fixed]
  ignore line: [ /usr/lib/gcc/arm-none-eabi/10.3.1/../../../arm-none-eabi/include]
  ignore line: [End of search list.]
  ignore line: [GNU C++14 (15:10.3-2021.07-4) version 10.3.1 20210621 (release) (arm-none-eabi)]
  ignore line: [	compiled by GNU C version 11.2.0  GMP version 6.2.1  MPFR version 4.1.0  MPC version 1.2.1  isl version isl-0.24-GMP]
  ignore line: []
  ignore line: [GGC heuristics: --param ggc-min-expand=100 --param ggc-min-heapsize=131072]
  ignore line: [Compiler executable checksum: 4f994585a8ca8864fa1f4d2fb208a0ba]
  ignore line: [COLLECT_GCC_OPTIONS='-mcpu=cortex-m0plus' '-mthumb' '-v' '-o' 'CMakeFiles/cmTC_dda90.dir/CMakeCXXCompilerABI.cpp.obj' '-c' '-mfloat-abi=soft' '-mlibarch=armv6s-m' '-march=armv6s-m']
  ignore line: [ /usr/lib/gcc/arm-none-eabi/10.3.1/../../../arm-none-eabi/bin/as -v -march=armv6s-m -mfloat-abi=soft -meabi=5 -o CMakeFiles/cmTC_dda90.dir/CMakeCXXCompilerABI.cpp.obj /tmp/cc76MQBi.s]
  ignore line: [GNU assembler version 2.38 (arm-none-eabi) using BFD version (2.38-3ubuntu1+15build1) 2.38]
  ignore line: [COMPILER_PATH=/usr/lib/gcc/arm-none-eabi/10.3.1/:/usr/lib/gcc/arm-none-eabi/10.3.1/:/usr/lib/gcc/arm-none-eabi/:/usr/lib/gcc/arm-none-eabi/10.3.1/:/usr/lib/gcc/arm-none-eabi/:/usr/lib/gcc/arm-none-eabi/10.3.1/../../../arm-none-eabi/bin/]
  ignore line: [LIBRARY_PATH=/usr/lib/gcc/arm-none-eabi/10.3.1/thumb/v6-m/nofp/:/usr/lib/gcc/arm-none-eabi/10.3.1/../../../arm-none-eabi/lib/thumb/v6-m/nofp/:/usr/lib/gcc/arm-none-eabi/10.3.1/:/usr/lib/gcc/arm-none-eabi/10.3.1/../../../arm-none-eabi/lib/]
  ignore line: [COLLECT_GCC_OPTIONS='-mcpu=cortex-m0plus' '-mthumb' '-v' '-o' 'CMakeFiles/cmTC_dda90.dir/CMakeCXXCompilerABI.cpp.obj' '-c' '-mfloat-abi=soft' '-mlibarch=armv6s-m' '-march=armv6s-m']
  ignore line: [Linking CXX executable cmTC_dda90.elf]
  ignore line: [/usr/bin/cmake -E cmake_link_script CMakeFiles/cmTC_dda90.dir/link.txt --verbose=1]
  ignore line: [/usr/bin/arm-none-eabi-g++ -mcpu=cortex-m0plus -mthumb  -Wl --build-id=none -nostdlib  -v CMakeFiles/cmTC_dda90.dir/CMakeCXXCompilerABI.cpp.obj -o cmTC_dda90.elf ]
  ignore line: [Using built-in specs.]
  ignore line: [COLLECT_GCC=/usr/bin/arm-none-eabi-g++]
  ignore line: [COLLECT_LTO_WRAPPER=/usr/lib/gcc/arm-none-eabi/10.3.1/lto-wrapper]
  ignore line: [Target: arm-none-eabi]
  ignore line: [Configured with: ../configure --build=x86_64-linux-gnu --prefix=/usr --includedir='/usr/lib/include' --mandir='/usr/lib/share/man' --infodir='/usr/lib/share/info' --sysconfdir=/etc --localstatedir=/var --disable-option-checking --disable-silent-rules --libdir='/usr/lib/lib/x86_64-linux-gnu' --libexecdir='/usr/lib/lib/x86_64-linux-gnu' --disable-maintainer-mode --disable-dependency-tracking --mandir=/usr/share/man --enable-languages=c,c++,lto --enable-multilib --disable-decimal-float --disable-libffi --disable-libgomp --disable-libmudflap --disable-libquadmath --disable-libssp --disable-libstdcxx-pch --disable-nls --disable-shared --disable-threads --enable-tls --build=x86_64-linux-gnu --target=arm-none-eabi --with-system-zlib --with-gnu-as --with-gnu-ld --with-pkgversion=15:10.3-2021.07-4 --without-included-gettext --prefix=/usr/lib --infodir=/usr/share/doc/gcc-arm-none-eabi/info --htmldir=/usr/share/doc/gcc-arm-none-eabi/html --pdfdir=/usr/share/doc/gcc-arm-none-eabi/pdf --bindir=/usr/bin --libexecdir=/usr/lib --libdir=/usr/lib --disable-libstdc++-v3 --host=x86_64-linux-gnu --with-headers=no --without-newlib --with-multilib-list=rmprofile,aprofile CFLAGS='-g -O2 -ffile-prefix-map=/build/gcc-arm-none-eabi-hYfgK4/gcc-arm-none-eabi-10.3-2021.07=. -flto=auto -ffat-lto-objects -fstack-protector-strong' CPPFLAGS='-Wdate-time -D_FORTIFY_SOURCE=2' CXXFLAGS='-g -O2 -ffile-prefix-map=/build/gcc-arm-none-eabi-hYfgK4/gcc-arm-none-eabi-10.3-2021.07=. -flto=auto -ffat-lto-objects -fstack-protector-strong' DFLAGS=-frelease FCFLAGS='-g -O2 -ffile-prefix-map=/build/gcc-arm-none-eabi-hYfgK4/gcc-arm-none-eabi-10.3-2021.07=. -flto=auto -ffat-lto-objects -fstack-protector-strong' FFLAGS='-g -O2 -ffile-prefix-map=/build/gcc-arm-none-eabi-hYfgK4/gcc-arm-none-eabi-10.3-2021.07=. -flto=auto -ffat-lto-objects -fstack-protector-strong' GCJFLAGS='-g -O2 -ffile-prefix-map=/build/gcc-arm-none-eabi-hYfgK4/gcc-arm-none-eabi-10.3-2021.07=. -fstack-protector-strong' LDFLAGS='-Wl,-Bsymbolic-functions -flto=auto -Wl,-z,relro' OBJCFLAGS='-g -O2 -ffile-prefix-map=/build/gcc-arm-none-eabi-hYfgK4/gcc-arm-none-eabi-10.3-2021.07=. -flto=auto -ffat-lto-objects -fstack-protector-strong' OBJCXXFLAGS='-g -O2 -ffile-prefix-map=/build/gcc-arm-none-eabi-hYfgK4/gcc-arm-none-eabi-10.3-2021.07=. -flto=auto -ffat-lto-objects -fstack-protector-strong' INHIBIT_LIBC_CFLAGS=-DUSE_TM_CLONE_REGISTRY=0 AR_FOR_TARGET=arm-none-eabi-ar AS_FOR_TARGET=arm-none-eabi-as LD_FOR_TARGET=arm-none-eabi-ld NM_FOR_TARGET=arm-none-eabi-nm OBJDUMP_FOR_TARGET=arm-none-eabi-objdump RANLIB_FOR_TARGET=arm-none-eabi-ranlib READELF_FOR_TARGET=arm-none-eabi-readelf STRIP_FOR_TARGET=arm-none-eabi-strip SED=/bin/sed SHELL=/bin/sh BASH=/bin/bash CONFIG_SHELL=/bin/bash]
  ignore line: [Thread model: single]
  ignore line: [Supported LTO compression algorithms: zlib]
  ignore line: [gcc version 10.3.1 20210621 (release) (15:10.3-2021.07-4) ]
  ignore line: [COMPILER_PATH=/usr/lib/gcc/arm-none-eabi/10.3.1/:/usr/lib/gcc/arm-none-eabi/10.3.1/:/usr/lib/gcc/arm-none-eabi/:/usr/lib/gcc/arm-none-eabi/10.3.1/:/usr/lib/gcc/arm-none-eabi/:/usr/lib/gcc/arm-none-eabi/10.3.1/../../../arm-none-eabi/bin/]
  ignore line: [LIBRARY_PATH=/usr/lib/gcc/arm-none-eabi/10.3.1/thumb/v6-m/nofp/:/usr/lib/gcc/arm-none-eabi/10.3.1/../../../arm-none-eabi/lib/thumb/v6-m/nofp/:/usr/lib/gcc/arm-none-eabi/10.3.1/:/usr/lib/gcc/arm-none-eabi/10.3.1/../../../arm-none-eabi/lib/]
  ignore line: [COLLECT_GCC_OPTIONS='-mcpu=cortex-m0plus' '-mthumb' '-nostdlib' '-v' '-o' 'cmTC_dda90.elf' '-mfloat-abi=soft' '-mlibarch=armv6s-m' '-march=armv6s-m']
  link line: [ /usr/lib/gcc/arm-none-eabi/10.3.1/collect2 -plugin /usr/lib/gcc/arm-none-eabi/10.3.1/liblto_plugin.so -plugin-opt=/usr/lib/gcc/arm-none-eabi/10.3.1/lto-wrapper -plugin-opt=-fresolution=/tmp/cc964y67.res -X -o cmTC_dda90.elf -L/usr/lib/gcc/arm-none-eabi/10.3.1/thumb/v6-m/nofp -L/usr/lib/gcc/arm-none-eabi/10.3.1/../../../arm-none-eabi/lib/thumb/v6-m/nofp -L/usr/lib/gcc/arm-none-eabi/10.3.1 -L/usr/lib/gcc/arm-none-eabi/10.3.1/../../../arm-none-eabi/lib --build-id=none CMakeFiles/cmTC_dda90.dir/CMakeCXXCompilerABI.cpp.obj]
    arg [/usr/lib/gcc/arm-none-eabi/10.3.1/collect2] ==> ignore
    arg [-plugin] ==> ignore
    arg [/usr/lib/gcc/arm-none-eabi/10.3.1/liblto_plugin.so] ==> ignore
    arg [-plugin-opt=/usr/lib/gcc/arm-none-eabi/10.3.1/lto-wrapper] ==> ignore
    arg [-plugin-opt=-fresolution=/tmp/cc964y67.res] ==> ignore
    arg [-X] ==> ignore
    arg [-o] ==> ignore
    arg [cmTC_dda90.elf] ==> ignore
    arg [-L/usr/lib/gcc/arm-none-eabi/10.3.1/thumb/v6-m/nofp] ==> dir [/usr/lib/gcc/arm-none-eabi/10.3.1/thumb/v6-m/nofp]
    arg [-L/usr/lib/gcc/arm-none-eabi/10.3.1/../../../arm-none-eabi/lib/thumb/v6-m/nofp] ==> dir [/usr/lib/gcc/arm-none-eabi/10.3.1/../../../arm-none-eabi/lib/thumb/v6-m/nofp]
    arg [-L/usr/lib/gcc/arm-none-eabi/10.3.1] ==> dir [/usr/lib/gcc/arm-none-eabi/10.3.1]
    arg [-L/usr/lib/gcc/arm-none-eabi/10.3.1/../../../arm-none-eabi/lib] ==> dir [/usr/lib/gcc/arm-none-eabi/10.3.1/../../../arm-none-eabi/lib]
    arg [--build-id=none] ==> ignore
    arg [CMakeFiles/cmTC_dda90.dir/CMakeCXXCompilerABI.cpp.obj] ==> ignore
  collapse library dir [/usr/lib/gcc/arm-none-eabi/10.3.1/thumb/v6-m/nofp] ==> [/usr/lib/gcc/arm-none-eabi/10.3.1/thumb/v6-m/nofp]
  collapse library dir [/usr/lib/gcc/arm-none-eabi/10.3.1/../../../arm-none-eabi/lib/thumb/v6-m/nofp] ==> [/usr/lib/arm-none-eabi/lib/thumb/v6-m/nofp]
  collapse library dir [/usr/lib/gcc/arm-none-eabi/10.3.1] ==> [/usr/lib/gcc/arm-none-eabi/10.3.1]
  collapse library dir [/usr/lib/gcc/arm-none-eabi/10.3.1/../../../arm-none-eabi/lib] ==> [/usr/lib/arm-none-eabi/lib]
  implicit libs: []
  implicit objs: []
  implicit dirs: [/usr/lib/gcc/arm-none-eabi/10.3.1/thumb/v6-m/nofp;/usr/lib/arm-none-eabi/lib/thumb/v6-m/nofp;/usr/lib/gcc/arm-none-eabi/10.3.1;/usr/lib/arm-none-eabi/lib]
  implicit fwks: []


The target system is: PICO -  - cortex-m0plus
The host system is: Linux - 6.8.0-47-generic - x86_64
Compiling the C compiler identification source file "CMakeCCompilerId.c" succeeded.
Compiler: /usr/bin/arm-none-eabi-gcc 
Build flags: ;-mcpu=cortex-m0plus;-mthumb
Id flags: -c 

The output was:
0


Compilation of the C compiler identification source "CMakeCCompilerId.c" produced "CMakeCCompilerId.o"

The C compiler identification is GNU, found in "/home/pi/NN2022Code/SrcBoardFirmware/build/CMakeFiles/3.22.1/CompilerIdC/CMakeCCompilerId.o"

Compiling the CXX compiler identification source file "CMakeCXXCompilerId.cpp" succeeded.
Compiler: /usr/bin/arm-none-eabi-g++ 
Build flags: ;-mcpu=cortex-m0plus;-mthumb
Id flags: -c 

The output was:
0


Compilation of the CXX compiler identification source "CMakeCXXCompilerId.cpp" produced "CMakeCXXCompilerId.o"

The CXX compiler identification is GNU, found in "/home/pi/NN2022Code/SrcBoardFirmware/build/CMakeFiles/3.22.1/CompilerIdCXX/CMakeCXXCompilerId.o"

Checking whether the ASM compiler is GNU using "--version" matched "(GNU assembler)|(GCC)|(Free Software Foundation)":
arm-none-eabi-gcc (15:10.3-2021.07-4) 10.3.1 20210621 (release)
Copyright (C) 2020 Free Software Foundation, Inc.
This is free software; see the source for copying conditions.  There is NO
warranty; not even for MERCHANTABILITY or FITNESS FOR A PARTICULAR PURPOSE.

Detecting C compiler ABI info compiled with the following output:
Change Dir: /home/pi/NN2022Code/SrcBoardFirmware/build/CMakeFiles/CMakeTmp

Run Build Command(s):/usr/bin/gmake -f Makefile cmTC_b70e9/fast && /usr/bin/gmake  -f CMakeFiles/cmTC_b70e9.dir/build.make CMakeFiles/cmTC_b70e9.dir/build
gmake[1]: Entering directory '/home/pi/NN2022Code/SrcBoardFirmware/build/CMakeFiles/CMakeTmp'
Building C object CMakeFiles/cmTC_b70e9.dir/CMakeCCompilerABI.c.obj
/usr/bin/arm-none-eabi-gcc   -mcpu=cortex-m0plus -mthumb    -v -o CMakeFiles/cmTC_b70e9.dir/CMakeCCompilerABI.c.obj -c /usr/share/cmake-3.22/Modules/CMakeCCompilerABI.c
Using built-in specs.
COLLECT_GCC=/usr/bin/arm-none-eabi-gcc
Target: arm-none-eabi
Configured with: ../configure --build=x86_64-linux-gnu --prefix=/usr --includedir='/usr/lib/include' --mandir='/usr/lib/share/man' --infodir='/usr/lib/share/info' --sysconfdir=/etc --localstatedir=/var --disable-option-checking --disable-silent-rules --libdir='/usr/lib/lib/x86_64-linux-gnu' --libexecdir='/usr/lib/lib/x86_64-linux-gnu' --disable-maintainer-mode --disable-dependency-tracking --mandir=/usr/share/man --enable-languages=c,c++,lto --enable-multilib --disable-decimal-float --disable-libffi --disable-libgomp --disable-libmudflap --disable-libquadmath --disable-libssp --disable-libstdcxx-pch --disable-nls --disable-shared --disable-threads --enable-tls --build=x86_64-linux-gnu --target=arm-none-eabi --with-system-zlib --with-gnu-as --with-gnu-ld --with-pkgversion=15:10.3-2021.07-4 --without-included-gettext --prefix=/usr/lib --infodir=/usr/share/doc/gcc-arm-none-eabi/info --htmldir=/usr/share/doc/gcc-arm-none-eabi/html --pdfdir=/usr/share/doc/gcc-arm-none-eabi/pdf --bindir=/usr/bin --libexecdir=/usr/lib --libdir=/usr/lib --disable-libstdc++-v3 --host=x86_64-linux-gnu --with-headers=no --without-newlib --with-multilib-list=rmprofile,aprofile CFLAGS='-g -O2 -ffile-prefix-map=/build/gcc-arm-none-eabi-hYfgK4/gcc-arm-none-eabi-10.3-2021.07=. -flto=auto -ffat-lto-objects -fstack-protector-strong' CPPFLAGS='-Wdate-time -D_FORTIFY_SOURCE=2' CXXFLAGS='-g -O2 -ffile-prefix-map=/build/gcc-arm-none-eabi-hYfgK4/gcc-arm-none-eabi-10.3-2021.07=. -flto=auto -ffat-lto-objects -fstack-protector-strong' DFLAGS=-frelease FCFLAGS='-g -O2 -ffile-prefix-map=/build/gcc-arm-none-eabi-hYfgK4/gcc-arm-none-eabi-10.3-2021.07=. -flto=auto -ffat-lto-objects -fstack-protector-strong' FFLAGS='-g -O2 -ffile-prefix-map=/build/gcc-arm-none-eabi-hYfgK4/gcc-arm-none-eabi-10.3-2021.07=. -flto=auto -ffat-lto-objects -fstack-protector-strong' GCJFLAGS='-g -O2 -ffile-prefix-map=/build/gcc-arm-none-eabi-hYfgK4/gcc-arm-none-eabi-10.3-2021.07=. -fstack-protector-strong' LDFLAGS='-Wl,-Bsymbolic-functions -flto=auto -Wl,-z,relro' OBJCFLAGS='-g -O2 -ffile-prefix-map=/build/gcc-arm-none-eabi-hYfgK4/gcc-arm-none-eabi-10.3-2021.07=. -flto=auto -ffat-lto-objects -fstack-protector-strong' OBJCXXFLAGS='-g -O2 -ffile-prefix-map=/build/gcc-arm-none-eabi-hYfgK4/gcc-arm-none-eabi-10.3-2021.07=. -flto=auto -ffat-lto-objects -fstack-protector-strong' INHIBIT_LIBC_CFLAGS=-DUSE_TM_CLONE_REGISTRY=0 AR_FOR_TARGET=arm-none-eabi-ar AS_FOR_TARGET=arm-none-eabi-as LD_FOR_TARGET=arm-none-eabi-ld NM_FOR_TARGET=arm-none-eabi-nm OBJDUMP_FOR_TARGET=arm-none-eabi-objdump RANLIB_FOR_TARGET=arm-none-eabi-ranlib READELF_FOR_TARGET=arm-none-eabi-readelf STRIP_FOR_TARGET=arm-none-eabi-strip SED=/bin/sed SHELL=/bin/sh BASH=/bin/bash CONFIG_SHELL=/bin/bash
Thread model: single
Supported LTO compression algorithms: zlib
gcc version 10.3.1 20210621 (release) (15:10.3-2021.07-4) 
COLLECT_GCC_OPTIONS='-mcpu=cortex-m0plus' '-mthumb' '-v' '-o' 'CMakeFiles/cmTC_b70e9.dir/CMakeCCompilerABI.c.obj' '-c' '-mfloat-abi=soft' '-mlibarch=armv6s-m' '-march=armv6s-m'
 /usr/lib/gcc/arm-none-eabi/10.3.1/cc1 -quiet -v -imultilib thumb/v6-m/nofp -D__USES_INITFINI__ /usr/share/cmake-3.22/Modules/CMakeCCompilerABI.c -quiet -dumpbase CMakeCCompilerABI.c -mcpu=cortex-m0plus -mthumb -mfloat-abi=soft -mlibarch=armv6s-m -march=armv6s-m -auxbase-strip CMakeFiles/cmTC_b70e9.dir/CMakeCCompilerABI.c.obj -version -o /tmp/ccYMDVDH.s
GNU C17 (15:10.3-2021.07-4) version 10.3.1 20210621 (release) (arm-none-eabi)
	compiled by GNU C version 11.2.0, GMP version 6.2.1, MPFR version 4.1.0, MPC version 1.2.1, isl version isl-0.24-GMP

GGC heuristics: --param ggc-min-expand=100 --param ggc-min-heapsize=131072
ignoring nonexistent directory "/usr/lib/gcc/arm-none-eabi/10.3.1/../../../arm-none-eabi/sys-include"
#include "..." search starts here:
#include <...> search starts here:
 /usr/lib/gcc/arm-none-eabi/10.3.1/include
 /usr/lib/gcc/arm-none-eabi/10.3.1/include-fixed
 /usr/lib/gcc/arm-none-eabi/10.3.1/../../../arm-none-eabi/include
End of search list.
GNU C17 (15:10.3-2021.07-4) version 10.3.1 20210621 (release) (arm-none-eabi)
	compiled by GNU C version 11.2.0, GMP version 6.2.1, MPFR version 4.1.0, MPC version 1.2.1, isl version isl-0.24-GMP

GGC heuristics: --param ggc-min-expand=100 --param ggc-min-heapsize=131072
Compiler executable checksum: 4cf7574ae54eb0935abb4a8c56f8bcfe
COLLECT_GCC_OPTIONS='-mcpu=cortex-m0plus' '-mthumb' '-v' '-o' 'CMakeFiles/cmTC_b70e9.dir/CMakeCCompilerABI.c.obj' '-c' '-mfloat-abi=soft' '-mlibarch=armv6s-m' '-march=armv6s-m'
 /usr/lib/gcc/arm-none-eabi/10.3.1/../../../arm-none-eabi/bin/as -v -march=armv6s-m -mfloat-abi=soft -meabi=5 -o CMakeFiles/cmTC_b70e9.dir/CMakeCCompilerABI.c.obj /tmp/ccYMDVDH.s
GNU assembler version 2.38 (arm-none-eabi) using BFD version (2.38-3ubuntu1+15build1) 2.38
COMPILER_PATH=/usr/lib/gcc/arm-none-eabi/10.3.1/:/usr/lib/gcc/arm-none-eabi/10.3.1/:/usr/lib/gcc/arm-none-eabi/:/usr/lib/gcc/arm-none-eabi/10.3.1/:/usr/lib/gcc/arm-none-eabi/:/usr/lib/gcc/arm-none-eabi/10.3.1/../../../arm-none-eabi/bin/
LIBRARY_PATH=/usr/lib/gcc/arm-none-eabi/10.3.1/thumb/v6-m/nofp/:/usr/lib/gcc/arm-none-eabi/10.3.1/../../../arm-none-eabi/lib/thumb/v6-m/nofp/:/usr/lib/gcc/arm-none-eabi/10.3.1/:/usr/lib/gcc/arm-none-eabi/10.3.1/../../../arm-none-eabi/lib/
COLLECT_GCC_OPTIONS='-mcpu=cortex-m0plus' '-mthumb' '-v' '-o' 'CMakeFiles/cmTC_b70e9.dir/CMakeCCompilerABI.c.obj' '-c' '-mfloat-abi=soft' '-mlibarch=armv6s-m' '-march=armv6s-m'
Linking C executable cmTC_b70e9.elf
/usr/bin/cmake -E cmake_link_script CMakeFiles/cmTC_b70e9.dir/link.txt --verbose=1
/usr/bin/arm-none-eabi-gcc -mcpu=cortex-m0plus -mthumb  -Wl,--build-id=none -nostdlib  -v CMakeFiles/cmTC_b70e9.dir/CMakeCCompilerABI.c.obj -o cmTC_b70e9.elf 
Using built-in specs.
COLLECT_GCC=/usr/bin/arm-none-eabi-gcc
COLLECT_LTO_WRAPPER=/usr/lib/gcc/arm-none-eabi/10.3.1/lto-wrapper
Target: arm-none-eabi
Configured with: ../configure --build=x86_64-linux-gnu --prefix=/usr --includedir='/usr/lib/include' --mandir='/usr/lib/share/man' --infodir='/usr/lib/share/info' --sysconfdir=/etc --localstatedir=/var --disable-option-checking --disable-silent-rules --libdir='/usr/lib/lib/x86_64-linux-gnu' --libexecdir='/usr/lib/lib/x86_64-linux-gnu' --disable-maintainer-mode --disable-dependency-tracking --mandir=/usr/share/man --enable-languages=c,c++,lto --enable-multilib --disable-decimal-float --disable-libffi --disable-libgomp --disable-libmudflap --disable-libquadmath --disable-libssp --disable-libstdcxx-pch --disable-nls --disable-shared --disable-threads --enable-tls --build=x86_64-linux-gnu --target=arm-none-eabi --with-system-zlib --with-gnu-as --with-gnu-ld --with-pkgversion=15:10.3-2021.07-4 --without-included-gettext --prefix=/usr/lib --infodir=/usr/share/doc/gcc-arm-none-eabi/info --htmldir=/usr/share/doc/gcc-arm-none-eabi/html --pdfdir=/usr/share/doc/gcc-arm-none-eabi/pdf --bindir=/usr/bin --libexecdir=/usr/lib --libdir=/usr/lib --disable-libstdc++-v3 --host=x86_64-linux-gnu --with-headers=no --without-newlib --with-multilib-list=rmprofile,aprofile CFLAGS='-g -O2 -ffile-prefix-map=/build/gcc-arm-none-eabi-hYfgK4/gcc-arm-none-eabi-10.3-2021.07=. -flto=auto -ffat-lto-objects -fstack-protector-strong' CPPFLAGS='-Wdate-time -D_FORTIFY_SOURCE=2' CXXFLAGS='-g -O2 -ffile-prefix-map=/build/gcc-arm-none-eabi-hYfgK4/gcc-arm-none-eabi-10.3-2021.07=. -flto=auto -ffat-lto-objects -fstack-protector-strong' DFLAGS=-frelease FCFLAGS='-g -O2 -ffile-prefix-map=/build/gcc-arm-none-eabi-hYfgK4/gcc-arm-none-eabi-10.3-2021.07=. -flto=auto -ffat-lto-objects -fstack-protector-strong' FFLAGS='-g -O2 -ffile-prefix-map=/build/gcc-arm-none-eabi-hYfgK4/gcc-arm-none-eabi-10.3-2021.07=. -flto=auto -ffat-lto-objects -fstack-protector-strong' GCJFLAGS='-g -O2 -ffile-prefix-map=/build/gcc-arm-none-eabi-hYfgK4/gcc-arm-none-eabi-10.3-2021.07=. -fstack-protector-strong' LDFLAGS='-Wl,-Bsymbolic-functions -flto=auto -Wl,-z,relro' OBJCFLAGS='-g -O2 -ffile-prefix-map=/build/gcc-arm-none-eabi-hYfgK4/gcc-arm-none-eabi-10.3-2021.07=. -flto=auto -ffat-lto-objects -fstack-protector-strong' OBJCXXFLAGS='-g -O2 -ffile-prefix-map=/build/gcc-arm-none-eabi-hYfgK4/gcc-arm-none-eabi-10.3-2021.07=. -flto=auto -ffat-lto-objects -fstack-protector-strong' INHIBIT_LIBC_CFLAGS=-DUSE_TM_CLONE_REGISTRY=0 AR_FOR_TARGET=arm-none-eabi-ar AS_FOR_TARGET=arm-none-eabi-as LD_FOR_TARGET=arm-none-eabi-ld NM_FOR_TARGET=arm-none-eabi-nm OBJDUMP_FOR_TARGET=arm-none-eabi-objdump RANLIB_FOR_TARGET=arm-none-eabi-ranlib READELF_FOR_TARGET=arm-none-eabi-readelf STRIP_FOR_TARGET=arm-none-eabi-strip SED=/bin/sed SHELL=/bin/sh BASH=/bin/bash CONFIG_SHELL=/bin/bash
Thread model: single
Supported LTO compression algorithms: zlib
gcc version 10.3.1 20210621 (release) (15:10.3-2021.07-4) 
COMPILER_PATH=/usr/lib/gcc/arm-none-eabi/10.3.1/:/usr/lib/gcc/arm-none-eabi/10.3.1/:/usr/lib/gcc/arm-none-eabi/:/usr/lib/gcc/arm-none-eabi/10.3.1/:/usr/lib/gcc/arm-none-eabi/:/usr/lib/gcc/arm-none-eabi/10.3.1/../../../arm-none-eabi/bin/
LIBRARY_PATH=/usr/lib/gcc/arm-none-eabi/10.3.1/thumb/v6-m/nofp/:/usr/lib/gcc/arm-none-eabi/10.3.1/../../../arm-none-eabi/lib/thumb/v6-m/nofp/:/usr/lib/gcc/arm-none-eabi/10.3.1/:/usr/lib/gcc/arm-none-eabi/10.3.1/../../../arm-none-eabi/lib/
COLLECT_GCC_OPTIONS='-mcpu=cortex-m0plus' '-mthumb' '-nostdlib' '-v' '-o' 'cmTC_b70e9.elf' '-mfloat-abi=soft' '-mlibarch=armv6s-m' '-march=armv6s-m'
 /usr/lib/gcc/arm-none-eabi/10.3.1/collect2 -plugin /usr/lib/gcc/arm-none-eabi/10.3.1/liblto_plugin.so -plugin-opt=/usr/lib/gcc/arm-none-eabi/10.3.1/lto-wrapper -plugin-opt=-fresolution=/tmp/ccedkcZ5.res -X -o cmTC_b70e9.elf -L/usr/lib/gcc/arm-none-eabi/10.3.1/thumb/v6-m/nofp -L/usr/lib/gcc/arm-none-eabi/10.3.1/../../../arm-none-eabi/lib/thumb/v6-m/nofp -L/usr/lib/gcc/arm-none-eabi/10.3.1 -L/usr/lib/gcc/arm-none-eabi/10.3.1/../../../arm-none-eabi/lib --build-id=none CMakeFiles/cmTC_b70e9.dir/CMakeCCompilerABI.c.obj
/usr/lib/gcc/arm-none-eabi/10.3.1/../../../arm-none-eabi/bin/ld: warning: cannot find entry symbol _start; defaulting to 0000000000008000
COLLECT_GCC_OPTIONS='-mcpu=cortex-m0plus' '-mthumb' '-nostdlib' '-v' '-o' 'cmTC_b70e9.elf' '-mfloat-abi=soft' '-mlibarch=armv6s-m' '-march=armv6s-m'
gmake[1]: Leaving directory '/home/pi/NN2022Code/SrcBoardFirmware/build/CMakeFiles/CMakeTmp'



Parsed C implicit include dir info from above output: rv=done
  found start of include info
  found start of implicit include info
    add: [/usr/lib/gcc/arm-none-eabi/10.3.1/include]
    add: [/usr/lib/gcc/arm-none-eabi/10.3.1/include-fixed]
    add: [/usr/lib/gcc/arm-none-eabi/10.3.1/../../../arm-none-eabi/include]
  end of search list found
  collapse include dir [/usr/lib/gcc/arm-none-eabi/10.3.1/include] ==> [/usr/lib/gcc/arm-none-eabi/10.3.1/include]
  collapse include dir [/usr/lib/gcc/arm-none-eabi/10.3.1/include-fixed] ==> [/usr/lib/gcc/arm-none-eabi/10.3.1/include-fixed]
  collapse include dir [/usr/lib/gcc/arm-none-eabi/10.3.1/../../../arm-none-eabi/include] ==> [/usr/lib/arm-none-eabi/include]
  implicit include dirs: [/usr/lib/gcc/arm-none-eabi/10.3.1/include;/usr/lib/gcc/arm-none-eabi/10.3.1/include-fixed;/usr/lib/arm-none-eabi/include]


Parsed C implicit link information from above output:
  link line regex: [^( *|.*[/\])(arm-none-eabi-ld|CMAKE_LINK_STARTFILE-NOTFOUND|([^/\]+-)?ld|collect2)[^/\]*( |$)]
  ignore line: [Change Dir: /home/pi/NN2022Code/SrcBoardFirmware/build/CMakeFiles/CMakeTmp]
  ignore line: []
  ignore line: [Run Build Command(s):/usr/bin/gmake -f Makefile cmTC_b70e9/fast && /usr/bin/gmake  -f CMakeFiles/cmTC_b70e9.dir/build.make CMakeFiles/cmTC_b70e9.dir/build]
  ignore line: [gmake[1]: Entering directory '/home/pi/NN2022Code/SrcBoardFirmware/build/CMakeFiles/CMakeTmp']
  ignore line: [Building C object CMakeFiles/cmTC_b70e9.dir/CMakeCCompilerABI.c.obj]
  ignore line: [/usr/bin/arm-none-eabi-gcc   -mcpu=cortex-m0plus -mthumb    -v -o CMakeFiles/cmTC_b70e9.dir/CMakeCCompilerABI.c.obj -c /usr/share/cmake-3.22/Modules/CMakeCCompilerABI.c]
  ignore line: [Using built-in specs.]
  ignore line: [COLLECT_GCC=/usr/bin/arm-none-eabi-gcc]
  ignore line: [Target: arm-none-eabi]
  ignore line: [Configured with: ../configure --build=x86_64-linux-gnu --prefix=/usr --includedir='/usr/lib/include' --mandir='/usr/lib/share/man' --infodir='/usr/lib/share/info' --sysconfdir=/etc --localstatedir=/var --disable-option-checking --disable-silent-rules --libdir='/usr/lib/lib/x86_64-linux-gnu' --libexecdir='/usr/lib/lib/x86_64-linux-gnu' --disable-maintainer-mode --disable-dependency-tracking --mandir=/usr/share/man --enable-languages=c,c++,lto --enable-multilib --disable-decimal-float --disable-libffi --disable-libgomp --disable-libmudflap --disable-libquadmath --disable-libssp --disable-libstdcxx-pch --disable-nls --disable-shared --disable-threads --enable-tls --build=x86_64-linux-gnu --target=arm-none-eabi --with-system-zlib --with-gnu-as --with-gnu-ld --with-pkgversion=15:10.3-2021.07-4 --without-included-gettext --prefix=/usr/lib --infodir=/usr/share/doc/gcc-arm-none-eabi/info --htmldir=/usr/share/doc/gcc-arm-none-eabi/html --pdfdir=/usr/share/doc/gcc-arm-none-eabi/pdf --bindir=/usr/bin --libexecdir=/usr/lib --libdir=/usr/lib --disable-libstdc++-v3 --host=x86_64-linux-gnu --with-headers=no --without-newlib --with-multilib-list=rmprofile,aprofile CFLAGS='-g -O2 -ffile-prefix-map=/build/gcc-arm-none-eabi-hYfgK4/gcc-arm-none-eabi-10.3-2021.07=. -flto=auto -ffat-lto-objects -fstack-protector-strong' CPPFLAGS='-Wdate-time -D_FORTIFY_SOURCE=2' CXXFLAGS='-g -O2 -ffile-prefix-map=/build/gcc-arm-none-eabi-hYfgK4/gcc-arm-none-eabi-10.3-2021.07=. -flto=auto -ffat-lto-objects -fstack-protector-strong' DFLAGS=-frelease FCFLAGS='-g -O2 -ffile-prefix-map=/build/gcc-arm-none-eabi-hYfgK4/gcc-arm-none-eabi-10.3-2021.07=. -flto=auto -ffat-lto-objects -fstack-protector-strong' FFLAGS='-g -O2 -ffile-prefix-map=/build/gcc-arm-none-eabi-hYfgK4/gcc-arm-none-eabi-10.3-2021.07=. -flto=auto -ffat-lto-objects -fstack-protector-strong' GCJFLAGS='-g -O2 -ffile-prefix-map=/build/gcc-arm-none-eabi-hYfgK4/gcc-arm-none-eabi-10.3-2021.07=. -fstack-protector-strong' LDFLAGS='-Wl,-Bsymbolic-functions -flto=auto -Wl,-z,relro' OBJCFLAGS='-g -O2 -ffile-prefix-map=/build/gcc-arm-none-eabi-hYfgK4/gcc-arm-none-eabi-10.3-2021.07=. -flto=auto -ffat-lto-objects -fstack-protector-strong' OBJCXXFLAGS='-g -O2 -ffile-prefix-map=/build/gcc-arm-none-eabi-hYfgK4/gcc-arm-none-eabi-10.3-2021.07=. -flto=auto -ffat-lto-objects -fstack-protector-strong' INHIBIT_LIBC_CFLAGS=-DUSE_TM_CLONE_REGISTRY=0 AR_FOR_TARGET=arm-none-eabi-ar AS_FOR_TARGET=arm-none-eabi-as LD_FOR_TARGET=arm-none-eabi-ld NM_FOR_TARGET=arm-none-eabi-nm OBJDUMP_FOR_TARGET=arm-none-eabi-objdump RANLIB_FOR_TARGET=arm-none-eabi-ranlib READELF_FOR_TARGET=arm-none-eabi-readelf STRIP_FOR_TARGET=arm-none-eabi-strip SED=/bin/sed SHELL=/bin/sh BASH=/bin/bash CONFIG_SHELL=/bin/bash]
  ignore line: [Thread model: single]
  ignore line: [Supported LTO compression algorithms: zlib]
  ignore line: [gcc version 10.3.1 20210621 (release) (15:10.3-2021.07-4) ]
  ignore line: [COLLECT_GCC_OPTIONS='-mcpu=cortex-m0plus' '-mthumb' '-v' '-o' 'CMakeFiles/cmTC_b70e9.dir/CMakeCCompilerABI.c.obj' '-c' '-mfloat-abi=soft' '-mlibarch=armv6s-m' '-march=armv6s-m']
  ignore line: [ /usr/lib/gcc/arm-none-eabi/10.3.1/cc1 -quiet -v -imultilib thumb/v6-m/nofp -D__USES_INITFINI__ /usr/share/cmake-3.22/Modules/CMakeCCompilerABI.c -quiet -dumpbase CMakeCCompilerABI.c -mcpu=cortex-m0plus -mthumb -mfloat-abi=soft -mlibarch=armv6s-m -march=armv6s-m -auxbase-strip CMakeFiles/cmTC_b70e9.dir/CMakeCCompilerABI.c.obj -version -o /tmp/ccYMDVDH.s]
  ignore line: [GNU C17 (15:10.3-2021.07-4) version 10.3.1 20210621 (release) (arm-none-eabi)]
  ignore line: [	compiled by GNU C version 11.2.0  GMP version 6.2.1  MPFR version 4.1.0  MPC version 1.2.1  isl version isl-0.24-GMP]
  ignore line: []
  ignore line: [GGC heuristics: --param ggc-min-expand=100 --param ggc-min-heapsize=131072]
  ignore line: [ignoring nonexistent directory "/usr/lib/gcc/arm-none-eabi/10.3.1/../../../arm-none-eabi/sys-include"]
  ignore line: [#include "..." search starts here:]
  ignore line: [#include <...> search starts here:]
  ignore line: [ /usr/lib/gcc/arm-none-eabi/10.3.1/include]
  ignore line: [ /usr/lib/gcc/arm-none-eabi/10.3.1/include-fixed]
  ignore line: [ /usr/lib/gcc/arm-none-eabi/10.3.1/../../../arm-none-eabi/include]
  ignore line: [End of search list.]
  ignore line: [GNU C17 (15:10.3-2021.07-4) version 10.3.1 20210621 (release) (arm-none-eabi)]
  ignore line: [	compiled by GNU C version 11.2.0  GMP version 6.2.1  MPFR version 4.1.0  MPC version 1.2.1  isl version isl-0.24-GMP]
  ignore line: []
  ignore line: [GGC heuristics: --param ggc-min-expand=100 --param ggc-min-heapsize=131072]
  ignore line: [Compiler executable checksum: 4cf7574ae54eb0935abb4a8c56f8bcfe]
  ignore line: [COLLECT_GCC_OPTIONS='-mcpu=cortex-m0plus' '-mthumb' '-v' '-o' 'CMakeFiles/cmTC_b70e9.dir/CMakeCCompilerABI.c.obj' '-c' '-mfloat-abi=soft' '-mlibarch=armv6s-m' '-march=armv6s-m']
  ignore line: [ /usr/lib/gcc/arm-none-eabi/10.3.1/../../../arm-none-eabi/bin/as -v -march=armv6s-m -mfloat-abi=soft -meabi=5 -o CMakeFiles/cmTC_b70e9.dir/CMakeCCompilerABI.c.obj /tmp/ccYMDVDH.s]
  ignore line: [GNU assembler version 2.38 (arm-none-eabi) using BFD version (2.38-3ubuntu1+15build1) 2.38]
  ignore line: [COMPILER_PATH=/usr/lib/gcc/arm-none-eabi/10.3.1/:/usr/lib/gcc/arm-none-eabi/10.3.1/:/usr/lib/gcc/arm-none-eabi/:/usr/lib/gcc/arm-none-eabi/10.3.1/:/usr/lib/gcc/arm-none-eabi/:/usr/lib/gcc/arm-none-eabi/10.3.1/../../../arm-none-eabi/bin/]
  ignore line: [LIBRARY_PATH=/usr/lib/gcc/arm-none-eabi/10.3.1/thumb/v6-m/nofp/:/usr/lib/gcc/arm-none-eabi/10.3.1/../../../arm-none-eabi/lib/thumb/v6-m/nofp/:/usr/lib/gcc/arm-none-eabi/10.3.1/:/usr/lib/gcc/arm-none-eabi/10.3.1/../../../arm-none-eabi/lib/]
  ignore line: [COLLECT_GCC_OPTIONS='-mcpu=cortex-m0plus' '-mthumb' '-v' '-o' 'CMakeFiles/cmTC_b70e9.dir/CMakeCCompilerABI.c.obj' '-c' '-mfloat-abi=soft' '-mlibarch=armv6s-m' '-march=armv6s-m']
  ignore line: [Linking C executable cmTC_b70e9.elf]
  ignore line: [/usr/bin/cmake -E cmake_link_script CMakeFiles/cmTC_b70e9.dir/link.txt --verbose=1]
  ignore line: [/usr/bin/arm-none-eabi-gcc -mcpu=cortex-m0plus -mthumb  -Wl --build-id=none -nostdlib  -v CMakeFiles/cmTC_b70e9.dir/CMakeCCompilerABI.c.obj -o cmTC_b70e9.elf ]
  ignore line: [Using built-in specs.]
  ignore line: [COLLECT_GCC=/usr/bin/arm-none-eabi-gcc]
  ignore line: [COLLECT_LTO_WRAPPER=/usr/lib/gcc/arm-none-eabi/10.3.1/lto-wrapper]
  ignore line: [Target: arm-none-eabi]
  ignore line: [Configured with: ../configure --build=x86_64-linux-gnu --prefix=/usr --includedir='/usr/lib/include' --mandir='/usr/lib/share/man' --infodir='/usr/lib/share/info' --sysconfdir=/etc --localstatedir=/var --disable-option-checking --disable-silent-rules --libdir='/usr/lib/lib/x86_64-linux-gnu' --libexecdir='/usr/lib/lib/x86_64-linux-gnu' --disable-maintainer-mode --disable-dependency-tracking --mandir=/usr/share/man --enable-languages=c,c++,lto --enable-multilib --disable-decimal-float --disable-libffi --disable-libgomp --disable-libmudflap --disable-libquadmath --disable-libssp --disable-libstdcxx-pch --disable-nls --disable-shared --disable-threads --enable-tls --build=x86_64-linux-gnu --target=arm-none-eabi --with-system-zlib --with-gnu-as --with-gnu-ld --with-pkgversion=15:10.3-2021.07-4 --without-included-gettext --prefix=/usr/lib --infodir=/usr/share/doc/gcc-arm-none-eabi/info --htmldir=/usr/share/doc/gcc-arm-none-eabi/html --pdfdir=/usr/share/doc/gcc-arm-none-eabi/pdf --bindir=/usr/bin --libexecdir=/usr/lib --libdir=/usr/lib --disable-libstdc++-v3 --host=x86_64-linux-gnu --with-headers=no --without-newlib --with-multilib-list=rmprofile,aprofile CFLAGS='-g -O2 -ffile-prefix-map=/build/gcc-arm-none-eabi-hYfgK4/gcc-arm-none-eabi-10.3-2021.07=. -flto=auto -ffat-lto-objects -fstack-protector-strong' CPPFLAGS='-Wdate-time -D_FORTIFY_SOURCE=2' CXXFLAGS='-g -O2 -ffile-prefix-map=/build/gcc-arm-none-eabi-hYfgK4/gcc-arm-none-eabi-10.3-2021.07=. -flto=auto -ffat-lto-objects -fstack-protector-strong' DFLAGS=-frelease FCFLAGS='-g -O2 -ffile-prefix-map=/build/gcc-arm-none-eabi-hYfgK4/gcc-arm-none-eabi-10.3-2021.07=. -flto=auto -ffat-lto-objects -fstack-protector-strong' FFLAGS='-g -O2 -ffile-prefix-map=/build/gcc-arm-none-eabi-hYfgK4/gcc-arm-none-eabi-10.3-2021.07=. -flto=auto -ffat-lto-objects -fstack-protector-strong' GCJFLAGS='-g -O2 -ffile-prefix-map=/build/gcc-arm-none-eabi-hYfgK4/gcc-arm-none-eabi-10.3-2021.07=. -fstack-protector-strong' LDFLAGS='-Wl,-Bsymbolic-functions -flto=auto -Wl,-z,relro' OBJCFLAGS='-g -O2 -ffile-prefix-map=/build/gcc-arm-none-eabi-hYfgK4/gcc-arm-none-eabi-10.3-2021.07=. -flto=auto -ffat-lto-objects -fstack-protector-strong' OBJCXXFLAGS='-g -O2 -ffile-prefix-map=/build/gcc-arm-none-eabi-hYfgK4/gcc-arm-none-eabi-10.3-2021.07=. -flto=auto -ffat-lto-objects -fstack-protector-strong' INHIBIT_LIBC_CFLAGS=-DUSE_TM_CLONE_REGISTRY=0 AR_FOR_TARGET=arm-none-eabi-ar AS_FOR_TARGET=arm-none-eabi-as LD_FOR_TARGET=arm-none-eabi-ld NM_FOR_TARGET=arm-none-eabi-nm OBJDUMP_FOR_TARGET=arm-none-eabi-objdump RANLIB_FOR_TARGET=arm-none-eabi-ranlib READELF_FOR_TARGET=arm-none-eabi-readelf STRIP_FOR_TARGET=arm-none-eabi-strip SED=/bin/sed SHELL=/bin/sh BASH=/bin/bash CONFIG_SHELL=/bin/bash]
  ignore line: [Thread model: single]
  ignore line: [Supported LTO compression algorithms: zlib]
  ignore line: [gcc version 10.3.1 20210621 (release) (15:10.3-2021.07-4) ]
  ignore line: [COMPILER_PATH=/usr/lib/gcc/arm-none-eabi/10.3.1/:/usr/lib/gcc/arm-none-eabi/10.3.1/:/usr/lib/gcc/arm-none-eabi/:/usr/lib/gcc/arm-none-eabi/10.3.1/:/usr/lib/gcc/arm-none-eabi/:/usr/lib/gcc/arm-none-eabi/10.3.1/../../../arm-none-eabi/bin/]
  ignore line: [LIBRARY_PATH=/usr/lib/gcc/arm-none-eabi/10.3.1/thumb/v6-m/nofp/:/usr/lib/gcc/arm-none-eabi/10.3.1/../../../arm-none-eabi/lib/thumb/v6-m/nofp/:/usr/lib/gcc/arm-none-eabi/10.3.1/:/usr/lib/gcc/arm-none-eabi/10.3.1/../../../arm-none-eabi/lib/]
  ignore line: [COLLECT_GCC_OPTIONS='-mcpu=cortex-m0plus' '-mthumb' '-nostdlib' '-v' '-o' 'cmTC_b70e9.elf' '-mfloat-abi=soft' '-mlibarch=armv6s-m' '-march=armv6s-m']
  link line: [ /usr/lib/gcc/arm-none-eabi/10.3.1/collect2 -plugin /usr/lib/gcc/arm-none-eabi/10.3.1/liblto_plugin.so -plugin-opt=/usr/lib/gcc/arm-none-eabi/10.3.1/lto-wrapper -plugin-opt=-fresolution=/tmp/ccedkcZ5.res -X -o cmTC_b70e9.elf -L/usr/lib/gcc/arm-none-eabi/10.3.1/thumb/v6-m/nofp -L/usr/lib/gcc/arm-none-eabi/10.3.1/../../../arm-none-eabi/lib/thumb/v6-m/nofp -L/usr/lib/gcc/arm-none-eabi/10.3.1 -L/usr/lib/gcc/arm-none-eabi/10.3.1/../../../arm-none-eabi/lib --build-id=none CMakeFiles/cmTC_b70e9.dir/CMakeCCompilerABI.c.obj]
    arg [/usr/lib/gcc/arm-none-eabi/10.3.1/collect2] ==> ignore
    arg [-plugin] ==> ignore
    arg [/usr/lib/gcc/arm-none-eabi/10.3.1/liblto_plugin.so] ==> ignore
    arg [-plugin-opt=/usr/lib/gcc/arm-none-eabi/10.3.1/lto-wrapper] ==> ignore
    arg [-plugin-opt=-fresolution=/tmp/ccedkcZ5.res] ==> ignore
    arg [-X] ==> ignore
    arg [-o] ==> ignore
    arg [cmTC_b70e9.elf] ==> ignore
    arg [-L/usr/lib/gcc/arm-none-eabi/10.3.1/thumb/v6-m/nofp] ==> dir [/usr/lib/gcc/arm-none-eabi/10.3.1/thumb/v6-m/nofp]
    arg [-L/usr/lib/gcc/arm-none-eabi/10.3.1/../../../arm-none-eabi/lib/thumb/v6-m/nofp] ==> dir [/usr/lib/gcc/arm-none-eabi/10.3.1/../../../arm-none-eabi/lib/thumb/v6-m/nofp]
    arg [-L/usr/lib/gcc/arm-none-eabi/10.3.1] ==> dir [/usr/lib/gcc/arm-none-eabi/10.3.1]
    arg [-L/usr/lib/gcc/arm-none-eabi/10.3.1/../../../arm-none-eabi/lib] ==> dir [/usr/lib/gcc/arm-none-eabi/10.3.1/../../../arm-none-eabi/lib]
    arg [--build-id=none] ==> ignore
    arg [CMakeFiles/cmTC_b70e9.dir/CMakeCCompilerABI.c.obj] ==> ignore
  collapse library dir [/usr/lib/gcc/arm-none-eabi/10.3.1/thumb/v6-m/nofp] ==> [/usr/lib/gcc/arm-none-eabi/10.3.1/thumb/v6-m/nofp]
  collapse library dir [/usr/lib/gcc/arm-none-eabi/10.3.1/../../../arm-none-eabi/lib/thumb/v6-m/nofp] ==> [/usr/lib/arm-none-eabi/lib/thumb/v6-m/nofp]
  collapse library dir [/usr/lib/gcc/arm-none-eabi/10.3.1] ==> [/usr/lib/gcc/arm-none-eabi/10.3.1]
  collapse library dir [/usr/lib/gcc/arm-none-eabi/10.3.1/../../../arm-none-eabi/lib] ==> [/usr/lib/arm-none-eabi/lib]
  implicit libs: []
  implicit objs: []
  implicit dirs: [/usr/lib/gcc/arm-none-eabi/10.3.1/thumb/v6-m/nofp;/usr/lib/arm-none-eabi/lib/thumb/v6-m/nofp;/usr/lib/gcc/arm-none-eabi/10.3.1;/usr/lib/arm-none-eabi/lib]
  implicit fwks: []


Detecting CXX compiler ABI info compiled with the following output:
Change Dir: /home/pi/NN2022Code/SrcBoardFirmware/build/CMakeFiles/CMakeTmp

Run Build Command(s):/usr/bin/gmake -f Makefile cmTC_7411d/fast && /usr/bin/gmake  -f CMakeFiles/cmTC_7411d.dir/build.make CMakeFiles/cmTC_7411d.dir/build
gmake[1]: Entering directory '/home/pi/NN2022Code/SrcBoardFirmware/build/CMakeFiles/CMakeTmp'
Building CXX object CMakeFiles/cmTC_7411d.dir/CMakeCXXCompilerABI.cpp.obj
/usr/bin/arm-none-eabi-g++   -mcpu=cortex-m0plus -mthumb    -v -o CMakeFiles/cmTC_7411d.dir/CMakeCXXCompilerABI.cpp.obj -c /usr/share/cmake-3.22/Modules/CMakeCXXCompilerABI.cpp
Using built-in specs.
COLLECT_GCC=/usr/bin/arm-none-eabi-g++
Target: arm-none-eabi
Configured with: ../configure --build=x86_64-linux-gnu --prefix=/usr --includedir='/usr/lib/include' --mandir='/usr/lib/share/man' --infodir='/usr/lib/share/info' --sysconfdir=/etc --localstatedir=/var --disable-option-checking --disable-silent-rules --libdir='/usr/lib/lib/x86_64-linux-gnu' --libexecdir='/usr/lib/lib/x86_64-linux-gnu' --disable-maintainer-mode --disable-dependency-tracking --mandir=/usr/share/man --enable-languages=c,c++,lto --enable-multilib --disable-decimal-float --disable-libffi --disable-libgomp --disable-libmudflap --disable-libquadmath --disable-libssp --disable-libstdcxx-pch --disable-nls --disable-shared --disable-threads --enable-tls --build=x86_64-linux-gnu --target=arm-none-eabi --with-system-zlib --with-gnu-as --with-gnu-ld --with-pkgversion=15:10.3-2021.07-4 --without-included-gettext --prefix=/usr/lib --infodir=/usr/share/doc/gcc-arm-none-eabi/info --htmldir=/usr/share/doc/gcc-arm-none-eabi/html --pdfdir=/usr/share/doc/gcc-arm-none-eabi/pdf --bindir=/usr/bin --libexecdir=/usr/lib --libdir=/usr/lib --disable-libstdc++-v3 --host=x86_64-linux-gnu --with-headers=no --without-newlib --with-multilib-list=rmprofile,aprofile CFLAGS='-g -O2 -ffile-prefix-map=/build/gcc-arm-none-eabi-hYfgK4/gcc-arm-none-eabi-10.3-2021.07=. -flto=auto -ffat-lto-objects -fstack-protector-strong' CPPFLAGS='-Wdate-time -D_FORTIFY_SOURCE=2' CXXFLAGS='-g -O2 -ffile-prefix-map=/build/gcc-arm-none-eabi-hYfgK4/gcc-arm-none-eabi-10.3-2021.07=. -flto=auto -ffat-lto-objects -fstack-protector-strong' DFLAGS=-frelease FCFLAGS='-g -O2 -ffile-prefix-map=/build/gcc-arm-none-eabi-hYfgK4/gcc-arm-none-eabi-10.3-2021.07=. -flto=auto -ffat-lto-objects -fstack-protector-strong' FFLAGS='-g -O2 -ffile-prefix-map=/build/gcc-arm-none-eabi-hYfgK4/gcc-arm-none-eabi-10.3-2021.07=. -flto=auto -ffat-lto-objects -fstack-protector-strong' GCJFLAGS='-g -O2 -ffile-prefix-map=/build/gcc-arm-none-eabi-hYfgK4/gcc-arm-none-eabi-10.3-2021.07=. -fstack-protector-strong' LDFLAGS='-Wl,-Bsymbolic-functions -flto=auto -Wl,-z,relro' OBJCFLAGS='-g -O2 -ffile-prefix-map=/build/gcc-arm-none-eabi-hYfgK4/gcc-arm-none-eabi-10.3-2021.07=. -flto=auto -ffat-lto-objects -fstack-protector-strong' OBJCXXFLAGS='-g -O2 -ffile-prefix-map=/build/gcc-arm-none-eabi-hYfgK4/gcc-arm-none-eabi-10.3-2021.07=. -flto=auto -ffat-lto-objects -fstack-protector-strong' INHIBIT_LIBC_CFLAGS=-DUSE_TM_CLONE_REGISTRY=0 AR_FOR_TARGET=arm-none-eabi-ar AS_FOR_TARGET=arm-none-eabi-as LD_FOR_TARGET=arm-none-eabi-ld NM_FOR_TARGET=arm-none-eabi-nm OBJDUMP_FOR_TARGET=arm-none-eabi-objdump RANLIB_FOR_TARGET=arm-none-eabi-ranlib READELF_FOR_TARGET=arm-none-eabi-readelf STRIP_FOR_TARGET=arm-none-eabi-strip SED=/bin/sed SHELL=/bin/sh BASH=/bin/bash CONFIG_SHELL=/bin/bash
Thread model: single
Supported LTO compression algorithms: zlib
gcc version 10.3.1 20210621 (release) (15:10.3-2021.07-4) 
COLLECT_GCC_OPTIONS='-mcpu=cortex-m0plus' '-mthumb' '-v' '-o' 'CMakeFiles/cmTC_7411d.dir/CMakeCXXCompilerABI.cpp.obj' '-c' '-mfloat-abi=soft' '-mlibarch=armv6s-m' '-march=armv6s-m'
 /usr/lib/gcc/arm-none-eabi/10.3.1/cc1plus -quiet -v -imultilib thumb/v6-m/nofp -D__USES_INITFINI__ /usr/share/cmake-3.22/Modules/CMakeCXXCompilerABI.cpp -quiet -dumpbase CMakeCXXCompilerABI.cpp -mcpu=cortex-m0plus -mthumb -mfloat-abi=soft -mlibarch=armv6s-m -march=armv6s-m -auxbase-strip CMakeFiles/cmTC_7411d.dir/CMakeCXXCompilerABI.cpp.obj -version -o /tmp/ccTnmvRE.s
GNU C++14 (15:10.3-2021.07-4) version 10.3.1 20210621 (release) (arm-none-eabi)
	compiled by GNU C version 11.2.0, GMP version 6.2.1, MPFR version 4.1.0, MPC version 1.2.1, isl version isl-0.24-GMP

GGC heuristics: --param ggc-min-expand=100 --param ggc-min-heapsize=131072
ignoring nonexistent directory "/usr/lib/gcc/arm-none-eabi/10.3.1/../../../arm-none-eabi/sys-include"
#include "..." search starts here:
#include <...> search starts here:
 /usr/lib/gcc/arm-none-eabi/10.3.1/../../../arm-none-eabi/include/c++/10.3.1
 /usr/lib/gcc/arm-none-eabi/10.3.1/../../../arm-none-eabi/include/c++/10.3.1/arm-none-eabi/thumb/v6-m/nofp
 /usr/lib/gcc/arm-none-eabi/10.3.1/../../../arm-none-eabi/include/c++/10.3.1/backward
 /usr/lib/gcc/arm-none-eabi/10.3.1/include
 /usr/lib/gcc/arm-none-eabi/10.3.1/include-fixed
 /usr/lib/gcc/arm-none-eabi/10.3.1/../../../arm-none-eabi/include
End of search list.
GNU C++14 (15:10.3-2021.07-4) version 10.3.1 20210621 (release) (arm-none-eabi)
	compiled by GNU C version 11.2.0, GMP version 6.2.1, MPFR version 4.1.0, MPC version 1.2.1, isl version isl-0.24-GMP

GGC heuristics: --param ggc-min-expand=100 --param ggc-min-heapsize=131072
Compiler executable checksum: 4f994585a8ca8864fa1f4d2fb208a0ba
COLLECT_GCC_OPTIONS='-mcpu=cortex-m0plus' '-mthumb' '-v' '-o' 'CMakeFiles/cmTC_7411d.dir/CMakeCXXCompilerABI.cpp.obj' '-c' '-mfloat-abi=soft' '-mlibarch=armv6s-m' '-march=armv6s-m'
 /usr/lib/gcc/arm-none-eabi/10.3.1/../../../arm-none-eabi/bin/as -v -march=armv6s-m -mfloat-abi=soft -meabi=5 -o CMakeFiles/cmTC_7411d.dir/CMakeCXXCompilerABI.cpp.obj /tmp/ccTnmvRE.s
GNU assembler version 2.38 (arm-none-eabi) using BFD version (2.38-3ubuntu1+15build1) 2.38
COMPILER_PATH=/usr/lib/gcc/arm-none-eabi/10.3.1/:/usr/lib/gcc/arm-none-eabi/10.3.1/:/usr/lib/gcc/arm-none-eabi/:/usr/lib/gcc/arm-none-eabi/10.3.1/:/usr/lib/gcc/arm-none-eabi/:/usr/lib/gcc/arm-none-eabi/10.3.1/../../../arm-none-eabi/bin/
LIBRARY_PATH=/usr/lib/gcc/arm-none-eabi/10.3.1/thumb/v6-m/nofp/:/usr/lib/gcc/arm-none-eabi/10.3.1/../../../arm-none-eabi/lib/thumb/v6-m/nofp/:/usr/lib/gcc/arm-none-eabi/10.3.1/:/usr/lib/gcc/arm-none-eabi/10.3.1/../../../arm-none-eabi/lib/
COLLECT_GCC_OPTIONS='-mcpu=cortex-m0plus' '-mthumb' '-v' '-o' 'CMakeFiles/cmTC_7411d.dir/CMakeCXXCompilerABI.cpp.obj' '-c' '-mfloat-abi=soft' '-mlibarch=armv6s-m' '-march=armv6s-m'
Linking CXX executable cmTC_7411d.elf
/usr/bin/cmake -E cmake_link_script CMakeFiles/cmTC_7411d.dir/link.txt --verbose=1
/usr/bin/arm-none-eabi-g++ -mcpu=cortex-m0plus -mthumb  -Wl,--build-id=none -nostdlib  -v CMakeFiles/cmTC_7411d.dir/CMakeCXXCompilerABI.cpp.obj -o cmTC_7411d.elf 
Using built-in specs.
COLLECT_GCC=/usr/bin/arm-none-eabi-g++
COLLECT_LTO_WRAPPER=/usr/lib/gcc/arm-none-eabi/10.3.1/lto-wrapper
Target: arm-none-eabi
Configured with: ../configure --build=x86_64-linux-gnu --prefix=/usr --includedir='/usr/lib/include' --mandir='/usr/lib/share/man' --infodir='/usr/lib/share/info' --sysconfdir=/etc --localstatedir=/var --disable-option-checking --disable-silent-rules --libdir='/usr/lib/lib/x86_64-linux-gnu' --libexecdir='/usr/lib/lib/x86_64-linux-gnu' --disable-maintainer-mode --disable-dependency-tracking --mandir=/usr/share/man --enable-languages=c,c++,lto --enable-multilib --disable-decimal-float --disable-libffi --disable-libgomp --disable-libmudflap --disable-libquadmath --disable-libssp --disable-libstdcxx-pch --disable-nls --disable-shared --disable-threads --enable-tls --build=x86_64-linux-gnu --target=arm-none-eabi --with-system-zlib --with-gnu-as --with-gnu-ld --with-pkgversion=15:10.3-2021.07-4 --without-included-gettext --prefix=/usr/lib --infodir=/usr/share/doc/gcc-arm-none-eabi/info --htmldir=/usr/share/doc/gcc-arm-none-eabi/html --pdfdir=/usr/share/doc/gcc-arm-none-eabi/pdf --bindir=/usr/bin --libexecdir=/usr/lib --libdir=/usr/lib --disable-libstdc++-v3 --host=x86_64-linux-gnu --with-headers=no --without-newlib --with-multilib-list=rmprofile,aprofile CFLAGS='-g -O2 -ffile-prefix-map=/build/gcc-arm-none-eabi-hYfgK4/gcc-arm-none-eabi-10.3-2021.07=. -flto=auto -ffat-lto-objects -fstack-protector-strong' CPPFLAGS='-Wdate-time -D_FORTIFY_SOURCE=2' CXXFLAGS='-g -O2 -ffile-prefix-map=/build/gcc-arm-none-eabi-hYfgK4/gcc-arm-none-eabi-10.3-2021.07=. -flto=auto -ffat-lto-objects -fstack-protector-strong' DFLAGS=-frelease FCFLAGS='-g -O2 -ffile-prefix-map=/build/gcc-arm-none-eabi-hYfgK4/gcc-arm-none-eabi-10.3-2021.07=. -flto=auto -ffat-lto-objects -fstack-protector-strong' FFLAGS='-g -O2 -ffile-prefix-map=/build/gcc-arm-none-eabi-hYfgK4/gcc-arm-none-eabi-10.3-2021.07=. -flto=auto -ffat-lto-objects -fstack-protector-strong' GCJFLAGS='-g -O2 -ffile-prefix-map=/build/gcc-arm-none-eabi-hYfgK4/gcc-arm-none-eabi-10.3-2021.07=. -fstack-protector-strong' LDFLAGS='-Wl,-Bsymbolic-functions -flto=auto -Wl,-z,relro' OBJCFLAGS='-g -O2 -ffile-prefix-map=/build/gcc-arm-none-eabi-hYfgK4/gcc-arm-none-eabi-10.3-2021.07=. -flto=auto -ffat-lto-objects -fstack-protector-strong' OBJCXXFLAGS='-g -O2 -ffile-prefix-map=/build/gcc-arm-none-eabi-hYfgK4/gcc-arm-none-eabi-10.3-2021.07=. -flto=auto -ffat-lto-objects -fstack-protector-strong' INHIBIT_LIBC_CFLAGS=-DUSE_TM_CLONE_REGISTRY=0 AR_FOR_TARGET=arm-none-eabi-ar AS_FOR_TARGET=arm-none-eabi-as LD_FOR_TARGET=arm-none-eabi-ld NM_FOR_TARGET=arm-none-eabi-nm OBJDUMP_FOR_TARGET=arm-none-eabi-objdump RANLIB_FOR_TARGET=arm-none-eabi-ranlib READELF_FOR_TARGET=arm-none-eabi-readelf STRIP_FOR_TARGET=arm-none-eabi-strip SED=/bin/sed SHELL=/bin/sh BASH=/bin/bash CONFIG_SHELL=/bin/bash
Thread model: single
Supported LTO compression algorithms: zlib
gcc version 10.3.1 20210621 (release) (15:10.3-2021.07-4) 
COMPILER_PATH=/usr/lib/gcc/arm-none-eabi/10.3.1/:/usr/lib/gcc/arm-none-eabi/10.3.1/:/usr/lib/gcc/arm-none-eabi/:/usr/lib/gcc/arm-none-eabi/10.3.1/:/usr/lib/gcc/arm-none-eabi/:/usr/lib/gcc/arm-none-eabi/10.3.1/../../../arm-none-eabi/bin/
LIBRARY_PATH=/usr/lib/gcc/arm-none-eabi/10.3.1/thumb/v6-m/nofp/:/usr/lib/gcc/arm-none-eabi/10.3.1/../../../arm-none-eabi/lib/thumb/v6-m/nofp/:/usr/lib/gcc/arm-none-eabi/10.3.1/:/usr/lib/gcc/arm-none-eabi/10.3.1/../../../arm-none-eabi/lib/
COLLECT_GCC_OPTIONS='-mcpu=cortex-m0plus' '-mthumb' '-nostdlib' '-v' '-o' 'cmTC_7411d.elf' '-mfloat-abi=soft' '-mlibarch=armv6s-m' '-march=armv6s-m'
 /usr/lib/gcc/arm-none-eabi/10.3.1/collect2 -plugin /usr/lib/gcc/arm-none-eabi/10.3.1/liblto_plugin.so -plugin-opt=/usr/lib/gcc/arm-none-eabi/10.3.1/lto-wrapper -plugin-opt=-fresolution=/tmp/cctESQOP.res -X -o cmTC_7411d.elf -L/usr/lib/gcc/arm-none-eabi/10.3.1/thumb/v6-m/nofp -L/usr/lib/gcc/arm-none-eabi/10.3.1/../../../arm-none-eabi/lib/thumb/v6-m/nofp -L/usr/lib/gcc/arm-none-eabi/10.3.1 -L/usr/lib/gcc/arm-none-eabi/10.3.1/../../../arm-none-eabi/lib --build-id=none CMakeFiles/cmTC_7411d.dir/CMakeCXXCompilerABI.cpp.obj
/usr/lib/gcc/arm-none-eabi/10.3.1/../../../arm-none-eabi/bin/ld: warning: cannot find entry symbol _start; defaulting to 0000000000008000
COLLECT_GCC_OPTIONS='-mcpu=cortex-m0plus' '-mthumb' '-nostdlib' '-v' '-o' 'cmTC_7411d.elf' '-mfloat-abi=soft' '-mlibarch=armv6s-m' '-march=armv6s-m'
gmake[1]: Leaving directory '/home/pi/NN2022Code/SrcBoardFirmware/build/CMakeFiles/CMakeTmp'



Parsed CXX implicit include dir info from above output: rv=done
  found start of include info
  found start of implicit include info
    add: [/usr/lib/gcc/arm-none-eabi/10.3.1/../../../arm-none-eabi/include/c++/10.3.1]
    add: [/usr/lib/gcc/arm-none-eabi/10.3.1/../../../arm-none-eabi/include/c++/10.3.1/arm-none-eabi/thumb/v6-m/nofp]
    add: [/usr/lib/gcc/arm-none-eabi/10.3.1/../../../arm-none-eabi/include/c++/10.3.1/backward]
    add: [/usr/lib/gcc/arm-none-eabi/10.3.1/include]
    add: [/usr/lib/gcc/arm-none-eabi/10.3.1/include-fixed]
    add: [/usr/lib/gcc/arm-none-eabi/10.3.1/../../../arm-none-eabi/include]
  end of search list found
  collapse include dir [/usr/lib/gcc/arm-none-eabi/10.3.1/../../../arm-none-eabi/include/c++/10.3.1] ==> [/usr/lib/arm-none-eabi/include/c++/10.3.1]
  collapse include dir [/usr/lib/gcc/arm-none-eabi/10.3.1/../../../arm-none-eabi/include/c++/10.3.1/arm-none-eabi/thumb/v6-m/nofp] ==> [/usr/lib/arm-none-eabi/include/c++/10.3.1/arm-none-eabi/thumb/v6-m/nofp]
  collapse include dir [/usr/lib/gcc/arm-none-eabi/10.3.1/../../../arm-none-eabi/include/c++/10.3.1/backward] ==> [/usr/lib/arm-none-eabi/include/c++/10.3.1/backward]
  collapse include dir [/usr/lib/gcc/arm-none-eabi/10.3.1/include] ==> [/usr/lib/gcc/arm-none-eabi/10.3.1/include]
  collapse include dir [/usr/lib/gcc/arm-none-eabi/10.3.1/include-fixed] ==> [/usr/lib/gcc/arm-none-eabi/10.3.1/include-fixed]
  collapse include dir [/usr/lib/gcc/arm-none-eabi/10.3.1/../../../arm-none-eabi/include] ==> [/usr/lib/arm-none-eabi/include]
  implicit include dirs: [/usr/lib/arm-none-eabi/include/c++/10.3.1;/usr/lib/arm-none-eabi/include/c++/10.3.1/arm-none-eabi/thumb/v6-m/nofp;/usr/lib/arm-none-eabi/include/c++/10.3.1/backward;/usr/lib/gcc/arm-none-eabi/10.3.1/include;/usr/lib/gcc/arm-none-eabi/10.3.1/include-fixed;/usr/lib/arm-none-eabi/include]


Parsed CXX implicit link information from above output:
  link line regex: [^( *|.*[/\])(arm-none-eabi-ld|CMAKE_LINK_STARTFILE-NOTFOUND|([^/\]+-)?ld|collect2)[^/\]*( |$)]
  ignore line: [Change Dir: /home/pi/NN2022Code/SrcBoardFirmware/build/CMakeFiles/CMakeTmp]
  ignore line: []
  ignore line: [Run Build Command(s):/usr/bin/gmake -f Makefile cmTC_7411d/fast && /usr/bin/gmake  -f CMakeFiles/cmTC_7411d.dir/build.make CMakeFiles/cmTC_7411d.dir/build]
  ignore line: [gmake[1]: Entering directory '/home/pi/NN2022Code/SrcBoardFirmware/build/CMakeFiles/CMakeTmp']
  ignore line: [Building CXX object CMakeFiles/cmTC_7411d.dir/CMakeCXXCompilerABI.cpp.obj]
  ignore line: [/usr/bin/arm-none-eabi-g++   -mcpu=cortex-m0plus -mthumb    -v -o CMakeFiles/cmTC_7411d.dir/CMakeCXXCompilerABI.cpp.obj -c /usr/share/cmake-3.22/Modules/CMakeCXXCompilerABI.cpp]
  ignore line: [Using built-in specs.]
  ignore line: [COLLECT_GCC=/usr/bin/arm-none-eabi-g++]
  ignore line: [Target: arm-none-eabi]
  ignore line: [Configured with: ../configure --build=x86_64-linux-gnu --prefix=/usr --includedir='/usr/lib/include' --mandir='/usr/lib/share/man' --infodir='/usr/lib/share/info' --sysconfdir=/etc --localstatedir=/var --disable-option-checking --disable-silent-rules --libdir='/usr/lib/lib/x86_64-linux-gnu' --libexecdir='/usr/lib/lib/x86_64-linux-gnu' --disable-maintainer-mode --disable-dependency-tracking --mandir=/usr/share/man --enable-languages=c,c++,lto --enable-multilib --disable-decimal-float --disable-libffi --disable-libgomp --disable-libmudflap --disable-libquadmath --disable-libssp --disable-libstdcxx-pch --disable-nls --disable-shared --disable-threads --enable-tls --build=x86_64-linux-gnu --target=arm-none-eabi --with-system-zlib --with-gnu-as --with-gnu-ld --with-pkgversion=15:10.3-2021.07-4 --without-included-gettext --prefix=/usr/lib --infodir=/usr/share/doc/gcc-arm-none-eabi/info --htmldir=/usr/share/doc/gcc-arm-none-eabi/html --pdfdir=/usr/share/doc/gcc-arm-none-eabi/pdf --bindir=/usr/bin --libexecdir=/usr/lib --libdir=/usr/lib --disable-libstdc++-v3 --host=x86_64-linux-gnu --with-headers=no --without-newlib --with-multilib-list=rmprofile,aprofile CFLAGS='-g -O2 -ffile-prefix-map=/build/gcc-arm-none-eabi-hYfgK4/gcc-arm-none-eabi-10.3-2021.07=. -flto=auto -ffat-lto-objects -fstack-protector-strong' CPPFLAGS='-Wdate-time -D_FORTIFY_SOURCE=2' CXXFLAGS='-g -O2 -ffile-prefix-map=/build/gcc-arm-none-eabi-hYfgK4/gcc-arm-none-eabi-10.3-2021.07=. -flto=auto -ffat-lto-objects -fstack-protector-strong' DFLAGS=-frelease FCFLAGS='-g -O2 -ffile-prefix-map=/build/gcc-arm-none-eabi-hYfgK4/gcc-arm-none-eabi-10.3-2021.07=. -flto=auto -ffat-lto-objects -fstack-protector-strong' FFLAGS='-g -O2 -ffile-prefix-map=/build/gcc-arm-none-eabi-hYfgK4/gcc-arm-none-eabi-10.3-2021.07=. -flto=auto -ffat-lto-objects -fstack-protector-strong' GCJFLAGS='-g -O2 -ffile-prefix-map=/build/gcc-arm-none-eabi-hYfgK4/gcc-arm-none-eabi-10.3-2021.07=. -fstack-protector-strong' LDFLAGS='-Wl,-Bsymbolic-functions -flto=auto -Wl,-z,relro' OBJCFLAGS='-g -O2 -ffile-prefix-map=/build/gcc-arm-none-eabi-hYfgK4/gcc-arm-none-eabi-10.3-2021.07=. -flto=auto -ffat-lto-objects -fstack-protector-strong' OBJCXXFLAGS='-g -O2 -ffile-prefix-map=/build/gcc-arm-none-eabi-hYfgK4/gcc-arm-none-eabi-10.3-2021.07=. -flto=auto -ffat-lto-objects -fstack-protector-strong' INHIBIT_LIBC_CFLAGS=-DUSE_TM_CLONE_REGISTRY=0 AR_FOR_TARGET=arm-none-eabi-ar AS_FOR_TARGET=arm-none-eabi-as LD_FOR_TARGET=arm-none-eabi-ld NM_FOR_TARGET=arm-none-eabi-nm OBJDUMP_FOR_TARGET=arm-none-eabi-objdump RANLIB_FOR_TARGET=arm-none-eabi-ranlib READELF_FOR_TARGET=arm-none-eabi-readelf STRIP_FOR_TARGET=arm-none-eabi-strip SED=/bin/sed SHELL=/bin/sh BASH=/bin/bash CONFIG_SHELL=/bin/bash]
  ignore line: [Thread model: single]
  ignore line: [Supported LTO compression algorithms: zlib]
  ignore line: [gcc version 10.3.1 20210621 (release) (15:10.3-2021.07-4) ]
  ignore line: [COLLECT_GCC_OPTIONS='-mcpu=cortex-m0plus' '-mthumb' '-v' '-o' 'CMakeFiles/cmTC_7411d.dir/CMakeCXXCompilerABI.cpp.obj' '-c' '-mfloat-abi=soft' '-mlibarch=armv6s-m' '-march=armv6s-m']
  ignore line: [ /usr/lib/gcc/arm-none-eabi/10.3.1/cc1plus -quiet -v -imultilib thumb/v6-m/nofp -D__USES_INITFINI__ /usr/share/cmake-3.22/Modules/CMakeCXXCompilerABI.cpp -quiet -dumpbase CMakeCXXCompilerABI.cpp -mcpu=cortex-m0plus -mthumb -mfloat-abi=soft -mlibarch=armv6s-m -march=armv6s-m -auxbase-strip CMakeFiles/cmTC_7411d.dir/CMakeCXXCompilerABI.cpp.obj -version -o /tmp/ccTnmvRE.s]
  ignore line: [GNU C++14 (15:10.3-2021.07-4) version 10.3.1 20210621 (release) (arm-none-eabi)]
  ignore line: [	compiled by GNU C version 11.2.0  GMP version 6.2.1  MPFR version 4.1.0  MPC version 1.2.1  isl version isl-0.24-GMP]
  ignore line: []
  ignore line: [GGC heuristics: --param ggc-min-expand=100 --param ggc-min-heapsize=131072]
  ignore line: [ignoring nonexistent directory "/usr/lib/gcc/arm-none-eabi/10.3.1/../../../arm-none-eabi/sys-include"]
  ignore line: [#include "..." search starts here:]
  ignore line: [#include <...> search starts here:]
  ignore line: [ /usr/lib/gcc/arm-none-eabi/10.3.1/../../../arm-none-eabi/include/c++/10.3.1]
  ignore line: [ /usr/lib/gcc/arm-none-eabi/10.3.1/../../../arm-none-eabi/include/c++/10.3.1/arm-none-eabi/thumb/v6-m/nofp]
  ignore line: [ /usr/lib/gcc/arm-none-eabi/10.3.1/../../../arm-none-eabi/include/c++/10.3.1/backward]
  ignore line: [ /usr/lib/gcc/arm-none-eabi/10.3.1/include]
  ignore line: [ /usr/lib/gcc/arm-none-eabi/10.3.1/include-fixed]
  ignore line: [ /usr/lib/gcc/arm-none-eabi/10.3.1/../../../arm-none-eabi/include]
  ignore line: [End of search list.]
  ignore line: [GNU C++14 (15:10.3-2021.07-4) version 10.3.1 20210621 (release) (arm-none-eabi)]
  ignore line: [	compiled by GNU C version 11.2.0  GMP version 6.2.1  MPFR version 4.1.0  MPC version 1.2.1  isl version isl-0.24-GMP]
  ignore line: []
  ignore line: [GGC heuristics: --param ggc-min-expand=100 --param ggc-min-heapsize=131072]
  ignore line: [Compiler executable checksum: 4f994585a8ca8864fa1f4d2fb208a0ba]
  ignore line: [COLLECT_GCC_OPTIONS='-mcpu=cortex-m0plus' '-mthumb' '-v' '-o' 'CMakeFiles/cmTC_7411d.dir/CMakeCXXCompilerABI.cpp.obj' '-c' '-mfloat-abi=soft' '-mlibarch=armv6s-m' '-march=armv6s-m']
  ignore line: [ /usr/lib/gcc/arm-none-eabi/10.3.1/../../../arm-none-eabi/bin/as -v -march=armv6s-m -mfloat-abi=soft -meabi=5 -o CMakeFiles/cmTC_7411d.dir/CMakeCXXCompilerABI.cpp.obj /tmp/ccTnmvRE.s]
  ignore line: [GNU assembler version 2.38 (arm-none-eabi) using BFD version (2.38-3ubuntu1+15build1) 2.38]
  ignore line: [COMPILER_PATH=/usr/lib/gcc/arm-none-eabi/10.3.1/:/usr/lib/gcc/arm-none-eabi/10.3.1/:/usr/lib/gcc/arm-none-eabi/:/usr/lib/gcc/arm-none-eabi/10.3.1/:/usr/lib/gcc/arm-none-eabi/:/usr/lib/gcc/arm-none-eabi/10.3.1/../../../arm-none-eabi/bin/]
  ignore line: [LIBRARY_PATH=/usr/lib/gcc/arm-none-eabi/10.3.1/thumb/v6-m/nofp/:/usr/lib/gcc/arm-none-eabi/10.3.1/../../../arm-none-eabi/lib/thumb/v6-m/nofp/:/usr/lib/gcc/arm-none-eabi/10.3.1/:/usr/lib/gcc/arm-none-eabi/10.3.1/../../../arm-none-eabi/lib/]
  ignore line: [COLLECT_GCC_OPTIONS='-mcpu=cortex-m0plus' '-mthumb' '-v' '-o' 'CMakeFiles/cmTC_7411d.dir/CMakeCXXCompilerABI.cpp.obj' '-c' '-mfloat-abi=soft' '-mlibarch=armv6s-m' '-march=armv6s-m']
  ignore line: [Linking CXX executable cmTC_7411d.elf]
  ignore line: [/usr/bin/cmake -E cmake_link_script CMakeFiles/cmTC_7411d.dir/link.txt --verbose=1]
  ignore line: [/usr/bin/arm-none-eabi-g++ -mcpu=cortex-m0plus -mthumb  -Wl --build-id=none -nostdlib  -v CMakeFiles/cmTC_7411d.dir/CMakeCXXCompilerABI.cpp.obj -o cmTC_7411d.elf ]
  ignore line: [Using built-in specs.]
  ignore line: [COLLECT_GCC=/usr/bin/arm-none-eabi-g++]
  ignore line: [COLLECT_LTO_WRAPPER=/usr/lib/gcc/arm-none-eabi/10.3.1/lto-wrapper]
  ignore line: [Target: arm-none-eabi]
  ignore line: [Configured with: ../configure --build=x86_64-linux-gnu --prefix=/usr --includedir='/usr/lib/include' --mandir='/usr/lib/share/man' --infodir='/usr/lib/share/info' --sysconfdir=/etc --localstatedir=/var --disable-option-checking --disable-silent-rules --libdir='/usr/lib/lib/x86_64-linux-gnu' --libexecdir='/usr/lib/lib/x86_64-linux-gnu' --disable-maintainer-mode --disable-dependency-tracking --mandir=/usr/share/man --enable-languages=c,c++,lto --enable-multilib --disable-decimal-float --disable-libffi --disable-libgomp --disable-libmudflap --disable-libquadmath --disable-libssp --disable-libstdcxx-pch --disable-nls --disable-shared --disable-threads --enable-tls --build=x86_64-linux-gnu --target=arm-none-eabi --with-system-zlib --with-gnu-as --with-gnu-ld --with-pkgversion=15:10.3-2021.07-4 --without-included-gettext --prefix=/usr/lib --infodir=/usr/share/doc/gcc-arm-none-eabi/info --htmldir=/usr/share/doc/gcc-arm-none-eabi/html --pdfdir=/usr/share/doc/gcc-arm-none-eabi/pdf --bindir=/usr/bin --libexecdir=/usr/lib --libdir=/usr/lib --disable-libstdc++-v3 --host=x86_64-linux-gnu --with-headers=no --without-newlib --with-multilib-list=rmprofile,aprofile CFLAGS='-g -O2 -ffile-prefix-map=/build/gcc-arm-none-eabi-hYfgK4/gcc-arm-none-eabi-10.3-2021.07=. -flto=auto -ffat-lto-objects -fstack-protector-strong' CPPFLAGS='-Wdate-time -D_FORTIFY_SOURCE=2' CXXFLAGS='-g -O2 -ffile-prefix-map=/build/gcc-arm-none-eabi-hYfgK4/gcc-arm-none-eabi-10.3-2021.07=. -flto=auto -ffat-lto-objects -fstack-protector-strong' DFLAGS=-frelease FCFLAGS='-g -O2 -ffile-prefix-map=/build/gcc-arm-none-eabi-hYfgK4/gcc-arm-none-eabi-10.3-2021.07=. -flto=auto -ffat-lto-objects -fstack-protector-strong' FFLAGS='-g -O2 -ffile-prefix-map=/build/gcc-arm-none-eabi-hYfgK4/gcc-arm-none-eabi-10.3-2021.07=. -flto=auto -ffat-lto-objects -fstack-protector-strong' GCJFLAGS='-g -O2 -ffile-prefix-map=/build/gcc-arm-none-eabi-hYfgK4/gcc-arm-none-eabi-10.3-2021.07=. -fstack-protector-strong' LDFLAGS='-Wl,-Bsymbolic-functions -flto=auto -Wl,-z,relro' OBJCFLAGS='-g -O2 -ffile-prefix-map=/build/gcc-arm-none-eabi-hYfgK4/gcc-arm-none-eabi-10.3-2021.07=. -flto=auto -ffat-lto-objects -fstack-protector-strong' OBJCXXFLAGS='-g -O2 -ffile-prefix-map=/build/gcc-arm-none-eabi-hYfgK4/gcc-arm-none-eabi-10.3-2021.07=. -flto=auto -ffat-lto-objects -fstack-protector-strong' INHIBIT_LIBC_CFLAGS=-DUSE_TM_CLONE_REGISTRY=0 AR_FOR_TARGET=arm-none-eabi-ar AS_FOR_TARGET=arm-none-eabi-as LD_FOR_TARGET=arm-none-eabi-ld NM_FOR_TARGET=arm-none-eabi-nm OBJDUMP_FOR_TARGET=arm-none-eabi-objdump RANLIB_FOR_TARGET=arm-none-eabi-ranlib READELF_FOR_TARGET=arm-none-eabi-readelf STRIP_FOR_TARGET=arm-none-eabi-strip SED=/bin/sed SHELL=/bin/sh BASH=/bin/bash CONFIG_SHELL=/bin/bash]
  ignore line: [Thread model: single]
  ignore line: [Supported LTO compression algorithms: zlib]
  ignore line: [gcc version 10.3.1 20210621 (release) (15:10.3-2021.07-4) ]
  ignore line: [COMPILER_PATH=/usr/lib/gcc/arm-none-eabi/10.3.1/:/usr/lib/gcc/arm-none-eabi/10.3.1/:/usr/lib/gcc/arm-none-eabi/:/usr/lib/gcc/arm-none-eabi/10.3.1/:/usr/lib/gcc/arm-none-eabi/:/usr/lib/gcc/arm-none-eabi/10.3.1/../../../arm-none-eabi/bin/]
  ignore line: [LIBRARY_PATH=/usr/lib/gcc/arm-none-eabi/10.3.1/thumb/v6-m/nofp/:/usr/lib/gcc/arm-none-eabi/10.3.1/../../../arm-none-eabi/lib/thumb/v6-m/nofp/:/usr/lib/gcc/arm-none-eabi/10.3.1/:/usr/lib/gcc/arm-none-eabi/10.3.1/../../../arm-none-eabi/lib/]
  ignore line: [COLLECT_GCC_OPTIONS='-mcpu=cortex-m0plus' '-mthumb' '-nostdlib' '-v' '-o' 'cmTC_7411d.elf' '-mfloat-abi=soft' '-mlibarch=armv6s-m' '-march=armv6s-m']
  link line: [ /usr/lib/gcc/arm-none-eabi/10.3.1/collect2 -plugin /usr/lib/gcc/arm-none-eabi/10.3.1/liblto_plugin.so -plugin-opt=/usr/lib/gcc/arm-none-eabi/10.3.1/lto-wrapper -plugin-opt=-fresolution=/tmp/cctESQOP.res -X -o cmTC_7411d.elf -L/usr/lib/gcc/arm-none-eabi/10.3.1/thumb/v6-m/nofp -L/usr/lib/gcc/arm-none-eabi/10.3.1/../../../arm-none-eabi/lib/thumb/v6-m/nofp -L/usr/lib/gcc/arm-none-eabi/10.3.1 -L/usr/lib/gcc/arm-none-eabi/10.3.1/../../../arm-none-eabi/lib --build-id=none CMakeFiles/cmTC_7411d.dir/CMakeCXXCompilerABI.cpp.obj]
    arg [/usr/lib/gcc/arm-none-eabi/10.3.1/collect2] ==> ignore
    arg [-plugin] ==> ignore
    arg [/usr/lib/gcc/arm-none-eabi/10.3.1/liblto_plugin.so] ==> ignore
    arg [-plugin-opt=/usr/lib/gcc/arm-none-eabi/10.3.1/lto-wrapper] ==> ignore
    arg [-plugin-opt=-fresolution=/tmp/cctESQOP.res] ==> ignore
    arg [-X] ==> ignore
    arg [-o] ==> ignore
    arg [cmTC_7411d.elf] ==> ignore
    arg [-L/usr/lib/gcc/arm-none-eabi/10.3.1/thumb/v6-m/nofp] ==> dir [/usr/lib/gcc/arm-none-eabi/10.3.1/thumb/v6-m/nofp]
    arg [-L/usr/lib/gcc/arm-none-eabi/10.3.1/../../../arm-none-eabi/lib/thumb/v6-m/nofp] ==> dir [/usr/lib/gcc/arm-none-eabi/10.3.1/../../../arm-none-eabi/lib/thumb/v6-m/nofp]
    arg [-L/usr/lib/gcc/arm-none-eabi/10.3.1] ==> dir [/usr/lib/gcc/arm-none-eabi/10.3.1]
    arg [-L/usr/lib/gcc/arm-none-eabi/10.3.1/../../../arm-none-eabi/lib] ==> dir [/usr/lib/gcc/arm-none-eabi/10.3.1/../../../arm-none-eabi/lib]
    arg [--build-id=none] ==> ignore
    arg [CMakeFiles/cmTC_7411d.dir/CMakeCXXCompilerABI.cpp.obj] ==> ignore
  collapse library dir [/usr/lib/gcc/arm-none-eabi/10.3.1/thumb/v6-m/nofp] ==> [/usr/lib/gcc/arm-none-eabi/10.3.1/thumb/v6-m/nofp]
  collapse library dir [/usr/lib/gcc/arm-none-eabi/10.3.1/../../../arm-none-eabi/lib/thumb/v6-m/nofp] ==> [/usr/lib/arm-none-eabi/lib/thumb/v6-m/nofp]
  collapse library dir [/usr/lib/gcc/arm-none-eabi/10.3.1] ==> [/usr/lib/gcc/arm-none-eabi/10.3.1]
  collapse library dir [/usr/lib/gcc/arm-none-eabi/10.3.1/../../../arm-none-eabi/lib] ==> [/usr/lib/arm-none-eabi/lib]
  implicit libs: []
  implicit objs: []
  implicit dirs: [/usr/lib/gcc/arm-none-eabi/10.3.1/thumb/v6-m/nofp;/usr/lib/arm-none-eabi/lib/thumb/v6-m/nofp;/usr/lib/gcc/arm-none-eabi/10.3.1;/usr/lib/arm-none-eabi/lib]
  implicit fwks: []


The target system is: PICO -  - cortex-m0plus
The host system is: Linux - 6.8.0-47-generic - x86_64
Compiling the C compiler identification source file "CMakeCCompilerId.c" succeeded.
Compiler: /usr/bin/arm-none-eabi-gcc 
Build flags: ;-mcpu=cortex-m0plus;-mthumb
Id flags: -c 

The output was:
0


Compilation of the C compiler identification source "CMakeCCompilerId.c" produced "CMakeCCompilerId.o"

The C compiler identification is GNU, found in "/home/pi/NN2022Code/SrcBoardFirmware/build/CMakeFiles/3.22.1/CompilerIdC/CMakeCCompilerId.o"

Compiling the CXX compiler identification source file "CMakeCXXCompilerId.cpp" succeeded.
Compiler: /usr/bin/arm-none-eabi-g++ 
Build flags: ;-mcpu=cortex-m0plus;-mthumb
Id flags: -c 

The output was:
0


Compilation of the CXX compiler identification source "CMakeCXXCompilerId.cpp" produced "CMakeCXXCompilerId.o"

The CXX compiler identification is GNU, found in "/home/pi/NN2022Code/SrcBoardFirmware/build/CMakeFiles/3.22.1/CompilerIdCXX/CMakeCXXCompilerId.o"

Checking whether the ASM compiler is GNU using "--version" matched "(GNU assembler)|(GCC)|(Free Software Foundation)":
arm-none-eabi-gcc (15:10.3-2021.07-4) 10.3.1 20210621 (release)
Copyright (C) 2020 Free Software Foundation, Inc.
This is free software; see the source for copying conditions.  There is NO
warranty; not even for MERCHANTABILITY or FITNESS FOR A PARTICULAR PURPOSE.

Detecting C compiler ABI info compiled with the following output:
Change Dir: /home/pi/NN2022Code/SrcBoardFirmware/build/CMakeFiles/CMakeTmp

Run Build Command(s):/usr/bin/gmake -f Makefile cmTC_d2098/fast && /usr/bin/gmake  -f CMakeFiles/cmTC_d2098.dir/build.make CMakeFiles/cmTC_d2098.dir/build
gmake[1]: Entering directory '/home/pi/NN2022Code/SrcBoardFirmware/build/CMakeFiles/CMakeTmp'
Building C object CMakeFiles/cmTC_d2098.dir/CMakeCCompilerABI.c.obj
/usr/bin/arm-none-eabi-gcc   -mcpu=cortex-m0plus -mthumb    -v -o CMakeFiles/cmTC_d2098.dir/CMakeCCompilerABI.c.obj -c /usr/share/cmake-3.22/Modules/CMakeCCompilerABI.c
Using built-in specs.
COLLECT_GCC=/usr/bin/arm-none-eabi-gcc
Target: arm-none-eabi
Configured with: ../configure --build=x86_64-linux-gnu --prefix=/usr --includedir='/usr/lib/include' --mandir='/usr/lib/share/man' --infodir='/usr/lib/share/info' --sysconfdir=/etc --localstatedir=/var --disable-option-checking --disable-silent-rules --libdir='/usr/lib/lib/x86_64-linux-gnu' --libexecdir='/usr/lib/lib/x86_64-linux-gnu' --disable-maintainer-mode --disable-dependency-tracking --mandir=/usr/share/man --enable-languages=c,c++,lto --enable-multilib --disable-decimal-float --disable-libffi --disable-libgomp --disable-libmudflap --disable-libquadmath --disable-libssp --disable-libstdcxx-pch --disable-nls --disable-shared --disable-threads --enable-tls --build=x86_64-linux-gnu --target=arm-none-eabi --with-system-zlib --with-gnu-as --with-gnu-ld --with-pkgversion=15:10.3-2021.07-4 --without-included-gettext --prefix=/usr/lib --infodir=/usr/share/doc/gcc-arm-none-eabi/info --htmldir=/usr/share/doc/gcc-arm-none-eabi/html --pdfdir=/usr/share/doc/gcc-arm-none-eabi/pdf --bindir=/usr/bin --libexecdir=/usr/lib --libdir=/usr/lib --disable-libstdc++-v3 --host=x86_64-linux-gnu --with-headers=no --without-newlib --with-multilib-list=rmprofile,aprofile CFLAGS='-g -O2 -ffile-prefix-map=/build/gcc-arm-none-eabi-hYfgK4/gcc-arm-none-eabi-10.3-2021.07=. -flto=auto -ffat-lto-objects -fstack-protector-strong' CPPFLAGS='-Wdate-time -D_FORTIFY_SOURCE=2' CXXFLAGS='-g -O2 -ffile-prefix-map=/build/gcc-arm-none-eabi-hYfgK4/gcc-arm-none-eabi-10.3-2021.07=. -flto=auto -ffat-lto-objects -fstack-protector-strong' DFLAGS=-frelease FCFLAGS='-g -O2 -ffile-prefix-map=/build/gcc-arm-none-eabi-hYfgK4/gcc-arm-none-eabi-10.3-2021.07=. -flto=auto -ffat-lto-objects -fstack-protector-strong' FFLAGS='-g -O2 -ffile-prefix-map=/build/gcc-arm-none-eabi-hYfgK4/gcc-arm-none-eabi-10.3-2021.07=. -flto=auto -ffat-lto-objects -fstack-protector-strong' GCJFLAGS='-g -O2 -ffile-prefix-map=/build/gcc-arm-none-eabi-hYfgK4/gcc-arm-none-eabi-10.3-2021.07=. -fstack-protector-strong' LDFLAGS='-Wl,-Bsymbolic-functions -flto=auto -Wl,-z,relro' OBJCFLAGS='-g -O2 -ffile-prefix-map=/build/gcc-arm-none-eabi-hYfgK4/gcc-arm-none-eabi-10.3-2021.07=. -flto=auto -ffat-lto-objects -fstack-protector-strong' OBJCXXFLAGS='-g -O2 -ffile-prefix-map=/build/gcc-arm-none-eabi-hYfgK4/gcc-arm-none-eabi-10.3-2021.07=. -flto=auto -ffat-lto-objects -fstack-protector-strong' INHIBIT_LIBC_CFLAGS=-DUSE_TM_CLONE_REGISTRY=0 AR_FOR_TARGET=arm-none-eabi-ar AS_FOR_TARGET=arm-none-eabi-as LD_FOR_TARGET=arm-none-eabi-ld NM_FOR_TARGET=arm-none-eabi-nm OBJDUMP_FOR_TARGET=arm-none-eabi-objdump RANLIB_FOR_TARGET=arm-none-eabi-ranlib READELF_FOR_TARGET=arm-none-eabi-readelf STRIP_FOR_TARGET=arm-none-eabi-strip SED=/bin/sed SHELL=/bin/sh BASH=/bin/bash CONFIG_SHELL=/bin/bash
Thread model: single
Supported LTO compression algorithms: zlib
gcc version 10.3.1 20210621 (release) (15:10.3-2021.07-4) 
COLLECT_GCC_OPTIONS='-mcpu=cortex-m0plus' '-mthumb' '-v' '-o' 'CMakeFiles/cmTC_d2098.dir/CMakeCCompilerABI.c.obj' '-c' '-mfloat-abi=soft' '-mlibarch=armv6s-m' '-march=armv6s-m'
 /usr/lib/gcc/arm-none-eabi/10.3.1/cc1 -quiet -v -imultilib thumb/v6-m/nofp -D__USES_INITFINI__ /usr/share/cmake-3.22/Modules/CMakeCCompilerABI.c -quiet -dumpbase CMakeCCompilerABI.c -mcpu=cortex-m0plus -mthumb -mfloat-abi=soft -mlibarch=armv6s-m -march=armv6s-m -auxbase-strip CMakeFiles/cmTC_d2098.dir/CMakeCCompilerABI.c.obj -version -o /tmp/ccGWpimX.s
GNU C17 (15:10.3-2021.07-4) version 10.3.1 20210621 (release) (arm-none-eabi)
	compiled by GNU C version 11.2.0, GMP version 6.2.1, MPFR version 4.1.0, MPC version 1.2.1, isl version isl-0.24-GMP

GGC heuristics: --param ggc-min-expand=100 --param ggc-min-heapsize=131072
ignoring nonexistent directory "/usr/lib/gcc/arm-none-eabi/10.3.1/../../../arm-none-eabi/sys-include"
#include "..." search starts here:
#include <...> search starts here:
 /usr/lib/gcc/arm-none-eabi/10.3.1/include
 /usr/lib/gcc/arm-none-eabi/10.3.1/include-fixed
 /usr/lib/gcc/arm-none-eabi/10.3.1/../../../arm-none-eabi/include
End of search list.
GNU C17 (15:10.3-2021.07-4) version 10.3.1 20210621 (release) (arm-none-eabi)
	compiled by GNU C version 11.2.0, GMP version 6.2.1, MPFR version 4.1.0, MPC version 1.2.1, isl version isl-0.24-GMP

GGC heuristics: --param ggc-min-expand=100 --param ggc-min-heapsize=131072
Compiler executable checksum: 4cf7574ae54eb0935abb4a8c56f8bcfe
COLLECT_GCC_OPTIONS='-mcpu=cortex-m0plus' '-mthumb' '-v' '-o' 'CMakeFiles/cmTC_d2098.dir/CMakeCCompilerABI.c.obj' '-c' '-mfloat-abi=soft' '-mlibarch=armv6s-m' '-march=armv6s-m'
 /usr/lib/gcc/arm-none-eabi/10.3.1/../../../arm-none-eabi/bin/as -v -march=armv6s-m -mfloat-abi=soft -meabi=5 -o CMakeFiles/cmTC_d2098.dir/CMakeCCompilerABI.c.obj /tmp/ccGWpimX.s
GNU assembler version 2.38 (arm-none-eabi) using BFD version (2.38-3ubuntu1+15build1) 2.38
COMPILER_PATH=/usr/lib/gcc/arm-none-eabi/10.3.1/:/usr/lib/gcc/arm-none-eabi/10.3.1/:/usr/lib/gcc/arm-none-eabi/:/usr/lib/gcc/arm-none-eabi/10.3.1/:/usr/lib/gcc/arm-none-eabi/:/usr/lib/gcc/arm-none-eabi/10.3.1/../../../arm-none-eabi/bin/
LIBRARY_PATH=/usr/lib/gcc/arm-none-eabi/10.3.1/thumb/v6-m/nofp/:/usr/lib/gcc/arm-none-eabi/10.3.1/../../../arm-none-eabi/lib/thumb/v6-m/nofp/:/usr/lib/gcc/arm-none-eabi/10.3.1/:/usr/lib/gcc/arm-none-eabi/10.3.1/../../../arm-none-eabi/lib/
COLLECT_GCC_OPTIONS='-mcpu=cortex-m0plus' '-mthumb' '-v' '-o' 'CMakeFiles/cmTC_d2098.dir/CMakeCCompilerABI.c.obj' '-c' '-mfloat-abi=soft' '-mlibarch=armv6s-m' '-march=armv6s-m'
Linking C executable cmTC_d2098.elf
/usr/bin/cmake -E cmake_link_script CMakeFiles/cmTC_d2098.dir/link.txt --verbose=1
/usr/bin/arm-none-eabi-gcc -mcpu=cortex-m0plus -mthumb  -Wl,--build-id=none -nostdlib  -v CMakeFiles/cmTC_d2098.dir/CMakeCCompilerABI.c.obj -o cmTC_d2098.elf 
Using built-in specs.
COLLECT_GCC=/usr/bin/arm-none-eabi-gcc
COLLECT_LTO_WRAPPER=/usr/lib/gcc/arm-none-eabi/10.3.1/lto-wrapper
Target: arm-none-eabi
Configured with: ../configure --build=x86_64-linux-gnu --prefix=/usr --includedir='/usr/lib/include' --mandir='/usr/lib/share/man' --infodir='/usr/lib/share/info' --sysconfdir=/etc --localstatedir=/var --disable-option-checking --disable-silent-rules --libdir='/usr/lib/lib/x86_64-linux-gnu' --libexecdir='/usr/lib/lib/x86_64-linux-gnu' --disable-maintainer-mode --disable-dependency-tracking --mandir=/usr/share/man --enable-languages=c,c++,lto --enable-multilib --disable-decimal-float --disable-libffi --disable-libgomp --disable-libmudflap --disable-libquadmath --disable-libssp --disable-libstdcxx-pch --disable-nls --disable-shared --disable-threads --enable-tls --build=x86_64-linux-gnu --target=arm-none-eabi --with-system-zlib --with-gnu-as --with-gnu-ld --with-pkgversion=15:10.3-2021.07-4 --without-included-gettext --prefix=/usr/lib --infodir=/usr/share/doc/gcc-arm-none-eabi/info --htmldir=/usr/share/doc/gcc-arm-none-eabi/html --pdfdir=/usr/share/doc/gcc-arm-none-eabi/pdf --bindir=/usr/bin --libexecdir=/usr/lib --libdir=/usr/lib --disable-libstdc++-v3 --host=x86_64-linux-gnu --with-headers=no --without-newlib --with-multilib-list=rmprofile,aprofile CFLAGS='-g -O2 -ffile-prefix-map=/build/gcc-arm-none-eabi-hYfgK4/gcc-arm-none-eabi-10.3-2021.07=. -flto=auto -ffat-lto-objects -fstack-protector-strong' CPPFLAGS='-Wdate-time -D_FORTIFY_SOURCE=2' CXXFLAGS='-g -O2 -ffile-prefix-map=/build/gcc-arm-none-eabi-hYfgK4/gcc-arm-none-eabi-10.3-2021.07=. -flto=auto -ffat-lto-objects -fstack-protector-strong' DFLAGS=-frelease FCFLAGS='-g -O2 -ffile-prefix-map=/build/gcc-arm-none-eabi-hYfgK4/gcc-arm-none-eabi-10.3-2021.07=. -flto=auto -ffat-lto-objects -fstack-protector-strong' FFLAGS='-g -O2 -ffile-prefix-map=/build/gcc-arm-none-eabi-hYfgK4/gcc-arm-none-eabi-10.3-2021.07=. -flto=auto -ffat-lto-objects -fstack-protector-strong' GCJFLAGS='-g -O2 -ffile-prefix-map=/build/gcc-arm-none-eabi-hYfgK4/gcc-arm-none-eabi-10.3-2021.07=. -fstack-protector-strong' LDFLAGS='-Wl,-Bsymbolic-functions -flto=auto -Wl,-z,relro' OBJCFLAGS='-g -O2 -ffile-prefix-map=/build/gcc-arm-none-eabi-hYfgK4/gcc-arm-none-eabi-10.3-2021.07=. -flto=auto -ffat-lto-objects -fstack-protector-strong' OBJCXXFLAGS='-g -O2 -ffile-prefix-map=/build/gcc-arm-none-eabi-hYfgK4/gcc-arm-none-eabi-10.3-2021.07=. -flto=auto -ffat-lto-objects -fstack-protector-strong' INHIBIT_LIBC_CFLAGS=-DUSE_TM_CLONE_REGISTRY=0 AR_FOR_TARGET=arm-none-eabi-ar AS_FOR_TARGET=arm-none-eabi-as LD_FOR_TARGET=arm-none-eabi-ld NM_FOR_TARGET=arm-none-eabi-nm OBJDUMP_FOR_TARGET=arm-none-eabi-objdump RANLIB_FOR_TARGET=arm-none-eabi-ranlib READELF_FOR_TARGET=arm-none-eabi-readelf STRIP_FOR_TARGET=arm-none-eabi-strip SED=/bin/sed SHELL=/bin/sh BASH=/bin/bash CONFIG_SHELL=/bin/bash
Thread model: single
Supported LTO compression algorithms: zlib
gcc version 10.3.1 20210621 (release) (15:10.3-2021.07-4) 
COMPILER_PATH=/usr/lib/gcc/arm-none-eabi/10.3.1/:/usr/lib/gcc/arm-none-eabi/10.3.1/:/usr/lib/gcc/arm-none-eabi/:/usr/lib/gcc/arm-none-eabi/10.3.1/:/usr/lib/gcc/arm-none-eabi/:/usr/lib/gcc/arm-none-eabi/10.3.1/../../../arm-none-eabi/bin/
LIBRARY_PATH=/usr/lib/gcc/arm-none-eabi/10.3.1/thumb/v6-m/nofp/:/usr/lib/gcc/arm-none-eabi/10.3.1/../../../arm-none-eabi/lib/thumb/v6-m/nofp/:/usr/lib/gcc/arm-none-eabi/10.3.1/:/usr/lib/gcc/arm-none-eabi/10.3.1/../../../arm-none-eabi/lib/
COLLECT_GCC_OPTIONS='-mcpu=cortex-m0plus' '-mthumb' '-nostdlib' '-v' '-o' 'cmTC_d2098.elf' '-mfloat-abi=soft' '-mlibarch=armv6s-m' '-march=armv6s-m'
 /usr/lib/gcc/arm-none-eabi/10.3.1/collect2 -plugin /usr/lib/gcc/arm-none-eabi/10.3.1/liblto_plugin.so -plugin-opt=/usr/lib/gcc/arm-none-eabi/10.3.1/lto-wrapper -plugin-opt=-fresolution=/tmp/ccYVRIPK.res -X -o cmTC_d2098.elf -L/usr/lib/gcc/arm-none-eabi/10.3.1/thumb/v6-m/nofp -L/usr/lib/gcc/arm-none-eabi/10.3.1/../../../arm-none-eabi/lib/thumb/v6-m/nofp -L/usr/lib/gcc/arm-none-eabi/10.3.1 -L/usr/lib/gcc/arm-none-eabi/10.3.1/../../../arm-none-eabi/lib --build-id=none CMakeFiles/cmTC_d2098.dir/CMakeCCompilerABI.c.obj
/usr/lib/gcc/arm-none-eabi/10.3.1/../../../arm-none-eabi/bin/ld: warning: cannot find entry symbol _start; defaulting to 0000000000008000
COLLECT_GCC_OPTIONS='-mcpu=cortex-m0plus' '-mthumb' '-nostdlib' '-v' '-o' 'cmTC_d2098.elf' '-mfloat-abi=soft' '-mlibarch=armv6s-m' '-march=armv6s-m'
gmake[1]: Leaving directory '/home/pi/NN2022Code/SrcBoardFirmware/build/CMakeFiles/CMakeTmp'



Parsed C implicit include dir info from above output: rv=done
  found start of include info
  found start of implicit include info
    add: [/usr/lib/gcc/arm-none-eabi/10.3.1/include]
    add: [/usr/lib/gcc/arm-none-eabi/10.3.1/include-fixed]
    add: [/usr/lib/gcc/arm-none-eabi/10.3.1/../../../arm-none-eabi/include]
  end of search list found
  collapse include dir [/usr/lib/gcc/arm-none-eabi/10.3.1/include] ==> [/usr/lib/gcc/arm-none-eabi/10.3.1/include]
  collapse include dir [/usr/lib/gcc/arm-none-eabi/10.3.1/include-fixed] ==> [/usr/lib/gcc/arm-none-eabi/10.3.1/include-fixed]
  collapse include dir [/usr/lib/gcc/arm-none-eabi/10.3.1/../../../arm-none-eabi/include] ==> [/usr/lib/arm-none-eabi/include]
  implicit include dirs: [/usr/lib/gcc/arm-none-eabi/10.3.1/include;/usr/lib/gcc/arm-none-eabi/10.3.1/include-fixed;/usr/lib/arm-none-eabi/include]


Parsed C implicit link information from above output:
  link line regex: [^( *|.*[/\])(arm-none-eabi-ld|CMAKE_LINK_STARTFILE-NOTFOUND|([^/\]+-)?ld|collect2)[^/\]*( |$)]
  ignore line: [Change Dir: /home/pi/NN2022Code/SrcBoardFirmware/build/CMakeFiles/CMakeTmp]
  ignore line: []
  ignore line: [Run Build Command(s):/usr/bin/gmake -f Makefile cmTC_d2098/fast && /usr/bin/gmake  -f CMakeFiles/cmTC_d2098.dir/build.make CMakeFiles/cmTC_d2098.dir/build]
  ignore line: [gmake[1]: Entering directory '/home/pi/NN2022Code/SrcBoardFirmware/build/CMakeFiles/CMakeTmp']
  ignore line: [Building C object CMakeFiles/cmTC_d2098.dir/CMakeCCompilerABI.c.obj]
  ignore line: [/usr/bin/arm-none-eabi-gcc   -mcpu=cortex-m0plus -mthumb    -v -o CMakeFiles/cmTC_d2098.dir/CMakeCCompilerABI.c.obj -c /usr/share/cmake-3.22/Modules/CMakeCCompilerABI.c]
  ignore line: [Using built-in specs.]
  ignore line: [COLLECT_GCC=/usr/bin/arm-none-eabi-gcc]
  ignore line: [Target: arm-none-eabi]
  ignore line: [Configured with: ../configure --build=x86_64-linux-gnu --prefix=/usr --includedir='/usr/lib/include' --mandir='/usr/lib/share/man' --infodir='/usr/lib/share/info' --sysconfdir=/etc --localstatedir=/var --disable-option-checking --disable-silent-rules --libdir='/usr/lib/lib/x86_64-linux-gnu' --libexecdir='/usr/lib/lib/x86_64-linux-gnu' --disable-maintainer-mode --disable-dependency-tracking --mandir=/usr/share/man --enable-languages=c,c++,lto --enable-multilib --disable-decimal-float --disable-libffi --disable-libgomp --disable-libmudflap --disable-libquadmath --disable-libssp --disable-libstdcxx-pch --disable-nls --disable-shared --disable-threads --enable-tls --build=x86_64-linux-gnu --target=arm-none-eabi --with-system-zlib --with-gnu-as --with-gnu-ld --with-pkgversion=15:10.3-2021.07-4 --without-included-gettext --prefix=/usr/lib --infodir=/usr/share/doc/gcc-arm-none-eabi/info --htmldir=/usr/share/doc/gcc-arm-none-eabi/html --pdfdir=/usr/share/doc/gcc-arm-none-eabi/pdf --bindir=/usr/bin --libexecdir=/usr/lib --libdir=/usr/lib --disable-libstdc++-v3 --host=x86_64-linux-gnu --with-headers=no --without-newlib --with-multilib-list=rmprofile,aprofile CFLAGS='-g -O2 -ffile-prefix-map=/build/gcc-arm-none-eabi-hYfgK4/gcc-arm-none-eabi-10.3-2021.07=. -flto=auto -ffat-lto-objects -fstack-protector-strong' CPPFLAGS='-Wdate-time -D_FORTIFY_SOURCE=2' CXXFLAGS='-g -O2 -ffile-prefix-map=/build/gcc-arm-none-eabi-hYfgK4/gcc-arm-none-eabi-10.3-2021.07=. -flto=auto -ffat-lto-objects -fstack-protector-strong' DFLAGS=-frelease FCFLAGS='-g -O2 -ffile-prefix-map=/build/gcc-arm-none-eabi-hYfgK4/gcc-arm-none-eabi-10.3-2021.07=. -flto=auto -ffat-lto-objects -fstack-protector-strong' FFLAGS='-g -O2 -ffile-prefix-map=/build/gcc-arm-none-eabi-hYfgK4/gcc-arm-none-eabi-10.3-2021.07=. -flto=auto -ffat-lto-objects -fstack-protector-strong' GCJFLAGS='-g -O2 -ffile-prefix-map=/build/gcc-arm-none-eabi-hYfgK4/gcc-arm-none-eabi-10.3-2021.07=. -fstack-protector-strong' LDFLAGS='-Wl,-Bsymbolic-functions -flto=auto -Wl,-z,relro' OBJCFLAGS='-g -O2 -ffile-prefix-map=/build/gcc-arm-none-eabi-hYfgK4/gcc-arm-none-eabi-10.3-2021.07=. -flto=auto -ffat-lto-objects -fstack-protector-strong' OBJCXXFLAGS='-g -O2 -ffile-prefix-map=/build/gcc-arm-none-eabi-hYfgK4/gcc-arm-none-eabi-10.3-2021.07=. -flto=auto -ffat-lto-objects -fstack-protector-strong' INHIBIT_LIBC_CFLAGS=-DUSE_TM_CLONE_REGISTRY=0 AR_FOR_TARGET=arm-none-eabi-ar AS_FOR_TARGET=arm-none-eabi-as LD_FOR_TARGET=arm-none-eabi-ld NM_FOR_TARGET=arm-none-eabi-nm OBJDUMP_FOR_TARGET=arm-none-eabi-objdump RANLIB_FOR_TARGET=arm-none-eabi-ranlib READELF_FOR_TARGET=arm-none-eabi-readelf STRIP_FOR_TARGET=arm-none-eabi-strip SED=/bin/sed SHELL=/bin/sh BASH=/bin/bash CONFIG_SHELL=/bin/bash]
  ignore line: [Thread model: single]
  ignore line: [Supported LTO compression algorithms: zlib]
  ignore line: [gcc version 10.3.1 20210621 (release) (15:10.3-2021.07-4) ]
  ignore line: [COLLECT_GCC_OPTIONS='-mcpu=cortex-m0plus' '-mthumb' '-v' '-o' 'CMakeFiles/cmTC_d2098.dir/CMakeCCompilerABI.c.obj' '-c' '-mfloat-abi=soft' '-mlibarch=armv6s-m' '-march=armv6s-m']
  ignore line: [ /usr/lib/gcc/arm-none-eabi/10.3.1/cc1 -quiet -v -imultilib thumb/v6-m/nofp -D__USES_INITFINI__ /usr/share/cmake-3.22/Modules/CMakeCCompilerABI.c -quiet -dumpbase CMakeCCompilerABI.c -mcpu=cortex-m0plus -mthumb -mfloat-abi=soft -mlibarch=armv6s-m -march=armv6s-m -auxbase-strip CMakeFiles/cmTC_d2098.dir/CMakeCCompilerABI.c.obj -version -o /tmp/ccGWpimX.s]
  ignore line: [GNU C17 (15:10.3-2021.07-4) version 10.3.1 20210621 (release) (arm-none-eabi)]
  ignore line: [	compiled by GNU C version 11.2.0  GMP version 6.2.1  MPFR version 4.1.0  MPC version 1.2.1  isl version isl-0.24-GMP]
  ignore line: []
  ignore line: [GGC heuristics: --param ggc-min-expand=100 --param ggc-min-heapsize=131072]
  ignore line: [ignoring nonexistent directory "/usr/lib/gcc/arm-none-eabi/10.3.1/../../../arm-none-eabi/sys-include"]
  ignore line: [#include "..." search starts here:]
  ignore line: [#include <...> search starts here:]
  ignore line: [ /usr/lib/gcc/arm-none-eabi/10.3.1/include]
  ignore line: [ /usr/lib/gcc/arm-none-eabi/10.3.1/include-fixed]
  ignore line: [ /usr/lib/gcc/arm-none-eabi/10.3.1/../../../arm-none-eabi/include]
  ignore line: [End of search list.]
  ignore line: [GNU C17 (15:10.3-2021.07-4) version 10.3.1 20210621 (release) (arm-none-eabi)]
  ignore line: [	compiled by GNU C version 11.2.0  GMP version 6.2.1  MPFR version 4.1.0  MPC version 1.2.1  isl version isl-0.24-GMP]
  ignore line: []
  ignore line: [GGC heuristics: --param ggc-min-expand=100 --param ggc-min-heapsize=131072]
  ignore line: [Compiler executable checksum: 4cf7574ae54eb0935abb4a8c56f8bcfe]
  ignore line: [COLLECT_GCC_OPTIONS='-mcpu=cortex-m0plus' '-mthumb' '-v' '-o' 'CMakeFiles/cmTC_d2098.dir/CMakeCCompilerABI.c.obj' '-c' '-mfloat-abi=soft' '-mlibarch=armv6s-m' '-march=armv6s-m']
  ignore line: [ /usr/lib/gcc/arm-none-eabi/10.3.1/../../../arm-none-eabi/bin/as -v -march=armv6s-m -mfloat-abi=soft -meabi=5 -o CMakeFiles/cmTC_d2098.dir/CMakeCCompilerABI.c.obj /tmp/ccGWpimX.s]
  ignore line: [GNU assembler version 2.38 (arm-none-eabi) using BFD version (2.38-3ubuntu1+15build1) 2.38]
  ignore line: [COMPILER_PATH=/usr/lib/gcc/arm-none-eabi/10.3.1/:/usr/lib/gcc/arm-none-eabi/10.3.1/:/usr/lib/gcc/arm-none-eabi/:/usr/lib/gcc/arm-none-eabi/10.3.1/:/usr/lib/gcc/arm-none-eabi/:/usr/lib/gcc/arm-none-eabi/10.3.1/../../../arm-none-eabi/bin/]
  ignore line: [LIBRARY_PATH=/usr/lib/gcc/arm-none-eabi/10.3.1/thumb/v6-m/nofp/:/usr/lib/gcc/arm-none-eabi/10.3.1/../../../arm-none-eabi/lib/thumb/v6-m/nofp/:/usr/lib/gcc/arm-none-eabi/10.3.1/:/usr/lib/gcc/arm-none-eabi/10.3.1/../../../arm-none-eabi/lib/]
  ignore line: [COLLECT_GCC_OPTIONS='-mcpu=cortex-m0plus' '-mthumb' '-v' '-o' 'CMakeFiles/cmTC_d2098.dir/CMakeCCompilerABI.c.obj' '-c' '-mfloat-abi=soft' '-mlibarch=armv6s-m' '-march=armv6s-m']
  ignore line: [Linking C executable cmTC_d2098.elf]
  ignore line: [/usr/bin/cmake -E cmake_link_script CMakeFiles/cmTC_d2098.dir/link.txt --verbose=1]
  ignore line: [/usr/bin/arm-none-eabi-gcc -mcpu=cortex-m0plus -mthumb  -Wl --build-id=none -nostdlib  -v CMakeFiles/cmTC_d2098.dir/CMakeCCompilerABI.c.obj -o cmTC_d2098.elf ]
  ignore line: [Using built-in specs.]
  ignore line: [COLLECT_GCC=/usr/bin/arm-none-eabi-gcc]
  ignore line: [COLLECT_LTO_WRAPPER=/usr/lib/gcc/arm-none-eabi/10.3.1/lto-wrapper]
  ignore line: [Target: arm-none-eabi]
  ignore line: [Configured with: ../configure --build=x86_64-linux-gnu --prefix=/usr --includedir='/usr/lib/include' --mandir='/usr/lib/share/man' --infodir='/usr/lib/share/info' --sysconfdir=/etc --localstatedir=/var --disable-option-checking --disable-silent-rules --libdir='/usr/lib/lib/x86_64-linux-gnu' --libexecdir='/usr/lib/lib/x86_64-linux-gnu' --disable-maintainer-mode --disable-dependency-tracking --mandir=/usr/share/man --enable-languages=c,c++,lto --enable-multilib --disable-decimal-float --disable-libffi --disable-libgomp --disable-libmudflap --disable-libquadmath --disable-libssp --disable-libstdcxx-pch --disable-nls --disable-shared --disable-threads --enable-tls --build=x86_64-linux-gnu --target=arm-none-eabi --with-system-zlib --with-gnu-as --with-gnu-ld --with-pkgversion=15:10.3-2021.07-4 --without-included-gettext --prefix=/usr/lib --infodir=/usr/share/doc/gcc-arm-none-eabi/info --htmldir=/usr/share/doc/gcc-arm-none-eabi/html --pdfdir=/usr/share/doc/gcc-arm-none-eabi/pdf --bindir=/usr/bin --libexecdir=/usr/lib --libdir=/usr/lib --disable-libstdc++-v3 --host=x86_64-linux-gnu --with-headers=no --without-newlib --with-multilib-list=rmprofile,aprofile CFLAGS='-g -O2 -ffile-prefix-map=/build/gcc-arm-none-eabi-hYfgK4/gcc-arm-none-eabi-10.3-2021.07=. -flto=auto -ffat-lto-objects -fstack-protector-strong' CPPFLAGS='-Wdate-time -D_FORTIFY_SOURCE=2' CXXFLAGS='-g -O2 -ffile-prefix-map=/build/gcc-arm-none-eabi-hYfgK4/gcc-arm-none-eabi-10.3-2021.07=. -flto=auto -ffat-lto-objects -fstack-protector-strong' DFLAGS=-frelease FCFLAGS='-g -O2 -ffile-prefix-map=/build/gcc-arm-none-eabi-hYfgK4/gcc-arm-none-eabi-10.3-2021.07=. -flto=auto -ffat-lto-objects -fstack-protector-strong' FFLAGS='-g -O2 -ffile-prefix-map=/build/gcc-arm-none-eabi-hYfgK4/gcc-arm-none-eabi-10.3-2021.07=. -flto=auto -ffat-lto-objects -fstack-protector-strong' GCJFLAGS='-g -O2 -ffile-prefix-map=/build/gcc-arm-none-eabi-hYfgK4/gcc-arm-none-eabi-10.3-2021.07=. -fstack-protector-strong' LDFLAGS='-Wl,-Bsymbolic-functions -flto=auto -Wl,-z,relro' OBJCFLAGS='-g -O2 -ffile-prefix-map=/build/gcc-arm-none-eabi-hYfgK4/gcc-arm-none-eabi-10.3-2021.07=. -flto=auto -ffat-lto-objects -fstack-protector-strong' OBJCXXFLAGS='-g -O2 -ffile-prefix-map=/build/gcc-arm-none-eabi-hYfgK4/gcc-arm-none-eabi-10.3-2021.07=. -flto=auto -ffat-lto-objects -fstack-protector-strong' INHIBIT_LIBC_CFLAGS=-DUSE_TM_CLONE_REGISTRY=0 AR_FOR_TARGET=arm-none-eabi-ar AS_FOR_TARGET=arm-none-eabi-as LD_FOR_TARGET=arm-none-eabi-ld NM_FOR_TARGET=arm-none-eabi-nm OBJDUMP_FOR_TARGET=arm-none-eabi-objdump RANLIB_FOR_TARGET=arm-none-eabi-ranlib READELF_FOR_TARGET=arm-none-eabi-readelf STRIP_FOR_TARGET=arm-none-eabi-strip SED=/bin/sed SHELL=/bin/sh BASH=/bin/bash CONFIG_SHELL=/bin/bash]
  ignore line: [Thread model: single]
  ignore line: [Supported LTO compression algorithms: zlib]
  ignore line: [gcc version 10.3.1 20210621 (release) (15:10.3-2021.07-4) ]
  ignore line: [COMPILER_PATH=/usr/lib/gcc/arm-none-eabi/10.3.1/:/usr/lib/gcc/arm-none-eabi/10.3.1/:/usr/lib/gcc/arm-none-eabi/:/usr/lib/gcc/arm-none-eabi/10.3.1/:/usr/lib/gcc/arm-none-eabi/:/usr/lib/gcc/arm-none-eabi/10.3.1/../../../arm-none-eabi/bin/]
  ignore line: [LIBRARY_PATH=/usr/lib/gcc/arm-none-eabi/10.3.1/thumb/v6-m/nofp/:/usr/lib/gcc/arm-none-eabi/10.3.1/../../../arm-none-eabi/lib/thumb/v6-m/nofp/:/usr/lib/gcc/arm-none-eabi/10.3.1/:/usr/lib/gcc/arm-none-eabi/10.3.1/../../../arm-none-eabi/lib/]
  ignore line: [COLLECT_GCC_OPTIONS='-mcpu=cortex-m0plus' '-mthumb' '-nostdlib' '-v' '-o' 'cmTC_d2098.elf' '-mfloat-abi=soft' '-mlibarch=armv6s-m' '-march=armv6s-m']
  link line: [ /usr/lib/gcc/arm-none-eabi/10.3.1/collect2 -plugin /usr/lib/gcc/arm-none-eabi/10.3.1/liblto_plugin.so -plugin-opt=/usr/lib/gcc/arm-none-eabi/10.3.1/lto-wrapper -plugin-opt=-fresolution=/tmp/ccYVRIPK.res -X -o cmTC_d2098.elf -L/usr/lib/gcc/arm-none-eabi/10.3.1/thumb/v6-m/nofp -L/usr/lib/gcc/arm-none-eabi/10.3.1/../../../arm-none-eabi/lib/thumb/v6-m/nofp -L/usr/lib/gcc/arm-none-eabi/10.3.1 -L/usr/lib/gcc/arm-none-eabi/10.3.1/../../../arm-none-eabi/lib --build-id=none CMakeFiles/cmTC_d2098.dir/CMakeCCompilerABI.c.obj]
    arg [/usr/lib/gcc/arm-none-eabi/10.3.1/collect2] ==> ignore
    arg [-plugin] ==> ignore
    arg [/usr/lib/gcc/arm-none-eabi/10.3.1/liblto_plugin.so] ==> ignore
    arg [-plugin-opt=/usr/lib/gcc/arm-none-eabi/10.3.1/lto-wrapper] ==> ignore
    arg [-plugin-opt=-fresolution=/tmp/ccYVRIPK.res] ==> ignore
    arg [-X] ==> ignore
    arg [-o] ==> ignore
    arg [cmTC_d2098.elf] ==> ignore
    arg [-L/usr/lib/gcc/arm-none-eabi/10.3.1/thumb/v6-m/nofp] ==> dir [/usr/lib/gcc/arm-none-eabi/10.3.1/thumb/v6-m/nofp]
    arg [-L/usr/lib/gcc/arm-none-eabi/10.3.1/../../../arm-none-eabi/lib/thumb/v6-m/nofp] ==> dir [/usr/lib/gcc/arm-none-eabi/10.3.1/../../../arm-none-eabi/lib/thumb/v6-m/nofp]
    arg [-L/usr/lib/gcc/arm-none-eabi/10.3.1] ==> dir [/usr/lib/gcc/arm-none-eabi/10.3.1]
    arg [-L/usr/lib/gcc/arm-none-eabi/10.3.1/../../../arm-none-eabi/lib] ==> dir [/usr/lib/gcc/arm-none-eabi/10.3.1/../../../arm-none-eabi/lib]
    arg [--build-id=none] ==> ignore
    arg [CMakeFiles/cmTC_d2098.dir/CMakeCCompilerABI.c.obj] ==> ignore
  collapse library dir [/usr/lib/gcc/arm-none-eabi/10.3.1/thumb/v6-m/nofp] ==> [/usr/lib/gcc/arm-none-eabi/10.3.1/thumb/v6-m/nofp]
  collapse library dir [/usr/lib/gcc/arm-none-eabi/10.3.1/../../../arm-none-eabi/lib/thumb/v6-m/nofp] ==> [/usr/lib/arm-none-eabi/lib/thumb/v6-m/nofp]
  collapse library dir [/usr/lib/gcc/arm-none-eabi/10.3.1] ==> [/usr/lib/gcc/arm-none-eabi/10.3.1]
  collapse library dir [/usr/lib/gcc/arm-none-eabi/10.3.1/../../../arm-none-eabi/lib] ==> [/usr/lib/arm-none-eabi/lib]
  implicit libs: []
  implicit objs: []
  implicit dirs: [/usr/lib/gcc/arm-none-eabi/10.3.1/thumb/v6-m/nofp;/usr/lib/arm-none-eabi/lib/thumb/v6-m/nofp;/usr/lib/gcc/arm-none-eabi/10.3.1;/usr/lib/arm-none-eabi/lib]
  implicit fwks: []


Detecting CXX compiler ABI info compiled with the following output:
Change Dir: /home/pi/NN2022Code/SrcBoardFirmware/build/CMakeFiles/CMakeTmp

Run Build Command(s):/usr/bin/gmake -f Makefile cmTC_f9386/fast && /usr/bin/gmake  -f CMakeFiles/cmTC_f9386.dir/build.make CMakeFiles/cmTC_f9386.dir/build
gmake[1]: Entering directory '/home/pi/NN2022Code/SrcBoardFirmware/build/CMakeFiles/CMakeTmp'
Building CXX object CMakeFiles/cmTC_f9386.dir/CMakeCXXCompilerABI.cpp.obj
/usr/bin/arm-none-eabi-g++   -mcpu=cortex-m0plus -mthumb    -v -o CMakeFiles/cmTC_f9386.dir/CMakeCXXCompilerABI.cpp.obj -c /usr/share/cmake-3.22/Modules/CMakeCXXCompilerABI.cpp
Using built-in specs.
COLLECT_GCC=/usr/bin/arm-none-eabi-g++
Target: arm-none-eabi
Configured with: ../configure --build=x86_64-linux-gnu --prefix=/usr --includedir='/usr/lib/include' --mandir='/usr/lib/share/man' --infodir='/usr/lib/share/info' --sysconfdir=/etc --localstatedir=/var --disable-option-checking --disable-silent-rules --libdir='/usr/lib/lib/x86_64-linux-gnu' --libexecdir='/usr/lib/lib/x86_64-linux-gnu' --disable-maintainer-mode --disable-dependency-tracking --mandir=/usr/share/man --enable-languages=c,c++,lto --enable-multilib --disable-decimal-float --disable-libffi --disable-libgomp --disable-libmudflap --disable-libquadmath --disable-libssp --disable-libstdcxx-pch --disable-nls --disable-shared --disable-threads --enable-tls --build=x86_64-linux-gnu --target=arm-none-eabi --with-system-zlib --with-gnu-as --with-gnu-ld --with-pkgversion=15:10.3-2021.07-4 --without-included-gettext --prefix=/usr/lib --infodir=/usr/share/doc/gcc-arm-none-eabi/info --htmldir=/usr/share/doc/gcc-arm-none-eabi/html --pdfdir=/usr/share/doc/gcc-arm-none-eabi/pdf --bindir=/usr/bin --libexecdir=/usr/lib --libdir=/usr/lib --disable-libstdc++-v3 --host=x86_64-linux-gnu --with-headers=no --without-newlib --with-multilib-list=rmprofile,aprofile CFLAGS='-g -O2 -ffile-prefix-map=/build/gcc-arm-none-eabi-hYfgK4/gcc-arm-none-eabi-10.3-2021.07=. -flto=auto -ffat-lto-objects -fstack-protector-strong' CPPFLAGS='-Wdate-time -D_FORTIFY_SOURCE=2' CXXFLAGS='-g -O2 -ffile-prefix-map=/build/gcc-arm-none-eabi-hYfgK4/gcc-arm-none-eabi-10.3-2021.07=. -flto=auto -ffat-lto-objects -fstack-protector-strong' DFLAGS=-frelease FCFLAGS='-g -O2 -ffile-prefix-map=/build/gcc-arm-none-eabi-hYfgK4/gcc-arm-none-eabi-10.3-2021.07=. -flto=auto -ffat-lto-objects -fstack-protector-strong' FFLAGS='-g -O2 -ffile-prefix-map=/build/gcc-arm-none-eabi-hYfgK4/gcc-arm-none-eabi-10.3-2021.07=. -flto=auto -ffat-lto-objects -fstack-protector-strong' GCJFLAGS='-g -O2 -ffile-prefix-map=/build/gcc-arm-none-eabi-hYfgK4/gcc-arm-none-eabi-10.3-2021.07=. -fstack-protector-strong' LDFLAGS='-Wl,-Bsymbolic-functions -flto=auto -Wl,-z,relro' OBJCFLAGS='-g -O2 -ffile-prefix-map=/build/gcc-arm-none-eabi-hYfgK4/gcc-arm-none-eabi-10.3-2021.07=. -flto=auto -ffat-lto-objects -fstack-protector-strong' OBJCXXFLAGS='-g -O2 -ffile-prefix-map=/build/gcc-arm-none-eabi-hYfgK4/gcc-arm-none-eabi-10.3-2021.07=. -flto=auto -ffat-lto-objects -fstack-protector-strong' INHIBIT_LIBC_CFLAGS=-DUSE_TM_CLONE_REGISTRY=0 AR_FOR_TARGET=arm-none-eabi-ar AS_FOR_TARGET=arm-none-eabi-as LD_FOR_TARGET=arm-none-eabi-ld NM_FOR_TARGET=arm-none-eabi-nm OBJDUMP_FOR_TARGET=arm-none-eabi-objdump RANLIB_FOR_TARGET=arm-none-eabi-ranlib READELF_FOR_TARGET=arm-none-eabi-readelf STRIP_FOR_TARGET=arm-none-eabi-strip SED=/bin/sed SHELL=/bin/sh BASH=/bin/bash CONFIG_SHELL=/bin/bash
Thread model: single
Supported LTO compression algorithms: zlib
gcc version 10.3.1 20210621 (release) (15:10.3-2021.07-4) 
COLLECT_GCC_OPTIONS='-mcpu=cortex-m0plus' '-mthumb' '-v' '-o' 'CMakeFiles/cmTC_f9386.dir/CMakeCXXCompilerABI.cpp.obj' '-c' '-mfloat-abi=soft' '-mlibarch=armv6s-m' '-march=armv6s-m'
 /usr/lib/gcc/arm-none-eabi/10.3.1/cc1plus -quiet -v -imultilib thumb/v6-m/nofp -D__USES_INITFINI__ /usr/share/cmake-3.22/Modules/CMakeCXXCompilerABI.cpp -quiet -dumpbase CMakeCXXCompilerABI.cpp -mcpu=cortex-m0plus -mthumb -mfloat-abi=soft -mlibarch=armv6s-m -march=armv6s-m -auxbase-strip CMakeFiles/cmTC_f9386.dir/CMakeCXXCompilerABI.cpp.obj -version -o /tmp/ccuDoJhS.s
GNU C++14 (15:10.3-2021.07-4) version 10.3.1 20210621 (release) (arm-none-eabi)
	compiled by GNU C version 11.2.0, GMP version 6.2.1, MPFR version 4.1.0, MPC version 1.2.1, isl version isl-0.24-GMP

GGC heuristics: --param ggc-min-expand=100 --param ggc-min-heapsize=131072
ignoring nonexistent directory "/usr/lib/gcc/arm-none-eabi/10.3.1/../../../arm-none-eabi/sys-include"
#include "..." search starts here:
#include <...> search starts here:
 /usr/lib/gcc/arm-none-eabi/10.3.1/../../../arm-none-eabi/include/c++/10.3.1
 /usr/lib/gcc/arm-none-eabi/10.3.1/../../../arm-none-eabi/include/c++/10.3.1/arm-none-eabi/thumb/v6-m/nofp
 /usr/lib/gcc/arm-none-eabi/10.3.1/../../../arm-none-eabi/include/c++/10.3.1/backward
 /usr/lib/gcc/arm-none-eabi/10.3.1/include
 /usr/lib/gcc/arm-none-eabi/10.3.1/include-fixed
 /usr/lib/gcc/arm-none-eabi/10.3.1/../../../arm-none-eabi/include
End of search list.
GNU C++14 (15:10.3-2021.07-4) version 10.3.1 20210621 (release) (arm-none-eabi)
	compiled by GNU C version 11.2.0, GMP version 6.2.1, MPFR version 4.1.0, MPC version 1.2.1, isl version isl-0.24-GMP

GGC heuristics: --param ggc-min-expand=100 --param ggc-min-heapsize=131072
Compiler executable checksum: 4f994585a8ca8864fa1f4d2fb208a0ba
COLLECT_GCC_OPTIONS='-mcpu=cortex-m0plus' '-mthumb' '-v' '-o' 'CMakeFiles/cmTC_f9386.dir/CMakeCXXCompilerABI.cpp.obj' '-c' '-mfloat-abi=soft' '-mlibarch=armv6s-m' '-march=armv6s-m'
 /usr/lib/gcc/arm-none-eabi/10.3.1/../../../arm-none-eabi/bin/as -v -march=armv6s-m -mfloat-abi=soft -meabi=5 -o CMakeFiles/cmTC_f9386.dir/CMakeCXXCompilerABI.cpp.obj /tmp/ccuDoJhS.s
GNU assembler version 2.38 (arm-none-eabi) using BFD version (2.38-3ubuntu1+15build1) 2.38
COMPILER_PATH=/usr/lib/gcc/arm-none-eabi/10.3.1/:/usr/lib/gcc/arm-none-eabi/10.3.1/:/usr/lib/gcc/arm-none-eabi/:/usr/lib/gcc/arm-none-eabi/10.3.1/:/usr/lib/gcc/arm-none-eabi/:/usr/lib/gcc/arm-none-eabi/10.3.1/../../../arm-none-eabi/bin/
LIBRARY_PATH=/usr/lib/gcc/arm-none-eabi/10.3.1/thumb/v6-m/nofp/:/usr/lib/gcc/arm-none-eabi/10.3.1/../../../arm-none-eabi/lib/thumb/v6-m/nofp/:/usr/lib/gcc/arm-none-eabi/10.3.1/:/usr/lib/gcc/arm-none-eabi/10.3.1/../../../arm-none-eabi/lib/
COLLECT_GCC_OPTIONS='-mcpu=cortex-m0plus' '-mthumb' '-v' '-o' 'CMakeFiles/cmTC_f9386.dir/CMakeCXXCompilerABI.cpp.obj' '-c' '-mfloat-abi=soft' '-mlibarch=armv6s-m' '-march=armv6s-m'
Linking CXX executable cmTC_f9386.elf
/usr/bin/cmake -E cmake_link_script CMakeFiles/cmTC_f9386.dir/link.txt --verbose=1
/usr/bin/arm-none-eabi-g++ -mcpu=cortex-m0plus -mthumb  -Wl,--build-id=none -nostdlib  -v CMakeFiles/cmTC_f9386.dir/CMakeCXXCompilerABI.cpp.obj -o cmTC_f9386.elf 
Using built-in specs.
COLLECT_GCC=/usr/bin/arm-none-eabi-g++
COLLECT_LTO_WRAPPER=/usr/lib/gcc/arm-none-eabi/10.3.1/lto-wrapper
Target: arm-none-eabi
Configured with: ../configure --build=x86_64-linux-gnu --prefix=/usr --includedir='/usr/lib/include' --mandir='/usr/lib/share/man' --infodir='/usr/lib/share/info' --sysconfdir=/etc --localstatedir=/var --disable-option-checking --disable-silent-rules --libdir='/usr/lib/lib/x86_64-linux-gnu' --libexecdir='/usr/lib/lib/x86_64-linux-gnu' --disable-maintainer-mode --disable-dependency-tracking --mandir=/usr/share/man --enable-languages=c,c++,lto --enable-multilib --disable-decimal-float --disable-libffi --disable-libgomp --disable-libmudflap --disable-libquadmath --disable-libssp --disable-libstdcxx-pch --disable-nls --disable-shared --disable-threads --enable-tls --build=x86_64-linux-gnu --target=arm-none-eabi --with-system-zlib --with-gnu-as --with-gnu-ld --with-pkgversion=15:10.3-2021.07-4 --without-included-gettext --prefix=/usr/lib --infodir=/usr/share/doc/gcc-arm-none-eabi/info --htmldir=/usr/share/doc/gcc-arm-none-eabi/html --pdfdir=/usr/share/doc/gcc-arm-none-eabi/pdf --bindir=/usr/bin --libexecdir=/usr/lib --libdir=/usr/lib --disable-libstdc++-v3 --host=x86_64-linux-gnu --with-headers=no --without-newlib --with-multilib-list=rmprofile,aprofile CFLAGS='-g -O2 -ffile-prefix-map=/build/gcc-arm-none-eabi-hYfgK4/gcc-arm-none-eabi-10.3-2021.07=. -flto=auto -ffat-lto-objects -fstack-protector-strong' CPPFLAGS='-Wdate-time -D_FORTIFY_SOURCE=2' CXXFLAGS='-g -O2 -ffile-prefix-map=/build/gcc-arm-none-eabi-hYfgK4/gcc-arm-none-eabi-10.3-2021.07=. -flto=auto -ffat-lto-objects -fstack-protector-strong' DFLAGS=-frelease FCFLAGS='-g -O2 -ffile-prefix-map=/build/gcc-arm-none-eabi-hYfgK4/gcc-arm-none-eabi-10.3-2021.07=. -flto=auto -ffat-lto-objects -fstack-protector-strong' FFLAGS='-g -O2 -ffile-prefix-map=/build/gcc-arm-none-eabi-hYfgK4/gcc-arm-none-eabi-10.3-2021.07=. -flto=auto -ffat-lto-objects -fstack-protector-strong' GCJFLAGS='-g -O2 -ffile-prefix-map=/build/gcc-arm-none-eabi-hYfgK4/gcc-arm-none-eabi-10.3-2021.07=. -fstack-protector-strong' LDFLAGS='-Wl,-Bsymbolic-functions -flto=auto -Wl,-z,relro' OBJCFLAGS='-g -O2 -ffile-prefix-map=/build/gcc-arm-none-eabi-hYfgK4/gcc-arm-none-eabi-10.3-2021.07=. -flto=auto -ffat-lto-objects -fstack-protector-strong' OBJCXXFLAGS='-g -O2 -ffile-prefix-map=/build/gcc-arm-none-eabi-hYfgK4/gcc-arm-none-eabi-10.3-2021.07=. -flto=auto -ffat-lto-objects -fstack-protector-strong' INHIBIT_LIBC_CFLAGS=-DUSE_TM_CLONE_REGISTRY=0 AR_FOR_TARGET=arm-none-eabi-ar AS_FOR_TARGET=arm-none-eabi-as LD_FOR_TARGET=arm-none-eabi-ld NM_FOR_TARGET=arm-none-eabi-nm OBJDUMP_FOR_TARGET=arm-none-eabi-objdump RANLIB_FOR_TARGET=arm-none-eabi-ranlib READELF_FOR_TARGET=arm-none-eabi-readelf STRIP_FOR_TARGET=arm-none-eabi-strip SED=/bin/sed SHELL=/bin/sh BASH=/bin/bash CONFIG_SHELL=/bin/bash
Thread model: single
Supported LTO compression algorithms: zlib
gcc version 10.3.1 20210621 (release) (15:10.3-2021.07-4) 
COMPILER_PATH=/usr/lib/gcc/arm-none-eabi/10.3.1/:/usr/lib/gcc/arm-none-eabi/10.3.1/:/usr/lib/gcc/arm-none-eabi/:/usr/lib/gcc/arm-none-eabi/10.3.1/:/usr/lib/gcc/arm-none-eabi/:/usr/lib/gcc/arm-none-eabi/10.3.1/../../../arm-none-eabi/bin/
LIBRARY_PATH=/usr/lib/gcc/arm-none-eabi/10.3.1/thumb/v6-m/nofp/:/usr/lib/gcc/arm-none-eabi/10.3.1/../../../arm-none-eabi/lib/thumb/v6-m/nofp/:/usr/lib/gcc/arm-none-eabi/10.3.1/:/usr/lib/gcc/arm-none-eabi/10.3.1/../../../arm-none-eabi/lib/
COLLECT_GCC_OPTIONS='-mcpu=cortex-m0plus' '-mthumb' '-nostdlib' '-v' '-o' 'cmTC_f9386.elf' '-mfloat-abi=soft' '-mlibarch=armv6s-m' '-march=armv6s-m'
 /usr/lib/gcc/arm-none-eabi/10.3.1/collect2 -plugin /usr/lib/gcc/arm-none-eabi/10.3.1/liblto_plugin.so -plugin-opt=/usr/lib/gcc/arm-none-eabi/10.3.1/lto-wrapper -plugin-opt=-fresolution=/tmp/ccM765ja.res -X -o cmTC_f9386.elf -L/usr/lib/gcc/arm-none-eabi/10.3.1/thumb/v6-m/nofp -L/usr/lib/gcc/arm-none-eabi/10.3.1/../../../arm-none-eabi/lib/thumb/v6-m/nofp -L/usr/lib/gcc/arm-none-eabi/10.3.1 -L/usr/lib/gcc/arm-none-eabi/10.3.1/../../../arm-none-eabi/lib --build-id=none CMakeFiles/cmTC_f9386.dir/CMakeCXXCompilerABI.cpp.obj
/usr/lib/gcc/arm-none-eabi/10.3.1/../../../arm-none-eabi/bin/ld: warning: cannot find entry symbol _start; defaulting to 0000000000008000
COLLECT_GCC_OPTIONS='-mcpu=cortex-m0plus' '-mthumb' '-nostdlib' '-v' '-o' 'cmTC_f9386.elf' '-mfloat-abi=soft' '-mlibarch=armv6s-m' '-march=armv6s-m'
gmake[1]: Leaving directory '/home/pi/NN2022Code/SrcBoardFirmware/build/CMakeFiles/CMakeTmp'



Parsed CXX implicit include dir info from above output: rv=done
  found start of include info
  found start of implicit include info
    add: [/usr/lib/gcc/arm-none-eabi/10.3.1/../../../arm-none-eabi/include/c++/10.3.1]
    add: [/usr/lib/gcc/arm-none-eabi/10.3.1/../../../arm-none-eabi/include/c++/10.3.1/arm-none-eabi/thumb/v6-m/nofp]
    add: [/usr/lib/gcc/arm-none-eabi/10.3.1/../../../arm-none-eabi/include/c++/10.3.1/backward]
    add: [/usr/lib/gcc/arm-none-eabi/10.3.1/include]
    add: [/usr/lib/gcc/arm-none-eabi/10.3.1/include-fixed]
    add: [/usr/lib/gcc/arm-none-eabi/10.3.1/../../../arm-none-eabi/include]
  end of search list found
  collapse include dir [/usr/lib/gcc/arm-none-eabi/10.3.1/../../../arm-none-eabi/include/c++/10.3.1] ==> [/usr/lib/arm-none-eabi/include/c++/10.3.1]
  collapse include dir [/usr/lib/gcc/arm-none-eabi/10.3.1/../../../arm-none-eabi/include/c++/10.3.1/arm-none-eabi/thumb/v6-m/nofp] ==> [/usr/lib/arm-none-eabi/include/c++/10.3.1/arm-none-eabi/thumb/v6-m/nofp]
  collapse include dir [/usr/lib/gcc/arm-none-eabi/10.3.1/../../../arm-none-eabi/include/c++/10.3.1/backward] ==> [/usr/lib/arm-none-eabi/include/c++/10.3.1/backward]
  collapse include dir [/usr/lib/gcc/arm-none-eabi/10.3.1/include] ==> [/usr/lib/gcc/arm-none-eabi/10.3.1/include]
  collapse include dir [/usr/lib/gcc/arm-none-eabi/10.3.1/include-fixed] ==> [/usr/lib/gcc/arm-none-eabi/10.3.1/include-fixed]
  collapse include dir [/usr/lib/gcc/arm-none-eabi/10.3.1/../../../arm-none-eabi/include] ==> [/usr/lib/arm-none-eabi/include]
  implicit include dirs: [/usr/lib/arm-none-eabi/include/c++/10.3.1;/usr/lib/arm-none-eabi/include/c++/10.3.1/arm-none-eabi/thumb/v6-m/nofp;/usr/lib/arm-none-eabi/include/c++/10.3.1/backward;/usr/lib/gcc/arm-none-eabi/10.3.1/include;/usr/lib/gcc/arm-none-eabi/10.3.1/include-fixed;/usr/lib/arm-none-eabi/include]


Parsed CXX implicit link information from above output:
  link line regex: [^( *|.*[/\])(arm-none-eabi-ld|CMAKE_LINK_STARTFILE-NOTFOUND|([^/\]+-)?ld|collect2)[^/\]*( |$)]
  ignore line: [Change Dir: /home/pi/NN2022Code/SrcBoardFirmware/build/CMakeFiles/CMakeTmp]
  ignore line: []
  ignore line: [Run Build Command(s):/usr/bin/gmake -f Makefile cmTC_f9386/fast && /usr/bin/gmake  -f CMakeFiles/cmTC_f9386.dir/build.make CMakeFiles/cmTC_f9386.dir/build]
  ignore line: [gmake[1]: Entering directory '/home/pi/NN2022Code/SrcBoardFirmware/build/CMakeFiles/CMakeTmp']
  ignore line: [Building CXX object CMakeFiles/cmTC_f9386.dir/CMakeCXXCompilerABI.cpp.obj]
  ignore line: [/usr/bin/arm-none-eabi-g++   -mcpu=cortex-m0plus -mthumb    -v -o CMakeFiles/cmTC_f9386.dir/CMakeCXXCompilerABI.cpp.obj -c /usr/share/cmake-3.22/Modules/CMakeCXXCompilerABI.cpp]
  ignore line: [Using built-in specs.]
  ignore line: [COLLECT_GCC=/usr/bin/arm-none-eabi-g++]
  ignore line: [Target: arm-none-eabi]
  ignore line: [Configured with: ../configure --build=x86_64-linux-gnu --prefix=/usr --includedir='/usr/lib/include' --mandir='/usr/lib/share/man' --infodir='/usr/lib/share/info' --sysconfdir=/etc --localstatedir=/var --disable-option-checking --disable-silent-rules --libdir='/usr/lib/lib/x86_64-linux-gnu' --libexecdir='/usr/lib/lib/x86_64-linux-gnu' --disable-maintainer-mode --disable-dependency-tracking --mandir=/usr/share/man --enable-languages=c,c++,lto --enable-multilib --disable-decimal-float --disable-libffi --disable-libgomp --disable-libmudflap --disable-libquadmath --disable-libssp --disable-libstdcxx-pch --disable-nls --disable-shared --disable-threads --enable-tls --build=x86_64-linux-gnu --target=arm-none-eabi --with-system-zlib --with-gnu-as --with-gnu-ld --with-pkgversion=15:10.3-2021.07-4 --without-included-gettext --prefix=/usr/lib --infodir=/usr/share/doc/gcc-arm-none-eabi/info --htmldir=/usr/share/doc/gcc-arm-none-eabi/html --pdfdir=/usr/share/doc/gcc-arm-none-eabi/pdf --bindir=/usr/bin --libexecdir=/usr/lib --libdir=/usr/lib --disable-libstdc++-v3 --host=x86_64-linux-gnu --with-headers=no --without-newlib --with-multilib-list=rmprofile,aprofile CFLAGS='-g -O2 -ffile-prefix-map=/build/gcc-arm-none-eabi-hYfgK4/gcc-arm-none-eabi-10.3-2021.07=. -flto=auto -ffat-lto-objects -fstack-protector-strong' CPPFLAGS='-Wdate-time -D_FORTIFY_SOURCE=2' CXXFLAGS='-g -O2 -ffile-prefix-map=/build/gcc-arm-none-eabi-hYfgK4/gcc-arm-none-eabi-10.3-2021.07=. -flto=auto -ffat-lto-objects -fstack-protector-strong' DFLAGS=-frelease FCFLAGS='-g -O2 -ffile-prefix-map=/build/gcc-arm-none-eabi-hYfgK4/gcc-arm-none-eabi-10.3-2021.07=. -flto=auto -ffat-lto-objects -fstack-protector-strong' FFLAGS='-g -O2 -ffile-prefix-map=/build/gcc-arm-none-eabi-hYfgK4/gcc-arm-none-eabi-10.3-2021.07=. -flto=auto -ffat-lto-objects -fstack-protector-strong' GCJFLAGS='-g -O2 -ffile-prefix-map=/build/gcc-arm-none-eabi-hYfgK4/gcc-arm-none-eabi-10.3-2021.07=. -fstack-protector-strong' LDFLAGS='-Wl,-Bsymbolic-functions -flto=auto -Wl,-z,relro' OBJCFLAGS='-g -O2 -ffile-prefix-map=/build/gcc-arm-none-eabi-hYfgK4/gcc-arm-none-eabi-10.3-2021.07=. -flto=auto -ffat-lto-objects -fstack-protector-strong' OBJCXXFLAGS='-g -O2 -ffile-prefix-map=/build/gcc-arm-none-eabi-hYfgK4/gcc-arm-none-eabi-10.3-2021.07=. -flto=auto -ffat-lto-objects -fstack-protector-strong' INHIBIT_LIBC_CFLAGS=-DUSE_TM_CLONE_REGISTRY=0 AR_FOR_TARGET=arm-none-eabi-ar AS_FOR_TARGET=arm-none-eabi-as LD_FOR_TARGET=arm-none-eabi-ld NM_FOR_TARGET=arm-none-eabi-nm OBJDUMP_FOR_TARGET=arm-none-eabi-objdump RANLIB_FOR_TARGET=arm-none-eabi-ranlib READELF_FOR_TARGET=arm-none-eabi-readelf STRIP_FOR_TARGET=arm-none-eabi-strip SED=/bin/sed SHELL=/bin/sh BASH=/bin/bash CONFIG_SHELL=/bin/bash]
  ignore line: [Thread model: single]
  ignore line: [Supported LTO compression algorithms: zlib]
  ignore line: [gcc version 10.3.1 20210621 (release) (15:10.3-2021.07-4) ]
  ignore line: [COLLECT_GCC_OPTIONS='-mcpu=cortex-m0plus' '-mthumb' '-v' '-o' 'CMakeFiles/cmTC_f9386.dir/CMakeCXXCompilerABI.cpp.obj' '-c' '-mfloat-abi=soft' '-mlibarch=armv6s-m' '-march=armv6s-m']
  ignore line: [ /usr/lib/gcc/arm-none-eabi/10.3.1/cc1plus -quiet -v -imultilib thumb/v6-m/nofp -D__USES_INITFINI__ /usr/share/cmake-3.22/Modules/CMakeCXXCompilerABI.cpp -quiet -dumpbase CMakeCXXCompilerABI.cpp -mcpu=cortex-m0plus -mthumb -mfloat-abi=soft -mlibarch=armv6s-m -march=armv6s-m -auxbase-strip CMakeFiles/cmTC_f9386.dir/CMakeCXXCompilerABI.cpp.obj -version -o /tmp/ccuDoJhS.s]
  ignore line: [GNU C++14 (15:10.3-2021.07-4) version 10.3.1 20210621 (release) (arm-none-eabi)]
  ignore line: [	compiled by GNU C version 11.2.0  GMP version 6.2.1  MPFR version 4.1.0  MPC version 1.2.1  isl version isl-0.24-GMP]
  ignore line: []
  ignore line: [GGC heuristics: --param ggc-min-expand=100 --param ggc-min-heapsize=131072]
  ignore line: [ignoring nonexistent directory "/usr/lib/gcc/arm-none-eabi/10.3.1/../../../arm-none-eabi/sys-include"]
  ignore line: [#include "..." search starts here:]
  ignore line: [#include <...> search starts here:]
  ignore line: [ /usr/lib/gcc/arm-none-eabi/10.3.1/../../../arm-none-eabi/include/c++/10.3.1]
  ignore line: [ /usr/lib/gcc/arm-none-eabi/10.3.1/../../../arm-none-eabi/include/c++/10.3.1/arm-none-eabi/thumb/v6-m/nofp]
  ignore line: [ /usr/lib/gcc/arm-none-eabi/10.3.1/../../../arm-none-eabi/include/c++/10.3.1/backward]
  ignore line: [ /usr/lib/gcc/arm-none-eabi/10.3.1/include]
  ignore line: [ /usr/lib/gcc/arm-none-eabi/10.3.1/include-fixed]
  ignore line: [ /usr/lib/gcc/arm-none-eabi/10.3.1/../../../arm-none-eabi/include]
  ignore line: [End of search list.]
  ignore line: [GNU C++14 (15:10.3-2021.07-4) version 10.3.1 20210621 (release) (arm-none-eabi)]
  ignore line: [	compiled by GNU C version 11.2.0  GMP version 6.2.1  MPFR version 4.1.0  MPC version 1.2.1  isl version isl-0.24-GMP]
  ignore line: []
  ignore line: [GGC heuristics: --param ggc-min-expand=100 --param ggc-min-heapsize=131072]
  ignore line: [Compiler executable checksum: 4f994585a8ca8864fa1f4d2fb208a0ba]
  ignore line: [COLLECT_GCC_OPTIONS='-mcpu=cortex-m0plus' '-mthumb' '-v' '-o' 'CMakeFiles/cmTC_f9386.dir/CMakeCXXCompilerABI.cpp.obj' '-c' '-mfloat-abi=soft' '-mlibarch=armv6s-m' '-march=armv6s-m']
  ignore line: [ /usr/lib/gcc/arm-none-eabi/10.3.1/../../../arm-none-eabi/bin/as -v -march=armv6s-m -mfloat-abi=soft -meabi=5 -o CMakeFiles/cmTC_f9386.dir/CMakeCXXCompilerABI.cpp.obj /tmp/ccuDoJhS.s]
  ignore line: [GNU assembler version 2.38 (arm-none-eabi) using BFD version (2.38-3ubuntu1+15build1) 2.38]
  ignore line: [COMPILER_PATH=/usr/lib/gcc/arm-none-eabi/10.3.1/:/usr/lib/gcc/arm-none-eabi/10.3.1/:/usr/lib/gcc/arm-none-eabi/:/usr/lib/gcc/arm-none-eabi/10.3.1/:/usr/lib/gcc/arm-none-eabi/:/usr/lib/gcc/arm-none-eabi/10.3.1/../../../arm-none-eabi/bin/]
  ignore line: [LIBRARY_PATH=/usr/lib/gcc/arm-none-eabi/10.3.1/thumb/v6-m/nofp/:/usr/lib/gcc/arm-none-eabi/10.3.1/../../../arm-none-eabi/lib/thumb/v6-m/nofp/:/usr/lib/gcc/arm-none-eabi/10.3.1/:/usr/lib/gcc/arm-none-eabi/10.3.1/../../../arm-none-eabi/lib/]
  ignore line: [COLLECT_GCC_OPTIONS='-mcpu=cortex-m0plus' '-mthumb' '-v' '-o' 'CMakeFiles/cmTC_f9386.dir/CMakeCXXCompilerABI.cpp.obj' '-c' '-mfloat-abi=soft' '-mlibarch=armv6s-m' '-march=armv6s-m']
  ignore line: [Linking CXX executable cmTC_f9386.elf]
  ignore line: [/usr/bin/cmake -E cmake_link_script CMakeFiles/cmTC_f9386.dir/link.txt --verbose=1]
  ignore line: [/usr/bin/arm-none-eabi-g++ -mcpu=cortex-m0plus -mthumb  -Wl --build-id=none -nostdlib  -v CMakeFiles/cmTC_f9386.dir/CMakeCXXCompilerABI.cpp.obj -o cmTC_f9386.elf ]
  ignore line: [Using built-in specs.]
  ignore line: [COLLECT_GCC=/usr/bin/arm-none-eabi-g++]
  ignore line: [COLLECT_LTO_WRAPPER=/usr/lib/gcc/arm-none-eabi/10.3.1/lto-wrapper]
  ignore line: [Target: arm-none-eabi]
  ignore line: [Configured with: ../configure --build=x86_64-linux-gnu --prefix=/usr --includedir='/usr/lib/include' --mandir='/usr/lib/share/man' --infodir='/usr/lib/share/info' --sysconfdir=/etc --localstatedir=/var --disable-option-checking --disable-silent-rules --libdir='/usr/lib/lib/x86_64-linux-gnu' --libexecdir='/usr/lib/lib/x86_64-linux-gnu' --disable-maintainer-mode --disable-dependency-tracking --mandir=/usr/share/man --enable-languages=c,c++,lto --enable-multilib --disable-decimal-float --disable-libffi --disable-libgomp --disable-libmudflap --disable-libquadmath --disable-libssp --disable-libstdcxx-pch --disable-nls --disable-shared --disable-threads --enable-tls --build=x86_64-linux-gnu --target=arm-none-eabi --with-system-zlib --with-gnu-as --with-gnu-ld --with-pkgversion=15:10.3-2021.07-4 --without-included-gettext --prefix=/usr/lib --infodir=/usr/share/doc/gcc-arm-none-eabi/info --htmldir=/usr/share/doc/gcc-arm-none-eabi/html --pdfdir=/usr/share/doc/gcc-arm-none-eabi/pdf --bindir=/usr/bin --libexecdir=/usr/lib --libdir=/usr/lib --disable-libstdc++-v3 --host=x86_64-linux-gnu --with-headers=no --without-newlib --with-multilib-list=rmprofile,aprofile CFLAGS='-g -O2 -ffile-prefix-map=/build/gcc-arm-none-eabi-hYfgK4/gcc-arm-none-eabi-10.3-2021.07=. -flto=auto -ffat-lto-objects -fstack-protector-strong' CPPFLAGS='-Wdate-time -D_FORTIFY_SOURCE=2' CXXFLAGS='-g -O2 -ffile-prefix-map=/build/gcc-arm-none-eabi-hYfgK4/gcc-arm-none-eabi-10.3-2021.07=. -flto=auto -ffat-lto-objects -fstack-protector-strong' DFLAGS=-frelease FCFLAGS='-g -O2 -ffile-prefix-map=/build/gcc-arm-none-eabi-hYfgK4/gcc-arm-none-eabi-10.3-2021.07=. -flto=auto -ffat-lto-objects -fstack-protector-strong' FFLAGS='-g -O2 -ffile-prefix-map=/build/gcc-arm-none-eabi-hYfgK4/gcc-arm-none-eabi-10.3-2021.07=. -flto=auto -ffat-lto-objects -fstack-protector-strong' GCJFLAGS='-g -O2 -ffile-prefix-map=/build/gcc-arm-none-eabi-hYfgK4/gcc-arm-none-eabi-10.3-2021.07=. -fstack-protector-strong' LDFLAGS='-Wl,-Bsymbolic-functions -flto=auto -Wl,-z,relro' OBJCFLAGS='-g -O2 -ffile-prefix-map=/build/gcc-arm-none-eabi-hYfgK4/gcc-arm-none-eabi-10.3-2021.07=. -flto=auto -ffat-lto-objects -fstack-protector-strong' OBJCXXFLAGS='-g -O2 -ffile-prefix-map=/build/gcc-arm-none-eabi-hYfgK4/gcc-arm-none-eabi-10.3-2021.07=. -flto=auto -ffat-lto-objects -fstack-protector-strong' INHIBIT_LIBC_CFLAGS=-DUSE_TM_CLONE_REGISTRY=0 AR_FOR_TARGET=arm-none-eabi-ar AS_FOR_TARGET=arm-none-eabi-as LD_FOR_TARGET=arm-none-eabi-ld NM_FOR_TARGET=arm-none-eabi-nm OBJDUMP_FOR_TARGET=arm-none-eabi-objdump RANLIB_FOR_TARGET=arm-none-eabi-ranlib READELF_FOR_TARGET=arm-none-eabi-readelf STRIP_FOR_TARGET=arm-none-eabi-strip SED=/bin/sed SHELL=/bin/sh BASH=/bin/bash CONFIG_SHELL=/bin/bash]
  ignore line: [Thread model: single]
  ignore line: [Supported LTO compression algorithms: zlib]
  ignore line: [gcc version 10.3.1 20210621 (release) (15:10.3-2021.07-4) ]
  ignore line: [COMPILER_PATH=/usr/lib/gcc/arm-none-eabi/10.3.1/:/usr/lib/gcc/arm-none-eabi/10.3.1/:/usr/lib/gcc/arm-none-eabi/:/usr/lib/gcc/arm-none-eabi/10.3.1/:/usr/lib/gcc/arm-none-eabi/:/usr/lib/gcc/arm-none-eabi/10.3.1/../../../arm-none-eabi/bin/]
  ignore line: [LIBRARY_PATH=/usr/lib/gcc/arm-none-eabi/10.3.1/thumb/v6-m/nofp/:/usr/lib/gcc/arm-none-eabi/10.3.1/../../../arm-none-eabi/lib/thumb/v6-m/nofp/:/usr/lib/gcc/arm-none-eabi/10.3.1/:/usr/lib/gcc/arm-none-eabi/10.3.1/../../../arm-none-eabi/lib/]
  ignore line: [COLLECT_GCC_OPTIONS='-mcpu=cortex-m0plus' '-mthumb' '-nostdlib' '-v' '-o' 'cmTC_f9386.elf' '-mfloat-abi=soft' '-mlibarch=armv6s-m' '-march=armv6s-m']
  link line: [ /usr/lib/gcc/arm-none-eabi/10.3.1/collect2 -plugin /usr/lib/gcc/arm-none-eabi/10.3.1/liblto_plugin.so -plugin-opt=/usr/lib/gcc/arm-none-eabi/10.3.1/lto-wrapper -plugin-opt=-fresolution=/tmp/ccM765ja.res -X -o cmTC_f9386.elf -L/usr/lib/gcc/arm-none-eabi/10.3.1/thumb/v6-m/nofp -L/usr/lib/gcc/arm-none-eabi/10.3.1/../../../arm-none-eabi/lib/thumb/v6-m/nofp -L/usr/lib/gcc/arm-none-eabi/10.3.1 -L/usr/lib/gcc/arm-none-eabi/10.3.1/../../../arm-none-eabi/lib --build-id=none CMakeFiles/cmTC_f9386.dir/CMakeCXXCompilerABI.cpp.obj]
    arg [/usr/lib/gcc/arm-none-eabi/10.3.1/collect2] ==> ignore
    arg [-plugin] ==> ignore
    arg [/usr/lib/gcc/arm-none-eabi/10.3.1/liblto_plugin.so] ==> ignore
    arg [-plugin-opt=/usr/lib/gcc/arm-none-eabi/10.3.1/lto-wrapper] ==> ignore
    arg [-plugin-opt=-fresolution=/tmp/ccM765ja.res] ==> ignore
    arg [-X] ==> ignore
    arg [-o] ==> ignore
    arg [cmTC_f9386.elf] ==> ignore
    arg [-L/usr/lib/gcc/arm-none-eabi/10.3.1/thumb/v6-m/nofp] ==> dir [/usr/lib/gcc/arm-none-eabi/10.3.1/thumb/v6-m/nofp]
    arg [-L/usr/lib/gcc/arm-none-eabi/10.3.1/../../../arm-none-eabi/lib/thumb/v6-m/nofp] ==> dir [/usr/lib/gcc/arm-none-eabi/10.3.1/../../../arm-none-eabi/lib/thumb/v6-m/nofp]
    arg [-L/usr/lib/gcc/arm-none-eabi/10.3.1] ==> dir [/usr/lib/gcc/arm-none-eabi/10.3.1]
    arg [-L/usr/lib/gcc/arm-none-eabi/10.3.1/../../../arm-none-eabi/lib] ==> dir [/usr/lib/gcc/arm-none-eabi/10.3.1/../../../arm-none-eabi/lib]
    arg [--build-id=none] ==> ignore
    arg [CMakeFiles/cmTC_f9386.dir/CMakeCXXCompilerABI.cpp.obj] ==> ignore
  collapse library dir [/usr/lib/gcc/arm-none-eabi/10.3.1/thumb/v6-m/nofp] ==> [/usr/lib/gcc/arm-none-eabi/10.3.1/thumb/v6-m/nofp]
  collapse library dir [/usr/lib/gcc/arm-none-eabi/10.3.1/../../../arm-none-eabi/lib/thumb/v6-m/nofp] ==> [/usr/lib/arm-none-eabi/lib/thumb/v6-m/nofp]
  collapse library dir [/usr/lib/gcc/arm-none-eabi/10.3.1] ==> [/usr/lib/gcc/arm-none-eabi/10.3.1]
  collapse library dir [/usr/lib/gcc/arm-none-eabi/10.3.1/../../../arm-none-eabi/lib] ==> [/usr/lib/arm-none-eabi/lib]
  implicit libs: []
  implicit objs: []
  implicit dirs: [/usr/lib/gcc/arm-none-eabi/10.3.1/thumb/v6-m/nofp;/usr/lib/arm-none-eabi/lib/thumb/v6-m/nofp;/usr/lib/gcc/arm-none-eabi/10.3.1;/usr/lib/arm-none-eabi/lib]
  implicit fwks: []


The target system is: PICO -  - cortex-m0plus
The host system is: Linux - 6.8.0-47-generic - x86_64
Compiling the C compiler identification source file "CMakeCCompilerId.c" succeeded.
Compiler: /usr/bin/arm-none-eabi-gcc 
Build flags: ;-mcpu=cortex-m0plus;-mthumb
Id flags: -c 

The output was:
0


Compilation of the C compiler identification source "CMakeCCompilerId.c" produced "CMakeCCompilerId.o"

The C compiler identification is GNU, found in "/home/pi/NN2022Code/SrcBoardFirmware/build/CMakeFiles/3.22.1/CompilerIdC/CMakeCCompilerId.o"

Compiling the CXX compiler identification source file "CMakeCXXCompilerId.cpp" succeeded.
Compiler: /usr/bin/arm-none-eabi-g++ 
Build flags: ;-mcpu=cortex-m0plus;-mthumb
Id flags: -c 

The output was:
0


Compilation of the CXX compiler identification source "CMakeCXXCompilerId.cpp" produced "CMakeCXXCompilerId.o"

The CXX compiler identification is GNU, found in "/home/pi/NN2022Code/SrcBoardFirmware/build/CMakeFiles/3.22.1/CompilerIdCXX/CMakeCXXCompilerId.o"

Checking whether the ASM compiler is GNU using "--version" matched "(GNU assembler)|(GCC)|(Free Software Foundation)":
arm-none-eabi-gcc (15:10.3-2021.07-4) 10.3.1 20210621 (release)
Copyright (C) 2020 Free Software Foundation, Inc.
This is free software; see the source for copying conditions.  There is NO
warranty; not even for MERCHANTABILITY or FITNESS FOR A PARTICULAR PURPOSE.

Detecting C compiler ABI info compiled with the following output:
Change Dir: /home/pi/NN2022Code/SrcBoardFirmware/build/CMakeFiles/CMakeTmp

Run Build Command(s):/usr/bin/gmake -f Makefile cmTC_85c33/fast && /usr/bin/gmake  -f CMakeFiles/cmTC_85c33.dir/build.make CMakeFiles/cmTC_85c33.dir/build
gmake[1]: Entering directory '/home/pi/NN2022Code/SrcBoardFirmware/build/CMakeFiles/CMakeTmp'
Building C object CMakeFiles/cmTC_85c33.dir/CMakeCCompilerABI.c.obj
/usr/bin/arm-none-eabi-gcc   -mcpu=cortex-m0plus -mthumb    -v -o CMakeFiles/cmTC_85c33.dir/CMakeCCompilerABI.c.obj -c /usr/share/cmake-3.22/Modules/CMakeCCompilerABI.c
Using built-in specs.
COLLECT_GCC=/usr/bin/arm-none-eabi-gcc
Target: arm-none-eabi
Configured with: ../configure --build=x86_64-linux-gnu --prefix=/usr --includedir='/usr/lib/include' --mandir='/usr/lib/share/man' --infodir='/usr/lib/share/info' --sysconfdir=/etc --localstatedir=/var --disable-option-checking --disable-silent-rules --libdir='/usr/lib/lib/x86_64-linux-gnu' --libexecdir='/usr/lib/lib/x86_64-linux-gnu' --disable-maintainer-mode --disable-dependency-tracking --mandir=/usr/share/man --enable-languages=c,c++,lto --enable-multilib --disable-decimal-float --disable-libffi --disable-libgomp --disable-libmudflap --disable-libquadmath --disable-libssp --disable-libstdcxx-pch --disable-nls --disable-shared --disable-threads --enable-tls --build=x86_64-linux-gnu --target=arm-none-eabi --with-system-zlib --with-gnu-as --with-gnu-ld --with-pkgversion=15:10.3-2021.07-4 --without-included-gettext --prefix=/usr/lib --infodir=/usr/share/doc/gcc-arm-none-eabi/info --htmldir=/usr/share/doc/gcc-arm-none-eabi/html --pdfdir=/usr/share/doc/gcc-arm-none-eabi/pdf --bindir=/usr/bin --libexecdir=/usr/lib --libdir=/usr/lib --disable-libstdc++-v3 --host=x86_64-linux-gnu --with-headers=no --without-newlib --with-multilib-list=rmprofile,aprofile CFLAGS='-g -O2 -ffile-prefix-map=/build/gcc-arm-none-eabi-hYfgK4/gcc-arm-none-eabi-10.3-2021.07=. -flto=auto -ffat-lto-objects -fstack-protector-strong' CPPFLAGS='-Wdate-time -D_FORTIFY_SOURCE=2' CXXFLAGS='-g -O2 -ffile-prefix-map=/build/gcc-arm-none-eabi-hYfgK4/gcc-arm-none-eabi-10.3-2021.07=. -flto=auto -ffat-lto-objects -fstack-protector-strong' DFLAGS=-frelease FCFLAGS='-g -O2 -ffile-prefix-map=/build/gcc-arm-none-eabi-hYfgK4/gcc-arm-none-eabi-10.3-2021.07=. -flto=auto -ffat-lto-objects -fstack-protector-strong' FFLAGS='-g -O2 -ffile-prefix-map=/build/gcc-arm-none-eabi-hYfgK4/gcc-arm-none-eabi-10.3-2021.07=. -flto=auto -ffat-lto-objects -fstack-protector-strong' GCJFLAGS='-g -O2 -ffile-prefix-map=/build/gcc-arm-none-eabi-hYfgK4/gcc-arm-none-eabi-10.3-2021.07=. -fstack-protector-strong' LDFLAGS='-Wl,-Bsymbolic-functions -flto=auto -Wl,-z,relro' OBJCFLAGS='-g -O2 -ffile-prefix-map=/build/gcc-arm-none-eabi-hYfgK4/gcc-arm-none-eabi-10.3-2021.07=. -flto=auto -ffat-lto-objects -fstack-protector-strong' OBJCXXFLAGS='-g -O2 -ffile-prefix-map=/build/gcc-arm-none-eabi-hYfgK4/gcc-arm-none-eabi-10.3-2021.07=. -flto=auto -ffat-lto-objects -fstack-protector-strong' INHIBIT_LIBC_CFLAGS=-DUSE_TM_CLONE_REGISTRY=0 AR_FOR_TARGET=arm-none-eabi-ar AS_FOR_TARGET=arm-none-eabi-as LD_FOR_TARGET=arm-none-eabi-ld NM_FOR_TARGET=arm-none-eabi-nm OBJDUMP_FOR_TARGET=arm-none-eabi-objdump RANLIB_FOR_TARGET=arm-none-eabi-ranlib READELF_FOR_TARGET=arm-none-eabi-readelf STRIP_FOR_TARGET=arm-none-eabi-strip SED=/bin/sed SHELL=/bin/sh BASH=/bin/bash CONFIG_SHELL=/bin/bash
Thread model: single
Supported LTO compression algorithms: zlib
gcc version 10.3.1 20210621 (release) (15:10.3-2021.07-4) 
COLLECT_GCC_OPTIONS='-mcpu=cortex-m0plus' '-mthumb' '-v' '-o' 'CMakeFiles/cmTC_85c33.dir/CMakeCCompilerABI.c.obj' '-c' '-mfloat-abi=soft' '-mlibarch=armv6s-m' '-march=armv6s-m'
 /usr/lib/gcc/arm-none-eabi/10.3.1/cc1 -quiet -v -imultilib thumb/v6-m/nofp -D__USES_INITFINI__ /usr/share/cmake-3.22/Modules/CMakeCCompilerABI.c -quiet -dumpbase CMakeCCompilerABI.c -mcpu=cortex-m0plus -mthumb -mfloat-abi=soft -mlibarch=armv6s-m -march=armv6s-m -auxbase-strip CMakeFiles/cmTC_85c33.dir/CMakeCCompilerABI.c.obj -version -o /tmp/ccF6fg1E.s
GNU C17 (15:10.3-2021.07-4) version 10.3.1 20210621 (release) (arm-none-eabi)
	compiled by GNU C version 11.2.0, GMP version 6.2.1, MPFR version 4.1.0, MPC version 1.2.1, isl version isl-0.24-GMP

GGC heuristics: --param ggc-min-expand=100 --param ggc-min-heapsize=131072
ignoring nonexistent directory "/usr/lib/gcc/arm-none-eabi/10.3.1/../../../arm-none-eabi/sys-include"
#include "..." search starts here:
#include <...> search starts here:
 /usr/lib/gcc/arm-none-eabi/10.3.1/include
 /usr/lib/gcc/arm-none-eabi/10.3.1/include-fixed
 /usr/lib/gcc/arm-none-eabi/10.3.1/../../../arm-none-eabi/include
End of search list.
GNU C17 (15:10.3-2021.07-4) version 10.3.1 20210621 (release) (arm-none-eabi)
	compiled by GNU C version 11.2.0, GMP version 6.2.1, MPFR version 4.1.0, MPC version 1.2.1, isl version isl-0.24-GMP

GGC heuristics: --param ggc-min-expand=100 --param ggc-min-heapsize=131072
Compiler executable checksum: 4cf7574ae54eb0935abb4a8c56f8bcfe
COLLECT_GCC_OPTIONS='-mcpu=cortex-m0plus' '-mthumb' '-v' '-o' 'CMakeFiles/cmTC_85c33.dir/CMakeCCompilerABI.c.obj' '-c' '-mfloat-abi=soft' '-mlibarch=armv6s-m' '-march=armv6s-m'
 /usr/lib/gcc/arm-none-eabi/10.3.1/../../../arm-none-eabi/bin/as -v -march=armv6s-m -mfloat-abi=soft -meabi=5 -o CMakeFiles/cmTC_85c33.dir/CMakeCCompilerABI.c.obj /tmp/ccF6fg1E.s
GNU assembler version 2.38 (arm-none-eabi) using BFD version (2.38-3ubuntu1+15build1) 2.38
COMPILER_PATH=/usr/lib/gcc/arm-none-eabi/10.3.1/:/usr/lib/gcc/arm-none-eabi/10.3.1/:/usr/lib/gcc/arm-none-eabi/:/usr/lib/gcc/arm-none-eabi/10.3.1/:/usr/lib/gcc/arm-none-eabi/:/usr/lib/gcc/arm-none-eabi/10.3.1/../../../arm-none-eabi/bin/
LIBRARY_PATH=/usr/lib/gcc/arm-none-eabi/10.3.1/thumb/v6-m/nofp/:/usr/lib/gcc/arm-none-eabi/10.3.1/../../../arm-none-eabi/lib/thumb/v6-m/nofp/:/usr/lib/gcc/arm-none-eabi/10.3.1/:/usr/lib/gcc/arm-none-eabi/10.3.1/../../../arm-none-eabi/lib/
COLLECT_GCC_OPTIONS='-mcpu=cortex-m0plus' '-mthumb' '-v' '-o' 'CMakeFiles/cmTC_85c33.dir/CMakeCCompilerABI.c.obj' '-c' '-mfloat-abi=soft' '-mlibarch=armv6s-m' '-march=armv6s-m'
Linking C executable cmTC_85c33.elf
/usr/bin/cmake -E cmake_link_script CMakeFiles/cmTC_85c33.dir/link.txt --verbose=1
/usr/bin/arm-none-eabi-gcc -mcpu=cortex-m0plus -mthumb  -Wl,--build-id=none -nostdlib  -v CMakeFiles/cmTC_85c33.dir/CMakeCCompilerABI.c.obj -o cmTC_85c33.elf 
Using built-in specs.
COLLECT_GCC=/usr/bin/arm-none-eabi-gcc
COLLECT_LTO_WRAPPER=/usr/lib/gcc/arm-none-eabi/10.3.1/lto-wrapper
Target: arm-none-eabi
Configured with: ../configure --build=x86_64-linux-gnu --prefix=/usr --includedir='/usr/lib/include' --mandir='/usr/lib/share/man' --infodir='/usr/lib/share/info' --sysconfdir=/etc --localstatedir=/var --disable-option-checking --disable-silent-rules --libdir='/usr/lib/lib/x86_64-linux-gnu' --libexecdir='/usr/lib/lib/x86_64-linux-gnu' --disable-maintainer-mode --disable-dependency-tracking --mandir=/usr/share/man --enable-languages=c,c++,lto --enable-multilib --disable-decimal-float --disable-libffi --disable-libgomp --disable-libmudflap --disable-libquadmath --disable-libssp --disable-libstdcxx-pch --disable-nls --disable-shared --disable-threads --enable-tls --build=x86_64-linux-gnu --target=arm-none-eabi --with-system-zlib --with-gnu-as --with-gnu-ld --with-pkgversion=15:10.3-2021.07-4 --without-included-gettext --prefix=/usr/lib --infodir=/usr/share/doc/gcc-arm-none-eabi/info --htmldir=/usr/share/doc/gcc-arm-none-eabi/html --pdfdir=/usr/share/doc/gcc-arm-none-eabi/pdf --bindir=/usr/bin --libexecdir=/usr/lib --libdir=/usr/lib --disable-libstdc++-v3 --host=x86_64-linux-gnu --with-headers=no --without-newlib --with-multilib-list=rmprofile,aprofile CFLAGS='-g -O2 -ffile-prefix-map=/build/gcc-arm-none-eabi-hYfgK4/gcc-arm-none-eabi-10.3-2021.07=. -flto=auto -ffat-lto-objects -fstack-protector-strong' CPPFLAGS='-Wdate-time -D_FORTIFY_SOURCE=2' CXXFLAGS='-g -O2 -ffile-prefix-map=/build/gcc-arm-none-eabi-hYfgK4/gcc-arm-none-eabi-10.3-2021.07=. -flto=auto -ffat-lto-objects -fstack-protector-strong' DFLAGS=-frelease FCFLAGS='-g -O2 -ffile-prefix-map=/build/gcc-arm-none-eabi-hYfgK4/gcc-arm-none-eabi-10.3-2021.07=. -flto=auto -ffat-lto-objects -fstack-protector-strong' FFLAGS='-g -O2 -ffile-prefix-map=/build/gcc-arm-none-eabi-hYfgK4/gcc-arm-none-eabi-10.3-2021.07=. -flto=auto -ffat-lto-objects -fstack-protector-strong' GCJFLAGS='-g -O2 -ffile-prefix-map=/build/gcc-arm-none-eabi-hYfgK4/gcc-arm-none-eabi-10.3-2021.07=. -fstack-protector-strong' LDFLAGS='-Wl,-Bsymbolic-functions -flto=auto -Wl,-z,relro' OBJCFLAGS='-g -O2 -ffile-prefix-map=/build/gcc-arm-none-eabi-hYfgK4/gcc-arm-none-eabi-10.3-2021.07=. -flto=auto -ffat-lto-objects -fstack-protector-strong' OBJCXXFLAGS='-g -O2 -ffile-prefix-map=/build/gcc-arm-none-eabi-hYfgK4/gcc-arm-none-eabi-10.3-2021.07=. -flto=auto -ffat-lto-objects -fstack-protector-strong' INHIBIT_LIBC_CFLAGS=-DUSE_TM_CLONE_REGISTRY=0 AR_FOR_TARGET=arm-none-eabi-ar AS_FOR_TARGET=arm-none-eabi-as LD_FOR_TARGET=arm-none-eabi-ld NM_FOR_TARGET=arm-none-eabi-nm OBJDUMP_FOR_TARGET=arm-none-eabi-objdump RANLIB_FOR_TARGET=arm-none-eabi-ranlib READELF_FOR_TARGET=arm-none-eabi-readelf STRIP_FOR_TARGET=arm-none-eabi-strip SED=/bin/sed SHELL=/bin/sh BASH=/bin/bash CONFIG_SHELL=/bin/bash
Thread model: single
Supported LTO compression algorithms: zlib
gcc version 10.3.1 20210621 (release) (15:10.3-2021.07-4) 
COMPILER_PATH=/usr/lib/gcc/arm-none-eabi/10.3.1/:/usr/lib/gcc/arm-none-eabi/10.3.1/:/usr/lib/gcc/arm-none-eabi/:/usr/lib/gcc/arm-none-eabi/10.3.1/:/usr/lib/gcc/arm-none-eabi/:/usr/lib/gcc/arm-none-eabi/10.3.1/../../../arm-none-eabi/bin/
LIBRARY_PATH=/usr/lib/gcc/arm-none-eabi/10.3.1/thumb/v6-m/nofp/:/usr/lib/gcc/arm-none-eabi/10.3.1/../../../arm-none-eabi/lib/thumb/v6-m/nofp/:/usr/lib/gcc/arm-none-eabi/10.3.1/:/usr/lib/gcc/arm-none-eabi/10.3.1/../../../arm-none-eabi/lib/
COLLECT_GCC_OPTIONS='-mcpu=cortex-m0plus' '-mthumb' '-nostdlib' '-v' '-o' 'cmTC_85c33.elf' '-mfloat-abi=soft' '-mlibarch=armv6s-m' '-march=armv6s-m'
 /usr/lib/gcc/arm-none-eabi/10.3.1/collect2 -plugin /usr/lib/gcc/arm-none-eabi/10.3.1/liblto_plugin.so -plugin-opt=/usr/lib/gcc/arm-none-eabi/10.3.1/lto-wrapper -plugin-opt=-fresolution=/tmp/ccETQBSP.res -X -o cmTC_85c33.elf -L/usr/lib/gcc/arm-none-eabi/10.3.1/thumb/v6-m/nofp -L/usr/lib/gcc/arm-none-eabi/10.3.1/../../../arm-none-eabi/lib/thumb/v6-m/nofp -L/usr/lib/gcc/arm-none-eabi/10.3.1 -L/usr/lib/gcc/arm-none-eabi/10.3.1/../../../arm-none-eabi/lib --build-id=none CMakeFiles/cmTC_85c33.dir/CMakeCCompilerABI.c.obj
/usr/lib/gcc/arm-none-eabi/10.3.1/../../../arm-none-eabi/bin/ld: warning: cannot find entry symbol _start; defaulting to 0000000000008000
COLLECT_GCC_OPTIONS='-mcpu=cortex-m0plus' '-mthumb' '-nostdlib' '-v' '-o' 'cmTC_85c33.elf' '-mfloat-abi=soft' '-mlibarch=armv6s-m' '-march=armv6s-m'
gmake[1]: Leaving directory '/home/pi/NN2022Code/SrcBoardFirmware/build/CMakeFiles/CMakeTmp'



Parsed C implicit include dir info from above output: rv=done
  found start of include info
  found start of implicit include info
    add: [/usr/lib/gcc/arm-none-eabi/10.3.1/include]
    add: [/usr/lib/gcc/arm-none-eabi/10.3.1/include-fixed]
    add: [/usr/lib/gcc/arm-none-eabi/10.3.1/../../../arm-none-eabi/include]
  end of search list found
  collapse include dir [/usr/lib/gcc/arm-none-eabi/10.3.1/include] ==> [/usr/lib/gcc/arm-none-eabi/10.3.1/include]
  collapse include dir [/usr/lib/gcc/arm-none-eabi/10.3.1/include-fixed] ==> [/usr/lib/gcc/arm-none-eabi/10.3.1/include-fixed]
  collapse include dir [/usr/lib/gcc/arm-none-eabi/10.3.1/../../../arm-none-eabi/include] ==> [/usr/lib/arm-none-eabi/include]
  implicit include dirs: [/usr/lib/gcc/arm-none-eabi/10.3.1/include;/usr/lib/gcc/arm-none-eabi/10.3.1/include-fixed;/usr/lib/arm-none-eabi/include]


Parsed C implicit link information from above output:
  link line regex: [^( *|.*[/\])(arm-none-eabi-ld|CMAKE_LINK_STARTFILE-NOTFOUND|([^/\]+-)?ld|collect2)[^/\]*( |$)]
  ignore line: [Change Dir: /home/pi/NN2022Code/SrcBoardFirmware/build/CMakeFiles/CMakeTmp]
  ignore line: []
  ignore line: [Run Build Command(s):/usr/bin/gmake -f Makefile cmTC_85c33/fast && /usr/bin/gmake  -f CMakeFiles/cmTC_85c33.dir/build.make CMakeFiles/cmTC_85c33.dir/build]
  ignore line: [gmake[1]: Entering directory '/home/pi/NN2022Code/SrcBoardFirmware/build/CMakeFiles/CMakeTmp']
  ignore line: [Building C object CMakeFiles/cmTC_85c33.dir/CMakeCCompilerABI.c.obj]
  ignore line: [/usr/bin/arm-none-eabi-gcc   -mcpu=cortex-m0plus -mthumb    -v -o CMakeFiles/cmTC_85c33.dir/CMakeCCompilerABI.c.obj -c /usr/share/cmake-3.22/Modules/CMakeCCompilerABI.c]
  ignore line: [Using built-in specs.]
  ignore line: [COLLECT_GCC=/usr/bin/arm-none-eabi-gcc]
  ignore line: [Target: arm-none-eabi]
  ignore line: [Configured with: ../configure --build=x86_64-linux-gnu --prefix=/usr --includedir='/usr/lib/include' --mandir='/usr/lib/share/man' --infodir='/usr/lib/share/info' --sysconfdir=/etc --localstatedir=/var --disable-option-checking --disable-silent-rules --libdir='/usr/lib/lib/x86_64-linux-gnu' --libexecdir='/usr/lib/lib/x86_64-linux-gnu' --disable-maintainer-mode --disable-dependency-tracking --mandir=/usr/share/man --enable-languages=c,c++,lto --enable-multilib --disable-decimal-float --disable-libffi --disable-libgomp --disable-libmudflap --disable-libquadmath --disable-libssp --disable-libstdcxx-pch --disable-nls --disable-shared --disable-threads --enable-tls --build=x86_64-linux-gnu --target=arm-none-eabi --with-system-zlib --with-gnu-as --with-gnu-ld --with-pkgversion=15:10.3-2021.07-4 --without-included-gettext --prefix=/usr/lib --infodir=/usr/share/doc/gcc-arm-none-eabi/info --htmldir=/usr/share/doc/gcc-arm-none-eabi/html --pdfdir=/usr/share/doc/gcc-arm-none-eabi/pdf --bindir=/usr/bin --libexecdir=/usr/lib --libdir=/usr/lib --disable-libstdc++-v3 --host=x86_64-linux-gnu --with-headers=no --without-newlib --with-multilib-list=rmprofile,aprofile CFLAGS='-g -O2 -ffile-prefix-map=/build/gcc-arm-none-eabi-hYfgK4/gcc-arm-none-eabi-10.3-2021.07=. -flto=auto -ffat-lto-objects -fstack-protector-strong' CPPFLAGS='-Wdate-time -D_FORTIFY_SOURCE=2' CXXFLAGS='-g -O2 -ffile-prefix-map=/build/gcc-arm-none-eabi-hYfgK4/gcc-arm-none-eabi-10.3-2021.07=. -flto=auto -ffat-lto-objects -fstack-protector-strong' DFLAGS=-frelease FCFLAGS='-g -O2 -ffile-prefix-map=/build/gcc-arm-none-eabi-hYfgK4/gcc-arm-none-eabi-10.3-2021.07=. -flto=auto -ffat-lto-objects -fstack-protector-strong' FFLAGS='-g -O2 -ffile-prefix-map=/build/gcc-arm-none-eabi-hYfgK4/gcc-arm-none-eabi-10.3-2021.07=. -flto=auto -ffat-lto-objects -fstack-protector-strong' GCJFLAGS='-g -O2 -ffile-prefix-map=/build/gcc-arm-none-eabi-hYfgK4/gcc-arm-none-eabi-10.3-2021.07=. -fstack-protector-strong' LDFLAGS='-Wl,-Bsymbolic-functions -flto=auto -Wl,-z,relro' OBJCFLAGS='-g -O2 -ffile-prefix-map=/build/gcc-arm-none-eabi-hYfgK4/gcc-arm-none-eabi-10.3-2021.07=. -flto=auto -ffat-lto-objects -fstack-protector-strong' OBJCXXFLAGS='-g -O2 -ffile-prefix-map=/build/gcc-arm-none-eabi-hYfgK4/gcc-arm-none-eabi-10.3-2021.07=. -flto=auto -ffat-lto-objects -fstack-protector-strong' INHIBIT_LIBC_CFLAGS=-DUSE_TM_CLONE_REGISTRY=0 AR_FOR_TARGET=arm-none-eabi-ar AS_FOR_TARGET=arm-none-eabi-as LD_FOR_TARGET=arm-none-eabi-ld NM_FOR_TARGET=arm-none-eabi-nm OBJDUMP_FOR_TARGET=arm-none-eabi-objdump RANLIB_FOR_TARGET=arm-none-eabi-ranlib READELF_FOR_TARGET=arm-none-eabi-readelf STRIP_FOR_TARGET=arm-none-eabi-strip SED=/bin/sed SHELL=/bin/sh BASH=/bin/bash CONFIG_SHELL=/bin/bash]
  ignore line: [Thread model: single]
  ignore line: [Supported LTO compression algorithms: zlib]
  ignore line: [gcc version 10.3.1 20210621 (release) (15:10.3-2021.07-4) ]
  ignore line: [COLLECT_GCC_OPTIONS='-mcpu=cortex-m0plus' '-mthumb' '-v' '-o' 'CMakeFiles/cmTC_85c33.dir/CMakeCCompilerABI.c.obj' '-c' '-mfloat-abi=soft' '-mlibarch=armv6s-m' '-march=armv6s-m']
  ignore line: [ /usr/lib/gcc/arm-none-eabi/10.3.1/cc1 -quiet -v -imultilib thumb/v6-m/nofp -D__USES_INITFINI__ /usr/share/cmake-3.22/Modules/CMakeCCompilerABI.c -quiet -dumpbase CMakeCCompilerABI.c -mcpu=cortex-m0plus -mthumb -mfloat-abi=soft -mlibarch=armv6s-m -march=armv6s-m -auxbase-strip CMakeFiles/cmTC_85c33.dir/CMakeCCompilerABI.c.obj -version -o /tmp/ccF6fg1E.s]
  ignore line: [GNU C17 (15:10.3-2021.07-4) version 10.3.1 20210621 (release) (arm-none-eabi)]
  ignore line: [	compiled by GNU C version 11.2.0  GMP version 6.2.1  MPFR version 4.1.0  MPC version 1.2.1  isl version isl-0.24-GMP]
  ignore line: []
  ignore line: [GGC heuristics: --param ggc-min-expand=100 --param ggc-min-heapsize=131072]
  ignore line: [ignoring nonexistent directory "/usr/lib/gcc/arm-none-eabi/10.3.1/../../../arm-none-eabi/sys-include"]
  ignore line: [#include "..." search starts here:]
  ignore line: [#include <...> search starts here:]
  ignore line: [ /usr/lib/gcc/arm-none-eabi/10.3.1/include]
  ignore line: [ /usr/lib/gcc/arm-none-eabi/10.3.1/include-fixed]
  ignore line: [ /usr/lib/gcc/arm-none-eabi/10.3.1/../../../arm-none-eabi/include]
  ignore line: [End of search list.]
  ignore line: [GNU C17 (15:10.3-2021.07-4) version 10.3.1 20210621 (release) (arm-none-eabi)]
  ignore line: [	compiled by GNU C version 11.2.0  GMP version 6.2.1  MPFR version 4.1.0  MPC version 1.2.1  isl version isl-0.24-GMP]
  ignore line: []
  ignore line: [GGC heuristics: --param ggc-min-expand=100 --param ggc-min-heapsize=131072]
  ignore line: [Compiler executable checksum: 4cf7574ae54eb0935abb4a8c56f8bcfe]
  ignore line: [COLLECT_GCC_OPTIONS='-mcpu=cortex-m0plus' '-mthumb' '-v' '-o' 'CMakeFiles/cmTC_85c33.dir/CMakeCCompilerABI.c.obj' '-c' '-mfloat-abi=soft' '-mlibarch=armv6s-m' '-march=armv6s-m']
  ignore line: [ /usr/lib/gcc/arm-none-eabi/10.3.1/../../../arm-none-eabi/bin/as -v -march=armv6s-m -mfloat-abi=soft -meabi=5 -o CMakeFiles/cmTC_85c33.dir/CMakeCCompilerABI.c.obj /tmp/ccF6fg1E.s]
  ignore line: [GNU assembler version 2.38 (arm-none-eabi) using BFD version (2.38-3ubuntu1+15build1) 2.38]
  ignore line: [COMPILER_PATH=/usr/lib/gcc/arm-none-eabi/10.3.1/:/usr/lib/gcc/arm-none-eabi/10.3.1/:/usr/lib/gcc/arm-none-eabi/:/usr/lib/gcc/arm-none-eabi/10.3.1/:/usr/lib/gcc/arm-none-eabi/:/usr/lib/gcc/arm-none-eabi/10.3.1/../../../arm-none-eabi/bin/]
  ignore line: [LIBRARY_PATH=/usr/lib/gcc/arm-none-eabi/10.3.1/thumb/v6-m/nofp/:/usr/lib/gcc/arm-none-eabi/10.3.1/../../../arm-none-eabi/lib/thumb/v6-m/nofp/:/usr/lib/gcc/arm-none-eabi/10.3.1/:/usr/lib/gcc/arm-none-eabi/10.3.1/../../../arm-none-eabi/lib/]
  ignore line: [COLLECT_GCC_OPTIONS='-mcpu=cortex-m0plus' '-mthumb' '-v' '-o' 'CMakeFiles/cmTC_85c33.dir/CMakeCCompilerABI.c.obj' '-c' '-mfloat-abi=soft' '-mlibarch=armv6s-m' '-march=armv6s-m']
  ignore line: [Linking C executable cmTC_85c33.elf]
  ignore line: [/usr/bin/cmake -E cmake_link_script CMakeFiles/cmTC_85c33.dir/link.txt --verbose=1]
  ignore line: [/usr/bin/arm-none-eabi-gcc -mcpu=cortex-m0plus -mthumb  -Wl --build-id=none -nostdlib  -v CMakeFiles/cmTC_85c33.dir/CMakeCCompilerABI.c.obj -o cmTC_85c33.elf ]
  ignore line: [Using built-in specs.]
  ignore line: [COLLECT_GCC=/usr/bin/arm-none-eabi-gcc]
  ignore line: [COLLECT_LTO_WRAPPER=/usr/lib/gcc/arm-none-eabi/10.3.1/lto-wrapper]
  ignore line: [Target: arm-none-eabi]
  ignore line: [Configured with: ../configure --build=x86_64-linux-gnu --prefix=/usr --includedir='/usr/lib/include' --mandir='/usr/lib/share/man' --infodir='/usr/lib/share/info' --sysconfdir=/etc --localstatedir=/var --disable-option-checking --disable-silent-rules --libdir='/usr/lib/lib/x86_64-linux-gnu' --libexecdir='/usr/lib/lib/x86_64-linux-gnu' --disable-maintainer-mode --disable-dependency-tracking --mandir=/usr/share/man --enable-languages=c,c++,lto --enable-multilib --disable-decimal-float --disable-libffi --disable-libgomp --disable-libmudflap --disable-libquadmath --disable-libssp --disable-libstdcxx-pch --disable-nls --disable-shared --disable-threads --enable-tls --build=x86_64-linux-gnu --target=arm-none-eabi --with-system-zlib --with-gnu-as --with-gnu-ld --with-pkgversion=15:10.3-2021.07-4 --without-included-gettext --prefix=/usr/lib --infodir=/usr/share/doc/gcc-arm-none-eabi/info --htmldir=/usr/share/doc/gcc-arm-none-eabi/html --pdfdir=/usr/share/doc/gcc-arm-none-eabi/pdf --bindir=/usr/bin --libexecdir=/usr/lib --libdir=/usr/lib --disable-libstdc++-v3 --host=x86_64-linux-gnu --with-headers=no --without-newlib --with-multilib-list=rmprofile,aprofile CFLAGS='-g -O2 -ffile-prefix-map=/build/gcc-arm-none-eabi-hYfgK4/gcc-arm-none-eabi-10.3-2021.07=. -flto=auto -ffat-lto-objects -fstack-protector-strong' CPPFLAGS='-Wdate-time -D_FORTIFY_SOURCE=2' CXXFLAGS='-g -O2 -ffile-prefix-map=/build/gcc-arm-none-eabi-hYfgK4/gcc-arm-none-eabi-10.3-2021.07=. -flto=auto -ffat-lto-objects -fstack-protector-strong' DFLAGS=-frelease FCFLAGS='-g -O2 -ffile-prefix-map=/build/gcc-arm-none-eabi-hYfgK4/gcc-arm-none-eabi-10.3-2021.07=. -flto=auto -ffat-lto-objects -fstack-protector-strong' FFLAGS='-g -O2 -ffile-prefix-map=/build/gcc-arm-none-eabi-hYfgK4/gcc-arm-none-eabi-10.3-2021.07=. -flto=auto -ffat-lto-objects -fstack-protector-strong' GCJFLAGS='-g -O2 -ffile-prefix-map=/build/gcc-arm-none-eabi-hYfgK4/gcc-arm-none-eabi-10.3-2021.07=. -fstack-protector-strong' LDFLAGS='-Wl,-Bsymbolic-functions -flto=auto -Wl,-z,relro' OBJCFLAGS='-g -O2 -ffile-prefix-map=/build/gcc-arm-none-eabi-hYfgK4/gcc-arm-none-eabi-10.3-2021.07=. -flto=auto -ffat-lto-objects -fstack-protector-strong' OBJCXXFLAGS='-g -O2 -ffile-prefix-map=/build/gcc-arm-none-eabi-hYfgK4/gcc-arm-none-eabi-10.3-2021.07=. -flto=auto -ffat-lto-objects -fstack-protector-strong' INHIBIT_LIBC_CFLAGS=-DUSE_TM_CLONE_REGISTRY=0 AR_FOR_TARGET=arm-none-eabi-ar AS_FOR_TARGET=arm-none-eabi-as LD_FOR_TARGET=arm-none-eabi-ld NM_FOR_TARGET=arm-none-eabi-nm OBJDUMP_FOR_TARGET=arm-none-eabi-objdump RANLIB_FOR_TARGET=arm-none-eabi-ranlib READELF_FOR_TARGET=arm-none-eabi-readelf STRIP_FOR_TARGET=arm-none-eabi-strip SED=/bin/sed SHELL=/bin/sh BASH=/bin/bash CONFIG_SHELL=/bin/bash]
  ignore line: [Thread model: single]
  ignore line: [Supported LTO compression algorithms: zlib]
  ignore line: [gcc version 10.3.1 20210621 (release) (15:10.3-2021.07-4) ]
  ignore line: [COMPILER_PATH=/usr/lib/gcc/arm-none-eabi/10.3.1/:/usr/lib/gcc/arm-none-eabi/10.3.1/:/usr/lib/gcc/arm-none-eabi/:/usr/lib/gcc/arm-none-eabi/10.3.1/:/usr/lib/gcc/arm-none-eabi/:/usr/lib/gcc/arm-none-eabi/10.3.1/../../../arm-none-eabi/bin/]
  ignore line: [LIBRARY_PATH=/usr/lib/gcc/arm-none-eabi/10.3.1/thumb/v6-m/nofp/:/usr/lib/gcc/arm-none-eabi/10.3.1/../../../arm-none-eabi/lib/thumb/v6-m/nofp/:/usr/lib/gcc/arm-none-eabi/10.3.1/:/usr/lib/gcc/arm-none-eabi/10.3.1/../../../arm-none-eabi/lib/]
  ignore line: [COLLECT_GCC_OPTIONS='-mcpu=cortex-m0plus' '-mthumb' '-nostdlib' '-v' '-o' 'cmTC_85c33.elf' '-mfloat-abi=soft' '-mlibarch=armv6s-m' '-march=armv6s-m']
  link line: [ /usr/lib/gcc/arm-none-eabi/10.3.1/collect2 -plugin /usr/lib/gcc/arm-none-eabi/10.3.1/liblto_plugin.so -plugin-opt=/usr/lib/gcc/arm-none-eabi/10.3.1/lto-wrapper -plugin-opt=-fresolution=/tmp/ccETQBSP.res -X -o cmTC_85c33.elf -L/usr/lib/gcc/arm-none-eabi/10.3.1/thumb/v6-m/nofp -L/usr/lib/gcc/arm-none-eabi/10.3.1/../../../arm-none-eabi/lib/thumb/v6-m/nofp -L/usr/lib/gcc/arm-none-eabi/10.3.1 -L/usr/lib/gcc/arm-none-eabi/10.3.1/../../../arm-none-eabi/lib --build-id=none CMakeFiles/cmTC_85c33.dir/CMakeCCompilerABI.c.obj]
    arg [/usr/lib/gcc/arm-none-eabi/10.3.1/collect2] ==> ignore
    arg [-plugin] ==> ignore
    arg [/usr/lib/gcc/arm-none-eabi/10.3.1/liblto_plugin.so] ==> ignore
    arg [-plugin-opt=/usr/lib/gcc/arm-none-eabi/10.3.1/lto-wrapper] ==> ignore
    arg [-plugin-opt=-fresolution=/tmp/ccETQBSP.res] ==> ignore
    arg [-X] ==> ignore
    arg [-o] ==> ignore
    arg [cmTC_85c33.elf] ==> ignore
    arg [-L/usr/lib/gcc/arm-none-eabi/10.3.1/thumb/v6-m/nofp] ==> dir [/usr/lib/gcc/arm-none-eabi/10.3.1/thumb/v6-m/nofp]
    arg [-L/usr/lib/gcc/arm-none-eabi/10.3.1/../../../arm-none-eabi/lib/thumb/v6-m/nofp] ==> dir [/usr/lib/gcc/arm-none-eabi/10.3.1/../../../arm-none-eabi/lib/thumb/v6-m/nofp]
    arg [-L/usr/lib/gcc/arm-none-eabi/10.3.1] ==> dir [/usr/lib/gcc/arm-none-eabi/10.3.1]
    arg [-L/usr/lib/gcc/arm-none-eabi/10.3.1/../../../arm-none-eabi/lib] ==> dir [/usr/lib/gcc/arm-none-eabi/10.3.1/../../../arm-none-eabi/lib]
    arg [--build-id=none] ==> ignore
    arg [CMakeFiles/cmTC_85c33.dir/CMakeCCompilerABI.c.obj] ==> ignore
  collapse library dir [/usr/lib/gcc/arm-none-eabi/10.3.1/thumb/v6-m/nofp] ==> [/usr/lib/gcc/arm-none-eabi/10.3.1/thumb/v6-m/nofp]
  collapse library dir [/usr/lib/gcc/arm-none-eabi/10.3.1/../../../arm-none-eabi/lib/thumb/v6-m/nofp] ==> [/usr/lib/arm-none-eabi/lib/thumb/v6-m/nofp]
  collapse library dir [/usr/lib/gcc/arm-none-eabi/10.3.1] ==> [/usr/lib/gcc/arm-none-eabi/10.3.1]
  collapse library dir [/usr/lib/gcc/arm-none-eabi/10.3.1/../../../arm-none-eabi/lib] ==> [/usr/lib/arm-none-eabi/lib]
  implicit libs: []
  implicit objs: []
  implicit dirs: [/usr/lib/gcc/arm-none-eabi/10.3.1/thumb/v6-m/nofp;/usr/lib/arm-none-eabi/lib/thumb/v6-m/nofp;/usr/lib/gcc/arm-none-eabi/10.3.1;/usr/lib/arm-none-eabi/lib]
  implicit fwks: []


Detecting CXX compiler ABI info compiled with the following output:
Change Dir: /home/pi/NN2022Code/SrcBoardFirmware/build/CMakeFiles/CMakeTmp

Run Build Command(s):/usr/bin/gmake -f Makefile cmTC_947fb/fast && /usr/bin/gmake  -f CMakeFiles/cmTC_947fb.dir/build.make CMakeFiles/cmTC_947fb.dir/build
gmake[1]: Entering directory '/home/pi/NN2022Code/SrcBoardFirmware/build/CMakeFiles/CMakeTmp'
Building CXX object CMakeFiles/cmTC_947fb.dir/CMakeCXXCompilerABI.cpp.obj
/usr/bin/arm-none-eabi-g++   -mcpu=cortex-m0plus -mthumb    -v -o CMakeFiles/cmTC_947fb.dir/CMakeCXXCompilerABI.cpp.obj -c /usr/share/cmake-3.22/Modules/CMakeCXXCompilerABI.cpp
Using built-in specs.
COLLECT_GCC=/usr/bin/arm-none-eabi-g++
Target: arm-none-eabi
Configured with: ../configure --build=x86_64-linux-gnu --prefix=/usr --includedir='/usr/lib/include' --mandir='/usr/lib/share/man' --infodir='/usr/lib/share/info' --sysconfdir=/etc --localstatedir=/var --disable-option-checking --disable-silent-rules --libdir='/usr/lib/lib/x86_64-linux-gnu' --libexecdir='/usr/lib/lib/x86_64-linux-gnu' --disable-maintainer-mode --disable-dependency-tracking --mandir=/usr/share/man --enable-languages=c,c++,lto --enable-multilib --disable-decimal-float --disable-libffi --disable-libgomp --disable-libmudflap --disable-libquadmath --disable-libssp --disable-libstdcxx-pch --disable-nls --disable-shared --disable-threads --enable-tls --build=x86_64-linux-gnu --target=arm-none-eabi --with-system-zlib --with-gnu-as --with-gnu-ld --with-pkgversion=15:10.3-2021.07-4 --without-included-gettext --prefix=/usr/lib --infodir=/usr/share/doc/gcc-arm-none-eabi/info --htmldir=/usr/share/doc/gcc-arm-none-eabi/html --pdfdir=/usr/share/doc/gcc-arm-none-eabi/pdf --bindir=/usr/bin --libexecdir=/usr/lib --libdir=/usr/lib --disable-libstdc++-v3 --host=x86_64-linux-gnu --with-headers=no --without-newlib --with-multilib-list=rmprofile,aprofile CFLAGS='-g -O2 -ffile-prefix-map=/build/gcc-arm-none-eabi-hYfgK4/gcc-arm-none-eabi-10.3-2021.07=. -flto=auto -ffat-lto-objects -fstack-protector-strong' CPPFLAGS='-Wdate-time -D_FORTIFY_SOURCE=2' CXXFLAGS='-g -O2 -ffile-prefix-map=/build/gcc-arm-none-eabi-hYfgK4/gcc-arm-none-eabi-10.3-2021.07=. -flto=auto -ffat-lto-objects -fstack-protector-strong' DFLAGS=-frelease FCFLAGS='-g -O2 -ffile-prefix-map=/build/gcc-arm-none-eabi-hYfgK4/gcc-arm-none-eabi-10.3-2021.07=. -flto=auto -ffat-lto-objects -fstack-protector-strong' FFLAGS='-g -O2 -ffile-prefix-map=/build/gcc-arm-none-eabi-hYfgK4/gcc-arm-none-eabi-10.3-2021.07=. -flto=auto -ffat-lto-objects -fstack-protector-strong' GCJFLAGS='-g -O2 -ffile-prefix-map=/build/gcc-arm-none-eabi-hYfgK4/gcc-arm-none-eabi-10.3-2021.07=. -fstack-protector-strong' LDFLAGS='-Wl,-Bsymbolic-functions -flto=auto -Wl,-z,relro' OBJCFLAGS='-g -O2 -ffile-prefix-map=/build/gcc-arm-none-eabi-hYfgK4/gcc-arm-none-eabi-10.3-2021.07=. -flto=auto -ffat-lto-objects -fstack-protector-strong' OBJCXXFLAGS='-g -O2 -ffile-prefix-map=/build/gcc-arm-none-eabi-hYfgK4/gcc-arm-none-eabi-10.3-2021.07=. -flto=auto -ffat-lto-objects -fstack-protector-strong' INHIBIT_LIBC_CFLAGS=-DUSE_TM_CLONE_REGISTRY=0 AR_FOR_TARGET=arm-none-eabi-ar AS_FOR_TARGET=arm-none-eabi-as LD_FOR_TARGET=arm-none-eabi-ld NM_FOR_TARGET=arm-none-eabi-nm OBJDUMP_FOR_TARGET=arm-none-eabi-objdump RANLIB_FOR_TARGET=arm-none-eabi-ranlib READELF_FOR_TARGET=arm-none-eabi-readelf STRIP_FOR_TARGET=arm-none-eabi-strip SED=/bin/sed SHELL=/bin/sh BASH=/bin/bash CONFIG_SHELL=/bin/bash
Thread model: single
Supported LTO compression algorithms: zlib
gcc version 10.3.1 20210621 (release) (15:10.3-2021.07-4) 
COLLECT_GCC_OPTIONS='-mcpu=cortex-m0plus' '-mthumb' '-v' '-o' 'CMakeFiles/cmTC_947fb.dir/CMakeCXXCompilerABI.cpp.obj' '-c' '-mfloat-abi=soft' '-mlibarch=armv6s-m' '-march=armv6s-m'
 /usr/lib/gcc/arm-none-eabi/10.3.1/cc1plus -quiet -v -imultilib thumb/v6-m/nofp -D__USES_INITFINI__ /usr/share/cmake-3.22/Modules/CMakeCXXCompilerABI.cpp -quiet -dumpbase CMakeCXXCompilerABI.cpp -mcpu=cortex-m0plus -mthumb -mfloat-abi=soft -mlibarch=armv6s-m -march=armv6s-m -auxbase-strip CMakeFiles/cmTC_947fb.dir/CMakeCXXCompilerABI.cpp.obj -version -o /tmp/ccwa8d95.s
GNU C++14 (15:10.3-2021.07-4) version 10.3.1 20210621 (release) (arm-none-eabi)
	compiled by GNU C version 11.2.0, GMP version 6.2.1, MPFR version 4.1.0, MPC version 1.2.1, isl version isl-0.24-GMP

GGC heuristics: --param ggc-min-expand=100 --param ggc-min-heapsize=131072
ignoring nonexistent directory "/usr/lib/gcc/arm-none-eabi/10.3.1/../../../arm-none-eabi/sys-include"
#include "..." search starts here:
#include <...> search starts here:
 /usr/lib/gcc/arm-none-eabi/10.3.1/../../../arm-none-eabi/include/c++/10.3.1
 /usr/lib/gcc/arm-none-eabi/10.3.1/../../../arm-none-eabi/include/c++/10.3.1/arm-none-eabi/thumb/v6-m/nofp
 /usr/lib/gcc/arm-none-eabi/10.3.1/../../../arm-none-eabi/include/c++/10.3.1/backward
 /usr/lib/gcc/arm-none-eabi/10.3.1/include
 /usr/lib/gcc/arm-none-eabi/10.3.1/include-fixed
 /usr/lib/gcc/arm-none-eabi/10.3.1/../../../arm-none-eabi/include
End of search list.
GNU C++14 (15:10.3-2021.07-4) version 10.3.1 20210621 (release) (arm-none-eabi)
	compiled by GNU C version 11.2.0, GMP version 6.2.1, MPFR version 4.1.0, MPC version 1.2.1, isl version isl-0.24-GMP

GGC heuristics: --param ggc-min-expand=100 --param ggc-min-heapsize=131072
Compiler executable checksum: 4f994585a8ca8864fa1f4d2fb208a0ba
COLLECT_GCC_OPTIONS='-mcpu=cortex-m0plus' '-mthumb' '-v' '-o' 'CMakeFiles/cmTC_947fb.dir/CMakeCXXCompilerABI.cpp.obj' '-c' '-mfloat-abi=soft' '-mlibarch=armv6s-m' '-march=armv6s-m'
 /usr/lib/gcc/arm-none-eabi/10.3.1/../../../arm-none-eabi/bin/as -v -march=armv6s-m -mfloat-abi=soft -meabi=5 -o CMakeFiles/cmTC_947fb.dir/CMakeCXXCompilerABI.cpp.obj /tmp/ccwa8d95.s
GNU assembler version 2.38 (arm-none-eabi) using BFD version (2.38-3ubuntu1+15build1) 2.38
COMPILER_PATH=/usr/lib/gcc/arm-none-eabi/10.3.1/:/usr/lib/gcc/arm-none-eabi/10.3.1/:/usr/lib/gcc/arm-none-eabi/:/usr/lib/gcc/arm-none-eabi/10.3.1/:/usr/lib/gcc/arm-none-eabi/:/usr/lib/gcc/arm-none-eabi/10.3.1/../../../arm-none-eabi/bin/
LIBRARY_PATH=/usr/lib/gcc/arm-none-eabi/10.3.1/thumb/v6-m/nofp/:/usr/lib/gcc/arm-none-eabi/10.3.1/../../../arm-none-eabi/lib/thumb/v6-m/nofp/:/usr/lib/gcc/arm-none-eabi/10.3.1/:/usr/lib/gcc/arm-none-eabi/10.3.1/../../../arm-none-eabi/lib/
COLLECT_GCC_OPTIONS='-mcpu=cortex-m0plus' '-mthumb' '-v' '-o' 'CMakeFiles/cmTC_947fb.dir/CMakeCXXCompilerABI.cpp.obj' '-c' '-mfloat-abi=soft' '-mlibarch=armv6s-m' '-march=armv6s-m'
Linking CXX executable cmTC_947fb.elf
/usr/bin/cmake -E cmake_link_script CMakeFiles/cmTC_947fb.dir/link.txt --verbose=1
/usr/bin/arm-none-eabi-g++ -mcpu=cortex-m0plus -mthumb  -Wl,--build-id=none -nostdlib  -v CMakeFiles/cmTC_947fb.dir/CMakeCXXCompilerABI.cpp.obj -o cmTC_947fb.elf 
Using built-in specs.
COLLECT_GCC=/usr/bin/arm-none-eabi-g++
COLLECT_LTO_WRAPPER=/usr/lib/gcc/arm-none-eabi/10.3.1/lto-wrapper
Target: arm-none-eabi
Configured with: ../configure --build=x86_64-linux-gnu --prefix=/usr --includedir='/usr/lib/include' --mandir='/usr/lib/share/man' --infodir='/usr/lib/share/info' --sysconfdir=/etc --localstatedir=/var --disable-option-checking --disable-silent-rules --libdir='/usr/lib/lib/x86_64-linux-gnu' --libexecdir='/usr/lib/lib/x86_64-linux-gnu' --disable-maintainer-mode --disable-dependency-tracking --mandir=/usr/share/man --enable-languages=c,c++,lto --enable-multilib --disable-decimal-float --disable-libffi --disable-libgomp --disable-libmudflap --disable-libquadmath --disable-libssp --disable-libstdcxx-pch --disable-nls --disable-shared --disable-threads --enable-tls --build=x86_64-linux-gnu --target=arm-none-eabi --with-system-zlib --with-gnu-as --with-gnu-ld --with-pkgversion=15:10.3-2021.07-4 --without-included-gettext --prefix=/usr/lib --infodir=/usr/share/doc/gcc-arm-none-eabi/info --htmldir=/usr/share/doc/gcc-arm-none-eabi/html --pdfdir=/usr/share/doc/gcc-arm-none-eabi/pdf --bindir=/usr/bin --libexecdir=/usr/lib --libdir=/usr/lib --disable-libstdc++-v3 --host=x86_64-linux-gnu --with-headers=no --without-newlib --with-multilib-list=rmprofile,aprofile CFLAGS='-g -O2 -ffile-prefix-map=/build/gcc-arm-none-eabi-hYfgK4/gcc-arm-none-eabi-10.3-2021.07=. -flto=auto -ffat-lto-objects -fstack-protector-strong' CPPFLAGS='-Wdate-time -D_FORTIFY_SOURCE=2' CXXFLAGS='-g -O2 -ffile-prefix-map=/build/gcc-arm-none-eabi-hYfgK4/gcc-arm-none-eabi-10.3-2021.07=. -flto=auto -ffat-lto-objects -fstack-protector-strong' DFLAGS=-frelease FCFLAGS='-g -O2 -ffile-prefix-map=/build/gcc-arm-none-eabi-hYfgK4/gcc-arm-none-eabi-10.3-2021.07=. -flto=auto -ffat-lto-objects -fstack-protector-strong' FFLAGS='-g -O2 -ffile-prefix-map=/build/gcc-arm-none-eabi-hYfgK4/gcc-arm-none-eabi-10.3-2021.07=. -flto=auto -ffat-lto-objects -fstack-protector-strong' GCJFLAGS='-g -O2 -ffile-prefix-map=/build/gcc-arm-none-eabi-hYfgK4/gcc-arm-none-eabi-10.3-2021.07=. -fstack-protector-strong' LDFLAGS='-Wl,-Bsymbolic-functions -flto=auto -Wl,-z,relro' OBJCFLAGS='-g -O2 -ffile-prefix-map=/build/gcc-arm-none-eabi-hYfgK4/gcc-arm-none-eabi-10.3-2021.07=. -flto=auto -ffat-lto-objects -fstack-protector-strong' OBJCXXFLAGS='-g -O2 -ffile-prefix-map=/build/gcc-arm-none-eabi-hYfgK4/gcc-arm-none-eabi-10.3-2021.07=. -flto=auto -ffat-lto-objects -fstack-protector-strong' INHIBIT_LIBC_CFLAGS=-DUSE_TM_CLONE_REGISTRY=0 AR_FOR_TARGET=arm-none-eabi-ar AS_FOR_TARGET=arm-none-eabi-as LD_FOR_TARGET=arm-none-eabi-ld NM_FOR_TARGET=arm-none-eabi-nm OBJDUMP_FOR_TARGET=arm-none-eabi-objdump RANLIB_FOR_TARGET=arm-none-eabi-ranlib READELF_FOR_TARGET=arm-none-eabi-readelf STRIP_FOR_TARGET=arm-none-eabi-strip SED=/bin/sed SHELL=/bin/sh BASH=/bin/bash CONFIG_SHELL=/bin/bash
Thread model: single
Supported LTO compression algorithms: zlib
gcc version 10.3.1 20210621 (release) (15:10.3-2021.07-4) 
COMPILER_PATH=/usr/lib/gcc/arm-none-eabi/10.3.1/:/usr/lib/gcc/arm-none-eabi/10.3.1/:/usr/lib/gcc/arm-none-eabi/:/usr/lib/gcc/arm-none-eabi/10.3.1/:/usr/lib/gcc/arm-none-eabi/:/usr/lib/gcc/arm-none-eabi/10.3.1/../../../arm-none-eabi/bin/
LIBRARY_PATH=/usr/lib/gcc/arm-none-eabi/10.3.1/thumb/v6-m/nofp/:/usr/lib/gcc/arm-none-eabi/10.3.1/../../../arm-none-eabi/lib/thumb/v6-m/nofp/:/usr/lib/gcc/arm-none-eabi/10.3.1/:/usr/lib/gcc/arm-none-eabi/10.3.1/../../../arm-none-eabi/lib/
COLLECT_GCC_OPTIONS='-mcpu=cortex-m0plus' '-mthumb' '-nostdlib' '-v' '-o' 'cmTC_947fb.elf' '-mfloat-abi=soft' '-mlibarch=armv6s-m' '-march=armv6s-m'
 /usr/lib/gcc/arm-none-eabi/10.3.1/collect2 -plugin /usr/lib/gcc/arm-none-eabi/10.3.1/liblto_plugin.so -plugin-opt=/usr/lib/gcc/arm-none-eabi/10.3.1/lto-wrapper -plugin-opt=-fresolution=/tmp/ccQ8pBeC.res -X -o cmTC_947fb.elf -L/usr/lib/gcc/arm-none-eabi/10.3.1/thumb/v6-m/nofp -L/usr/lib/gcc/arm-none-eabi/10.3.1/../../../arm-none-eabi/lib/thumb/v6-m/nofp -L/usr/lib/gcc/arm-none-eabi/10.3.1 -L/usr/lib/gcc/arm-none-eabi/10.3.1/../../../arm-none-eabi/lib --build-id=none CMakeFiles/cmTC_947fb.dir/CMakeCXXCompilerABI.cpp.obj
/usr/lib/gcc/arm-none-eabi/10.3.1/../../../arm-none-eabi/bin/ld: warning: cannot find entry symbol _start; defaulting to 0000000000008000
COLLECT_GCC_OPTIONS='-mcpu=cortex-m0plus' '-mthumb' '-nostdlib' '-v' '-o' 'cmTC_947fb.elf' '-mfloat-abi=soft' '-mlibarch=armv6s-m' '-march=armv6s-m'
gmake[1]: Leaving directory '/home/pi/NN2022Code/SrcBoardFirmware/build/CMakeFiles/CMakeTmp'



Parsed CXX implicit include dir info from above output: rv=done
  found start of include info
  found start of implicit include info
    add: [/usr/lib/gcc/arm-none-eabi/10.3.1/../../../arm-none-eabi/include/c++/10.3.1]
    add: [/usr/lib/gcc/arm-none-eabi/10.3.1/../../../arm-none-eabi/include/c++/10.3.1/arm-none-eabi/thumb/v6-m/nofp]
    add: [/usr/lib/gcc/arm-none-eabi/10.3.1/../../../arm-none-eabi/include/c++/10.3.1/backward]
    add: [/usr/lib/gcc/arm-none-eabi/10.3.1/include]
    add: [/usr/lib/gcc/arm-none-eabi/10.3.1/include-fixed]
    add: [/usr/lib/gcc/arm-none-eabi/10.3.1/../../../arm-none-eabi/include]
  end of search list found
  collapse include dir [/usr/lib/gcc/arm-none-eabi/10.3.1/../../../arm-none-eabi/include/c++/10.3.1] ==> [/usr/lib/arm-none-eabi/include/c++/10.3.1]
  collapse include dir [/usr/lib/gcc/arm-none-eabi/10.3.1/../../../arm-none-eabi/include/c++/10.3.1/arm-none-eabi/thumb/v6-m/nofp] ==> [/usr/lib/arm-none-eabi/include/c++/10.3.1/arm-none-eabi/thumb/v6-m/nofp]
  collapse include dir [/usr/lib/gcc/arm-none-eabi/10.3.1/../../../arm-none-eabi/include/c++/10.3.1/backward] ==> [/usr/lib/arm-none-eabi/include/c++/10.3.1/backward]
  collapse include dir [/usr/lib/gcc/arm-none-eabi/10.3.1/include] ==> [/usr/lib/gcc/arm-none-eabi/10.3.1/include]
  collapse include dir [/usr/lib/gcc/arm-none-eabi/10.3.1/include-fixed] ==> [/usr/lib/gcc/arm-none-eabi/10.3.1/include-fixed]
  collapse include dir [/usr/lib/gcc/arm-none-eabi/10.3.1/../../../arm-none-eabi/include] ==> [/usr/lib/arm-none-eabi/include]
  implicit include dirs: [/usr/lib/arm-none-eabi/include/c++/10.3.1;/usr/lib/arm-none-eabi/include/c++/10.3.1/arm-none-eabi/thumb/v6-m/nofp;/usr/lib/arm-none-eabi/include/c++/10.3.1/backward;/usr/lib/gcc/arm-none-eabi/10.3.1/include;/usr/lib/gcc/arm-none-eabi/10.3.1/include-fixed;/usr/lib/arm-none-eabi/include]


Parsed CXX implicit link information from above output:
  link line regex: [^( *|.*[/\])(arm-none-eabi-ld|CMAKE_LINK_STARTFILE-NOTFOUND|([^/\]+-)?ld|collect2)[^/\]*( |$)]
  ignore line: [Change Dir: /home/pi/NN2022Code/SrcBoardFirmware/build/CMakeFiles/CMakeTmp]
  ignore line: []
  ignore line: [Run Build Command(s):/usr/bin/gmake -f Makefile cmTC_947fb/fast && /usr/bin/gmake  -f CMakeFiles/cmTC_947fb.dir/build.make CMakeFiles/cmTC_947fb.dir/build]
  ignore line: [gmake[1]: Entering directory '/home/pi/NN2022Code/SrcBoardFirmware/build/CMakeFiles/CMakeTmp']
  ignore line: [Building CXX object CMakeFiles/cmTC_947fb.dir/CMakeCXXCompilerABI.cpp.obj]
  ignore line: [/usr/bin/arm-none-eabi-g++   -mcpu=cortex-m0plus -mthumb    -v -o CMakeFiles/cmTC_947fb.dir/CMakeCXXCompilerABI.cpp.obj -c /usr/share/cmake-3.22/Modules/CMakeCXXCompilerABI.cpp]
  ignore line: [Using built-in specs.]
  ignore line: [COLLECT_GCC=/usr/bin/arm-none-eabi-g++]
  ignore line: [Target: arm-none-eabi]
  ignore line: [Configured with: ../configure --build=x86_64-linux-gnu --prefix=/usr --includedir='/usr/lib/include' --mandir='/usr/lib/share/man' --infodir='/usr/lib/share/info' --sysconfdir=/etc --localstatedir=/var --disable-option-checking --disable-silent-rules --libdir='/usr/lib/lib/x86_64-linux-gnu' --libexecdir='/usr/lib/lib/x86_64-linux-gnu' --disable-maintainer-mode --disable-dependency-tracking --mandir=/usr/share/man --enable-languages=c,c++,lto --enable-multilib --disable-decimal-float --disable-libffi --disable-libgomp --disable-libmudflap --disable-libquadmath --disable-libssp --disable-libstdcxx-pch --disable-nls --disable-shared --disable-threads --enable-tls --build=x86_64-linux-gnu --target=arm-none-eabi --with-system-zlib --with-gnu-as --with-gnu-ld --with-pkgversion=15:10.3-2021.07-4 --without-included-gettext --prefix=/usr/lib --infodir=/usr/share/doc/gcc-arm-none-eabi/info --htmldir=/usr/share/doc/gcc-arm-none-eabi/html --pdfdir=/usr/share/doc/gcc-arm-none-eabi/pdf --bindir=/usr/bin --libexecdir=/usr/lib --libdir=/usr/lib --disable-libstdc++-v3 --host=x86_64-linux-gnu --with-headers=no --without-newlib --with-multilib-list=rmprofile,aprofile CFLAGS='-g -O2 -ffile-prefix-map=/build/gcc-arm-none-eabi-hYfgK4/gcc-arm-none-eabi-10.3-2021.07=. -flto=auto -ffat-lto-objects -fstack-protector-strong' CPPFLAGS='-Wdate-time -D_FORTIFY_SOURCE=2' CXXFLAGS='-g -O2 -ffile-prefix-map=/build/gcc-arm-none-eabi-hYfgK4/gcc-arm-none-eabi-10.3-2021.07=. -flto=auto -ffat-lto-objects -fstack-protector-strong' DFLAGS=-frelease FCFLAGS='-g -O2 -ffile-prefix-map=/build/gcc-arm-none-eabi-hYfgK4/gcc-arm-none-eabi-10.3-2021.07=. -flto=auto -ffat-lto-objects -fstack-protector-strong' FFLAGS='-g -O2 -ffile-prefix-map=/build/gcc-arm-none-eabi-hYfgK4/gcc-arm-none-eabi-10.3-2021.07=. -flto=auto -ffat-lto-objects -fstack-protector-strong' GCJFLAGS='-g -O2 -ffile-prefix-map=/build/gcc-arm-none-eabi-hYfgK4/gcc-arm-none-eabi-10.3-2021.07=. -fstack-protector-strong' LDFLAGS='-Wl,-Bsymbolic-functions -flto=auto -Wl,-z,relro' OBJCFLAGS='-g -O2 -ffile-prefix-map=/build/gcc-arm-none-eabi-hYfgK4/gcc-arm-none-eabi-10.3-2021.07=. -flto=auto -ffat-lto-objects -fstack-protector-strong' OBJCXXFLAGS='-g -O2 -ffile-prefix-map=/build/gcc-arm-none-eabi-hYfgK4/gcc-arm-none-eabi-10.3-2021.07=. -flto=auto -ffat-lto-objects -fstack-protector-strong' INHIBIT_LIBC_CFLAGS=-DUSE_TM_CLONE_REGISTRY=0 AR_FOR_TARGET=arm-none-eabi-ar AS_FOR_TARGET=arm-none-eabi-as LD_FOR_TARGET=arm-none-eabi-ld NM_FOR_TARGET=arm-none-eabi-nm OBJDUMP_FOR_TARGET=arm-none-eabi-objdump RANLIB_FOR_TARGET=arm-none-eabi-ranlib READELF_FOR_TARGET=arm-none-eabi-readelf STRIP_FOR_TARGET=arm-none-eabi-strip SED=/bin/sed SHELL=/bin/sh BASH=/bin/bash CONFIG_SHELL=/bin/bash]
  ignore line: [Thread model: single]
  ignore line: [Supported LTO compression algorithms: zlib]
  ignore line: [gcc version 10.3.1 20210621 (release) (15:10.3-2021.07-4) ]
  ignore line: [COLLECT_GCC_OPTIONS='-mcpu=cortex-m0plus' '-mthumb' '-v' '-o' 'CMakeFiles/cmTC_947fb.dir/CMakeCXXCompilerABI.cpp.obj' '-c' '-mfloat-abi=soft' '-mlibarch=armv6s-m' '-march=armv6s-m']
  ignore line: [ /usr/lib/gcc/arm-none-eabi/10.3.1/cc1plus -quiet -v -imultilib thumb/v6-m/nofp -D__USES_INITFINI__ /usr/share/cmake-3.22/Modules/CMakeCXXCompilerABI.cpp -quiet -dumpbase CMakeCXXCompilerABI.cpp -mcpu=cortex-m0plus -mthumb -mfloat-abi=soft -mlibarch=armv6s-m -march=armv6s-m -auxbase-strip CMakeFiles/cmTC_947fb.dir/CMakeCXXCompilerABI.cpp.obj -version -o /tmp/ccwa8d95.s]
  ignore line: [GNU C++14 (15:10.3-2021.07-4) version 10.3.1 20210621 (release) (arm-none-eabi)]
  ignore line: [	compiled by GNU C version 11.2.0  GMP version 6.2.1  MPFR version 4.1.0  MPC version 1.2.1  isl version isl-0.24-GMP]
  ignore line: []
  ignore line: [GGC heuristics: --param ggc-min-expand=100 --param ggc-min-heapsize=131072]
  ignore line: [ignoring nonexistent directory "/usr/lib/gcc/arm-none-eabi/10.3.1/../../../arm-none-eabi/sys-include"]
  ignore line: [#include "..." search starts here:]
  ignore line: [#include <...> search starts here:]
  ignore line: [ /usr/lib/gcc/arm-none-eabi/10.3.1/../../../arm-none-eabi/include/c++/10.3.1]
  ignore line: [ /usr/lib/gcc/arm-none-eabi/10.3.1/../../../arm-none-eabi/include/c++/10.3.1/arm-none-eabi/thumb/v6-m/nofp]
  ignore line: [ /usr/lib/gcc/arm-none-eabi/10.3.1/../../../arm-none-eabi/include/c++/10.3.1/backward]
  ignore line: [ /usr/lib/gcc/arm-none-eabi/10.3.1/include]
  ignore line: [ /usr/lib/gcc/arm-none-eabi/10.3.1/include-fixed]
  ignore line: [ /usr/lib/gcc/arm-none-eabi/10.3.1/../../../arm-none-eabi/include]
  ignore line: [End of search list.]
  ignore line: [GNU C++14 (15:10.3-2021.07-4) version 10.3.1 20210621 (release) (arm-none-eabi)]
  ignore line: [	compiled by GNU C version 11.2.0  GMP version 6.2.1  MPFR version 4.1.0  MPC version 1.2.1  isl version isl-0.24-GMP]
  ignore line: []
  ignore line: [GGC heuristics: --param ggc-min-expand=100 --param ggc-min-heapsize=131072]
  ignore line: [Compiler executable checksum: 4f994585a8ca8864fa1f4d2fb208a0ba]
  ignore line: [COLLECT_GCC_OPTIONS='-mcpu=cortex-m0plus' '-mthumb' '-v' '-o' 'CMakeFiles/cmTC_947fb.dir/CMakeCXXCompilerABI.cpp.obj' '-c' '-mfloat-abi=soft' '-mlibarch=armv6s-m' '-march=armv6s-m']
  ignore line: [ /usr/lib/gcc/arm-none-eabi/10.3.1/../../../arm-none-eabi/bin/as -v -march=armv6s-m -mfloat-abi=soft -meabi=5 -o CMakeFiles/cmTC_947fb.dir/CMakeCXXCompilerABI.cpp.obj /tmp/ccwa8d95.s]
  ignore line: [GNU assembler version 2.38 (arm-none-eabi) using BFD version (2.38-3ubuntu1+15build1) 2.38]
  ignore line: [COMPILER_PATH=/usr/lib/gcc/arm-none-eabi/10.3.1/:/usr/lib/gcc/arm-none-eabi/10.3.1/:/usr/lib/gcc/arm-none-eabi/:/usr/lib/gcc/arm-none-eabi/10.3.1/:/usr/lib/gcc/arm-none-eabi/:/usr/lib/gcc/arm-none-eabi/10.3.1/../../../arm-none-eabi/bin/]
  ignore line: [LIBRARY_PATH=/usr/lib/gcc/arm-none-eabi/10.3.1/thumb/v6-m/nofp/:/usr/lib/gcc/arm-none-eabi/10.3.1/../../../arm-none-eabi/lib/thumb/v6-m/nofp/:/usr/lib/gcc/arm-none-eabi/10.3.1/:/usr/lib/gcc/arm-none-eabi/10.3.1/../../../arm-none-eabi/lib/]
  ignore line: [COLLECT_GCC_OPTIONS='-mcpu=cortex-m0plus' '-mthumb' '-v' '-o' 'CMakeFiles/cmTC_947fb.dir/CMakeCXXCompilerABI.cpp.obj' '-c' '-mfloat-abi=soft' '-mlibarch=armv6s-m' '-march=armv6s-m']
  ignore line: [Linking CXX executable cmTC_947fb.elf]
  ignore line: [/usr/bin/cmake -E cmake_link_script CMakeFiles/cmTC_947fb.dir/link.txt --verbose=1]
  ignore line: [/usr/bin/arm-none-eabi-g++ -mcpu=cortex-m0plus -mthumb  -Wl --build-id=none -nostdlib  -v CMakeFiles/cmTC_947fb.dir/CMakeCXXCompilerABI.cpp.obj -o cmTC_947fb.elf ]
  ignore line: [Using built-in specs.]
  ignore line: [COLLECT_GCC=/usr/bin/arm-none-eabi-g++]
  ignore line: [COLLECT_LTO_WRAPPER=/usr/lib/gcc/arm-none-eabi/10.3.1/lto-wrapper]
  ignore line: [Target: arm-none-eabi]
  ignore line: [Configured with: ../configure --build=x86_64-linux-gnu --prefix=/usr --includedir='/usr/lib/include' --mandir='/usr/lib/share/man' --infodir='/usr/lib/share/info' --sysconfdir=/etc --localstatedir=/var --disable-option-checking --disable-silent-rules --libdir='/usr/lib/lib/x86_64-linux-gnu' --libexecdir='/usr/lib/lib/x86_64-linux-gnu' --disable-maintainer-mode --disable-dependency-tracking --mandir=/usr/share/man --enable-languages=c,c++,lto --enable-multilib --disable-decimal-float --disable-libffi --disable-libgomp --disable-libmudflap --disable-libquadmath --disable-libssp --disable-libstdcxx-pch --disable-nls --disable-shared --disable-threads --enable-tls --build=x86_64-linux-gnu --target=arm-none-eabi --with-system-zlib --with-gnu-as --with-gnu-ld --with-pkgversion=15:10.3-2021.07-4 --without-included-gettext --prefix=/usr/lib --infodir=/usr/share/doc/gcc-arm-none-eabi/info --htmldir=/usr/share/doc/gcc-arm-none-eabi/html --pdfdir=/usr/share/doc/gcc-arm-none-eabi/pdf --bindir=/usr/bin --libexecdir=/usr/lib --libdir=/usr/lib --disable-libstdc++-v3 --host=x86_64-linux-gnu --with-headers=no --without-newlib --with-multilib-list=rmprofile,aprofile CFLAGS='-g -O2 -ffile-prefix-map=/build/gcc-arm-none-eabi-hYfgK4/gcc-arm-none-eabi-10.3-2021.07=. -flto=auto -ffat-lto-objects -fstack-protector-strong' CPPFLAGS='-Wdate-time -D_FORTIFY_SOURCE=2' CXXFLAGS='-g -O2 -ffile-prefix-map=/build/gcc-arm-none-eabi-hYfgK4/gcc-arm-none-eabi-10.3-2021.07=. -flto=auto -ffat-lto-objects -fstack-protector-strong' DFLAGS=-frelease FCFLAGS='-g -O2 -ffile-prefix-map=/build/gcc-arm-none-eabi-hYfgK4/gcc-arm-none-eabi-10.3-2021.07=. -flto=auto -ffat-lto-objects -fstack-protector-strong' FFLAGS='-g -O2 -ffile-prefix-map=/build/gcc-arm-none-eabi-hYfgK4/gcc-arm-none-eabi-10.3-2021.07=. -flto=auto -ffat-lto-objects -fstack-protector-strong' GCJFLAGS='-g -O2 -ffile-prefix-map=/build/gcc-arm-none-eabi-hYfgK4/gcc-arm-none-eabi-10.3-2021.07=. -fstack-protector-strong' LDFLAGS='-Wl,-Bsymbolic-functions -flto=auto -Wl,-z,relro' OBJCFLAGS='-g -O2 -ffile-prefix-map=/build/gcc-arm-none-eabi-hYfgK4/gcc-arm-none-eabi-10.3-2021.07=. -flto=auto -ffat-lto-objects -fstack-protector-strong' OBJCXXFLAGS='-g -O2 -ffile-prefix-map=/build/gcc-arm-none-eabi-hYfgK4/gcc-arm-none-eabi-10.3-2021.07=. -flto=auto -ffat-lto-objects -fstack-protector-strong' INHIBIT_LIBC_CFLAGS=-DUSE_TM_CLONE_REGISTRY=0 AR_FOR_TARGET=arm-none-eabi-ar AS_FOR_TARGET=arm-none-eabi-as LD_FOR_TARGET=arm-none-eabi-ld NM_FOR_TARGET=arm-none-eabi-nm OBJDUMP_FOR_TARGET=arm-none-eabi-objdump RANLIB_FOR_TARGET=arm-none-eabi-ranlib READELF_FOR_TARGET=arm-none-eabi-readelf STRIP_FOR_TARGET=arm-none-eabi-strip SED=/bin/sed SHELL=/bin/sh BASH=/bin/bash CONFIG_SHELL=/bin/bash]
  ignore line: [Thread model: single]
  ignore line: [Supported LTO compression algorithms: zlib]
  ignore line: [gcc version 10.3.1 20210621 (release) (15:10.3-2021.07-4) ]
  ignore line: [COMPILER_PATH=/usr/lib/gcc/arm-none-eabi/10.3.1/:/usr/lib/gcc/arm-none-eabi/10.3.1/:/usr/lib/gcc/arm-none-eabi/:/usr/lib/gcc/arm-none-eabi/10.3.1/:/usr/lib/gcc/arm-none-eabi/:/usr/lib/gcc/arm-none-eabi/10.3.1/../../../arm-none-eabi/bin/]
  ignore line: [LIBRARY_PATH=/usr/lib/gcc/arm-none-eabi/10.3.1/thumb/v6-m/nofp/:/usr/lib/gcc/arm-none-eabi/10.3.1/../../../arm-none-eabi/lib/thumb/v6-m/nofp/:/usr/lib/gcc/arm-none-eabi/10.3.1/:/usr/lib/gcc/arm-none-eabi/10.3.1/../../../arm-none-eabi/lib/]
  ignore line: [COLLECT_GCC_OPTIONS='-mcpu=cortex-m0plus' '-mthumb' '-nostdlib' '-v' '-o' 'cmTC_947fb.elf' '-mfloat-abi=soft' '-mlibarch=armv6s-m' '-march=armv6s-m']
  link line: [ /usr/lib/gcc/arm-none-eabi/10.3.1/collect2 -plugin /usr/lib/gcc/arm-none-eabi/10.3.1/liblto_plugin.so -plugin-opt=/usr/lib/gcc/arm-none-eabi/10.3.1/lto-wrapper -plugin-opt=-fresolution=/tmp/ccQ8pBeC.res -X -o cmTC_947fb.elf -L/usr/lib/gcc/arm-none-eabi/10.3.1/thumb/v6-m/nofp -L/usr/lib/gcc/arm-none-eabi/10.3.1/../../../arm-none-eabi/lib/thumb/v6-m/nofp -L/usr/lib/gcc/arm-none-eabi/10.3.1 -L/usr/lib/gcc/arm-none-eabi/10.3.1/../../../arm-none-eabi/lib --build-id=none CMakeFiles/cmTC_947fb.dir/CMakeCXXCompilerABI.cpp.obj]
    arg [/usr/lib/gcc/arm-none-eabi/10.3.1/collect2] ==> ignore
    arg [-plugin] ==> ignore
    arg [/usr/lib/gcc/arm-none-eabi/10.3.1/liblto_plugin.so] ==> ignore
    arg [-plugin-opt=/usr/lib/gcc/arm-none-eabi/10.3.1/lto-wrapper] ==> ignore
    arg [-plugin-opt=-fresolution=/tmp/ccQ8pBeC.res] ==> ignore
    arg [-X] ==> ignore
    arg [-o] ==> ignore
    arg [cmTC_947fb.elf] ==> ignore
    arg [-L/usr/lib/gcc/arm-none-eabi/10.3.1/thumb/v6-m/nofp] ==> dir [/usr/lib/gcc/arm-none-eabi/10.3.1/thumb/v6-m/nofp]
    arg [-L/usr/lib/gcc/arm-none-eabi/10.3.1/../../../arm-none-eabi/lib/thumb/v6-m/nofp] ==> dir [/usr/lib/gcc/arm-none-eabi/10.3.1/../../../arm-none-eabi/lib/thumb/v6-m/nofp]
    arg [-L/usr/lib/gcc/arm-none-eabi/10.3.1] ==> dir [/usr/lib/gcc/arm-none-eabi/10.3.1]
    arg [-L/usr/lib/gcc/arm-none-eabi/10.3.1/../../../arm-none-eabi/lib] ==> dir [/usr/lib/gcc/arm-none-eabi/10.3.1/../../../arm-none-eabi/lib]
    arg [--build-id=none] ==> ignore
    arg [CMakeFiles/cmTC_947fb.dir/CMakeCXXCompilerABI.cpp.obj] ==> ignore
  collapse library dir [/usr/lib/gcc/arm-none-eabi/10.3.1/thumb/v6-m/nofp] ==> [/usr/lib/gcc/arm-none-eabi/10.3.1/thumb/v6-m/nofp]
  collapse library dir [/usr/lib/gcc/arm-none-eabi/10.3.1/../../../arm-none-eabi/lib/thumb/v6-m/nofp] ==> [/usr/lib/arm-none-eabi/lib/thumb/v6-m/nofp]
  collapse library dir [/usr/lib/gcc/arm-none-eabi/10.3.1] ==> [/usr/lib/gcc/arm-none-eabi/10.3.1]
  collapse library dir [/usr/lib/gcc/arm-none-eabi/10.3.1/../../../arm-none-eabi/lib] ==> [/usr/lib/arm-none-eabi/lib]
  implicit libs: []
  implicit objs: []
  implicit dirs: [/usr/lib/gcc/arm-none-eabi/10.3.1/thumb/v6-m/nofp;/usr/lib/arm-none-eabi/lib/thumb/v6-m/nofp;/usr/lib/gcc/arm-none-eabi/10.3.1;/usr/lib/arm-none-eabi/lib]
  implicit fwks: []


The target system is: PICO -  - cortex-m0plus
The host system is: Linux - 6.8.0-47-generic - x86_64
Compiling the C compiler identification source file "CMakeCCompilerId.c" succeeded.
Compiler: /usr/bin/arm-none-eabi-gcc 
Build flags: ;-mcpu=cortex-m0plus;-mthumb
Id flags: -c 

The output was:
0


Compilation of the C compiler identification source "CMakeCCompilerId.c" produced "CMakeCCompilerId.o"

The C compiler identification is GNU, found in "/home/pi/NN2022Code/SrcBoardFirmware/build/CMakeFiles/3.22.1/CompilerIdC/CMakeCCompilerId.o"

Compiling the CXX compiler identification source file "CMakeCXXCompilerId.cpp" succeeded.
Compiler: /usr/bin/arm-none-eabi-g++ 
Build flags: ;-mcpu=cortex-m0plus;-mthumb
Id flags: -c 

The output was:
0


Compilation of the CXX compiler identification source "CMakeCXXCompilerId.cpp" produced "CMakeCXXCompilerId.o"

The CXX compiler identification is GNU, found in "/home/pi/NN2022Code/SrcBoardFirmware/build/CMakeFiles/3.22.1/CompilerIdCXX/CMakeCXXCompilerId.o"

Checking whether the ASM compiler is GNU using "--version" matched "(GNU assembler)|(GCC)|(Free Software Foundation)":
arm-none-eabi-gcc (15:10.3-2021.07-4) 10.3.1 20210621 (release)
Copyright (C) 2020 Free Software Foundation, Inc.
This is free software; see the source for copying conditions.  There is NO
warranty; not even for MERCHANTABILITY or FITNESS FOR A PARTICULAR PURPOSE.

Detecting C compiler ABI info compiled with the following output:
Change Dir: /home/pi/NN2022Code/SrcBoardFirmware/build/CMakeFiles/CMakeTmp

Run Build Command(s):/usr/bin/gmake -f Makefile cmTC_ff775/fast && /usr/bin/gmake  -f CMakeFiles/cmTC_ff775.dir/build.make CMakeFiles/cmTC_ff775.dir/build
gmake[1]: Entering directory '/home/pi/NN2022Code/SrcBoardFirmware/build/CMakeFiles/CMakeTmp'
Building C object CMakeFiles/cmTC_ff775.dir/CMakeCCompilerABI.c.obj
/usr/bin/arm-none-eabi-gcc   -mcpu=cortex-m0plus -mthumb    -v -o CMakeFiles/cmTC_ff775.dir/CMakeCCompilerABI.c.obj -c /usr/share/cmake-3.22/Modules/CMakeCCompilerABI.c
Using built-in specs.
COLLECT_GCC=/usr/bin/arm-none-eabi-gcc
Target: arm-none-eabi
Configured with: ../configure --build=x86_64-linux-gnu --prefix=/usr --includedir='/usr/lib/include' --mandir='/usr/lib/share/man' --infodir='/usr/lib/share/info' --sysconfdir=/etc --localstatedir=/var --disable-option-checking --disable-silent-rules --libdir='/usr/lib/lib/x86_64-linux-gnu' --libexecdir='/usr/lib/lib/x86_64-linux-gnu' --disable-maintainer-mode --disable-dependency-tracking --mandir=/usr/share/man --enable-languages=c,c++,lto --enable-multilib --disable-decimal-float --disable-libffi --disable-libgomp --disable-libmudflap --disable-libquadmath --disable-libssp --disable-libstdcxx-pch --disable-nls --disable-shared --disable-threads --enable-tls --build=x86_64-linux-gnu --target=arm-none-eabi --with-system-zlib --with-gnu-as --with-gnu-ld --with-pkgversion=15:10.3-2021.07-4 --without-included-gettext --prefix=/usr/lib --infodir=/usr/share/doc/gcc-arm-none-eabi/info --htmldir=/usr/share/doc/gcc-arm-none-eabi/html --pdfdir=/usr/share/doc/gcc-arm-none-eabi/pdf --bindir=/usr/bin --libexecdir=/usr/lib --libdir=/usr/lib --disable-libstdc++-v3 --host=x86_64-linux-gnu --with-headers=no --without-newlib --with-multilib-list=rmprofile,aprofile CFLAGS='-g -O2 -ffile-prefix-map=/build/gcc-arm-none-eabi-hYfgK4/gcc-arm-none-eabi-10.3-2021.07=. -flto=auto -ffat-lto-objects -fstack-protector-strong' CPPFLAGS='-Wdate-time -D_FORTIFY_SOURCE=2' CXXFLAGS='-g -O2 -ffile-prefix-map=/build/gcc-arm-none-eabi-hYfgK4/gcc-arm-none-eabi-10.3-2021.07=. -flto=auto -ffat-lto-objects -fstack-protector-strong' DFLAGS=-frelease FCFLAGS='-g -O2 -ffile-prefix-map=/build/gcc-arm-none-eabi-hYfgK4/gcc-arm-none-eabi-10.3-2021.07=. -flto=auto -ffat-lto-objects -fstack-protector-strong' FFLAGS='-g -O2 -ffile-prefix-map=/build/gcc-arm-none-eabi-hYfgK4/gcc-arm-none-eabi-10.3-2021.07=. -flto=auto -ffat-lto-objects -fstack-protector-strong' GCJFLAGS='-g -O2 -ffile-prefix-map=/build/gcc-arm-none-eabi-hYfgK4/gcc-arm-none-eabi-10.3-2021.07=. -fstack-protector-strong' LDFLAGS='-Wl,-Bsymbolic-functions -flto=auto -Wl,-z,relro' OBJCFLAGS='-g -O2 -ffile-prefix-map=/build/gcc-arm-none-eabi-hYfgK4/gcc-arm-none-eabi-10.3-2021.07=. -flto=auto -ffat-lto-objects -fstack-protector-strong' OBJCXXFLAGS='-g -O2 -ffile-prefix-map=/build/gcc-arm-none-eabi-hYfgK4/gcc-arm-none-eabi-10.3-2021.07=. -flto=auto -ffat-lto-objects -fstack-protector-strong' INHIBIT_LIBC_CFLAGS=-DUSE_TM_CLONE_REGISTRY=0 AR_FOR_TARGET=arm-none-eabi-ar AS_FOR_TARGET=arm-none-eabi-as LD_FOR_TARGET=arm-none-eabi-ld NM_FOR_TARGET=arm-none-eabi-nm OBJDUMP_FOR_TARGET=arm-none-eabi-objdump RANLIB_FOR_TARGET=arm-none-eabi-ranlib READELF_FOR_TARGET=arm-none-eabi-readelf STRIP_FOR_TARGET=arm-none-eabi-strip SED=/bin/sed SHELL=/bin/sh BASH=/bin/bash CONFIG_SHELL=/bin/bash
Thread model: single
Supported LTO compression algorithms: zlib
gcc version 10.3.1 20210621 (release) (15:10.3-2021.07-4) 
COLLECT_GCC_OPTIONS='-mcpu=cortex-m0plus' '-mthumb' '-v' '-o' 'CMakeFiles/cmTC_ff775.dir/CMakeCCompilerABI.c.obj' '-c' '-mfloat-abi=soft' '-mlibarch=armv6s-m' '-march=armv6s-m'
 /usr/lib/gcc/arm-none-eabi/10.3.1/cc1 -quiet -v -imultilib thumb/v6-m/nofp -D__USES_INITFINI__ /usr/share/cmake-3.22/Modules/CMakeCCompilerABI.c -quiet -dumpbase CMakeCCompilerABI.c -mcpu=cortex-m0plus -mthumb -mfloat-abi=soft -mlibarch=armv6s-m -march=armv6s-m -auxbase-strip CMakeFiles/cmTC_ff775.dir/CMakeCCompilerABI.c.obj -version -o /tmp/cchqyX5K.s
GNU C17 (15:10.3-2021.07-4) version 10.3.1 20210621 (release) (arm-none-eabi)
	compiled by GNU C version 11.2.0, GMP version 6.2.1, MPFR version 4.1.0, MPC version 1.2.1, isl version isl-0.24-GMP

GGC heuristics: --param ggc-min-expand=100 --param ggc-min-heapsize=131072
ignoring nonexistent directory "/usr/lib/gcc/arm-none-eabi/10.3.1/../../../arm-none-eabi/sys-include"
#include "..." search starts here:
#include <...> search starts here:
 /usr/lib/gcc/arm-none-eabi/10.3.1/include
 /usr/lib/gcc/arm-none-eabi/10.3.1/include-fixed
 /usr/lib/gcc/arm-none-eabi/10.3.1/../../../arm-none-eabi/include
End of search list.
GNU C17 (15:10.3-2021.07-4) version 10.3.1 20210621 (release) (arm-none-eabi)
	compiled by GNU C version 11.2.0, GMP version 6.2.1, MPFR version 4.1.0, MPC version 1.2.1, isl version isl-0.24-GMP

GGC heuristics: --param ggc-min-expand=100 --param ggc-min-heapsize=131072
Compiler executable checksum: 4cf7574ae54eb0935abb4a8c56f8bcfe
COLLECT_GCC_OPTIONS='-mcpu=cortex-m0plus' '-mthumb' '-v' '-o' 'CMakeFiles/cmTC_ff775.dir/CMakeCCompilerABI.c.obj' '-c' '-mfloat-abi=soft' '-mlibarch=armv6s-m' '-march=armv6s-m'
 /usr/lib/gcc/arm-none-eabi/10.3.1/../../../arm-none-eabi/bin/as -v -march=armv6s-m -mfloat-abi=soft -meabi=5 -o CMakeFiles/cmTC_ff775.dir/CMakeCCompilerABI.c.obj /tmp/cchqyX5K.s
GNU assembler version 2.38 (arm-none-eabi) using BFD version (2.38-3ubuntu1+15build1) 2.38
COMPILER_PATH=/usr/lib/gcc/arm-none-eabi/10.3.1/:/usr/lib/gcc/arm-none-eabi/10.3.1/:/usr/lib/gcc/arm-none-eabi/:/usr/lib/gcc/arm-none-eabi/10.3.1/:/usr/lib/gcc/arm-none-eabi/:/usr/lib/gcc/arm-none-eabi/10.3.1/../../../arm-none-eabi/bin/
LIBRARY_PATH=/usr/lib/gcc/arm-none-eabi/10.3.1/thumb/v6-m/nofp/:/usr/lib/gcc/arm-none-eabi/10.3.1/../../../arm-none-eabi/lib/thumb/v6-m/nofp/:/usr/lib/gcc/arm-none-eabi/10.3.1/:/usr/lib/gcc/arm-none-eabi/10.3.1/../../../arm-none-eabi/lib/
COLLECT_GCC_OPTIONS='-mcpu=cortex-m0plus' '-mthumb' '-v' '-o' 'CMakeFiles/cmTC_ff775.dir/CMakeCCompilerABI.c.obj' '-c' '-mfloat-abi=soft' '-mlibarch=armv6s-m' '-march=armv6s-m'
Linking C executable cmTC_ff775.elf
/usr/bin/cmake -E cmake_link_script CMakeFiles/cmTC_ff775.dir/link.txt --verbose=1
/usr/bin/arm-none-eabi-gcc -mcpu=cortex-m0plus -mthumb  -Wl,--build-id=none -nostdlib  -v CMakeFiles/cmTC_ff775.dir/CMakeCCompilerABI.c.obj -o cmTC_ff775.elf 
Using built-in specs.
COLLECT_GCC=/usr/bin/arm-none-eabi-gcc
COLLECT_LTO_WRAPPER=/usr/lib/gcc/arm-none-eabi/10.3.1/lto-wrapper
Target: arm-none-eabi
Configured with: ../configure --build=x86_64-linux-gnu --prefix=/usr --includedir='/usr/lib/include' --mandir='/usr/lib/share/man' --infodir='/usr/lib/share/info' --sysconfdir=/etc --localstatedir=/var --disable-option-checking --disable-silent-rules --libdir='/usr/lib/lib/x86_64-linux-gnu' --libexecdir='/usr/lib/lib/x86_64-linux-gnu' --disable-maintainer-mode --disable-dependency-tracking --mandir=/usr/share/man --enable-languages=c,c++,lto --enable-multilib --disable-decimal-float --disable-libffi --disable-libgomp --disable-libmudflap --disable-libquadmath --disable-libssp --disable-libstdcxx-pch --disable-nls --disable-shared --disable-threads --enable-tls --build=x86_64-linux-gnu --target=arm-none-eabi --with-system-zlib --with-gnu-as --with-gnu-ld --with-pkgversion=15:10.3-2021.07-4 --without-included-gettext --prefix=/usr/lib --infodir=/usr/share/doc/gcc-arm-none-eabi/info --htmldir=/usr/share/doc/gcc-arm-none-eabi/html --pdfdir=/usr/share/doc/gcc-arm-none-eabi/pdf --bindir=/usr/bin --libexecdir=/usr/lib --libdir=/usr/lib --disable-libstdc++-v3 --host=x86_64-linux-gnu --with-headers=no --without-newlib --with-multilib-list=rmprofile,aprofile CFLAGS='-g -O2 -ffile-prefix-map=/build/gcc-arm-none-eabi-hYfgK4/gcc-arm-none-eabi-10.3-2021.07=. -flto=auto -ffat-lto-objects -fstack-protector-strong' CPPFLAGS='-Wdate-time -D_FORTIFY_SOURCE=2' CXXFLAGS='-g -O2 -ffile-prefix-map=/build/gcc-arm-none-eabi-hYfgK4/gcc-arm-none-eabi-10.3-2021.07=. -flto=auto -ffat-lto-objects -fstack-protector-strong' DFLAGS=-frelease FCFLAGS='-g -O2 -ffile-prefix-map=/build/gcc-arm-none-eabi-hYfgK4/gcc-arm-none-eabi-10.3-2021.07=. -flto=auto -ffat-lto-objects -fstack-protector-strong' FFLAGS='-g -O2 -ffile-prefix-map=/build/gcc-arm-none-eabi-hYfgK4/gcc-arm-none-eabi-10.3-2021.07=. -flto=auto -ffat-lto-objects -fstack-protector-strong' GCJFLAGS='-g -O2 -ffile-prefix-map=/build/gcc-arm-none-eabi-hYfgK4/gcc-arm-none-eabi-10.3-2021.07=. -fstack-protector-strong' LDFLAGS='-Wl,-Bsymbolic-functions -flto=auto -Wl,-z,relro' OBJCFLAGS='-g -O2 -ffile-prefix-map=/build/gcc-arm-none-eabi-hYfgK4/gcc-arm-none-eabi-10.3-2021.07=. -flto=auto -ffat-lto-objects -fstack-protector-strong' OBJCXXFLAGS='-g -O2 -ffile-prefix-map=/build/gcc-arm-none-eabi-hYfgK4/gcc-arm-none-eabi-10.3-2021.07=. -flto=auto -ffat-lto-objects -fstack-protector-strong' INHIBIT_LIBC_CFLAGS=-DUSE_TM_CLONE_REGISTRY=0 AR_FOR_TARGET=arm-none-eabi-ar AS_FOR_TARGET=arm-none-eabi-as LD_FOR_TARGET=arm-none-eabi-ld NM_FOR_TARGET=arm-none-eabi-nm OBJDUMP_FOR_TARGET=arm-none-eabi-objdump RANLIB_FOR_TARGET=arm-none-eabi-ranlib READELF_FOR_TARGET=arm-none-eabi-readelf STRIP_FOR_TARGET=arm-none-eabi-strip SED=/bin/sed SHELL=/bin/sh BASH=/bin/bash CONFIG_SHELL=/bin/bash
Thread model: single
Supported LTO compression algorithms: zlib
gcc version 10.3.1 20210621 (release) (15:10.3-2021.07-4) 
COMPILER_PATH=/usr/lib/gcc/arm-none-eabi/10.3.1/:/usr/lib/gcc/arm-none-eabi/10.3.1/:/usr/lib/gcc/arm-none-eabi/:/usr/lib/gcc/arm-none-eabi/10.3.1/:/usr/lib/gcc/arm-none-eabi/:/usr/lib/gcc/arm-none-eabi/10.3.1/../../../arm-none-eabi/bin/
LIBRARY_PATH=/usr/lib/gcc/arm-none-eabi/10.3.1/thumb/v6-m/nofp/:/usr/lib/gcc/arm-none-eabi/10.3.1/../../../arm-none-eabi/lib/thumb/v6-m/nofp/:/usr/lib/gcc/arm-none-eabi/10.3.1/:/usr/lib/gcc/arm-none-eabi/10.3.1/../../../arm-none-eabi/lib/
COLLECT_GCC_OPTIONS='-mcpu=cortex-m0plus' '-mthumb' '-nostdlib' '-v' '-o' 'cmTC_ff775.elf' '-mfloat-abi=soft' '-mlibarch=armv6s-m' '-march=armv6s-m'
 /usr/lib/gcc/arm-none-eabi/10.3.1/collect2 -plugin /usr/lib/gcc/arm-none-eabi/10.3.1/liblto_plugin.so -plugin-opt=/usr/lib/gcc/arm-none-eabi/10.3.1/lto-wrapper -plugin-opt=-fresolution=/tmp/ccBNpJq2.res -X -o cmTC_ff775.elf -L/usr/lib/gcc/arm-none-eabi/10.3.1/thumb/v6-m/nofp -L/usr/lib/gcc/arm-none-eabi/10.3.1/../../../arm-none-eabi/lib/thumb/v6-m/nofp -L/usr/lib/gcc/arm-none-eabi/10.3.1 -L/usr/lib/gcc/arm-none-eabi/10.3.1/../../../arm-none-eabi/lib --build-id=none CMakeFiles/cmTC_ff775.dir/CMakeCCompilerABI.c.obj
/usr/lib/gcc/arm-none-eabi/10.3.1/../../../arm-none-eabi/bin/ld: warning: cannot find entry symbol _start; defaulting to 0000000000008000
COLLECT_GCC_OPTIONS='-mcpu=cortex-m0plus' '-mthumb' '-nostdlib' '-v' '-o' 'cmTC_ff775.elf' '-mfloat-abi=soft' '-mlibarch=armv6s-m' '-march=armv6s-m'
gmake[1]: Leaving directory '/home/pi/NN2022Code/SrcBoardFirmware/build/CMakeFiles/CMakeTmp'



Parsed C implicit include dir info from above output: rv=done
  found start of include info
  found start of implicit include info
    add: [/usr/lib/gcc/arm-none-eabi/10.3.1/include]
    add: [/usr/lib/gcc/arm-none-eabi/10.3.1/include-fixed]
    add: [/usr/lib/gcc/arm-none-eabi/10.3.1/../../../arm-none-eabi/include]
  end of search list found
  collapse include dir [/usr/lib/gcc/arm-none-eabi/10.3.1/include] ==> [/usr/lib/gcc/arm-none-eabi/10.3.1/include]
  collapse include dir [/usr/lib/gcc/arm-none-eabi/10.3.1/include-fixed] ==> [/usr/lib/gcc/arm-none-eabi/10.3.1/include-fixed]
  collapse include dir [/usr/lib/gcc/arm-none-eabi/10.3.1/../../../arm-none-eabi/include] ==> [/usr/lib/arm-none-eabi/include]
  implicit include dirs: [/usr/lib/gcc/arm-none-eabi/10.3.1/include;/usr/lib/gcc/arm-none-eabi/10.3.1/include-fixed;/usr/lib/arm-none-eabi/include]


Parsed C implicit link information from above output:
  link line regex: [^( *|.*[/\])(arm-none-eabi-ld|CMAKE_LINK_STARTFILE-NOTFOUND|([^/\]+-)?ld|collect2)[^/\]*( |$)]
  ignore line: [Change Dir: /home/pi/NN2022Code/SrcBoardFirmware/build/CMakeFiles/CMakeTmp]
  ignore line: []
  ignore line: [Run Build Command(s):/usr/bin/gmake -f Makefile cmTC_ff775/fast && /usr/bin/gmake  -f CMakeFiles/cmTC_ff775.dir/build.make CMakeFiles/cmTC_ff775.dir/build]
  ignore line: [gmake[1]: Entering directory '/home/pi/NN2022Code/SrcBoardFirmware/build/CMakeFiles/CMakeTmp']
  ignore line: [Building C object CMakeFiles/cmTC_ff775.dir/CMakeCCompilerABI.c.obj]
  ignore line: [/usr/bin/arm-none-eabi-gcc   -mcpu=cortex-m0plus -mthumb    -v -o CMakeFiles/cmTC_ff775.dir/CMakeCCompilerABI.c.obj -c /usr/share/cmake-3.22/Modules/CMakeCCompilerABI.c]
  ignore line: [Using built-in specs.]
  ignore line: [COLLECT_GCC=/usr/bin/arm-none-eabi-gcc]
  ignore line: [Target: arm-none-eabi]
  ignore line: [Configured with: ../configure --build=x86_64-linux-gnu --prefix=/usr --includedir='/usr/lib/include' --mandir='/usr/lib/share/man' --infodir='/usr/lib/share/info' --sysconfdir=/etc --localstatedir=/var --disable-option-checking --disable-silent-rules --libdir='/usr/lib/lib/x86_64-linux-gnu' --libexecdir='/usr/lib/lib/x86_64-linux-gnu' --disable-maintainer-mode --disable-dependency-tracking --mandir=/usr/share/man --enable-languages=c,c++,lto --enable-multilib --disable-decimal-float --disable-libffi --disable-libgomp --disable-libmudflap --disable-libquadmath --disable-libssp --disable-libstdcxx-pch --disable-nls --disable-shared --disable-threads --enable-tls --build=x86_64-linux-gnu --target=arm-none-eabi --with-system-zlib --with-gnu-as --with-gnu-ld --with-pkgversion=15:10.3-2021.07-4 --without-included-gettext --prefix=/usr/lib --infodir=/usr/share/doc/gcc-arm-none-eabi/info --htmldir=/usr/share/doc/gcc-arm-none-eabi/html --pdfdir=/usr/share/doc/gcc-arm-none-eabi/pdf --bindir=/usr/bin --libexecdir=/usr/lib --libdir=/usr/lib --disable-libstdc++-v3 --host=x86_64-linux-gnu --with-headers=no --without-newlib --with-multilib-list=rmprofile,aprofile CFLAGS='-g -O2 -ffile-prefix-map=/build/gcc-arm-none-eabi-hYfgK4/gcc-arm-none-eabi-10.3-2021.07=. -flto=auto -ffat-lto-objects -fstack-protector-strong' CPPFLAGS='-Wdate-time -D_FORTIFY_SOURCE=2' CXXFLAGS='-g -O2 -ffile-prefix-map=/build/gcc-arm-none-eabi-hYfgK4/gcc-arm-none-eabi-10.3-2021.07=. -flto=auto -ffat-lto-objects -fstack-protector-strong' DFLAGS=-frelease FCFLAGS='-g -O2 -ffile-prefix-map=/build/gcc-arm-none-eabi-hYfgK4/gcc-arm-none-eabi-10.3-2021.07=. -flto=auto -ffat-lto-objects -fstack-protector-strong' FFLAGS='-g -O2 -ffile-prefix-map=/build/gcc-arm-none-eabi-hYfgK4/gcc-arm-none-eabi-10.3-2021.07=. -flto=auto -ffat-lto-objects -fstack-protector-strong' GCJFLAGS='-g -O2 -ffile-prefix-map=/build/gcc-arm-none-eabi-hYfgK4/gcc-arm-none-eabi-10.3-2021.07=. -fstack-protector-strong' LDFLAGS='-Wl,-Bsymbolic-functions -flto=auto -Wl,-z,relro' OBJCFLAGS='-g -O2 -ffile-prefix-map=/build/gcc-arm-none-eabi-hYfgK4/gcc-arm-none-eabi-10.3-2021.07=. -flto=auto -ffat-lto-objects -fstack-protector-strong' OBJCXXFLAGS='-g -O2 -ffile-prefix-map=/build/gcc-arm-none-eabi-hYfgK4/gcc-arm-none-eabi-10.3-2021.07=. -flto=auto -ffat-lto-objects -fstack-protector-strong' INHIBIT_LIBC_CFLAGS=-DUSE_TM_CLONE_REGISTRY=0 AR_FOR_TARGET=arm-none-eabi-ar AS_FOR_TARGET=arm-none-eabi-as LD_FOR_TARGET=arm-none-eabi-ld NM_FOR_TARGET=arm-none-eabi-nm OBJDUMP_FOR_TARGET=arm-none-eabi-objdump RANLIB_FOR_TARGET=arm-none-eabi-ranlib READELF_FOR_TARGET=arm-none-eabi-readelf STRIP_FOR_TARGET=arm-none-eabi-strip SED=/bin/sed SHELL=/bin/sh BASH=/bin/bash CONFIG_SHELL=/bin/bash]
  ignore line: [Thread model: single]
  ignore line: [Supported LTO compression algorithms: zlib]
  ignore line: [gcc version 10.3.1 20210621 (release) (15:10.3-2021.07-4) ]
  ignore line: [COLLECT_GCC_OPTIONS='-mcpu=cortex-m0plus' '-mthumb' '-v' '-o' 'CMakeFiles/cmTC_ff775.dir/CMakeCCompilerABI.c.obj' '-c' '-mfloat-abi=soft' '-mlibarch=armv6s-m' '-march=armv6s-m']
  ignore line: [ /usr/lib/gcc/arm-none-eabi/10.3.1/cc1 -quiet -v -imultilib thumb/v6-m/nofp -D__USES_INITFINI__ /usr/share/cmake-3.22/Modules/CMakeCCompilerABI.c -quiet -dumpbase CMakeCCompilerABI.c -mcpu=cortex-m0plus -mthumb -mfloat-abi=soft -mlibarch=armv6s-m -march=armv6s-m -auxbase-strip CMakeFiles/cmTC_ff775.dir/CMakeCCompilerABI.c.obj -version -o /tmp/cchqyX5K.s]
  ignore line: [GNU C17 (15:10.3-2021.07-4) version 10.3.1 20210621 (release) (arm-none-eabi)]
  ignore line: [	compiled by GNU C version 11.2.0  GMP version 6.2.1  MPFR version 4.1.0  MPC version 1.2.1  isl version isl-0.24-GMP]
  ignore line: []
  ignore line: [GGC heuristics: --param ggc-min-expand=100 --param ggc-min-heapsize=131072]
  ignore line: [ignoring nonexistent directory "/usr/lib/gcc/arm-none-eabi/10.3.1/../../../arm-none-eabi/sys-include"]
  ignore line: [#include "..." search starts here:]
  ignore line: [#include <...> search starts here:]
  ignore line: [ /usr/lib/gcc/arm-none-eabi/10.3.1/include]
  ignore line: [ /usr/lib/gcc/arm-none-eabi/10.3.1/include-fixed]
  ignore line: [ /usr/lib/gcc/arm-none-eabi/10.3.1/../../../arm-none-eabi/include]
  ignore line: [End of search list.]
  ignore line: [GNU C17 (15:10.3-2021.07-4) version 10.3.1 20210621 (release) (arm-none-eabi)]
  ignore line: [	compiled by GNU C version 11.2.0  GMP version 6.2.1  MPFR version 4.1.0  MPC version 1.2.1  isl version isl-0.24-GMP]
  ignore line: []
  ignore line: [GGC heuristics: --param ggc-min-expand=100 --param ggc-min-heapsize=131072]
  ignore line: [Compiler executable checksum: 4cf7574ae54eb0935abb4a8c56f8bcfe]
  ignore line: [COLLECT_GCC_OPTIONS='-mcpu=cortex-m0plus' '-mthumb' '-v' '-o' 'CMakeFiles/cmTC_ff775.dir/CMakeCCompilerABI.c.obj' '-c' '-mfloat-abi=soft' '-mlibarch=armv6s-m' '-march=armv6s-m']
  ignore line: [ /usr/lib/gcc/arm-none-eabi/10.3.1/../../../arm-none-eabi/bin/as -v -march=armv6s-m -mfloat-abi=soft -meabi=5 -o CMakeFiles/cmTC_ff775.dir/CMakeCCompilerABI.c.obj /tmp/cchqyX5K.s]
  ignore line: [GNU assembler version 2.38 (arm-none-eabi) using BFD version (2.38-3ubuntu1+15build1) 2.38]
  ignore line: [COMPILER_PATH=/usr/lib/gcc/arm-none-eabi/10.3.1/:/usr/lib/gcc/arm-none-eabi/10.3.1/:/usr/lib/gcc/arm-none-eabi/:/usr/lib/gcc/arm-none-eabi/10.3.1/:/usr/lib/gcc/arm-none-eabi/:/usr/lib/gcc/arm-none-eabi/10.3.1/../../../arm-none-eabi/bin/]
  ignore line: [LIBRARY_PATH=/usr/lib/gcc/arm-none-eabi/10.3.1/thumb/v6-m/nofp/:/usr/lib/gcc/arm-none-eabi/10.3.1/../../../arm-none-eabi/lib/thumb/v6-m/nofp/:/usr/lib/gcc/arm-none-eabi/10.3.1/:/usr/lib/gcc/arm-none-eabi/10.3.1/../../../arm-none-eabi/lib/]
  ignore line: [COLLECT_GCC_OPTIONS='-mcpu=cortex-m0plus' '-mthumb' '-v' '-o' 'CMakeFiles/cmTC_ff775.dir/CMakeCCompilerABI.c.obj' '-c' '-mfloat-abi=soft' '-mlibarch=armv6s-m' '-march=armv6s-m']
  ignore line: [Linking C executable cmTC_ff775.elf]
  ignore line: [/usr/bin/cmake -E cmake_link_script CMakeFiles/cmTC_ff775.dir/link.txt --verbose=1]
  ignore line: [/usr/bin/arm-none-eabi-gcc -mcpu=cortex-m0plus -mthumb  -Wl --build-id=none -nostdlib  -v CMakeFiles/cmTC_ff775.dir/CMakeCCompilerABI.c.obj -o cmTC_ff775.elf ]
  ignore line: [Using built-in specs.]
  ignore line: [COLLECT_GCC=/usr/bin/arm-none-eabi-gcc]
  ignore line: [COLLECT_LTO_WRAPPER=/usr/lib/gcc/arm-none-eabi/10.3.1/lto-wrapper]
  ignore line: [Target: arm-none-eabi]
  ignore line: [Configured with: ../configure --build=x86_64-linux-gnu --prefix=/usr --includedir='/usr/lib/include' --mandir='/usr/lib/share/man' --infodir='/usr/lib/share/info' --sysconfdir=/etc --localstatedir=/var --disable-option-checking --disable-silent-rules --libdir='/usr/lib/lib/x86_64-linux-gnu' --libexecdir='/usr/lib/lib/x86_64-linux-gnu' --disable-maintainer-mode --disable-dependency-tracking --mandir=/usr/share/man --enable-languages=c,c++,lto --enable-multilib --disable-decimal-float --disable-libffi --disable-libgomp --disable-libmudflap --disable-libquadmath --disable-libssp --disable-libstdcxx-pch --disable-nls --disable-shared --disable-threads --enable-tls --build=x86_64-linux-gnu --target=arm-none-eabi --with-system-zlib --with-gnu-as --with-gnu-ld --with-pkgversion=15:10.3-2021.07-4 --without-included-gettext --prefix=/usr/lib --infodir=/usr/share/doc/gcc-arm-none-eabi/info --htmldir=/usr/share/doc/gcc-arm-none-eabi/html --pdfdir=/usr/share/doc/gcc-arm-none-eabi/pdf --bindir=/usr/bin --libexecdir=/usr/lib --libdir=/usr/lib --disable-libstdc++-v3 --host=x86_64-linux-gnu --with-headers=no --without-newlib --with-multilib-list=rmprofile,aprofile CFLAGS='-g -O2 -ffile-prefix-map=/build/gcc-arm-none-eabi-hYfgK4/gcc-arm-none-eabi-10.3-2021.07=. -flto=auto -ffat-lto-objects -fstack-protector-strong' CPPFLAGS='-Wdate-time -D_FORTIFY_SOURCE=2' CXXFLAGS='-g -O2 -ffile-prefix-map=/build/gcc-arm-none-eabi-hYfgK4/gcc-arm-none-eabi-10.3-2021.07=. -flto=auto -ffat-lto-objects -fstack-protector-strong' DFLAGS=-frelease FCFLAGS='-g -O2 -ffile-prefix-map=/build/gcc-arm-none-eabi-hYfgK4/gcc-arm-none-eabi-10.3-2021.07=. -flto=auto -ffat-lto-objects -fstack-protector-strong' FFLAGS='-g -O2 -ffile-prefix-map=/build/gcc-arm-none-eabi-hYfgK4/gcc-arm-none-eabi-10.3-2021.07=. -flto=auto -ffat-lto-objects -fstack-protector-strong' GCJFLAGS='-g -O2 -ffile-prefix-map=/build/gcc-arm-none-eabi-hYfgK4/gcc-arm-none-eabi-10.3-2021.07=. -fstack-protector-strong' LDFLAGS='-Wl,-Bsymbolic-functions -flto=auto -Wl,-z,relro' OBJCFLAGS='-g -O2 -ffile-prefix-map=/build/gcc-arm-none-eabi-hYfgK4/gcc-arm-none-eabi-10.3-2021.07=. -flto=auto -ffat-lto-objects -fstack-protector-strong' OBJCXXFLAGS='-g -O2 -ffile-prefix-map=/build/gcc-arm-none-eabi-hYfgK4/gcc-arm-none-eabi-10.3-2021.07=. -flto=auto -ffat-lto-objects -fstack-protector-strong' INHIBIT_LIBC_CFLAGS=-DUSE_TM_CLONE_REGISTRY=0 AR_FOR_TARGET=arm-none-eabi-ar AS_FOR_TARGET=arm-none-eabi-as LD_FOR_TARGET=arm-none-eabi-ld NM_FOR_TARGET=arm-none-eabi-nm OBJDUMP_FOR_TARGET=arm-none-eabi-objdump RANLIB_FOR_TARGET=arm-none-eabi-ranlib READELF_FOR_TARGET=arm-none-eabi-readelf STRIP_FOR_TARGET=arm-none-eabi-strip SED=/bin/sed SHELL=/bin/sh BASH=/bin/bash CONFIG_SHELL=/bin/bash]
  ignore line: [Thread model: single]
  ignore line: [Supported LTO compression algorithms: zlib]
  ignore line: [gcc version 10.3.1 20210621 (release) (15:10.3-2021.07-4) ]
  ignore line: [COMPILER_PATH=/usr/lib/gcc/arm-none-eabi/10.3.1/:/usr/lib/gcc/arm-none-eabi/10.3.1/:/usr/lib/gcc/arm-none-eabi/:/usr/lib/gcc/arm-none-eabi/10.3.1/:/usr/lib/gcc/arm-none-eabi/:/usr/lib/gcc/arm-none-eabi/10.3.1/../../../arm-none-eabi/bin/]
  ignore line: [LIBRARY_PATH=/usr/lib/gcc/arm-none-eabi/10.3.1/thumb/v6-m/nofp/:/usr/lib/gcc/arm-none-eabi/10.3.1/../../../arm-none-eabi/lib/thumb/v6-m/nofp/:/usr/lib/gcc/arm-none-eabi/10.3.1/:/usr/lib/gcc/arm-none-eabi/10.3.1/../../../arm-none-eabi/lib/]
  ignore line: [COLLECT_GCC_OPTIONS='-mcpu=cortex-m0plus' '-mthumb' '-nostdlib' '-v' '-o' 'cmTC_ff775.elf' '-mfloat-abi=soft' '-mlibarch=armv6s-m' '-march=armv6s-m']
  link line: [ /usr/lib/gcc/arm-none-eabi/10.3.1/collect2 -plugin /usr/lib/gcc/arm-none-eabi/10.3.1/liblto_plugin.so -plugin-opt=/usr/lib/gcc/arm-none-eabi/10.3.1/lto-wrapper -plugin-opt=-fresolution=/tmp/ccBNpJq2.res -X -o cmTC_ff775.elf -L/usr/lib/gcc/arm-none-eabi/10.3.1/thumb/v6-m/nofp -L/usr/lib/gcc/arm-none-eabi/10.3.1/../../../arm-none-eabi/lib/thumb/v6-m/nofp -L/usr/lib/gcc/arm-none-eabi/10.3.1 -L/usr/lib/gcc/arm-none-eabi/10.3.1/../../../arm-none-eabi/lib --build-id=none CMakeFiles/cmTC_ff775.dir/CMakeCCompilerABI.c.obj]
    arg [/usr/lib/gcc/arm-none-eabi/10.3.1/collect2] ==> ignore
    arg [-plugin] ==> ignore
    arg [/usr/lib/gcc/arm-none-eabi/10.3.1/liblto_plugin.so] ==> ignore
    arg [-plugin-opt=/usr/lib/gcc/arm-none-eabi/10.3.1/lto-wrapper] ==> ignore
    arg [-plugin-opt=-fresolution=/tmp/ccBNpJq2.res] ==> ignore
    arg [-X] ==> ignore
    arg [-o] ==> ignore
    arg [cmTC_ff775.elf] ==> ignore
    arg [-L/usr/lib/gcc/arm-none-eabi/10.3.1/thumb/v6-m/nofp] ==> dir [/usr/lib/gcc/arm-none-eabi/10.3.1/thumb/v6-m/nofp]
    arg [-L/usr/lib/gcc/arm-none-eabi/10.3.1/../../../arm-none-eabi/lib/thumb/v6-m/nofp] ==> dir [/usr/lib/gcc/arm-none-eabi/10.3.1/../../../arm-none-eabi/lib/thumb/v6-m/nofp]
    arg [-L/usr/lib/gcc/arm-none-eabi/10.3.1] ==> dir [/usr/lib/gcc/arm-none-eabi/10.3.1]
    arg [-L/usr/lib/gcc/arm-none-eabi/10.3.1/../../../arm-none-eabi/lib] ==> dir [/usr/lib/gcc/arm-none-eabi/10.3.1/../../../arm-none-eabi/lib]
    arg [--build-id=none] ==> ignore
    arg [CMakeFiles/cmTC_ff775.dir/CMakeCCompilerABI.c.obj] ==> ignore
  collapse library dir [/usr/lib/gcc/arm-none-eabi/10.3.1/thumb/v6-m/nofp] ==> [/usr/lib/gcc/arm-none-eabi/10.3.1/thumb/v6-m/nofp]
  collapse library dir [/usr/lib/gcc/arm-none-eabi/10.3.1/../../../arm-none-eabi/lib/thumb/v6-m/nofp] ==> [/usr/lib/arm-none-eabi/lib/thumb/v6-m/nofp]
  collapse library dir [/usr/lib/gcc/arm-none-eabi/10.3.1] ==> [/usr/lib/gcc/arm-none-eabi/10.3.1]
  collapse library dir [/usr/lib/gcc/arm-none-eabi/10.3.1/../../../arm-none-eabi/lib] ==> [/usr/lib/arm-none-eabi/lib]
  implicit libs: []
  implicit objs: []
  implicit dirs: [/usr/lib/gcc/arm-none-eabi/10.3.1/thumb/v6-m/nofp;/usr/lib/arm-none-eabi/lib/thumb/v6-m/nofp;/usr/lib/gcc/arm-none-eabi/10.3.1;/usr/lib/arm-none-eabi/lib]
  implicit fwks: []


Detecting CXX compiler ABI info compiled with the following output:
Change Dir: /home/pi/NN2022Code/SrcBoardFirmware/build/CMakeFiles/CMakeTmp

Run Build Command(s):/usr/bin/gmake -f Makefile cmTC_1f610/fast && /usr/bin/gmake  -f CMakeFiles/cmTC_1f610.dir/build.make CMakeFiles/cmTC_1f610.dir/build
gmake[1]: Entering directory '/home/pi/NN2022Code/SrcBoardFirmware/build/CMakeFiles/CMakeTmp'
Building CXX object CMakeFiles/cmTC_1f610.dir/CMakeCXXCompilerABI.cpp.obj
/usr/bin/arm-none-eabi-g++   -mcpu=cortex-m0plus -mthumb    -v -o CMakeFiles/cmTC_1f610.dir/CMakeCXXCompilerABI.cpp.obj -c /usr/share/cmake-3.22/Modules/CMakeCXXCompilerABI.cpp
Using built-in specs.
COLLECT_GCC=/usr/bin/arm-none-eabi-g++
Target: arm-none-eabi
Configured with: ../configure --build=x86_64-linux-gnu --prefix=/usr --includedir='/usr/lib/include' --mandir='/usr/lib/share/man' --infodir='/usr/lib/share/info' --sysconfdir=/etc --localstatedir=/var --disable-option-checking --disable-silent-rules --libdir='/usr/lib/lib/x86_64-linux-gnu' --libexecdir='/usr/lib/lib/x86_64-linux-gnu' --disable-maintainer-mode --disable-dependency-tracking --mandir=/usr/share/man --enable-languages=c,c++,lto --enable-multilib --disable-decimal-float --disable-libffi --disable-libgomp --disable-libmudflap --disable-libquadmath --disable-libssp --disable-libstdcxx-pch --disable-nls --disable-shared --disable-threads --enable-tls --build=x86_64-linux-gnu --target=arm-none-eabi --with-system-zlib --with-gnu-as --with-gnu-ld --with-pkgversion=15:10.3-2021.07-4 --without-included-gettext --prefix=/usr/lib --infodir=/usr/share/doc/gcc-arm-none-eabi/info --htmldir=/usr/share/doc/gcc-arm-none-eabi/html --pdfdir=/usr/share/doc/gcc-arm-none-eabi/pdf --bindir=/usr/bin --libexecdir=/usr/lib --libdir=/usr/lib --disable-libstdc++-v3 --host=x86_64-linux-gnu --with-headers=no --without-newlib --with-multilib-list=rmprofile,aprofile CFLAGS='-g -O2 -ffile-prefix-map=/build/gcc-arm-none-eabi-hYfgK4/gcc-arm-none-eabi-10.3-2021.07=. -flto=auto -ffat-lto-objects -fstack-protector-strong' CPPFLAGS='-Wdate-time -D_FORTIFY_SOURCE=2' CXXFLAGS='-g -O2 -ffile-prefix-map=/build/gcc-arm-none-eabi-hYfgK4/gcc-arm-none-eabi-10.3-2021.07=. -flto=auto -ffat-lto-objects -fstack-protector-strong' DFLAGS=-frelease FCFLAGS='-g -O2 -ffile-prefix-map=/build/gcc-arm-none-eabi-hYfgK4/gcc-arm-none-eabi-10.3-2021.07=. -flto=auto -ffat-lto-objects -fstack-protector-strong' FFLAGS='-g -O2 -ffile-prefix-map=/build/gcc-arm-none-eabi-hYfgK4/gcc-arm-none-eabi-10.3-2021.07=. -flto=auto -ffat-lto-objects -fstack-protector-strong' GCJFLAGS='-g -O2 -ffile-prefix-map=/build/gcc-arm-none-eabi-hYfgK4/gcc-arm-none-eabi-10.3-2021.07=. -fstack-protector-strong' LDFLAGS='-Wl,-Bsymbolic-functions -flto=auto -Wl,-z,relro' OBJCFLAGS='-g -O2 -ffile-prefix-map=/build/gcc-arm-none-eabi-hYfgK4/gcc-arm-none-eabi-10.3-2021.07=. -flto=auto -ffat-lto-objects -fstack-protector-strong' OBJCXXFLAGS='-g -O2 -ffile-prefix-map=/build/gcc-arm-none-eabi-hYfgK4/gcc-arm-none-eabi-10.3-2021.07=. -flto=auto -ffat-lto-objects -fstack-protector-strong' INHIBIT_LIBC_CFLAGS=-DUSE_TM_CLONE_REGISTRY=0 AR_FOR_TARGET=arm-none-eabi-ar AS_FOR_TARGET=arm-none-eabi-as LD_FOR_TARGET=arm-none-eabi-ld NM_FOR_TARGET=arm-none-eabi-nm OBJDUMP_FOR_TARGET=arm-none-eabi-objdump RANLIB_FOR_TARGET=arm-none-eabi-ranlib READELF_FOR_TARGET=arm-none-eabi-readelf STRIP_FOR_TARGET=arm-none-eabi-strip SED=/bin/sed SHELL=/bin/sh BASH=/bin/bash CONFIG_SHELL=/bin/bash
Thread model: single
Supported LTO compression algorithms: zlib
gcc version 10.3.1 20210621 (release) (15:10.3-2021.07-4) 
COLLECT_GCC_OPTIONS='-mcpu=cortex-m0plus' '-mthumb' '-v' '-o' 'CMakeFiles/cmTC_1f610.dir/CMakeCXXCompilerABI.cpp.obj' '-c' '-mfloat-abi=soft' '-mlibarch=armv6s-m' '-march=armv6s-m'
 /usr/lib/gcc/arm-none-eabi/10.3.1/cc1plus -quiet -v -imultilib thumb/v6-m/nofp -D__USES_INITFINI__ /usr/share/cmake-3.22/Modules/CMakeCXXCompilerABI.cpp -quiet -dumpbase CMakeCXXCompilerABI.cpp -mcpu=cortex-m0plus -mthumb -mfloat-abi=soft -mlibarch=armv6s-m -march=armv6s-m -auxbase-strip CMakeFiles/cmTC_1f610.dir/CMakeCXXCompilerABI.cpp.obj -version -o /tmp/ccMsZNhm.s
GNU C++14 (15:10.3-2021.07-4) version 10.3.1 20210621 (release) (arm-none-eabi)
	compiled by GNU C version 11.2.0, GMP version 6.2.1, MPFR version 4.1.0, MPC version 1.2.1, isl version isl-0.24-GMP

GGC heuristics: --param ggc-min-expand=100 --param ggc-min-heapsize=131072
ignoring nonexistent directory "/usr/lib/gcc/arm-none-eabi/10.3.1/../../../arm-none-eabi/sys-include"
#include "..." search starts here:
#include <...> search starts here:
 /usr/lib/gcc/arm-none-eabi/10.3.1/../../../arm-none-eabi/include/c++/10.3.1
 /usr/lib/gcc/arm-none-eabi/10.3.1/../../../arm-none-eabi/include/c++/10.3.1/arm-none-eabi/thumb/v6-m/nofp
 /usr/lib/gcc/arm-none-eabi/10.3.1/../../../arm-none-eabi/include/c++/10.3.1/backward
 /usr/lib/gcc/arm-none-eabi/10.3.1/include
 /usr/lib/gcc/arm-none-eabi/10.3.1/include-fixed
 /usr/lib/gcc/arm-none-eabi/10.3.1/../../../arm-none-eabi/include
End of search list.
GNU C++14 (15:10.3-2021.07-4) version 10.3.1 20210621 (release) (arm-none-eabi)
	compiled by GNU C version 11.2.0, GMP version 6.2.1, MPFR version 4.1.0, MPC version 1.2.1, isl version isl-0.24-GMP

GGC heuristics: --param ggc-min-expand=100 --param ggc-min-heapsize=131072
Compiler executable checksum: 4f994585a8ca8864fa1f4d2fb208a0ba
COLLECT_GCC_OPTIONS='-mcpu=cortex-m0plus' '-mthumb' '-v' '-o' 'CMakeFiles/cmTC_1f610.dir/CMakeCXXCompilerABI.cpp.obj' '-c' '-mfloat-abi=soft' '-mlibarch=armv6s-m' '-march=armv6s-m'
 /usr/lib/gcc/arm-none-eabi/10.3.1/../../../arm-none-eabi/bin/as -v -march=armv6s-m -mfloat-abi=soft -meabi=5 -o CMakeFiles/cmTC_1f610.dir/CMakeCXXCompilerABI.cpp.obj /tmp/ccMsZNhm.s
GNU assembler version 2.38 (arm-none-eabi) using BFD version (2.38-3ubuntu1+15build1) 2.38
COMPILER_PATH=/usr/lib/gcc/arm-none-eabi/10.3.1/:/usr/lib/gcc/arm-none-eabi/10.3.1/:/usr/lib/gcc/arm-none-eabi/:/usr/lib/gcc/arm-none-eabi/10.3.1/:/usr/lib/gcc/arm-none-eabi/:/usr/lib/gcc/arm-none-eabi/10.3.1/../../../arm-none-eabi/bin/
LIBRARY_PATH=/usr/lib/gcc/arm-none-eabi/10.3.1/thumb/v6-m/nofp/:/usr/lib/gcc/arm-none-eabi/10.3.1/../../../arm-none-eabi/lib/thumb/v6-m/nofp/:/usr/lib/gcc/arm-none-eabi/10.3.1/:/usr/lib/gcc/arm-none-eabi/10.3.1/../../../arm-none-eabi/lib/
COLLECT_GCC_OPTIONS='-mcpu=cortex-m0plus' '-mthumb' '-v' '-o' 'CMakeFiles/cmTC_1f610.dir/CMakeCXXCompilerABI.cpp.obj' '-c' '-mfloat-abi=soft' '-mlibarch=armv6s-m' '-march=armv6s-m'
Linking CXX executable cmTC_1f610.elf
/usr/bin/cmake -E cmake_link_script CMakeFiles/cmTC_1f610.dir/link.txt --verbose=1
/usr/bin/arm-none-eabi-g++ -mcpu=cortex-m0plus -mthumb  -Wl,--build-id=none -nostdlib  -v CMakeFiles/cmTC_1f610.dir/CMakeCXXCompilerABI.cpp.obj -o cmTC_1f610.elf 
Using built-in specs.
COLLECT_GCC=/usr/bin/arm-none-eabi-g++
COLLECT_LTO_WRAPPER=/usr/lib/gcc/arm-none-eabi/10.3.1/lto-wrapper
Target: arm-none-eabi
Configured with: ../configure --build=x86_64-linux-gnu --prefix=/usr --includedir='/usr/lib/include' --mandir='/usr/lib/share/man' --infodir='/usr/lib/share/info' --sysconfdir=/etc --localstatedir=/var --disable-option-checking --disable-silent-rules --libdir='/usr/lib/lib/x86_64-linux-gnu' --libexecdir='/usr/lib/lib/x86_64-linux-gnu' --disable-maintainer-mode --disable-dependency-tracking --mandir=/usr/share/man --enable-languages=c,c++,lto --enable-multilib --disable-decimal-float --disable-libffi --disable-libgomp --disable-libmudflap --disable-libquadmath --disable-libssp --disable-libstdcxx-pch --disable-nls --disable-shared --disable-threads --enable-tls --build=x86_64-linux-gnu --target=arm-none-eabi --with-system-zlib --with-gnu-as --with-gnu-ld --with-pkgversion=15:10.3-2021.07-4 --without-included-gettext --prefix=/usr/lib --infodir=/usr/share/doc/gcc-arm-none-eabi/info --htmldir=/usr/share/doc/gcc-arm-none-eabi/html --pdfdir=/usr/share/doc/gcc-arm-none-eabi/pdf --bindir=/usr/bin --libexecdir=/usr/lib --libdir=/usr/lib --disable-libstdc++-v3 --host=x86_64-linux-gnu --with-headers=no --without-newlib --with-multilib-list=rmprofile,aprofile CFLAGS='-g -O2 -ffile-prefix-map=/build/gcc-arm-none-eabi-hYfgK4/gcc-arm-none-eabi-10.3-2021.07=. -flto=auto -ffat-lto-objects -fstack-protector-strong' CPPFLAGS='-Wdate-time -D_FORTIFY_SOURCE=2' CXXFLAGS='-g -O2 -ffile-prefix-map=/build/gcc-arm-none-eabi-hYfgK4/gcc-arm-none-eabi-10.3-2021.07=. -flto=auto -ffat-lto-objects -fstack-protector-strong' DFLAGS=-frelease FCFLAGS='-g -O2 -ffile-prefix-map=/build/gcc-arm-none-eabi-hYfgK4/gcc-arm-none-eabi-10.3-2021.07=. -flto=auto -ffat-lto-objects -fstack-protector-strong' FFLAGS='-g -O2 -ffile-prefix-map=/build/gcc-arm-none-eabi-hYfgK4/gcc-arm-none-eabi-10.3-2021.07=. -flto=auto -ffat-lto-objects -fstack-protector-strong' GCJFLAGS='-g -O2 -ffile-prefix-map=/build/gcc-arm-none-eabi-hYfgK4/gcc-arm-none-eabi-10.3-2021.07=. -fstack-protector-strong' LDFLAGS='-Wl,-Bsymbolic-functions -flto=auto -Wl,-z,relro' OBJCFLAGS='-g -O2 -ffile-prefix-map=/build/gcc-arm-none-eabi-hYfgK4/gcc-arm-none-eabi-10.3-2021.07=. -flto=auto -ffat-lto-objects -fstack-protector-strong' OBJCXXFLAGS='-g -O2 -ffile-prefix-map=/build/gcc-arm-none-eabi-hYfgK4/gcc-arm-none-eabi-10.3-2021.07=. -flto=auto -ffat-lto-objects -fstack-protector-strong' INHIBIT_LIBC_CFLAGS=-DUSE_TM_CLONE_REGISTRY=0 AR_FOR_TARGET=arm-none-eabi-ar AS_FOR_TARGET=arm-none-eabi-as LD_FOR_TARGET=arm-none-eabi-ld NM_FOR_TARGET=arm-none-eabi-nm OBJDUMP_FOR_TARGET=arm-none-eabi-objdump RANLIB_FOR_TARGET=arm-none-eabi-ranlib READELF_FOR_TARGET=arm-none-eabi-readelf STRIP_FOR_TARGET=arm-none-eabi-strip SED=/bin/sed SHELL=/bin/sh BASH=/bin/bash CONFIG_SHELL=/bin/bash
Thread model: single
Supported LTO compression algorithms: zlib
gcc version 10.3.1 20210621 (release) (15:10.3-2021.07-4) 
COMPILER_PATH=/usr/lib/gcc/arm-none-eabi/10.3.1/:/usr/lib/gcc/arm-none-eabi/10.3.1/:/usr/lib/gcc/arm-none-eabi/:/usr/lib/gcc/arm-none-eabi/10.3.1/:/usr/lib/gcc/arm-none-eabi/:/usr/lib/gcc/arm-none-eabi/10.3.1/../../../arm-none-eabi/bin/
LIBRARY_PATH=/usr/lib/gcc/arm-none-eabi/10.3.1/thumb/v6-m/nofp/:/usr/lib/gcc/arm-none-eabi/10.3.1/../../../arm-none-eabi/lib/thumb/v6-m/nofp/:/usr/lib/gcc/arm-none-eabi/10.3.1/:/usr/lib/gcc/arm-none-eabi/10.3.1/../../../arm-none-eabi/lib/
COLLECT_GCC_OPTIONS='-mcpu=cortex-m0plus' '-mthumb' '-nostdlib' '-v' '-o' 'cmTC_1f610.elf' '-mfloat-abi=soft' '-mlibarch=armv6s-m' '-march=armv6s-m'
 /usr/lib/gcc/arm-none-eabi/10.3.1/collect2 -plugin /usr/lib/gcc/arm-none-eabi/10.3.1/liblto_plugin.so -plugin-opt=/usr/lib/gcc/arm-none-eabi/10.3.1/lto-wrapper -plugin-opt=-fresolution=/tmp/cc8vzNt7.res -X -o cmTC_1f610.elf -L/usr/lib/gcc/arm-none-eabi/10.3.1/thumb/v6-m/nofp -L/usr/lib/gcc/arm-none-eabi/10.3.1/../../../arm-none-eabi/lib/thumb/v6-m/nofp -L/usr/lib/gcc/arm-none-eabi/10.3.1 -L/usr/lib/gcc/arm-none-eabi/10.3.1/../../../arm-none-eabi/lib --build-id=none CMakeFiles/cmTC_1f610.dir/CMakeCXXCompilerABI.cpp.obj
/usr/lib/gcc/arm-none-eabi/10.3.1/../../../arm-none-eabi/bin/ld: warning: cannot find entry symbol _start; defaulting to 0000000000008000
COLLECT_GCC_OPTIONS='-mcpu=cortex-m0plus' '-mthumb' '-nostdlib' '-v' '-o' 'cmTC_1f610.elf' '-mfloat-abi=soft' '-mlibarch=armv6s-m' '-march=armv6s-m'
gmake[1]: Leaving directory '/home/pi/NN2022Code/SrcBoardFirmware/build/CMakeFiles/CMakeTmp'



Parsed CXX implicit include dir info from above output: rv=done
  found start of include info
  found start of implicit include info
    add: [/usr/lib/gcc/arm-none-eabi/10.3.1/../../../arm-none-eabi/include/c++/10.3.1]
    add: [/usr/lib/gcc/arm-none-eabi/10.3.1/../../../arm-none-eabi/include/c++/10.3.1/arm-none-eabi/thumb/v6-m/nofp]
    add: [/usr/lib/gcc/arm-none-eabi/10.3.1/../../../arm-none-eabi/include/c++/10.3.1/backward]
    add: [/usr/lib/gcc/arm-none-eabi/10.3.1/include]
    add: [/usr/lib/gcc/arm-none-eabi/10.3.1/include-fixed]
    add: [/usr/lib/gcc/arm-none-eabi/10.3.1/../../../arm-none-eabi/include]
  end of search list found
  collapse include dir [/usr/lib/gcc/arm-none-eabi/10.3.1/../../../arm-none-eabi/include/c++/10.3.1] ==> [/usr/lib/arm-none-eabi/include/c++/10.3.1]
  collapse include dir [/usr/lib/gcc/arm-none-eabi/10.3.1/../../../arm-none-eabi/include/c++/10.3.1/arm-none-eabi/thumb/v6-m/nofp] ==> [/usr/lib/arm-none-eabi/include/c++/10.3.1/arm-none-eabi/thumb/v6-m/nofp]
  collapse include dir [/usr/lib/gcc/arm-none-eabi/10.3.1/../../../arm-none-eabi/include/c++/10.3.1/backward] ==> [/usr/lib/arm-none-eabi/include/c++/10.3.1/backward]
  collapse include dir [/usr/lib/gcc/arm-none-eabi/10.3.1/include] ==> [/usr/lib/gcc/arm-none-eabi/10.3.1/include]
  collapse include dir [/usr/lib/gcc/arm-none-eabi/10.3.1/include-fixed] ==> [/usr/lib/gcc/arm-none-eabi/10.3.1/include-fixed]
  collapse include dir [/usr/lib/gcc/arm-none-eabi/10.3.1/../../../arm-none-eabi/include] ==> [/usr/lib/arm-none-eabi/include]
  implicit include dirs: [/usr/lib/arm-none-eabi/include/c++/10.3.1;/usr/lib/arm-none-eabi/include/c++/10.3.1/arm-none-eabi/thumb/v6-m/nofp;/usr/lib/arm-none-eabi/include/c++/10.3.1/backward;/usr/lib/gcc/arm-none-eabi/10.3.1/include;/usr/lib/gcc/arm-none-eabi/10.3.1/include-fixed;/usr/lib/arm-none-eabi/include]


Parsed CXX implicit link information from above output:
  link line regex: [^( *|.*[/\])(arm-none-eabi-ld|CMAKE_LINK_STARTFILE-NOTFOUND|([^/\]+-)?ld|collect2)[^/\]*( |$)]
  ignore line: [Change Dir: /home/pi/NN2022Code/SrcBoardFirmware/build/CMakeFiles/CMakeTmp]
  ignore line: []
  ignore line: [Run Build Command(s):/usr/bin/gmake -f Makefile cmTC_1f610/fast && /usr/bin/gmake  -f CMakeFiles/cmTC_1f610.dir/build.make CMakeFiles/cmTC_1f610.dir/build]
  ignore line: [gmake[1]: Entering directory '/home/pi/NN2022Code/SrcBoardFirmware/build/CMakeFiles/CMakeTmp']
  ignore line: [Building CXX object CMakeFiles/cmTC_1f610.dir/CMakeCXXCompilerABI.cpp.obj]
  ignore line: [/usr/bin/arm-none-eabi-g++   -mcpu=cortex-m0plus -mthumb    -v -o CMakeFiles/cmTC_1f610.dir/CMakeCXXCompilerABI.cpp.obj -c /usr/share/cmake-3.22/Modules/CMakeCXXCompilerABI.cpp]
  ignore line: [Using built-in specs.]
  ignore line: [COLLECT_GCC=/usr/bin/arm-none-eabi-g++]
  ignore line: [Target: arm-none-eabi]
  ignore line: [Configured with: ../configure --build=x86_64-linux-gnu --prefix=/usr --includedir='/usr/lib/include' --mandir='/usr/lib/share/man' --infodir='/usr/lib/share/info' --sysconfdir=/etc --localstatedir=/var --disable-option-checking --disable-silent-rules --libdir='/usr/lib/lib/x86_64-linux-gnu' --libexecdir='/usr/lib/lib/x86_64-linux-gnu' --disable-maintainer-mode --disable-dependency-tracking --mandir=/usr/share/man --enable-languages=c,c++,lto --enable-multilib --disable-decimal-float --disable-libffi --disable-libgomp --disable-libmudflap --disable-libquadmath --disable-libssp --disable-libstdcxx-pch --disable-nls --disable-shared --disable-threads --enable-tls --build=x86_64-linux-gnu --target=arm-none-eabi --with-system-zlib --with-gnu-as --with-gnu-ld --with-pkgversion=15:10.3-2021.07-4 --without-included-gettext --prefix=/usr/lib --infodir=/usr/share/doc/gcc-arm-none-eabi/info --htmldir=/usr/share/doc/gcc-arm-none-eabi/html --pdfdir=/usr/share/doc/gcc-arm-none-eabi/pdf --bindir=/usr/bin --libexecdir=/usr/lib --libdir=/usr/lib --disable-libstdc++-v3 --host=x86_64-linux-gnu --with-headers=no --without-newlib --with-multilib-list=rmprofile,aprofile CFLAGS='-g -O2 -ffile-prefix-map=/build/gcc-arm-none-eabi-hYfgK4/gcc-arm-none-eabi-10.3-2021.07=. -flto=auto -ffat-lto-objects -fstack-protector-strong' CPPFLAGS='-Wdate-time -D_FORTIFY_SOURCE=2' CXXFLAGS='-g -O2 -ffile-prefix-map=/build/gcc-arm-none-eabi-hYfgK4/gcc-arm-none-eabi-10.3-2021.07=. -flto=auto -ffat-lto-objects -fstack-protector-strong' DFLAGS=-frelease FCFLAGS='-g -O2 -ffile-prefix-map=/build/gcc-arm-none-eabi-hYfgK4/gcc-arm-none-eabi-10.3-2021.07=. -flto=auto -ffat-lto-objects -fstack-protector-strong' FFLAGS='-g -O2 -ffile-prefix-map=/build/gcc-arm-none-eabi-hYfgK4/gcc-arm-none-eabi-10.3-2021.07=. -flto=auto -ffat-lto-objects -fstack-protector-strong' GCJFLAGS='-g -O2 -ffile-prefix-map=/build/gcc-arm-none-eabi-hYfgK4/gcc-arm-none-eabi-10.3-2021.07=. -fstack-protector-strong' LDFLAGS='-Wl,-Bsymbolic-functions -flto=auto -Wl,-z,relro' OBJCFLAGS='-g -O2 -ffile-prefix-map=/build/gcc-arm-none-eabi-hYfgK4/gcc-arm-none-eabi-10.3-2021.07=. -flto=auto -ffat-lto-objects -fstack-protector-strong' OBJCXXFLAGS='-g -O2 -ffile-prefix-map=/build/gcc-arm-none-eabi-hYfgK4/gcc-arm-none-eabi-10.3-2021.07=. -flto=auto -ffat-lto-objects -fstack-protector-strong' INHIBIT_LIBC_CFLAGS=-DUSE_TM_CLONE_REGISTRY=0 AR_FOR_TARGET=arm-none-eabi-ar AS_FOR_TARGET=arm-none-eabi-as LD_FOR_TARGET=arm-none-eabi-ld NM_FOR_TARGET=arm-none-eabi-nm OBJDUMP_FOR_TARGET=arm-none-eabi-objdump RANLIB_FOR_TARGET=arm-none-eabi-ranlib READELF_FOR_TARGET=arm-none-eabi-readelf STRIP_FOR_TARGET=arm-none-eabi-strip SED=/bin/sed SHELL=/bin/sh BASH=/bin/bash CONFIG_SHELL=/bin/bash]
  ignore line: [Thread model: single]
  ignore line: [Supported LTO compression algorithms: zlib]
  ignore line: [gcc version 10.3.1 20210621 (release) (15:10.3-2021.07-4) ]
  ignore line: [COLLECT_GCC_OPTIONS='-mcpu=cortex-m0plus' '-mthumb' '-v' '-o' 'CMakeFiles/cmTC_1f610.dir/CMakeCXXCompilerABI.cpp.obj' '-c' '-mfloat-abi=soft' '-mlibarch=armv6s-m' '-march=armv6s-m']
  ignore line: [ /usr/lib/gcc/arm-none-eabi/10.3.1/cc1plus -quiet -v -imultilib thumb/v6-m/nofp -D__USES_INITFINI__ /usr/share/cmake-3.22/Modules/CMakeCXXCompilerABI.cpp -quiet -dumpbase CMakeCXXCompilerABI.cpp -mcpu=cortex-m0plus -mthumb -mfloat-abi=soft -mlibarch=armv6s-m -march=armv6s-m -auxbase-strip CMakeFiles/cmTC_1f610.dir/CMakeCXXCompilerABI.cpp.obj -version -o /tmp/ccMsZNhm.s]
  ignore line: [GNU C++14 (15:10.3-2021.07-4) version 10.3.1 20210621 (release) (arm-none-eabi)]
  ignore line: [	compiled by GNU C version 11.2.0  GMP version 6.2.1  MPFR version 4.1.0  MPC version 1.2.1  isl version isl-0.24-GMP]
  ignore line: []
  ignore line: [GGC heuristics: --param ggc-min-expand=100 --param ggc-min-heapsize=131072]
  ignore line: [ignoring nonexistent directory "/usr/lib/gcc/arm-none-eabi/10.3.1/../../../arm-none-eabi/sys-include"]
  ignore line: [#include "..." search starts here:]
  ignore line: [#include <...> search starts here:]
  ignore line: [ /usr/lib/gcc/arm-none-eabi/10.3.1/../../../arm-none-eabi/include/c++/10.3.1]
  ignore line: [ /usr/lib/gcc/arm-none-eabi/10.3.1/../../../arm-none-eabi/include/c++/10.3.1/arm-none-eabi/thumb/v6-m/nofp]
  ignore line: [ /usr/lib/gcc/arm-none-eabi/10.3.1/../../../arm-none-eabi/include/c++/10.3.1/backward]
  ignore line: [ /usr/lib/gcc/arm-none-eabi/10.3.1/include]
  ignore line: [ /usr/lib/gcc/arm-none-eabi/10.3.1/include-fixed]
  ignore line: [ /usr/lib/gcc/arm-none-eabi/10.3.1/../../../arm-none-eabi/include]
  ignore line: [End of search list.]
  ignore line: [GNU C++14 (15:10.3-2021.07-4) version 10.3.1 20210621 (release) (arm-none-eabi)]
  ignore line: [	compiled by GNU C version 11.2.0  GMP version 6.2.1  MPFR version 4.1.0  MPC version 1.2.1  isl version isl-0.24-GMP]
  ignore line: []
  ignore line: [GGC heuristics: --param ggc-min-expand=100 --param ggc-min-heapsize=131072]
  ignore line: [Compiler executable checksum: 4f994585a8ca8864fa1f4d2fb208a0ba]
  ignore line: [COLLECT_GCC_OPTIONS='-mcpu=cortex-m0plus' '-mthumb' '-v' '-o' 'CMakeFiles/cmTC_1f610.dir/CMakeCXXCompilerABI.cpp.obj' '-c' '-mfloat-abi=soft' '-mlibarch=armv6s-m' '-march=armv6s-m']
  ignore line: [ /usr/lib/gcc/arm-none-eabi/10.3.1/../../../arm-none-eabi/bin/as -v -march=armv6s-m -mfloat-abi=soft -meabi=5 -o CMakeFiles/cmTC_1f610.dir/CMakeCXXCompilerABI.cpp.obj /tmp/ccMsZNhm.s]
  ignore line: [GNU assembler version 2.38 (arm-none-eabi) using BFD version (2.38-3ubuntu1+15build1) 2.38]
  ignore line: [COMPILER_PATH=/usr/lib/gcc/arm-none-eabi/10.3.1/:/usr/lib/gcc/arm-none-eabi/10.3.1/:/usr/lib/gcc/arm-none-eabi/:/usr/lib/gcc/arm-none-eabi/10.3.1/:/usr/lib/gcc/arm-none-eabi/:/usr/lib/gcc/arm-none-eabi/10.3.1/../../../arm-none-eabi/bin/]
  ignore line: [LIBRARY_PATH=/usr/lib/gcc/arm-none-eabi/10.3.1/thumb/v6-m/nofp/:/usr/lib/gcc/arm-none-eabi/10.3.1/../../../arm-none-eabi/lib/thumb/v6-m/nofp/:/usr/lib/gcc/arm-none-eabi/10.3.1/:/usr/lib/gcc/arm-none-eabi/10.3.1/../../../arm-none-eabi/lib/]
  ignore line: [COLLECT_GCC_OPTIONS='-mcpu=cortex-m0plus' '-mthumb' '-v' '-o' 'CMakeFiles/cmTC_1f610.dir/CMakeCXXCompilerABI.cpp.obj' '-c' '-mfloat-abi=soft' '-mlibarch=armv6s-m' '-march=armv6s-m']
  ignore line: [Linking CXX executable cmTC_1f610.elf]
  ignore line: [/usr/bin/cmake -E cmake_link_script CMakeFiles/cmTC_1f610.dir/link.txt --verbose=1]
  ignore line: [/usr/bin/arm-none-eabi-g++ -mcpu=cortex-m0plus -mthumb  -Wl --build-id=none -nostdlib  -v CMakeFiles/cmTC_1f610.dir/CMakeCXXCompilerABI.cpp.obj -o cmTC_1f610.elf ]
  ignore line: [Using built-in specs.]
  ignore line: [COLLECT_GCC=/usr/bin/arm-none-eabi-g++]
  ignore line: [COLLECT_LTO_WRAPPER=/usr/lib/gcc/arm-none-eabi/10.3.1/lto-wrapper]
  ignore line: [Target: arm-none-eabi]
  ignore line: [Configured with: ../configure --build=x86_64-linux-gnu --prefix=/usr --includedir='/usr/lib/include' --mandir='/usr/lib/share/man' --infodir='/usr/lib/share/info' --sysconfdir=/etc --localstatedir=/var --disable-option-checking --disable-silent-rules --libdir='/usr/lib/lib/x86_64-linux-gnu' --libexecdir='/usr/lib/lib/x86_64-linux-gnu' --disable-maintainer-mode --disable-dependency-tracking --mandir=/usr/share/man --enable-languages=c,c++,lto --enable-multilib --disable-decimal-float --disable-libffi --disable-libgomp --disable-libmudflap --disable-libquadmath --disable-libssp --disable-libstdcxx-pch --disable-nls --disable-shared --disable-threads --enable-tls --build=x86_64-linux-gnu --target=arm-none-eabi --with-system-zlib --with-gnu-as --with-gnu-ld --with-pkgversion=15:10.3-2021.07-4 --without-included-gettext --prefix=/usr/lib --infodir=/usr/share/doc/gcc-arm-none-eabi/info --htmldir=/usr/share/doc/gcc-arm-none-eabi/html --pdfdir=/usr/share/doc/gcc-arm-none-eabi/pdf --bindir=/usr/bin --libexecdir=/usr/lib --libdir=/usr/lib --disable-libstdc++-v3 --host=x86_64-linux-gnu --with-headers=no --without-newlib --with-multilib-list=rmprofile,aprofile CFLAGS='-g -O2 -ffile-prefix-map=/build/gcc-arm-none-eabi-hYfgK4/gcc-arm-none-eabi-10.3-2021.07=. -flto=auto -ffat-lto-objects -fstack-protector-strong' CPPFLAGS='-Wdate-time -D_FORTIFY_SOURCE=2' CXXFLAGS='-g -O2 -ffile-prefix-map=/build/gcc-arm-none-eabi-hYfgK4/gcc-arm-none-eabi-10.3-2021.07=. -flto=auto -ffat-lto-objects -fstack-protector-strong' DFLAGS=-frelease FCFLAGS='-g -O2 -ffile-prefix-map=/build/gcc-arm-none-eabi-hYfgK4/gcc-arm-none-eabi-10.3-2021.07=. -flto=auto -ffat-lto-objects -fstack-protector-strong' FFLAGS='-g -O2 -ffile-prefix-map=/build/gcc-arm-none-eabi-hYfgK4/gcc-arm-none-eabi-10.3-2021.07=. -flto=auto -ffat-lto-objects -fstack-protector-strong' GCJFLAGS='-g -O2 -ffile-prefix-map=/build/gcc-arm-none-eabi-hYfgK4/gcc-arm-none-eabi-10.3-2021.07=. -fstack-protector-strong' LDFLAGS='-Wl,-Bsymbolic-functions -flto=auto -Wl,-z,relro' OBJCFLAGS='-g -O2 -ffile-prefix-map=/build/gcc-arm-none-eabi-hYfgK4/gcc-arm-none-eabi-10.3-2021.07=. -flto=auto -ffat-lto-objects -fstack-protector-strong' OBJCXXFLAGS='-g -O2 -ffile-prefix-map=/build/gcc-arm-none-eabi-hYfgK4/gcc-arm-none-eabi-10.3-2021.07=. -flto=auto -ffat-lto-objects -fstack-protector-strong' INHIBIT_LIBC_CFLAGS=-DUSE_TM_CLONE_REGISTRY=0 AR_FOR_TARGET=arm-none-eabi-ar AS_FOR_TARGET=arm-none-eabi-as LD_FOR_TARGET=arm-none-eabi-ld NM_FOR_TARGET=arm-none-eabi-nm OBJDUMP_FOR_TARGET=arm-none-eabi-objdump RANLIB_FOR_TARGET=arm-none-eabi-ranlib READELF_FOR_TARGET=arm-none-eabi-readelf STRIP_FOR_TARGET=arm-none-eabi-strip SED=/bin/sed SHELL=/bin/sh BASH=/bin/bash CONFIG_SHELL=/bin/bash]
  ignore line: [Thread model: single]
  ignore line: [Supported LTO compression algorithms: zlib]
  ignore line: [gcc version 10.3.1 20210621 (release) (15:10.3-2021.07-4) ]
  ignore line: [COMPILER_PATH=/usr/lib/gcc/arm-none-eabi/10.3.1/:/usr/lib/gcc/arm-none-eabi/10.3.1/:/usr/lib/gcc/arm-none-eabi/:/usr/lib/gcc/arm-none-eabi/10.3.1/:/usr/lib/gcc/arm-none-eabi/:/usr/lib/gcc/arm-none-eabi/10.3.1/../../../arm-none-eabi/bin/]
  ignore line: [LIBRARY_PATH=/usr/lib/gcc/arm-none-eabi/10.3.1/thumb/v6-m/nofp/:/usr/lib/gcc/arm-none-eabi/10.3.1/../../../arm-none-eabi/lib/thumb/v6-m/nofp/:/usr/lib/gcc/arm-none-eabi/10.3.1/:/usr/lib/gcc/arm-none-eabi/10.3.1/../../../arm-none-eabi/lib/]
  ignore line: [COLLECT_GCC_OPTIONS='-mcpu=cortex-m0plus' '-mthumb' '-nostdlib' '-v' '-o' 'cmTC_1f610.elf' '-mfloat-abi=soft' '-mlibarch=armv6s-m' '-march=armv6s-m']
  link line: [ /usr/lib/gcc/arm-none-eabi/10.3.1/collect2 -plugin /usr/lib/gcc/arm-none-eabi/10.3.1/liblto_plugin.so -plugin-opt=/usr/lib/gcc/arm-none-eabi/10.3.1/lto-wrapper -plugin-opt=-fresolution=/tmp/cc8vzNt7.res -X -o cmTC_1f610.elf -L/usr/lib/gcc/arm-none-eabi/10.3.1/thumb/v6-m/nofp -L/usr/lib/gcc/arm-none-eabi/10.3.1/../../../arm-none-eabi/lib/thumb/v6-m/nofp -L/usr/lib/gcc/arm-none-eabi/10.3.1 -L/usr/lib/gcc/arm-none-eabi/10.3.1/../../../arm-none-eabi/lib --build-id=none CMakeFiles/cmTC_1f610.dir/CMakeCXXCompilerABI.cpp.obj]
    arg [/usr/lib/gcc/arm-none-eabi/10.3.1/collect2] ==> ignore
    arg [-plugin] ==> ignore
    arg [/usr/lib/gcc/arm-none-eabi/10.3.1/liblto_plugin.so] ==> ignore
    arg [-plugin-opt=/usr/lib/gcc/arm-none-eabi/10.3.1/lto-wrapper] ==> ignore
    arg [-plugin-opt=-fresolution=/tmp/cc8vzNt7.res] ==> ignore
    arg [-X] ==> ignore
    arg [-o] ==> ignore
    arg [cmTC_1f610.elf] ==> ignore
    arg [-L/usr/lib/gcc/arm-none-eabi/10.3.1/thumb/v6-m/nofp] ==> dir [/usr/lib/gcc/arm-none-eabi/10.3.1/thumb/v6-m/nofp]
    arg [-L/usr/lib/gcc/arm-none-eabi/10.3.1/../../../arm-none-eabi/lib/thumb/v6-m/nofp] ==> dir [/usr/lib/gcc/arm-none-eabi/10.3.1/../../../arm-none-eabi/lib/thumb/v6-m/nofp]
    arg [-L/usr/lib/gcc/arm-none-eabi/10.3.1] ==> dir [/usr/lib/gcc/arm-none-eabi/10.3.1]
    arg [-L/usr/lib/gcc/arm-none-eabi/10.3.1/../../../arm-none-eabi/lib] ==> dir [/usr/lib/gcc/arm-none-eabi/10.3.1/../../../arm-none-eabi/lib]
    arg [--build-id=none] ==> ignore
    arg [CMakeFiles/cmTC_1f610.dir/CMakeCXXCompilerABI.cpp.obj] ==> ignore
  collapse library dir [/usr/lib/gcc/arm-none-eabi/10.3.1/thumb/v6-m/nofp] ==> [/usr/lib/gcc/arm-none-eabi/10.3.1/thumb/v6-m/nofp]
  collapse library dir [/usr/lib/gcc/arm-none-eabi/10.3.1/../../../arm-none-eabi/lib/thumb/v6-m/nofp] ==> [/usr/lib/arm-none-eabi/lib/thumb/v6-m/nofp]
  collapse library dir [/usr/lib/gcc/arm-none-eabi/10.3.1] ==> [/usr/lib/gcc/arm-none-eabi/10.3.1]
  collapse library dir [/usr/lib/gcc/arm-none-eabi/10.3.1/../../../arm-none-eabi/lib] ==> [/usr/lib/arm-none-eabi/lib]
  implicit libs: []
  implicit objs: []
  implicit dirs: [/usr/lib/gcc/arm-none-eabi/10.3.1/thumb/v6-m/nofp;/usr/lib/arm-none-eabi/lib/thumb/v6-m/nofp;/usr/lib/gcc/arm-none-eabi/10.3.1;/usr/lib/arm-none-eabi/lib]
  implicit fwks: []


The target system is: PICO -  - cortex-m0plus
The host system is: Linux - 6.8.0-52-generic - x86_64
Compiling the C compiler identification source file "CMakeCCompilerId.c" succeeded.
Compiler: /usr/bin/arm-none-eabi-gcc 
Build flags: ;-mcpu=cortex-m0plus;-mthumb
Id flags: -c 

The output was:
0


Compilation of the C compiler identification source "CMakeCCompilerId.c" produced "CMakeCCompilerId.o"

The C compiler identification is GNU, found in "/home/pi/NN2022Code/SrcBoardFirmware/build/CMakeFiles/3.22.1/CompilerIdC/CMakeCCompilerId.o"

Compiling the CXX compiler identification source file "CMakeCXXCompilerId.cpp" succeeded.
Compiler: /usr/bin/arm-none-eabi-g++ 
Build flags: ;-mcpu=cortex-m0plus;-mthumb
Id flags: -c 

The output was:
0


Compilation of the CXX compiler identification source "CMakeCXXCompilerId.cpp" produced "CMakeCXXCompilerId.o"

The CXX compiler identification is GNU, found in "/home/pi/NN2022Code/SrcBoardFirmware/build/CMakeFiles/3.22.1/CompilerIdCXX/CMakeCXXCompilerId.o"

Checking whether the ASM compiler is GNU using "--version" matched "(GNU assembler)|(GCC)|(Free Software Foundation)":
arm-none-eabi-gcc (15:10.3-2021.07-4) 10.3.1 20210621 (release)
Copyright (C) 2020 Free Software Foundation, Inc.
This is free software; see the source for copying conditions.  There is NO
warranty; not even for MERCHANTABILITY or FITNESS FOR A PARTICULAR PURPOSE.

Detecting C compiler ABI info compiled with the following output:
Change Dir: /home/pi/NN2022Code/SrcBoardFirmware/build/CMakeFiles/CMakeTmp

Run Build Command(s):/usr/bin/gmake -f Makefile cmTC_bcffb/fast && /usr/bin/gmake  -f CMakeFiles/cmTC_bcffb.dir/build.make CMakeFiles/cmTC_bcffb.dir/build
gmake[1]: Entering directory '/home/pi/NN2022Code/SrcBoardFirmware/build/CMakeFiles/CMakeTmp'
Building C object CMakeFiles/cmTC_bcffb.dir/CMakeCCompilerABI.c.obj
/usr/bin/arm-none-eabi-gcc   -mcpu=cortex-m0plus -mthumb    -v -o CMakeFiles/cmTC_bcffb.dir/CMakeCCompilerABI.c.obj -c /usr/share/cmake-3.22/Modules/CMakeCCompilerABI.c
Using built-in specs.
COLLECT_GCC=/usr/bin/arm-none-eabi-gcc
Target: arm-none-eabi
Configured with: ../configure --build=x86_64-linux-gnu --prefix=/usr --includedir='/usr/lib/include' --mandir='/usr/lib/share/man' --infodir='/usr/lib/share/info' --sysconfdir=/etc --localstatedir=/var --disable-option-checking --disable-silent-rules --libdir='/usr/lib/lib/x86_64-linux-gnu' --libexecdir='/usr/lib/lib/x86_64-linux-gnu' --disable-maintainer-mode --disable-dependency-tracking --mandir=/usr/share/man --enable-languages=c,c++,lto --enable-multilib --disable-decimal-float --disable-libffi --disable-libgomp --disable-libmudflap --disable-libquadmath --disable-libssp --disable-libstdcxx-pch --disable-nls --disable-shared --disable-threads --enable-tls --build=x86_64-linux-gnu --target=arm-none-eabi --with-system-zlib --with-gnu-as --with-gnu-ld --with-pkgversion=15:10.3-2021.07-4 --without-included-gettext --prefix=/usr/lib --infodir=/usr/share/doc/gcc-arm-none-eabi/info --htmldir=/usr/share/doc/gcc-arm-none-eabi/html --pdfdir=/usr/share/doc/gcc-arm-none-eabi/pdf --bindir=/usr/bin --libexecdir=/usr/lib --libdir=/usr/lib --disable-libstdc++-v3 --host=x86_64-linux-gnu --with-headers=no --without-newlib --with-multilib-list=rmprofile,aprofile CFLAGS='-g -O2 -ffile-prefix-map=/build/gcc-arm-none-eabi-hYfgK4/gcc-arm-none-eabi-10.3-2021.07=. -flto=auto -ffat-lto-objects -fstack-protector-strong' CPPFLAGS='-Wdate-time -D_FORTIFY_SOURCE=2' CXXFLAGS='-g -O2 -ffile-prefix-map=/build/gcc-arm-none-eabi-hYfgK4/gcc-arm-none-eabi-10.3-2021.07=. -flto=auto -ffat-lto-objects -fstack-protector-strong' DFLAGS=-frelease FCFLAGS='-g -O2 -ffile-prefix-map=/build/gcc-arm-none-eabi-hYfgK4/gcc-arm-none-eabi-10.3-2021.07=. -flto=auto -ffat-lto-objects -fstack-protector-strong' FFLAGS='-g -O2 -ffile-prefix-map=/build/gcc-arm-none-eabi-hYfgK4/gcc-arm-none-eabi-10.3-2021.07=. -flto=auto -ffat-lto-objects -fstack-protector-strong' GCJFLAGS='-g -O2 -ffile-prefix-map=/build/gcc-arm-none-eabi-hYfgK4/gcc-arm-none-eabi-10.3-2021.07=. -fstack-protector-strong' LDFLAGS='-Wl,-Bsymbolic-functions -flto=auto -Wl,-z,relro' OBJCFLAGS='-g -O2 -ffile-prefix-map=/build/gcc-arm-none-eabi-hYfgK4/gcc-arm-none-eabi-10.3-2021.07=. -flto=auto -ffat-lto-objects -fstack-protector-strong' OBJCXXFLAGS='-g -O2 -ffile-prefix-map=/build/gcc-arm-none-eabi-hYfgK4/gcc-arm-none-eabi-10.3-2021.07=. -flto=auto -ffat-lto-objects -fstack-protector-strong' INHIBIT_LIBC_CFLAGS=-DUSE_TM_CLONE_REGISTRY=0 AR_FOR_TARGET=arm-none-eabi-ar AS_FOR_TARGET=arm-none-eabi-as LD_FOR_TARGET=arm-none-eabi-ld NM_FOR_TARGET=arm-none-eabi-nm OBJDUMP_FOR_TARGET=arm-none-eabi-objdump RANLIB_FOR_TARGET=arm-none-eabi-ranlib READELF_FOR_TARGET=arm-none-eabi-readelf STRIP_FOR_TARGET=arm-none-eabi-strip SED=/bin/sed SHELL=/bin/sh BASH=/bin/bash CONFIG_SHELL=/bin/bash
Thread model: single
Supported LTO compression algorithms: zlib
gcc version 10.3.1 20210621 (release) (15:10.3-2021.07-4) 
COLLECT_GCC_OPTIONS='-mcpu=cortex-m0plus' '-mthumb' '-v' '-o' 'CMakeFiles/cmTC_bcffb.dir/CMakeCCompilerABI.c.obj' '-c' '-mfloat-abi=soft' '-mlibarch=armv6s-m' '-march=armv6s-m'
 /usr/lib/gcc/arm-none-eabi/10.3.1/cc1 -quiet -v -imultilib thumb/v6-m/nofp -D__USES_INITFINI__ /usr/share/cmake-3.22/Modules/CMakeCCompilerABI.c -quiet -dumpbase CMakeCCompilerABI.c -mcpu=cortex-m0plus -mthumb -mfloat-abi=soft -mlibarch=armv6s-m -march=armv6s-m -auxbase-strip CMakeFiles/cmTC_bcffb.dir/CMakeCCompilerABI.c.obj -version -o /tmp/ccMsORqI.s
GNU C17 (15:10.3-2021.07-4) version 10.3.1 20210621 (release) (arm-none-eabi)
	compiled by GNU C version 11.2.0, GMP version 6.2.1, MPFR version 4.1.0, MPC version 1.2.1, isl version isl-0.24-GMP

GGC heuristics: --param ggc-min-expand=100 --param ggc-min-heapsize=131072
ignoring nonexistent directory "/usr/lib/gcc/arm-none-eabi/10.3.1/../../../arm-none-eabi/sys-include"
#include "..." search starts here:
#include <...> search starts here:
 /usr/lib/gcc/arm-none-eabi/10.3.1/include
 /usr/lib/gcc/arm-none-eabi/10.3.1/include-fixed
 /usr/lib/gcc/arm-none-eabi/10.3.1/../../../arm-none-eabi/include
End of search list.
GNU C17 (15:10.3-2021.07-4) version 10.3.1 20210621 (release) (arm-none-eabi)
	compiled by GNU C version 11.2.0, GMP version 6.2.1, MPFR version 4.1.0, MPC version 1.2.1, isl version isl-0.24-GMP

GGC heuristics: --param ggc-min-expand=100 --param ggc-min-heapsize=131072
Compiler executable checksum: 4cf7574ae54eb0935abb4a8c56f8bcfe
COLLECT_GCC_OPTIONS='-mcpu=cortex-m0plus' '-mthumb' '-v' '-o' 'CMakeFiles/cmTC_bcffb.dir/CMakeCCompilerABI.c.obj' '-c' '-mfloat-abi=soft' '-mlibarch=armv6s-m' '-march=armv6s-m'
 /usr/lib/gcc/arm-none-eabi/10.3.1/../../../arm-none-eabi/bin/as -v -march=armv6s-m -mfloat-abi=soft -meabi=5 -o CMakeFiles/cmTC_bcffb.dir/CMakeCCompilerABI.c.obj /tmp/ccMsORqI.s
GNU assembler version 2.38 (arm-none-eabi) using BFD version (2.38-3ubuntu1+15build1) 2.38
COMPILER_PATH=/usr/lib/gcc/arm-none-eabi/10.3.1/:/usr/lib/gcc/arm-none-eabi/10.3.1/:/usr/lib/gcc/arm-none-eabi/:/usr/lib/gcc/arm-none-eabi/10.3.1/:/usr/lib/gcc/arm-none-eabi/:/usr/lib/gcc/arm-none-eabi/10.3.1/../../../arm-none-eabi/bin/
LIBRARY_PATH=/usr/lib/gcc/arm-none-eabi/10.3.1/thumb/v6-m/nofp/:/usr/lib/gcc/arm-none-eabi/10.3.1/../../../arm-none-eabi/lib/thumb/v6-m/nofp/:/usr/lib/gcc/arm-none-eabi/10.3.1/:/usr/lib/gcc/arm-none-eabi/10.3.1/../../../arm-none-eabi/lib/
COLLECT_GCC_OPTIONS='-mcpu=cortex-m0plus' '-mthumb' '-v' '-o' 'CMakeFiles/cmTC_bcffb.dir/CMakeCCompilerABI.c.obj' '-c' '-mfloat-abi=soft' '-mlibarch=armv6s-m' '-march=armv6s-m'
Linking C executable cmTC_bcffb.elf
/usr/bin/cmake -E cmake_link_script CMakeFiles/cmTC_bcffb.dir/link.txt --verbose=1
/usr/bin/arm-none-eabi-gcc -mcpu=cortex-m0plus -mthumb  -Wl,--build-id=none -nostdlib  -v CMakeFiles/cmTC_bcffb.dir/CMakeCCompilerABI.c.obj -o cmTC_bcffb.elf 
Using built-in specs.
COLLECT_GCC=/usr/bin/arm-none-eabi-gcc
COLLECT_LTO_WRAPPER=/usr/lib/gcc/arm-none-eabi/10.3.1/lto-wrapper
Target: arm-none-eabi
Configured with: ../configure --build=x86_64-linux-gnu --prefix=/usr --includedir='/usr/lib/include' --mandir='/usr/lib/share/man' --infodir='/usr/lib/share/info' --sysconfdir=/etc --localstatedir=/var --disable-option-checking --disable-silent-rules --libdir='/usr/lib/lib/x86_64-linux-gnu' --libexecdir='/usr/lib/lib/x86_64-linux-gnu' --disable-maintainer-mode --disable-dependency-tracking --mandir=/usr/share/man --enable-languages=c,c++,lto --enable-multilib --disable-decimal-float --disable-libffi --disable-libgomp --disable-libmudflap --disable-libquadmath --disable-libssp --disable-libstdcxx-pch --disable-nls --disable-shared --disable-threads --enable-tls --build=x86_64-linux-gnu --target=arm-none-eabi --with-system-zlib --with-gnu-as --with-gnu-ld --with-pkgversion=15:10.3-2021.07-4 --without-included-gettext --prefix=/usr/lib --infodir=/usr/share/doc/gcc-arm-none-eabi/info --htmldir=/usr/share/doc/gcc-arm-none-eabi/html --pdfdir=/usr/share/doc/gcc-arm-none-eabi/pdf --bindir=/usr/bin --libexecdir=/usr/lib --libdir=/usr/lib --disable-libstdc++-v3 --host=x86_64-linux-gnu --with-headers=no --without-newlib --with-multilib-list=rmprofile,aprofile CFLAGS='-g -O2 -ffile-prefix-map=/build/gcc-arm-none-eabi-hYfgK4/gcc-arm-none-eabi-10.3-2021.07=. -flto=auto -ffat-lto-objects -fstack-protector-strong' CPPFLAGS='-Wdate-time -D_FORTIFY_SOURCE=2' CXXFLAGS='-g -O2 -ffile-prefix-map=/build/gcc-arm-none-eabi-hYfgK4/gcc-arm-none-eabi-10.3-2021.07=. -flto=auto -ffat-lto-objects -fstack-protector-strong' DFLAGS=-frelease FCFLAGS='-g -O2 -ffile-prefix-map=/build/gcc-arm-none-eabi-hYfgK4/gcc-arm-none-eabi-10.3-2021.07=. -flto=auto -ffat-lto-objects -fstack-protector-strong' FFLAGS='-g -O2 -ffile-prefix-map=/build/gcc-arm-none-eabi-hYfgK4/gcc-arm-none-eabi-10.3-2021.07=. -flto=auto -ffat-lto-objects -fstack-protector-strong' GCJFLAGS='-g -O2 -ffile-prefix-map=/build/gcc-arm-none-eabi-hYfgK4/gcc-arm-none-eabi-10.3-2021.07=. -fstack-protector-strong' LDFLAGS='-Wl,-Bsymbolic-functions -flto=auto -Wl,-z,relro' OBJCFLAGS='-g -O2 -ffile-prefix-map=/build/gcc-arm-none-eabi-hYfgK4/gcc-arm-none-eabi-10.3-2021.07=. -flto=auto -ffat-lto-objects -fstack-protector-strong' OBJCXXFLAGS='-g -O2 -ffile-prefix-map=/build/gcc-arm-none-eabi-hYfgK4/gcc-arm-none-eabi-10.3-2021.07=. -flto=auto -ffat-lto-objects -fstack-protector-strong' INHIBIT_LIBC_CFLAGS=-DUSE_TM_CLONE_REGISTRY=0 AR_FOR_TARGET=arm-none-eabi-ar AS_FOR_TARGET=arm-none-eabi-as LD_FOR_TARGET=arm-none-eabi-ld NM_FOR_TARGET=arm-none-eabi-nm OBJDUMP_FOR_TARGET=arm-none-eabi-objdump RANLIB_FOR_TARGET=arm-none-eabi-ranlib READELF_FOR_TARGET=arm-none-eabi-readelf STRIP_FOR_TARGET=arm-none-eabi-strip SED=/bin/sed SHELL=/bin/sh BASH=/bin/bash CONFIG_SHELL=/bin/bash
Thread model: single
Supported LTO compression algorithms: zlib
gcc version 10.3.1 20210621 (release) (15:10.3-2021.07-4) 
COMPILER_PATH=/usr/lib/gcc/arm-none-eabi/10.3.1/:/usr/lib/gcc/arm-none-eabi/10.3.1/:/usr/lib/gcc/arm-none-eabi/:/usr/lib/gcc/arm-none-eabi/10.3.1/:/usr/lib/gcc/arm-none-eabi/:/usr/lib/gcc/arm-none-eabi/10.3.1/../../../arm-none-eabi/bin/
LIBRARY_PATH=/usr/lib/gcc/arm-none-eabi/10.3.1/thumb/v6-m/nofp/:/usr/lib/gcc/arm-none-eabi/10.3.1/../../../arm-none-eabi/lib/thumb/v6-m/nofp/:/usr/lib/gcc/arm-none-eabi/10.3.1/:/usr/lib/gcc/arm-none-eabi/10.3.1/../../../arm-none-eabi/lib/
COLLECT_GCC_OPTIONS='-mcpu=cortex-m0plus' '-mthumb' '-nostdlib' '-v' '-o' 'cmTC_bcffb.elf' '-mfloat-abi=soft' '-mlibarch=armv6s-m' '-march=armv6s-m'
 /usr/lib/gcc/arm-none-eabi/10.3.1/collect2 -plugin /usr/lib/gcc/arm-none-eabi/10.3.1/liblto_plugin.so -plugin-opt=/usr/lib/gcc/arm-none-eabi/10.3.1/lto-wrapper -plugin-opt=-fresolution=/tmp/ccQeSibQ.res -X -o cmTC_bcffb.elf -L/usr/lib/gcc/arm-none-eabi/10.3.1/thumb/v6-m/nofp -L/usr/lib/gcc/arm-none-eabi/10.3.1/../../../arm-none-eabi/lib/thumb/v6-m/nofp -L/usr/lib/gcc/arm-none-eabi/10.3.1 -L/usr/lib/gcc/arm-none-eabi/10.3.1/../../../arm-none-eabi/lib --build-id=none CMakeFiles/cmTC_bcffb.dir/CMakeCCompilerABI.c.obj
/usr/lib/gcc/arm-none-eabi/10.3.1/../../../arm-none-eabi/bin/ld: warning: cannot find entry symbol _start; defaulting to 0000000000008000
COLLECT_GCC_OPTIONS='-mcpu=cortex-m0plus' '-mthumb' '-nostdlib' '-v' '-o' 'cmTC_bcffb.elf' '-mfloat-abi=soft' '-mlibarch=armv6s-m' '-march=armv6s-m'
gmake[1]: Leaving directory '/home/pi/NN2022Code/SrcBoardFirmware/build/CMakeFiles/CMakeTmp'



Parsed C implicit include dir info from above output: rv=done
  found start of include info
  found start of implicit include info
    add: [/usr/lib/gcc/arm-none-eabi/10.3.1/include]
    add: [/usr/lib/gcc/arm-none-eabi/10.3.1/include-fixed]
    add: [/usr/lib/gcc/arm-none-eabi/10.3.1/../../../arm-none-eabi/include]
  end of search list found
  collapse include dir [/usr/lib/gcc/arm-none-eabi/10.3.1/include] ==> [/usr/lib/gcc/arm-none-eabi/10.3.1/include]
  collapse include dir [/usr/lib/gcc/arm-none-eabi/10.3.1/include-fixed] ==> [/usr/lib/gcc/arm-none-eabi/10.3.1/include-fixed]
  collapse include dir [/usr/lib/gcc/arm-none-eabi/10.3.1/../../../arm-none-eabi/include] ==> [/usr/lib/arm-none-eabi/include]
  implicit include dirs: [/usr/lib/gcc/arm-none-eabi/10.3.1/include;/usr/lib/gcc/arm-none-eabi/10.3.1/include-fixed;/usr/lib/arm-none-eabi/include]


Parsed C implicit link information from above output:
  link line regex: [^( *|.*[/\])(arm-none-eabi-ld|CMAKE_LINK_STARTFILE-NOTFOUND|([^/\]+-)?ld|collect2)[^/\]*( |$)]
  ignore line: [Change Dir: /home/pi/NN2022Code/SrcBoardFirmware/build/CMakeFiles/CMakeTmp]
  ignore line: []
  ignore line: [Run Build Command(s):/usr/bin/gmake -f Makefile cmTC_bcffb/fast && /usr/bin/gmake  -f CMakeFiles/cmTC_bcffb.dir/build.make CMakeFiles/cmTC_bcffb.dir/build]
  ignore line: [gmake[1]: Entering directory '/home/pi/NN2022Code/SrcBoardFirmware/build/CMakeFiles/CMakeTmp']
  ignore line: [Building C object CMakeFiles/cmTC_bcffb.dir/CMakeCCompilerABI.c.obj]
  ignore line: [/usr/bin/arm-none-eabi-gcc   -mcpu=cortex-m0plus -mthumb    -v -o CMakeFiles/cmTC_bcffb.dir/CMakeCCompilerABI.c.obj -c /usr/share/cmake-3.22/Modules/CMakeCCompilerABI.c]
  ignore line: [Using built-in specs.]
  ignore line: [COLLECT_GCC=/usr/bin/arm-none-eabi-gcc]
  ignore line: [Target: arm-none-eabi]
  ignore line: [Configured with: ../configure --build=x86_64-linux-gnu --prefix=/usr --includedir='/usr/lib/include' --mandir='/usr/lib/share/man' --infodir='/usr/lib/share/info' --sysconfdir=/etc --localstatedir=/var --disable-option-checking --disable-silent-rules --libdir='/usr/lib/lib/x86_64-linux-gnu' --libexecdir='/usr/lib/lib/x86_64-linux-gnu' --disable-maintainer-mode --disable-dependency-tracking --mandir=/usr/share/man --enable-languages=c,c++,lto --enable-multilib --disable-decimal-float --disable-libffi --disable-libgomp --disable-libmudflap --disable-libquadmath --disable-libssp --disable-libstdcxx-pch --disable-nls --disable-shared --disable-threads --enable-tls --build=x86_64-linux-gnu --target=arm-none-eabi --with-system-zlib --with-gnu-as --with-gnu-ld --with-pkgversion=15:10.3-2021.07-4 --without-included-gettext --prefix=/usr/lib --infodir=/usr/share/doc/gcc-arm-none-eabi/info --htmldir=/usr/share/doc/gcc-arm-none-eabi/html --pdfdir=/usr/share/doc/gcc-arm-none-eabi/pdf --bindir=/usr/bin --libexecdir=/usr/lib --libdir=/usr/lib --disable-libstdc++-v3 --host=x86_64-linux-gnu --with-headers=no --without-newlib --with-multilib-list=rmprofile,aprofile CFLAGS='-g -O2 -ffile-prefix-map=/build/gcc-arm-none-eabi-hYfgK4/gcc-arm-none-eabi-10.3-2021.07=. -flto=auto -ffat-lto-objects -fstack-protector-strong' CPPFLAGS='-Wdate-time -D_FORTIFY_SOURCE=2' CXXFLAGS='-g -O2 -ffile-prefix-map=/build/gcc-arm-none-eabi-hYfgK4/gcc-arm-none-eabi-10.3-2021.07=. -flto=auto -ffat-lto-objects -fstack-protector-strong' DFLAGS=-frelease FCFLAGS='-g -O2 -ffile-prefix-map=/build/gcc-arm-none-eabi-hYfgK4/gcc-arm-none-eabi-10.3-2021.07=. -flto=auto -ffat-lto-objects -fstack-protector-strong' FFLAGS='-g -O2 -ffile-prefix-map=/build/gcc-arm-none-eabi-hYfgK4/gcc-arm-none-eabi-10.3-2021.07=. -flto=auto -ffat-lto-objects -fstack-protector-strong' GCJFLAGS='-g -O2 -ffile-prefix-map=/build/gcc-arm-none-eabi-hYfgK4/gcc-arm-none-eabi-10.3-2021.07=. -fstack-protector-strong' LDFLAGS='-Wl,-Bsymbolic-functions -flto=auto -Wl,-z,relro' OBJCFLAGS='-g -O2 -ffile-prefix-map=/build/gcc-arm-none-eabi-hYfgK4/gcc-arm-none-eabi-10.3-2021.07=. -flto=auto -ffat-lto-objects -fstack-protector-strong' OBJCXXFLAGS='-g -O2 -ffile-prefix-map=/build/gcc-arm-none-eabi-hYfgK4/gcc-arm-none-eabi-10.3-2021.07=. -flto=auto -ffat-lto-objects -fstack-protector-strong' INHIBIT_LIBC_CFLAGS=-DUSE_TM_CLONE_REGISTRY=0 AR_FOR_TARGET=arm-none-eabi-ar AS_FOR_TARGET=arm-none-eabi-as LD_FOR_TARGET=arm-none-eabi-ld NM_FOR_TARGET=arm-none-eabi-nm OBJDUMP_FOR_TARGET=arm-none-eabi-objdump RANLIB_FOR_TARGET=arm-none-eabi-ranlib READELF_FOR_TARGET=arm-none-eabi-readelf STRIP_FOR_TARGET=arm-none-eabi-strip SED=/bin/sed SHELL=/bin/sh BASH=/bin/bash CONFIG_SHELL=/bin/bash]
  ignore line: [Thread model: single]
  ignore line: [Supported LTO compression algorithms: zlib]
  ignore line: [gcc version 10.3.1 20210621 (release) (15:10.3-2021.07-4) ]
  ignore line: [COLLECT_GCC_OPTIONS='-mcpu=cortex-m0plus' '-mthumb' '-v' '-o' 'CMakeFiles/cmTC_bcffb.dir/CMakeCCompilerABI.c.obj' '-c' '-mfloat-abi=soft' '-mlibarch=armv6s-m' '-march=armv6s-m']
  ignore line: [ /usr/lib/gcc/arm-none-eabi/10.3.1/cc1 -quiet -v -imultilib thumb/v6-m/nofp -D__USES_INITFINI__ /usr/share/cmake-3.22/Modules/CMakeCCompilerABI.c -quiet -dumpbase CMakeCCompilerABI.c -mcpu=cortex-m0plus -mthumb -mfloat-abi=soft -mlibarch=armv6s-m -march=armv6s-m -auxbase-strip CMakeFiles/cmTC_bcffb.dir/CMakeCCompilerABI.c.obj -version -o /tmp/ccMsORqI.s]
  ignore line: [GNU C17 (15:10.3-2021.07-4) version 10.3.1 20210621 (release) (arm-none-eabi)]
  ignore line: [	compiled by GNU C version 11.2.0  GMP version 6.2.1  MPFR version 4.1.0  MPC version 1.2.1  isl version isl-0.24-GMP]
  ignore line: []
  ignore line: [GGC heuristics: --param ggc-min-expand=100 --param ggc-min-heapsize=131072]
  ignore line: [ignoring nonexistent directory "/usr/lib/gcc/arm-none-eabi/10.3.1/../../../arm-none-eabi/sys-include"]
  ignore line: [#include "..." search starts here:]
  ignore line: [#include <...> search starts here:]
  ignore line: [ /usr/lib/gcc/arm-none-eabi/10.3.1/include]
  ignore line: [ /usr/lib/gcc/arm-none-eabi/10.3.1/include-fixed]
  ignore line: [ /usr/lib/gcc/arm-none-eabi/10.3.1/../../../arm-none-eabi/include]
  ignore line: [End of search list.]
  ignore line: [GNU C17 (15:10.3-2021.07-4) version 10.3.1 20210621 (release) (arm-none-eabi)]
  ignore line: [	compiled by GNU C version 11.2.0  GMP version 6.2.1  MPFR version 4.1.0  MPC version 1.2.1  isl version isl-0.24-GMP]
  ignore line: []
  ignore line: [GGC heuristics: --param ggc-min-expand=100 --param ggc-min-heapsize=131072]
  ignore line: [Compiler executable checksum: 4cf7574ae54eb0935abb4a8c56f8bcfe]
  ignore line: [COLLECT_GCC_OPTIONS='-mcpu=cortex-m0plus' '-mthumb' '-v' '-o' 'CMakeFiles/cmTC_bcffb.dir/CMakeCCompilerABI.c.obj' '-c' '-mfloat-abi=soft' '-mlibarch=armv6s-m' '-march=armv6s-m']
  ignore line: [ /usr/lib/gcc/arm-none-eabi/10.3.1/../../../arm-none-eabi/bin/as -v -march=armv6s-m -mfloat-abi=soft -meabi=5 -o CMakeFiles/cmTC_bcffb.dir/CMakeCCompilerABI.c.obj /tmp/ccMsORqI.s]
  ignore line: [GNU assembler version 2.38 (arm-none-eabi) using BFD version (2.38-3ubuntu1+15build1) 2.38]
  ignore line: [COMPILER_PATH=/usr/lib/gcc/arm-none-eabi/10.3.1/:/usr/lib/gcc/arm-none-eabi/10.3.1/:/usr/lib/gcc/arm-none-eabi/:/usr/lib/gcc/arm-none-eabi/10.3.1/:/usr/lib/gcc/arm-none-eabi/:/usr/lib/gcc/arm-none-eabi/10.3.1/../../../arm-none-eabi/bin/]
  ignore line: [LIBRARY_PATH=/usr/lib/gcc/arm-none-eabi/10.3.1/thumb/v6-m/nofp/:/usr/lib/gcc/arm-none-eabi/10.3.1/../../../arm-none-eabi/lib/thumb/v6-m/nofp/:/usr/lib/gcc/arm-none-eabi/10.3.1/:/usr/lib/gcc/arm-none-eabi/10.3.1/../../../arm-none-eabi/lib/]
  ignore line: [COLLECT_GCC_OPTIONS='-mcpu=cortex-m0plus' '-mthumb' '-v' '-o' 'CMakeFiles/cmTC_bcffb.dir/CMakeCCompilerABI.c.obj' '-c' '-mfloat-abi=soft' '-mlibarch=armv6s-m' '-march=armv6s-m']
  ignore line: [Linking C executable cmTC_bcffb.elf]
  ignore line: [/usr/bin/cmake -E cmake_link_script CMakeFiles/cmTC_bcffb.dir/link.txt --verbose=1]
  ignore line: [/usr/bin/arm-none-eabi-gcc -mcpu=cortex-m0plus -mthumb  -Wl --build-id=none -nostdlib  -v CMakeFiles/cmTC_bcffb.dir/CMakeCCompilerABI.c.obj -o cmTC_bcffb.elf ]
  ignore line: [Using built-in specs.]
  ignore line: [COLLECT_GCC=/usr/bin/arm-none-eabi-gcc]
  ignore line: [COLLECT_LTO_WRAPPER=/usr/lib/gcc/arm-none-eabi/10.3.1/lto-wrapper]
  ignore line: [Target: arm-none-eabi]
  ignore line: [Configured with: ../configure --build=x86_64-linux-gnu --prefix=/usr --includedir='/usr/lib/include' --mandir='/usr/lib/share/man' --infodir='/usr/lib/share/info' --sysconfdir=/etc --localstatedir=/var --disable-option-checking --disable-silent-rules --libdir='/usr/lib/lib/x86_64-linux-gnu' --libexecdir='/usr/lib/lib/x86_64-linux-gnu' --disable-maintainer-mode --disable-dependency-tracking --mandir=/usr/share/man --enable-languages=c,c++,lto --enable-multilib --disable-decimal-float --disable-libffi --disable-libgomp --disable-libmudflap --disable-libquadmath --disable-libssp --disable-libstdcxx-pch --disable-nls --disable-shared --disable-threads --enable-tls --build=x86_64-linux-gnu --target=arm-none-eabi --with-system-zlib --with-gnu-as --with-gnu-ld --with-pkgversion=15:10.3-2021.07-4 --without-included-gettext --prefix=/usr/lib --infodir=/usr/share/doc/gcc-arm-none-eabi/info --htmldir=/usr/share/doc/gcc-arm-none-eabi/html --pdfdir=/usr/share/doc/gcc-arm-none-eabi/pdf --bindir=/usr/bin --libexecdir=/usr/lib --libdir=/usr/lib --disable-libstdc++-v3 --host=x86_64-linux-gnu --with-headers=no --without-newlib --with-multilib-list=rmprofile,aprofile CFLAGS='-g -O2 -ffile-prefix-map=/build/gcc-arm-none-eabi-hYfgK4/gcc-arm-none-eabi-10.3-2021.07=. -flto=auto -ffat-lto-objects -fstack-protector-strong' CPPFLAGS='-Wdate-time -D_FORTIFY_SOURCE=2' CXXFLAGS='-g -O2 -ffile-prefix-map=/build/gcc-arm-none-eabi-hYfgK4/gcc-arm-none-eabi-10.3-2021.07=. -flto=auto -ffat-lto-objects -fstack-protector-strong' DFLAGS=-frelease FCFLAGS='-g -O2 -ffile-prefix-map=/build/gcc-arm-none-eabi-hYfgK4/gcc-arm-none-eabi-10.3-2021.07=. -flto=auto -ffat-lto-objects -fstack-protector-strong' FFLAGS='-g -O2 -ffile-prefix-map=/build/gcc-arm-none-eabi-hYfgK4/gcc-arm-none-eabi-10.3-2021.07=. -flto=auto -ffat-lto-objects -fstack-protector-strong' GCJFLAGS='-g -O2 -ffile-prefix-map=/build/gcc-arm-none-eabi-hYfgK4/gcc-arm-none-eabi-10.3-2021.07=. -fstack-protector-strong' LDFLAGS='-Wl,-Bsymbolic-functions -flto=auto -Wl,-z,relro' OBJCFLAGS='-g -O2 -ffile-prefix-map=/build/gcc-arm-none-eabi-hYfgK4/gcc-arm-none-eabi-10.3-2021.07=. -flto=auto -ffat-lto-objects -fstack-protector-strong' OBJCXXFLAGS='-g -O2 -ffile-prefix-map=/build/gcc-arm-none-eabi-hYfgK4/gcc-arm-none-eabi-10.3-2021.07=. -flto=auto -ffat-lto-objects -fstack-protector-strong' INHIBIT_LIBC_CFLAGS=-DUSE_TM_CLONE_REGISTRY=0 AR_FOR_TARGET=arm-none-eabi-ar AS_FOR_TARGET=arm-none-eabi-as LD_FOR_TARGET=arm-none-eabi-ld NM_FOR_TARGET=arm-none-eabi-nm OBJDUMP_FOR_TARGET=arm-none-eabi-objdump RANLIB_FOR_TARGET=arm-none-eabi-ranlib READELF_FOR_TARGET=arm-none-eabi-readelf STRIP_FOR_TARGET=arm-none-eabi-strip SED=/bin/sed SHELL=/bin/sh BASH=/bin/bash CONFIG_SHELL=/bin/bash]
  ignore line: [Thread model: single]
  ignore line: [Supported LTO compression algorithms: zlib]
  ignore line: [gcc version 10.3.1 20210621 (release) (15:10.3-2021.07-4) ]
  ignore line: [COMPILER_PATH=/usr/lib/gcc/arm-none-eabi/10.3.1/:/usr/lib/gcc/arm-none-eabi/10.3.1/:/usr/lib/gcc/arm-none-eabi/:/usr/lib/gcc/arm-none-eabi/10.3.1/:/usr/lib/gcc/arm-none-eabi/:/usr/lib/gcc/arm-none-eabi/10.3.1/../../../arm-none-eabi/bin/]
  ignore line: [LIBRARY_PATH=/usr/lib/gcc/arm-none-eabi/10.3.1/thumb/v6-m/nofp/:/usr/lib/gcc/arm-none-eabi/10.3.1/../../../arm-none-eabi/lib/thumb/v6-m/nofp/:/usr/lib/gcc/arm-none-eabi/10.3.1/:/usr/lib/gcc/arm-none-eabi/10.3.1/../../../arm-none-eabi/lib/]
  ignore line: [COLLECT_GCC_OPTIONS='-mcpu=cortex-m0plus' '-mthumb' '-nostdlib' '-v' '-o' 'cmTC_bcffb.elf' '-mfloat-abi=soft' '-mlibarch=armv6s-m' '-march=armv6s-m']
  link line: [ /usr/lib/gcc/arm-none-eabi/10.3.1/collect2 -plugin /usr/lib/gcc/arm-none-eabi/10.3.1/liblto_plugin.so -plugin-opt=/usr/lib/gcc/arm-none-eabi/10.3.1/lto-wrapper -plugin-opt=-fresolution=/tmp/ccQeSibQ.res -X -o cmTC_bcffb.elf -L/usr/lib/gcc/arm-none-eabi/10.3.1/thumb/v6-m/nofp -L/usr/lib/gcc/arm-none-eabi/10.3.1/../../../arm-none-eabi/lib/thumb/v6-m/nofp -L/usr/lib/gcc/arm-none-eabi/10.3.1 -L/usr/lib/gcc/arm-none-eabi/10.3.1/../../../arm-none-eabi/lib --build-id=none CMakeFiles/cmTC_bcffb.dir/CMakeCCompilerABI.c.obj]
    arg [/usr/lib/gcc/arm-none-eabi/10.3.1/collect2] ==> ignore
    arg [-plugin] ==> ignore
    arg [/usr/lib/gcc/arm-none-eabi/10.3.1/liblto_plugin.so] ==> ignore
    arg [-plugin-opt=/usr/lib/gcc/arm-none-eabi/10.3.1/lto-wrapper] ==> ignore
    arg [-plugin-opt=-fresolution=/tmp/ccQeSibQ.res] ==> ignore
    arg [-X] ==> ignore
    arg [-o] ==> ignore
    arg [cmTC_bcffb.elf] ==> ignore
    arg [-L/usr/lib/gcc/arm-none-eabi/10.3.1/thumb/v6-m/nofp] ==> dir [/usr/lib/gcc/arm-none-eabi/10.3.1/thumb/v6-m/nofp]
    arg [-L/usr/lib/gcc/arm-none-eabi/10.3.1/../../../arm-none-eabi/lib/thumb/v6-m/nofp] ==> dir [/usr/lib/gcc/arm-none-eabi/10.3.1/../../../arm-none-eabi/lib/thumb/v6-m/nofp]
    arg [-L/usr/lib/gcc/arm-none-eabi/10.3.1] ==> dir [/usr/lib/gcc/arm-none-eabi/10.3.1]
    arg [-L/usr/lib/gcc/arm-none-eabi/10.3.1/../../../arm-none-eabi/lib] ==> dir [/usr/lib/gcc/arm-none-eabi/10.3.1/../../../arm-none-eabi/lib]
    arg [--build-id=none] ==> ignore
    arg [CMakeFiles/cmTC_bcffb.dir/CMakeCCompilerABI.c.obj] ==> ignore
  collapse library dir [/usr/lib/gcc/arm-none-eabi/10.3.1/thumb/v6-m/nofp] ==> [/usr/lib/gcc/arm-none-eabi/10.3.1/thumb/v6-m/nofp]
  collapse library dir [/usr/lib/gcc/arm-none-eabi/10.3.1/../../../arm-none-eabi/lib/thumb/v6-m/nofp] ==> [/usr/lib/arm-none-eabi/lib/thumb/v6-m/nofp]
  collapse library dir [/usr/lib/gcc/arm-none-eabi/10.3.1] ==> [/usr/lib/gcc/arm-none-eabi/10.3.1]
  collapse library dir [/usr/lib/gcc/arm-none-eabi/10.3.1/../../../arm-none-eabi/lib] ==> [/usr/lib/arm-none-eabi/lib]
  implicit libs: []
  implicit objs: []
  implicit dirs: [/usr/lib/gcc/arm-none-eabi/10.3.1/thumb/v6-m/nofp;/usr/lib/arm-none-eabi/lib/thumb/v6-m/nofp;/usr/lib/gcc/arm-none-eabi/10.3.1;/usr/lib/arm-none-eabi/lib]
  implicit fwks: []


Detecting CXX compiler ABI info compiled with the following output:
Change Dir: /home/pi/NN2022Code/SrcBoardFirmware/build/CMakeFiles/CMakeTmp

Run Build Command(s):/usr/bin/gmake -f Makefile cmTC_45ab2/fast && /usr/bin/gmake  -f CMakeFiles/cmTC_45ab2.dir/build.make CMakeFiles/cmTC_45ab2.dir/build
gmake[1]: Entering directory '/home/pi/NN2022Code/SrcBoardFirmware/build/CMakeFiles/CMakeTmp'
Building CXX object CMakeFiles/cmTC_45ab2.dir/CMakeCXXCompilerABI.cpp.obj
/usr/bin/arm-none-eabi-g++   -mcpu=cortex-m0plus -mthumb    -v -o CMakeFiles/cmTC_45ab2.dir/CMakeCXXCompilerABI.cpp.obj -c /usr/share/cmake-3.22/Modules/CMakeCXXCompilerABI.cpp
Using built-in specs.
COLLECT_GCC=/usr/bin/arm-none-eabi-g++
Target: arm-none-eabi
Configured with: ../configure --build=x86_64-linux-gnu --prefix=/usr --includedir='/usr/lib/include' --mandir='/usr/lib/share/man' --infodir='/usr/lib/share/info' --sysconfdir=/etc --localstatedir=/var --disable-option-checking --disable-silent-rules --libdir='/usr/lib/lib/x86_64-linux-gnu' --libexecdir='/usr/lib/lib/x86_64-linux-gnu' --disable-maintainer-mode --disable-dependency-tracking --mandir=/usr/share/man --enable-languages=c,c++,lto --enable-multilib --disable-decimal-float --disable-libffi --disable-libgomp --disable-libmudflap --disable-libquadmath --disable-libssp --disable-libstdcxx-pch --disable-nls --disable-shared --disable-threads --enable-tls --build=x86_64-linux-gnu --target=arm-none-eabi --with-system-zlib --with-gnu-as --with-gnu-ld --with-pkgversion=15:10.3-2021.07-4 --without-included-gettext --prefix=/usr/lib --infodir=/usr/share/doc/gcc-arm-none-eabi/info --htmldir=/usr/share/doc/gcc-arm-none-eabi/html --pdfdir=/usr/share/doc/gcc-arm-none-eabi/pdf --bindir=/usr/bin --libexecdir=/usr/lib --libdir=/usr/lib --disable-libstdc++-v3 --host=x86_64-linux-gnu --with-headers=no --without-newlib --with-multilib-list=rmprofile,aprofile CFLAGS='-g -O2 -ffile-prefix-map=/build/gcc-arm-none-eabi-hYfgK4/gcc-arm-none-eabi-10.3-2021.07=. -flto=auto -ffat-lto-objects -fstack-protector-strong' CPPFLAGS='-Wdate-time -D_FORTIFY_SOURCE=2' CXXFLAGS='-g -O2 -ffile-prefix-map=/build/gcc-arm-none-eabi-hYfgK4/gcc-arm-none-eabi-10.3-2021.07=. -flto=auto -ffat-lto-objects -fstack-protector-strong' DFLAGS=-frelease FCFLAGS='-g -O2 -ffile-prefix-map=/build/gcc-arm-none-eabi-hYfgK4/gcc-arm-none-eabi-10.3-2021.07=. -flto=auto -ffat-lto-objects -fstack-protector-strong' FFLAGS='-g -O2 -ffile-prefix-map=/build/gcc-arm-none-eabi-hYfgK4/gcc-arm-none-eabi-10.3-2021.07=. -flto=auto -ffat-lto-objects -fstack-protector-strong' GCJFLAGS='-g -O2 -ffile-prefix-map=/build/gcc-arm-none-eabi-hYfgK4/gcc-arm-none-eabi-10.3-2021.07=. -fstack-protector-strong' LDFLAGS='-Wl,-Bsymbolic-functions -flto=auto -Wl,-z,relro' OBJCFLAGS='-g -O2 -ffile-prefix-map=/build/gcc-arm-none-eabi-hYfgK4/gcc-arm-none-eabi-10.3-2021.07=. -flto=auto -ffat-lto-objects -fstack-protector-strong' OBJCXXFLAGS='-g -O2 -ffile-prefix-map=/build/gcc-arm-none-eabi-hYfgK4/gcc-arm-none-eabi-10.3-2021.07=. -flto=auto -ffat-lto-objects -fstack-protector-strong' INHIBIT_LIBC_CFLAGS=-DUSE_TM_CLONE_REGISTRY=0 AR_FOR_TARGET=arm-none-eabi-ar AS_FOR_TARGET=arm-none-eabi-as LD_FOR_TARGET=arm-none-eabi-ld NM_FOR_TARGET=arm-none-eabi-nm OBJDUMP_FOR_TARGET=arm-none-eabi-objdump RANLIB_FOR_TARGET=arm-none-eabi-ranlib READELF_FOR_TARGET=arm-none-eabi-readelf STRIP_FOR_TARGET=arm-none-eabi-strip SED=/bin/sed SHELL=/bin/sh BASH=/bin/bash CONFIG_SHELL=/bin/bash
Thread model: single
Supported LTO compression algorithms: zlib
gcc version 10.3.1 20210621 (release) (15:10.3-2021.07-4) 
COLLECT_GCC_OPTIONS='-mcpu=cortex-m0plus' '-mthumb' '-v' '-o' 'CMakeFiles/cmTC_45ab2.dir/CMakeCXXCompilerABI.cpp.obj' '-c' '-mfloat-abi=soft' '-mlibarch=armv6s-m' '-march=armv6s-m'
 /usr/lib/gcc/arm-none-eabi/10.3.1/cc1plus -quiet -v -imultilib thumb/v6-m/nofp -D__USES_INITFINI__ /usr/share/cmake-3.22/Modules/CMakeCXXCompilerABI.cpp -quiet -dumpbase CMakeCXXCompilerABI.cpp -mcpu=cortex-m0plus -mthumb -mfloat-abi=soft -mlibarch=armv6s-m -march=armv6s-m -auxbase-strip CMakeFiles/cmTC_45ab2.dir/CMakeCXXCompilerABI.cpp.obj -version -o /tmp/ccRoTYvS.s
GNU C++14 (15:10.3-2021.07-4) version 10.3.1 20210621 (release) (arm-none-eabi)
	compiled by GNU C version 11.2.0, GMP version 6.2.1, MPFR version 4.1.0, MPC version 1.2.1, isl version isl-0.24-GMP

GGC heuristics: --param ggc-min-expand=100 --param ggc-min-heapsize=131072
ignoring nonexistent directory "/usr/lib/gcc/arm-none-eabi/10.3.1/../../../arm-none-eabi/sys-include"
#include "..." search starts here:
#include <...> search starts here:
 /usr/lib/gcc/arm-none-eabi/10.3.1/../../../arm-none-eabi/include/c++/10.3.1
 /usr/lib/gcc/arm-none-eabi/10.3.1/../../../arm-none-eabi/include/c++/10.3.1/arm-none-eabi/thumb/v6-m/nofp
 /usr/lib/gcc/arm-none-eabi/10.3.1/../../../arm-none-eabi/include/c++/10.3.1/backward
 /usr/lib/gcc/arm-none-eabi/10.3.1/include
 /usr/lib/gcc/arm-none-eabi/10.3.1/include-fixed
 /usr/lib/gcc/arm-none-eabi/10.3.1/../../../arm-none-eabi/include
End of search list.
GNU C++14 (15:10.3-2021.07-4) version 10.3.1 20210621 (release) (arm-none-eabi)
	compiled by GNU C version 11.2.0, GMP version 6.2.1, MPFR version 4.1.0, MPC version 1.2.1, isl version isl-0.24-GMP

GGC heuristics: --param ggc-min-expand=100 --param ggc-min-heapsize=131072
Compiler executable checksum: 4f994585a8ca8864fa1f4d2fb208a0ba
COLLECT_GCC_OPTIONS='-mcpu=cortex-m0plus' '-mthumb' '-v' '-o' 'CMakeFiles/cmTC_45ab2.dir/CMakeCXXCompilerABI.cpp.obj' '-c' '-mfloat-abi=soft' '-mlibarch=armv6s-m' '-march=armv6s-m'
 /usr/lib/gcc/arm-none-eabi/10.3.1/../../../arm-none-eabi/bin/as -v -march=armv6s-m -mfloat-abi=soft -meabi=5 -o CMakeFiles/cmTC_45ab2.dir/CMakeCXXCompilerABI.cpp.obj /tmp/ccRoTYvS.s
GNU assembler version 2.38 (arm-none-eabi) using BFD version (2.38-3ubuntu1+15build1) 2.38
COMPILER_PATH=/usr/lib/gcc/arm-none-eabi/10.3.1/:/usr/lib/gcc/arm-none-eabi/10.3.1/:/usr/lib/gcc/arm-none-eabi/:/usr/lib/gcc/arm-none-eabi/10.3.1/:/usr/lib/gcc/arm-none-eabi/:/usr/lib/gcc/arm-none-eabi/10.3.1/../../../arm-none-eabi/bin/
LIBRARY_PATH=/usr/lib/gcc/arm-none-eabi/10.3.1/thumb/v6-m/nofp/:/usr/lib/gcc/arm-none-eabi/10.3.1/../../../arm-none-eabi/lib/thumb/v6-m/nofp/:/usr/lib/gcc/arm-none-eabi/10.3.1/:/usr/lib/gcc/arm-none-eabi/10.3.1/../../../arm-none-eabi/lib/
COLLECT_GCC_OPTIONS='-mcpu=cortex-m0plus' '-mthumb' '-v' '-o' 'CMakeFiles/cmTC_45ab2.dir/CMakeCXXCompilerABI.cpp.obj' '-c' '-mfloat-abi=soft' '-mlibarch=armv6s-m' '-march=armv6s-m'
Linking CXX executable cmTC_45ab2.elf
/usr/bin/cmake -E cmake_link_script CMakeFiles/cmTC_45ab2.dir/link.txt --verbose=1
/usr/bin/arm-none-eabi-g++ -mcpu=cortex-m0plus -mthumb  -Wl,--build-id=none -nostdlib  -v CMakeFiles/cmTC_45ab2.dir/CMakeCXXCompilerABI.cpp.obj -o cmTC_45ab2.elf 
Using built-in specs.
COLLECT_GCC=/usr/bin/arm-none-eabi-g++
COLLECT_LTO_WRAPPER=/usr/lib/gcc/arm-none-eabi/10.3.1/lto-wrapper
Target: arm-none-eabi
Configured with: ../configure --build=x86_64-linux-gnu --prefix=/usr --includedir='/usr/lib/include' --mandir='/usr/lib/share/man' --infodir='/usr/lib/share/info' --sysconfdir=/etc --localstatedir=/var --disable-option-checking --disable-silent-rules --libdir='/usr/lib/lib/x86_64-linux-gnu' --libexecdir='/usr/lib/lib/x86_64-linux-gnu' --disable-maintainer-mode --disable-dependency-tracking --mandir=/usr/share/man --enable-languages=c,c++,lto --enable-multilib --disable-decimal-float --disable-libffi --disable-libgomp --disable-libmudflap --disable-libquadmath --disable-libssp --disable-libstdcxx-pch --disable-nls --disable-shared --disable-threads --enable-tls --build=x86_64-linux-gnu --target=arm-none-eabi --with-system-zlib --with-gnu-as --with-gnu-ld --with-pkgversion=15:10.3-2021.07-4 --without-included-gettext --prefix=/usr/lib --infodir=/usr/share/doc/gcc-arm-none-eabi/info --htmldir=/usr/share/doc/gcc-arm-none-eabi/html --pdfdir=/usr/share/doc/gcc-arm-none-eabi/pdf --bindir=/usr/bin --libexecdir=/usr/lib --libdir=/usr/lib --disable-libstdc++-v3 --host=x86_64-linux-gnu --with-headers=no --without-newlib --with-multilib-list=rmprofile,aprofile CFLAGS='-g -O2 -ffile-prefix-map=/build/gcc-arm-none-eabi-hYfgK4/gcc-arm-none-eabi-10.3-2021.07=. -flto=auto -ffat-lto-objects -fstack-protector-strong' CPPFLAGS='-Wdate-time -D_FORTIFY_SOURCE=2' CXXFLAGS='-g -O2 -ffile-prefix-map=/build/gcc-arm-none-eabi-hYfgK4/gcc-arm-none-eabi-10.3-2021.07=. -flto=auto -ffat-lto-objects -fstack-protector-strong' DFLAGS=-frelease FCFLAGS='-g -O2 -ffile-prefix-map=/build/gcc-arm-none-eabi-hYfgK4/gcc-arm-none-eabi-10.3-2021.07=. -flto=auto -ffat-lto-objects -fstack-protector-strong' FFLAGS='-g -O2 -ffile-prefix-map=/build/gcc-arm-none-eabi-hYfgK4/gcc-arm-none-eabi-10.3-2021.07=. -flto=auto -ffat-lto-objects -fstack-protector-strong' GCJFLAGS='-g -O2 -ffile-prefix-map=/build/gcc-arm-none-eabi-hYfgK4/gcc-arm-none-eabi-10.3-2021.07=. -fstack-protector-strong' LDFLAGS='-Wl,-Bsymbolic-functions -flto=auto -Wl,-z,relro' OBJCFLAGS='-g -O2 -ffile-prefix-map=/build/gcc-arm-none-eabi-hYfgK4/gcc-arm-none-eabi-10.3-2021.07=. -flto=auto -ffat-lto-objects -fstack-protector-strong' OBJCXXFLAGS='-g -O2 -ffile-prefix-map=/build/gcc-arm-none-eabi-hYfgK4/gcc-arm-none-eabi-10.3-2021.07=. -flto=auto -ffat-lto-objects -fstack-protector-strong' INHIBIT_LIBC_CFLAGS=-DUSE_TM_CLONE_REGISTRY=0 AR_FOR_TARGET=arm-none-eabi-ar AS_FOR_TARGET=arm-none-eabi-as LD_FOR_TARGET=arm-none-eabi-ld NM_FOR_TARGET=arm-none-eabi-nm OBJDUMP_FOR_TARGET=arm-none-eabi-objdump RANLIB_FOR_TARGET=arm-none-eabi-ranlib READELF_FOR_TARGET=arm-none-eabi-readelf STRIP_FOR_TARGET=arm-none-eabi-strip SED=/bin/sed SHELL=/bin/sh BASH=/bin/bash CONFIG_SHELL=/bin/bash
Thread model: single
Supported LTO compression algorithms: zlib
gcc version 10.3.1 20210621 (release) (15:10.3-2021.07-4) 
COMPILER_PATH=/usr/lib/gcc/arm-none-eabi/10.3.1/:/usr/lib/gcc/arm-none-eabi/10.3.1/:/usr/lib/gcc/arm-none-eabi/:/usr/lib/gcc/arm-none-eabi/10.3.1/:/usr/lib/gcc/arm-none-eabi/:/usr/lib/gcc/arm-none-eabi/10.3.1/../../../arm-none-eabi/bin/
LIBRARY_PATH=/usr/lib/gcc/arm-none-eabi/10.3.1/thumb/v6-m/nofp/:/usr/lib/gcc/arm-none-eabi/10.3.1/../../../arm-none-eabi/lib/thumb/v6-m/nofp/:/usr/lib/gcc/arm-none-eabi/10.3.1/:/usr/lib/gcc/arm-none-eabi/10.3.1/../../../arm-none-eabi/lib/
COLLECT_GCC_OPTIONS='-mcpu=cortex-m0plus' '-mthumb' '-nostdlib' '-v' '-o' 'cmTC_45ab2.elf' '-mfloat-abi=soft' '-mlibarch=armv6s-m' '-march=armv6s-m'
 /usr/lib/gcc/arm-none-eabi/10.3.1/collect2 -plugin /usr/lib/gcc/arm-none-eabi/10.3.1/liblto_plugin.so -plugin-opt=/usr/lib/gcc/arm-none-eabi/10.3.1/lto-wrapper -plugin-opt=-fresolution=/tmp/ccz3wyyy.res -X -o cmTC_45ab2.elf -L/usr/lib/gcc/arm-none-eabi/10.3.1/thumb/v6-m/nofp -L/usr/lib/gcc/arm-none-eabi/10.3.1/../../../arm-none-eabi/lib/thumb/v6-m/nofp -L/usr/lib/gcc/arm-none-eabi/10.3.1 -L/usr/lib/gcc/arm-none-eabi/10.3.1/../../../arm-none-eabi/lib --build-id=none CMakeFiles/cmTC_45ab2.dir/CMakeCXXCompilerABI.cpp.obj
/usr/lib/gcc/arm-none-eabi/10.3.1/../../../arm-none-eabi/bin/ld: warning: cannot find entry symbol _start; defaulting to 0000000000008000
COLLECT_GCC_OPTIONS='-mcpu=cortex-m0plus' '-mthumb' '-nostdlib' '-v' '-o' 'cmTC_45ab2.elf' '-mfloat-abi=soft' '-mlibarch=armv6s-m' '-march=armv6s-m'
gmake[1]: Leaving directory '/home/pi/NN2022Code/SrcBoardFirmware/build/CMakeFiles/CMakeTmp'



Parsed CXX implicit include dir info from above output: rv=done
  found start of include info
  found start of implicit include info
    add: [/usr/lib/gcc/arm-none-eabi/10.3.1/../../../arm-none-eabi/include/c++/10.3.1]
    add: [/usr/lib/gcc/arm-none-eabi/10.3.1/../../../arm-none-eabi/include/c++/10.3.1/arm-none-eabi/thumb/v6-m/nofp]
    add: [/usr/lib/gcc/arm-none-eabi/10.3.1/../../../arm-none-eabi/include/c++/10.3.1/backward]
    add: [/usr/lib/gcc/arm-none-eabi/10.3.1/include]
    add: [/usr/lib/gcc/arm-none-eabi/10.3.1/include-fixed]
    add: [/usr/lib/gcc/arm-none-eabi/10.3.1/../../../arm-none-eabi/include]
  end of search list found
  collapse include dir [/usr/lib/gcc/arm-none-eabi/10.3.1/../../../arm-none-eabi/include/c++/10.3.1] ==> [/usr/lib/arm-none-eabi/include/c++/10.3.1]
  collapse include dir [/usr/lib/gcc/arm-none-eabi/10.3.1/../../../arm-none-eabi/include/c++/10.3.1/arm-none-eabi/thumb/v6-m/nofp] ==> [/usr/lib/arm-none-eabi/include/c++/10.3.1/arm-none-eabi/thumb/v6-m/nofp]
  collapse include dir [/usr/lib/gcc/arm-none-eabi/10.3.1/../../../arm-none-eabi/include/c++/10.3.1/backward] ==> [/usr/lib/arm-none-eabi/include/c++/10.3.1/backward]
  collapse include dir [/usr/lib/gcc/arm-none-eabi/10.3.1/include] ==> [/usr/lib/gcc/arm-none-eabi/10.3.1/include]
  collapse include dir [/usr/lib/gcc/arm-none-eabi/10.3.1/include-fixed] ==> [/usr/lib/gcc/arm-none-eabi/10.3.1/include-fixed]
  collapse include dir [/usr/lib/gcc/arm-none-eabi/10.3.1/../../../arm-none-eabi/include] ==> [/usr/lib/arm-none-eabi/include]
  implicit include dirs: [/usr/lib/arm-none-eabi/include/c++/10.3.1;/usr/lib/arm-none-eabi/include/c++/10.3.1/arm-none-eabi/thumb/v6-m/nofp;/usr/lib/arm-none-eabi/include/c++/10.3.1/backward;/usr/lib/gcc/arm-none-eabi/10.3.1/include;/usr/lib/gcc/arm-none-eabi/10.3.1/include-fixed;/usr/lib/arm-none-eabi/include]


Parsed CXX implicit link information from above output:
  link line regex: [^( *|.*[/\])(arm-none-eabi-ld|CMAKE_LINK_STARTFILE-NOTFOUND|([^/\]+-)?ld|collect2)[^/\]*( |$)]
  ignore line: [Change Dir: /home/pi/NN2022Code/SrcBoardFirmware/build/CMakeFiles/CMakeTmp]
  ignore line: []
  ignore line: [Run Build Command(s):/usr/bin/gmake -f Makefile cmTC_45ab2/fast && /usr/bin/gmake  -f CMakeFiles/cmTC_45ab2.dir/build.make CMakeFiles/cmTC_45ab2.dir/build]
  ignore line: [gmake[1]: Entering directory '/home/pi/NN2022Code/SrcBoardFirmware/build/CMakeFiles/CMakeTmp']
  ignore line: [Building CXX object CMakeFiles/cmTC_45ab2.dir/CMakeCXXCompilerABI.cpp.obj]
  ignore line: [/usr/bin/arm-none-eabi-g++   -mcpu=cortex-m0plus -mthumb    -v -o CMakeFiles/cmTC_45ab2.dir/CMakeCXXCompilerABI.cpp.obj -c /usr/share/cmake-3.22/Modules/CMakeCXXCompilerABI.cpp]
  ignore line: [Using built-in specs.]
  ignore line: [COLLECT_GCC=/usr/bin/arm-none-eabi-g++]
  ignore line: [Target: arm-none-eabi]
  ignore line: [Configured with: ../configure --build=x86_64-linux-gnu --prefix=/usr --includedir='/usr/lib/include' --mandir='/usr/lib/share/man' --infodir='/usr/lib/share/info' --sysconfdir=/etc --localstatedir=/var --disable-option-checking --disable-silent-rules --libdir='/usr/lib/lib/x86_64-linux-gnu' --libexecdir='/usr/lib/lib/x86_64-linux-gnu' --disable-maintainer-mode --disable-dependency-tracking --mandir=/usr/share/man --enable-languages=c,c++,lto --enable-multilib --disable-decimal-float --disable-libffi --disable-libgomp --disable-libmudflap --disable-libquadmath --disable-libssp --disable-libstdcxx-pch --disable-nls --disable-shared --disable-threads --enable-tls --build=x86_64-linux-gnu --target=arm-none-eabi --with-system-zlib --with-gnu-as --with-gnu-ld --with-pkgversion=15:10.3-2021.07-4 --without-included-gettext --prefix=/usr/lib --infodir=/usr/share/doc/gcc-arm-none-eabi/info --htmldir=/usr/share/doc/gcc-arm-none-eabi/html --pdfdir=/usr/share/doc/gcc-arm-none-eabi/pdf --bindir=/usr/bin --libexecdir=/usr/lib --libdir=/usr/lib --disable-libstdc++-v3 --host=x86_64-linux-gnu --with-headers=no --without-newlib --with-multilib-list=rmprofile,aprofile CFLAGS='-g -O2 -ffile-prefix-map=/build/gcc-arm-none-eabi-hYfgK4/gcc-arm-none-eabi-10.3-2021.07=. -flto=auto -ffat-lto-objects -fstack-protector-strong' CPPFLAGS='-Wdate-time -D_FORTIFY_SOURCE=2' CXXFLAGS='-g -O2 -ffile-prefix-map=/build/gcc-arm-none-eabi-hYfgK4/gcc-arm-none-eabi-10.3-2021.07=. -flto=auto -ffat-lto-objects -fstack-protector-strong' DFLAGS=-frelease FCFLAGS='-g -O2 -ffile-prefix-map=/build/gcc-arm-none-eabi-hYfgK4/gcc-arm-none-eabi-10.3-2021.07=. -flto=auto -ffat-lto-objects -fstack-protector-strong' FFLAGS='-g -O2 -ffile-prefix-map=/build/gcc-arm-none-eabi-hYfgK4/gcc-arm-none-eabi-10.3-2021.07=. -flto=auto -ffat-lto-objects -fstack-protector-strong' GCJFLAGS='-g -O2 -ffile-prefix-map=/build/gcc-arm-none-eabi-hYfgK4/gcc-arm-none-eabi-10.3-2021.07=. -fstack-protector-strong' LDFLAGS='-Wl,-Bsymbolic-functions -flto=auto -Wl,-z,relro' OBJCFLAGS='-g -O2 -ffile-prefix-map=/build/gcc-arm-none-eabi-hYfgK4/gcc-arm-none-eabi-10.3-2021.07=. -flto=auto -ffat-lto-objects -fstack-protector-strong' OBJCXXFLAGS='-g -O2 -ffile-prefix-map=/build/gcc-arm-none-eabi-hYfgK4/gcc-arm-none-eabi-10.3-2021.07=. -flto=auto -ffat-lto-objects -fstack-protector-strong' INHIBIT_LIBC_CFLAGS=-DUSE_TM_CLONE_REGISTRY=0 AR_FOR_TARGET=arm-none-eabi-ar AS_FOR_TARGET=arm-none-eabi-as LD_FOR_TARGET=arm-none-eabi-ld NM_FOR_TARGET=arm-none-eabi-nm OBJDUMP_FOR_TARGET=arm-none-eabi-objdump RANLIB_FOR_TARGET=arm-none-eabi-ranlib READELF_FOR_TARGET=arm-none-eabi-readelf STRIP_FOR_TARGET=arm-none-eabi-strip SED=/bin/sed SHELL=/bin/sh BASH=/bin/bash CONFIG_SHELL=/bin/bash]
  ignore line: [Thread model: single]
  ignore line: [Supported LTO compression algorithms: zlib]
  ignore line: [gcc version 10.3.1 20210621 (release) (15:10.3-2021.07-4) ]
  ignore line: [COLLECT_GCC_OPTIONS='-mcpu=cortex-m0plus' '-mthumb' '-v' '-o' 'CMakeFiles/cmTC_45ab2.dir/CMakeCXXCompilerABI.cpp.obj' '-c' '-mfloat-abi=soft' '-mlibarch=armv6s-m' '-march=armv6s-m']
  ignore line: [ /usr/lib/gcc/arm-none-eabi/10.3.1/cc1plus -quiet -v -imultilib thumb/v6-m/nofp -D__USES_INITFINI__ /usr/share/cmake-3.22/Modules/CMakeCXXCompilerABI.cpp -quiet -dumpbase CMakeCXXCompilerABI.cpp -mcpu=cortex-m0plus -mthumb -mfloat-abi=soft -mlibarch=armv6s-m -march=armv6s-m -auxbase-strip CMakeFiles/cmTC_45ab2.dir/CMakeCXXCompilerABI.cpp.obj -version -o /tmp/ccRoTYvS.s]
  ignore line: [GNU C++14 (15:10.3-2021.07-4) version 10.3.1 20210621 (release) (arm-none-eabi)]
  ignore line: [	compiled by GNU C version 11.2.0  GMP version 6.2.1  MPFR version 4.1.0  MPC version 1.2.1  isl version isl-0.24-GMP]
  ignore line: []
  ignore line: [GGC heuristics: --param ggc-min-expand=100 --param ggc-min-heapsize=131072]
  ignore line: [ignoring nonexistent directory "/usr/lib/gcc/arm-none-eabi/10.3.1/../../../arm-none-eabi/sys-include"]
  ignore line: [#include "..." search starts here:]
  ignore line: [#include <...> search starts here:]
  ignore line: [ /usr/lib/gcc/arm-none-eabi/10.3.1/../../../arm-none-eabi/include/c++/10.3.1]
  ignore line: [ /usr/lib/gcc/arm-none-eabi/10.3.1/../../../arm-none-eabi/include/c++/10.3.1/arm-none-eabi/thumb/v6-m/nofp]
  ignore line: [ /usr/lib/gcc/arm-none-eabi/10.3.1/../../../arm-none-eabi/include/c++/10.3.1/backward]
  ignore line: [ /usr/lib/gcc/arm-none-eabi/10.3.1/include]
  ignore line: [ /usr/lib/gcc/arm-none-eabi/10.3.1/include-fixed]
  ignore line: [ /usr/lib/gcc/arm-none-eabi/10.3.1/../../../arm-none-eabi/include]
  ignore line: [End of search list.]
  ignore line: [GNU C++14 (15:10.3-2021.07-4) version 10.3.1 20210621 (release) (arm-none-eabi)]
  ignore line: [	compiled by GNU C version 11.2.0  GMP version 6.2.1  MPFR version 4.1.0  MPC version 1.2.1  isl version isl-0.24-GMP]
  ignore line: []
  ignore line: [GGC heuristics: --param ggc-min-expand=100 --param ggc-min-heapsize=131072]
  ignore line: [Compiler executable checksum: 4f994585a8ca8864fa1f4d2fb208a0ba]
  ignore line: [COLLECT_GCC_OPTIONS='-mcpu=cortex-m0plus' '-mthumb' '-v' '-o' 'CMakeFiles/cmTC_45ab2.dir/CMakeCXXCompilerABI.cpp.obj' '-c' '-mfloat-abi=soft' '-mlibarch=armv6s-m' '-march=armv6s-m']
  ignore line: [ /usr/lib/gcc/arm-none-eabi/10.3.1/../../../arm-none-eabi/bin/as -v -march=armv6s-m -mfloat-abi=soft -meabi=5 -o CMakeFiles/cmTC_45ab2.dir/CMakeCXXCompilerABI.cpp.obj /tmp/ccRoTYvS.s]
  ignore line: [GNU assembler version 2.38 (arm-none-eabi) using BFD version (2.38-3ubuntu1+15build1) 2.38]
  ignore line: [COMPILER_PATH=/usr/lib/gcc/arm-none-eabi/10.3.1/:/usr/lib/gcc/arm-none-eabi/10.3.1/:/usr/lib/gcc/arm-none-eabi/:/usr/lib/gcc/arm-none-eabi/10.3.1/:/usr/lib/gcc/arm-none-eabi/:/usr/lib/gcc/arm-none-eabi/10.3.1/../../../arm-none-eabi/bin/]
  ignore line: [LIBRARY_PATH=/usr/lib/gcc/arm-none-eabi/10.3.1/thumb/v6-m/nofp/:/usr/lib/gcc/arm-none-eabi/10.3.1/../../../arm-none-eabi/lib/thumb/v6-m/nofp/:/usr/lib/gcc/arm-none-eabi/10.3.1/:/usr/lib/gcc/arm-none-eabi/10.3.1/../../../arm-none-eabi/lib/]
  ignore line: [COLLECT_GCC_OPTIONS='-mcpu=cortex-m0plus' '-mthumb' '-v' '-o' 'CMakeFiles/cmTC_45ab2.dir/CMakeCXXCompilerABI.cpp.obj' '-c' '-mfloat-abi=soft' '-mlibarch=armv6s-m' '-march=armv6s-m']
  ignore line: [Linking CXX executable cmTC_45ab2.elf]
  ignore line: [/usr/bin/cmake -E cmake_link_script CMakeFiles/cmTC_45ab2.dir/link.txt --verbose=1]
  ignore line: [/usr/bin/arm-none-eabi-g++ -mcpu=cortex-m0plus -mthumb  -Wl --build-id=none -nostdlib  -v CMakeFiles/cmTC_45ab2.dir/CMakeCXXCompilerABI.cpp.obj -o cmTC_45ab2.elf ]
  ignore line: [Using built-in specs.]
  ignore line: [COLLECT_GCC=/usr/bin/arm-none-eabi-g++]
  ignore line: [COLLECT_LTO_WRAPPER=/usr/lib/gcc/arm-none-eabi/10.3.1/lto-wrapper]
  ignore line: [Target: arm-none-eabi]
  ignore line: [Configured with: ../configure --build=x86_64-linux-gnu --prefix=/usr --includedir='/usr/lib/include' --mandir='/usr/lib/share/man' --infodir='/usr/lib/share/info' --sysconfdir=/etc --localstatedir=/var --disable-option-checking --disable-silent-rules --libdir='/usr/lib/lib/x86_64-linux-gnu' --libexecdir='/usr/lib/lib/x86_64-linux-gnu' --disable-maintainer-mode --disable-dependency-tracking --mandir=/usr/share/man --enable-languages=c,c++,lto --enable-multilib --disable-decimal-float --disable-libffi --disable-libgomp --disable-libmudflap --disable-libquadmath --disable-libssp --disable-libstdcxx-pch --disable-nls --disable-shared --disable-threads --enable-tls --build=x86_64-linux-gnu --target=arm-none-eabi --with-system-zlib --with-gnu-as --with-gnu-ld --with-pkgversion=15:10.3-2021.07-4 --without-included-gettext --prefix=/usr/lib --infodir=/usr/share/doc/gcc-arm-none-eabi/info --htmldir=/usr/share/doc/gcc-arm-none-eabi/html --pdfdir=/usr/share/doc/gcc-arm-none-eabi/pdf --bindir=/usr/bin --libexecdir=/usr/lib --libdir=/usr/lib --disable-libstdc++-v3 --host=x86_64-linux-gnu --with-headers=no --without-newlib --with-multilib-list=rmprofile,aprofile CFLAGS='-g -O2 -ffile-prefix-map=/build/gcc-arm-none-eabi-hYfgK4/gcc-arm-none-eabi-10.3-2021.07=. -flto=auto -ffat-lto-objects -fstack-protector-strong' CPPFLAGS='-Wdate-time -D_FORTIFY_SOURCE=2' CXXFLAGS='-g -O2 -ffile-prefix-map=/build/gcc-arm-none-eabi-hYfgK4/gcc-arm-none-eabi-10.3-2021.07=. -flto=auto -ffat-lto-objects -fstack-protector-strong' DFLAGS=-frelease FCFLAGS='-g -O2 -ffile-prefix-map=/build/gcc-arm-none-eabi-hYfgK4/gcc-arm-none-eabi-10.3-2021.07=. -flto=auto -ffat-lto-objects -fstack-protector-strong' FFLAGS='-g -O2 -ffile-prefix-map=/build/gcc-arm-none-eabi-hYfgK4/gcc-arm-none-eabi-10.3-2021.07=. -flto=auto -ffat-lto-objects -fstack-protector-strong' GCJFLAGS='-g -O2 -ffile-prefix-map=/build/gcc-arm-none-eabi-hYfgK4/gcc-arm-none-eabi-10.3-2021.07=. -fstack-protector-strong' LDFLAGS='-Wl,-Bsymbolic-functions -flto=auto -Wl,-z,relro' OBJCFLAGS='-g -O2 -ffile-prefix-map=/build/gcc-arm-none-eabi-hYfgK4/gcc-arm-none-eabi-10.3-2021.07=. -flto=auto -ffat-lto-objects -fstack-protector-strong' OBJCXXFLAGS='-g -O2 -ffile-prefix-map=/build/gcc-arm-none-eabi-hYfgK4/gcc-arm-none-eabi-10.3-2021.07=. -flto=auto -ffat-lto-objects -fstack-protector-strong' INHIBIT_LIBC_CFLAGS=-DUSE_TM_CLONE_REGISTRY=0 AR_FOR_TARGET=arm-none-eabi-ar AS_FOR_TARGET=arm-none-eabi-as LD_FOR_TARGET=arm-none-eabi-ld NM_FOR_TARGET=arm-none-eabi-nm OBJDUMP_FOR_TARGET=arm-none-eabi-objdump RANLIB_FOR_TARGET=arm-none-eabi-ranlib READELF_FOR_TARGET=arm-none-eabi-readelf STRIP_FOR_TARGET=arm-none-eabi-strip SED=/bin/sed SHELL=/bin/sh BASH=/bin/bash CONFIG_SHELL=/bin/bash]
  ignore line: [Thread model: single]
  ignore line: [Supported LTO compression algorithms: zlib]
  ignore line: [gcc version 10.3.1 20210621 (release) (15:10.3-2021.07-4) ]
  ignore line: [COMPILER_PATH=/usr/lib/gcc/arm-none-eabi/10.3.1/:/usr/lib/gcc/arm-none-eabi/10.3.1/:/usr/lib/gcc/arm-none-eabi/:/usr/lib/gcc/arm-none-eabi/10.3.1/:/usr/lib/gcc/arm-none-eabi/:/usr/lib/gcc/arm-none-eabi/10.3.1/../../../arm-none-eabi/bin/]
  ignore line: [LIBRARY_PATH=/usr/lib/gcc/arm-none-eabi/10.3.1/thumb/v6-m/nofp/:/usr/lib/gcc/arm-none-eabi/10.3.1/../../../arm-none-eabi/lib/thumb/v6-m/nofp/:/usr/lib/gcc/arm-none-eabi/10.3.1/:/usr/lib/gcc/arm-none-eabi/10.3.1/../../../arm-none-eabi/lib/]
  ignore line: [COLLECT_GCC_OPTIONS='-mcpu=cortex-m0plus' '-mthumb' '-nostdlib' '-v' '-o' 'cmTC_45ab2.elf' '-mfloat-abi=soft' '-mlibarch=armv6s-m' '-march=armv6s-m']
  link line: [ /usr/lib/gcc/arm-none-eabi/10.3.1/collect2 -plugin /usr/lib/gcc/arm-none-eabi/10.3.1/liblto_plugin.so -plugin-opt=/usr/lib/gcc/arm-none-eabi/10.3.1/lto-wrapper -plugin-opt=-fresolution=/tmp/ccz3wyyy.res -X -o cmTC_45ab2.elf -L/usr/lib/gcc/arm-none-eabi/10.3.1/thumb/v6-m/nofp -L/usr/lib/gcc/arm-none-eabi/10.3.1/../../../arm-none-eabi/lib/thumb/v6-m/nofp -L/usr/lib/gcc/arm-none-eabi/10.3.1 -L/usr/lib/gcc/arm-none-eabi/10.3.1/../../../arm-none-eabi/lib --build-id=none CMakeFiles/cmTC_45ab2.dir/CMakeCXXCompilerABI.cpp.obj]
    arg [/usr/lib/gcc/arm-none-eabi/10.3.1/collect2] ==> ignore
    arg [-plugin] ==> ignore
    arg [/usr/lib/gcc/arm-none-eabi/10.3.1/liblto_plugin.so] ==> ignore
    arg [-plugin-opt=/usr/lib/gcc/arm-none-eabi/10.3.1/lto-wrapper] ==> ignore
    arg [-plugin-opt=-fresolution=/tmp/ccz3wyyy.res] ==> ignore
    arg [-X] ==> ignore
    arg [-o] ==> ignore
    arg [cmTC_45ab2.elf] ==> ignore
    arg [-L/usr/lib/gcc/arm-none-eabi/10.3.1/thumb/v6-m/nofp] ==> dir [/usr/lib/gcc/arm-none-eabi/10.3.1/thumb/v6-m/nofp]
    arg [-L/usr/lib/gcc/arm-none-eabi/10.3.1/../../../arm-none-eabi/lib/thumb/v6-m/nofp] ==> dir [/usr/lib/gcc/arm-none-eabi/10.3.1/../../../arm-none-eabi/lib/thumb/v6-m/nofp]
    arg [-L/usr/lib/gcc/arm-none-eabi/10.3.1] ==> dir [/usr/lib/gcc/arm-none-eabi/10.3.1]
    arg [-L/usr/lib/gcc/arm-none-eabi/10.3.1/../../../arm-none-eabi/lib] ==> dir [/usr/lib/gcc/arm-none-eabi/10.3.1/../../../arm-none-eabi/lib]
    arg [--build-id=none] ==> ignore
    arg [CMakeFiles/cmTC_45ab2.dir/CMakeCXXCompilerABI.cpp.obj] ==> ignore
  collapse library dir [/usr/lib/gcc/arm-none-eabi/10.3.1/thumb/v6-m/nofp] ==> [/usr/lib/gcc/arm-none-eabi/10.3.1/thumb/v6-m/nofp]
  collapse library dir [/usr/lib/gcc/arm-none-eabi/10.3.1/../../../arm-none-eabi/lib/thumb/v6-m/nofp] ==> [/usr/lib/arm-none-eabi/lib/thumb/v6-m/nofp]
  collapse library dir [/usr/lib/gcc/arm-none-eabi/10.3.1] ==> [/usr/lib/gcc/arm-none-eabi/10.3.1]
  collapse library dir [/usr/lib/gcc/arm-none-eabi/10.3.1/../../../arm-none-eabi/lib] ==> [/usr/lib/arm-none-eabi/lib]
  implicit libs: []
  implicit objs: []
  implicit dirs: [/usr/lib/gcc/arm-none-eabi/10.3.1/thumb/v6-m/nofp;/usr/lib/arm-none-eabi/lib/thumb/v6-m/nofp;/usr/lib/gcc/arm-none-eabi/10.3.1;/usr/lib/arm-none-eabi/lib]
  implicit fwks: []


The target system is: PICO -  - cortex-m0plus
The host system is: Linux - 6.8.0-57-generic - x86_64
Compiling the C compiler identification source file "CMakeCCompilerId.c" succeeded.
Compiler: /usr/bin/arm-none-eabi-gcc 
Build flags: ;-mcpu=cortex-m0plus;-mthumb
Id flags: -c 

The output was:
0


Compilation of the C compiler identification source "CMakeCCompilerId.c" produced "CMakeCCompilerId.o"

The C compiler identification is GNU, found in "/home/pi/NN2022Code/SrcBoardFirmware/build/CMakeFiles/3.22.1/CompilerIdC/CMakeCCompilerId.o"

Compiling the CXX compiler identification source file "CMakeCXXCompilerId.cpp" succeeded.
Compiler: /usr/bin/arm-none-eabi-g++ 
Build flags: ;-mcpu=cortex-m0plus;-mthumb
Id flags: -c 

The output was:
0


Compilation of the CXX compiler identification source "CMakeCXXCompilerId.cpp" produced "CMakeCXXCompilerId.o"

The CXX compiler identification is GNU, found in "/home/pi/NN2022Code/SrcBoardFirmware/build/CMakeFiles/3.22.1/CompilerIdCXX/CMakeCXXCompilerId.o"

Checking whether the ASM compiler is GNU using "--version" matched "(GNU assembler)|(GCC)|(Free Software Foundation)":
arm-none-eabi-gcc (15:10.3-2021.07-4) 10.3.1 20210621 (release)
Copyright (C) 2020 Free Software Foundation, Inc.
This is free software; see the source for copying conditions.  There is NO
warranty; not even for MERCHANTABILITY or FITNESS FOR A PARTICULAR PURPOSE.

Detecting C compiler ABI info compiled with the following output:
Change Dir: /home/pi/NN2022Code/SrcBoardFirmware/build/CMakeFiles/CMakeTmp

Run Build Command(s):/usr/bin/gmake -f Makefile cmTC_cd42b/fast && /usr/bin/gmake  -f CMakeFiles/cmTC_cd42b.dir/build.make CMakeFiles/cmTC_cd42b.dir/build
gmake[1]: Entering directory '/home/pi/NN2022Code/SrcBoardFirmware/build/CMakeFiles/CMakeTmp'
Building C object CMakeFiles/cmTC_cd42b.dir/CMakeCCompilerABI.c.obj
/usr/bin/arm-none-eabi-gcc   -mcpu=cortex-m0plus -mthumb    -v -o CMakeFiles/cmTC_cd42b.dir/CMakeCCompilerABI.c.obj -c /usr/share/cmake-3.22/Modules/CMakeCCompilerABI.c
Using built-in specs.
COLLECT_GCC=/usr/bin/arm-none-eabi-gcc
Target: arm-none-eabi
Configured with: ../configure --build=x86_64-linux-gnu --prefix=/usr --includedir='/usr/lib/include' --mandir='/usr/lib/share/man' --infodir='/usr/lib/share/info' --sysconfdir=/etc --localstatedir=/var --disable-option-checking --disable-silent-rules --libdir='/usr/lib/lib/x86_64-linux-gnu' --libexecdir='/usr/lib/lib/x86_64-linux-gnu' --disable-maintainer-mode --disable-dependency-tracking --mandir=/usr/share/man --enable-languages=c,c++,lto --enable-multilib --disable-decimal-float --disable-libffi --disable-libgomp --disable-libmudflap --disable-libquadmath --disable-libssp --disable-libstdcxx-pch --disable-nls --disable-shared --disable-threads --enable-tls --build=x86_64-linux-gnu --target=arm-none-eabi --with-system-zlib --with-gnu-as --with-gnu-ld --with-pkgversion=15:10.3-2021.07-4 --without-included-gettext --prefix=/usr/lib --infodir=/usr/share/doc/gcc-arm-none-eabi/info --htmldir=/usr/share/doc/gcc-arm-none-eabi/html --pdfdir=/usr/share/doc/gcc-arm-none-eabi/pdf --bindir=/usr/bin --libexecdir=/usr/lib --libdir=/usr/lib --disable-libstdc++-v3 --host=x86_64-linux-gnu --with-headers=no --without-newlib --with-multilib-list=rmprofile,aprofile CFLAGS='-g -O2 -ffile-prefix-map=/build/gcc-arm-none-eabi-hYfgK4/gcc-arm-none-eabi-10.3-2021.07=. -flto=auto -ffat-lto-objects -fstack-protector-strong' CPPFLAGS='-Wdate-time -D_FORTIFY_SOURCE=2' CXXFLAGS='-g -O2 -ffile-prefix-map=/build/gcc-arm-none-eabi-hYfgK4/gcc-arm-none-eabi-10.3-2021.07=. -flto=auto -ffat-lto-objects -fstack-protector-strong' DFLAGS=-frelease FCFLAGS='-g -O2 -ffile-prefix-map=/build/gcc-arm-none-eabi-hYfgK4/gcc-arm-none-eabi-10.3-2021.07=. -flto=auto -ffat-lto-objects -fstack-protector-strong' FFLAGS='-g -O2 -ffile-prefix-map=/build/gcc-arm-none-eabi-hYfgK4/gcc-arm-none-eabi-10.3-2021.07=. -flto=auto -ffat-lto-objects -fstack-protector-strong' GCJFLAGS='-g -O2 -ffile-prefix-map=/build/gcc-arm-none-eabi-hYfgK4/gcc-arm-none-eabi-10.3-2021.07=. -fstack-protector-strong' LDFLAGS='-Wl,-Bsymbolic-functions -flto=auto -Wl,-z,relro' OBJCFLAGS='-g -O2 -ffile-prefix-map=/build/gcc-arm-none-eabi-hYfgK4/gcc-arm-none-eabi-10.3-2021.07=. -flto=auto -ffat-lto-objects -fstack-protector-strong' OBJCXXFLAGS='-g -O2 -ffile-prefix-map=/build/gcc-arm-none-eabi-hYfgK4/gcc-arm-none-eabi-10.3-2021.07=. -flto=auto -ffat-lto-objects -fstack-protector-strong' INHIBIT_LIBC_CFLAGS=-DUSE_TM_CLONE_REGISTRY=0 AR_FOR_TARGET=arm-none-eabi-ar AS_FOR_TARGET=arm-none-eabi-as LD_FOR_TARGET=arm-none-eabi-ld NM_FOR_TARGET=arm-none-eabi-nm OBJDUMP_FOR_TARGET=arm-none-eabi-objdump RANLIB_FOR_TARGET=arm-none-eabi-ranlib READELF_FOR_TARGET=arm-none-eabi-readelf STRIP_FOR_TARGET=arm-none-eabi-strip SED=/bin/sed SHELL=/bin/sh BASH=/bin/bash CONFIG_SHELL=/bin/bash
Thread model: single
Supported LTO compression algorithms: zlib
gcc version 10.3.1 20210621 (release) (15:10.3-2021.07-4) 
COLLECT_GCC_OPTIONS='-mcpu=cortex-m0plus' '-mthumb' '-v' '-o' 'CMakeFiles/cmTC_cd42b.dir/CMakeCCompilerABI.c.obj' '-c' '-mfloat-abi=soft' '-mlibarch=armv6s-m' '-march=armv6s-m'
 /usr/lib/gcc/arm-none-eabi/10.3.1/cc1 -quiet -v -imultilib thumb/v6-m/nofp -D__USES_INITFINI__ /usr/share/cmake-3.22/Modules/CMakeCCompilerABI.c -quiet -dumpbase CMakeCCompilerABI.c -mcpu=cortex-m0plus -mthumb -mfloat-abi=soft -mlibarch=armv6s-m -march=armv6s-m -auxbase-strip CMakeFiles/cmTC_cd42b.dir/CMakeCCompilerABI.c.obj -version -o /tmp/ccQRSPO5.s
GNU C17 (15:10.3-2021.07-4) version 10.3.1 20210621 (release) (arm-none-eabi)
	compiled by GNU C version 11.2.0, GMP version 6.2.1, MPFR version 4.1.0, MPC version 1.2.1, isl version isl-0.24-GMP

GGC heuristics: --param ggc-min-expand=100 --param ggc-min-heapsize=131072
ignoring nonexistent directory "/usr/lib/gcc/arm-none-eabi/10.3.1/../../../arm-none-eabi/sys-include"
#include "..." search starts here:
#include <...> search starts here:
 /usr/lib/gcc/arm-none-eabi/10.3.1/include
 /usr/lib/gcc/arm-none-eabi/10.3.1/include-fixed
 /usr/lib/gcc/arm-none-eabi/10.3.1/../../../arm-none-eabi/include
End of search list.
GNU C17 (15:10.3-2021.07-4) version 10.3.1 20210621 (release) (arm-none-eabi)
	compiled by GNU C version 11.2.0, GMP version 6.2.1, MPFR version 4.1.0, MPC version 1.2.1, isl version isl-0.24-GMP

GGC heuristics: --param ggc-min-expand=100 --param ggc-min-heapsize=131072
Compiler executable checksum: 4cf7574ae54eb0935abb4a8c56f8bcfe
COLLECT_GCC_OPTIONS='-mcpu=cortex-m0plus' '-mthumb' '-v' '-o' 'CMakeFiles/cmTC_cd42b.dir/CMakeCCompilerABI.c.obj' '-c' '-mfloat-abi=soft' '-mlibarch=armv6s-m' '-march=armv6s-m'
 /usr/lib/gcc/arm-none-eabi/10.3.1/../../../arm-none-eabi/bin/as -v -march=armv6s-m -mfloat-abi=soft -meabi=5 -o CMakeFiles/cmTC_cd42b.dir/CMakeCCompilerABI.c.obj /tmp/ccQRSPO5.s
GNU assembler version 2.38 (arm-none-eabi) using BFD version (2.38-3ubuntu1+15build1) 2.38
COMPILER_PATH=/usr/lib/gcc/arm-none-eabi/10.3.1/:/usr/lib/gcc/arm-none-eabi/10.3.1/:/usr/lib/gcc/arm-none-eabi/:/usr/lib/gcc/arm-none-eabi/10.3.1/:/usr/lib/gcc/arm-none-eabi/:/usr/lib/gcc/arm-none-eabi/10.3.1/../../../arm-none-eabi/bin/
LIBRARY_PATH=/usr/lib/gcc/arm-none-eabi/10.3.1/thumb/v6-m/nofp/:/usr/lib/gcc/arm-none-eabi/10.3.1/../../../arm-none-eabi/lib/thumb/v6-m/nofp/:/usr/lib/gcc/arm-none-eabi/10.3.1/:/usr/lib/gcc/arm-none-eabi/10.3.1/../../../arm-none-eabi/lib/
COLLECT_GCC_OPTIONS='-mcpu=cortex-m0plus' '-mthumb' '-v' '-o' 'CMakeFiles/cmTC_cd42b.dir/CMakeCCompilerABI.c.obj' '-c' '-mfloat-abi=soft' '-mlibarch=armv6s-m' '-march=armv6s-m'
Linking C executable cmTC_cd42b.elf
/usr/bin/cmake -E cmake_link_script CMakeFiles/cmTC_cd42b.dir/link.txt --verbose=1
/usr/bin/arm-none-eabi-gcc -mcpu=cortex-m0plus -mthumb  -Wl,--build-id=none -nostdlib  -v CMakeFiles/cmTC_cd42b.dir/CMakeCCompilerABI.c.obj -o cmTC_cd42b.elf 
Using built-in specs.
COLLECT_GCC=/usr/bin/arm-none-eabi-gcc
COLLECT_LTO_WRAPPER=/usr/lib/gcc/arm-none-eabi/10.3.1/lto-wrapper
Target: arm-none-eabi
Configured with: ../configure --build=x86_64-linux-gnu --prefix=/usr --includedir='/usr/lib/include' --mandir='/usr/lib/share/man' --infodir='/usr/lib/share/info' --sysconfdir=/etc --localstatedir=/var --disable-option-checking --disable-silent-rules --libdir='/usr/lib/lib/x86_64-linux-gnu' --libexecdir='/usr/lib/lib/x86_64-linux-gnu' --disable-maintainer-mode --disable-dependency-tracking --mandir=/usr/share/man --enable-languages=c,c++,lto --enable-multilib --disable-decimal-float --disable-libffi --disable-libgomp --disable-libmudflap --disable-libquadmath --disable-libssp --disable-libstdcxx-pch --disable-nls --disable-shared --disable-threads --enable-tls --build=x86_64-linux-gnu --target=arm-none-eabi --with-system-zlib --with-gnu-as --with-gnu-ld --with-pkgversion=15:10.3-2021.07-4 --without-included-gettext --prefix=/usr/lib --infodir=/usr/share/doc/gcc-arm-none-eabi/info --htmldir=/usr/share/doc/gcc-arm-none-eabi/html --pdfdir=/usr/share/doc/gcc-arm-none-eabi/pdf --bindir=/usr/bin --libexecdir=/usr/lib --libdir=/usr/lib --disable-libstdc++-v3 --host=x86_64-linux-gnu --with-headers=no --without-newlib --with-multilib-list=rmprofile,aprofile CFLAGS='-g -O2 -ffile-prefix-map=/build/gcc-arm-none-eabi-hYfgK4/gcc-arm-none-eabi-10.3-2021.07=. -flto=auto -ffat-lto-objects -fstack-protector-strong' CPPFLAGS='-Wdate-time -D_FORTIFY_SOURCE=2' CXXFLAGS='-g -O2 -ffile-prefix-map=/build/gcc-arm-none-eabi-hYfgK4/gcc-arm-none-eabi-10.3-2021.07=. -flto=auto -ffat-lto-objects -fstack-protector-strong' DFLAGS=-frelease FCFLAGS='-g -O2 -ffile-prefix-map=/build/gcc-arm-none-eabi-hYfgK4/gcc-arm-none-eabi-10.3-2021.07=. -flto=auto -ffat-lto-objects -fstack-protector-strong' FFLAGS='-g -O2 -ffile-prefix-map=/build/gcc-arm-none-eabi-hYfgK4/gcc-arm-none-eabi-10.3-2021.07=. -flto=auto -ffat-lto-objects -fstack-protector-strong' GCJFLAGS='-g -O2 -ffile-prefix-map=/build/gcc-arm-none-eabi-hYfgK4/gcc-arm-none-eabi-10.3-2021.07=. -fstack-protector-strong' LDFLAGS='-Wl,-Bsymbolic-functions -flto=auto -Wl,-z,relro' OBJCFLAGS='-g -O2 -ffile-prefix-map=/build/gcc-arm-none-eabi-hYfgK4/gcc-arm-none-eabi-10.3-2021.07=. -flto=auto -ffat-lto-objects -fstack-protector-strong' OBJCXXFLAGS='-g -O2 -ffile-prefix-map=/build/gcc-arm-none-eabi-hYfgK4/gcc-arm-none-eabi-10.3-2021.07=. -flto=auto -ffat-lto-objects -fstack-protector-strong' INHIBIT_LIBC_CFLAGS=-DUSE_TM_CLONE_REGISTRY=0 AR_FOR_TARGET=arm-none-eabi-ar AS_FOR_TARGET=arm-none-eabi-as LD_FOR_TARGET=arm-none-eabi-ld NM_FOR_TARGET=arm-none-eabi-nm OBJDUMP_FOR_TARGET=arm-none-eabi-objdump RANLIB_FOR_TARGET=arm-none-eabi-ranlib READELF_FOR_TARGET=arm-none-eabi-readelf STRIP_FOR_TARGET=arm-none-eabi-strip SED=/bin/sed SHELL=/bin/sh BASH=/bin/bash CONFIG_SHELL=/bin/bash
Thread model: single
Supported LTO compression algorithms: zlib
gcc version 10.3.1 20210621 (release) (15:10.3-2021.07-4) 
COMPILER_PATH=/usr/lib/gcc/arm-none-eabi/10.3.1/:/usr/lib/gcc/arm-none-eabi/10.3.1/:/usr/lib/gcc/arm-none-eabi/:/usr/lib/gcc/arm-none-eabi/10.3.1/:/usr/lib/gcc/arm-none-eabi/:/usr/lib/gcc/arm-none-eabi/10.3.1/../../../arm-none-eabi/bin/
LIBRARY_PATH=/usr/lib/gcc/arm-none-eabi/10.3.1/thumb/v6-m/nofp/:/usr/lib/gcc/arm-none-eabi/10.3.1/../../../arm-none-eabi/lib/thumb/v6-m/nofp/:/usr/lib/gcc/arm-none-eabi/10.3.1/:/usr/lib/gcc/arm-none-eabi/10.3.1/../../../arm-none-eabi/lib/
COLLECT_GCC_OPTIONS='-mcpu=cortex-m0plus' '-mthumb' '-nostdlib' '-v' '-o' 'cmTC_cd42b.elf' '-mfloat-abi=soft' '-mlibarch=armv6s-m' '-march=armv6s-m'
 /usr/lib/gcc/arm-none-eabi/10.3.1/collect2 -plugin /usr/lib/gcc/arm-none-eabi/10.3.1/liblto_plugin.so -plugin-opt=/usr/lib/gcc/arm-none-eabi/10.3.1/lto-wrapper -plugin-opt=-fresolution=/tmp/ccXrHL9k.res -X -o cmTC_cd42b.elf -L/usr/lib/gcc/arm-none-eabi/10.3.1/thumb/v6-m/nofp -L/usr/lib/gcc/arm-none-eabi/10.3.1/../../../arm-none-eabi/lib/thumb/v6-m/nofp -L/usr/lib/gcc/arm-none-eabi/10.3.1 -L/usr/lib/gcc/arm-none-eabi/10.3.1/../../../arm-none-eabi/lib --build-id=none CMakeFiles/cmTC_cd42b.dir/CMakeCCompilerABI.c.obj
/usr/lib/gcc/arm-none-eabi/10.3.1/../../../arm-none-eabi/bin/ld: warning: cannot find entry symbol _start; defaulting to 0000000000008000
COLLECT_GCC_OPTIONS='-mcpu=cortex-m0plus' '-mthumb' '-nostdlib' '-v' '-o' 'cmTC_cd42b.elf' '-mfloat-abi=soft' '-mlibarch=armv6s-m' '-march=armv6s-m'
gmake[1]: Leaving directory '/home/pi/NN2022Code/SrcBoardFirmware/build/CMakeFiles/CMakeTmp'



Parsed C implicit include dir info from above output: rv=done
  found start of include info
  found start of implicit include info
    add: [/usr/lib/gcc/arm-none-eabi/10.3.1/include]
    add: [/usr/lib/gcc/arm-none-eabi/10.3.1/include-fixed]
    add: [/usr/lib/gcc/arm-none-eabi/10.3.1/../../../arm-none-eabi/include]
  end of search list found
  collapse include dir [/usr/lib/gcc/arm-none-eabi/10.3.1/include] ==> [/usr/lib/gcc/arm-none-eabi/10.3.1/include]
  collapse include dir [/usr/lib/gcc/arm-none-eabi/10.3.1/include-fixed] ==> [/usr/lib/gcc/arm-none-eabi/10.3.1/include-fixed]
  collapse include dir [/usr/lib/gcc/arm-none-eabi/10.3.1/../../../arm-none-eabi/include] ==> [/usr/lib/arm-none-eabi/include]
  implicit include dirs: [/usr/lib/gcc/arm-none-eabi/10.3.1/include;/usr/lib/gcc/arm-none-eabi/10.3.1/include-fixed;/usr/lib/arm-none-eabi/include]


Parsed C implicit link information from above output:
  link line regex: [^( *|.*[/\])(arm-none-eabi-ld|CMAKE_LINK_STARTFILE-NOTFOUND|([^/\]+-)?ld|collect2)[^/\]*( |$)]
  ignore line: [Change Dir: /home/pi/NN2022Code/SrcBoardFirmware/build/CMakeFiles/CMakeTmp]
  ignore line: []
  ignore line: [Run Build Command(s):/usr/bin/gmake -f Makefile cmTC_cd42b/fast && /usr/bin/gmake  -f CMakeFiles/cmTC_cd42b.dir/build.make CMakeFiles/cmTC_cd42b.dir/build]
  ignore line: [gmake[1]: Entering directory '/home/pi/NN2022Code/SrcBoardFirmware/build/CMakeFiles/CMakeTmp']
  ignore line: [Building C object CMakeFiles/cmTC_cd42b.dir/CMakeCCompilerABI.c.obj]
  ignore line: [/usr/bin/arm-none-eabi-gcc   -mcpu=cortex-m0plus -mthumb    -v -o CMakeFiles/cmTC_cd42b.dir/CMakeCCompilerABI.c.obj -c /usr/share/cmake-3.22/Modules/CMakeCCompilerABI.c]
  ignore line: [Using built-in specs.]
  ignore line: [COLLECT_GCC=/usr/bin/arm-none-eabi-gcc]
  ignore line: [Target: arm-none-eabi]
  ignore line: [Configured with: ../configure --build=x86_64-linux-gnu --prefix=/usr --includedir='/usr/lib/include' --mandir='/usr/lib/share/man' --infodir='/usr/lib/share/info' --sysconfdir=/etc --localstatedir=/var --disable-option-checking --disable-silent-rules --libdir='/usr/lib/lib/x86_64-linux-gnu' --libexecdir='/usr/lib/lib/x86_64-linux-gnu' --disable-maintainer-mode --disable-dependency-tracking --mandir=/usr/share/man --enable-languages=c,c++,lto --enable-multilib --disable-decimal-float --disable-libffi --disable-libgomp --disable-libmudflap --disable-libquadmath --disable-libssp --disable-libstdcxx-pch --disable-nls --disable-shared --disable-threads --enable-tls --build=x86_64-linux-gnu --target=arm-none-eabi --with-system-zlib --with-gnu-as --with-gnu-ld --with-pkgversion=15:10.3-2021.07-4 --without-included-gettext --prefix=/usr/lib --infodir=/usr/share/doc/gcc-arm-none-eabi/info --htmldir=/usr/share/doc/gcc-arm-none-eabi/html --pdfdir=/usr/share/doc/gcc-arm-none-eabi/pdf --bindir=/usr/bin --libexecdir=/usr/lib --libdir=/usr/lib --disable-libstdc++-v3 --host=x86_64-linux-gnu --with-headers=no --without-newlib --with-multilib-list=rmprofile,aprofile CFLAGS='-g -O2 -ffile-prefix-map=/build/gcc-arm-none-eabi-hYfgK4/gcc-arm-none-eabi-10.3-2021.07=. -flto=auto -ffat-lto-objects -fstack-protector-strong' CPPFLAGS='-Wdate-time -D_FORTIFY_SOURCE=2' CXXFLAGS='-g -O2 -ffile-prefix-map=/build/gcc-arm-none-eabi-hYfgK4/gcc-arm-none-eabi-10.3-2021.07=. -flto=auto -ffat-lto-objects -fstack-protector-strong' DFLAGS=-frelease FCFLAGS='-g -O2 -ffile-prefix-map=/build/gcc-arm-none-eabi-hYfgK4/gcc-arm-none-eabi-10.3-2021.07=. -flto=auto -ffat-lto-objects -fstack-protector-strong' FFLAGS='-g -O2 -ffile-prefix-map=/build/gcc-arm-none-eabi-hYfgK4/gcc-arm-none-eabi-10.3-2021.07=. -flto=auto -ffat-lto-objects -fstack-protector-strong' GCJFLAGS='-g -O2 -ffile-prefix-map=/build/gcc-arm-none-eabi-hYfgK4/gcc-arm-none-eabi-10.3-2021.07=. -fstack-protector-strong' LDFLAGS='-Wl,-Bsymbolic-functions -flto=auto -Wl,-z,relro' OBJCFLAGS='-g -O2 -ffile-prefix-map=/build/gcc-arm-none-eabi-hYfgK4/gcc-arm-none-eabi-10.3-2021.07=. -flto=auto -ffat-lto-objects -fstack-protector-strong' OBJCXXFLAGS='-g -O2 -ffile-prefix-map=/build/gcc-arm-none-eabi-hYfgK4/gcc-arm-none-eabi-10.3-2021.07=. -flto=auto -ffat-lto-objects -fstack-protector-strong' INHIBIT_LIBC_CFLAGS=-DUSE_TM_CLONE_REGISTRY=0 AR_FOR_TARGET=arm-none-eabi-ar AS_FOR_TARGET=arm-none-eabi-as LD_FOR_TARGET=arm-none-eabi-ld NM_FOR_TARGET=arm-none-eabi-nm OBJDUMP_FOR_TARGET=arm-none-eabi-objdump RANLIB_FOR_TARGET=arm-none-eabi-ranlib READELF_FOR_TARGET=arm-none-eabi-readelf STRIP_FOR_TARGET=arm-none-eabi-strip SED=/bin/sed SHELL=/bin/sh BASH=/bin/bash CONFIG_SHELL=/bin/bash]
  ignore line: [Thread model: single]
  ignore line: [Supported LTO compression algorithms: zlib]
  ignore line: [gcc version 10.3.1 20210621 (release) (15:10.3-2021.07-4) ]
  ignore line: [COLLECT_GCC_OPTIONS='-mcpu=cortex-m0plus' '-mthumb' '-v' '-o' 'CMakeFiles/cmTC_cd42b.dir/CMakeCCompilerABI.c.obj' '-c' '-mfloat-abi=soft' '-mlibarch=armv6s-m' '-march=armv6s-m']
  ignore line: [ /usr/lib/gcc/arm-none-eabi/10.3.1/cc1 -quiet -v -imultilib thumb/v6-m/nofp -D__USES_INITFINI__ /usr/share/cmake-3.22/Modules/CMakeCCompilerABI.c -quiet -dumpbase CMakeCCompilerABI.c -mcpu=cortex-m0plus -mthumb -mfloat-abi=soft -mlibarch=armv6s-m -march=armv6s-m -auxbase-strip CMakeFiles/cmTC_cd42b.dir/CMakeCCompilerABI.c.obj -version -o /tmp/ccQRSPO5.s]
  ignore line: [GNU C17 (15:10.3-2021.07-4) version 10.3.1 20210621 (release) (arm-none-eabi)]
  ignore line: [	compiled by GNU C version 11.2.0  GMP version 6.2.1  MPFR version 4.1.0  MPC version 1.2.1  isl version isl-0.24-GMP]
  ignore line: []
  ignore line: [GGC heuristics: --param ggc-min-expand=100 --param ggc-min-heapsize=131072]
  ignore line: [ignoring nonexistent directory "/usr/lib/gcc/arm-none-eabi/10.3.1/../../../arm-none-eabi/sys-include"]
  ignore line: [#include "..." search starts here:]
  ignore line: [#include <...> search starts here:]
  ignore line: [ /usr/lib/gcc/arm-none-eabi/10.3.1/include]
  ignore line: [ /usr/lib/gcc/arm-none-eabi/10.3.1/include-fixed]
  ignore line: [ /usr/lib/gcc/arm-none-eabi/10.3.1/../../../arm-none-eabi/include]
  ignore line: [End of search list.]
  ignore line: [GNU C17 (15:10.3-2021.07-4) version 10.3.1 20210621 (release) (arm-none-eabi)]
  ignore line: [	compiled by GNU C version 11.2.0  GMP version 6.2.1  MPFR version 4.1.0  MPC version 1.2.1  isl version isl-0.24-GMP]
  ignore line: []
  ignore line: [GGC heuristics: --param ggc-min-expand=100 --param ggc-min-heapsize=131072]
  ignore line: [Compiler executable checksum: 4cf7574ae54eb0935abb4a8c56f8bcfe]
  ignore line: [COLLECT_GCC_OPTIONS='-mcpu=cortex-m0plus' '-mthumb' '-v' '-o' 'CMakeFiles/cmTC_cd42b.dir/CMakeCCompilerABI.c.obj' '-c' '-mfloat-abi=soft' '-mlibarch=armv6s-m' '-march=armv6s-m']
  ignore line: [ /usr/lib/gcc/arm-none-eabi/10.3.1/../../../arm-none-eabi/bin/as -v -march=armv6s-m -mfloat-abi=soft -meabi=5 -o CMakeFiles/cmTC_cd42b.dir/CMakeCCompilerABI.c.obj /tmp/ccQRSPO5.s]
  ignore line: [GNU assembler version 2.38 (arm-none-eabi) using BFD version (2.38-3ubuntu1+15build1) 2.38]
  ignore line: [COMPILER_PATH=/usr/lib/gcc/arm-none-eabi/10.3.1/:/usr/lib/gcc/arm-none-eabi/10.3.1/:/usr/lib/gcc/arm-none-eabi/:/usr/lib/gcc/arm-none-eabi/10.3.1/:/usr/lib/gcc/arm-none-eabi/:/usr/lib/gcc/arm-none-eabi/10.3.1/../../../arm-none-eabi/bin/]
  ignore line: [LIBRARY_PATH=/usr/lib/gcc/arm-none-eabi/10.3.1/thumb/v6-m/nofp/:/usr/lib/gcc/arm-none-eabi/10.3.1/../../../arm-none-eabi/lib/thumb/v6-m/nofp/:/usr/lib/gcc/arm-none-eabi/10.3.1/:/usr/lib/gcc/arm-none-eabi/10.3.1/../../../arm-none-eabi/lib/]
  ignore line: [COLLECT_GCC_OPTIONS='-mcpu=cortex-m0plus' '-mthumb' '-v' '-o' 'CMakeFiles/cmTC_cd42b.dir/CMakeCCompilerABI.c.obj' '-c' '-mfloat-abi=soft' '-mlibarch=armv6s-m' '-march=armv6s-m']
  ignore line: [Linking C executable cmTC_cd42b.elf]
  ignore line: [/usr/bin/cmake -E cmake_link_script CMakeFiles/cmTC_cd42b.dir/link.txt --verbose=1]
  ignore line: [/usr/bin/arm-none-eabi-gcc -mcpu=cortex-m0plus -mthumb  -Wl --build-id=none -nostdlib  -v CMakeFiles/cmTC_cd42b.dir/CMakeCCompilerABI.c.obj -o cmTC_cd42b.elf ]
  ignore line: [Using built-in specs.]
  ignore line: [COLLECT_GCC=/usr/bin/arm-none-eabi-gcc]
  ignore line: [COLLECT_LTO_WRAPPER=/usr/lib/gcc/arm-none-eabi/10.3.1/lto-wrapper]
  ignore line: [Target: arm-none-eabi]
  ignore line: [Configured with: ../configure --build=x86_64-linux-gnu --prefix=/usr --includedir='/usr/lib/include' --mandir='/usr/lib/share/man' --infodir='/usr/lib/share/info' --sysconfdir=/etc --localstatedir=/var --disable-option-checking --disable-silent-rules --libdir='/usr/lib/lib/x86_64-linux-gnu' --libexecdir='/usr/lib/lib/x86_64-linux-gnu' --disable-maintainer-mode --disable-dependency-tracking --mandir=/usr/share/man --enable-languages=c,c++,lto --enable-multilib --disable-decimal-float --disable-libffi --disable-libgomp --disable-libmudflap --disable-libquadmath --disable-libssp --disable-libstdcxx-pch --disable-nls --disable-shared --disable-threads --enable-tls --build=x86_64-linux-gnu --target=arm-none-eabi --with-system-zlib --with-gnu-as --with-gnu-ld --with-pkgversion=15:10.3-2021.07-4 --without-included-gettext --prefix=/usr/lib --infodir=/usr/share/doc/gcc-arm-none-eabi/info --htmldir=/usr/share/doc/gcc-arm-none-eabi/html --pdfdir=/usr/share/doc/gcc-arm-none-eabi/pdf --bindir=/usr/bin --libexecdir=/usr/lib --libdir=/usr/lib --disable-libstdc++-v3 --host=x86_64-linux-gnu --with-headers=no --without-newlib --with-multilib-list=rmprofile,aprofile CFLAGS='-g -O2 -ffile-prefix-map=/build/gcc-arm-none-eabi-hYfgK4/gcc-arm-none-eabi-10.3-2021.07=. -flto=auto -ffat-lto-objects -fstack-protector-strong' CPPFLAGS='-Wdate-time -D_FORTIFY_SOURCE=2' CXXFLAGS='-g -O2 -ffile-prefix-map=/build/gcc-arm-none-eabi-hYfgK4/gcc-arm-none-eabi-10.3-2021.07=. -flto=auto -ffat-lto-objects -fstack-protector-strong' DFLAGS=-frelease FCFLAGS='-g -O2 -ffile-prefix-map=/build/gcc-arm-none-eabi-hYfgK4/gcc-arm-none-eabi-10.3-2021.07=. -flto=auto -ffat-lto-objects -fstack-protector-strong' FFLAGS='-g -O2 -ffile-prefix-map=/build/gcc-arm-none-eabi-hYfgK4/gcc-arm-none-eabi-10.3-2021.07=. -flto=auto -ffat-lto-objects -fstack-protector-strong' GCJFLAGS='-g -O2 -ffile-prefix-map=/build/gcc-arm-none-eabi-hYfgK4/gcc-arm-none-eabi-10.3-2021.07=. -fstack-protector-strong' LDFLAGS='-Wl,-Bsymbolic-functions -flto=auto -Wl,-z,relro' OBJCFLAGS='-g -O2 -ffile-prefix-map=/build/gcc-arm-none-eabi-hYfgK4/gcc-arm-none-eabi-10.3-2021.07=. -flto=auto -ffat-lto-objects -fstack-protector-strong' OBJCXXFLAGS='-g -O2 -ffile-prefix-map=/build/gcc-arm-none-eabi-hYfgK4/gcc-arm-none-eabi-10.3-2021.07=. -flto=auto -ffat-lto-objects -fstack-protector-strong' INHIBIT_LIBC_CFLAGS=-DUSE_TM_CLONE_REGISTRY=0 AR_FOR_TARGET=arm-none-eabi-ar AS_FOR_TARGET=arm-none-eabi-as LD_FOR_TARGET=arm-none-eabi-ld NM_FOR_TARGET=arm-none-eabi-nm OBJDUMP_FOR_TARGET=arm-none-eabi-objdump RANLIB_FOR_TARGET=arm-none-eabi-ranlib READELF_FOR_TARGET=arm-none-eabi-readelf STRIP_FOR_TARGET=arm-none-eabi-strip SED=/bin/sed SHELL=/bin/sh BASH=/bin/bash CONFIG_SHELL=/bin/bash]
  ignore line: [Thread model: single]
  ignore line: [Supported LTO compression algorithms: zlib]
  ignore line: [gcc version 10.3.1 20210621 (release) (15:10.3-2021.07-4) ]
  ignore line: [COMPILER_PATH=/usr/lib/gcc/arm-none-eabi/10.3.1/:/usr/lib/gcc/arm-none-eabi/10.3.1/:/usr/lib/gcc/arm-none-eabi/:/usr/lib/gcc/arm-none-eabi/10.3.1/:/usr/lib/gcc/arm-none-eabi/:/usr/lib/gcc/arm-none-eabi/10.3.1/../../../arm-none-eabi/bin/]
  ignore line: [LIBRARY_PATH=/usr/lib/gcc/arm-none-eabi/10.3.1/thumb/v6-m/nofp/:/usr/lib/gcc/arm-none-eabi/10.3.1/../../../arm-none-eabi/lib/thumb/v6-m/nofp/:/usr/lib/gcc/arm-none-eabi/10.3.1/:/usr/lib/gcc/arm-none-eabi/10.3.1/../../../arm-none-eabi/lib/]
  ignore line: [COLLECT_GCC_OPTIONS='-mcpu=cortex-m0plus' '-mthumb' '-nostdlib' '-v' '-o' 'cmTC_cd42b.elf' '-mfloat-abi=soft' '-mlibarch=armv6s-m' '-march=armv6s-m']
  link line: [ /usr/lib/gcc/arm-none-eabi/10.3.1/collect2 -plugin /usr/lib/gcc/arm-none-eabi/10.3.1/liblto_plugin.so -plugin-opt=/usr/lib/gcc/arm-none-eabi/10.3.1/lto-wrapper -plugin-opt=-fresolution=/tmp/ccXrHL9k.res -X -o cmTC_cd42b.elf -L/usr/lib/gcc/arm-none-eabi/10.3.1/thumb/v6-m/nofp -L/usr/lib/gcc/arm-none-eabi/10.3.1/../../../arm-none-eabi/lib/thumb/v6-m/nofp -L/usr/lib/gcc/arm-none-eabi/10.3.1 -L/usr/lib/gcc/arm-none-eabi/10.3.1/../../../arm-none-eabi/lib --build-id=none CMakeFiles/cmTC_cd42b.dir/CMakeCCompilerABI.c.obj]
    arg [/usr/lib/gcc/arm-none-eabi/10.3.1/collect2] ==> ignore
    arg [-plugin] ==> ignore
    arg [/usr/lib/gcc/arm-none-eabi/10.3.1/liblto_plugin.so] ==> ignore
    arg [-plugin-opt=/usr/lib/gcc/arm-none-eabi/10.3.1/lto-wrapper] ==> ignore
    arg [-plugin-opt=-fresolution=/tmp/ccXrHL9k.res] ==> ignore
    arg [-X] ==> ignore
    arg [-o] ==> ignore
    arg [cmTC_cd42b.elf] ==> ignore
    arg [-L/usr/lib/gcc/arm-none-eabi/10.3.1/thumb/v6-m/nofp] ==> dir [/usr/lib/gcc/arm-none-eabi/10.3.1/thumb/v6-m/nofp]
    arg [-L/usr/lib/gcc/arm-none-eabi/10.3.1/../../../arm-none-eabi/lib/thumb/v6-m/nofp] ==> dir [/usr/lib/gcc/arm-none-eabi/10.3.1/../../../arm-none-eabi/lib/thumb/v6-m/nofp]
    arg [-L/usr/lib/gcc/arm-none-eabi/10.3.1] ==> dir [/usr/lib/gcc/arm-none-eabi/10.3.1]
    arg [-L/usr/lib/gcc/arm-none-eabi/10.3.1/../../../arm-none-eabi/lib] ==> dir [/usr/lib/gcc/arm-none-eabi/10.3.1/../../../arm-none-eabi/lib]
    arg [--build-id=none] ==> ignore
    arg [CMakeFiles/cmTC_cd42b.dir/CMakeCCompilerABI.c.obj] ==> ignore
  collapse library dir [/usr/lib/gcc/arm-none-eabi/10.3.1/thumb/v6-m/nofp] ==> [/usr/lib/gcc/arm-none-eabi/10.3.1/thumb/v6-m/nofp]
  collapse library dir [/usr/lib/gcc/arm-none-eabi/10.3.1/../../../arm-none-eabi/lib/thumb/v6-m/nofp] ==> [/usr/lib/arm-none-eabi/lib/thumb/v6-m/nofp]
  collapse library dir [/usr/lib/gcc/arm-none-eabi/10.3.1] ==> [/usr/lib/gcc/arm-none-eabi/10.3.1]
  collapse library dir [/usr/lib/gcc/arm-none-eabi/10.3.1/../../../arm-none-eabi/lib] ==> [/usr/lib/arm-none-eabi/lib]
  implicit libs: []
  implicit objs: []
  implicit dirs: [/usr/lib/gcc/arm-none-eabi/10.3.1/thumb/v6-m/nofp;/usr/lib/arm-none-eabi/lib/thumb/v6-m/nofp;/usr/lib/gcc/arm-none-eabi/10.3.1;/usr/lib/arm-none-eabi/lib]
  implicit fwks: []


Detecting CXX compiler ABI info compiled with the following output:
Change Dir: /home/pi/NN2022Code/SrcBoardFirmware/build/CMakeFiles/CMakeTmp

Run Build Command(s):/usr/bin/gmake -f Makefile cmTC_8f516/fast && /usr/bin/gmake  -f CMakeFiles/cmTC_8f516.dir/build.make CMakeFiles/cmTC_8f516.dir/build
gmake[1]: Entering directory '/home/pi/NN2022Code/SrcBoardFirmware/build/CMakeFiles/CMakeTmp'
Building CXX object CMakeFiles/cmTC_8f516.dir/CMakeCXXCompilerABI.cpp.obj
/usr/bin/arm-none-eabi-g++   -mcpu=cortex-m0plus -mthumb    -v -o CMakeFiles/cmTC_8f516.dir/CMakeCXXCompilerABI.cpp.obj -c /usr/share/cmake-3.22/Modules/CMakeCXXCompilerABI.cpp
Using built-in specs.
COLLECT_GCC=/usr/bin/arm-none-eabi-g++
Target: arm-none-eabi
Configured with: ../configure --build=x86_64-linux-gnu --prefix=/usr --includedir='/usr/lib/include' --mandir='/usr/lib/share/man' --infodir='/usr/lib/share/info' --sysconfdir=/etc --localstatedir=/var --disable-option-checking --disable-silent-rules --libdir='/usr/lib/lib/x86_64-linux-gnu' --libexecdir='/usr/lib/lib/x86_64-linux-gnu' --disable-maintainer-mode --disable-dependency-tracking --mandir=/usr/share/man --enable-languages=c,c++,lto --enable-multilib --disable-decimal-float --disable-libffi --disable-libgomp --disable-libmudflap --disable-libquadmath --disable-libssp --disable-libstdcxx-pch --disable-nls --disable-shared --disable-threads --enable-tls --build=x86_64-linux-gnu --target=arm-none-eabi --with-system-zlib --with-gnu-as --with-gnu-ld --with-pkgversion=15:10.3-2021.07-4 --without-included-gettext --prefix=/usr/lib --infodir=/usr/share/doc/gcc-arm-none-eabi/info --htmldir=/usr/share/doc/gcc-arm-none-eabi/html --pdfdir=/usr/share/doc/gcc-arm-none-eabi/pdf --bindir=/usr/bin --libexecdir=/usr/lib --libdir=/usr/lib --disable-libstdc++-v3 --host=x86_64-linux-gnu --with-headers=no --without-newlib --with-multilib-list=rmprofile,aprofile CFLAGS='-g -O2 -ffile-prefix-map=/build/gcc-arm-none-eabi-hYfgK4/gcc-arm-none-eabi-10.3-2021.07=. -flto=auto -ffat-lto-objects -fstack-protector-strong' CPPFLAGS='-Wdate-time -D_FORTIFY_SOURCE=2' CXXFLAGS='-g -O2 -ffile-prefix-map=/build/gcc-arm-none-eabi-hYfgK4/gcc-arm-none-eabi-10.3-2021.07=. -flto=auto -ffat-lto-objects -fstack-protector-strong' DFLAGS=-frelease FCFLAGS='-g -O2 -ffile-prefix-map=/build/gcc-arm-none-eabi-hYfgK4/gcc-arm-none-eabi-10.3-2021.07=. -flto=auto -ffat-lto-objects -fstack-protector-strong' FFLAGS='-g -O2 -ffile-prefix-map=/build/gcc-arm-none-eabi-hYfgK4/gcc-arm-none-eabi-10.3-2021.07=. -flto=auto -ffat-lto-objects -fstack-protector-strong' GCJFLAGS='-g -O2 -ffile-prefix-map=/build/gcc-arm-none-eabi-hYfgK4/gcc-arm-none-eabi-10.3-2021.07=. -fstack-protector-strong' LDFLAGS='-Wl,-Bsymbolic-functions -flto=auto -Wl,-z,relro' OBJCFLAGS='-g -O2 -ffile-prefix-map=/build/gcc-arm-none-eabi-hYfgK4/gcc-arm-none-eabi-10.3-2021.07=. -flto=auto -ffat-lto-objects -fstack-protector-strong' OBJCXXFLAGS='-g -O2 -ffile-prefix-map=/build/gcc-arm-none-eabi-hYfgK4/gcc-arm-none-eabi-10.3-2021.07=. -flto=auto -ffat-lto-objects -fstack-protector-strong' INHIBIT_LIBC_CFLAGS=-DUSE_TM_CLONE_REGISTRY=0 AR_FOR_TARGET=arm-none-eabi-ar AS_FOR_TARGET=arm-none-eabi-as LD_FOR_TARGET=arm-none-eabi-ld NM_FOR_TARGET=arm-none-eabi-nm OBJDUMP_FOR_TARGET=arm-none-eabi-objdump RANLIB_FOR_TARGET=arm-none-eabi-ranlib READELF_FOR_TARGET=arm-none-eabi-readelf STRIP_FOR_TARGET=arm-none-eabi-strip SED=/bin/sed SHELL=/bin/sh BASH=/bin/bash CONFIG_SHELL=/bin/bash
Thread model: single
Supported LTO compression algorithms: zlib
gcc version 10.3.1 20210621 (release) (15:10.3-2021.07-4) 
COLLECT_GCC_OPTIONS='-mcpu=cortex-m0plus' '-mthumb' '-v' '-o' 'CMakeFiles/cmTC_8f516.dir/CMakeCXXCompilerABI.cpp.obj' '-c' '-mfloat-abi=soft' '-mlibarch=armv6s-m' '-march=armv6s-m'
 /usr/lib/gcc/arm-none-eabi/10.3.1/cc1plus -quiet -v -imultilib thumb/v6-m/nofp -D__USES_INITFINI__ /usr/share/cmake-3.22/Modules/CMakeCXXCompilerABI.cpp -quiet -dumpbase CMakeCXXCompilerABI.cpp -mcpu=cortex-m0plus -mthumb -mfloat-abi=soft -mlibarch=armv6s-m -march=armv6s-m -auxbase-strip CMakeFiles/cmTC_8f516.dir/CMakeCXXCompilerABI.cpp.obj -version -o /tmp/cc4kHxwh.s
GNU C++14 (15:10.3-2021.07-4) version 10.3.1 20210621 (release) (arm-none-eabi)
	compiled by GNU C version 11.2.0, GMP version 6.2.1, MPFR version 4.1.0, MPC version 1.2.1, isl version isl-0.24-GMP

GGC heuristics: --param ggc-min-expand=100 --param ggc-min-heapsize=131072
ignoring nonexistent directory "/usr/lib/gcc/arm-none-eabi/10.3.1/../../../arm-none-eabi/sys-include"
#include "..." search starts here:
#include <...> search starts here:
 /usr/lib/gcc/arm-none-eabi/10.3.1/../../../arm-none-eabi/include/c++/10.3.1
 /usr/lib/gcc/arm-none-eabi/10.3.1/../../../arm-none-eabi/include/c++/10.3.1/arm-none-eabi/thumb/v6-m/nofp
 /usr/lib/gcc/arm-none-eabi/10.3.1/../../../arm-none-eabi/include/c++/10.3.1/backward
 /usr/lib/gcc/arm-none-eabi/10.3.1/include
 /usr/lib/gcc/arm-none-eabi/10.3.1/include-fixed
 /usr/lib/gcc/arm-none-eabi/10.3.1/../../../arm-none-eabi/include
End of search list.
GNU C++14 (15:10.3-2021.07-4) version 10.3.1 20210621 (release) (arm-none-eabi)
	compiled by GNU C version 11.2.0, GMP version 6.2.1, MPFR version 4.1.0, MPC version 1.2.1, isl version isl-0.24-GMP

GGC heuristics: --param ggc-min-expand=100 --param ggc-min-heapsize=131072
Compiler executable checksum: 4f994585a8ca8864fa1f4d2fb208a0ba
COLLECT_GCC_OPTIONS='-mcpu=cortex-m0plus' '-mthumb' '-v' '-o' 'CMakeFiles/cmTC_8f516.dir/CMakeCXXCompilerABI.cpp.obj' '-c' '-mfloat-abi=soft' '-mlibarch=armv6s-m' '-march=armv6s-m'
 /usr/lib/gcc/arm-none-eabi/10.3.1/../../../arm-none-eabi/bin/as -v -march=armv6s-m -mfloat-abi=soft -meabi=5 -o CMakeFiles/cmTC_8f516.dir/CMakeCXXCompilerABI.cpp.obj /tmp/cc4kHxwh.s
GNU assembler version 2.38 (arm-none-eabi) using BFD version (2.38-3ubuntu1+15build1) 2.38
COMPILER_PATH=/usr/lib/gcc/arm-none-eabi/10.3.1/:/usr/lib/gcc/arm-none-eabi/10.3.1/:/usr/lib/gcc/arm-none-eabi/:/usr/lib/gcc/arm-none-eabi/10.3.1/:/usr/lib/gcc/arm-none-eabi/:/usr/lib/gcc/arm-none-eabi/10.3.1/../../../arm-none-eabi/bin/
LIBRARY_PATH=/usr/lib/gcc/arm-none-eabi/10.3.1/thumb/v6-m/nofp/:/usr/lib/gcc/arm-none-eabi/10.3.1/../../../arm-none-eabi/lib/thumb/v6-m/nofp/:/usr/lib/gcc/arm-none-eabi/10.3.1/:/usr/lib/gcc/arm-none-eabi/10.3.1/../../../arm-none-eabi/lib/
COLLECT_GCC_OPTIONS='-mcpu=cortex-m0plus' '-mthumb' '-v' '-o' 'CMakeFiles/cmTC_8f516.dir/CMakeCXXCompilerABI.cpp.obj' '-c' '-mfloat-abi=soft' '-mlibarch=armv6s-m' '-march=armv6s-m'
Linking CXX executable cmTC_8f516.elf
/usr/bin/cmake -E cmake_link_script CMakeFiles/cmTC_8f516.dir/link.txt --verbose=1
/usr/bin/arm-none-eabi-g++ -mcpu=cortex-m0plus -mthumb  -Wl,--build-id=none -nostdlib  -v CMakeFiles/cmTC_8f516.dir/CMakeCXXCompilerABI.cpp.obj -o cmTC_8f516.elf 
Using built-in specs.
COLLECT_GCC=/usr/bin/arm-none-eabi-g++
COLLECT_LTO_WRAPPER=/usr/lib/gcc/arm-none-eabi/10.3.1/lto-wrapper
Target: arm-none-eabi
Configured with: ../configure --build=x86_64-linux-gnu --prefix=/usr --includedir='/usr/lib/include' --mandir='/usr/lib/share/man' --infodir='/usr/lib/share/info' --sysconfdir=/etc --localstatedir=/var --disable-option-checking --disable-silent-rules --libdir='/usr/lib/lib/x86_64-linux-gnu' --libexecdir='/usr/lib/lib/x86_64-linux-gnu' --disable-maintainer-mode --disable-dependency-tracking --mandir=/usr/share/man --enable-languages=c,c++,lto --enable-multilib --disable-decimal-float --disable-libffi --disable-libgomp --disable-libmudflap --disable-libquadmath --disable-libssp --disable-libstdcxx-pch --disable-nls --disable-shared --disable-threads --enable-tls --build=x86_64-linux-gnu --target=arm-none-eabi --with-system-zlib --with-gnu-as --with-gnu-ld --with-pkgversion=15:10.3-2021.07-4 --without-included-gettext --prefix=/usr/lib --infodir=/usr/share/doc/gcc-arm-none-eabi/info --htmldir=/usr/share/doc/gcc-arm-none-eabi/html --pdfdir=/usr/share/doc/gcc-arm-none-eabi/pdf --bindir=/usr/bin --libexecdir=/usr/lib --libdir=/usr/lib --disable-libstdc++-v3 --host=x86_64-linux-gnu --with-headers=no --without-newlib --with-multilib-list=rmprofile,aprofile CFLAGS='-g -O2 -ffile-prefix-map=/build/gcc-arm-none-eabi-hYfgK4/gcc-arm-none-eabi-10.3-2021.07=. -flto=auto -ffat-lto-objects -fstack-protector-strong' CPPFLAGS='-Wdate-time -D_FORTIFY_SOURCE=2' CXXFLAGS='-g -O2 -ffile-prefix-map=/build/gcc-arm-none-eabi-hYfgK4/gcc-arm-none-eabi-10.3-2021.07=. -flto=auto -ffat-lto-objects -fstack-protector-strong' DFLAGS=-frelease FCFLAGS='-g -O2 -ffile-prefix-map=/build/gcc-arm-none-eabi-hYfgK4/gcc-arm-none-eabi-10.3-2021.07=. -flto=auto -ffat-lto-objects -fstack-protector-strong' FFLAGS='-g -O2 -ffile-prefix-map=/build/gcc-arm-none-eabi-hYfgK4/gcc-arm-none-eabi-10.3-2021.07=. -flto=auto -ffat-lto-objects -fstack-protector-strong' GCJFLAGS='-g -O2 -ffile-prefix-map=/build/gcc-arm-none-eabi-hYfgK4/gcc-arm-none-eabi-10.3-2021.07=. -fstack-protector-strong' LDFLAGS='-Wl,-Bsymbolic-functions -flto=auto -Wl,-z,relro' OBJCFLAGS='-g -O2 -ffile-prefix-map=/build/gcc-arm-none-eabi-hYfgK4/gcc-arm-none-eabi-10.3-2021.07=. -flto=auto -ffat-lto-objects -fstack-protector-strong' OBJCXXFLAGS='-g -O2 -ffile-prefix-map=/build/gcc-arm-none-eabi-hYfgK4/gcc-arm-none-eabi-10.3-2021.07=. -flto=auto -ffat-lto-objects -fstack-protector-strong' INHIBIT_LIBC_CFLAGS=-DUSE_TM_CLONE_REGISTRY=0 AR_FOR_TARGET=arm-none-eabi-ar AS_FOR_TARGET=arm-none-eabi-as LD_FOR_TARGET=arm-none-eabi-ld NM_FOR_TARGET=arm-none-eabi-nm OBJDUMP_FOR_TARGET=arm-none-eabi-objdump RANLIB_FOR_TARGET=arm-none-eabi-ranlib READELF_FOR_TARGET=arm-none-eabi-readelf STRIP_FOR_TARGET=arm-none-eabi-strip SED=/bin/sed SHELL=/bin/sh BASH=/bin/bash CONFIG_SHELL=/bin/bash
Thread model: single
Supported LTO compression algorithms: zlib
gcc version 10.3.1 20210621 (release) (15:10.3-2021.07-4) 
COMPILER_PATH=/usr/lib/gcc/arm-none-eabi/10.3.1/:/usr/lib/gcc/arm-none-eabi/10.3.1/:/usr/lib/gcc/arm-none-eabi/:/usr/lib/gcc/arm-none-eabi/10.3.1/:/usr/lib/gcc/arm-none-eabi/:/usr/lib/gcc/arm-none-eabi/10.3.1/../../../arm-none-eabi/bin/
LIBRARY_PATH=/usr/lib/gcc/arm-none-eabi/10.3.1/thumb/v6-m/nofp/:/usr/lib/gcc/arm-none-eabi/10.3.1/../../../arm-none-eabi/lib/thumb/v6-m/nofp/:/usr/lib/gcc/arm-none-eabi/10.3.1/:/usr/lib/gcc/arm-none-eabi/10.3.1/../../../arm-none-eabi/lib/
COLLECT_GCC_OPTIONS='-mcpu=cortex-m0plus' '-mthumb' '-nostdlib' '-v' '-o' 'cmTC_8f516.elf' '-mfloat-abi=soft' '-mlibarch=armv6s-m' '-march=armv6s-m'
 /usr/lib/gcc/arm-none-eabi/10.3.1/collect2 -plugin /usr/lib/gcc/arm-none-eabi/10.3.1/liblto_plugin.so -plugin-opt=/usr/lib/gcc/arm-none-eabi/10.3.1/lto-wrapper -plugin-opt=-fresolution=/tmp/ccAwEVXp.res -X -o cmTC_8f516.elf -L/usr/lib/gcc/arm-none-eabi/10.3.1/thumb/v6-m/nofp -L/usr/lib/gcc/arm-none-eabi/10.3.1/../../../arm-none-eabi/lib/thumb/v6-m/nofp -L/usr/lib/gcc/arm-none-eabi/10.3.1 -L/usr/lib/gcc/arm-none-eabi/10.3.1/../../../arm-none-eabi/lib --build-id=none CMakeFiles/cmTC_8f516.dir/CMakeCXXCompilerABI.cpp.obj
/usr/lib/gcc/arm-none-eabi/10.3.1/../../../arm-none-eabi/bin/ld: warning: cannot find entry symbol _start; defaulting to 0000000000008000
COLLECT_GCC_OPTIONS='-mcpu=cortex-m0plus' '-mthumb' '-nostdlib' '-v' '-o' 'cmTC_8f516.elf' '-mfloat-abi=soft' '-mlibarch=armv6s-m' '-march=armv6s-m'
gmake[1]: Leaving directory '/home/pi/NN2022Code/SrcBoardFirmware/build/CMakeFiles/CMakeTmp'



Parsed CXX implicit include dir info from above output: rv=done
  found start of include info
  found start of implicit include info
    add: [/usr/lib/gcc/arm-none-eabi/10.3.1/../../../arm-none-eabi/include/c++/10.3.1]
    add: [/usr/lib/gcc/arm-none-eabi/10.3.1/../../../arm-none-eabi/include/c++/10.3.1/arm-none-eabi/thumb/v6-m/nofp]
    add: [/usr/lib/gcc/arm-none-eabi/10.3.1/../../../arm-none-eabi/include/c++/10.3.1/backward]
    add: [/usr/lib/gcc/arm-none-eabi/10.3.1/include]
    add: [/usr/lib/gcc/arm-none-eabi/10.3.1/include-fixed]
    add: [/usr/lib/gcc/arm-none-eabi/10.3.1/../../../arm-none-eabi/include]
  end of search list found
  collapse include dir [/usr/lib/gcc/arm-none-eabi/10.3.1/../../../arm-none-eabi/include/c++/10.3.1] ==> [/usr/lib/arm-none-eabi/include/c++/10.3.1]
  collapse include dir [/usr/lib/gcc/arm-none-eabi/10.3.1/../../../arm-none-eabi/include/c++/10.3.1/arm-none-eabi/thumb/v6-m/nofp] ==> [/usr/lib/arm-none-eabi/include/c++/10.3.1/arm-none-eabi/thumb/v6-m/nofp]
  collapse include dir [/usr/lib/gcc/arm-none-eabi/10.3.1/../../../arm-none-eabi/include/c++/10.3.1/backward] ==> [/usr/lib/arm-none-eabi/include/c++/10.3.1/backward]
  collapse include dir [/usr/lib/gcc/arm-none-eabi/10.3.1/include] ==> [/usr/lib/gcc/arm-none-eabi/10.3.1/include]
  collapse include dir [/usr/lib/gcc/arm-none-eabi/10.3.1/include-fixed] ==> [/usr/lib/gcc/arm-none-eabi/10.3.1/include-fixed]
  collapse include dir [/usr/lib/gcc/arm-none-eabi/10.3.1/../../../arm-none-eabi/include] ==> [/usr/lib/arm-none-eabi/include]
  implicit include dirs: [/usr/lib/arm-none-eabi/include/c++/10.3.1;/usr/lib/arm-none-eabi/include/c++/10.3.1/arm-none-eabi/thumb/v6-m/nofp;/usr/lib/arm-none-eabi/include/c++/10.3.1/backward;/usr/lib/gcc/arm-none-eabi/10.3.1/include;/usr/lib/gcc/arm-none-eabi/10.3.1/include-fixed;/usr/lib/arm-none-eabi/include]


Parsed CXX implicit link information from above output:
  link line regex: [^( *|.*[/\])(arm-none-eabi-ld|CMAKE_LINK_STARTFILE-NOTFOUND|([^/\]+-)?ld|collect2)[^/\]*( |$)]
  ignore line: [Change Dir: /home/pi/NN2022Code/SrcBoardFirmware/build/CMakeFiles/CMakeTmp]
  ignore line: []
  ignore line: [Run Build Command(s):/usr/bin/gmake -f Makefile cmTC_8f516/fast && /usr/bin/gmake  -f CMakeFiles/cmTC_8f516.dir/build.make CMakeFiles/cmTC_8f516.dir/build]
  ignore line: [gmake[1]: Entering directory '/home/pi/NN2022Code/SrcBoardFirmware/build/CMakeFiles/CMakeTmp']
  ignore line: [Building CXX object CMakeFiles/cmTC_8f516.dir/CMakeCXXCompilerABI.cpp.obj]
  ignore line: [/usr/bin/arm-none-eabi-g++   -mcpu=cortex-m0plus -mthumb    -v -o CMakeFiles/cmTC_8f516.dir/CMakeCXXCompilerABI.cpp.obj -c /usr/share/cmake-3.22/Modules/CMakeCXXCompilerABI.cpp]
  ignore line: [Using built-in specs.]
  ignore line: [COLLECT_GCC=/usr/bin/arm-none-eabi-g++]
  ignore line: [Target: arm-none-eabi]
  ignore line: [Configured with: ../configure --build=x86_64-linux-gnu --prefix=/usr --includedir='/usr/lib/include' --mandir='/usr/lib/share/man' --infodir='/usr/lib/share/info' --sysconfdir=/etc --localstatedir=/var --disable-option-checking --disable-silent-rules --libdir='/usr/lib/lib/x86_64-linux-gnu' --libexecdir='/usr/lib/lib/x86_64-linux-gnu' --disable-maintainer-mode --disable-dependency-tracking --mandir=/usr/share/man --enable-languages=c,c++,lto --enable-multilib --disable-decimal-float --disable-libffi --disable-libgomp --disable-libmudflap --disable-libquadmath --disable-libssp --disable-libstdcxx-pch --disable-nls --disable-shared --disable-threads --enable-tls --build=x86_64-linux-gnu --target=arm-none-eabi --with-system-zlib --with-gnu-as --with-gnu-ld --with-pkgversion=15:10.3-2021.07-4 --without-included-gettext --prefix=/usr/lib --infodir=/usr/share/doc/gcc-arm-none-eabi/info --htmldir=/usr/share/doc/gcc-arm-none-eabi/html --pdfdir=/usr/share/doc/gcc-arm-none-eabi/pdf --bindir=/usr/bin --libexecdir=/usr/lib --libdir=/usr/lib --disable-libstdc++-v3 --host=x86_64-linux-gnu --with-headers=no --without-newlib --with-multilib-list=rmprofile,aprofile CFLAGS='-g -O2 -ffile-prefix-map=/build/gcc-arm-none-eabi-hYfgK4/gcc-arm-none-eabi-10.3-2021.07=. -flto=auto -ffat-lto-objects -fstack-protector-strong' CPPFLAGS='-Wdate-time -D_FORTIFY_SOURCE=2' CXXFLAGS='-g -O2 -ffile-prefix-map=/build/gcc-arm-none-eabi-hYfgK4/gcc-arm-none-eabi-10.3-2021.07=. -flto=auto -ffat-lto-objects -fstack-protector-strong' DFLAGS=-frelease FCFLAGS='-g -O2 -ffile-prefix-map=/build/gcc-arm-none-eabi-hYfgK4/gcc-arm-none-eabi-10.3-2021.07=. -flto=auto -ffat-lto-objects -fstack-protector-strong' FFLAGS='-g -O2 -ffile-prefix-map=/build/gcc-arm-none-eabi-hYfgK4/gcc-arm-none-eabi-10.3-2021.07=. -flto=auto -ffat-lto-objects -fstack-protector-strong' GCJFLAGS='-g -O2 -ffile-prefix-map=/build/gcc-arm-none-eabi-hYfgK4/gcc-arm-none-eabi-10.3-2021.07=. -fstack-protector-strong' LDFLAGS='-Wl,-Bsymbolic-functions -flto=auto -Wl,-z,relro' OBJCFLAGS='-g -O2 -ffile-prefix-map=/build/gcc-arm-none-eabi-hYfgK4/gcc-arm-none-eabi-10.3-2021.07=. -flto=auto -ffat-lto-objects -fstack-protector-strong' OBJCXXFLAGS='-g -O2 -ffile-prefix-map=/build/gcc-arm-none-eabi-hYfgK4/gcc-arm-none-eabi-10.3-2021.07=. -flto=auto -ffat-lto-objects -fstack-protector-strong' INHIBIT_LIBC_CFLAGS=-DUSE_TM_CLONE_REGISTRY=0 AR_FOR_TARGET=arm-none-eabi-ar AS_FOR_TARGET=arm-none-eabi-as LD_FOR_TARGET=arm-none-eabi-ld NM_FOR_TARGET=arm-none-eabi-nm OBJDUMP_FOR_TARGET=arm-none-eabi-objdump RANLIB_FOR_TARGET=arm-none-eabi-ranlib READELF_FOR_TARGET=arm-none-eabi-readelf STRIP_FOR_TARGET=arm-none-eabi-strip SED=/bin/sed SHELL=/bin/sh BASH=/bin/bash CONFIG_SHELL=/bin/bash]
  ignore line: [Thread model: single]
  ignore line: [Supported LTO compression algorithms: zlib]
  ignore line: [gcc version 10.3.1 20210621 (release) (15:10.3-2021.07-4) ]
  ignore line: [COLLECT_GCC_OPTIONS='-mcpu=cortex-m0plus' '-mthumb' '-v' '-o' 'CMakeFiles/cmTC_8f516.dir/CMakeCXXCompilerABI.cpp.obj' '-c' '-mfloat-abi=soft' '-mlibarch=armv6s-m' '-march=armv6s-m']
  ignore line: [ /usr/lib/gcc/arm-none-eabi/10.3.1/cc1plus -quiet -v -imultilib thumb/v6-m/nofp -D__USES_INITFINI__ /usr/share/cmake-3.22/Modules/CMakeCXXCompilerABI.cpp -quiet -dumpbase CMakeCXXCompilerABI.cpp -mcpu=cortex-m0plus -mthumb -mfloat-abi=soft -mlibarch=armv6s-m -march=armv6s-m -auxbase-strip CMakeFiles/cmTC_8f516.dir/CMakeCXXCompilerABI.cpp.obj -version -o /tmp/cc4kHxwh.s]
  ignore line: [GNU C++14 (15:10.3-2021.07-4) version 10.3.1 20210621 (release) (arm-none-eabi)]
  ignore line: [	compiled by GNU C version 11.2.0  GMP version 6.2.1  MPFR version 4.1.0  MPC version 1.2.1  isl version isl-0.24-GMP]
  ignore line: []
  ignore line: [GGC heuristics: --param ggc-min-expand=100 --param ggc-min-heapsize=131072]
  ignore line: [ignoring nonexistent directory "/usr/lib/gcc/arm-none-eabi/10.3.1/../../../arm-none-eabi/sys-include"]
  ignore line: [#include "..." search starts here:]
  ignore line: [#include <...> search starts here:]
  ignore line: [ /usr/lib/gcc/arm-none-eabi/10.3.1/../../../arm-none-eabi/include/c++/10.3.1]
  ignore line: [ /usr/lib/gcc/arm-none-eabi/10.3.1/../../../arm-none-eabi/include/c++/10.3.1/arm-none-eabi/thumb/v6-m/nofp]
  ignore line: [ /usr/lib/gcc/arm-none-eabi/10.3.1/../../../arm-none-eabi/include/c++/10.3.1/backward]
  ignore line: [ /usr/lib/gcc/arm-none-eabi/10.3.1/include]
  ignore line: [ /usr/lib/gcc/arm-none-eabi/10.3.1/include-fixed]
  ignore line: [ /usr/lib/gcc/arm-none-eabi/10.3.1/../../../arm-none-eabi/include]
  ignore line: [End of search list.]
  ignore line: [GNU C++14 (15:10.3-2021.07-4) version 10.3.1 20210621 (release) (arm-none-eabi)]
  ignore line: [	compiled by GNU C version 11.2.0  GMP version 6.2.1  MPFR version 4.1.0  MPC version 1.2.1  isl version isl-0.24-GMP]
  ignore line: []
  ignore line: [GGC heuristics: --param ggc-min-expand=100 --param ggc-min-heapsize=131072]
  ignore line: [Compiler executable checksum: 4f994585a8ca8864fa1f4d2fb208a0ba]
  ignore line: [COLLECT_GCC_OPTIONS='-mcpu=cortex-m0plus' '-mthumb' '-v' '-o' 'CMakeFiles/cmTC_8f516.dir/CMakeCXXCompilerABI.cpp.obj' '-c' '-mfloat-abi=soft' '-mlibarch=armv6s-m' '-march=armv6s-m']
  ignore line: [ /usr/lib/gcc/arm-none-eabi/10.3.1/../../../arm-none-eabi/bin/as -v -march=armv6s-m -mfloat-abi=soft -meabi=5 -o CMakeFiles/cmTC_8f516.dir/CMakeCXXCompilerABI.cpp.obj /tmp/cc4kHxwh.s]
  ignore line: [GNU assembler version 2.38 (arm-none-eabi) using BFD version (2.38-3ubuntu1+15build1) 2.38]
  ignore line: [COMPILER_PATH=/usr/lib/gcc/arm-none-eabi/10.3.1/:/usr/lib/gcc/arm-none-eabi/10.3.1/:/usr/lib/gcc/arm-none-eabi/:/usr/lib/gcc/arm-none-eabi/10.3.1/:/usr/lib/gcc/arm-none-eabi/:/usr/lib/gcc/arm-none-eabi/10.3.1/../../../arm-none-eabi/bin/]
  ignore line: [LIBRARY_PATH=/usr/lib/gcc/arm-none-eabi/10.3.1/thumb/v6-m/nofp/:/usr/lib/gcc/arm-none-eabi/10.3.1/../../../arm-none-eabi/lib/thumb/v6-m/nofp/:/usr/lib/gcc/arm-none-eabi/10.3.1/:/usr/lib/gcc/arm-none-eabi/10.3.1/../../../arm-none-eabi/lib/]
  ignore line: [COLLECT_GCC_OPTIONS='-mcpu=cortex-m0plus' '-mthumb' '-v' '-o' 'CMakeFiles/cmTC_8f516.dir/CMakeCXXCompilerABI.cpp.obj' '-c' '-mfloat-abi=soft' '-mlibarch=armv6s-m' '-march=armv6s-m']
  ignore line: [Linking CXX executable cmTC_8f516.elf]
  ignore line: [/usr/bin/cmake -E cmake_link_script CMakeFiles/cmTC_8f516.dir/link.txt --verbose=1]
  ignore line: [/usr/bin/arm-none-eabi-g++ -mcpu=cortex-m0plus -mthumb  -Wl --build-id=none -nostdlib  -v CMakeFiles/cmTC_8f516.dir/CMakeCXXCompilerABI.cpp.obj -o cmTC_8f516.elf ]
  ignore line: [Using built-in specs.]
  ignore line: [COLLECT_GCC=/usr/bin/arm-none-eabi-g++]
  ignore line: [COLLECT_LTO_WRAPPER=/usr/lib/gcc/arm-none-eabi/10.3.1/lto-wrapper]
  ignore line: [Target: arm-none-eabi]
  ignore line: [Configured with: ../configure --build=x86_64-linux-gnu --prefix=/usr --includedir='/usr/lib/include' --mandir='/usr/lib/share/man' --infodir='/usr/lib/share/info' --sysconfdir=/etc --localstatedir=/var --disable-option-checking --disable-silent-rules --libdir='/usr/lib/lib/x86_64-linux-gnu' --libexecdir='/usr/lib/lib/x86_64-linux-gnu' --disable-maintainer-mode --disable-dependency-tracking --mandir=/usr/share/man --enable-languages=c,c++,lto --enable-multilib --disable-decimal-float --disable-libffi --disable-libgomp --disable-libmudflap --disable-libquadmath --disable-libssp --disable-libstdcxx-pch --disable-nls --disable-shared --disable-threads --enable-tls --build=x86_64-linux-gnu --target=arm-none-eabi --with-system-zlib --with-gnu-as --with-gnu-ld --with-pkgversion=15:10.3-2021.07-4 --without-included-gettext --prefix=/usr/lib --infodir=/usr/share/doc/gcc-arm-none-eabi/info --htmldir=/usr/share/doc/gcc-arm-none-eabi/html --pdfdir=/usr/share/doc/gcc-arm-none-eabi/pdf --bindir=/usr/bin --libexecdir=/usr/lib --libdir=/usr/lib --disable-libstdc++-v3 --host=x86_64-linux-gnu --with-headers=no --without-newlib --with-multilib-list=rmprofile,aprofile CFLAGS='-g -O2 -ffile-prefix-map=/build/gcc-arm-none-eabi-hYfgK4/gcc-arm-none-eabi-10.3-2021.07=. -flto=auto -ffat-lto-objects -fstack-protector-strong' CPPFLAGS='-Wdate-time -D_FORTIFY_SOURCE=2' CXXFLAGS='-g -O2 -ffile-prefix-map=/build/gcc-arm-none-eabi-hYfgK4/gcc-arm-none-eabi-10.3-2021.07=. -flto=auto -ffat-lto-objects -fstack-protector-strong' DFLAGS=-frelease FCFLAGS='-g -O2 -ffile-prefix-map=/build/gcc-arm-none-eabi-hYfgK4/gcc-arm-none-eabi-10.3-2021.07=. -flto=auto -ffat-lto-objects -fstack-protector-strong' FFLAGS='-g -O2 -ffile-prefix-map=/build/gcc-arm-none-eabi-hYfgK4/gcc-arm-none-eabi-10.3-2021.07=. -flto=auto -ffat-lto-objects -fstack-protector-strong' GCJFLAGS='-g -O2 -ffile-prefix-map=/build/gcc-arm-none-eabi-hYfgK4/gcc-arm-none-eabi-10.3-2021.07=. -fstack-protector-strong' LDFLAGS='-Wl,-Bsymbolic-functions -flto=auto -Wl,-z,relro' OBJCFLAGS='-g -O2 -ffile-prefix-map=/build/gcc-arm-none-eabi-hYfgK4/gcc-arm-none-eabi-10.3-2021.07=. -flto=auto -ffat-lto-objects -fstack-protector-strong' OBJCXXFLAGS='-g -O2 -ffile-prefix-map=/build/gcc-arm-none-eabi-hYfgK4/gcc-arm-none-eabi-10.3-2021.07=. -flto=auto -ffat-lto-objects -fstack-protector-strong' INHIBIT_LIBC_CFLAGS=-DUSE_TM_CLONE_REGISTRY=0 AR_FOR_TARGET=arm-none-eabi-ar AS_FOR_TARGET=arm-none-eabi-as LD_FOR_TARGET=arm-none-eabi-ld NM_FOR_TARGET=arm-none-eabi-nm OBJDUMP_FOR_TARGET=arm-none-eabi-objdump RANLIB_FOR_TARGET=arm-none-eabi-ranlib READELF_FOR_TARGET=arm-none-eabi-readelf STRIP_FOR_TARGET=arm-none-eabi-strip SED=/bin/sed SHELL=/bin/sh BASH=/bin/bash CONFIG_SHELL=/bin/bash]
  ignore line: [Thread model: single]
  ignore line: [Supported LTO compression algorithms: zlib]
  ignore line: [gcc version 10.3.1 20210621 (release) (15:10.3-2021.07-4) ]
  ignore line: [COMPILER_PATH=/usr/lib/gcc/arm-none-eabi/10.3.1/:/usr/lib/gcc/arm-none-eabi/10.3.1/:/usr/lib/gcc/arm-none-eabi/:/usr/lib/gcc/arm-none-eabi/10.3.1/:/usr/lib/gcc/arm-none-eabi/:/usr/lib/gcc/arm-none-eabi/10.3.1/../../../arm-none-eabi/bin/]
  ignore line: [LIBRARY_PATH=/usr/lib/gcc/arm-none-eabi/10.3.1/thumb/v6-m/nofp/:/usr/lib/gcc/arm-none-eabi/10.3.1/../../../arm-none-eabi/lib/thumb/v6-m/nofp/:/usr/lib/gcc/arm-none-eabi/10.3.1/:/usr/lib/gcc/arm-none-eabi/10.3.1/../../../arm-none-eabi/lib/]
  ignore line: [COLLECT_GCC_OPTIONS='-mcpu=cortex-m0plus' '-mthumb' '-nostdlib' '-v' '-o' 'cmTC_8f516.elf' '-mfloat-abi=soft' '-mlibarch=armv6s-m' '-march=armv6s-m']
  link line: [ /usr/lib/gcc/arm-none-eabi/10.3.1/collect2 -plugin /usr/lib/gcc/arm-none-eabi/10.3.1/liblto_plugin.so -plugin-opt=/usr/lib/gcc/arm-none-eabi/10.3.1/lto-wrapper -plugin-opt=-fresolution=/tmp/ccAwEVXp.res -X -o cmTC_8f516.elf -L/usr/lib/gcc/arm-none-eabi/10.3.1/thumb/v6-m/nofp -L/usr/lib/gcc/arm-none-eabi/10.3.1/../../../arm-none-eabi/lib/thumb/v6-m/nofp -L/usr/lib/gcc/arm-none-eabi/10.3.1 -L/usr/lib/gcc/arm-none-eabi/10.3.1/../../../arm-none-eabi/lib --build-id=none CMakeFiles/cmTC_8f516.dir/CMakeCXXCompilerABI.cpp.obj]
    arg [/usr/lib/gcc/arm-none-eabi/10.3.1/collect2] ==> ignore
    arg [-plugin] ==> ignore
    arg [/usr/lib/gcc/arm-none-eabi/10.3.1/liblto_plugin.so] ==> ignore
    arg [-plugin-opt=/usr/lib/gcc/arm-none-eabi/10.3.1/lto-wrapper] ==> ignore
    arg [-plugin-opt=-fresolution=/tmp/ccAwEVXp.res] ==> ignore
    arg [-X] ==> ignore
    arg [-o] ==> ignore
    arg [cmTC_8f516.elf] ==> ignore
    arg [-L/usr/lib/gcc/arm-none-eabi/10.3.1/thumb/v6-m/nofp] ==> dir [/usr/lib/gcc/arm-none-eabi/10.3.1/thumb/v6-m/nofp]
    arg [-L/usr/lib/gcc/arm-none-eabi/10.3.1/../../../arm-none-eabi/lib/thumb/v6-m/nofp] ==> dir [/usr/lib/gcc/arm-none-eabi/10.3.1/../../../arm-none-eabi/lib/thumb/v6-m/nofp]
    arg [-L/usr/lib/gcc/arm-none-eabi/10.3.1] ==> dir [/usr/lib/gcc/arm-none-eabi/10.3.1]
    arg [-L/usr/lib/gcc/arm-none-eabi/10.3.1/../../../arm-none-eabi/lib] ==> dir [/usr/lib/gcc/arm-none-eabi/10.3.1/../../../arm-none-eabi/lib]
    arg [--build-id=none] ==> ignore
    arg [CMakeFiles/cmTC_8f516.dir/CMakeCXXCompilerABI.cpp.obj] ==> ignore
  collapse library dir [/usr/lib/gcc/arm-none-eabi/10.3.1/thumb/v6-m/nofp] ==> [/usr/lib/gcc/arm-none-eabi/10.3.1/thumb/v6-m/nofp]
  collapse library dir [/usr/lib/gcc/arm-none-eabi/10.3.1/../../../arm-none-eabi/lib/thumb/v6-m/nofp] ==> [/usr/lib/arm-none-eabi/lib/thumb/v6-m/nofp]
  collapse library dir [/usr/lib/gcc/arm-none-eabi/10.3.1] ==> [/usr/lib/gcc/arm-none-eabi/10.3.1]
  collapse library dir [/usr/lib/gcc/arm-none-eabi/10.3.1/../../../arm-none-eabi/lib] ==> [/usr/lib/arm-none-eabi/lib]
  implicit libs: []
  implicit objs: []
  implicit dirs: [/usr/lib/gcc/arm-none-eabi/10.3.1/thumb/v6-m/nofp;/usr/lib/arm-none-eabi/lib/thumb/v6-m/nofp;/usr/lib/gcc/arm-none-eabi/10.3.1;/usr/lib/arm-none-eabi/lib]
  implicit fwks: []


The target system is: PICO -  - cortex-m0plus
The host system is: Linux - 6.8.0-58-generic - x86_64
Compiling the C compiler identification source file "CMakeCCompilerId.c" succeeded.
Compiler: /usr/bin/arm-none-eabi-gcc 
Build flags: ;-mcpu=cortex-m0plus;-mthumb
Id flags: -c 

The output was:
0


Compilation of the C compiler identification source "CMakeCCompilerId.c" produced "CMakeCCompilerId.o"

The C compiler identification is GNU, found in "/home/pi/NN2022Code/SrcBoardFirmware/build/CMakeFiles/3.22.1/CompilerIdC/CMakeCCompilerId.o"

Compiling the CXX compiler identification source file "CMakeCXXCompilerId.cpp" succeeded.
Compiler: /usr/bin/arm-none-eabi-g++ 
Build flags: ;-mcpu=cortex-m0plus;-mthumb
Id flags: -c 

The output was:
0


Compilation of the CXX compiler identification source "CMakeCXXCompilerId.cpp" produced "CMakeCXXCompilerId.o"

The CXX compiler identification is GNU, found in "/home/pi/NN2022Code/SrcBoardFirmware/build/CMakeFiles/3.22.1/CompilerIdCXX/CMakeCXXCompilerId.o"

Checking whether the ASM compiler is GNU using "--version" matched "(GNU assembler)|(GCC)|(Free Software Foundation)":
arm-none-eabi-gcc (15:10.3-2021.07-4) 10.3.1 20210621 (release)
Copyright (C) 2020 Free Software Foundation, Inc.
This is free software; see the source for copying conditions.  There is NO
warranty; not even for MERCHANTABILITY or FITNESS FOR A PARTICULAR PURPOSE.

Detecting C compiler ABI info compiled with the following output:
Change Dir: /home/pi/NN2022Code/SrcBoardFirmware/build/CMakeFiles/CMakeTmp

Run Build Command(s):/usr/bin/gmake -f Makefile cmTC_cf24b/fast && /usr/bin/gmake  -f CMakeFiles/cmTC_cf24b.dir/build.make CMakeFiles/cmTC_cf24b.dir/build
gmake[1]: Entering directory '/home/pi/NN2022Code/SrcBoardFirmware/build/CMakeFiles/CMakeTmp'
Building C object CMakeFiles/cmTC_cf24b.dir/CMakeCCompilerABI.c.obj
/usr/bin/arm-none-eabi-gcc   -mcpu=cortex-m0plus -mthumb    -v -o CMakeFiles/cmTC_cf24b.dir/CMakeCCompilerABI.c.obj -c /usr/share/cmake-3.22/Modules/CMakeCCompilerABI.c
Using built-in specs.
COLLECT_GCC=/usr/bin/arm-none-eabi-gcc
Target: arm-none-eabi
Configured with: ../configure --build=x86_64-linux-gnu --prefix=/usr --includedir='/usr/lib/include' --mandir='/usr/lib/share/man' --infodir='/usr/lib/share/info' --sysconfdir=/etc --localstatedir=/var --disable-option-checking --disable-silent-rules --libdir='/usr/lib/lib/x86_64-linux-gnu' --libexecdir='/usr/lib/lib/x86_64-linux-gnu' --disable-maintainer-mode --disable-dependency-tracking --mandir=/usr/share/man --enable-languages=c,c++,lto --enable-multilib --disable-decimal-float --disable-libffi --disable-libgomp --disable-libmudflap --disable-libquadmath --disable-libssp --disable-libstdcxx-pch --disable-nls --disable-shared --disable-threads --enable-tls --build=x86_64-linux-gnu --target=arm-none-eabi --with-system-zlib --with-gnu-as --with-gnu-ld --with-pkgversion=15:10.3-2021.07-4 --without-included-gettext --prefix=/usr/lib --infodir=/usr/share/doc/gcc-arm-none-eabi/info --htmldir=/usr/share/doc/gcc-arm-none-eabi/html --pdfdir=/usr/share/doc/gcc-arm-none-eabi/pdf --bindir=/usr/bin --libexecdir=/usr/lib --libdir=/usr/lib --disable-libstdc++-v3 --host=x86_64-linux-gnu --with-headers=no --without-newlib --with-multilib-list=rmprofile,aprofile CFLAGS='-g -O2 -ffile-prefix-map=/build/gcc-arm-none-eabi-hYfgK4/gcc-arm-none-eabi-10.3-2021.07=. -flto=auto -ffat-lto-objects -fstack-protector-strong' CPPFLAGS='-Wdate-time -D_FORTIFY_SOURCE=2' CXXFLAGS='-g -O2 -ffile-prefix-map=/build/gcc-arm-none-eabi-hYfgK4/gcc-arm-none-eabi-10.3-2021.07=. -flto=auto -ffat-lto-objects -fstack-protector-strong' DFLAGS=-frelease FCFLAGS='-g -O2 -ffile-prefix-map=/build/gcc-arm-none-eabi-hYfgK4/gcc-arm-none-eabi-10.3-2021.07=. -flto=auto -ffat-lto-objects -fstack-protector-strong' FFLAGS='-g -O2 -ffile-prefix-map=/build/gcc-arm-none-eabi-hYfgK4/gcc-arm-none-eabi-10.3-2021.07=. -flto=auto -ffat-lto-objects -fstack-protector-strong' GCJFLAGS='-g -O2 -ffile-prefix-map=/build/gcc-arm-none-eabi-hYfgK4/gcc-arm-none-eabi-10.3-2021.07=. -fstack-protector-strong' LDFLAGS='-Wl,-Bsymbolic-functions -flto=auto -Wl,-z,relro' OBJCFLAGS='-g -O2 -ffile-prefix-map=/build/gcc-arm-none-eabi-hYfgK4/gcc-arm-none-eabi-10.3-2021.07=. -flto=auto -ffat-lto-objects -fstack-protector-strong' OBJCXXFLAGS='-g -O2 -ffile-prefix-map=/build/gcc-arm-none-eabi-hYfgK4/gcc-arm-none-eabi-10.3-2021.07=. -flto=auto -ffat-lto-objects -fstack-protector-strong' INHIBIT_LIBC_CFLAGS=-DUSE_TM_CLONE_REGISTRY=0 AR_FOR_TARGET=arm-none-eabi-ar AS_FOR_TARGET=arm-none-eabi-as LD_FOR_TARGET=arm-none-eabi-ld NM_FOR_TARGET=arm-none-eabi-nm OBJDUMP_FOR_TARGET=arm-none-eabi-objdump RANLIB_FOR_TARGET=arm-none-eabi-ranlib READELF_FOR_TARGET=arm-none-eabi-readelf STRIP_FOR_TARGET=arm-none-eabi-strip SED=/bin/sed SHELL=/bin/sh BASH=/bin/bash CONFIG_SHELL=/bin/bash
Thread model: single
Supported LTO compression algorithms: zlib
gcc version 10.3.1 20210621 (release) (15:10.3-2021.07-4) 
COLLECT_GCC_OPTIONS='-mcpu=cortex-m0plus' '-mthumb' '-v' '-o' 'CMakeFiles/cmTC_cf24b.dir/CMakeCCompilerABI.c.obj' '-c' '-mfloat-abi=soft' '-mlibarch=armv6s-m' '-march=armv6s-m'
 /usr/lib/gcc/arm-none-eabi/10.3.1/cc1 -quiet -v -imultilib thumb/v6-m/nofp -D__USES_INITFINI__ /usr/share/cmake-3.22/Modules/CMakeCCompilerABI.c -quiet -dumpbase CMakeCCompilerABI.c -mcpu=cortex-m0plus -mthumb -mfloat-abi=soft -mlibarch=armv6s-m -march=armv6s-m -auxbase-strip CMakeFiles/cmTC_cf24b.dir/CMakeCCompilerABI.c.obj -version -o /tmp/cc2277mu.s
GNU C17 (15:10.3-2021.07-4) version 10.3.1 20210621 (release) (arm-none-eabi)
	compiled by GNU C version 11.2.0, GMP version 6.2.1, MPFR version 4.1.0, MPC version 1.2.1, isl version isl-0.24-GMP

GGC heuristics: --param ggc-min-expand=100 --param ggc-min-heapsize=131072
ignoring nonexistent directory "/usr/lib/gcc/arm-none-eabi/10.3.1/../../../arm-none-eabi/sys-include"
#include "..." search starts here:
#include <...> search starts here:
 /usr/lib/gcc/arm-none-eabi/10.3.1/include
 /usr/lib/gcc/arm-none-eabi/10.3.1/include-fixed
 /usr/lib/gcc/arm-none-eabi/10.3.1/../../../arm-none-eabi/include
End of search list.
GNU C17 (15:10.3-2021.07-4) version 10.3.1 20210621 (release) (arm-none-eabi)
	compiled by GNU C version 11.2.0, GMP version 6.2.1, MPFR version 4.1.0, MPC version 1.2.1, isl version isl-0.24-GMP

GGC heuristics: --param ggc-min-expand=100 --param ggc-min-heapsize=131072
Compiler executable checksum: 4cf7574ae54eb0935abb4a8c56f8bcfe
COLLECT_GCC_OPTIONS='-mcpu=cortex-m0plus' '-mthumb' '-v' '-o' 'CMakeFiles/cmTC_cf24b.dir/CMakeCCompilerABI.c.obj' '-c' '-mfloat-abi=soft' '-mlibarch=armv6s-m' '-march=armv6s-m'
 /usr/lib/gcc/arm-none-eabi/10.3.1/../../../arm-none-eabi/bin/as -v -march=armv6s-m -mfloat-abi=soft -meabi=5 -o CMakeFiles/cmTC_cf24b.dir/CMakeCCompilerABI.c.obj /tmp/cc2277mu.s
GNU assembler version 2.38 (arm-none-eabi) using BFD version (2.38-3ubuntu1+15build1) 2.38
COMPILER_PATH=/usr/lib/gcc/arm-none-eabi/10.3.1/:/usr/lib/gcc/arm-none-eabi/10.3.1/:/usr/lib/gcc/arm-none-eabi/:/usr/lib/gcc/arm-none-eabi/10.3.1/:/usr/lib/gcc/arm-none-eabi/:/usr/lib/gcc/arm-none-eabi/10.3.1/../../../arm-none-eabi/bin/
LIBRARY_PATH=/usr/lib/gcc/arm-none-eabi/10.3.1/thumb/v6-m/nofp/:/usr/lib/gcc/arm-none-eabi/10.3.1/../../../arm-none-eabi/lib/thumb/v6-m/nofp/:/usr/lib/gcc/arm-none-eabi/10.3.1/:/usr/lib/gcc/arm-none-eabi/10.3.1/../../../arm-none-eabi/lib/
COLLECT_GCC_OPTIONS='-mcpu=cortex-m0plus' '-mthumb' '-v' '-o' 'CMakeFiles/cmTC_cf24b.dir/CMakeCCompilerABI.c.obj' '-c' '-mfloat-abi=soft' '-mlibarch=armv6s-m' '-march=armv6s-m'
Linking C executable cmTC_cf24b.elf
/usr/bin/cmake -E cmake_link_script CMakeFiles/cmTC_cf24b.dir/link.txt --verbose=1
/usr/bin/arm-none-eabi-gcc -mcpu=cortex-m0plus -mthumb  -Wl,--build-id=none -nostdlib  -v CMakeFiles/cmTC_cf24b.dir/CMakeCCompilerABI.c.obj -o cmTC_cf24b.elf 
Using built-in specs.
COLLECT_GCC=/usr/bin/arm-none-eabi-gcc
COLLECT_LTO_WRAPPER=/usr/lib/gcc/arm-none-eabi/10.3.1/lto-wrapper
Target: arm-none-eabi
Configured with: ../configure --build=x86_64-linux-gnu --prefix=/usr --includedir='/usr/lib/include' --mandir='/usr/lib/share/man' --infodir='/usr/lib/share/info' --sysconfdir=/etc --localstatedir=/var --disable-option-checking --disable-silent-rules --libdir='/usr/lib/lib/x86_64-linux-gnu' --libexecdir='/usr/lib/lib/x86_64-linux-gnu' --disable-maintainer-mode --disable-dependency-tracking --mandir=/usr/share/man --enable-languages=c,c++,lto --enable-multilib --disable-decimal-float --disable-libffi --disable-libgomp --disable-libmudflap --disable-libquadmath --disable-libssp --disable-libstdcxx-pch --disable-nls --disable-shared --disable-threads --enable-tls --build=x86_64-linux-gnu --target=arm-none-eabi --with-system-zlib --with-gnu-as --with-gnu-ld --with-pkgversion=15:10.3-2021.07-4 --without-included-gettext --prefix=/usr/lib --infodir=/usr/share/doc/gcc-arm-none-eabi/info --htmldir=/usr/share/doc/gcc-arm-none-eabi/html --pdfdir=/usr/share/doc/gcc-arm-none-eabi/pdf --bindir=/usr/bin --libexecdir=/usr/lib --libdir=/usr/lib --disable-libstdc++-v3 --host=x86_64-linux-gnu --with-headers=no --without-newlib --with-multilib-list=rmprofile,aprofile CFLAGS='-g -O2 -ffile-prefix-map=/build/gcc-arm-none-eabi-hYfgK4/gcc-arm-none-eabi-10.3-2021.07=. -flto=auto -ffat-lto-objects -fstack-protector-strong' CPPFLAGS='-Wdate-time -D_FORTIFY_SOURCE=2' CXXFLAGS='-g -O2 -ffile-prefix-map=/build/gcc-arm-none-eabi-hYfgK4/gcc-arm-none-eabi-10.3-2021.07=. -flto=auto -ffat-lto-objects -fstack-protector-strong' DFLAGS=-frelease FCFLAGS='-g -O2 -ffile-prefix-map=/build/gcc-arm-none-eabi-hYfgK4/gcc-arm-none-eabi-10.3-2021.07=. -flto=auto -ffat-lto-objects -fstack-protector-strong' FFLAGS='-g -O2 -ffile-prefix-map=/build/gcc-arm-none-eabi-hYfgK4/gcc-arm-none-eabi-10.3-2021.07=. -flto=auto -ffat-lto-objects -fstack-protector-strong' GCJFLAGS='-g -O2 -ffile-prefix-map=/build/gcc-arm-none-eabi-hYfgK4/gcc-arm-none-eabi-10.3-2021.07=. -fstack-protector-strong' LDFLAGS='-Wl,-Bsymbolic-functions -flto=auto -Wl,-z,relro' OBJCFLAGS='-g -O2 -ffile-prefix-map=/build/gcc-arm-none-eabi-hYfgK4/gcc-arm-none-eabi-10.3-2021.07=. -flto=auto -ffat-lto-objects -fstack-protector-strong' OBJCXXFLAGS='-g -O2 -ffile-prefix-map=/build/gcc-arm-none-eabi-hYfgK4/gcc-arm-none-eabi-10.3-2021.07=. -flto=auto -ffat-lto-objects -fstack-protector-strong' INHIBIT_LIBC_CFLAGS=-DUSE_TM_CLONE_REGISTRY=0 AR_FOR_TARGET=arm-none-eabi-ar AS_FOR_TARGET=arm-none-eabi-as LD_FOR_TARGET=arm-none-eabi-ld NM_FOR_TARGET=arm-none-eabi-nm OBJDUMP_FOR_TARGET=arm-none-eabi-objdump RANLIB_FOR_TARGET=arm-none-eabi-ranlib READELF_FOR_TARGET=arm-none-eabi-readelf STRIP_FOR_TARGET=arm-none-eabi-strip SED=/bin/sed SHELL=/bin/sh BASH=/bin/bash CONFIG_SHELL=/bin/bash
Thread model: single
Supported LTO compression algorithms: zlib
gcc version 10.3.1 20210621 (release) (15:10.3-2021.07-4) 
COMPILER_PATH=/usr/lib/gcc/arm-none-eabi/10.3.1/:/usr/lib/gcc/arm-none-eabi/10.3.1/:/usr/lib/gcc/arm-none-eabi/:/usr/lib/gcc/arm-none-eabi/10.3.1/:/usr/lib/gcc/arm-none-eabi/:/usr/lib/gcc/arm-none-eabi/10.3.1/../../../arm-none-eabi/bin/
LIBRARY_PATH=/usr/lib/gcc/arm-none-eabi/10.3.1/thumb/v6-m/nofp/:/usr/lib/gcc/arm-none-eabi/10.3.1/../../../arm-none-eabi/lib/thumb/v6-m/nofp/:/usr/lib/gcc/arm-none-eabi/10.3.1/:/usr/lib/gcc/arm-none-eabi/10.3.1/../../../arm-none-eabi/lib/
COLLECT_GCC_OPTIONS='-mcpu=cortex-m0plus' '-mthumb' '-nostdlib' '-v' '-o' 'cmTC_cf24b.elf' '-mfloat-abi=soft' '-mlibarch=armv6s-m' '-march=armv6s-m'
 /usr/lib/gcc/arm-none-eabi/10.3.1/collect2 -plugin /usr/lib/gcc/arm-none-eabi/10.3.1/liblto_plugin.so -plugin-opt=/usr/lib/gcc/arm-none-eabi/10.3.1/lto-wrapper -plugin-opt=-fresolution=/tmp/ccC01RoN.res -X -o cmTC_cf24b.elf -L/usr/lib/gcc/arm-none-eabi/10.3.1/thumb/v6-m/nofp -L/usr/lib/gcc/arm-none-eabi/10.3.1/../../../arm-none-eabi/lib/thumb/v6-m/nofp -L/usr/lib/gcc/arm-none-eabi/10.3.1 -L/usr/lib/gcc/arm-none-eabi/10.3.1/../../../arm-none-eabi/lib --build-id=none CMakeFiles/cmTC_cf24b.dir/CMakeCCompilerABI.c.obj
/usr/lib/gcc/arm-none-eabi/10.3.1/../../../arm-none-eabi/bin/ld: warning: cannot find entry symbol _start; defaulting to 0000000000008000
COLLECT_GCC_OPTIONS='-mcpu=cortex-m0plus' '-mthumb' '-nostdlib' '-v' '-o' 'cmTC_cf24b.elf' '-mfloat-abi=soft' '-mlibarch=armv6s-m' '-march=armv6s-m'
gmake[1]: Leaving directory '/home/pi/NN2022Code/SrcBoardFirmware/build/CMakeFiles/CMakeTmp'



Parsed C implicit include dir info from above output: rv=done
  found start of include info
  found start of implicit include info
    add: [/usr/lib/gcc/arm-none-eabi/10.3.1/include]
    add: [/usr/lib/gcc/arm-none-eabi/10.3.1/include-fixed]
    add: [/usr/lib/gcc/arm-none-eabi/10.3.1/../../../arm-none-eabi/include]
  end of search list found
  collapse include dir [/usr/lib/gcc/arm-none-eabi/10.3.1/include] ==> [/usr/lib/gcc/arm-none-eabi/10.3.1/include]
  collapse include dir [/usr/lib/gcc/arm-none-eabi/10.3.1/include-fixed] ==> [/usr/lib/gcc/arm-none-eabi/10.3.1/include-fixed]
  collapse include dir [/usr/lib/gcc/arm-none-eabi/10.3.1/../../../arm-none-eabi/include] ==> [/usr/lib/arm-none-eabi/include]
  implicit include dirs: [/usr/lib/gcc/arm-none-eabi/10.3.1/include;/usr/lib/gcc/arm-none-eabi/10.3.1/include-fixed;/usr/lib/arm-none-eabi/include]


Parsed C implicit link information from above output:
  link line regex: [^( *|.*[/\])(arm-none-eabi-ld|CMAKE_LINK_STARTFILE-NOTFOUND|([^/\]+-)?ld|collect2)[^/\]*( |$)]
  ignore line: [Change Dir: /home/pi/NN2022Code/SrcBoardFirmware/build/CMakeFiles/CMakeTmp]
  ignore line: []
  ignore line: [Run Build Command(s):/usr/bin/gmake -f Makefile cmTC_cf24b/fast && /usr/bin/gmake  -f CMakeFiles/cmTC_cf24b.dir/build.make CMakeFiles/cmTC_cf24b.dir/build]
  ignore line: [gmake[1]: Entering directory '/home/pi/NN2022Code/SrcBoardFirmware/build/CMakeFiles/CMakeTmp']
  ignore line: [Building C object CMakeFiles/cmTC_cf24b.dir/CMakeCCompilerABI.c.obj]
  ignore line: [/usr/bin/arm-none-eabi-gcc   -mcpu=cortex-m0plus -mthumb    -v -o CMakeFiles/cmTC_cf24b.dir/CMakeCCompilerABI.c.obj -c /usr/share/cmake-3.22/Modules/CMakeCCompilerABI.c]
  ignore line: [Using built-in specs.]
  ignore line: [COLLECT_GCC=/usr/bin/arm-none-eabi-gcc]
  ignore line: [Target: arm-none-eabi]
  ignore line: [Configured with: ../configure --build=x86_64-linux-gnu --prefix=/usr --includedir='/usr/lib/include' --mandir='/usr/lib/share/man' --infodir='/usr/lib/share/info' --sysconfdir=/etc --localstatedir=/var --disable-option-checking --disable-silent-rules --libdir='/usr/lib/lib/x86_64-linux-gnu' --libexecdir='/usr/lib/lib/x86_64-linux-gnu' --disable-maintainer-mode --disable-dependency-tracking --mandir=/usr/share/man --enable-languages=c,c++,lto --enable-multilib --disable-decimal-float --disable-libffi --disable-libgomp --disable-libmudflap --disable-libquadmath --disable-libssp --disable-libstdcxx-pch --disable-nls --disable-shared --disable-threads --enable-tls --build=x86_64-linux-gnu --target=arm-none-eabi --with-system-zlib --with-gnu-as --with-gnu-ld --with-pkgversion=15:10.3-2021.07-4 --without-included-gettext --prefix=/usr/lib --infodir=/usr/share/doc/gcc-arm-none-eabi/info --htmldir=/usr/share/doc/gcc-arm-none-eabi/html --pdfdir=/usr/share/doc/gcc-arm-none-eabi/pdf --bindir=/usr/bin --libexecdir=/usr/lib --libdir=/usr/lib --disable-libstdc++-v3 --host=x86_64-linux-gnu --with-headers=no --without-newlib --with-multilib-list=rmprofile,aprofile CFLAGS='-g -O2 -ffile-prefix-map=/build/gcc-arm-none-eabi-hYfgK4/gcc-arm-none-eabi-10.3-2021.07=. -flto=auto -ffat-lto-objects -fstack-protector-strong' CPPFLAGS='-Wdate-time -D_FORTIFY_SOURCE=2' CXXFLAGS='-g -O2 -ffile-prefix-map=/build/gcc-arm-none-eabi-hYfgK4/gcc-arm-none-eabi-10.3-2021.07=. -flto=auto -ffat-lto-objects -fstack-protector-strong' DFLAGS=-frelease FCFLAGS='-g -O2 -ffile-prefix-map=/build/gcc-arm-none-eabi-hYfgK4/gcc-arm-none-eabi-10.3-2021.07=. -flto=auto -ffat-lto-objects -fstack-protector-strong' FFLAGS='-g -O2 -ffile-prefix-map=/build/gcc-arm-none-eabi-hYfgK4/gcc-arm-none-eabi-10.3-2021.07=. -flto=auto -ffat-lto-objects -fstack-protector-strong' GCJFLAGS='-g -O2 -ffile-prefix-map=/build/gcc-arm-none-eabi-hYfgK4/gcc-arm-none-eabi-10.3-2021.07=. -fstack-protector-strong' LDFLAGS='-Wl,-Bsymbolic-functions -flto=auto -Wl,-z,relro' OBJCFLAGS='-g -O2 -ffile-prefix-map=/build/gcc-arm-none-eabi-hYfgK4/gcc-arm-none-eabi-10.3-2021.07=. -flto=auto -ffat-lto-objects -fstack-protector-strong' OBJCXXFLAGS='-g -O2 -ffile-prefix-map=/build/gcc-arm-none-eabi-hYfgK4/gcc-arm-none-eabi-10.3-2021.07=. -flto=auto -ffat-lto-objects -fstack-protector-strong' INHIBIT_LIBC_CFLAGS=-DUSE_TM_CLONE_REGISTRY=0 AR_FOR_TARGET=arm-none-eabi-ar AS_FOR_TARGET=arm-none-eabi-as LD_FOR_TARGET=arm-none-eabi-ld NM_FOR_TARGET=arm-none-eabi-nm OBJDUMP_FOR_TARGET=arm-none-eabi-objdump RANLIB_FOR_TARGET=arm-none-eabi-ranlib READELF_FOR_TARGET=arm-none-eabi-readelf STRIP_FOR_TARGET=arm-none-eabi-strip SED=/bin/sed SHELL=/bin/sh BASH=/bin/bash CONFIG_SHELL=/bin/bash]
  ignore line: [Thread model: single]
  ignore line: [Supported LTO compression algorithms: zlib]
  ignore line: [gcc version 10.3.1 20210621 (release) (15:10.3-2021.07-4) ]
  ignore line: [COLLECT_GCC_OPTIONS='-mcpu=cortex-m0plus' '-mthumb' '-v' '-o' 'CMakeFiles/cmTC_cf24b.dir/CMakeCCompilerABI.c.obj' '-c' '-mfloat-abi=soft' '-mlibarch=armv6s-m' '-march=armv6s-m']
  ignore line: [ /usr/lib/gcc/arm-none-eabi/10.3.1/cc1 -quiet -v -imultilib thumb/v6-m/nofp -D__USES_INITFINI__ /usr/share/cmake-3.22/Modules/CMakeCCompilerABI.c -quiet -dumpbase CMakeCCompilerABI.c -mcpu=cortex-m0plus -mthumb -mfloat-abi=soft -mlibarch=armv6s-m -march=armv6s-m -auxbase-strip CMakeFiles/cmTC_cf24b.dir/CMakeCCompilerABI.c.obj -version -o /tmp/cc2277mu.s]
  ignore line: [GNU C17 (15:10.3-2021.07-4) version 10.3.1 20210621 (release) (arm-none-eabi)]
  ignore line: [	compiled by GNU C version 11.2.0  GMP version 6.2.1  MPFR version 4.1.0  MPC version 1.2.1  isl version isl-0.24-GMP]
  ignore line: []
  ignore line: [GGC heuristics: --param ggc-min-expand=100 --param ggc-min-heapsize=131072]
  ignore line: [ignoring nonexistent directory "/usr/lib/gcc/arm-none-eabi/10.3.1/../../../arm-none-eabi/sys-include"]
  ignore line: [#include "..." search starts here:]
  ignore line: [#include <...> search starts here:]
  ignore line: [ /usr/lib/gcc/arm-none-eabi/10.3.1/include]
  ignore line: [ /usr/lib/gcc/arm-none-eabi/10.3.1/include-fixed]
  ignore line: [ /usr/lib/gcc/arm-none-eabi/10.3.1/../../../arm-none-eabi/include]
  ignore line: [End of search list.]
  ignore line: [GNU C17 (15:10.3-2021.07-4) version 10.3.1 20210621 (release) (arm-none-eabi)]
  ignore line: [	compiled by GNU C version 11.2.0  GMP version 6.2.1  MPFR version 4.1.0  MPC version 1.2.1  isl version isl-0.24-GMP]
  ignore line: []
  ignore line: [GGC heuristics: --param ggc-min-expand=100 --param ggc-min-heapsize=131072]
  ignore line: [Compiler executable checksum: 4cf7574ae54eb0935abb4a8c56f8bcfe]
  ignore line: [COLLECT_GCC_OPTIONS='-mcpu=cortex-m0plus' '-mthumb' '-v' '-o' 'CMakeFiles/cmTC_cf24b.dir/CMakeCCompilerABI.c.obj' '-c' '-mfloat-abi=soft' '-mlibarch=armv6s-m' '-march=armv6s-m']
  ignore line: [ /usr/lib/gcc/arm-none-eabi/10.3.1/../../../arm-none-eabi/bin/as -v -march=armv6s-m -mfloat-abi=soft -meabi=5 -o CMakeFiles/cmTC_cf24b.dir/CMakeCCompilerABI.c.obj /tmp/cc2277mu.s]
  ignore line: [GNU assembler version 2.38 (arm-none-eabi) using BFD version (2.38-3ubuntu1+15build1) 2.38]
  ignore line: [COMPILER_PATH=/usr/lib/gcc/arm-none-eabi/10.3.1/:/usr/lib/gcc/arm-none-eabi/10.3.1/:/usr/lib/gcc/arm-none-eabi/:/usr/lib/gcc/arm-none-eabi/10.3.1/:/usr/lib/gcc/arm-none-eabi/:/usr/lib/gcc/arm-none-eabi/10.3.1/../../../arm-none-eabi/bin/]
  ignore line: [LIBRARY_PATH=/usr/lib/gcc/arm-none-eabi/10.3.1/thumb/v6-m/nofp/:/usr/lib/gcc/arm-none-eabi/10.3.1/../../../arm-none-eabi/lib/thumb/v6-m/nofp/:/usr/lib/gcc/arm-none-eabi/10.3.1/:/usr/lib/gcc/arm-none-eabi/10.3.1/../../../arm-none-eabi/lib/]
  ignore line: [COLLECT_GCC_OPTIONS='-mcpu=cortex-m0plus' '-mthumb' '-v' '-o' 'CMakeFiles/cmTC_cf24b.dir/CMakeCCompilerABI.c.obj' '-c' '-mfloat-abi=soft' '-mlibarch=armv6s-m' '-march=armv6s-m']
  ignore line: [Linking C executable cmTC_cf24b.elf]
  ignore line: [/usr/bin/cmake -E cmake_link_script CMakeFiles/cmTC_cf24b.dir/link.txt --verbose=1]
  ignore line: [/usr/bin/arm-none-eabi-gcc -mcpu=cortex-m0plus -mthumb  -Wl --build-id=none -nostdlib  -v CMakeFiles/cmTC_cf24b.dir/CMakeCCompilerABI.c.obj -o cmTC_cf24b.elf ]
  ignore line: [Using built-in specs.]
  ignore line: [COLLECT_GCC=/usr/bin/arm-none-eabi-gcc]
  ignore line: [COLLECT_LTO_WRAPPER=/usr/lib/gcc/arm-none-eabi/10.3.1/lto-wrapper]
  ignore line: [Target: arm-none-eabi]
  ignore line: [Configured with: ../configure --build=x86_64-linux-gnu --prefix=/usr --includedir='/usr/lib/include' --mandir='/usr/lib/share/man' --infodir='/usr/lib/share/info' --sysconfdir=/etc --localstatedir=/var --disable-option-checking --disable-silent-rules --libdir='/usr/lib/lib/x86_64-linux-gnu' --libexecdir='/usr/lib/lib/x86_64-linux-gnu' --disable-maintainer-mode --disable-dependency-tracking --mandir=/usr/share/man --enable-languages=c,c++,lto --enable-multilib --disable-decimal-float --disable-libffi --disable-libgomp --disable-libmudflap --disable-libquadmath --disable-libssp --disable-libstdcxx-pch --disable-nls --disable-shared --disable-threads --enable-tls --build=x86_64-linux-gnu --target=arm-none-eabi --with-system-zlib --with-gnu-as --with-gnu-ld --with-pkgversion=15:10.3-2021.07-4 --without-included-gettext --prefix=/usr/lib --infodir=/usr/share/doc/gcc-arm-none-eabi/info --htmldir=/usr/share/doc/gcc-arm-none-eabi/html --pdfdir=/usr/share/doc/gcc-arm-none-eabi/pdf --bindir=/usr/bin --libexecdir=/usr/lib --libdir=/usr/lib --disable-libstdc++-v3 --host=x86_64-linux-gnu --with-headers=no --without-newlib --with-multilib-list=rmprofile,aprofile CFLAGS='-g -O2 -ffile-prefix-map=/build/gcc-arm-none-eabi-hYfgK4/gcc-arm-none-eabi-10.3-2021.07=. -flto=auto -ffat-lto-objects -fstack-protector-strong' CPPFLAGS='-Wdate-time -D_FORTIFY_SOURCE=2' CXXFLAGS='-g -O2 -ffile-prefix-map=/build/gcc-arm-none-eabi-hYfgK4/gcc-arm-none-eabi-10.3-2021.07=. -flto=auto -ffat-lto-objects -fstack-protector-strong' DFLAGS=-frelease FCFLAGS='-g -O2 -ffile-prefix-map=/build/gcc-arm-none-eabi-hYfgK4/gcc-arm-none-eabi-10.3-2021.07=. -flto=auto -ffat-lto-objects -fstack-protector-strong' FFLAGS='-g -O2 -ffile-prefix-map=/build/gcc-arm-none-eabi-hYfgK4/gcc-arm-none-eabi-10.3-2021.07=. -flto=auto -ffat-lto-objects -fstack-protector-strong' GCJFLAGS='-g -O2 -ffile-prefix-map=/build/gcc-arm-none-eabi-hYfgK4/gcc-arm-none-eabi-10.3-2021.07=. -fstack-protector-strong' LDFLAGS='-Wl,-Bsymbolic-functions -flto=auto -Wl,-z,relro' OBJCFLAGS='-g -O2 -ffile-prefix-map=/build/gcc-arm-none-eabi-hYfgK4/gcc-arm-none-eabi-10.3-2021.07=. -flto=auto -ffat-lto-objects -fstack-protector-strong' OBJCXXFLAGS='-g -O2 -ffile-prefix-map=/build/gcc-arm-none-eabi-hYfgK4/gcc-arm-none-eabi-10.3-2021.07=. -flto=auto -ffat-lto-objects -fstack-protector-strong' INHIBIT_LIBC_CFLAGS=-DUSE_TM_CLONE_REGISTRY=0 AR_FOR_TARGET=arm-none-eabi-ar AS_FOR_TARGET=arm-none-eabi-as LD_FOR_TARGET=arm-none-eabi-ld NM_FOR_TARGET=arm-none-eabi-nm OBJDUMP_FOR_TARGET=arm-none-eabi-objdump RANLIB_FOR_TARGET=arm-none-eabi-ranlib READELF_FOR_TARGET=arm-none-eabi-readelf STRIP_FOR_TARGET=arm-none-eabi-strip SED=/bin/sed SHELL=/bin/sh BASH=/bin/bash CONFIG_SHELL=/bin/bash]
  ignore line: [Thread model: single]
  ignore line: [Supported LTO compression algorithms: zlib]
  ignore line: [gcc version 10.3.1 20210621 (release) (15:10.3-2021.07-4) ]
  ignore line: [COMPILER_PATH=/usr/lib/gcc/arm-none-eabi/10.3.1/:/usr/lib/gcc/arm-none-eabi/10.3.1/:/usr/lib/gcc/arm-none-eabi/:/usr/lib/gcc/arm-none-eabi/10.3.1/:/usr/lib/gcc/arm-none-eabi/:/usr/lib/gcc/arm-none-eabi/10.3.1/../../../arm-none-eabi/bin/]
  ignore line: [LIBRARY_PATH=/usr/lib/gcc/arm-none-eabi/10.3.1/thumb/v6-m/nofp/:/usr/lib/gcc/arm-none-eabi/10.3.1/../../../arm-none-eabi/lib/thumb/v6-m/nofp/:/usr/lib/gcc/arm-none-eabi/10.3.1/:/usr/lib/gcc/arm-none-eabi/10.3.1/../../../arm-none-eabi/lib/]
  ignore line: [COLLECT_GCC_OPTIONS='-mcpu=cortex-m0plus' '-mthumb' '-nostdlib' '-v' '-o' 'cmTC_cf24b.elf' '-mfloat-abi=soft' '-mlibarch=armv6s-m' '-march=armv6s-m']
  link line: [ /usr/lib/gcc/arm-none-eabi/10.3.1/collect2 -plugin /usr/lib/gcc/arm-none-eabi/10.3.1/liblto_plugin.so -plugin-opt=/usr/lib/gcc/arm-none-eabi/10.3.1/lto-wrapper -plugin-opt=-fresolution=/tmp/ccC01RoN.res -X -o cmTC_cf24b.elf -L/usr/lib/gcc/arm-none-eabi/10.3.1/thumb/v6-m/nofp -L/usr/lib/gcc/arm-none-eabi/10.3.1/../../../arm-none-eabi/lib/thumb/v6-m/nofp -L/usr/lib/gcc/arm-none-eabi/10.3.1 -L/usr/lib/gcc/arm-none-eabi/10.3.1/../../../arm-none-eabi/lib --build-id=none CMakeFiles/cmTC_cf24b.dir/CMakeCCompilerABI.c.obj]
    arg [/usr/lib/gcc/arm-none-eabi/10.3.1/collect2] ==> ignore
    arg [-plugin] ==> ignore
    arg [/usr/lib/gcc/arm-none-eabi/10.3.1/liblto_plugin.so] ==> ignore
    arg [-plugin-opt=/usr/lib/gcc/arm-none-eabi/10.3.1/lto-wrapper] ==> ignore
    arg [-plugin-opt=-fresolution=/tmp/ccC01RoN.res] ==> ignore
    arg [-X] ==> ignore
    arg [-o] ==> ignore
    arg [cmTC_cf24b.elf] ==> ignore
    arg [-L/usr/lib/gcc/arm-none-eabi/10.3.1/thumb/v6-m/nofp] ==> dir [/usr/lib/gcc/arm-none-eabi/10.3.1/thumb/v6-m/nofp]
    arg [-L/usr/lib/gcc/arm-none-eabi/10.3.1/../../../arm-none-eabi/lib/thumb/v6-m/nofp] ==> dir [/usr/lib/gcc/arm-none-eabi/10.3.1/../../../arm-none-eabi/lib/thumb/v6-m/nofp]
    arg [-L/usr/lib/gcc/arm-none-eabi/10.3.1] ==> dir [/usr/lib/gcc/arm-none-eabi/10.3.1]
    arg [-L/usr/lib/gcc/arm-none-eabi/10.3.1/../../../arm-none-eabi/lib] ==> dir [/usr/lib/gcc/arm-none-eabi/10.3.1/../../../arm-none-eabi/lib]
    arg [--build-id=none] ==> ignore
    arg [CMakeFiles/cmTC_cf24b.dir/CMakeCCompilerABI.c.obj] ==> ignore
  collapse library dir [/usr/lib/gcc/arm-none-eabi/10.3.1/thumb/v6-m/nofp] ==> [/usr/lib/gcc/arm-none-eabi/10.3.1/thumb/v6-m/nofp]
  collapse library dir [/usr/lib/gcc/arm-none-eabi/10.3.1/../../../arm-none-eabi/lib/thumb/v6-m/nofp] ==> [/usr/lib/arm-none-eabi/lib/thumb/v6-m/nofp]
  collapse library dir [/usr/lib/gcc/arm-none-eabi/10.3.1] ==> [/usr/lib/gcc/arm-none-eabi/10.3.1]
  collapse library dir [/usr/lib/gcc/arm-none-eabi/10.3.1/../../../arm-none-eabi/lib] ==> [/usr/lib/arm-none-eabi/lib]
  implicit libs: []
  implicit objs: []
  implicit dirs: [/usr/lib/gcc/arm-none-eabi/10.3.1/thumb/v6-m/nofp;/usr/lib/arm-none-eabi/lib/thumb/v6-m/nofp;/usr/lib/gcc/arm-none-eabi/10.3.1;/usr/lib/arm-none-eabi/lib]
  implicit fwks: []


Detecting CXX compiler ABI info compiled with the following output:
Change Dir: /home/pi/NN2022Code/SrcBoardFirmware/build/CMakeFiles/CMakeTmp

Run Build Command(s):/usr/bin/gmake -f Makefile cmTC_45acd/fast && /usr/bin/gmake  -f CMakeFiles/cmTC_45acd.dir/build.make CMakeFiles/cmTC_45acd.dir/build
gmake[1]: Entering directory '/home/pi/NN2022Code/SrcBoardFirmware/build/CMakeFiles/CMakeTmp'
Building CXX object CMakeFiles/cmTC_45acd.dir/CMakeCXXCompilerABI.cpp.obj
/usr/bin/arm-none-eabi-g++   -mcpu=cortex-m0plus -mthumb    -v -o CMakeFiles/cmTC_45acd.dir/CMakeCXXCompilerABI.cpp.obj -c /usr/share/cmake-3.22/Modules/CMakeCXXCompilerABI.cpp
Using built-in specs.
COLLECT_GCC=/usr/bin/arm-none-eabi-g++
Target: arm-none-eabi
Configured with: ../configure --build=x86_64-linux-gnu --prefix=/usr --includedir='/usr/lib/include' --mandir='/usr/lib/share/man' --infodir='/usr/lib/share/info' --sysconfdir=/etc --localstatedir=/var --disable-option-checking --disable-silent-rules --libdir='/usr/lib/lib/x86_64-linux-gnu' --libexecdir='/usr/lib/lib/x86_64-linux-gnu' --disable-maintainer-mode --disable-dependency-tracking --mandir=/usr/share/man --enable-languages=c,c++,lto --enable-multilib --disable-decimal-float --disable-libffi --disable-libgomp --disable-libmudflap --disable-libquadmath --disable-libssp --disable-libstdcxx-pch --disable-nls --disable-shared --disable-threads --enable-tls --build=x86_64-linux-gnu --target=arm-none-eabi --with-system-zlib --with-gnu-as --with-gnu-ld --with-pkgversion=15:10.3-2021.07-4 --without-included-gettext --prefix=/usr/lib --infodir=/usr/share/doc/gcc-arm-none-eabi/info --htmldir=/usr/share/doc/gcc-arm-none-eabi/html --pdfdir=/usr/share/doc/gcc-arm-none-eabi/pdf --bindir=/usr/bin --libexecdir=/usr/lib --libdir=/usr/lib --disable-libstdc++-v3 --host=x86_64-linux-gnu --with-headers=no --without-newlib --with-multilib-list=rmprofile,aprofile CFLAGS='-g -O2 -ffile-prefix-map=/build/gcc-arm-none-eabi-hYfgK4/gcc-arm-none-eabi-10.3-2021.07=. -flto=auto -ffat-lto-objects -fstack-protector-strong' CPPFLAGS='-Wdate-time -D_FORTIFY_SOURCE=2' CXXFLAGS='-g -O2 -ffile-prefix-map=/build/gcc-arm-none-eabi-hYfgK4/gcc-arm-none-eabi-10.3-2021.07=. -flto=auto -ffat-lto-objects -fstack-protector-strong' DFLAGS=-frelease FCFLAGS='-g -O2 -ffile-prefix-map=/build/gcc-arm-none-eabi-hYfgK4/gcc-arm-none-eabi-10.3-2021.07=. -flto=auto -ffat-lto-objects -fstack-protector-strong' FFLAGS='-g -O2 -ffile-prefix-map=/build/gcc-arm-none-eabi-hYfgK4/gcc-arm-none-eabi-10.3-2021.07=. -flto=auto -ffat-lto-objects -fstack-protector-strong' GCJFLAGS='-g -O2 -ffile-prefix-map=/build/gcc-arm-none-eabi-hYfgK4/gcc-arm-none-eabi-10.3-2021.07=. -fstack-protector-strong' LDFLAGS='-Wl,-Bsymbolic-functions -flto=auto -Wl,-z,relro' OBJCFLAGS='-g -O2 -ffile-prefix-map=/build/gcc-arm-none-eabi-hYfgK4/gcc-arm-none-eabi-10.3-2021.07=. -flto=auto -ffat-lto-objects -fstack-protector-strong' OBJCXXFLAGS='-g -O2 -ffile-prefix-map=/build/gcc-arm-none-eabi-hYfgK4/gcc-arm-none-eabi-10.3-2021.07=. -flto=auto -ffat-lto-objects -fstack-protector-strong' INHIBIT_LIBC_CFLAGS=-DUSE_TM_CLONE_REGISTRY=0 AR_FOR_TARGET=arm-none-eabi-ar AS_FOR_TARGET=arm-none-eabi-as LD_FOR_TARGET=arm-none-eabi-ld NM_FOR_TARGET=arm-none-eabi-nm OBJDUMP_FOR_TARGET=arm-none-eabi-objdump RANLIB_FOR_TARGET=arm-none-eabi-ranlib READELF_FOR_TARGET=arm-none-eabi-readelf STRIP_FOR_TARGET=arm-none-eabi-strip SED=/bin/sed SHELL=/bin/sh BASH=/bin/bash CONFIG_SHELL=/bin/bash
Thread model: single
Supported LTO compression algorithms: zlib
gcc version 10.3.1 20210621 (release) (15:10.3-2021.07-4) 
COLLECT_GCC_OPTIONS='-mcpu=cortex-m0plus' '-mthumb' '-v' '-o' 'CMakeFiles/cmTC_45acd.dir/CMakeCXXCompilerABI.cpp.obj' '-c' '-mfloat-abi=soft' '-mlibarch=armv6s-m' '-march=armv6s-m'
 /usr/lib/gcc/arm-none-eabi/10.3.1/cc1plus -quiet -v -imultilib thumb/v6-m/nofp -D__USES_INITFINI__ /usr/share/cmake-3.22/Modules/CMakeCXXCompilerABI.cpp -quiet -dumpbase CMakeCXXCompilerABI.cpp -mcpu=cortex-m0plus -mthumb -mfloat-abi=soft -mlibarch=armv6s-m -march=armv6s-m -auxbase-strip CMakeFiles/cmTC_45acd.dir/CMakeCXXCompilerABI.cpp.obj -version -o /tmp/ccwvCB58.s
GNU C++14 (15:10.3-2021.07-4) version 10.3.1 20210621 (release) (arm-none-eabi)
	compiled by GNU C version 11.2.0, GMP version 6.2.1, MPFR version 4.1.0, MPC version 1.2.1, isl version isl-0.24-GMP

GGC heuristics: --param ggc-min-expand=100 --param ggc-min-heapsize=131072
ignoring nonexistent directory "/usr/lib/gcc/arm-none-eabi/10.3.1/../../../arm-none-eabi/sys-include"
#include "..." search starts here:
#include <...> search starts here:
 /usr/lib/gcc/arm-none-eabi/10.3.1/../../../arm-none-eabi/include/c++/10.3.1
 /usr/lib/gcc/arm-none-eabi/10.3.1/../../../arm-none-eabi/include/c++/10.3.1/arm-none-eabi/thumb/v6-m/nofp
 /usr/lib/gcc/arm-none-eabi/10.3.1/../../../arm-none-eabi/include/c++/10.3.1/backward
 /usr/lib/gcc/arm-none-eabi/10.3.1/include
 /usr/lib/gcc/arm-none-eabi/10.3.1/include-fixed
 /usr/lib/gcc/arm-none-eabi/10.3.1/../../../arm-none-eabi/include
End of search list.
GNU C++14 (15:10.3-2021.07-4) version 10.3.1 20210621 (release) (arm-none-eabi)
	compiled by GNU C version 11.2.0, GMP version 6.2.1, MPFR version 4.1.0, MPC version 1.2.1, isl version isl-0.24-GMP

GGC heuristics: --param ggc-min-expand=100 --param ggc-min-heapsize=131072
Compiler executable checksum: 4f994585a8ca8864fa1f4d2fb208a0ba
COLLECT_GCC_OPTIONS='-mcpu=cortex-m0plus' '-mthumb' '-v' '-o' 'CMakeFiles/cmTC_45acd.dir/CMakeCXXCompilerABI.cpp.obj' '-c' '-mfloat-abi=soft' '-mlibarch=armv6s-m' '-march=armv6s-m'
 /usr/lib/gcc/arm-none-eabi/10.3.1/../../../arm-none-eabi/bin/as -v -march=armv6s-m -mfloat-abi=soft -meabi=5 -o CMakeFiles/cmTC_45acd.dir/CMakeCXXCompilerABI.cpp.obj /tmp/ccwvCB58.s
GNU assembler version 2.38 (arm-none-eabi) using BFD version (2.38-3ubuntu1+15build1) 2.38
COMPILER_PATH=/usr/lib/gcc/arm-none-eabi/10.3.1/:/usr/lib/gcc/arm-none-eabi/10.3.1/:/usr/lib/gcc/arm-none-eabi/:/usr/lib/gcc/arm-none-eabi/10.3.1/:/usr/lib/gcc/arm-none-eabi/:/usr/lib/gcc/arm-none-eabi/10.3.1/../../../arm-none-eabi/bin/
LIBRARY_PATH=/usr/lib/gcc/arm-none-eabi/10.3.1/thumb/v6-m/nofp/:/usr/lib/gcc/arm-none-eabi/10.3.1/../../../arm-none-eabi/lib/thumb/v6-m/nofp/:/usr/lib/gcc/arm-none-eabi/10.3.1/:/usr/lib/gcc/arm-none-eabi/10.3.1/../../../arm-none-eabi/lib/
COLLECT_GCC_OPTIONS='-mcpu=cortex-m0plus' '-mthumb' '-v' '-o' 'CMakeFiles/cmTC_45acd.dir/CMakeCXXCompilerABI.cpp.obj' '-c' '-mfloat-abi=soft' '-mlibarch=armv6s-m' '-march=armv6s-m'
Linking CXX executable cmTC_45acd.elf
/usr/bin/cmake -E cmake_link_script CMakeFiles/cmTC_45acd.dir/link.txt --verbose=1
/usr/bin/arm-none-eabi-g++ -mcpu=cortex-m0plus -mthumb  -Wl,--build-id=none -nostdlib  -v CMakeFiles/cmTC_45acd.dir/CMakeCXXCompilerABI.cpp.obj -o cmTC_45acd.elf 
Using built-in specs.
COLLECT_GCC=/usr/bin/arm-none-eabi-g++
COLLECT_LTO_WRAPPER=/usr/lib/gcc/arm-none-eabi/10.3.1/lto-wrapper
Target: arm-none-eabi
Configured with: ../configure --build=x86_64-linux-gnu --prefix=/usr --includedir='/usr/lib/include' --mandir='/usr/lib/share/man' --infodir='/usr/lib/share/info' --sysconfdir=/etc --localstatedir=/var --disable-option-checking --disable-silent-rules --libdir='/usr/lib/lib/x86_64-linux-gnu' --libexecdir='/usr/lib/lib/x86_64-linux-gnu' --disable-maintainer-mode --disable-dependency-tracking --mandir=/usr/share/man --enable-languages=c,c++,lto --enable-multilib --disable-decimal-float --disable-libffi --disable-libgomp --disable-libmudflap --disable-libquadmath --disable-libssp --disable-libstdcxx-pch --disable-nls --disable-shared --disable-threads --enable-tls --build=x86_64-linux-gnu --target=arm-none-eabi --with-system-zlib --with-gnu-as --with-gnu-ld --with-pkgversion=15:10.3-2021.07-4 --without-included-gettext --prefix=/usr/lib --infodir=/usr/share/doc/gcc-arm-none-eabi/info --htmldir=/usr/share/doc/gcc-arm-none-eabi/html --pdfdir=/usr/share/doc/gcc-arm-none-eabi/pdf --bindir=/usr/bin --libexecdir=/usr/lib --libdir=/usr/lib --disable-libstdc++-v3 --host=x86_64-linux-gnu --with-headers=no --without-newlib --with-multilib-list=rmprofile,aprofile CFLAGS='-g -O2 -ffile-prefix-map=/build/gcc-arm-none-eabi-hYfgK4/gcc-arm-none-eabi-10.3-2021.07=. -flto=auto -ffat-lto-objects -fstack-protector-strong' CPPFLAGS='-Wdate-time -D_FORTIFY_SOURCE=2' CXXFLAGS='-g -O2 -ffile-prefix-map=/build/gcc-arm-none-eabi-hYfgK4/gcc-arm-none-eabi-10.3-2021.07=. -flto=auto -ffat-lto-objects -fstack-protector-strong' DFLAGS=-frelease FCFLAGS='-g -O2 -ffile-prefix-map=/build/gcc-arm-none-eabi-hYfgK4/gcc-arm-none-eabi-10.3-2021.07=. -flto=auto -ffat-lto-objects -fstack-protector-strong' FFLAGS='-g -O2 -ffile-prefix-map=/build/gcc-arm-none-eabi-hYfgK4/gcc-arm-none-eabi-10.3-2021.07=. -flto=auto -ffat-lto-objects -fstack-protector-strong' GCJFLAGS='-g -O2 -ffile-prefix-map=/build/gcc-arm-none-eabi-hYfgK4/gcc-arm-none-eabi-10.3-2021.07=. -fstack-protector-strong' LDFLAGS='-Wl,-Bsymbolic-functions -flto=auto -Wl,-z,relro' OBJCFLAGS='-g -O2 -ffile-prefix-map=/build/gcc-arm-none-eabi-hYfgK4/gcc-arm-none-eabi-10.3-2021.07=. -flto=auto -ffat-lto-objects -fstack-protector-strong' OBJCXXFLAGS='-g -O2 -ffile-prefix-map=/build/gcc-arm-none-eabi-hYfgK4/gcc-arm-none-eabi-10.3-2021.07=. -flto=auto -ffat-lto-objects -fstack-protector-strong' INHIBIT_LIBC_CFLAGS=-DUSE_TM_CLONE_REGISTRY=0 AR_FOR_TARGET=arm-none-eabi-ar AS_FOR_TARGET=arm-none-eabi-as LD_FOR_TARGET=arm-none-eabi-ld NM_FOR_TARGET=arm-none-eabi-nm OBJDUMP_FOR_TARGET=arm-none-eabi-objdump RANLIB_FOR_TARGET=arm-none-eabi-ranlib READELF_FOR_TARGET=arm-none-eabi-readelf STRIP_FOR_TARGET=arm-none-eabi-strip SED=/bin/sed SHELL=/bin/sh BASH=/bin/bash CONFIG_SHELL=/bin/bash
Thread model: single
Supported LTO compression algorithms: zlib
gcc version 10.3.1 20210621 (release) (15:10.3-2021.07-4) 
COMPILER_PATH=/usr/lib/gcc/arm-none-eabi/10.3.1/:/usr/lib/gcc/arm-none-eabi/10.3.1/:/usr/lib/gcc/arm-none-eabi/:/usr/lib/gcc/arm-none-eabi/10.3.1/:/usr/lib/gcc/arm-none-eabi/:/usr/lib/gcc/arm-none-eabi/10.3.1/../../../arm-none-eabi/bin/
LIBRARY_PATH=/usr/lib/gcc/arm-none-eabi/10.3.1/thumb/v6-m/nofp/:/usr/lib/gcc/arm-none-eabi/10.3.1/../../../arm-none-eabi/lib/thumb/v6-m/nofp/:/usr/lib/gcc/arm-none-eabi/10.3.1/:/usr/lib/gcc/arm-none-eabi/10.3.1/../../../arm-none-eabi/lib/
COLLECT_GCC_OPTIONS='-mcpu=cortex-m0plus' '-mthumb' '-nostdlib' '-v' '-o' 'cmTC_45acd.elf' '-mfloat-abi=soft' '-mlibarch=armv6s-m' '-march=armv6s-m'
 /usr/lib/gcc/arm-none-eabi/10.3.1/collect2 -plugin /usr/lib/gcc/arm-none-eabi/10.3.1/liblto_plugin.so -plugin-opt=/usr/lib/gcc/arm-none-eabi/10.3.1/lto-wrapper -plugin-opt=-fresolution=/tmp/ccw3lkOS.res -X -o cmTC_45acd.elf -L/usr/lib/gcc/arm-none-eabi/10.3.1/thumb/v6-m/nofp -L/usr/lib/gcc/arm-none-eabi/10.3.1/../../../arm-none-eabi/lib/thumb/v6-m/nofp -L/usr/lib/gcc/arm-none-eabi/10.3.1 -L/usr/lib/gcc/arm-none-eabi/10.3.1/../../../arm-none-eabi/lib --build-id=none CMakeFiles/cmTC_45acd.dir/CMakeCXXCompilerABI.cpp.obj
/usr/lib/gcc/arm-none-eabi/10.3.1/../../../arm-none-eabi/bin/ld: warning: cannot find entry symbol _start; defaulting to 0000000000008000
COLLECT_GCC_OPTIONS='-mcpu=cortex-m0plus' '-mthumb' '-nostdlib' '-v' '-o' 'cmTC_45acd.elf' '-mfloat-abi=soft' '-mlibarch=armv6s-m' '-march=armv6s-m'
gmake[1]: Leaving directory '/home/pi/NN2022Code/SrcBoardFirmware/build/CMakeFiles/CMakeTmp'



Parsed CXX implicit include dir info from above output: rv=done
  found start of include info
  found start of implicit include info
    add: [/usr/lib/gcc/arm-none-eabi/10.3.1/../../../arm-none-eabi/include/c++/10.3.1]
    add: [/usr/lib/gcc/arm-none-eabi/10.3.1/../../../arm-none-eabi/include/c++/10.3.1/arm-none-eabi/thumb/v6-m/nofp]
    add: [/usr/lib/gcc/arm-none-eabi/10.3.1/../../../arm-none-eabi/include/c++/10.3.1/backward]
    add: [/usr/lib/gcc/arm-none-eabi/10.3.1/include]
    add: [/usr/lib/gcc/arm-none-eabi/10.3.1/include-fixed]
    add: [/usr/lib/gcc/arm-none-eabi/10.3.1/../../../arm-none-eabi/include]
  end of search list found
  collapse include dir [/usr/lib/gcc/arm-none-eabi/10.3.1/../../../arm-none-eabi/include/c++/10.3.1] ==> [/usr/lib/arm-none-eabi/include/c++/10.3.1]
  collapse include dir [/usr/lib/gcc/arm-none-eabi/10.3.1/../../../arm-none-eabi/include/c++/10.3.1/arm-none-eabi/thumb/v6-m/nofp] ==> [/usr/lib/arm-none-eabi/include/c++/10.3.1/arm-none-eabi/thumb/v6-m/nofp]
  collapse include dir [/usr/lib/gcc/arm-none-eabi/10.3.1/../../../arm-none-eabi/include/c++/10.3.1/backward] ==> [/usr/lib/arm-none-eabi/include/c++/10.3.1/backward]
  collapse include dir [/usr/lib/gcc/arm-none-eabi/10.3.1/include] ==> [/usr/lib/gcc/arm-none-eabi/10.3.1/include]
  collapse include dir [/usr/lib/gcc/arm-none-eabi/10.3.1/include-fixed] ==> [/usr/lib/gcc/arm-none-eabi/10.3.1/include-fixed]
  collapse include dir [/usr/lib/gcc/arm-none-eabi/10.3.1/../../../arm-none-eabi/include] ==> [/usr/lib/arm-none-eabi/include]
  implicit include dirs: [/usr/lib/arm-none-eabi/include/c++/10.3.1;/usr/lib/arm-none-eabi/include/c++/10.3.1/arm-none-eabi/thumb/v6-m/nofp;/usr/lib/arm-none-eabi/include/c++/10.3.1/backward;/usr/lib/gcc/arm-none-eabi/10.3.1/include;/usr/lib/gcc/arm-none-eabi/10.3.1/include-fixed;/usr/lib/arm-none-eabi/include]


Parsed CXX implicit link information from above output:
  link line regex: [^( *|.*[/\])(arm-none-eabi-ld|CMAKE_LINK_STARTFILE-NOTFOUND|([^/\]+-)?ld|collect2)[^/\]*( |$)]
  ignore line: [Change Dir: /home/pi/NN2022Code/SrcBoardFirmware/build/CMakeFiles/CMakeTmp]
  ignore line: []
  ignore line: [Run Build Command(s):/usr/bin/gmake -f Makefile cmTC_45acd/fast && /usr/bin/gmake  -f CMakeFiles/cmTC_45acd.dir/build.make CMakeFiles/cmTC_45acd.dir/build]
  ignore line: [gmake[1]: Entering directory '/home/pi/NN2022Code/SrcBoardFirmware/build/CMakeFiles/CMakeTmp']
  ignore line: [Building CXX object CMakeFiles/cmTC_45acd.dir/CMakeCXXCompilerABI.cpp.obj]
  ignore line: [/usr/bin/arm-none-eabi-g++   -mcpu=cortex-m0plus -mthumb    -v -o CMakeFiles/cmTC_45acd.dir/CMakeCXXCompilerABI.cpp.obj -c /usr/share/cmake-3.22/Modules/CMakeCXXCompilerABI.cpp]
  ignore line: [Using built-in specs.]
  ignore line: [COLLECT_GCC=/usr/bin/arm-none-eabi-g++]
  ignore line: [Target: arm-none-eabi]
  ignore line: [Configured with: ../configure --build=x86_64-linux-gnu --prefix=/usr --includedir='/usr/lib/include' --mandir='/usr/lib/share/man' --infodir='/usr/lib/share/info' --sysconfdir=/etc --localstatedir=/var --disable-option-checking --disable-silent-rules --libdir='/usr/lib/lib/x86_64-linux-gnu' --libexecdir='/usr/lib/lib/x86_64-linux-gnu' --disable-maintainer-mode --disable-dependency-tracking --mandir=/usr/share/man --enable-languages=c,c++,lto --enable-multilib --disable-decimal-float --disable-libffi --disable-libgomp --disable-libmudflap --disable-libquadmath --disable-libssp --disable-libstdcxx-pch --disable-nls --disable-shared --disable-threads --enable-tls --build=x86_64-linux-gnu --target=arm-none-eabi --with-system-zlib --with-gnu-as --with-gnu-ld --with-pkgversion=15:10.3-2021.07-4 --without-included-gettext --prefix=/usr/lib --infodir=/usr/share/doc/gcc-arm-none-eabi/info --htmldir=/usr/share/doc/gcc-arm-none-eabi/html --pdfdir=/usr/share/doc/gcc-arm-none-eabi/pdf --bindir=/usr/bin --libexecdir=/usr/lib --libdir=/usr/lib --disable-libstdc++-v3 --host=x86_64-linux-gnu --with-headers=no --without-newlib --with-multilib-list=rmprofile,aprofile CFLAGS='-g -O2 -ffile-prefix-map=/build/gcc-arm-none-eabi-hYfgK4/gcc-arm-none-eabi-10.3-2021.07=. -flto=auto -ffat-lto-objects -fstack-protector-strong' CPPFLAGS='-Wdate-time -D_FORTIFY_SOURCE=2' CXXFLAGS='-g -O2 -ffile-prefix-map=/build/gcc-arm-none-eabi-hYfgK4/gcc-arm-none-eabi-10.3-2021.07=. -flto=auto -ffat-lto-objects -fstack-protector-strong' DFLAGS=-frelease FCFLAGS='-g -O2 -ffile-prefix-map=/build/gcc-arm-none-eabi-hYfgK4/gcc-arm-none-eabi-10.3-2021.07=. -flto=auto -ffat-lto-objects -fstack-protector-strong' FFLAGS='-g -O2 -ffile-prefix-map=/build/gcc-arm-none-eabi-hYfgK4/gcc-arm-none-eabi-10.3-2021.07=. -flto=auto -ffat-lto-objects -fstack-protector-strong' GCJFLAGS='-g -O2 -ffile-prefix-map=/build/gcc-arm-none-eabi-hYfgK4/gcc-arm-none-eabi-10.3-2021.07=. -fstack-protector-strong' LDFLAGS='-Wl,-Bsymbolic-functions -flto=auto -Wl,-z,relro' OBJCFLAGS='-g -O2 -ffile-prefix-map=/build/gcc-arm-none-eabi-hYfgK4/gcc-arm-none-eabi-10.3-2021.07=. -flto=auto -ffat-lto-objects -fstack-protector-strong' OBJCXXFLAGS='-g -O2 -ffile-prefix-map=/build/gcc-arm-none-eabi-hYfgK4/gcc-arm-none-eabi-10.3-2021.07=. -flto=auto -ffat-lto-objects -fstack-protector-strong' INHIBIT_LIBC_CFLAGS=-DUSE_TM_CLONE_REGISTRY=0 AR_FOR_TARGET=arm-none-eabi-ar AS_FOR_TARGET=arm-none-eabi-as LD_FOR_TARGET=arm-none-eabi-ld NM_FOR_TARGET=arm-none-eabi-nm OBJDUMP_FOR_TARGET=arm-none-eabi-objdump RANLIB_FOR_TARGET=arm-none-eabi-ranlib READELF_FOR_TARGET=arm-none-eabi-readelf STRIP_FOR_TARGET=arm-none-eabi-strip SED=/bin/sed SHELL=/bin/sh BASH=/bin/bash CONFIG_SHELL=/bin/bash]
  ignore line: [Thread model: single]
  ignore line: [Supported LTO compression algorithms: zlib]
  ignore line: [gcc version 10.3.1 20210621 (release) (15:10.3-2021.07-4) ]
  ignore line: [COLLECT_GCC_OPTIONS='-mcpu=cortex-m0plus' '-mthumb' '-v' '-o' 'CMakeFiles/cmTC_45acd.dir/CMakeCXXCompilerABI.cpp.obj' '-c' '-mfloat-abi=soft' '-mlibarch=armv6s-m' '-march=armv6s-m']
  ignore line: [ /usr/lib/gcc/arm-none-eabi/10.3.1/cc1plus -quiet -v -imultilib thumb/v6-m/nofp -D__USES_INITFINI__ /usr/share/cmake-3.22/Modules/CMakeCXXCompilerABI.cpp -quiet -dumpbase CMakeCXXCompilerABI.cpp -mcpu=cortex-m0plus -mthumb -mfloat-abi=soft -mlibarch=armv6s-m -march=armv6s-m -auxbase-strip CMakeFiles/cmTC_45acd.dir/CMakeCXXCompilerABI.cpp.obj -version -o /tmp/ccwvCB58.s]
  ignore line: [GNU C++14 (15:10.3-2021.07-4) version 10.3.1 20210621 (release) (arm-none-eabi)]
  ignore line: [	compiled by GNU C version 11.2.0  GMP version 6.2.1  MPFR version 4.1.0  MPC version 1.2.1  isl version isl-0.24-GMP]
  ignore line: []
  ignore line: [GGC heuristics: --param ggc-min-expand=100 --param ggc-min-heapsize=131072]
  ignore line: [ignoring nonexistent directory "/usr/lib/gcc/arm-none-eabi/10.3.1/../../../arm-none-eabi/sys-include"]
  ignore line: [#include "..." search starts here:]
  ignore line: [#include <...> search starts here:]
  ignore line: [ /usr/lib/gcc/arm-none-eabi/10.3.1/../../../arm-none-eabi/include/c++/10.3.1]
  ignore line: [ /usr/lib/gcc/arm-none-eabi/10.3.1/../../../arm-none-eabi/include/c++/10.3.1/arm-none-eabi/thumb/v6-m/nofp]
  ignore line: [ /usr/lib/gcc/arm-none-eabi/10.3.1/../../../arm-none-eabi/include/c++/10.3.1/backward]
  ignore line: [ /usr/lib/gcc/arm-none-eabi/10.3.1/include]
  ignore line: [ /usr/lib/gcc/arm-none-eabi/10.3.1/include-fixed]
  ignore line: [ /usr/lib/gcc/arm-none-eabi/10.3.1/../../../arm-none-eabi/include]
  ignore line: [End of search list.]
  ignore line: [GNU C++14 (15:10.3-2021.07-4) version 10.3.1 20210621 (release) (arm-none-eabi)]
  ignore line: [	compiled by GNU C version 11.2.0  GMP version 6.2.1  MPFR version 4.1.0  MPC version 1.2.1  isl version isl-0.24-GMP]
  ignore line: []
  ignore line: [GGC heuristics: --param ggc-min-expand=100 --param ggc-min-heapsize=131072]
  ignore line: [Compiler executable checksum: 4f994585a8ca8864fa1f4d2fb208a0ba]
  ignore line: [COLLECT_GCC_OPTIONS='-mcpu=cortex-m0plus' '-mthumb' '-v' '-o' 'CMakeFiles/cmTC_45acd.dir/CMakeCXXCompilerABI.cpp.obj' '-c' '-mfloat-abi=soft' '-mlibarch=armv6s-m' '-march=armv6s-m']
  ignore line: [ /usr/lib/gcc/arm-none-eabi/10.3.1/../../../arm-none-eabi/bin/as -v -march=armv6s-m -mfloat-abi=soft -meabi=5 -o CMakeFiles/cmTC_45acd.dir/CMakeCXXCompilerABI.cpp.obj /tmp/ccwvCB58.s]
  ignore line: [GNU assembler version 2.38 (arm-none-eabi) using BFD version (2.38-3ubuntu1+15build1) 2.38]
  ignore line: [COMPILER_PATH=/usr/lib/gcc/arm-none-eabi/10.3.1/:/usr/lib/gcc/arm-none-eabi/10.3.1/:/usr/lib/gcc/arm-none-eabi/:/usr/lib/gcc/arm-none-eabi/10.3.1/:/usr/lib/gcc/arm-none-eabi/:/usr/lib/gcc/arm-none-eabi/10.3.1/../../../arm-none-eabi/bin/]
  ignore line: [LIBRARY_PATH=/usr/lib/gcc/arm-none-eabi/10.3.1/thumb/v6-m/nofp/:/usr/lib/gcc/arm-none-eabi/10.3.1/../../../arm-none-eabi/lib/thumb/v6-m/nofp/:/usr/lib/gcc/arm-none-eabi/10.3.1/:/usr/lib/gcc/arm-none-eabi/10.3.1/../../../arm-none-eabi/lib/]
  ignore line: [COLLECT_GCC_OPTIONS='-mcpu=cortex-m0plus' '-mthumb' '-v' '-o' 'CMakeFiles/cmTC_45acd.dir/CMakeCXXCompilerABI.cpp.obj' '-c' '-mfloat-abi=soft' '-mlibarch=armv6s-m' '-march=armv6s-m']
  ignore line: [Linking CXX executable cmTC_45acd.elf]
  ignore line: [/usr/bin/cmake -E cmake_link_script CMakeFiles/cmTC_45acd.dir/link.txt --verbose=1]
  ignore line: [/usr/bin/arm-none-eabi-g++ -mcpu=cortex-m0plus -mthumb  -Wl --build-id=none -nostdlib  -v CMakeFiles/cmTC_45acd.dir/CMakeCXXCompilerABI.cpp.obj -o cmTC_45acd.elf ]
  ignore line: [Using built-in specs.]
  ignore line: [COLLECT_GCC=/usr/bin/arm-none-eabi-g++]
  ignore line: [COLLECT_LTO_WRAPPER=/usr/lib/gcc/arm-none-eabi/10.3.1/lto-wrapper]
  ignore line: [Target: arm-none-eabi]
  ignore line: [Configured with: ../configure --build=x86_64-linux-gnu --prefix=/usr --includedir='/usr/lib/include' --mandir='/usr/lib/share/man' --infodir='/usr/lib/share/info' --sysconfdir=/etc --localstatedir=/var --disable-option-checking --disable-silent-rules --libdir='/usr/lib/lib/x86_64-linux-gnu' --libexecdir='/usr/lib/lib/x86_64-linux-gnu' --disable-maintainer-mode --disable-dependency-tracking --mandir=/usr/share/man --enable-languages=c,c++,lto --enable-multilib --disable-decimal-float --disable-libffi --disable-libgomp --disable-libmudflap --disable-libquadmath --disable-libssp --disable-libstdcxx-pch --disable-nls --disable-shared --disable-threads --enable-tls --build=x86_64-linux-gnu --target=arm-none-eabi --with-system-zlib --with-gnu-as --with-gnu-ld --with-pkgversion=15:10.3-2021.07-4 --without-included-gettext --prefix=/usr/lib --infodir=/usr/share/doc/gcc-arm-none-eabi/info --htmldir=/usr/share/doc/gcc-arm-none-eabi/html --pdfdir=/usr/share/doc/gcc-arm-none-eabi/pdf --bindir=/usr/bin --libexecdir=/usr/lib --libdir=/usr/lib --disable-libstdc++-v3 --host=x86_64-linux-gnu --with-headers=no --without-newlib --with-multilib-list=rmprofile,aprofile CFLAGS='-g -O2 -ffile-prefix-map=/build/gcc-arm-none-eabi-hYfgK4/gcc-arm-none-eabi-10.3-2021.07=. -flto=auto -ffat-lto-objects -fstack-protector-strong' CPPFLAGS='-Wdate-time -D_FORTIFY_SOURCE=2' CXXFLAGS='-g -O2 -ffile-prefix-map=/build/gcc-arm-none-eabi-hYfgK4/gcc-arm-none-eabi-10.3-2021.07=. -flto=auto -ffat-lto-objects -fstack-protector-strong' DFLAGS=-frelease FCFLAGS='-g -O2 -ffile-prefix-map=/build/gcc-arm-none-eabi-hYfgK4/gcc-arm-none-eabi-10.3-2021.07=. -flto=auto -ffat-lto-objects -fstack-protector-strong' FFLAGS='-g -O2 -ffile-prefix-map=/build/gcc-arm-none-eabi-hYfgK4/gcc-arm-none-eabi-10.3-2021.07=. -flto=auto -ffat-lto-objects -fstack-protector-strong' GCJFLAGS='-g -O2 -ffile-prefix-map=/build/gcc-arm-none-eabi-hYfgK4/gcc-arm-none-eabi-10.3-2021.07=. -fstack-protector-strong' LDFLAGS='-Wl,-Bsymbolic-functions -flto=auto -Wl,-z,relro' OBJCFLAGS='-g -O2 -ffile-prefix-map=/build/gcc-arm-none-eabi-hYfgK4/gcc-arm-none-eabi-10.3-2021.07=. -flto=auto -ffat-lto-objects -fstack-protector-strong' OBJCXXFLAGS='-g -O2 -ffile-prefix-map=/build/gcc-arm-none-eabi-hYfgK4/gcc-arm-none-eabi-10.3-2021.07=. -flto=auto -ffat-lto-objects -fstack-protector-strong' INHIBIT_LIBC_CFLAGS=-DUSE_TM_CLONE_REGISTRY=0 AR_FOR_TARGET=arm-none-eabi-ar AS_FOR_TARGET=arm-none-eabi-as LD_FOR_TARGET=arm-none-eabi-ld NM_FOR_TARGET=arm-none-eabi-nm OBJDUMP_FOR_TARGET=arm-none-eabi-objdump RANLIB_FOR_TARGET=arm-none-eabi-ranlib READELF_FOR_TARGET=arm-none-eabi-readelf STRIP_FOR_TARGET=arm-none-eabi-strip SED=/bin/sed SHELL=/bin/sh BASH=/bin/bash CONFIG_SHELL=/bin/bash]
  ignore line: [Thread model: single]
  ignore line: [Supported LTO compression algorithms: zlib]
  ignore line: [gcc version 10.3.1 20210621 (release) (15:10.3-2021.07-4) ]
  ignore line: [COMPILER_PATH=/usr/lib/gcc/arm-none-eabi/10.3.1/:/usr/lib/gcc/arm-none-eabi/10.3.1/:/usr/lib/gcc/arm-none-eabi/:/usr/lib/gcc/arm-none-eabi/10.3.1/:/usr/lib/gcc/arm-none-eabi/:/usr/lib/gcc/arm-none-eabi/10.3.1/../../../arm-none-eabi/bin/]
  ignore line: [LIBRARY_PATH=/usr/lib/gcc/arm-none-eabi/10.3.1/thumb/v6-m/nofp/:/usr/lib/gcc/arm-none-eabi/10.3.1/../../../arm-none-eabi/lib/thumb/v6-m/nofp/:/usr/lib/gcc/arm-none-eabi/10.3.1/:/usr/lib/gcc/arm-none-eabi/10.3.1/../../../arm-none-eabi/lib/]
  ignore line: [COLLECT_GCC_OPTIONS='-mcpu=cortex-m0plus' '-mthumb' '-nostdlib' '-v' '-o' 'cmTC_45acd.elf' '-mfloat-abi=soft' '-mlibarch=armv6s-m' '-march=armv6s-m']
  link line: [ /usr/lib/gcc/arm-none-eabi/10.3.1/collect2 -plugin /usr/lib/gcc/arm-none-eabi/10.3.1/liblto_plugin.so -plugin-opt=/usr/lib/gcc/arm-none-eabi/10.3.1/lto-wrapper -plugin-opt=-fresolution=/tmp/ccw3lkOS.res -X -o cmTC_45acd.elf -L/usr/lib/gcc/arm-none-eabi/10.3.1/thumb/v6-m/nofp -L/usr/lib/gcc/arm-none-eabi/10.3.1/../../../arm-none-eabi/lib/thumb/v6-m/nofp -L/usr/lib/gcc/arm-none-eabi/10.3.1 -L/usr/lib/gcc/arm-none-eabi/10.3.1/../../../arm-none-eabi/lib --build-id=none CMakeFiles/cmTC_45acd.dir/CMakeCXXCompilerABI.cpp.obj]
    arg [/usr/lib/gcc/arm-none-eabi/10.3.1/collect2] ==> ignore
    arg [-plugin] ==> ignore
    arg [/usr/lib/gcc/arm-none-eabi/10.3.1/liblto_plugin.so] ==> ignore
    arg [-plugin-opt=/usr/lib/gcc/arm-none-eabi/10.3.1/lto-wrapper] ==> ignore
    arg [-plugin-opt=-fresolution=/tmp/ccw3lkOS.res] ==> ignore
    arg [-X] ==> ignore
    arg [-o] ==> ignore
    arg [cmTC_45acd.elf] ==> ignore
    arg [-L/usr/lib/gcc/arm-none-eabi/10.3.1/thumb/v6-m/nofp] ==> dir [/usr/lib/gcc/arm-none-eabi/10.3.1/thumb/v6-m/nofp]
    arg [-L/usr/lib/gcc/arm-none-eabi/10.3.1/../../../arm-none-eabi/lib/thumb/v6-m/nofp] ==> dir [/usr/lib/gcc/arm-none-eabi/10.3.1/../../../arm-none-eabi/lib/thumb/v6-m/nofp]
    arg [-L/usr/lib/gcc/arm-none-eabi/10.3.1] ==> dir [/usr/lib/gcc/arm-none-eabi/10.3.1]
    arg [-L/usr/lib/gcc/arm-none-eabi/10.3.1/../../../arm-none-eabi/lib] ==> dir [/usr/lib/gcc/arm-none-eabi/10.3.1/../../../arm-none-eabi/lib]
    arg [--build-id=none] ==> ignore
    arg [CMakeFiles/cmTC_45acd.dir/CMakeCXXCompilerABI.cpp.obj] ==> ignore
  collapse library dir [/usr/lib/gcc/arm-none-eabi/10.3.1/thumb/v6-m/nofp] ==> [/usr/lib/gcc/arm-none-eabi/10.3.1/thumb/v6-m/nofp]
  collapse library dir [/usr/lib/gcc/arm-none-eabi/10.3.1/../../../arm-none-eabi/lib/thumb/v6-m/nofp] ==> [/usr/lib/arm-none-eabi/lib/thumb/v6-m/nofp]
  collapse library dir [/usr/lib/gcc/arm-none-eabi/10.3.1] ==> [/usr/lib/gcc/arm-none-eabi/10.3.1]
  collapse library dir [/usr/lib/gcc/arm-none-eabi/10.3.1/../../../arm-none-eabi/lib] ==> [/usr/lib/arm-none-eabi/lib]
  implicit libs: []
  implicit objs: []
  implicit dirs: [/usr/lib/gcc/arm-none-eabi/10.3.1/thumb/v6-m/nofp;/usr/lib/arm-none-eabi/lib/thumb/v6-m/nofp;/usr/lib/gcc/arm-none-eabi/10.3.1;/usr/lib/arm-none-eabi/lib]
  implicit fwks: []


The target system is: PICO -  - cortex-m0plus
The host system is: Linux - 6.8.0-110-generic - x86_64
Compiling the C compiler identification source file "CMakeCCompilerId.c" succeeded.
Compiler: /usr/bin/arm-none-eabi-gcc 
Build flags: ;-mcpu=cortex-m0plus;-mthumb
Id flags: -c 

The output was:
0


Compilation of the C compiler identification source "CMakeCCompilerId.c" produced "CMakeCCompilerId.o"

The C compiler identification is GNU, found in "/home/pi/NN2022Code/SrcBoardFirmware/build/CMakeFiles/3.22.1/CompilerIdC/CMakeCCompilerId.o"

Compiling the CXX compiler identification source file "CMakeCXXCompilerId.cpp" succeeded.
Compiler: /usr/bin/arm-none-eabi-g++ 
Build flags: ;-mcpu=cortex-m0plus;-mthumb
Id flags: -c 

The output was:
0


Compilation of the CXX compiler identification source "CMakeCXXCompilerId.cpp" produced "CMakeCXXCompilerId.o"

The CXX compiler identification is GNU, found in "/home/pi/NN2022Code/SrcBoardFirmware/build/CMakeFiles/3.22.1/CompilerIdCXX/CMakeCXXCompilerId.o"

Checking whether the ASM compiler is GNU using "--version" matched "(GNU assembler)|(GCC)|(Free Software Foundation)":
arm-none-eabi-gcc (15:10.3-2021.07-4) 10.3.1 20210621 (release)
Copyright (C) 2020 Free Software Foundation, Inc.
This is free software; see the source for copying conditions.  There is NO
warranty; not even for MERCHANTABILITY or FITNESS FOR A PARTICULAR PURPOSE.

Detecting C compiler ABI info compiled with the following output:
Change Dir: /home/pi/NN2022Code/SrcBoardFirmware/build/CMakeFiles/CMakeTmp

Run Build Command(s):/usr/bin/gmake -f Makefile cmTC_59403/fast && /usr/bin/gmake  -f CMakeFiles/cmTC_59403.dir/build.make CMakeFiles/cmTC_59403.dir/build
gmake[1]: Entering directory '/home/pi/NN2022Code/SrcBoardFirmware/build/CMakeFiles/CMakeTmp'
Building C object CMakeFiles/cmTC_59403.dir/CMakeCCompilerABI.c.obj
/usr/bin/arm-none-eabi-gcc   -mcpu=cortex-m0plus -mthumb    -v -o CMakeFiles/cmTC_59403.dir/CMakeCCompilerABI.c.obj -c /usr/share/cmake-3.22/Modules/CMakeCCompilerABI.c
Using built-in specs.
COLLECT_GCC=/usr/bin/arm-none-eabi-gcc
Target: arm-none-eabi
Configured with: ../configure --build=x86_64-linux-gnu --prefix=/usr --includedir='/usr/lib/include' --mandir='/usr/lib/share/man' --infodir='/usr/lib/share/info' --sysconfdir=/etc --localstatedir=/var --disable-option-checking --disable-silent-rules --libdir='/usr/lib/lib/x86_64-linux-gnu' --libexecdir='/usr/lib/lib/x86_64-linux-gnu' --disable-maintainer-mode --disable-dependency-tracking --mandir=/usr/share/man --enable-languages=c,c++,lto --enable-multilib --disable-decimal-float --disable-libffi --disable-libgomp --disable-libmudflap --disable-libquadmath --disable-libssp --disable-libstdcxx-pch --disable-nls --disable-shared --disable-threads --enable-tls --build=x86_64-linux-gnu --target=arm-none-eabi --with-system-zlib --with-gnu-as --with-gnu-ld --with-pkgversion=15:10.3-2021.07-4 --without-included-gettext --prefix=/usr/lib --infodir=/usr/share/doc/gcc-arm-none-eabi/info --htmldir=/usr/share/doc/gcc-arm-none-eabi/html --pdfdir=/usr/share/doc/gcc-arm-none-eabi/pdf --bindir=/usr/bin --libexecdir=/usr/lib --libdir=/usr/lib --disable-libstdc++-v3 --host=x86_64-linux-gnu --with-headers=no --without-newlib --with-multilib-list=rmprofile,aprofile CFLAGS='-g -O2 -ffile-prefix-map=/build/gcc-arm-none-eabi-hYfgK4/gcc-arm-none-eabi-10.3-2021.07=. -flto=auto -ffat-lto-objects -fstack-protector-strong' CPPFLAGS='-Wdate-time -D_FORTIFY_SOURCE=2' CXXFLAGS='-g -O2 -ffile-prefix-map=/build/gcc-arm-none-eabi-hYfgK4/gcc-arm-none-eabi-10.3-2021.07=. -flto=auto -ffat-lto-objects -fstack-protector-strong' DFLAGS=-frelease FCFLAGS='-g -O2 -ffile-prefix-map=/build/gcc-arm-none-eabi-hYfgK4/gcc-arm-none-eabi-10.3-2021.07=. -flto=auto -ffat-lto-objects -fstack-protector-strong' FFLAGS='-g -O2 -ffile-prefix-map=/build/gcc-arm-none-eabi-hYfgK4/gcc-arm-none-eabi-10.3-2021.07=. -flto=auto -ffat-lto-objects -fstack-protector-strong' GCJFLAGS='-g -O2 -ffile-prefix-map=/build/gcc-arm-none-eabi-hYfgK4/gcc-arm-none-eabi-10.3-2021.07=. -fstack-protector-strong' LDFLAGS='-Wl,-Bsymbolic-functions -flto=auto -Wl,-z,relro' OBJCFLAGS='-g -O2 -ffile-prefix-map=/build/gcc-arm-none-eabi-hYfgK4/gcc-arm-none-eabi-10.3-2021.07=. -flto=auto -ffat-lto-objects -fstack-protector-strong' OBJCXXFLAGS='-g -O2 -ffile-prefix-map=/build/gcc-arm-none-eabi-hYfgK4/gcc-arm-none-eabi-10.3-2021.07=. -flto=auto -ffat-lto-objects -fstack-protector-strong' INHIBIT_LIBC_CFLAGS=-DUSE_TM_CLONE_REGISTRY=0 AR_FOR_TARGET=arm-none-eabi-ar AS_FOR_TARGET=arm-none-eabi-as LD_FOR_TARGET=arm-none-eabi-ld NM_FOR_TARGET=arm-none-eabi-nm OBJDUMP_FOR_TARGET=arm-none-eabi-objdump RANLIB_FOR_TARGET=arm-none-eabi-ranlib READELF_FOR_TARGET=arm-none-eabi-readelf STRIP_FOR_TARGET=arm-none-eabi-strip SED=/bin/sed SHELL=/bin/sh BASH=/bin/bash CONFIG_SHELL=/bin/bash
Thread model: single
Supported LTO compression algorithms: zlib
gcc version 10.3.1 20210621 (release) (15:10.3-2021.07-4) 
COLLECT_GCC_OPTIONS='-mcpu=cortex-m0plus' '-mthumb' '-v' '-o' 'CMakeFiles/cmTC_59403.dir/CMakeCCompilerABI.c.obj' '-c' '-mfloat-abi=soft' '-mlibarch=armv6s-m' '-march=armv6s-m'
 /usr/lib/gcc/arm-none-eabi/10.3.1/cc1 -quiet -v -imultilib thumb/v6-m/nofp -D__USES_INITFINI__ /usr/share/cmake-3.22/Modules/CMakeCCompilerABI.c -quiet -dumpbase CMakeCCompilerABI.c -mcpu=cortex-m0plus -mthumb -mfloat-abi=soft -mlibarch=armv6s-m -march=armv6s-m -auxbase-strip CMakeFiles/cmTC_59403.dir/CMakeCCompilerABI.c.obj -version -o /tmp/ccW2XKPd.s
GNU C17 (15:10.3-2021.07-4) version 10.3.1 20210621 (release) (arm-none-eabi)
	compiled by GNU C version 11.2.0, GMP version 6.2.1, MPFR version 4.1.0, MPC version 1.2.1, isl version isl-0.24-GMP

GGC heuristics: --param ggc-min-expand=100 --param ggc-min-heapsize=131072
ignoring nonexistent directory "/usr/lib/gcc/arm-none-eabi/10.3.1/../../../arm-none-eabi/sys-include"
#include "..." search starts here:
#include <...> search starts here:
 /usr/lib/gcc/arm-none-eabi/10.3.1/include
 /usr/lib/gcc/arm-none-eabi/10.3.1/include-fixed
 /usr/lib/gcc/arm-none-eabi/10.3.1/../../../arm-none-eabi/include
End of search list.
GNU C17 (15:10.3-2021.07-4) version 10.3.1 20210621 (release) (arm-none-eabi)
	compiled by GNU C version 11.2.0, GMP version 6.2.1, MPFR version 4.1.0, MPC version 1.2.1, isl version isl-0.24-GMP

GGC heuristics: --param ggc-min-expand=100 --param ggc-min-heapsize=131072
Compiler executable checksum: 4cf7574ae54eb0935abb4a8c56f8bcfe
COLLECT_GCC_OPTIONS='-mcpu=cortex-m0plus' '-mthumb' '-v' '-o' 'CMakeFiles/cmTC_59403.dir/CMakeCCompilerABI.c.obj' '-c' '-mfloat-abi=soft' '-mlibarch=armv6s-m' '-march=armv6s-m'
 /usr/lib/gcc/arm-none-eabi/10.3.1/../../../arm-none-eabi/bin/as -v -march=armv6s-m -mfloat-abi=soft -meabi=5 -o CMakeFiles/cmTC_59403.dir/CMakeCCompilerABI.c.obj /tmp/ccW2XKPd.s
GNU assembler version 2.38 (arm-none-eabi) using BFD version (2.38-3ubuntu1+15build1) 2.38
COMPILER_PATH=/usr/lib/gcc/arm-none-eabi/10.3.1/:/usr/lib/gcc/arm-none-eabi/10.3.1/:/usr/lib/gcc/arm-none-eabi/:/usr/lib/gcc/arm-none-eabi/10.3.1/:/usr/lib/gcc/arm-none-eabi/:/usr/lib/gcc/arm-none-eabi/10.3.1/../../../arm-none-eabi/bin/
LIBRARY_PATH=/usr/lib/gcc/arm-none-eabi/10.3.1/thumb/v6-m/nofp/:/usr/lib/gcc/arm-none-eabi/10.3.1/../../../arm-none-eabi/lib/thumb/v6-m/nofp/:/usr/lib/gcc/arm-none-eabi/10.3.1/:/usr/lib/gcc/arm-none-eabi/10.3.1/../../../arm-none-eabi/lib/
COLLECT_GCC_OPTIONS='-mcpu=cortex-m0plus' '-mthumb' '-v' '-o' 'CMakeFiles/cmTC_59403.dir/CMakeCCompilerABI.c.obj' '-c' '-mfloat-abi=soft' '-mlibarch=armv6s-m' '-march=armv6s-m'
Linking C executable cmTC_59403.elf
/usr/bin/cmake -E cmake_link_script CMakeFiles/cmTC_59403.dir/link.txt --verbose=1
/usr/bin/arm-none-eabi-gcc -mcpu=cortex-m0plus -mthumb  -Wl,--build-id=none -nostdlib  -v CMakeFiles/cmTC_59403.dir/CMakeCCompilerABI.c.obj -o cmTC_59403.elf 
Using built-in specs.
COLLECT_GCC=/usr/bin/arm-none-eabi-gcc
COLLECT_LTO_WRAPPER=/usr/lib/gcc/arm-none-eabi/10.3.1/lto-wrapper
Target: arm-none-eabi
Configured with: ../configure --build=x86_64-linux-gnu --prefix=/usr --includedir='/usr/lib/include' --mandir='/usr/lib/share/man' --infodir='/usr/lib/share/info' --sysconfdir=/etc --localstatedir=/var --disable-option-checking --disable-silent-rules --libdir='/usr/lib/lib/x86_64-linux-gnu' --libexecdir='/usr/lib/lib/x86_64-linux-gnu' --disable-maintainer-mode --disable-dependency-tracking --mandir=/usr/share/man --enable-languages=c,c++,lto --enable-multilib --disable-decimal-float --disable-libffi --disable-libgomp --disable-libmudflap --disable-libquadmath --disable-libssp --disable-libstdcxx-pch --disable-nls --disable-shared --disable-threads --enable-tls --build=x86_64-linux-gnu --target=arm-none-eabi --with-system-zlib --with-gnu-as --with-gnu-ld --with-pkgversion=15:10.3-2021.07-4 --without-included-gettext --prefix=/usr/lib --infodir=/usr/share/doc/gcc-arm-none-eabi/info --htmldir=/usr/share/doc/gcc-arm-none-eabi/html --pdfdir=/usr/share/doc/gcc-arm-none-eabi/pdf --bindir=/usr/bin --libexecdir=/usr/lib --libdir=/usr/lib --disable-libstdc++-v3 --host=x86_64-linux-gnu --with-headers=no --without-newlib --with-multilib-list=rmprofile,aprofile CFLAGS='-g -O2 -ffile-prefix-map=/build/gcc-arm-none-eabi-hYfgK4/gcc-arm-none-eabi-10.3-2021.07=. -flto=auto -ffat-lto-objects -fstack-protector-strong' CPPFLAGS='-Wdate-time -D_FORTIFY_SOURCE=2' CXXFLAGS='-g -O2 -ffile-prefix-map=/build/gcc-arm-none-eabi-hYfgK4/gcc-arm-none-eabi-10.3-2021.07=. -flto=auto -ffat-lto-objects -fstack-protector-strong' DFLAGS=-frelease FCFLAGS='-g -O2 -ffile-prefix-map=/build/gcc-arm-none-eabi-hYfgK4/gcc-arm-none-eabi-10.3-2021.07=. -flto=auto -ffat-lto-objects -fstack-protector-strong' FFLAGS='-g -O2 -ffile-prefix-map=/build/gcc-arm-none-eabi-hYfgK4/gcc-arm-none-eabi-10.3-2021.07=. -flto=auto -ffat-lto-objects -fstack-protector-strong' GCJFLAGS='-g -O2 -ffile-prefix-map=/build/gcc-arm-none-eabi-hYfgK4/gcc-arm-none-eabi-10.3-2021.07=. -fstack-protector-strong' LDFLAGS='-Wl,-Bsymbolic-functions -flto=auto -Wl,-z,relro' OBJCFLAGS='-g -O2 -ffile-prefix-map=/build/gcc-arm-none-eabi-hYfgK4/gcc-arm-none-eabi-10.3-2021.07=. -flto=auto -ffat-lto-objects -fstack-protector-strong' OBJCXXFLAGS='-g -O2 -ffile-prefix-map=/build/gcc-arm-none-eabi-hYfgK4/gcc-arm-none-eabi-10.3-2021.07=. -flto=auto -ffat-lto-objects -fstack-protector-strong' INHIBIT_LIBC_CFLAGS=-DUSE_TM_CLONE_REGISTRY=0 AR_FOR_TARGET=arm-none-eabi-ar AS_FOR_TARGET=arm-none-eabi-as LD_FOR_TARGET=arm-none-eabi-ld NM_FOR_TARGET=arm-none-eabi-nm OBJDUMP_FOR_TARGET=arm-none-eabi-objdump RANLIB_FOR_TARGET=arm-none-eabi-ranlib READELF_FOR_TARGET=arm-none-eabi-readelf STRIP_FOR_TARGET=arm-none-eabi-strip SED=/bin/sed SHELL=/bin/sh BASH=/bin/bash CONFIG_SHELL=/bin/bash
Thread model: single
Supported LTO compression algorithms: zlib
gcc version 10.3.1 20210621 (release) (15:10.3-2021.07-4) 
COMPILER_PATH=/usr/lib/gcc/arm-none-eabi/10.3.1/:/usr/lib/gcc/arm-none-eabi/10.3.1/:/usr/lib/gcc/arm-none-eabi/:/usr/lib/gcc/arm-none-eabi/10.3.1/:/usr/lib/gcc/arm-none-eabi/:/usr/lib/gcc/arm-none-eabi/10.3.1/../../../arm-none-eabi/bin/
LIBRARY_PATH=/usr/lib/gcc/arm-none-eabi/10.3.1/thumb/v6-m/nofp/:/usr/lib/gcc/arm-none-eabi/10.3.1/../../../arm-none-eabi/lib/thumb/v6-m/nofp/:/usr/lib/gcc/arm-none-eabi/10.3.1/:/usr/lib/gcc/arm-none-eabi/10.3.1/../../../arm-none-eabi/lib/
COLLECT_GCC_OPTIONS='-mcpu=cortex-m0plus' '-mthumb' '-nostdlib' '-v' '-o' 'cmTC_59403.elf' '-mfloat-abi=soft' '-mlibarch=armv6s-m' '-march=armv6s-m'
 /usr/lib/gcc/arm-none-eabi/10.3.1/collect2 -plugin /usr/lib/gcc/arm-none-eabi/10.3.1/liblto_plugin.so -plugin-opt=/usr/lib/gcc/arm-none-eabi/10.3.1/lto-wrapper -plugin-opt=-fresolution=/tmp/ccW9qk7K.res -X -o cmTC_59403.elf -L/usr/lib/gcc/arm-none-eabi/10.3.1/thumb/v6-m/nofp -L/usr/lib/gcc/arm-none-eabi/10.3.1/../../../arm-none-eabi/lib/thumb/v6-m/nofp -L/usr/lib/gcc/arm-none-eabi/10.3.1 -L/usr/lib/gcc/arm-none-eabi/10.3.1/../../../arm-none-eabi/lib --build-id=none CMakeFiles/cmTC_59403.dir/CMakeCCompilerABI.c.obj
/usr/lib/gcc/arm-none-eabi/10.3.1/../../../arm-none-eabi/bin/ld: warning: cannot find entry symbol _start; defaulting to 0000000000008000
COLLECT_GCC_OPTIONS='-mcpu=cortex-m0plus' '-mthumb' '-nostdlib' '-v' '-o' 'cmTC_59403.elf' '-mfloat-abi=soft' '-mlibarch=armv6s-m' '-march=armv6s-m'
gmake[1]: Leaving directory '/home/pi/NN2022Code/SrcBoardFirmware/build/CMakeFiles/CMakeTmp'



Parsed C implicit include dir info from above output: rv=done
  found start of include info
  found start of implicit include info
    add: [/usr/lib/gcc/arm-none-eabi/10.3.1/include]
    add: [/usr/lib/gcc/arm-none-eabi/10.3.1/include-fixed]
    add: [/usr/lib/gcc/arm-none-eabi/10.3.1/../../../arm-none-eabi/include]
  end of search list found
  collapse include dir [/usr/lib/gcc/arm-none-eabi/10.3.1/include] ==> [/usr/lib/gcc/arm-none-eabi/10.3.1/include]
  collapse include dir [/usr/lib/gcc/arm-none-eabi/10.3.1/include-fixed] ==> [/usr/lib/gcc/arm-none-eabi/10.3.1/include-fixed]
  collapse include dir [/usr/lib/gcc/arm-none-eabi/10.3.1/../../../arm-none-eabi/include] ==> [/usr/lib/arm-none-eabi/include]
  implicit include dirs: [/usr/lib/gcc/arm-none-eabi/10.3.1/include;/usr/lib/gcc/arm-none-eabi/10.3.1/include-fixed;/usr/lib/arm-none-eabi/include]


Parsed C implicit link information from above output:
  link line regex: [^( *|.*[/\])(arm-none-eabi-ld|CMAKE_LINK_STARTFILE-NOTFOUND|([^/\]+-)?ld|collect2)[^/\]*( |$)]
  ignore line: [Change Dir: /home/pi/NN2022Code/SrcBoardFirmware/build/CMakeFiles/CMakeTmp]
  ignore line: []
  ignore line: [Run Build Command(s):/usr/bin/gmake -f Makefile cmTC_59403/fast && /usr/bin/gmake  -f CMakeFiles/cmTC_59403.dir/build.make CMakeFiles/cmTC_59403.dir/build]
  ignore line: [gmake[1]: Entering directory '/home/pi/NN2022Code/SrcBoardFirmware/build/CMakeFiles/CMakeTmp']
  ignore line: [Building C object CMakeFiles/cmTC_59403.dir/CMakeCCompilerABI.c.obj]
  ignore line: [/usr/bin/arm-none-eabi-gcc   -mcpu=cortex-m0plus -mthumb    -v -o CMakeFiles/cmTC_59403.dir/CMakeCCompilerABI.c.obj -c /usr/share/cmake-3.22/Modules/CMakeCCompilerABI.c]
  ignore line: [Using built-in specs.]
  ignore line: [COLLECT_GCC=/usr/bin/arm-none-eabi-gcc]
  ignore line: [Target: arm-none-eabi]
  ignore line: [Configured with: ../configure --build=x86_64-linux-gnu --prefix=/usr --includedir='/usr/lib/include' --mandir='/usr/lib/share/man' --infodir='/usr/lib/share/info' --sysconfdir=/etc --localstatedir=/var --disable-option-checking --disable-silent-rules --libdir='/usr/lib/lib/x86_64-linux-gnu' --libexecdir='/usr/lib/lib/x86_64-linux-gnu' --disable-maintainer-mode --disable-dependency-tracking --mandir=/usr/share/man --enable-languages=c,c++,lto --enable-multilib --disable-decimal-float --disable-libffi --disable-libgomp --disable-libmudflap --disable-libquadmath --disable-libssp --disable-libstdcxx-pch --disable-nls --disable-shared --disable-threads --enable-tls --build=x86_64-linux-gnu --target=arm-none-eabi --with-system-zlib --with-gnu-as --with-gnu-ld --with-pkgversion=15:10.3-2021.07-4 --without-included-gettext --prefix=/usr/lib --infodir=/usr/share/doc/gcc-arm-none-eabi/info --htmldir=/usr/share/doc/gcc-arm-none-eabi/html --pdfdir=/usr/share/doc/gcc-arm-none-eabi/pdf --bindir=/usr/bin --libexecdir=/usr/lib --libdir=/usr/lib --disable-libstdc++-v3 --host=x86_64-linux-gnu --with-headers=no --without-newlib --with-multilib-list=rmprofile,aprofile CFLAGS='-g -O2 -ffile-prefix-map=/build/gcc-arm-none-eabi-hYfgK4/gcc-arm-none-eabi-10.3-2021.07=. -flto=auto -ffat-lto-objects -fstack-protector-strong' CPPFLAGS='-Wdate-time -D_FORTIFY_SOURCE=2' CXXFLAGS='-g -O2 -ffile-prefix-map=/build/gcc-arm-none-eabi-hYfgK4/gcc-arm-none-eabi-10.3-2021.07=. -flto=auto -ffat-lto-objects -fstack-protector-strong' DFLAGS=-frelease FCFLAGS='-g -O2 -ffile-prefix-map=/build/gcc-arm-none-eabi-hYfgK4/gcc-arm-none-eabi-10.3-2021.07=. -flto=auto -ffat-lto-objects -fstack-protector-strong' FFLAGS='-g -O2 -ffile-prefix-map=/build/gcc-arm-none-eabi-hYfgK4/gcc-arm-none-eabi-10.3-2021.07=. -flto=auto -ffat-lto-objects -fstack-protector-strong' GCJFLAGS='-g -O2 -ffile-prefix-map=/build/gcc-arm-none-eabi-hYfgK4/gcc-arm-none-eabi-10.3-2021.07=. -fstack-protector-strong' LDFLAGS='-Wl,-Bsymbolic-functions -flto=auto -Wl,-z,relro' OBJCFLAGS='-g -O2 -ffile-prefix-map=/build/gcc-arm-none-eabi-hYfgK4/gcc-arm-none-eabi-10.3-2021.07=. -flto=auto -ffat-lto-objects -fstack-protector-strong' OBJCXXFLAGS='-g -O2 -ffile-prefix-map=/build/gcc-arm-none-eabi-hYfgK4/gcc-arm-none-eabi-10.3-2021.07=. -flto=auto -ffat-lto-objects -fstack-protector-strong' INHIBIT_LIBC_CFLAGS=-DUSE_TM_CLONE_REGISTRY=0 AR_FOR_TARGET=arm-none-eabi-ar AS_FOR_TARGET=arm-none-eabi-as LD_FOR_TARGET=arm-none-eabi-ld NM_FOR_TARGET=arm-none-eabi-nm OBJDUMP_FOR_TARGET=arm-none-eabi-objdump RANLIB_FOR_TARGET=arm-none-eabi-ranlib READELF_FOR_TARGET=arm-none-eabi-readelf STRIP_FOR_TARGET=arm-none-eabi-strip SED=/bin/sed SHELL=/bin/sh BASH=/bin/bash CONFIG_SHELL=/bin/bash]
  ignore line: [Thread model: single]
  ignore line: [Supported LTO compression algorithms: zlib]
  ignore line: [gcc version 10.3.1 20210621 (release) (15:10.3-2021.07-4) ]
  ignore line: [COLLECT_GCC_OPTIONS='-mcpu=cortex-m0plus' '-mthumb' '-v' '-o' 'CMakeFiles/cmTC_59403.dir/CMakeCCompilerABI.c.obj' '-c' '-mfloat-abi=soft' '-mlibarch=armv6s-m' '-march=armv6s-m']
  ignore line: [ /usr/lib/gcc/arm-none-eabi/10.3.1/cc1 -quiet -v -imultilib thumb/v6-m/nofp -D__USES_INITFINI__ /usr/share/cmake-3.22/Modules/CMakeCCompilerABI.c -quiet -dumpbase CMakeCCompilerABI.c -mcpu=cortex-m0plus -mthumb -mfloat-abi=soft -mlibarch=armv6s-m -march=armv6s-m -auxbase-strip CMakeFiles/cmTC_59403.dir/CMakeCCompilerABI.c.obj -version -o /tmp/ccW2XKPd.s]
  ignore line: [GNU C17 (15:10.3-2021.07-4) version 10.3.1 20210621 (release) (arm-none-eabi)]
  ignore line: [	compiled by GNU C version 11.2.0  GMP version 6.2.1  MPFR version 4.1.0  MPC version 1.2.1  isl version isl-0.24-GMP]
  ignore line: []
  ignore line: [GGC heuristics: --param ggc-min-expand=100 --param ggc-min-heapsize=131072]
  ignore line: [ignoring nonexistent directory "/usr/lib/gcc/arm-none-eabi/10.3.1/../../../arm-none-eabi/sys-include"]
  ignore line: [#include "..." search starts here:]
  ignore line: [#include <...> search starts here:]
  ignore line: [ /usr/lib/gcc/arm-none-eabi/10.3.1/include]
  ignore line: [ /usr/lib/gcc/arm-none-eabi/10.3.1/include-fixed]
  ignore line: [ /usr/lib/gcc/arm-none-eabi/10.3.1/../../../arm-none-eabi/include]
  ignore line: [End of search list.]
  ignore line: [GNU C17 (15:10.3-2021.07-4) version 10.3.1 20210621 (release) (arm-none-eabi)]
  ignore line: [	compiled by GNU C version 11.2.0  GMP version 6.2.1  MPFR version 4.1.0  MPC version 1.2.1  isl version isl-0.24-GMP]
  ignore line: []
  ignore line: [GGC heuristics: --param ggc-min-expand=100 --param ggc-min-heapsize=131072]
  ignore line: [Compiler executable checksum: 4cf7574ae54eb0935abb4a8c56f8bcfe]
  ignore line: [COLLECT_GCC_OPTIONS='-mcpu=cortex-m0plus' '-mthumb' '-v' '-o' 'CMakeFiles/cmTC_59403.dir/CMakeCCompilerABI.c.obj' '-c' '-mfloat-abi=soft' '-mlibarch=armv6s-m' '-march=armv6s-m']
  ignore line: [ /usr/lib/gcc/arm-none-eabi/10.3.1/../../../arm-none-eabi/bin/as -v -march=armv6s-m -mfloat-abi=soft -meabi=5 -o CMakeFiles/cmTC_59403.dir/CMakeCCompilerABI.c.obj /tmp/ccW2XKPd.s]
  ignore line: [GNU assembler version 2.38 (arm-none-eabi) using BFD version (2.38-3ubuntu1+15build1) 2.38]
  ignore line: [COMPILER_PATH=/usr/lib/gcc/arm-none-eabi/10.3.1/:/usr/lib/gcc/arm-none-eabi/10.3.1/:/usr/lib/gcc/arm-none-eabi/:/usr/lib/gcc/arm-none-eabi/10.3.1/:/usr/lib/gcc/arm-none-eabi/:/usr/lib/gcc/arm-none-eabi/10.3.1/../../../arm-none-eabi/bin/]
  ignore line: [LIBRARY_PATH=/usr/lib/gcc/arm-none-eabi/10.3.1/thumb/v6-m/nofp/:/usr/lib/gcc/arm-none-eabi/10.3.1/../../../arm-none-eabi/lib/thumb/v6-m/nofp/:/usr/lib/gcc/arm-none-eabi/10.3.1/:/usr/lib/gcc/arm-none-eabi/10.3.1/../../../arm-none-eabi/lib/]
  ignore line: [COLLECT_GCC_OPTIONS='-mcpu=cortex-m0plus' '-mthumb' '-v' '-o' 'CMakeFiles/cmTC_59403.dir/CMakeCCompilerABI.c.obj' '-c' '-mfloat-abi=soft' '-mlibarch=armv6s-m' '-march=armv6s-m']
  ignore line: [Linking C executable cmTC_59403.elf]
  ignore line: [/usr/bin/cmake -E cmake_link_script CMakeFiles/cmTC_59403.dir/link.txt --verbose=1]
  ignore line: [/usr/bin/arm-none-eabi-gcc -mcpu=cortex-m0plus -mthumb  -Wl --build-id=none -nostdlib  -v CMakeFiles/cmTC_59403.dir/CMakeCCompilerABI.c.obj -o cmTC_59403.elf ]
  ignore line: [Using built-in specs.]
  ignore line: [COLLECT_GCC=/usr/bin/arm-none-eabi-gcc]
  ignore line: [COLLECT_LTO_WRAPPER=/usr/lib/gcc/arm-none-eabi/10.3.1/lto-wrapper]
  ignore line: [Target: arm-none-eabi]
  ignore line: [Configured with: ../configure --build=x86_64-linux-gnu --prefix=/usr --includedir='/usr/lib/include' --mandir='/usr/lib/share/man' --infodir='/usr/lib/share/info' --sysconfdir=/etc --localstatedir=/var --disable-option-checking --disable-silent-rules --libdir='/usr/lib/lib/x86_64-linux-gnu' --libexecdir='/usr/lib/lib/x86_64-linux-gnu' --disable-maintainer-mode --disable-dependency-tracking --mandir=/usr/share/man --enable-languages=c,c++,lto --enable-multilib --disable-decimal-float --disable-libffi --disable-libgomp --disable-libmudflap --disable-libquadmath --disable-libssp --disable-libstdcxx-pch --disable-nls --disable-shared --disable-threads --enable-tls --build=x86_64-linux-gnu --target=arm-none-eabi --with-system-zlib --with-gnu-as --with-gnu-ld --with-pkgversion=15:10.3-2021.07-4 --without-included-gettext --prefix=/usr/lib --infodir=/usr/share/doc/gcc-arm-none-eabi/info --htmldir=/usr/share/doc/gcc-arm-none-eabi/html --pdfdir=/usr/share/doc/gcc-arm-none-eabi/pdf --bindir=/usr/bin --libexecdir=/usr/lib --libdir=/usr/lib --disable-libstdc++-v3 --host=x86_64-linux-gnu --with-headers=no --without-newlib --with-multilib-list=rmprofile,aprofile CFLAGS='-g -O2 -ffile-prefix-map=/build/gcc-arm-none-eabi-hYfgK4/gcc-arm-none-eabi-10.3-2021.07=. -flto=auto -ffat-lto-objects -fstack-protector-strong' CPPFLAGS='-Wdate-time -D_FORTIFY_SOURCE=2' CXXFLAGS='-g -O2 -ffile-prefix-map=/build/gcc-arm-none-eabi-hYfgK4/gcc-arm-none-eabi-10.3-2021.07=. -flto=auto -ffat-lto-objects -fstack-protector-strong' DFLAGS=-frelease FCFLAGS='-g -O2 -ffile-prefix-map=/build/gcc-arm-none-eabi-hYfgK4/gcc-arm-none-eabi-10.3-2021.07=. -flto=auto -ffat-lto-objects -fstack-protector-strong' FFLAGS='-g -O2 -ffile-prefix-map=/build/gcc-arm-none-eabi-hYfgK4/gcc-arm-none-eabi-10.3-2021.07=. -flto=auto -ffat-lto-objects -fstack-protector-strong' GCJFLAGS='-g -O2 -ffile-prefix-map=/build/gcc-arm-none-eabi-hYfgK4/gcc-arm-none-eabi-10.3-2021.07=. -fstack-protector-strong' LDFLAGS='-Wl,-Bsymbolic-functions -flto=auto -Wl,-z,relro' OBJCFLAGS='-g -O2 -ffile-prefix-map=/build/gcc-arm-none-eabi-hYfgK4/gcc-arm-none-eabi-10.3-2021.07=. -flto=auto -ffat-lto-objects -fstack-protector-strong' OBJCXXFLAGS='-g -O2 -ffile-prefix-map=/build/gcc-arm-none-eabi-hYfgK4/gcc-arm-none-eabi-10.3-2021.07=. -flto=auto -ffat-lto-objects -fstack-protector-strong' INHIBIT_LIBC_CFLAGS=-DUSE_TM_CLONE_REGISTRY=0 AR_FOR_TARGET=arm-none-eabi-ar AS_FOR_TARGET=arm-none-eabi-as LD_FOR_TARGET=arm-none-eabi-ld NM_FOR_TARGET=arm-none-eabi-nm OBJDUMP_FOR_TARGET=arm-none-eabi-objdump RANLIB_FOR_TARGET=arm-none-eabi-ranlib READELF_FOR_TARGET=arm-none-eabi-readelf STRIP_FOR_TARGET=arm-none-eabi-strip SED=/bin/sed SHELL=/bin/sh BASH=/bin/bash CONFIG_SHELL=/bin/bash]
  ignore line: [Thread model: single]
  ignore line: [Supported LTO compression algorithms: zlib]
  ignore line: [gcc version 10.3.1 20210621 (release) (15:10.3-2021.07-4) ]
  ignore line: [COMPILER_PATH=/usr/lib/gcc/arm-none-eabi/10.3.1/:/usr/lib/gcc/arm-none-eabi/10.3.1/:/usr/lib/gcc/arm-none-eabi/:/usr/lib/gcc/arm-none-eabi/10.3.1/:/usr/lib/gcc/arm-none-eabi/:/usr/lib/gcc/arm-none-eabi/10.3.1/../../../arm-none-eabi/bin/]
  ignore line: [LIBRARY_PATH=/usr/lib/gcc/arm-none-eabi/10.3.1/thumb/v6-m/nofp/:/usr/lib/gcc/arm-none-eabi/10.3.1/../../../arm-none-eabi/lib/thumb/v6-m/nofp/:/usr/lib/gcc/arm-none-eabi/10.3.1/:/usr/lib/gcc/arm-none-eabi/10.3.1/../../../arm-none-eabi/lib/]
  ignore line: [COLLECT_GCC_OPTIONS='-mcpu=cortex-m0plus' '-mthumb' '-nostdlib' '-v' '-o' 'cmTC_59403.elf' '-mfloat-abi=soft' '-mlibarch=armv6s-m' '-march=armv6s-m']
  link line: [ /usr/lib/gcc/arm-none-eabi/10.3.1/collect2 -plugin /usr/lib/gcc/arm-none-eabi/10.3.1/liblto_plugin.so -plugin-opt=/usr/lib/gcc/arm-none-eabi/10.3.1/lto-wrapper -plugin-opt=-fresolution=/tmp/ccW9qk7K.res -X -o cmTC_59403.elf -L/usr/lib/gcc/arm-none-eabi/10.3.1/thumb/v6-m/nofp -L/usr/lib/gcc/arm-none-eabi/10.3.1/../../../arm-none-eabi/lib/thumb/v6-m/nofp -L/usr/lib/gcc/arm-none-eabi/10.3.1 -L/usr/lib/gcc/arm-none-eabi/10.3.1/../../../arm-none-eabi/lib --build-id=none CMakeFiles/cmTC_59403.dir/CMakeCCompilerABI.c.obj]
    arg [/usr/lib/gcc/arm-none-eabi/10.3.1/collect2] ==> ignore
    arg [-plugin] ==> ignore
    arg [/usr/lib/gcc/arm-none-eabi/10.3.1/liblto_plugin.so] ==> ignore
    arg [-plugin-opt=/usr/lib/gcc/arm-none-eabi/10.3.1/lto-wrapper] ==> ignore
    arg [-plugin-opt=-fresolution=/tmp/ccW9qk7K.res] ==> ignore
    arg [-X] ==> ignore
    arg [-o] ==> ignore
    arg [cmTC_59403.elf] ==> ignore
    arg [-L/usr/lib/gcc/arm-none-eabi/10.3.1/thumb/v6-m/nofp] ==> dir [/usr/lib/gcc/arm-none-eabi/10.3.1/thumb/v6-m/nofp]
    arg [-L/usr/lib/gcc/arm-none-eabi/10.3.1/../../../arm-none-eabi/lib/thumb/v6-m/nofp] ==> dir [/usr/lib/gcc/arm-none-eabi/10.3.1/../../../arm-none-eabi/lib/thumb/v6-m/nofp]
    arg [-L/usr/lib/gcc/arm-none-eabi/10.3.1] ==> dir [/usr/lib/gcc/arm-none-eabi/10.3.1]
    arg [-L/usr/lib/gcc/arm-none-eabi/10.3.1/../../../arm-none-eabi/lib] ==> dir [/usr/lib/gcc/arm-none-eabi/10.3.1/../../../arm-none-eabi/lib]
    arg [--build-id=none] ==> ignore
    arg [CMakeFiles/cmTC_59403.dir/CMakeCCompilerABI.c.obj] ==> ignore
  collapse library dir [/usr/lib/gcc/arm-none-eabi/10.3.1/thumb/v6-m/nofp] ==> [/usr/lib/gcc/arm-none-eabi/10.3.1/thumb/v6-m/nofp]
  collapse library dir [/usr/lib/gcc/arm-none-eabi/10.3.1/../../../arm-none-eabi/lib/thumb/v6-m/nofp] ==> [/usr/lib/arm-none-eabi/lib/thumb/v6-m/nofp]
  collapse library dir [/usr/lib/gcc/arm-none-eabi/10.3.1] ==> [/usr/lib/gcc/arm-none-eabi/10.3.1]
  collapse library dir [/usr/lib/gcc/arm-none-eabi/10.3.1/../../../arm-none-eabi/lib] ==> [/usr/lib/arm-none-eabi/lib]
  implicit libs: []
  implicit objs: []
  implicit dirs: [/usr/lib/gcc/arm-none-eabi/10.3.1/thumb/v6-m/nofp;/usr/lib/arm-none-eabi/lib/thumb/v6-m/nofp;/usr/lib/gcc/arm-none-eabi/10.3.1;/usr/lib/arm-none-eabi/lib]
  implicit fwks: []


Detecting CXX compiler ABI info compiled with the following output:
Change Dir: /home/pi/NN2022Code/SrcBoardFirmware/build/CMakeFiles/CMakeTmp

Run Build Command(s):/usr/bin/gmake -f Makefile cmTC_1959a/fast && /usr/bin/gmake  -f CMakeFiles/cmTC_1959a.dir/build.make CMakeFiles/cmTC_1959a.dir/build
gmake[1]: Entering directory '/home/pi/NN2022Code/SrcBoardFirmware/build/CMakeFiles/CMakeTmp'
Building CXX object CMakeFiles/cmTC_1959a.dir/CMakeCXXCompilerABI.cpp.obj
/usr/bin/arm-none-eabi-g++   -mcpu=cortex-m0plus -mthumb    -v -o CMakeFiles/cmTC_1959a.dir/CMakeCXXCompilerABI.cpp.obj -c /usr/share/cmake-3.22/Modules/CMakeCXXCompilerABI.cpp
Using built-in specs.
COLLECT_GCC=/usr/bin/arm-none-eabi-g++
Target: arm-none-eabi
Configured with: ../configure --build=x86_64-linux-gnu --prefix=/usr --includedir='/usr/lib/include' --mandir='/usr/lib/share/man' --infodir='/usr/lib/share/info' --sysconfdir=/etc --localstatedir=/var --disable-option-checking --disable-silent-rules --libdir='/usr/lib/lib/x86_64-linux-gnu' --libexecdir='/usr/lib/lib/x86_64-linux-gnu' --disable-maintainer-mode --disable-dependency-tracking --mandir=/usr/share/man --enable-languages=c,c++,lto --enable-multilib --disable-decimal-float --disable-libffi --disable-libgomp --disable-libmudflap --disable-libquadmath --disable-libssp --disable-libstdcxx-pch --disable-nls --disable-shared --disable-threads --enable-tls --build=x86_64-linux-gnu --target=arm-none-eabi --with-system-zlib --with-gnu-as --with-gnu-ld --with-pkgversion=15:10.3-2021.07-4 --without-included-gettext --prefix=/usr/lib --infodir=/usr/share/doc/gcc-arm-none-eabi/info --htmldir=/usr/share/doc/gcc-arm-none-eabi/html --pdfdir=/usr/share/doc/gcc-arm-none-eabi/pdf --bindir=/usr/bin --libexecdir=/usr/lib --libdir=/usr/lib --disable-libstdc++-v3 --host=x86_64-linux-gnu --with-headers=no --without-newlib --with-multilib-list=rmprofile,aprofile CFLAGS='-g -O2 -ffile-prefix-map=/build/gcc-arm-none-eabi-hYfgK4/gcc-arm-none-eabi-10.3-2021.07=. -flto=auto -ffat-lto-objects -fstack-protector-strong' CPPFLAGS='-Wdate-time -D_FORTIFY_SOURCE=2' CXXFLAGS='-g -O2 -ffile-prefix-map=/build/gcc-arm-none-eabi-hYfgK4/gcc-arm-none-eabi-10.3-2021.07=. -flto=auto -ffat-lto-objects -fstack-protector-strong' DFLAGS=-frelease FCFLAGS='-g -O2 -ffile-prefix-map=/build/gcc-arm-none-eabi-hYfgK4/gcc-arm-none-eabi-10.3-2021.07=. -flto=auto -ffat-lto-objects -fstack-protector-strong' FFLAGS='-g -O2 -ffile-prefix-map=/build/gcc-arm-none-eabi-hYfgK4/gcc-arm-none-eabi-10.3-2021.07=. -flto=auto -ffat-lto-objects -fstack-protector-strong' GCJFLAGS='-g -O2 -ffile-prefix-map=/build/gcc-arm-none-eabi-hYfgK4/gcc-arm-none-eabi-10.3-2021.07=. -fstack-protector-strong' LDFLAGS='-Wl,-Bsymbolic-functions -flto=auto -Wl,-z,relro' OBJCFLAGS='-g -O2 -ffile-prefix-map=/build/gcc-arm-none-eabi-hYfgK4/gcc-arm-none-eabi-10.3-2021.07=. -flto=auto -ffat-lto-objects -fstack-protector-strong' OBJCXXFLAGS='-g -O2 -ffile-prefix-map=/build/gcc-arm-none-eabi-hYfgK4/gcc-arm-none-eabi-10.3-2021.07=. -flto=auto -ffat-lto-objects -fstack-protector-strong' INHIBIT_LIBC_CFLAGS=-DUSE_TM_CLONE_REGISTRY=0 AR_FOR_TARGET=arm-none-eabi-ar AS_FOR_TARGET=arm-none-eabi-as LD_FOR_TARGET=arm-none-eabi-ld NM_FOR_TARGET=arm-none-eabi-nm OBJDUMP_FOR_TARGET=arm-none-eabi-objdump RANLIB_FOR_TARGET=arm-none-eabi-ranlib READELF_FOR_TARGET=arm-none-eabi-readelf STRIP_FOR_TARGET=arm-none-eabi-strip SED=/bin/sed SHELL=/bin/sh BASH=/bin/bash CONFIG_SHELL=/bin/bash
Thread model: single
Supported LTO compression algorithms: zlib
gcc version 10.3.1 20210621 (release) (15:10.3-2021.07-4) 
COLLECT_GCC_OPTIONS='-mcpu=cortex-m0plus' '-mthumb' '-v' '-o' 'CMakeFiles/cmTC_1959a.dir/CMakeCXXCompilerABI.cpp.obj' '-c' '-mfloat-abi=soft' '-mlibarch=armv6s-m' '-march=armv6s-m'
 /usr/lib/gcc/arm-none-eabi/10.3.1/cc1plus -quiet -v -imultilib thumb/v6-m/nofp -D__USES_INITFINI__ /usr/share/cmake-3.22/Modules/CMakeCXXCompilerABI.cpp -quiet -dumpbase CMakeCXXCompilerABI.cpp -mcpu=cortex-m0plus -mthumb -mfloat-abi=soft -mlibarch=armv6s-m -march=armv6s-m -auxbase-strip CMakeFiles/cmTC_1959a.dir/CMakeCXXCompilerABI.cpp.obj -version -o /tmp/cck1KzDd.s
GNU C++14 (15:10.3-2021.07-4) version 10.3.1 20210621 (release) (arm-none-eabi)
	compiled by GNU C version 11.2.0, GMP version 6.2.1, MPFR version 4.1.0, MPC version 1.2.1, isl version isl-0.24-GMP

GGC heuristics: --param ggc-min-expand=100 --param ggc-min-heapsize=131072
ignoring nonexistent directory "/usr/lib/gcc/arm-none-eabi/10.3.1/../../../arm-none-eabi/sys-include"
#include "..." search starts here:
#include <...> search starts here:
 /usr/lib/gcc/arm-none-eabi/10.3.1/../../../arm-none-eabi/include/c++/10.3.1
 /usr/lib/gcc/arm-none-eabi/10.3.1/../../../arm-none-eabi/include/c++/10.3.1/arm-none-eabi/thumb/v6-m/nofp
 /usr/lib/gcc/arm-none-eabi/10.3.1/../../../arm-none-eabi/include/c++/10.3.1/backward
 /usr/lib/gcc/arm-none-eabi/10.3.1/include
 /usr/lib/gcc/arm-none-eabi/10.3.1/include-fixed
 /usr/lib/gcc/arm-none-eabi/10.3.1/../../../arm-none-eabi/include
End of search list.
GNU C++14 (15:10.3-2021.07-4) version 10.3.1 20210621 (release) (arm-none-eabi)
	compiled by GNU C version 11.2.0, GMP version 6.2.1, MPFR version 4.1.0, MPC version 1.2.1, isl version isl-0.24-GMP

GGC heuristics: --param ggc-min-expand=100 --param ggc-min-heapsize=131072
Compiler executable checksum: 4f994585a8ca8864fa1f4d2fb208a0ba
COLLECT_GCC_OPTIONS='-mcpu=cortex-m0plus' '-mthumb' '-v' '-o' 'CMakeFiles/cmTC_1959a.dir/CMakeCXXCompilerABI.cpp.obj' '-c' '-mfloat-abi=soft' '-mlibarch=armv6s-m' '-march=armv6s-m'
 /usr/lib/gcc/arm-none-eabi/10.3.1/../../../arm-none-eabi/bin/as -v -march=armv6s-m -mfloat-abi=soft -meabi=5 -o CMakeFiles/cmTC_1959a.dir/CMakeCXXCompilerABI.cpp.obj /tmp/cck1KzDd.s
GNU assembler version 2.38 (arm-none-eabi) using BFD version (2.38-3ubuntu1+15build1) 2.38
COMPILER_PATH=/usr/lib/gcc/arm-none-eabi/10.3.1/:/usr/lib/gcc/arm-none-eabi/10.3.1/:/usr/lib/gcc/arm-none-eabi/:/usr/lib/gcc/arm-none-eabi/10.3.1/:/usr/lib/gcc/arm-none-eabi/:/usr/lib/gcc/arm-none-eabi/10.3.1/../../../arm-none-eabi/bin/
LIBRARY_PATH=/usr/lib/gcc/arm-none-eabi/10.3.1/thumb/v6-m/nofp/:/usr/lib/gcc/arm-none-eabi/10.3.1/../../../arm-none-eabi/lib/thumb/v6-m/nofp/:/usr/lib/gcc/arm-none-eabi/10.3.1/:/usr/lib/gcc/arm-none-eabi/10.3.1/../../../arm-none-eabi/lib/
COLLECT_GCC_OPTIONS='-mcpu=cortex-m0plus' '-mthumb' '-v' '-o' 'CMakeFiles/cmTC_1959a.dir/CMakeCXXCompilerABI.cpp.obj' '-c' '-mfloat-abi=soft' '-mlibarch=armv6s-m' '-march=armv6s-m'
Linking CXX executable cmTC_1959a.elf
/usr/bin/cmake -E cmake_link_script CMakeFiles/cmTC_1959a.dir/link.txt --verbose=1
/usr/bin/arm-none-eabi-g++ -mcpu=cortex-m0plus -mthumb  -Wl,--build-id=none -nostdlib  -v CMakeFiles/cmTC_1959a.dir/CMakeCXXCompilerABI.cpp.obj -o cmTC_1959a.elf 
Using built-in specs.
COLLECT_GCC=/usr/bin/arm-none-eabi-g++
COLLECT_LTO_WRAPPER=/usr/lib/gcc/arm-none-eabi/10.3.1/lto-wrapper
Target: arm-none-eabi
Configured with: ../configure --build=x86_64-linux-gnu --prefix=/usr --includedir='/usr/lib/include' --mandir='/usr/lib/share/man' --infodir='/usr/lib/share/info' --sysconfdir=/etc --localstatedir=/var --disable-option-checking --disable-silent-rules --libdir='/usr/lib/lib/x86_64-linux-gnu' --libexecdir='/usr/lib/lib/x86_64-linux-gnu' --disable-maintainer-mode --disable-dependency-tracking --mandir=/usr/share/man --enable-languages=c,c++,lto --enable-multilib --disable-decimal-float --disable-libffi --disable-libgomp --disable-libmudflap --disable-libquadmath --disable-libssp --disable-libstdcxx-pch --disable-nls --disable-shared --disable-threads --enable-tls --build=x86_64-linux-gnu --target=arm-none-eabi --with-system-zlib --with-gnu-as --with-gnu-ld --with-pkgversion=15:10.3-2021.07-4 --without-included-gettext --prefix=/usr/lib --infodir=/usr/share/doc/gcc-arm-none-eabi/info --htmldir=/usr/share/doc/gcc-arm-none-eabi/html --pdfdir=/usr/share/doc/gcc-arm-none-eabi/pdf --bindir=/usr/bin --libexecdir=/usr/lib --libdir=/usr/lib --disable-libstdc++-v3 --host=x86_64-linux-gnu --with-headers=no --without-newlib --with-multilib-list=rmprofile,aprofile CFLAGS='-g -O2 -ffile-prefix-map=/build/gcc-arm-none-eabi-hYfgK4/gcc-arm-none-eabi-10.3-2021.07=. -flto=auto -ffat-lto-objects -fstack-protector-strong' CPPFLAGS='-Wdate-time -D_FORTIFY_SOURCE=2' CXXFLAGS='-g -O2 -ffile-prefix-map=/build/gcc-arm-none-eabi-hYfgK4/gcc-arm-none-eabi-10.3-2021.07=. -flto=auto -ffat-lto-objects -fstack-protector-strong' DFLAGS=-frelease FCFLAGS='-g -O2 -ffile-prefix-map=/build/gcc-arm-none-eabi-hYfgK4/gcc-arm-none-eabi-10.3-2021.07=. -flto=auto -ffat-lto-objects -fstack-protector-strong' FFLAGS='-g -O2 -ffile-prefix-map=/build/gcc-arm-none-eabi-hYfgK4/gcc-arm-none-eabi-10.3-2021.07=. -flto=auto -ffat-lto-objects -fstack-protector-strong' GCJFLAGS='-g -O2 -ffile-prefix-map=/build/gcc-arm-none-eabi-hYfgK4/gcc-arm-none-eabi-10.3-2021.07=. -fstack-protector-strong' LDFLAGS='-Wl,-Bsymbolic-functions -flto=auto -Wl,-z,relro' OBJCFLAGS='-g -O2 -ffile-prefix-map=/build/gcc-arm-none-eabi-hYfgK4/gcc-arm-none-eabi-10.3-2021.07=. -flto=auto -ffat-lto-objects -fstack-protector-strong' OBJCXXFLAGS='-g -O2 -ffile-prefix-map=/build/gcc-arm-none-eabi-hYfgK4/gcc-arm-none-eabi-10.3-2021.07=. -flto=auto -ffat-lto-objects -fstack-protector-strong' INHIBIT_LIBC_CFLAGS=-DUSE_TM_CLONE_REGISTRY=0 AR_FOR_TARGET=arm-none-eabi-ar AS_FOR_TARGET=arm-none-eabi-as LD_FOR_TARGET=arm-none-eabi-ld NM_FOR_TARGET=arm-none-eabi-nm OBJDUMP_FOR_TARGET=arm-none-eabi-objdump RANLIB_FOR_TARGET=arm-none-eabi-ranlib READELF_FOR_TARGET=arm-none-eabi-readelf STRIP_FOR_TARGET=arm-none-eabi-strip SED=/bin/sed SHELL=/bin/sh BASH=/bin/bash CONFIG_SHELL=/bin/bash
Thread model: single
Supported LTO compression algorithms: zlib
gcc version 10.3.1 20210621 (release) (15:10.3-2021.07-4) 
COMPILER_PATH=/usr/lib/gcc/arm-none-eabi/10.3.1/:/usr/lib/gcc/arm-none-eabi/10.3.1/:/usr/lib/gcc/arm-none-eabi/:/usr/lib/gcc/arm-none-eabi/10.3.1/:/usr/lib/gcc/arm-none-eabi/:/usr/lib/gcc/arm-none-eabi/10.3.1/../../../arm-none-eabi/bin/
LIBRARY_PATH=/usr/lib/gcc/arm-none-eabi/10.3.1/thumb/v6-m/nofp/:/usr/lib/gcc/arm-none-eabi/10.3.1/../../../arm-none-eabi/lib/thumb/v6-m/nofp/:/usr/lib/gcc/arm-none-eabi/10.3.1/:/usr/lib/gcc/arm-none-eabi/10.3.1/../../../arm-none-eabi/lib/
COLLECT_GCC_OPTIONS='-mcpu=cortex-m0plus' '-mthumb' '-nostdlib' '-v' '-o' 'cmTC_1959a.elf' '-mfloat-abi=soft' '-mlibarch=armv6s-m' '-march=armv6s-m'
 /usr/lib/gcc/arm-none-eabi/10.3.1/collect2 -plugin /usr/lib/gcc/arm-none-eabi/10.3.1/liblto_plugin.so -plugin-opt=/usr/lib/gcc/arm-none-eabi/10.3.1/lto-wrapper -plugin-opt=-fresolution=/tmp/cc69sByV.res -X -o cmTC_1959a.elf -L/usr/lib/gcc/arm-none-eabi/10.3.1/thumb/v6-m/nofp -L/usr/lib/gcc/arm-none-eabi/10.3.1/../../../arm-none-eabi/lib/thumb/v6-m/nofp -L/usr/lib/gcc/arm-none-eabi/10.3.1 -L/usr/lib/gcc/arm-none-eabi/10.3.1/../../../arm-none-eabi/lib --build-id=none CMakeFiles/cmTC_1959a.dir/CMakeCXXCompilerABI.cpp.obj
/usr/lib/gcc/arm-none-eabi/10.3.1/../../../arm-none-eabi/bin/ld: warning: cannot find entry symbol _start; defaulting to 0000000000008000
COLLECT_GCC_OPTIONS='-mcpu=cortex-m0plus' '-mthumb' '-nostdlib' '-v' '-o' 'cmTC_1959a.elf' '-mfloat-abi=soft' '-mlibarch=armv6s-m' '-march=armv6s-m'
gmake[1]: Leaving directory '/home/pi/NN2022Code/SrcBoardFirmware/build/CMakeFiles/CMakeTmp'



Parsed CXX implicit include dir info from above output: rv=done
  found start of include info
  found start of implicit include info
    add: [/usr/lib/gcc/arm-none-eabi/10.3.1/../../../arm-none-eabi/include/c++/10.3.1]
    add: [/usr/lib/gcc/arm-none-eabi/10.3.1/../../../arm-none-eabi/include/c++/10.3.1/arm-none-eabi/thumb/v6-m/nofp]
    add: [/usr/lib/gcc/arm-none-eabi/10.3.1/../../../arm-none-eabi/include/c++/10.3.1/backward]
    add: [/usr/lib/gcc/arm-none-eabi/10.3.1/include]
    add: [/usr/lib/gcc/arm-none-eabi/10.3.1/include-fixed]
    add: [/usr/lib/gcc/arm-none-eabi/10.3.1/../../../arm-none-eabi/include]
  end of search list found
  collapse include dir [/usr/lib/gcc/arm-none-eabi/10.3.1/../../../arm-none-eabi/include/c++/10.3.1] ==> [/usr/lib/arm-none-eabi/include/c++/10.3.1]
  collapse include dir [/usr/lib/gcc/arm-none-eabi/10.3.1/../../../arm-none-eabi/include/c++/10.3.1/arm-none-eabi/thumb/v6-m/nofp] ==> [/usr/lib/arm-none-eabi/include/c++/10.3.1/arm-none-eabi/thumb/v6-m/nofp]
  collapse include dir [/usr/lib/gcc/arm-none-eabi/10.3.1/../../../arm-none-eabi/include/c++/10.3.1/backward] ==> [/usr/lib/arm-none-eabi/include/c++/10.3.1/backward]
  collapse include dir [/usr/lib/gcc/arm-none-eabi/10.3.1/include] ==> [/usr/lib/gcc/arm-none-eabi/10.3.1/include]
  collapse include dir [/usr/lib/gcc/arm-none-eabi/10.3.1/include-fixed] ==> [/usr/lib/gcc/arm-none-eabi/10.3.1/include-fixed]
  collapse include dir [/usr/lib/gcc/arm-none-eabi/10.3.1/../../../arm-none-eabi/include] ==> [/usr/lib/arm-none-eabi/include]
  implicit include dirs: [/usr/lib/arm-none-eabi/include/c++/10.3.1;/usr/lib/arm-none-eabi/include/c++/10.3.1/arm-none-eabi/thumb/v6-m/nofp;/usr/lib/arm-none-eabi/include/c++/10.3.1/backward;/usr/lib/gcc/arm-none-eabi/10.3.1/include;/usr/lib/gcc/arm-none-eabi/10.3.1/include-fixed;/usr/lib/arm-none-eabi/include]


Parsed CXX implicit link information from above output:
  link line regex: [^( *|.*[/\])(arm-none-eabi-ld|CMAKE_LINK_STARTFILE-NOTFOUND|([^/\]+-)?ld|collect2)[^/\]*( |$)]
  ignore line: [Change Dir: /home/pi/NN2022Code/SrcBoardFirmware/build/CMakeFiles/CMakeTmp]
  ignore line: []
  ignore line: [Run Build Command(s):/usr/bin/gmake -f Makefile cmTC_1959a/fast && /usr/bin/gmake  -f CMakeFiles/cmTC_1959a.dir/build.make CMakeFiles/cmTC_1959a.dir/build]
  ignore line: [gmake[1]: Entering directory '/home/pi/NN2022Code/SrcBoardFirmware/build/CMakeFiles/CMakeTmp']
  ignore line: [Building CXX object CMakeFiles/cmTC_1959a.dir/CMakeCXXCompilerABI.cpp.obj]
  ignore line: [/usr/bin/arm-none-eabi-g++   -mcpu=cortex-m0plus -mthumb    -v -o CMakeFiles/cmTC_1959a.dir/CMakeCXXCompilerABI.cpp.obj -c /usr/share/cmake-3.22/Modules/CMakeCXXCompilerABI.cpp]
  ignore line: [Using built-in specs.]
  ignore line: [COLLECT_GCC=/usr/bin/arm-none-eabi-g++]
  ignore line: [Target: arm-none-eabi]
  ignore line: [Configured with: ../configure --build=x86_64-linux-gnu --prefix=/usr --includedir='/usr/lib/include' --mandir='/usr/lib/share/man' --infodir='/usr/lib/share/info' --sysconfdir=/etc --localstatedir=/var --disable-option-checking --disable-silent-rules --libdir='/usr/lib/lib/x86_64-linux-gnu' --libexecdir='/usr/lib/lib/x86_64-linux-gnu' --disable-maintainer-mode --disable-dependency-tracking --mandir=/usr/share/man --enable-languages=c,c++,lto --enable-multilib --disable-decimal-float --disable-libffi --disable-libgomp --disable-libmudflap --disable-libquadmath --disable-libssp --disable-libstdcxx-pch --disable-nls --disable-shared --disable-threads --enable-tls --build=x86_64-linux-gnu --target=arm-none-eabi --with-system-zlib --with-gnu-as --with-gnu-ld --with-pkgversion=15:10.3-2021.07-4 --without-included-gettext --prefix=/usr/lib --infodir=/usr/share/doc/gcc-arm-none-eabi/info --htmldir=/usr/share/doc/gcc-arm-none-eabi/html --pdfdir=/usr/share/doc/gcc-arm-none-eabi/pdf --bindir=/usr/bin --libexecdir=/usr/lib --libdir=/usr/lib --disable-libstdc++-v3 --host=x86_64-linux-gnu --with-headers=no --without-newlib --with-multilib-list=rmprofile,aprofile CFLAGS='-g -O2 -ffile-prefix-map=/build/gcc-arm-none-eabi-hYfgK4/gcc-arm-none-eabi-10.3-2021.07=. -flto=auto -ffat-lto-objects -fstack-protector-strong' CPPFLAGS='-Wdate-time -D_FORTIFY_SOURCE=2' CXXFLAGS='-g -O2 -ffile-prefix-map=/build/gcc-arm-none-eabi-hYfgK4/gcc-arm-none-eabi-10.3-2021.07=. -flto=auto -ffat-lto-objects -fstack-protector-strong' DFLAGS=-frelease FCFLAGS='-g -O2 -ffile-prefix-map=/build/gcc-arm-none-eabi-hYfgK4/gcc-arm-none-eabi-10.3-2021.07=. -flto=auto -ffat-lto-objects -fstack-protector-strong' FFLAGS='-g -O2 -ffile-prefix-map=/build/gcc-arm-none-eabi-hYfgK4/gcc-arm-none-eabi-10.3-2021.07=. -flto=auto -ffat-lto-objects -fstack-protector-strong' GCJFLAGS='-g -O2 -ffile-prefix-map=/build/gcc-arm-none-eabi-hYfgK4/gcc-arm-none-eabi-10.3-2021.07=. -fstack-protector-strong' LDFLAGS='-Wl,-Bsymbolic-functions -flto=auto -Wl,-z,relro' OBJCFLAGS='-g -O2 -ffile-prefix-map=/build/gcc-arm-none-eabi-hYfgK4/gcc-arm-none-eabi-10.3-2021.07=. -flto=auto -ffat-lto-objects -fstack-protector-strong' OBJCXXFLAGS='-g -O2 -ffile-prefix-map=/build/gcc-arm-none-eabi-hYfgK4/gcc-arm-none-eabi-10.3-2021.07=. -flto=auto -ffat-lto-objects -fstack-protector-strong' INHIBIT_LIBC_CFLAGS=-DUSE_TM_CLONE_REGISTRY=0 AR_FOR_TARGET=arm-none-eabi-ar AS_FOR_TARGET=arm-none-eabi-as LD_FOR_TARGET=arm-none-eabi-ld NM_FOR_TARGET=arm-none-eabi-nm OBJDUMP_FOR_TARGET=arm-none-eabi-objdump RANLIB_FOR_TARGET=arm-none-eabi-ranlib READELF_FOR_TARGET=arm-none-eabi-readelf STRIP_FOR_TARGET=arm-none-eabi-strip SED=/bin/sed SHELL=/bin/sh BASH=/bin/bash CONFIG_SHELL=/bin/bash]
  ignore line: [Thread model: single]
  ignore line: [Supported LTO compression algorithms: zlib]
  ignore line: [gcc version 10.3.1 20210621 (release) (15:10.3-2021.07-4) ]
  ignore line: [COLLECT_GCC_OPTIONS='-mcpu=cortex-m0plus' '-mthumb' '-v' '-o' 'CMakeFiles/cmTC_1959a.dir/CMakeCXXCompilerABI.cpp.obj' '-c' '-mfloat-abi=soft' '-mlibarch=armv6s-m' '-march=armv6s-m']
  ignore line: [ /usr/lib/gcc/arm-none-eabi/10.3.1/cc1plus -quiet -v -imultilib thumb/v6-m/nofp -D__USES_INITFINI__ /usr/share/cmake-3.22/Modules/CMakeCXXCompilerABI.cpp -quiet -dumpbase CMakeCXXCompilerABI.cpp -mcpu=cortex-m0plus -mthumb -mfloat-abi=soft -mlibarch=armv6s-m -march=armv6s-m -auxbase-strip CMakeFiles/cmTC_1959a.dir/CMakeCXXCompilerABI.cpp.obj -version -o /tmp/cck1KzDd.s]
  ignore line: [GNU C++14 (15:10.3-2021.07-4) version 10.3.1 20210621 (release) (arm-none-eabi)]
  ignore line: [	compiled by GNU C version 11.2.0  GMP version 6.2.1  MPFR version 4.1.0  MPC version 1.2.1  isl version isl-0.24-GMP]
  ignore line: []
  ignore line: [GGC heuristics: --param ggc-min-expand=100 --param ggc-min-heapsize=131072]
  ignore line: [ignoring nonexistent directory "/usr/lib/gcc/arm-none-eabi/10.3.1/../../../arm-none-eabi/sys-include"]
  ignore line: [#include "..." search starts here:]
  ignore line: [#include <...> search starts here:]
  ignore line: [ /usr/lib/gcc/arm-none-eabi/10.3.1/../../../arm-none-eabi/include/c++/10.3.1]
  ignore line: [ /usr/lib/gcc/arm-none-eabi/10.3.1/../../../arm-none-eabi/include/c++/10.3.1/arm-none-eabi/thumb/v6-m/nofp]
  ignore line: [ /usr/lib/gcc/arm-none-eabi/10.3.1/../../../arm-none-eabi/include/c++/10.3.1/backward]
  ignore line: [ /usr/lib/gcc/arm-none-eabi/10.3.1/include]
  ignore line: [ /usr/lib/gcc/arm-none-eabi/10.3.1/include-fixed]
  ignore line: [ /usr/lib/gcc/arm-none-eabi/10.3.1/../../../arm-none-eabi/include]
  ignore line: [End of search list.]
  ignore line: [GNU C++14 (15:10.3-2021.07-4) version 10.3.1 20210621 (release) (arm-none-eabi)]
  ignore line: [	compiled by GNU C version 11.2.0  GMP version 6.2.1  MPFR version 4.1.0  MPC version 1.2.1  isl version isl-0.24-GMP]
  ignore line: []
  ignore line: [GGC heuristics: --param ggc-min-expand=100 --param ggc-min-heapsize=131072]
  ignore line: [Compiler executable checksum: 4f994585a8ca8864fa1f4d2fb208a0ba]
  ignore line: [COLLECT_GCC_OPTIONS='-mcpu=cortex-m0plus' '-mthumb' '-v' '-o' 'CMakeFiles/cmTC_1959a.dir/CMakeCXXCompilerABI.cpp.obj' '-c' '-mfloat-abi=soft' '-mlibarch=armv6s-m' '-march=armv6s-m']
  ignore line: [ /usr/lib/gcc/arm-none-eabi/10.3.1/../../../arm-none-eabi/bin/as -v -march=armv6s-m -mfloat-abi=soft -meabi=5 -o CMakeFiles/cmTC_1959a.dir/CMakeCXXCompilerABI.cpp.obj /tmp/cck1KzDd.s]
  ignore line: [GNU assembler version 2.38 (arm-none-eabi) using BFD version (2.38-3ubuntu1+15build1) 2.38]
  ignore line: [COMPILER_PATH=/usr/lib/gcc/arm-none-eabi/10.3.1/:/usr/lib/gcc/arm-none-eabi/10.3.1/:/usr/lib/gcc/arm-none-eabi/:/usr/lib/gcc/arm-none-eabi/10.3.1/:/usr/lib/gcc/arm-none-eabi/:/usr/lib/gcc/arm-none-eabi/10.3.1/../../../arm-none-eabi/bin/]
  ignore line: [LIBRARY_PATH=/usr/lib/gcc/arm-none-eabi/10.3.1/thumb/v6-m/nofp/:/usr/lib/gcc/arm-none-eabi/10.3.1/../../../arm-none-eabi/lib/thumb/v6-m/nofp/:/usr/lib/gcc/arm-none-eabi/10.3.1/:/usr/lib/gcc/arm-none-eabi/10.3.1/../../../arm-none-eabi/lib/]
  ignore line: [COLLECT_GCC_OPTIONS='-mcpu=cortex-m0plus' '-mthumb' '-v' '-o' 'CMakeFiles/cmTC_1959a.dir/CMakeCXXCompilerABI.cpp.obj' '-c' '-mfloat-abi=soft' '-mlibarch=armv6s-m' '-march=armv6s-m']
  ignore line: [Linking CXX executable cmTC_1959a.elf]
  ignore line: [/usr/bin/cmake -E cmake_link_script CMakeFiles/cmTC_1959a.dir/link.txt --verbose=1]
  ignore line: [/usr/bin/arm-none-eabi-g++ -mcpu=cortex-m0plus -mthumb  -Wl --build-id=none -nostdlib  -v CMakeFiles/cmTC_1959a.dir/CMakeCXXCompilerABI.cpp.obj -o cmTC_1959a.elf ]
  ignore line: [Using built-in specs.]
  ignore line: [COLLECT_GCC=/usr/bin/arm-none-eabi-g++]
  ignore line: [COLLECT_LTO_WRAPPER=/usr/lib/gcc/arm-none-eabi/10.3.1/lto-wrapper]
  ignore line: [Target: arm-none-eabi]
  ignore line: [Configured with: ../configure --build=x86_64-linux-gnu --prefix=/usr --includedir='/usr/lib/include' --mandir='/usr/lib/share/man' --infodir='/usr/lib/share/info' --sysconfdir=/etc --localstatedir=/var --disable-option-checking --disable-silent-rules --libdir='/usr/lib/lib/x86_64-linux-gnu' --libexecdir='/usr/lib/lib/x86_64-linux-gnu' --disable-maintainer-mode --disable-dependency-tracking --mandir=/usr/share/man --enable-languages=c,c++,lto --enable-multilib --disable-decimal-float --disable-libffi --disable-libgomp --disable-libmudflap --disable-libquadmath --disable-libssp --disable-libstdcxx-pch --disable-nls --disable-shared --disable-threads --enable-tls --build=x86_64-linux-gnu --target=arm-none-eabi --with-system-zlib --with-gnu-as --with-gnu-ld --with-pkgversion=15:10.3-2021.07-4 --without-included-gettext --prefix=/usr/lib --infodir=/usr/share/doc/gcc-arm-none-eabi/info --htmldir=/usr/share/doc/gcc-arm-none-eabi/html --pdfdir=/usr/share/doc/gcc-arm-none-eabi/pdf --bindir=/usr/bin --libexecdir=/usr/lib --libdir=/usr/lib --disable-libstdc++-v3 --host=x86_64-linux-gnu --with-headers=no --without-newlib --with-multilib-list=rmprofile,aprofile CFLAGS='-g -O2 -ffile-prefix-map=/build/gcc-arm-none-eabi-hYfgK4/gcc-arm-none-eabi-10.3-2021.07=. -flto=auto -ffat-lto-objects -fstack-protector-strong' CPPFLAGS='-Wdate-time -D_FORTIFY_SOURCE=2' CXXFLAGS='-g -O2 -ffile-prefix-map=/build/gcc-arm-none-eabi-hYfgK4/gcc-arm-none-eabi-10.3-2021.07=. -flto=auto -ffat-lto-objects -fstack-protector-strong' DFLAGS=-frelease FCFLAGS='-g -O2 -ffile-prefix-map=/build/gcc-arm-none-eabi-hYfgK4/gcc-arm-none-eabi-10.3-2021.07=. -flto=auto -ffat-lto-objects -fstack-protector-strong' FFLAGS='-g -O2 -ffile-prefix-map=/build/gcc-arm-none-eabi-hYfgK4/gcc-arm-none-eabi-10.3-2021.07=. -flto=auto -ffat-lto-objects -fstack-protector-strong' GCJFLAGS='-g -O2 -ffile-prefix-map=/build/gcc-arm-none-eabi-hYfgK4/gcc-arm-none-eabi-10.3-2021.07=. -fstack-protector-strong' LDFLAGS='-Wl,-Bsymbolic-functions -flto=auto -Wl,-z,relro' OBJCFLAGS='-g -O2 -ffile-prefix-map=/build/gcc-arm-none-eabi-hYfgK4/gcc-arm-none-eabi-10.3-2021.07=. -flto=auto -ffat-lto-objects -fstack-protector-strong' OBJCXXFLAGS='-g -O2 -ffile-prefix-map=/build/gcc-arm-none-eabi-hYfgK4/gcc-arm-none-eabi-10.3-2021.07=. -flto=auto -ffat-lto-objects -fstack-protector-strong' INHIBIT_LIBC_CFLAGS=-DUSE_TM_CLONE_REGISTRY=0 AR_FOR_TARGET=arm-none-eabi-ar AS_FOR_TARGET=arm-none-eabi-as LD_FOR_TARGET=arm-none-eabi-ld NM_FOR_TARGET=arm-none-eabi-nm OBJDUMP_FOR_TARGET=arm-none-eabi-objdump RANLIB_FOR_TARGET=arm-none-eabi-ranlib READELF_FOR_TARGET=arm-none-eabi-readelf STRIP_FOR_TARGET=arm-none-eabi-strip SED=/bin/sed SHELL=/bin/sh BASH=/bin/bash CONFIG_SHELL=/bin/bash]
  ignore line: [Thread model: single]
  ignore line: [Supported LTO compression algorithms: zlib]
  ignore line: [gcc version 10.3.1 20210621 (release) (15:10.3-2021.07-4) ]
  ignore line: [COMPILER_PATH=/usr/lib/gcc/arm-none-eabi/10.3.1/:/usr/lib/gcc/arm-none-eabi/10.3.1/:/usr/lib/gcc/arm-none-eabi/:/usr/lib/gcc/arm-none-eabi/10.3.1/:/usr/lib/gcc/arm-none-eabi/:/usr/lib/gcc/arm-none-eabi/10.3.1/../../../arm-none-eabi/bin/]
  ignore line: [LIBRARY_PATH=/usr/lib/gcc/arm-none-eabi/10.3.1/thumb/v6-m/nofp/:/usr/lib/gcc/arm-none-eabi/10.3.1/../../../arm-none-eabi/lib/thumb/v6-m/nofp/:/usr/lib/gcc/arm-none-eabi/10.3.1/:/usr/lib/gcc/arm-none-eabi/10.3.1/../../../arm-none-eabi/lib/]
  ignore line: [COLLECT_GCC_OPTIONS='-mcpu=cortex-m0plus' '-mthumb' '-nostdlib' '-v' '-o' 'cmTC_1959a.elf' '-mfloat-abi=soft' '-mlibarch=armv6s-m' '-march=armv6s-m']
  link line: [ /usr/lib/gcc/arm-none-eabi/10.3.1/collect2 -plugin /usr/lib/gcc/arm-none-eabi/10.3.1/liblto_plugin.so -plugin-opt=/usr/lib/gcc/arm-none-eabi/10.3.1/lto-wrapper -plugin-opt=-fresolution=/tmp/cc69sByV.res -X -o cmTC_1959a.elf -L/usr/lib/gcc/arm-none-eabi/10.3.1/thumb/v6-m/nofp -L/usr/lib/gcc/arm-none-eabi/10.3.1/../../../arm-none-eabi/lib/thumb/v6-m/nofp -L/usr/lib/gcc/arm-none-eabi/10.3.1 -L/usr/lib/gcc/arm-none-eabi/10.3.1/../../../arm-none-eabi/lib --build-id=none CMakeFiles/cmTC_1959a.dir/CMakeCXXCompilerABI.cpp.obj]
    arg [/usr/lib/gcc/arm-none-eabi/10.3.1/collect2] ==> ignore
    arg [-plugin] ==> ignore
    arg [/usr/lib/gcc/arm-none-eabi/10.3.1/liblto_plugin.so] ==> ignore
    arg [-plugin-opt=/usr/lib/gcc/arm-none-eabi/10.3.1/lto-wrapper] ==> ignore
    arg [-plugin-opt=-fresolution=/tmp/cc69sByV.res] ==> ignore
    arg [-X] ==> ignore
    arg [-o] ==> ignore
    arg [cmTC_1959a.elf] ==> ignore
    arg [-L/usr/lib/gcc/arm-none-eabi/10.3.1/thumb/v6-m/nofp] ==> dir [/usr/lib/gcc/arm-none-eabi/10.3.1/thumb/v6-m/nofp]
    arg [-L/usr/lib/gcc/arm-none-eabi/10.3.1/../../../arm-none-eabi/lib/thumb/v6-m/nofp] ==> dir [/usr/lib/gcc/arm-none-eabi/10.3.1/../../../arm-none-eabi/lib/thumb/v6-m/nofp]
    arg [-L/usr/lib/gcc/arm-none-eabi/10.3.1] ==> dir [/usr/lib/gcc/arm-none-eabi/10.3.1]
    arg [-L/usr/lib/gcc/arm-none-eabi/10.3.1/../../../arm-none-eabi/lib] ==> dir [/usr/lib/gcc/arm-none-eabi/10.3.1/../../../arm-none-eabi/lib]
    arg [--build-id=none] ==> ignore
    arg [CMakeFiles/cmTC_1959a.dir/CMakeCXXCompilerABI.cpp.obj] ==> ignore
  collapse library dir [/usr/lib/gcc/arm-none-eabi/10.3.1/thumb/v6-m/nofp] ==> [/usr/lib/gcc/arm-none-eabi/10.3.1/thumb/v6-m/nofp]
  collapse library dir [/usr/lib/gcc/arm-none-eabi/10.3.1/../../../arm-none-eabi/lib/thumb/v6-m/nofp] ==> [/usr/lib/arm-none-eabi/lib/thumb/v6-m/nofp]
  collapse library dir [/usr/lib/gcc/arm-none-eabi/10.3.1] ==> [/usr/lib/gcc/arm-none-eabi/10.3.1]
  collapse library dir [/usr/lib/gcc/arm-none-eabi/10.3.1/../../../arm-none-eabi/lib] ==> [/usr/lib/arm-none-eabi/lib]
  implicit libs: []
  implicit objs: []
  implicit dirs: [/usr/lib/gcc/arm-none-eabi/10.3.1/thumb/v6-m/nofp;/usr/lib/arm-none-eabi/lib/thumb/v6-m/nofp;/usr/lib/gcc/arm-none-eabi/10.3.1;/usr/lib/arm-none-eabi/lib]
  implicit fwks: []


