
/home/pi/NN2022Code/SrcBoardFirmware/build/SrcBoardFirmware.elf:     file format elf32-littlearm

Sections:
Idx Name          Size      VMA       LMA       File off  Algn
  0 .boot2        00000100  10000000  10000000  00001000  2**0
                  CONTENTS, ALLOC, LOAD, READONLY, CODE
  1 .flashtext    000001d8  10000100  10000100  00001100  2**3
                  CONTENTS, ALLOC, LOAD, READONLY, CODE
  2 .rodata       00000000  100002d8  100002d8  00008660  2**0
                  CONTENTS, ALLOC, LOAD, DATA
  3 .binary_info  0000001c  100002d8  100002d8  000012d8  2**2
                  CONTENTS, ALLOC, LOAD, READONLY, DATA
  4 .ram_vector_table 000000c0  20000000  20000000  00009000  2**2
                  ALLOC
  5 .text         00005128  200000c0  100002f4  000020c0  2**2
                  CONTENTS, ALLOC, LOAD, READONLY, CODE
  6 .data         00001470  200051f0  1000541c  000071f0  2**4
                  CONTENTS, ALLOC, LOAD, CODE
  7 .uninitialized_data 00000000  20006660  20006660  00008660  2**0
                  CONTENTS
  8 .scratch_x    00000000  20040000  20040000  00008660  2**0
                  CONTENTS
  9 .scratch_y    00000000  20041000  20041000  00008660  2**0
                  CONTENTS
 10 .bss          000014fc  20006660  20006660  00008660  2**3
                  ALLOC
 11 .heap         00000800  20007b5c  20007b5c  00008660  2**2
                  CONTENTS, READONLY
 12 .stack_dummy  00000800  20041000  20041000  00008e60  2**5
                  CONTENTS, READONLY
 13 .ARM.attributes 00000028  00000000  00000000  00009660  2**0
                  CONTENTS, READONLY
 14 .comment      00000033  00000000  00000000  00009688  2**0
                  CONTENTS, READONLY
 15 .debug_info   0001c411  00000000  00000000  000096bb  2**0
                  CONTENTS, READONLY, DEBUGGING, OCTETS
 16 .debug_abbrev 00004c5c  00000000  00000000  00025acc  2**0
                  CONTENTS, READONLY, DEBUGGING, OCTETS
 17 .debug_loc    000139d7  00000000  00000000  0002a728  2**0
                  CONTENTS, READONLY, DEBUGGING, OCTETS
 18 .debug_aranges 00000fc8  00000000  00000000  0003e100  2**3
                  CONTENTS, READONLY, DEBUGGING, OCTETS
 19 .debug_ranges 00003fb0  00000000  00000000  0003f0c8  2**3
                  CONTENTS, READONLY, DEBUGGING, OCTETS
 20 .debug_line   00010627  00000000  00000000  00043078  2**0
                  CONTENTS, READONLY, DEBUGGING, OCTETS
 21 .debug_str    00004813  00000000  00000000  0005369f  2**0
                  CONTENTS, READONLY, DEBUGGING, OCTETS
 22 .debug_frame  00001c94  00000000  00000000  00057eb4  2**2
                  CONTENTS, READONLY, DEBUGGING, OCTETS

/home/pi/NN2022Code/SrcBoardFirmware/build/SrcBoardFirmware.elf:     file format elf32-littlearm


Disassembly of section .boot2:

10000000 <__boot2_start__>:
10000000:	4b32b500 	.word	0x4b32b500
10000004:	60582021 	.word	0x60582021
10000008:	21026898 	.word	0x21026898
1000000c:	60984388 	.word	0x60984388
10000010:	611860d8 	.word	0x611860d8
10000014:	4b2e6158 	.word	0x4b2e6158
10000018:	60992100 	.word	0x60992100
1000001c:	61592102 	.word	0x61592102
10000020:	22f02101 	.word	0x22f02101
10000024:	492b5099 	.word	0x492b5099
10000028:	21016019 	.word	0x21016019
1000002c:	20356099 	.word	0x20356099
10000030:	f844f000 	.word	0xf844f000
10000034:	42902202 	.word	0x42902202
10000038:	2106d014 	.word	0x2106d014
1000003c:	f0006619 	.word	0xf0006619
10000040:	6e19f834 	.word	0x6e19f834
10000044:	66192101 	.word	0x66192101
10000048:	66182000 	.word	0x66182000
1000004c:	f000661a 	.word	0xf000661a
10000050:	6e19f82c 	.word	0x6e19f82c
10000054:	6e196e19 	.word	0x6e196e19
10000058:	f0002005 	.word	0xf0002005
1000005c:	2101f82f 	.word	0x2101f82f
10000060:	d1f94208 	.word	0xd1f94208
10000064:	60992100 	.word	0x60992100
10000068:	6019491b 	.word	0x6019491b
1000006c:	60592100 	.word	0x60592100
10000070:	481b491a 	.word	0x481b491a
10000074:	21016001 	.word	0x21016001
10000078:	21eb6099 	.word	0x21eb6099
1000007c:	21a06619 	.word	0x21a06619
10000080:	f0006619 	.word	0xf0006619
10000084:	2100f812 	.word	0x2100f812
10000088:	49166099 	.word	0x49166099
1000008c:	60014814 	.word	0x60014814
10000090:	60992101 	.word	0x60992101
10000094:	2800bc01 	.word	0x2800bc01
10000098:	4700d000 	.word	0x4700d000
1000009c:	49134812 	.word	0x49134812
100000a0:	c8036008 	.word	0xc8036008
100000a4:	8808f380 	.word	0x8808f380
100000a8:	b5034708 	.word	0xb5034708
100000ac:	20046a99 	.word	0x20046a99
100000b0:	d0fb4201 	.word	0xd0fb4201
100000b4:	42012001 	.word	0x42012001
100000b8:	bd03d1f8 	.word	0xbd03d1f8
100000bc:	6618b502 	.word	0x6618b502
100000c0:	f7ff6618 	.word	0xf7ff6618
100000c4:	6e18fff2 	.word	0x6e18fff2
100000c8:	bd026e18 	.word	0xbd026e18
100000cc:	40020000 	.word	0x40020000
100000d0:	18000000 	.word	0x18000000
100000d4:	00070000 	.word	0x00070000
100000d8:	005f0300 	.word	0x005f0300
100000dc:	00002221 	.word	0x00002221
100000e0:	180000f4 	.word	0x180000f4
100000e4:	a0002022 	.word	0xa0002022
100000e8:	10000100 	.word	0x10000100
100000ec:	e000ed08 	.word	0xe000ed08
	...
100000fc:	7a4eb274 	.word	0x7a4eb274

Disassembly of section .flashtext:

10000100 <__VECTOR_TABLE>:
10000100:	20042000 	.word	0x20042000
10000104:	100001f7 	.word	0x100001f7
10000108:	100001c3 	.word	0x100001c3
1000010c:	100001c5 	.word	0x100001c5
10000110:	100001c1 	.word	0x100001c1
10000114:	100001c1 	.word	0x100001c1
10000118:	100001c1 	.word	0x100001c1
1000011c:	100001c1 	.word	0x100001c1
10000120:	100001c1 	.word	0x100001c1
10000124:	100001c1 	.word	0x100001c1
10000128:	100001c1 	.word	0x100001c1
1000012c:	100001c7 	.word	0x100001c7
10000130:	100001c1 	.word	0x100001c1
10000134:	100001c1 	.word	0x100001c1
10000138:	100001c9 	.word	0x100001c9
1000013c:	100001cb 	.word	0x100001cb
10000140:	100001cd 	.word	0x100001cd
10000144:	100001cd 	.word	0x100001cd
10000148:	100001cd 	.word	0x100001cd
1000014c:	100001cd 	.word	0x100001cd
10000150:	100001cd 	.word	0x100001cd
10000154:	100001cd 	.word	0x100001cd
10000158:	100001cd 	.word	0x100001cd
1000015c:	100001cd 	.word	0x100001cd
10000160:	100001cd 	.word	0x100001cd
10000164:	100001cd 	.word	0x100001cd
10000168:	100001cd 	.word	0x100001cd
1000016c:	100001cd 	.word	0x100001cd
10000170:	100001cd 	.word	0x100001cd
10000174:	100001cd 	.word	0x100001cd
10000178:	100001cd 	.word	0x100001cd
1000017c:	100001cd 	.word	0x100001cd
10000180:	100001cd 	.word	0x100001cd
10000184:	100001cd 	.word	0x100001cd
10000188:	100001cd 	.word	0x100001cd
1000018c:	100001cd 	.word	0x100001cd
10000190:	100001cd 	.word	0x100001cd
10000194:	100001cd 	.word	0x100001cd
10000198:	100001cd 	.word	0x100001cd
1000019c:	100001cd 	.word	0x100001cd
100001a0:	100001cd 	.word	0x100001cd
100001a4:	100001cd 	.word	0x100001cd
100001a8:	100001cd 	.word	0x100001cd
100001ac:	100001cd 	.word	0x100001cd
100001b0:	100001cd 	.word	0x100001cd
100001b4:	100001cd 	.word	0x100001cd
100001b8:	100001cd 	.word	0x100001cd
100001bc:	100001cd 	.word	0x100001cd

100001c0 <isr_invalid>:
100001c0:	be00      	bkpt	0x0000

100001c2 <isr_nmi>:
100001c2:	be00      	bkpt	0x0000

100001c4 <isr_hardfault>:
100001c4:	be00      	bkpt	0x0000

100001c6 <isr_svcall>:
100001c6:	be00      	bkpt	0x0000

100001c8 <isr_pendsv>:
100001c8:	be00      	bkpt	0x0000

100001ca <isr_systick>:
100001ca:	be00      	bkpt	0x0000

100001cc <__unhandled_user_irq>:
100001cc:	f3ef 8005 	mrs	r0, IPSR
100001d0:	3810      	subs	r0, #16

100001d2 <unhandled_user_irq_num_in_r0>:
100001d2:	be00      	bkpt	0x0000

100001d4 <binary_info_header>:
100001d4:	7188ebf2 	.word	0x7188ebf2
100001d8:	100002d8 	.word	0x100002d8
100001dc:	100002f4 	.word	0x100002f4
100001e0:	10000234 	.word	0x10000234
100001e4:	e71aa390 	.word	0xe71aa390

100001e8 <_entry_point>:
100001e8:	2000      	movs	r0, #0
100001ea:	4922      	ldr	r1, [pc, #136]	; (10000274 <hold_non_core0_in_bootrom+0xa>)
100001ec:	6008      	str	r0, [r1, #0]
100001ee:	c806      	ldmia	r0!, {r1, r2}
100001f0:	f381 8808 	msr	MSP, r1
100001f4:	4710      	bx	r2

100001f6 <_reset_handler>:
100001f6:	4820      	ldr	r0, [pc, #128]	; (10000278 <hold_non_core0_in_bootrom+0xe>)
100001f8:	6800      	ldr	r0, [r0, #0]
100001fa:	2800      	cmp	r0, #0
100001fc:	d135      	bne.n	1000026a <hold_non_core0_in_bootrom>
100001fe:	a40d      	add	r4, pc, #52	; (adr r4, 10000234 <data_cpy_table>)
10000200:	cc0e      	ldmia	r4!, {r1, r2, r3}
10000202:	2900      	cmp	r1, #0
10000204:	d002      	beq.n	1000020c <_reset_handler+0x16>
10000206:	f000 f812 	bl	1000022e <data_cpy>
1000020a:	e7f9      	b.n	10000200 <_reset_handler+0xa>
1000020c:	491b      	ldr	r1, [pc, #108]	; (1000027c <hold_non_core0_in_bootrom+0x12>)
1000020e:	4a1c      	ldr	r2, [pc, #112]	; (10000280 <hold_non_core0_in_bootrom+0x16>)
10000210:	2000      	movs	r0, #0
10000212:	e000      	b.n	10000216 <bss_fill_test>

10000214 <bss_fill_loop>:
10000214:	c101      	stmia	r1!, {r0}

10000216 <bss_fill_test>:
10000216:	4291      	cmp	r1, r2
10000218:	d1fc      	bne.n	10000214 <bss_fill_loop>

1000021a <platform_entry>:
1000021a:	491a      	ldr	r1, [pc, #104]	; (10000284 <hold_non_core0_in_bootrom+0x1a>)
1000021c:	4788      	blx	r1
1000021e:	491a      	ldr	r1, [pc, #104]	; (10000288 <hold_non_core0_in_bootrom+0x1e>)
10000220:	4788      	blx	r1
10000222:	491a      	ldr	r1, [pc, #104]	; (1000028c <hold_non_core0_in_bootrom+0x22>)
10000224:	4788      	blx	r1
10000226:	be00      	bkpt	0x0000
10000228:	e7fd      	b.n	10000226 <platform_entry+0xc>

1000022a <data_cpy_loop>:
1000022a:	c901      	ldmia	r1!, {r0}
1000022c:	c201      	stmia	r2!, {r0}

1000022e <data_cpy>:
1000022e:	429a      	cmp	r2, r3
10000230:	d3fb      	bcc.n	1000022a <data_cpy_loop>
10000232:	4770      	bx	lr

10000234 <data_cpy_table>:
10000234:	100002f4 	.word	0x100002f4
10000238:	200000c0 	.word	0x200000c0
1000023c:	200051e8 	.word	0x200051e8
10000240:	1000541c 	.word	0x1000541c
10000244:	200051f0 	.word	0x200051f0
10000248:	20006660 	.word	0x20006660
1000024c:	1000688c 	.word	0x1000688c
10000250:	20040000 	.word	0x20040000
10000254:	20040000 	.word	0x20040000
10000258:	1000688c 	.word	0x1000688c
1000025c:	20041000 	.word	0x20041000
10000260:	20041000 	.word	0x20041000
10000264:	00000000 	.word	0x00000000
10000268:	4770      	bx	lr

1000026a <hold_non_core0_in_bootrom>:
1000026a:	4809      	ldr	r0, [pc, #36]	; (10000290 <hold_non_core0_in_bootrom+0x26>)
1000026c:	f000 f814 	bl	10000298 <__rom_func_lookup_veneer>
10000270:	4700      	bx	r0
10000272:	0000      	.short	0x0000
10000274:	e000ed08 	.word	0xe000ed08
10000278:	d0000000 	.word	0xd0000000
1000027c:	20006660 	.word	0x20006660
10000280:	20007b5c 	.word	0x20007b5c
10000284:	20002a79 	.word	0x20002a79
10000288:	2000095d 	.word	0x2000095d
1000028c:	20002a35 	.word	0x20002a35
10000290:	00005657 	.word	0x00005657
10000294:	00000000 	.word	0x00000000

10000298 <__rom_func_lookup_veneer>:
10000298:	b401      	push	{r0}
1000029a:	4802      	ldr	r0, [pc, #8]	; (100002a4 <__rom_func_lookup_veneer+0xc>)
1000029c:	4684      	mov	ip, r0
1000029e:	bc01      	pop	{r0}
100002a0:	4760      	bx	ip
100002a2:	bf00      	nop
100002a4:	20003cf1 	.word	0x20003cf1

100002a8 <__bi_50>:
100002a8:	50520006 5360b3ab 20006330              ..RP..`S0c. 

100002b4 <__bi_38>:
100002b4:	50520006 02031c86 20006340              ..RP....@c. 

100002c0 <__bi_30>:
100002c0:	50520006 9da22254 20006354              ..RPT"..Tc. 

100002cc <__bi_22>:
100002cc:	50520005 68f465de 1000688c              ..RP.e.h.h..

Disassembly of section .text:

200000c0 <_init>:
200000c0:	b5f8      	push	{r3, r4, r5, r6, r7, lr}
200000c2:	46c0      	nop			; (mov r8, r8)

200000c4 <deregister_tm_clones>:
200000c4:	4804      	ldr	r0, [pc, #16]	; (200000d8 <deregister_tm_clones+0x14>)
200000c6:	4b05      	ldr	r3, [pc, #20]	; (200000dc <deregister_tm_clones+0x18>)
200000c8:	b510      	push	{r4, lr}
200000ca:	4283      	cmp	r3, r0
200000cc:	d003      	beq.n	200000d6 <deregister_tm_clones+0x12>
200000ce:	4b04      	ldr	r3, [pc, #16]	; (200000e0 <deregister_tm_clones+0x1c>)
200000d0:	2b00      	cmp	r3, #0
200000d2:	d000      	beq.n	200000d6 <deregister_tm_clones+0x12>
200000d4:	4798      	blx	r3
200000d6:	bd10      	pop	{r4, pc}
200000d8:	20006660 	.word	0x20006660
200000dc:	20006660 	.word	0x20006660
200000e0:	00000000 	.word	0x00000000

200000e4 <register_tm_clones>:
200000e4:	4806      	ldr	r0, [pc, #24]	; (20000100 <register_tm_clones+0x1c>)
200000e6:	4907      	ldr	r1, [pc, #28]	; (20000104 <register_tm_clones+0x20>)
200000e8:	1a09      	subs	r1, r1, r0
200000ea:	108b      	asrs	r3, r1, #2
200000ec:	0fc9      	lsrs	r1, r1, #31
200000ee:	18c9      	adds	r1, r1, r3
200000f0:	b510      	push	{r4, lr}
200000f2:	1049      	asrs	r1, r1, #1
200000f4:	d003      	beq.n	200000fe <register_tm_clones+0x1a>
200000f6:	4b04      	ldr	r3, [pc, #16]	; (20000108 <register_tm_clones+0x24>)
200000f8:	2b00      	cmp	r3, #0
200000fa:	d000      	beq.n	200000fe <register_tm_clones+0x1a>
200000fc:	4798      	blx	r3
200000fe:	bd10      	pop	{r4, pc}
20000100:	20006660 	.word	0x20006660
20000104:	20006660 	.word	0x20006660
20000108:	00000000 	.word	0x00000000

2000010c <__do_global_dtors_aux>:
2000010c:	b510      	push	{r4, lr}
2000010e:	4c07      	ldr	r4, [pc, #28]	; (2000012c <__do_global_dtors_aux+0x20>)
20000110:	7823      	ldrb	r3, [r4, #0]
20000112:	2b00      	cmp	r3, #0
20000114:	d109      	bne.n	2000012a <__do_global_dtors_aux+0x1e>
20000116:	f7ff ffd5 	bl	200000c4 <deregister_tm_clones>
2000011a:	4b05      	ldr	r3, [pc, #20]	; (20000130 <__do_global_dtors_aux+0x24>)
2000011c:	2b00      	cmp	r3, #0
2000011e:	d002      	beq.n	20000126 <__do_global_dtors_aux+0x1a>
20000120:	4804      	ldr	r0, [pc, #16]	; (20000134 <__do_global_dtors_aux+0x28>)
20000122:	e000      	b.n	20000126 <__do_global_dtors_aux+0x1a>
20000124:	bf00      	nop
20000126:	2301      	movs	r3, #1
20000128:	7023      	strb	r3, [r4, #0]
2000012a:	bd10      	pop	{r4, pc}
2000012c:	20006760 	.word	0x20006760
20000130:	00000000 	.word	0x00000000
20000134:	200051e8 	.word	0x200051e8

20000138 <frame_dummy>:
20000138:	4b05      	ldr	r3, [pc, #20]	; (20000150 <frame_dummy+0x18>)
2000013a:	b510      	push	{r4, lr}
2000013c:	2b00      	cmp	r3, #0
2000013e:	d003      	beq.n	20000148 <frame_dummy+0x10>
20000140:	4904      	ldr	r1, [pc, #16]	; (20000154 <frame_dummy+0x1c>)
20000142:	4805      	ldr	r0, [pc, #20]	; (20000158 <frame_dummy+0x20>)
20000144:	e000      	b.n	20000148 <frame_dummy+0x10>
20000146:	bf00      	nop
20000148:	f7ff ffcc 	bl	200000e4 <register_tm_clones>
2000014c:	bd10      	pop	{r4, pc}
2000014e:	46c0      	nop			; (mov r8, r8)
20000150:	00000000 	.word	0x00000000
20000154:	20006764 	.word	0x20006764
20000158:	200051e8 	.word	0x200051e8

2000015c <adc_gpio_init>:
2000015c:	b510      	push	{r4, lr}
2000015e:	0004      	movs	r4, r0
20000160:	211f      	movs	r1, #31
20000162:	f000 fdb1 	bl	20000cc8 <gpio_set_function>
20000166:	2200      	movs	r2, #0
20000168:	2100      	movs	r1, #0
2000016a:	0020      	movs	r0, r4
2000016c:	f000 fdc4 	bl	20000cf8 <gpio_set_pulls>
20000170:	2100      	movs	r1, #0
20000172:	0020      	movs	r0, r4
20000174:	f000 fdda 	bl	20000d2c <gpio_set_input_enabled>
20000178:	bd10      	pop	{r4, pc}
	...

2000017c <led_sel_fsm_program_init>:
2000017c:	b5f0      	push	{r4, r5, r6, r7, lr}
2000017e:	46d6      	mov	lr, sl
20000180:	464f      	mov	r7, r9
20000182:	4646      	mov	r6, r8
20000184:	b5c0      	push	{r6, r7, lr}
20000186:	b090      	sub	sp, #64	; 0x40
20000188:	0005      	movs	r5, r0
2000018a:	000e      	movs	r6, r1
2000018c:	4690      	mov	r8, r2
2000018e:	4699      	mov	r9, r3
20000190:	9f18      	ldr	r7, [sp, #96]	; 0x60
20000192:	2210      	movs	r2, #16
20000194:	2100      	movs	r1, #0
20000196:	a808      	add	r0, sp, #32
20000198:	f004 fcda 	bl	20004b50 <__wrap_memset>
2000019c:	2480      	movs	r4, #128	; 0x80
2000019e:	0264      	lsls	r4, r4, #9
200001a0:	9408      	str	r4, [sp, #32]
200001a2:	23f8      	movs	r3, #248	; 0xf8
200001a4:	025b      	lsls	r3, r3, #9
200001a6:	9309      	str	r3, [sp, #36]	; 0x24
200001a8:	2380      	movs	r3, #128	; 0x80
200001aa:	02db      	lsls	r3, r3, #11
200001ac:	930a      	str	r3, [sp, #40]	; 0x28
200001ae:	23c0      	movs	r3, #192	; 0xc0
200001b0:	031b      	lsls	r3, r3, #12
200001b2:	930a      	str	r3, [sp, #40]	; 0x28
200001b4:	2210      	movs	r2, #16
200001b6:	a908      	add	r1, sp, #32
200001b8:	a804      	add	r0, sp, #16
200001ba:	f004 fccf 	bl	20004b5c <__wrap___aeabi_memcpy>
200001be:	4642      	mov	r2, r8
200001c0:	320b      	adds	r2, #11
200001c2:	9b05      	ldr	r3, [sp, #20]
200001c4:	9303      	str	r3, [sp, #12]
200001c6:	4b41      	ldr	r3, [pc, #260]	; (200002cc <led_sel_fsm_program_init+0x150>)
200001c8:	9903      	ldr	r1, [sp, #12]
200001ca:	400b      	ands	r3, r1
200001cc:	4641      	mov	r1, r8
200001ce:	01c9      	lsls	r1, r1, #7
200001d0:	430b      	orrs	r3, r1
200001d2:	0312      	lsls	r2, r2, #12
200001d4:	4313      	orrs	r3, r2
200001d6:	9305      	str	r3, [sp, #20]
200001d8:	2210      	movs	r2, #16
200001da:	a904      	add	r1, sp, #16
200001dc:	a80c      	add	r0, sp, #48	; 0x30
200001de:	f004 fcbd 	bl	20004b5c <__wrap___aeabi_memcpy>
200001e2:	9b0f      	ldr	r3, [sp, #60]	; 0x3c
200001e4:	9303      	str	r3, [sp, #12]
200001e6:	4b3a      	ldr	r3, [pc, #232]	; (200002d0 <led_sel_fsm_program_init+0x154>)
200001e8:	9a03      	ldr	r2, [sp, #12]
200001ea:	4013      	ands	r3, r2
200001ec:	464a      	mov	r2, r9
200001ee:	0152      	lsls	r2, r2, #5
200001f0:	431a      	orrs	r2, r3
200001f2:	2380      	movs	r3, #128	; 0x80
200001f4:	04db      	lsls	r3, r3, #19
200001f6:	4313      	orrs	r3, r2
200001f8:	930f      	str	r3, [sp, #60]	; 0x3c
200001fa:	4a36      	ldr	r2, [pc, #216]	; (200002d4 <led_sel_fsm_program_init+0x158>)
200001fc:	4013      	ands	r3, r2
200001fe:	433b      	orrs	r3, r7
20000200:	22a0      	movs	r2, #160	; 0xa0
20000202:	03d2      	lsls	r2, r2, #15
20000204:	4313      	orrs	r3, r2
20000206:	930f      	str	r3, [sp, #60]	; 0x3c
20000208:	9b0e      	ldr	r3, [sp, #56]	; 0x38
2000020a:	9303      	str	r3, [sp, #12]
2000020c:	4b32      	ldr	r3, [pc, #200]	; (200002d8 <led_sel_fsm_program_init+0x15c>)
2000020e:	9a03      	ldr	r2, [sp, #12]
20000210:	4013      	ands	r3, r2
20000212:	2180      	movs	r1, #128	; 0x80
20000214:	0309      	lsls	r1, r1, #12
20000216:	4319      	orrs	r1, r3
20000218:	910e      	str	r1, [sp, #56]	; 0x38
2000021a:	0089      	lsls	r1, r1, #2
2000021c:	0889      	lsrs	r1, r1, #2
2000021e:	2380      	movs	r3, #128	; 0x80
20000220:	05db      	lsls	r3, r3, #23
20000222:	4319      	orrs	r1, r3
20000224:	910e      	str	r1, [sp, #56]	; 0x38
20000226:	940c      	str	r4, [sp, #48]	; 0x30
20000228:	4b2c      	ldr	r3, [pc, #176]	; (200002dc <led_sel_fsm_program_init+0x160>)
2000022a:	429d      	cmp	r5, r3
2000022c:	d007      	beq.n	2000023e <led_sel_fsm_program_init+0xc2>
2000022e:	2307      	movs	r3, #7
20000230:	469a      	mov	sl, r3
20000232:	4651      	mov	r1, sl
20000234:	4648      	mov	r0, r9
20000236:	f000 fd47 	bl	20000cc8 <gpio_set_function>
2000023a:	2400      	movs	r4, #0
2000023c:	e007      	b.n	2000024e <led_sel_fsm_program_init+0xd2>
2000023e:	2306      	movs	r3, #6
20000240:	469a      	mov	sl, r3
20000242:	e7f6      	b.n	20000232 <led_sel_fsm_program_init+0xb6>
20000244:	19e0      	adds	r0, r4, r7
20000246:	4651      	mov	r1, sl
20000248:	f000 fd3e 	bl	20000cc8 <gpio_set_function>
2000024c:	3401      	adds	r4, #1
2000024e:	2c03      	cmp	r4, #3
20000250:	d9f8      	bls.n	20000244 <led_sel_fsm_program_init+0xc8>
20000252:	2401      	movs	r4, #1
20000254:	9400      	str	r4, [sp, #0]
20000256:	2301      	movs	r3, #1
20000258:	464a      	mov	r2, r9
2000025a:	0031      	movs	r1, r6
2000025c:	0028      	movs	r0, r5
2000025e:	f004 fecd 	bl	20004ffc <pio_sm_set_consecutive_pindirs>
20000262:	9400      	str	r4, [sp, #0]
20000264:	2305      	movs	r3, #5
20000266:	003a      	movs	r2, r7
20000268:	0031      	movs	r1, r6
2000026a:	0028      	movs	r0, r5
2000026c:	f004 fec6 	bl	20004ffc <pio_sm_set_consecutive_pindirs>
20000270:	0074      	lsls	r4, r6, #1
20000272:	19a3      	adds	r3, r4, r6
20000274:	00db      	lsls	r3, r3, #3
20000276:	33d0      	adds	r3, #208	; 0xd0
20000278:	18eb      	adds	r3, r5, r3
2000027a:	2280      	movs	r2, #128	; 0x80
2000027c:	0152      	lsls	r2, r2, #5
2000027e:	4313      	orrs	r3, r2
20000280:	2280      	movs	r2, #128	; 0x80
20000282:	0612      	lsls	r2, r2, #24
20000284:	601a      	str	r2, [r3, #0]
20000286:	601a      	str	r2, [r3, #0]
20000288:	ab0c      	add	r3, sp, #48	; 0x30
2000028a:	4642      	mov	r2, r8
2000028c:	0031      	movs	r1, r6
2000028e:	0028      	movs	r0, r5
20000290:	f004 ff06 	bl	200050a0 <pio_sm_init>
20000294:	1d33      	adds	r3, r6, #4
20000296:	009b      	lsls	r3, r3, #2
20000298:	9a19      	ldr	r2, [sp, #100]	; 0x64
2000029a:	515a      	str	r2, [r3, r5]
2000029c:	19a3      	adds	r3, r4, r6
2000029e:	00db      	lsls	r3, r3, #3
200002a0:	18eb      	adds	r3, r5, r3
200002a2:	33d8      	adds	r3, #216	; 0xd8
200002a4:	4a0e      	ldr	r2, [pc, #56]	; (200002e0 <led_sel_fsm_program_init+0x164>)
200002a6:	601a      	str	r2, [r3, #0]
200002a8:	4a0e      	ldr	r2, [pc, #56]	; (200002e4 <led_sel_fsm_program_init+0x168>)
200002aa:	601a      	str	r2, [r3, #0]
200002ac:	22e0      	movs	r2, #224	; 0xe0
200002ae:	0212      	lsls	r2, r2, #8
200002b0:	601a      	str	r2, [r3, #0]
200002b2:	4a0d      	ldr	r2, [pc, #52]	; (200002e8 <led_sel_fsm_program_init+0x16c>)
200002b4:	601a      	str	r2, [r3, #0]
200002b6:	4a0d      	ldr	r2, [pc, #52]	; (200002ec <led_sel_fsm_program_init+0x170>)
200002b8:	601a      	str	r2, [r3, #0]
200002ba:	001d      	movs	r5, r3
200002bc:	4b0c      	ldr	r3, [pc, #48]	; (200002f0 <led_sel_fsm_program_init+0x174>)
200002be:	602b      	str	r3, [r5, #0]
200002c0:	b010      	add	sp, #64	; 0x40
200002c2:	bce0      	pop	{r5, r6, r7}
200002c4:	46ba      	mov	sl, r7
200002c6:	46b1      	mov	r9, r6
200002c8:	46a8      	mov	r8, r5
200002ca:	bdf0      	pop	{r4, r5, r6, r7, pc}
200002cc:	fffe007f 	.word	0xfffe007f
200002d0:	e3fffc1f 	.word	0xe3fffc1f
200002d4:	fc0fffe0 	.word	0xfc0fffe0
200002d8:	c1f5ffff 	.word	0xc1f5ffff
200002dc:	50200000 	.word	0x50200000
200002e0:	00008080 	.word	0x00008080
200002e4:	0000a0c7 	.word	0x0000a0c7
200002e8:	0000e030 	.word	0x0000e030
200002ec:	0000a0e1 	.word	0x0000a0e1
200002f0:	00006005 	.word	0x00006005

200002f4 <led_dac_fsm_program_init>:
200002f4:	b5f0      	push	{r4, r5, r6, r7, lr}
200002f6:	46de      	mov	lr, fp
200002f8:	4657      	mov	r7, sl
200002fa:	b580      	push	{r7, lr}
200002fc:	b091      	sub	sp, #68	; 0x44
200002fe:	0004      	movs	r4, r0
20000300:	000e      	movs	r6, r1
20000302:	0017      	movs	r7, r2
20000304:	469a      	mov	sl, r3
20000306:	2210      	movs	r2, #16
20000308:	2100      	movs	r1, #0
2000030a:	a808      	add	r0, sp, #32
2000030c:	f004 fc20 	bl	20004b50 <__wrap_memset>
20000310:	2380      	movs	r3, #128	; 0x80
20000312:	025b      	lsls	r3, r3, #9
20000314:	469b      	mov	fp, r3
20000316:	9308      	str	r3, [sp, #32]
20000318:	23f8      	movs	r3, #248	; 0xf8
2000031a:	025b      	lsls	r3, r3, #9
2000031c:	9309      	str	r3, [sp, #36]	; 0x24
2000031e:	2380      	movs	r3, #128	; 0x80
20000320:	02db      	lsls	r3, r3, #11
20000322:	930a      	str	r3, [sp, #40]	; 0x28
20000324:	23c0      	movs	r3, #192	; 0xc0
20000326:	031b      	lsls	r3, r3, #12
20000328:	930a      	str	r3, [sp, #40]	; 0x28
2000032a:	2210      	movs	r2, #16
2000032c:	a908      	add	r1, sp, #32
2000032e:	a804      	add	r0, sp, #16
20000330:	f004 fc14 	bl	20004b5c <__wrap___aeabi_memcpy>
20000334:	003a      	movs	r2, r7
20000336:	320d      	adds	r2, #13
20000338:	9b05      	ldr	r3, [sp, #20]
2000033a:	9303      	str	r3, [sp, #12]
2000033c:	4b47      	ldr	r3, [pc, #284]	; (2000045c <led_dac_fsm_program_init+0x168>)
2000033e:	9903      	ldr	r1, [sp, #12]
20000340:	400b      	ands	r3, r1
20000342:	01f9      	lsls	r1, r7, #7
20000344:	430b      	orrs	r3, r1
20000346:	0312      	lsls	r2, r2, #12
20000348:	4313      	orrs	r3, r2
2000034a:	9305      	str	r3, [sp, #20]
2000034c:	9a07      	ldr	r2, [sp, #28]
2000034e:	9203      	str	r2, [sp, #12]
20000350:	00d2      	lsls	r2, r2, #3
20000352:	08d2      	lsrs	r2, r2, #3
20000354:	2180      	movs	r1, #128	; 0x80
20000356:	0589      	lsls	r1, r1, #22
20000358:	430a      	orrs	r2, r1
2000035a:	9207      	str	r2, [sp, #28]
2000035c:	4a40      	ldr	r2, [pc, #256]	; (20000460 <led_dac_fsm_program_init+0x16c>)
2000035e:	4013      	ands	r3, r2
20000360:	9305      	str	r3, [sp, #20]
20000362:	2210      	movs	r2, #16
20000364:	a904      	add	r1, sp, #16
20000366:	a80c      	add	r0, sp, #48	; 0x30
20000368:	f004 fbf8 	bl	20004b5c <__wrap___aeabi_memcpy>
2000036c:	9b0f      	ldr	r3, [sp, #60]	; 0x3c
2000036e:	9303      	str	r3, [sp, #12]
20000370:	4d3c      	ldr	r5, [pc, #240]	; (20000464 <led_dac_fsm_program_init+0x170>)
20000372:	401d      	ands	r5, r3
20000374:	4653      	mov	r3, sl
20000376:	015b      	lsls	r3, r3, #5
20000378:	432b      	orrs	r3, r5
2000037a:	2580      	movs	r5, #128	; 0x80
2000037c:	04ed      	lsls	r5, r5, #19
2000037e:	431d      	orrs	r5, r3
20000380:	950f      	str	r5, [sp, #60]	; 0x3c
20000382:	4b39      	ldr	r3, [pc, #228]	; (20000468 <led_dac_fsm_program_init+0x174>)
20000384:	401d      	ands	r5, r3
20000386:	9b18      	ldr	r3, [sp, #96]	; 0x60
20000388:	029b      	lsls	r3, r3, #10
2000038a:	431d      	orrs	r5, r3
2000038c:	950f      	str	r5, [sp, #60]	; 0x3c
2000038e:	4b37      	ldr	r3, [pc, #220]	; (2000046c <led_dac_fsm_program_init+0x178>)
20000390:	401d      	ands	r5, r3
20000392:	9b19      	ldr	r3, [sp, #100]	; 0x64
20000394:	431d      	orrs	r5, r3
20000396:	2380      	movs	r3, #128	; 0x80
20000398:	035b      	lsls	r3, r3, #13
2000039a:	431d      	orrs	r5, r3
2000039c:	950f      	str	r5, [sp, #60]	; 0x3c
2000039e:	9b0e      	ldr	r3, [sp, #56]	; 0x38
200003a0:	9303      	str	r3, [sp, #12]
200003a2:	4a33      	ldr	r2, [pc, #204]	; (20000470 <led_dac_fsm_program_init+0x17c>)
200003a4:	401a      	ands	r2, r3
200003a6:	23c0      	movs	r3, #192	; 0xc0
200003a8:	059b      	lsls	r3, r3, #22
200003aa:	4313      	orrs	r3, r2
200003ac:	930e      	str	r3, [sp, #56]	; 0x38
200003ae:	009b      	lsls	r3, r3, #2
200003b0:	089b      	lsrs	r3, r3, #2
200003b2:	2280      	movs	r2, #128	; 0x80
200003b4:	05d2      	lsls	r2, r2, #23
200003b6:	4313      	orrs	r3, r2
200003b8:	930e      	str	r3, [sp, #56]	; 0x38
200003ba:	465b      	mov	r3, fp
200003bc:	930c      	str	r3, [sp, #48]	; 0x30
200003be:	4b2d      	ldr	r3, [pc, #180]	; (20000474 <led_dac_fsm_program_init+0x180>)
200003c0:	429c      	cmp	r4, r3
200003c2:	d048      	beq.n	20000456 <led_dac_fsm_program_init+0x162>
200003c4:	2507      	movs	r5, #7
200003c6:	0029      	movs	r1, r5
200003c8:	4650      	mov	r0, sl
200003ca:	f000 fc7d 	bl	20000cc8 <gpio_set_function>
200003ce:	0029      	movs	r1, r5
200003d0:	9818      	ldr	r0, [sp, #96]	; 0x60
200003d2:	f000 fc79 	bl	20000cc8 <gpio_set_function>
200003d6:	0029      	movs	r1, r5
200003d8:	9819      	ldr	r0, [sp, #100]	; 0x64
200003da:	f000 fc75 	bl	20000cc8 <gpio_set_function>
200003de:	2501      	movs	r5, #1
200003e0:	9500      	str	r5, [sp, #0]
200003e2:	2301      	movs	r3, #1
200003e4:	4652      	mov	r2, sl
200003e6:	0031      	movs	r1, r6
200003e8:	0020      	movs	r0, r4
200003ea:	f004 fe07 	bl	20004ffc <pio_sm_set_consecutive_pindirs>
200003ee:	9500      	str	r5, [sp, #0]
200003f0:	2301      	movs	r3, #1
200003f2:	9a18      	ldr	r2, [sp, #96]	; 0x60
200003f4:	0031      	movs	r1, r6
200003f6:	0020      	movs	r0, r4
200003f8:	f004 fe00 	bl	20004ffc <pio_sm_set_consecutive_pindirs>
200003fc:	9500      	str	r5, [sp, #0]
200003fe:	2301      	movs	r3, #1
20000400:	9a19      	ldr	r2, [sp, #100]	; 0x64
20000402:	0031      	movs	r1, r6
20000404:	0020      	movs	r0, r4
20000406:	f004 fdf9 	bl	20004ffc <pio_sm_set_consecutive_pindirs>
2000040a:	0075      	lsls	r5, r6, #1
2000040c:	19ab      	adds	r3, r5, r6
2000040e:	00db      	lsls	r3, r3, #3
20000410:	33d0      	adds	r3, #208	; 0xd0
20000412:	18e3      	adds	r3, r4, r3
20000414:	2280      	movs	r2, #128	; 0x80
20000416:	0152      	lsls	r2, r2, #5
20000418:	4313      	orrs	r3, r2
2000041a:	2280      	movs	r2, #128	; 0x80
2000041c:	0612      	lsls	r2, r2, #24
2000041e:	601a      	str	r2, [r3, #0]
20000420:	601a      	str	r2, [r3, #0]
20000422:	ab0c      	add	r3, sp, #48	; 0x30
20000424:	003a      	movs	r2, r7
20000426:	0031      	movs	r1, r6
20000428:	0020      	movs	r0, r4
2000042a:	f004 fe39 	bl	200050a0 <pio_sm_init>
2000042e:	1d33      	adds	r3, r6, #4
20000430:	009b      	lsls	r3, r3, #2
20000432:	9a1a      	ldr	r2, [sp, #104]	; 0x68
20000434:	511a      	str	r2, [r3, r4]
20000436:	19ab      	adds	r3, r5, r6
20000438:	00db      	lsls	r3, r3, #3
2000043a:	18e3      	adds	r3, r4, r3
2000043c:	33d8      	adds	r3, #216	; 0xd8
2000043e:	4a0e      	ldr	r2, [pc, #56]	; (20000478 <led_dac_fsm_program_init+0x184>)
20000440:	601a      	str	r2, [r3, #0]
20000442:	4a0e      	ldr	r2, [pc, #56]	; (2000047c <led_dac_fsm_program_init+0x188>)
20000444:	601a      	str	r2, [r3, #0]
20000446:	001c      	movs	r4, r3
20000448:	4b0d      	ldr	r3, [pc, #52]	; (20000480 <led_dac_fsm_program_init+0x18c>)
2000044a:	6023      	str	r3, [r4, #0]
2000044c:	b011      	add	sp, #68	; 0x44
2000044e:	bcc0      	pop	{r6, r7}
20000450:	46bb      	mov	fp, r7
20000452:	46b2      	mov	sl, r6
20000454:	bdf0      	pop	{r4, r5, r6, r7, pc}
20000456:	2506      	movs	r5, #6
20000458:	e7b5      	b.n	200003c6 <led_dac_fsm_program_init+0xd2>
2000045a:	46c0      	nop			; (mov r8, r8)
2000045c:	fffe007f 	.word	0xfffe007f
20000460:	9fffffff 	.word	0x9fffffff
20000464:	e3fffc1f 	.word	0xe3fffc1f
20000468:	ffff83ff 	.word	0xffff83ff
2000046c:	fc0fffe0 	.word	0xfc0fffe0
20000470:	c1f5ffff 	.word	0xc1f5ffff
20000474:	50200000 	.word	0x50200000
20000478:	00008080 	.word	0x00008080
2000047c:	0000a027 	.word	0x0000a027
20000480:	0000e001 	.word	0x0000e001

20000484 <process_cmd>:
20000484:	b570      	push	{r4, r5, r6, lr}
20000486:	4ab6      	ldr	r2, [pc, #728]	; (20000760 <process_cmd+0x2dc>)
20000488:	7893      	ldrb	r3, [r2, #2]
2000048a:	2002      	movs	r0, #2
2000048c:	5610      	ldrsb	r0, [r2, r0]
2000048e:	021b      	lsls	r3, r3, #8
20000490:	21f0      	movs	r1, #240	; 0xf0
20000492:	0109      	lsls	r1, r1, #4
20000494:	400b      	ands	r3, r1
20000496:	7852      	ldrb	r2, [r2, #1]
20000498:	189b      	adds	r3, r3, r2
2000049a:	2280      	movs	r2, #128	; 0x80
2000049c:	00d2      	lsls	r2, r2, #3
2000049e:	4293      	cmp	r3, r2
200004a0:	d22a      	bcs.n	200004f8 <process_cmd+0x74>
200004a2:	2800      	cmp	r0, #0
200004a4:	db0d      	blt.n	200004c2 <process_cmd+0x3e>
200004a6:	005b      	lsls	r3, r3, #1
200004a8:	4aae      	ldr	r2, [pc, #696]	; (20000764 <process_cmd+0x2e0>)
200004aa:	5a99      	ldrh	r1, [r3, r2]
200004ac:	4aac      	ldr	r2, [pc, #688]	; (20000760 <process_cmd+0x2dc>)
200004ae:	70d1      	strb	r1, [r2, #3]
200004b0:	0a09      	lsrs	r1, r1, #8
200004b2:	7111      	strb	r1, [r2, #4]
200004b4:	49ac      	ldr	r1, [pc, #688]	; (20000768 <process_cmd+0x2e4>)
200004b6:	5a5b      	ldrh	r3, [r3, r1]
200004b8:	7153      	strb	r3, [r2, #5]
200004ba:	0a1b      	lsrs	r3, r3, #8
200004bc:	7193      	strb	r3, [r2, #6]
200004be:	2100      	movs	r1, #0
200004c0:	e017      	b.n	200004f2 <process_cmd+0x6e>
200004c2:	4aa7      	ldr	r2, [pc, #668]	; (20000760 <process_cmd+0x2dc>)
200004c4:	78d1      	ldrb	r1, [r2, #3]
200004c6:	7910      	ldrb	r0, [r2, #4]
200004c8:	0200      	lsls	r0, r0, #8
200004ca:	1809      	adds	r1, r1, r0
200004cc:	005b      	lsls	r3, r3, #1
200004ce:	48a5      	ldr	r0, [pc, #660]	; (20000764 <process_cmd+0x2e0>)
200004d0:	52c1      	strh	r1, [r0, r3]
200004d2:	7951      	ldrb	r1, [r2, #5]
200004d4:	7992      	ldrb	r2, [r2, #6]
200004d6:	0212      	lsls	r2, r2, #8
200004d8:	188a      	adds	r2, r1, r2
200004da:	49a3      	ldr	r1, [pc, #652]	; (20000768 <process_cmd+0x2e4>)
200004dc:	52ca      	strh	r2, [r1, r3]
200004de:	e00a      	b.n	200004f6 <process_cmd+0x72>
200004e0:	4ba2      	ldr	r3, [pc, #648]	; (2000076c <process_cmd+0x2e8>)
200004e2:	699b      	ldr	r3, [r3, #24]
200004e4:	069b      	lsls	r3, r3, #26
200004e6:	d4fb      	bmi.n	200004e0 <process_cmd+0x5c>
200004e8:	7810      	ldrb	r0, [r2, #0]
200004ea:	4ba0      	ldr	r3, [pc, #640]	; (2000076c <process_cmd+0x2e8>)
200004ec:	6018      	str	r0, [r3, #0]
200004ee:	3101      	adds	r1, #1
200004f0:	3201      	adds	r2, #1
200004f2:	2906      	cmp	r1, #6
200004f4:	d9f4      	bls.n	200004e0 <process_cmd+0x5c>
200004f6:	bd70      	pop	{r4, r5, r6, pc}
200004f8:	4a9d      	ldr	r2, [pc, #628]	; (20000770 <process_cmd+0x2ec>)
200004fa:	4293      	cmp	r3, r2
200004fc:	d01a      	beq.n	20000534 <process_cmd+0xb0>
200004fe:	4a9d      	ldr	r2, [pc, #628]	; (20000774 <process_cmd+0x2f0>)
20000500:	4293      	cmp	r3, r2
20000502:	d043      	beq.n	2000058c <process_cmd+0x108>
20000504:	4a9c      	ldr	r2, [pc, #624]	; (20000778 <process_cmd+0x2f4>)
20000506:	4293      	cmp	r3, r2
20000508:	d07c      	beq.n	20000604 <process_cmd+0x180>
2000050a:	4a9c      	ldr	r2, [pc, #624]	; (2000077c <process_cmd+0x2f8>)
2000050c:	4293      	cmp	r3, r2
2000050e:	d100      	bne.n	20000512 <process_cmd+0x8e>
20000510:	e0b8      	b.n	20000684 <process_cmd+0x200>
20000512:	4a9b      	ldr	r2, [pc, #620]	; (20000780 <process_cmd+0x2fc>)
20000514:	4293      	cmp	r3, r2
20000516:	d100      	bne.n	2000051a <process_cmd+0x96>
20000518:	e0e0      	b.n	200006dc <process_cmd+0x258>
2000051a:	4a9a      	ldr	r2, [pc, #616]	; (20000784 <process_cmd+0x300>)
2000051c:	4293      	cmp	r3, r2
2000051e:	d100      	bne.n	20000522 <process_cmd+0x9e>
20000520:	e0fc      	b.n	2000071c <process_cmd+0x298>
20000522:	4a99      	ldr	r2, [pc, #612]	; (20000788 <process_cmd+0x304>)
20000524:	4293      	cmp	r3, r2
20000526:	d1e6      	bne.n	200004f6 <process_cmd+0x72>
20000528:	2800      	cmp	r0, #0
2000052a:	da00      	bge.n	2000052e <process_cmd+0xaa>
2000052c:	e13a      	b.n	200007a4 <process_cmd+0x320>
2000052e:	2100      	movs	r1, #0
20000530:	4a8b      	ldr	r2, [pc, #556]	; (20000760 <process_cmd+0x2dc>)
20000532:	e172      	b.n	2000081a <process_cmd+0x396>
20000534:	2800      	cmp	r0, #0
20000536:	db17      	blt.n	20000568 <process_cmd+0xe4>
20000538:	4b94      	ldr	r3, [pc, #592]	; (2000078c <process_cmd+0x308>)
2000053a:	881b      	ldrh	r3, [r3, #0]
2000053c:	4a88      	ldr	r2, [pc, #544]	; (20000760 <process_cmd+0x2dc>)
2000053e:	70d3      	strb	r3, [r2, #3]
20000540:	0a1b      	lsrs	r3, r3, #8
20000542:	7113      	strb	r3, [r2, #4]
20000544:	4b92      	ldr	r3, [pc, #584]	; (20000790 <process_cmd+0x30c>)
20000546:	881b      	ldrh	r3, [r3, #0]
20000548:	7153      	strb	r3, [r2, #5]
2000054a:	0a1b      	lsrs	r3, r3, #8
2000054c:	7193      	strb	r3, [r2, #6]
2000054e:	2100      	movs	r1, #0
20000550:	2906      	cmp	r1, #6
20000552:	d8d0      	bhi.n	200004f6 <process_cmd+0x72>
20000554:	4b85      	ldr	r3, [pc, #532]	; (2000076c <process_cmd+0x2e8>)
20000556:	699b      	ldr	r3, [r3, #24]
20000558:	069b      	lsls	r3, r3, #26
2000055a:	d4fb      	bmi.n	20000554 <process_cmd+0xd0>
2000055c:	7810      	ldrb	r0, [r2, #0]
2000055e:	4b83      	ldr	r3, [pc, #524]	; (2000076c <process_cmd+0x2e8>)
20000560:	6018      	str	r0, [r3, #0]
20000562:	3101      	adds	r1, #1
20000564:	3201      	adds	r2, #1
20000566:	e7f3      	b.n	20000550 <process_cmd+0xcc>
20000568:	4a7d      	ldr	r2, [pc, #500]	; (20000760 <process_cmd+0x2dc>)
2000056a:	78d3      	ldrb	r3, [r2, #3]
2000056c:	7911      	ldrb	r1, [r2, #4]
2000056e:	0209      	lsls	r1, r1, #8
20000570:	185b      	adds	r3, r3, r1
20000572:	b29b      	uxth	r3, r3
20000574:	4985      	ldr	r1, [pc, #532]	; (2000078c <process_cmd+0x308>)
20000576:	800b      	strh	r3, [r1, #0]
20000578:	045b      	lsls	r3, r3, #17
2000057a:	0c5b      	lsrs	r3, r3, #17
2000057c:	800b      	strh	r3, [r1, #0]
2000057e:	7953      	ldrb	r3, [r2, #5]
20000580:	7992      	ldrb	r2, [r2, #6]
20000582:	0212      	lsls	r2, r2, #8
20000584:	189b      	adds	r3, r3, r2
20000586:	4a82      	ldr	r2, [pc, #520]	; (20000790 <process_cmd+0x30c>)
20000588:	8013      	strh	r3, [r2, #0]
2000058a:	e7b4      	b.n	200004f6 <process_cmd+0x72>
2000058c:	2800      	cmp	r0, #0
2000058e:	dbb2      	blt.n	200004f6 <process_cmd+0x72>
20000590:	4b80      	ldr	r3, [pc, #512]	; (20000794 <process_cmd+0x310>)
20000592:	681b      	ldr	r3, [r3, #0]
20000594:	22e0      	movs	r2, #224	; 0xe0
20000596:	01d2      	lsls	r2, r2, #7
20000598:	4013      	ands	r3, r2
2000059a:	4a7f      	ldr	r2, [pc, #508]	; (20000798 <process_cmd+0x314>)
2000059c:	6013      	str	r3, [r2, #0]
2000059e:	4b7f      	ldr	r3, [pc, #508]	; (2000079c <process_cmd+0x318>)
200005a0:	2204      	movs	r2, #4
200005a2:	601a      	str	r2, [r3, #0]
200005a4:	4b7b      	ldr	r3, [pc, #492]	; (20000794 <process_cmd+0x310>)
200005a6:	681b      	ldr	r3, [r3, #0]
200005a8:	05db      	lsls	r3, r3, #23
200005aa:	d5fb      	bpl.n	200005a4 <process_cmd+0x120>
200005ac:	4a79      	ldr	r2, [pc, #484]	; (20000794 <process_cmd+0x310>)
200005ae:	6850      	ldr	r0, [r2, #4]
200005b0:	b283      	uxth	r3, r0
200005b2:	496b      	ldr	r1, [pc, #428]	; (20000760 <process_cmd+0x2dc>)
200005b4:	70c8      	strb	r0, [r1, #3]
200005b6:	0a1b      	lsrs	r3, r3, #8
200005b8:	710b      	strb	r3, [r1, #4]
200005ba:	6812      	ldr	r2, [r2, #0]
200005bc:	2380      	movs	r3, #128	; 0x80
200005be:	015b      	lsls	r3, r3, #5
200005c0:	4053      	eors	r3, r2
200005c2:	22e0      	movs	r2, #224	; 0xe0
200005c4:	01d2      	lsls	r2, r2, #7
200005c6:	4013      	ands	r3, r2
200005c8:	4a73      	ldr	r2, [pc, #460]	; (20000798 <process_cmd+0x314>)
200005ca:	6013      	str	r3, [r2, #0]
200005cc:	4b73      	ldr	r3, [pc, #460]	; (2000079c <process_cmd+0x318>)
200005ce:	2204      	movs	r2, #4
200005d0:	601a      	str	r2, [r3, #0]
200005d2:	4b70      	ldr	r3, [pc, #448]	; (20000794 <process_cmd+0x310>)
200005d4:	681b      	ldr	r3, [r3, #0]
200005d6:	05db      	lsls	r3, r3, #23
200005d8:	d5fb      	bpl.n	200005d2 <process_cmd+0x14e>
200005da:	4b6e      	ldr	r3, [pc, #440]	; (20000794 <process_cmd+0x310>)
200005dc:	6859      	ldr	r1, [r3, #4]
200005de:	b28b      	uxth	r3, r1
200005e0:	4a5f      	ldr	r2, [pc, #380]	; (20000760 <process_cmd+0x2dc>)
200005e2:	7151      	strb	r1, [r2, #5]
200005e4:	0a1b      	lsrs	r3, r3, #8
200005e6:	7193      	strb	r3, [r2, #6]
200005e8:	2100      	movs	r1, #0
200005ea:	e008      	b.n	200005fe <process_cmd+0x17a>
200005ec:	4b5f      	ldr	r3, [pc, #380]	; (2000076c <process_cmd+0x2e8>)
200005ee:	699b      	ldr	r3, [r3, #24]
200005f0:	069b      	lsls	r3, r3, #26
200005f2:	d4fb      	bmi.n	200005ec <process_cmd+0x168>
200005f4:	7810      	ldrb	r0, [r2, #0]
200005f6:	4b5d      	ldr	r3, [pc, #372]	; (2000076c <process_cmd+0x2e8>)
200005f8:	6018      	str	r0, [r3, #0]
200005fa:	3101      	adds	r1, #1
200005fc:	3201      	adds	r2, #1
200005fe:	2906      	cmp	r1, #6
20000600:	d9f4      	bls.n	200005ec <process_cmd+0x168>
20000602:	e778      	b.n	200004f6 <process_cmd+0x72>
20000604:	2800      	cmp	r0, #0
20000606:	da00      	bge.n	2000060a <process_cmd+0x186>
20000608:	e775      	b.n	200004f6 <process_cmd+0x72>
2000060a:	4b62      	ldr	r3, [pc, #392]	; (20000794 <process_cmd+0x310>)
2000060c:	681a      	ldr	r2, [r3, #0]
2000060e:	2380      	movs	r3, #128	; 0x80
20000610:	019b      	lsls	r3, r3, #6
20000612:	4053      	eors	r3, r2
20000614:	22e0      	movs	r2, #224	; 0xe0
20000616:	01d2      	lsls	r2, r2, #7
20000618:	4013      	ands	r3, r2
2000061a:	4a5f      	ldr	r2, [pc, #380]	; (20000798 <process_cmd+0x314>)
2000061c:	6013      	str	r3, [r2, #0]
2000061e:	4b5f      	ldr	r3, [pc, #380]	; (2000079c <process_cmd+0x318>)
20000620:	2204      	movs	r2, #4
20000622:	601a      	str	r2, [r3, #0]
20000624:	4b5b      	ldr	r3, [pc, #364]	; (20000794 <process_cmd+0x310>)
20000626:	681b      	ldr	r3, [r3, #0]
20000628:	05db      	lsls	r3, r3, #23
2000062a:	d5fb      	bpl.n	20000624 <process_cmd+0x1a0>
2000062c:	4a59      	ldr	r2, [pc, #356]	; (20000794 <process_cmd+0x310>)
2000062e:	6850      	ldr	r0, [r2, #4]
20000630:	b283      	uxth	r3, r0
20000632:	494b      	ldr	r1, [pc, #300]	; (20000760 <process_cmd+0x2dc>)
20000634:	70c8      	strb	r0, [r1, #3]
20000636:	0a1b      	lsrs	r3, r3, #8
20000638:	710b      	strb	r3, [r1, #4]
2000063a:	6812      	ldr	r2, [r2, #0]
2000063c:	23c0      	movs	r3, #192	; 0xc0
2000063e:	019b      	lsls	r3, r3, #6
20000640:	4053      	eors	r3, r2
20000642:	22e0      	movs	r2, #224	; 0xe0
20000644:	01d2      	lsls	r2, r2, #7
20000646:	4013      	ands	r3, r2
20000648:	4a53      	ldr	r2, [pc, #332]	; (20000798 <process_cmd+0x314>)
2000064a:	6013      	str	r3, [r2, #0]
2000064c:	4b53      	ldr	r3, [pc, #332]	; (2000079c <process_cmd+0x318>)
2000064e:	2204      	movs	r2, #4
20000650:	601a      	str	r2, [r3, #0]
20000652:	4b50      	ldr	r3, [pc, #320]	; (20000794 <process_cmd+0x310>)
20000654:	681b      	ldr	r3, [r3, #0]
20000656:	05db      	lsls	r3, r3, #23
20000658:	d5fb      	bpl.n	20000652 <process_cmd+0x1ce>
2000065a:	4b4e      	ldr	r3, [pc, #312]	; (20000794 <process_cmd+0x310>)
2000065c:	6859      	ldr	r1, [r3, #4]
2000065e:	b28b      	uxth	r3, r1
20000660:	4a3f      	ldr	r2, [pc, #252]	; (20000760 <process_cmd+0x2dc>)
20000662:	7151      	strb	r1, [r2, #5]
20000664:	0a1b      	lsrs	r3, r3, #8
20000666:	7193      	strb	r3, [r2, #6]
20000668:	2100      	movs	r1, #0
2000066a:	e008      	b.n	2000067e <process_cmd+0x1fa>
2000066c:	4b3f      	ldr	r3, [pc, #252]	; (2000076c <process_cmd+0x2e8>)
2000066e:	699b      	ldr	r3, [r3, #24]
20000670:	069b      	lsls	r3, r3, #26
20000672:	d4fb      	bmi.n	2000066c <process_cmd+0x1e8>
20000674:	7810      	ldrb	r0, [r2, #0]
20000676:	4b3d      	ldr	r3, [pc, #244]	; (2000076c <process_cmd+0x2e8>)
20000678:	6018      	str	r0, [r3, #0]
2000067a:	3101      	adds	r1, #1
2000067c:	3201      	adds	r2, #1
2000067e:	2906      	cmp	r1, #6
20000680:	d9f4      	bls.n	2000066c <process_cmd+0x1e8>
20000682:	e738      	b.n	200004f6 <process_cmd+0x72>
20000684:	2800      	cmp	r0, #0
20000686:	da00      	bge.n	2000068a <process_cmd+0x206>
20000688:	e735      	b.n	200004f6 <process_cmd+0x72>
2000068a:	4b42      	ldr	r3, [pc, #264]	; (20000794 <process_cmd+0x310>)
2000068c:	681a      	ldr	r2, [r3, #0]
2000068e:	2380      	movs	r3, #128	; 0x80
20000690:	01db      	lsls	r3, r3, #7
20000692:	4053      	eors	r3, r2
20000694:	22e0      	movs	r2, #224	; 0xe0
20000696:	01d2      	lsls	r2, r2, #7
20000698:	4013      	ands	r3, r2
2000069a:	4a3f      	ldr	r2, [pc, #252]	; (20000798 <process_cmd+0x314>)
2000069c:	6013      	str	r3, [r2, #0]
2000069e:	4b3f      	ldr	r3, [pc, #252]	; (2000079c <process_cmd+0x318>)
200006a0:	2204      	movs	r2, #4
200006a2:	601a      	str	r2, [r3, #0]
200006a4:	4b3b      	ldr	r3, [pc, #236]	; (20000794 <process_cmd+0x310>)
200006a6:	681b      	ldr	r3, [r3, #0]
200006a8:	05db      	lsls	r3, r3, #23
200006aa:	d5fb      	bpl.n	200006a4 <process_cmd+0x220>
200006ac:	4b39      	ldr	r3, [pc, #228]	; (20000794 <process_cmd+0x310>)
200006ae:	6859      	ldr	r1, [r3, #4]
200006b0:	b28b      	uxth	r3, r1
200006b2:	4a2b      	ldr	r2, [pc, #172]	; (20000760 <process_cmd+0x2dc>)
200006b4:	70d1      	strb	r1, [r2, #3]
200006b6:	0a1b      	lsrs	r3, r3, #8
200006b8:	7113      	strb	r3, [r2, #4]
200006ba:	2300      	movs	r3, #0
200006bc:	7153      	strb	r3, [r2, #5]
200006be:	7193      	strb	r3, [r2, #6]
200006c0:	2100      	movs	r1, #0
200006c2:	e008      	b.n	200006d6 <process_cmd+0x252>
200006c4:	4b29      	ldr	r3, [pc, #164]	; (2000076c <process_cmd+0x2e8>)
200006c6:	699b      	ldr	r3, [r3, #24]
200006c8:	069b      	lsls	r3, r3, #26
200006ca:	d4fb      	bmi.n	200006c4 <process_cmd+0x240>
200006cc:	7810      	ldrb	r0, [r2, #0]
200006ce:	4b27      	ldr	r3, [pc, #156]	; (2000076c <process_cmd+0x2e8>)
200006d0:	6018      	str	r0, [r3, #0]
200006d2:	3101      	adds	r1, #1
200006d4:	3201      	adds	r2, #1
200006d6:	2906      	cmp	r1, #6
200006d8:	d9f4      	bls.n	200006c4 <process_cmd+0x240>
200006da:	e70c      	b.n	200004f6 <process_cmd+0x72>
200006dc:	2800      	cmp	r0, #0
200006de:	da00      	bge.n	200006e2 <process_cmd+0x25e>
200006e0:	e709      	b.n	200004f6 <process_cmd+0x72>
200006e2:	2200      	movs	r2, #0
200006e4:	491e      	ldr	r1, [pc, #120]	; (20000760 <process_cmd+0x2dc>)
200006e6:	e008      	b.n	200006fa <process_cmd+0x276>
200006e8:	4b20      	ldr	r3, [pc, #128]	; (2000076c <process_cmd+0x2e8>)
200006ea:	699b      	ldr	r3, [r3, #24]
200006ec:	069b      	lsls	r3, r3, #26
200006ee:	d4fb      	bmi.n	200006e8 <process_cmd+0x264>
200006f0:	7808      	ldrb	r0, [r1, #0]
200006f2:	4b1e      	ldr	r3, [pc, #120]	; (2000076c <process_cmd+0x2e8>)
200006f4:	6018      	str	r0, [r3, #0]
200006f6:	3201      	adds	r2, #1
200006f8:	3101      	adds	r1, #1
200006fa:	2a02      	cmp	r2, #2
200006fc:	d9f4      	bls.n	200006e8 <process_cmd+0x264>
200006fe:	2200      	movs	r2, #0
20000700:	4927      	ldr	r1, [pc, #156]	; (200007a0 <process_cmd+0x31c>)
20000702:	e008      	b.n	20000716 <process_cmd+0x292>
20000704:	4b19      	ldr	r3, [pc, #100]	; (2000076c <process_cmd+0x2e8>)
20000706:	699b      	ldr	r3, [r3, #24]
20000708:	069b      	lsls	r3, r3, #26
2000070a:	d4fb      	bmi.n	20000704 <process_cmd+0x280>
2000070c:	7808      	ldrb	r0, [r1, #0]
2000070e:	4b17      	ldr	r3, [pc, #92]	; (2000076c <process_cmd+0x2e8>)
20000710:	6018      	str	r0, [r3, #0]
20000712:	3201      	adds	r2, #1
20000714:	3101      	adds	r1, #1
20000716:	2a03      	cmp	r2, #3
20000718:	d9f4      	bls.n	20000704 <process_cmd+0x280>
2000071a:	e6ec      	b.n	200004f6 <process_cmd+0x72>
2000071c:	2800      	cmp	r0, #0
2000071e:	da00      	bge.n	20000722 <process_cmd+0x29e>
20000720:	e6e9      	b.n	200004f6 <process_cmd+0x72>
20000722:	2200      	movs	r2, #0
20000724:	490e      	ldr	r1, [pc, #56]	; (20000760 <process_cmd+0x2dc>)
20000726:	e008      	b.n	2000073a <process_cmd+0x2b6>
20000728:	4b10      	ldr	r3, [pc, #64]	; (2000076c <process_cmd+0x2e8>)
2000072a:	699b      	ldr	r3, [r3, #24]
2000072c:	069b      	lsls	r3, r3, #26
2000072e:	d4fb      	bmi.n	20000728 <process_cmd+0x2a4>
20000730:	7808      	ldrb	r0, [r1, #0]
20000732:	4b0e      	ldr	r3, [pc, #56]	; (2000076c <process_cmd+0x2e8>)
20000734:	6018      	str	r0, [r3, #0]
20000736:	3201      	adds	r2, #1
20000738:	3101      	adds	r1, #1
2000073a:	2a02      	cmp	r2, #2
2000073c:	d9f4      	bls.n	20000728 <process_cmd+0x2a4>
2000073e:	2100      	movs	r1, #0
20000740:	4a17      	ldr	r2, [pc, #92]	; (200007a0 <process_cmd+0x31c>)
20000742:	3204      	adds	r2, #4
20000744:	e008      	b.n	20000758 <process_cmd+0x2d4>
20000746:	4b09      	ldr	r3, [pc, #36]	; (2000076c <process_cmd+0x2e8>)
20000748:	699b      	ldr	r3, [r3, #24]
2000074a:	069b      	lsls	r3, r3, #26
2000074c:	d4fb      	bmi.n	20000746 <process_cmd+0x2c2>
2000074e:	7810      	ldrb	r0, [r2, #0]
20000750:	4b06      	ldr	r3, [pc, #24]	; (2000076c <process_cmd+0x2e8>)
20000752:	6018      	str	r0, [r3, #0]
20000754:	3101      	adds	r1, #1
20000756:	3201      	adds	r2, #1
20000758:	2903      	cmp	r1, #3
2000075a:	d9f4      	bls.n	20000746 <process_cmd+0x2c2>
2000075c:	e6cb      	b.n	200004f6 <process_cmd+0x72>
2000075e:	46c0      	nop			; (mov r8, r8)
20000760:	20007b48 	.word	0x20007b48
20000764:	200068c4 	.word	0x200068c4
20000768:	20007114 	.word	0x20007114
2000076c:	40034000 	.word	0x40034000
20000770:	00000ff9 	.word	0x00000ff9
20000774:	00000ffa 	.word	0x00000ffa
20000778:	00000ffb 	.word	0x00000ffb
2000077c:	00000ffc 	.word	0x00000ffc
20000780:	00000ffd 	.word	0x00000ffd
20000784:	00000ffe 	.word	0x00000ffe
20000788:	00000fff 	.word	0x00000fff
2000078c:	20007b54 	.word	0x20007b54
20000790:	200065a4 	.word	0x200065a4
20000794:	4004c000 	.word	0x4004c000
20000798:	4004d000 	.word	0x4004d000
2000079c:	4004e000 	.word	0x4004e000
200007a0:	20006794 	.word	0x20006794
200007a4:	4a25      	ldr	r2, [pc, #148]	; (2000083c <process_cmd+0x3b8>)
200007a6:	6815      	ldr	r5, [r2, #0]
200007a8:	4925      	ldr	r1, [pc, #148]	; (20000840 <process_cmd+0x3bc>)
200007aa:	78cb      	ldrb	r3, [r1, #3]
200007ac:	790c      	ldrb	r4, [r1, #4]
200007ae:	0220      	lsls	r0, r4, #8
200007b0:	26fc      	movs	r6, #252	; 0xfc
200007b2:	0236      	lsls	r6, r6, #8
200007b4:	4030      	ands	r0, r6
200007b6:	181b      	adds	r3, r3, r0
200007b8:	7948      	ldrb	r0, [r1, #5]
200007ba:	0400      	lsls	r0, r0, #16
200007bc:	181b      	adds	r3, r3, r0
200007be:	7989      	ldrb	r1, [r1, #6]
200007c0:	0609      	lsls	r1, r1, #24
200007c2:	185b      	adds	r3, r3, r1
200007c4:	6013      	str	r3, [r2, #0]
200007c6:	2203      	movs	r2, #3
200007c8:	4022      	ands	r2, r4
200007ca:	2a01      	cmp	r2, #1
200007cc:	d001      	beq.n	200007d2 <process_cmd+0x34e>
200007ce:	05e9      	lsls	r1, r5, #23
200007d0:	d508      	bpl.n	200007e4 <process_cmd+0x360>
200007d2:	2180      	movs	r1, #128	; 0x80
200007d4:	0049      	lsls	r1, r1, #1
200007d6:	430b      	orrs	r3, r1
200007d8:	4918      	ldr	r1, [pc, #96]	; (2000083c <process_cmd+0x3b8>)
200007da:	600b      	str	r3, [r1, #0]
200007dc:	23d0      	movs	r3, #208	; 0xd0
200007de:	061b      	lsls	r3, r3, #24
200007e0:	2180      	movs	r1, #128	; 0x80
200007e2:	6159      	str	r1, [r3, #20]
200007e4:	2a02      	cmp	r2, #2
200007e6:	d000      	beq.n	200007ea <process_cmd+0x366>
200007e8:	e685      	b.n	200004f6 <process_cmd+0x72>
200007ea:	05eb      	lsls	r3, r5, #23
200007ec:	d400      	bmi.n	200007f0 <process_cmd+0x36c>
200007ee:	e682      	b.n	200004f6 <process_cmd+0x72>
200007f0:	4a12      	ldr	r2, [pc, #72]	; (2000083c <process_cmd+0x3b8>)
200007f2:	2380      	movs	r3, #128	; 0x80
200007f4:	009b      	lsls	r3, r3, #2
200007f6:	6811      	ldr	r1, [r2, #0]
200007f8:	430b      	orrs	r3, r1
200007fa:	6013      	str	r3, [r2, #0]
200007fc:	23d0      	movs	r3, #208	; 0xd0
200007fe:	061b      	lsls	r3, r3, #24
20000800:	2280      	movs	r2, #128	; 0x80
20000802:	0052      	lsls	r2, r2, #1
20000804:	615a      	str	r2, [r3, #20]
20000806:	e676      	b.n	200004f6 <process_cmd+0x72>
20000808:	4b0e      	ldr	r3, [pc, #56]	; (20000844 <process_cmd+0x3c0>)
2000080a:	699b      	ldr	r3, [r3, #24]
2000080c:	069b      	lsls	r3, r3, #26
2000080e:	d4fb      	bmi.n	20000808 <process_cmd+0x384>
20000810:	7810      	ldrb	r0, [r2, #0]
20000812:	4b0c      	ldr	r3, [pc, #48]	; (20000844 <process_cmd+0x3c0>)
20000814:	6018      	str	r0, [r3, #0]
20000816:	3101      	adds	r1, #1
20000818:	3201      	adds	r2, #1
2000081a:	2902      	cmp	r1, #2
2000081c:	d9f4      	bls.n	20000808 <process_cmd+0x384>
2000081e:	2100      	movs	r1, #0
20000820:	4a06      	ldr	r2, [pc, #24]	; (2000083c <process_cmd+0x3b8>)
20000822:	e008      	b.n	20000836 <process_cmd+0x3b2>
20000824:	4b07      	ldr	r3, [pc, #28]	; (20000844 <process_cmd+0x3c0>)
20000826:	699b      	ldr	r3, [r3, #24]
20000828:	069b      	lsls	r3, r3, #26
2000082a:	d4fb      	bmi.n	20000824 <process_cmd+0x3a0>
2000082c:	7810      	ldrb	r0, [r2, #0]
2000082e:	4b05      	ldr	r3, [pc, #20]	; (20000844 <process_cmd+0x3c0>)
20000830:	6018      	str	r0, [r3, #0]
20000832:	3101      	adds	r1, #1
20000834:	3201      	adds	r2, #1
20000836:	2903      	cmp	r1, #3
20000838:	d9f4      	bls.n	20000824 <process_cmd+0x3a0>
2000083a:	e65c      	b.n	200004f6 <process_cmd+0x72>
2000083c:	20007b34 	.word	0x20007b34
20000840:	20007b48 	.word	0x20007b48
20000844:	40034000 	.word	0x40034000

20000848 <enable_led_fsms>:
20000848:	b5f0      	push	{r4, r5, r6, r7, lr}
2000084a:	46d6      	mov	lr, sl
2000084c:	464f      	mov	r7, r9
2000084e:	4646      	mov	r6, r8
20000850:	b5c0      	push	{r6, r7, lr}
20000852:	4680      	mov	r8, r0
20000854:	000f      	movs	r7, r1
20000856:	23d0      	movs	r3, #208	; 0xd0
20000858:	061b      	lsls	r3, r3, #24
2000085a:	2280      	movs	r2, #128	; 0x80
2000085c:	0452      	lsls	r2, r2, #17
2000085e:	615a      	str	r2, [r3, #20]
20000860:	205a      	movs	r0, #90	; 0x5a
20000862:	2100      	movs	r1, #0
20000864:	f001 fa30 	bl	20001cc8 <sleep_us>
20000868:	4c26      	ldr	r4, [pc, #152]	; (20000904 <enable_led_fsms+0xbc>)
2000086a:	6823      	ldr	r3, [r4, #0]
2000086c:	2203      	movs	r2, #3
2000086e:	4393      	bics	r3, r2
20000870:	6023      	str	r3, [r4, #0]
20000872:	4b25      	ldr	r3, [pc, #148]	; (20000908 <enable_led_fsms+0xc0>)
20000874:	4699      	mov	r9, r3
20000876:	261f      	movs	r6, #31
20000878:	681b      	ldr	r3, [r3, #0]
2000087a:	4033      	ands	r3, r6
2000087c:	25d8      	movs	r5, #216	; 0xd8
2000087e:	5163      	str	r3, [r4, r5]
20000880:	4b22      	ldr	r3, [pc, #136]	; (2000090c <enable_led_fsms+0xc4>)
20000882:	681b      	ldr	r3, [r3, #0]
20000884:	4033      	ands	r3, r6
20000886:	32ed      	adds	r2, #237	; 0xed
20000888:	50a3      	str	r3, [r4, r2]
2000088a:	2380      	movs	r3, #128	; 0x80
2000088c:	015b      	lsls	r3, r3, #5
2000088e:	4920      	ldr	r1, [pc, #128]	; (20000910 <enable_led_fsms+0xc8>)
20000890:	4319      	orrs	r1, r3
20000892:	2280      	movs	r2, #128	; 0x80
20000894:	0612      	lsls	r2, r2, #24
20000896:	600a      	str	r2, [r1, #0]
20000898:	600a      	str	r2, [r1, #0]
2000089a:	491e      	ldr	r1, [pc, #120]	; (20000914 <enable_led_fsms+0xcc>)
2000089c:	430b      	orrs	r3, r1
2000089e:	601a      	str	r2, [r3, #0]
200008a0:	601a      	str	r2, [r3, #0]
200008a2:	2310      	movs	r3, #16
200008a4:	6323      	str	r3, [r4, #48]	; 0x30
200008a6:	3310      	adds	r3, #16
200008a8:	6323      	str	r3, [r4, #48]	; 0x30
200008aa:	3320      	adds	r3, #32
200008ac:	6323      	str	r3, [r4, #48]	; 0x30
200008ae:	4b1a      	ldr	r3, [pc, #104]	; (20000918 <enable_led_fsms+0xd0>)
200008b0:	5163      	str	r3, [r4, r5]
200008b2:	4b1a      	ldr	r3, [pc, #104]	; (2000091c <enable_led_fsms+0xd4>)
200008b4:	5163      	str	r3, [r4, r5]
200008b6:	2380      	movs	r3, #128	; 0x80
200008b8:	019b      	lsls	r3, r3, #6
200008ba:	4323      	orrs	r3, r4
200008bc:	469a      	mov	sl, r3
200008be:	2330      	movs	r3, #48	; 0x30
200008c0:	4652      	mov	r2, sl
200008c2:	6013      	str	r3, [r2, #0]
200008c4:	23fa      	movs	r3, #250	; 0xfa
200008c6:	009b      	lsls	r3, r3, #2
200008c8:	6123      	str	r3, [r4, #16]
200008ca:	4b15      	ldr	r3, [pc, #84]	; (20000920 <enable_led_fsms+0xd8>)
200008cc:	5163      	str	r3, [r4, r5]
200008ce:	4b15      	ldr	r3, [pc, #84]	; (20000924 <enable_led_fsms+0xdc>)
200008d0:	5163      	str	r3, [r4, r5]
200008d2:	4643      	mov	r3, r8
200008d4:	6123      	str	r3, [r4, #16]
200008d6:	0339      	lsls	r1, r7, #12
200008d8:	27c0      	movs	r7, #192	; 0xc0
200008da:	05bf      	lsls	r7, r7, #22
200008dc:	430f      	orrs	r7, r1
200008de:	6167      	str	r7, [r4, #20]
200008e0:	2106      	movs	r1, #6
200008e2:	2010      	movs	r0, #16
200008e4:	f000 f9f0 	bl	20000cc8 <gpio_set_function>
200008e8:	4b0f      	ldr	r3, [pc, #60]	; (20000928 <enable_led_fsms+0xe0>)
200008ea:	4652      	mov	r2, sl
200008ec:	6013      	str	r3, [r2, #0]
200008ee:	464b      	mov	r3, r9
200008f0:	681b      	ldr	r3, [r3, #0]
200008f2:	3302      	adds	r3, #2
200008f4:	401e      	ands	r6, r3
200008f6:	5166      	str	r6, [r4, r5]
200008f8:	bce0      	pop	{r5, r6, r7}
200008fa:	46ba      	mov	sl, r7
200008fc:	46b1      	mov	r9, r6
200008fe:	46a8      	mov	r8, r5
20000900:	bdf0      	pop	{r4, r5, r6, r7, pc}
20000902:	46c0      	nop			; (mov r8, r8)
20000904:	50200000 	.word	0x50200000
20000908:	20007110 	.word	0x20007110
2000090c:	2000710c 	.word	0x2000710c
20000910:	502000d0 	.word	0x502000d0
20000914:	502000e8 	.word	0x502000e8
20000918:	0000a0e1 	.word	0x0000a0e1
2000091c:	00006005 	.word	0x00006005
20000920:	00008080 	.word	0x00008080
20000924:	0000a0c7 	.word	0x0000a0c7
20000928:	00000303 	.word	0x00000303

2000092c <disable_led_fsms>:
2000092c:	b510      	push	{r4, lr}
2000092e:	4a0a      	ldr	r2, [pc, #40]	; (20000958 <disable_led_fsms+0x2c>)
20000930:	6813      	ldr	r3, [r2, #0]
20000932:	2103      	movs	r1, #3
20000934:	438b      	bics	r3, r1
20000936:	6013      	str	r3, [r2, #0]
20000938:	24d0      	movs	r4, #208	; 0xd0
2000093a:	0624      	lsls	r4, r4, #24
2000093c:	2380      	movs	r3, #128	; 0x80
2000093e:	045b      	lsls	r3, r3, #17
20000940:	61a3      	str	r3, [r4, #24]
20000942:	46c0      	nop			; (mov r8, r8)
20000944:	46c0      	nop			; (mov r8, r8)
20000946:	2010      	movs	r0, #16
20000948:	f000 fa08 	bl	20000d5c <gpio_init>
2000094c:	2380      	movs	r3, #128	; 0x80
2000094e:	025b      	lsls	r3, r3, #9
20000950:	6263      	str	r3, [r4, #36]	; 0x24
20000952:	6163      	str	r3, [r4, #20]
20000954:	bd10      	pop	{r4, pc}
20000956:	46c0      	nop			; (mov r8, r8)
20000958:	50200000 	.word	0x50200000

2000095c <main>:
2000095c:	b5f0      	push	{r4, r5, r6, r7, lr}
2000095e:	46ce      	mov	lr, r9
20000960:	4647      	mov	r7, r8
20000962:	b580      	push	{r7, lr}
20000964:	b089      	sub	sp, #36	; 0x24
20000966:	2300      	movs	r3, #0
20000968:	2280      	movs	r2, #128	; 0x80
2000096a:	00d2      	lsls	r2, r2, #3
2000096c:	4293      	cmp	r3, r2
2000096e:	d208      	bcs.n	20000982 <main+0x26>
20000970:	005a      	lsls	r2, r3, #1
20000972:	49bd      	ldr	r1, [pc, #756]	; (20000c68 <main+0x30c>)
20000974:	2000      	movs	r0, #0
20000976:	5250      	strh	r0, [r2, r1]
20000978:	49bc      	ldr	r1, [pc, #752]	; (20000c6c <main+0x310>)
2000097a:	3030      	adds	r0, #48	; 0x30
2000097c:	5250      	strh	r0, [r2, r1]
2000097e:	3301      	adds	r3, #1
20000980:	e7f2      	b.n	20000968 <main+0xc>
20000982:	2006      	movs	r0, #6
20000984:	f001 fe84 	bl	20002690 <clock_stop>
20000988:	4bb9      	ldr	r3, [pc, #740]	; (20000c70 <main+0x314>)
2000098a:	9300      	str	r3, [sp, #0]
2000098c:	2200      	movs	r2, #0
2000098e:	2100      	movs	r1, #0
20000990:	2005      	movs	r0, #5
20000992:	f001 fe93 	bl	200026bc <clock_configure>
20000996:	4cb7      	ldr	r4, [pc, #732]	; (20000c74 <main+0x318>)
20000998:	0020      	movs	r0, r4
2000099a:	f002 f829 	bl	200029f0 <pll_deinit>
2000099e:	2304      	movs	r3, #4
200009a0:	9300      	str	r3, [sp, #0]
200009a2:	4ab5      	ldr	r2, [pc, #724]	; (20000c78 <main+0x31c>)
200009a4:	2101      	movs	r1, #1
200009a6:	0020      	movs	r0, r4
200009a8:	f001 ff92 	bl	200028d0 <pll_init>
200009ac:	4cb3      	ldr	r4, [pc, #716]	; (20000c7c <main+0x320>)
200009ae:	9400      	str	r4, [sp, #0]
200009b0:	0023      	movs	r3, r4
200009b2:	2200      	movs	r2, #0
200009b4:	2101      	movs	r1, #1
200009b6:	2005      	movs	r0, #5
200009b8:	f001 fe80 	bl	200026bc <clock_configure>
200009bc:	9400      	str	r4, [sp, #0]
200009be:	0023      	movs	r3, r4
200009c0:	2201      	movs	r2, #1
200009c2:	2100      	movs	r1, #0
200009c4:	2006      	movs	r0, #6
200009c6:	f001 fe79 	bl	200026bc <clock_configure>
200009ca:	2003      	movs	r0, #3
200009cc:	f000 f9c6 	bl	20000d5c <gpio_init>
200009d0:	2004      	movs	r0, #4
200009d2:	f000 f9c3 	bl	20000d5c <gpio_init>
200009d6:	2005      	movs	r0, #5
200009d8:	f000 f9c0 	bl	20000d5c <gpio_init>
200009dc:	2006      	movs	r0, #6
200009de:	f000 f9bd 	bl	20000d5c <gpio_init>
200009e2:	24d0      	movs	r4, #208	; 0xd0
200009e4:	0624      	lsls	r4, r4, #24
200009e6:	2340      	movs	r3, #64	; 0x40
200009e8:	6263      	str	r3, [r4, #36]	; 0x24
200009ea:	2008      	movs	r0, #8
200009ec:	f000 f9b6 	bl	20000d5c <gpio_init>
200009f0:	2580      	movs	r5, #128	; 0x80
200009f2:	006d      	lsls	r5, r5, #1
200009f4:	6265      	str	r5, [r4, #36]	; 0x24
200009f6:	6165      	str	r5, [r4, #20]
200009f8:	2007      	movs	r0, #7
200009fa:	f000 f9af 	bl	20000d5c <gpio_init>
200009fe:	2380      	movs	r3, #128	; 0x80
20000a00:	6263      	str	r3, [r4, #36]	; 0x24
20000a02:	200a      	movs	r0, #10
20000a04:	f000 f9aa 	bl	20000d5c <gpio_init>
20000a08:	2680      	movs	r6, #128	; 0x80
20000a0a:	00f6      	lsls	r6, r6, #3
20000a0c:	6266      	str	r6, [r4, #36]	; 0x24
20000a0e:	61a6      	str	r6, [r4, #24]
20000a10:	2010      	movs	r0, #16
20000a12:	f000 f9a3 	bl	20000d5c <gpio_init>
20000a16:	2380      	movs	r3, #128	; 0x80
20000a18:	025b      	lsls	r3, r3, #9
20000a1a:	6263      	str	r3, [r4, #36]	; 0x24
20000a1c:	6163      	str	r3, [r4, #20]
20000a1e:	2018      	movs	r0, #24
20000a20:	f000 f99c 	bl	20000d5c <gpio_init>
20000a24:	2380      	movs	r3, #128	; 0x80
20000a26:	045b      	lsls	r3, r3, #17
20000a28:	6263      	str	r3, [r4, #36]	; 0x24
20000a2a:	61a3      	str	r3, [r4, #24]
20000a2c:	2012      	movs	r0, #18
20000a2e:	f000 f995 	bl	20000d5c <gpio_init>
20000a32:	2380      	movs	r3, #128	; 0x80
20000a34:	02db      	lsls	r3, r3, #11
20000a36:	6263      	str	r3, [r4, #36]	; 0x24
20000a38:	6163      	str	r3, [r4, #20]
20000a3a:	4f91      	ldr	r7, [pc, #580]	; (20000c80 <main+0x324>)
20000a3c:	4991      	ldr	r1, [pc, #580]	; (20000c84 <main+0x328>)
20000a3e:	0038      	movs	r0, r7
20000a40:	f001 fde6 	bl	20002610 <uart_init>
20000a44:	6b3a      	ldr	r2, [r7, #48]	; 0x30
20000a46:	2380      	movs	r3, #128	; 0x80
20000a48:	021b      	lsls	r3, r3, #8
20000a4a:	4053      	eors	r3, r2
20000a4c:	22c0      	movs	r2, #192	; 0xc0
20000a4e:	0212      	lsls	r2, r2, #8
20000a50:	4013      	ands	r3, r2
20000a52:	498d      	ldr	r1, [pc, #564]	; (20000c88 <main+0x32c>)
20000a54:	2280      	movs	r2, #128	; 0x80
20000a56:	0152      	lsls	r2, r2, #5
20000a58:	430a      	orrs	r2, r1
20000a5a:	6013      	str	r3, [r2, #0]
20000a5c:	2102      	movs	r1, #2
20000a5e:	2000      	movs	r0, #0
20000a60:	f000 f932 	bl	20000cc8 <gpio_set_function>
20000a64:	2102      	movs	r1, #2
20000a66:	2001      	movs	r0, #1
20000a68:	f000 f92e 	bl	20000cc8 <gpio_set_function>
20000a6c:	2102      	movs	r1, #2
20000a6e:	2002      	movs	r0, #2
20000a70:	f000 f92a 	bl	20000cc8 <gpio_set_function>
20000a74:	4f85      	ldr	r7, [pc, #532]	; (20000c8c <main+0x330>)
20000a76:	4986      	ldr	r1, [pc, #536]	; (20000c90 <main+0x334>)
20000a78:	0038      	movs	r0, r7
20000a7a:	f004 faa3 	bl	20004fc4 <pio_add_program>
20000a7e:	0002      	movs	r2, r0
20000a80:	4b84      	ldr	r3, [pc, #528]	; (20000c94 <main+0x338>)
20000a82:	6018      	str	r0, [r3, #0]
20000a84:	23fa      	movs	r3, #250	; 0xfa
20000a86:	009b      	lsls	r3, r3, #2
20000a88:	9301      	str	r3, [sp, #4]
20000a8a:	230c      	movs	r3, #12
20000a8c:	9300      	str	r3, [sp, #0]
20000a8e:	3305      	adds	r3, #5
20000a90:	2100      	movs	r1, #0
20000a92:	0038      	movs	r0, r7
20000a94:	f7ff fb72 	bl	2000017c <led_sel_fsm_program_init>
20000a98:	497f      	ldr	r1, [pc, #508]	; (20000c98 <main+0x33c>)
20000a9a:	0038      	movs	r0, r7
20000a9c:	f004 fa92 	bl	20004fc4 <pio_add_program>
20000aa0:	0002      	movs	r2, r0
20000aa2:	4b7e      	ldr	r3, [pc, #504]	; (20000c9c <main+0x340>)
20000aa4:	6018      	str	r0, [r3, #0]
20000aa6:	4b7e      	ldr	r3, [pc, #504]	; (20000ca0 <main+0x344>)
20000aa8:	9302      	str	r3, [sp, #8]
20000aaa:	2317      	movs	r3, #23
20000aac:	9301      	str	r3, [sp, #4]
20000aae:	3b01      	subs	r3, #1
20000ab0:	9300      	str	r3, [sp, #0]
20000ab2:	3b01      	subs	r3, #1
20000ab4:	2101      	movs	r1, #1
20000ab6:	0038      	movs	r0, r7
20000ab8:	f7ff fc1c 	bl	200002f4 <led_dac_fsm_program_init>
20000abc:	f004 f9d0 	bl	20004e60 <adc_init>
20000ac0:	4b78      	ldr	r3, [pc, #480]	; (20000ca4 <main+0x348>)
20000ac2:	2202      	movs	r2, #2
20000ac4:	601a      	str	r2, [r3, #0]
20000ac6:	201a      	movs	r0, #26
20000ac8:	f7ff fb48 	bl	2000015c <adc_gpio_init>
20000acc:	201b      	movs	r0, #27
20000ace:	f7ff fb45 	bl	2000015c <adc_gpio_init>
20000ad2:	201c      	movs	r0, #28
20000ad4:	f7ff fb42 	bl	2000015c <adc_gpio_init>
20000ad8:	201d      	movs	r0, #29
20000ada:	f7ff fb3f 	bl	2000015c <adc_gpio_init>
20000ade:	4f72      	ldr	r7, [pc, #456]	; (20000ca8 <main+0x34c>)
20000ae0:	0038      	movs	r0, r7
20000ae2:	f004 f991 	bl	20004e08 <pico_get_unique_board_id>
20000ae6:	79b9      	ldrb	r1, [r7, #6]
20000ae8:	2300      	movs	r3, #0
20000aea:	014a      	lsls	r2, r1, #5
20000aec:	2080      	movs	r0, #128	; 0x80
20000aee:	00c0      	lsls	r0, r0, #3
20000af0:	2100      	movs	r1, #0
20000af2:	1880      	adds	r0, r0, r2
20000af4:	4159      	adcs	r1, r3
20000af6:	f001 f8e7 	bl	20001cc8 <sleep_us>
20000afa:	6166      	str	r6, [r4, #20]
20000afc:	2096      	movs	r0, #150	; 0x96
20000afe:	2100      	movs	r1, #0
20000b00:	f001 f8e2 	bl	20001cc8 <sleep_us>
20000b04:	61a5      	str	r5, [r4, #24]
20000b06:	2400      	movs	r4, #0
20000b08:	2600      	movs	r6, #0
20000b0a:	2300      	movs	r3, #0
20000b0c:	9305      	str	r3, [sp, #20]
20000b0e:	2000      	movs	r0, #0
20000b10:	e055      	b.n	20000bbe <main+0x262>
20000b12:	2317      	movs	r3, #23
20000b14:	aa02      	add	r2, sp, #8
20000b16:	4694      	mov	ip, r2
20000b18:	4463      	add	r3, ip
20000b1a:	781a      	ldrb	r2, [r3, #0]
20000b1c:	4b63      	ldr	r3, [pc, #396]	; (20000cac <main+0x350>)
20000b1e:	541a      	strb	r2, [r3, r0]
20000b20:	3401      	adds	r4, #1
20000b22:	b2e4      	uxtb	r4, r4
20000b24:	23d0      	movs	r3, #208	; 0xd0
20000b26:	061b      	lsls	r3, r3, #24
20000b28:	685b      	ldr	r3, [r3, #4]
20000b2a:	075b      	lsls	r3, r3, #29
20000b2c:	d417      	bmi.n	20000b5e <main+0x202>
20000b2e:	2c01      	cmp	r4, #1
20000b30:	d007      	beq.n	20000b42 <main+0x1e6>
20000b32:	2c03      	cmp	r4, #3
20000b34:	d00b      	beq.n	20000b4e <main+0x1f2>
20000b36:	2c07      	cmp	r4, #7
20000b38:	d112      	bne.n	20000b60 <main+0x204>
20000b3a:	f7ff fca3 	bl	20000484 <process_cmd>
20000b3e:	2400      	movs	r4, #0
20000b40:	e00e      	b.n	20000b60 <main+0x204>
20000b42:	4b5a      	ldr	r3, [pc, #360]	; (20000cac <main+0x350>)
20000b44:	781b      	ldrb	r3, [r3, #0]
20000b46:	2bff      	cmp	r3, #255	; 0xff
20000b48:	d00a      	beq.n	20000b60 <main+0x204>
20000b4a:	2400      	movs	r4, #0
20000b4c:	e008      	b.n	20000b60 <main+0x204>
20000b4e:	4b57      	ldr	r3, [pc, #348]	; (20000cac <main+0x350>)
20000b50:	789a      	ldrb	r2, [r3, #2]
20000b52:	2370      	movs	r3, #112	; 0x70
20000b54:	4013      	ands	r3, r2
20000b56:	2b30      	cmp	r3, #48	; 0x30
20000b58:	d002      	beq.n	20000b60 <main+0x204>
20000b5a:	2400      	movs	r4, #0
20000b5c:	e000      	b.n	20000b60 <main+0x204>
20000b5e:	2400      	movs	r4, #0
20000b60:	4b47      	ldr	r3, [pc, #284]	; (20000c80 <main+0x324>)
20000b62:	699b      	ldr	r3, [r3, #24]
20000b64:	2110      	movs	r1, #16
20000b66:	000a      	movs	r2, r1
20000b68:	401a      	ands	r2, r3
20000b6a:	4219      	tst	r1, r3
20000b6c:	d110      	bne.n	20000b90 <main+0x234>
20000b6e:	0020      	movs	r0, r4
20000b70:	2117      	movs	r1, #23
20000b72:	ab02      	add	r3, sp, #8
20000b74:	469c      	mov	ip, r3
20000b76:	4461      	add	r1, ip
20000b78:	2a00      	cmp	r2, #0
20000b7a:	d1ca      	bne.n	20000b12 <main+0x1b6>
20000b7c:	4b40      	ldr	r3, [pc, #256]	; (20000c80 <main+0x324>)
20000b7e:	699b      	ldr	r3, [r3, #24]
20000b80:	06db      	lsls	r3, r3, #27
20000b82:	d4fb      	bmi.n	20000b7c <main+0x220>
20000b84:	4b3e      	ldr	r3, [pc, #248]	; (20000c80 <main+0x324>)
20000b86:	681b      	ldr	r3, [r3, #0]
20000b88:	700b      	strb	r3, [r1, #0]
20000b8a:	3201      	adds	r2, #1
20000b8c:	3101      	adds	r1, #1
20000b8e:	e7f3      	b.n	20000b78 <main+0x21c>
20000b90:	4b47      	ldr	r3, [pc, #284]	; (20000cb0 <main+0x354>)
20000b92:	681b      	ldr	r3, [r3, #0]
20000b94:	059b      	lsls	r3, r3, #22
20000b96:	d426      	bmi.n	20000be6 <main+0x28a>
20000b98:	4b45      	ldr	r3, [pc, #276]	; (20000cb0 <main+0x354>)
20000b9a:	681b      	ldr	r3, [r3, #0]
20000b9c:	055b      	lsls	r3, r3, #21
20000b9e:	d506      	bpl.n	20000bae <main+0x252>
20000ba0:	f7ff fec4 	bl	2000092c <disable_led_fsms>
20000ba4:	4a42      	ldr	r2, [pc, #264]	; (20000cb0 <main+0x354>)
20000ba6:	4b43      	ldr	r3, [pc, #268]	; (20000cb4 <main+0x358>)
20000ba8:	6811      	ldr	r1, [r2, #0]
20000baa:	400b      	ands	r3, r1
20000bac:	6013      	str	r3, [r2, #0]
20000bae:	23d0      	movs	r3, #208	; 0xd0
20000bb0:	061b      	lsls	r3, r3, #24
20000bb2:	2240      	movs	r2, #64	; 0x40
20000bb4:	615a      	str	r2, [r3, #20]
20000bb6:	46c0      	nop			; (mov r8, r8)
20000bb8:	619a      	str	r2, [r3, #24]
20000bba:	9505      	str	r5, [sp, #20]
20000bbc:	0038      	movs	r0, r7
20000bbe:	21d0      	movs	r1, #208	; 0xd0
20000bc0:	0609      	lsls	r1, r1, #24
20000bc2:	684b      	ldr	r3, [r1, #4]
20000bc4:	091b      	lsrs	r3, r3, #4
20000bc6:	2201      	movs	r2, #1
20000bc8:	0017      	movs	r7, r2
20000bca:	401f      	ands	r7, r3
20000bcc:	684d      	ldr	r5, [r1, #4]
20000bce:	08ed      	lsrs	r5, r5, #3
20000bd0:	0011      	movs	r1, r2
20000bd2:	4029      	ands	r1, r5
20000bd4:	4688      	mov	r8, r1
20000bd6:	000d      	movs	r5, r1
20000bd8:	421a      	tst	r2, r3
20000bda:	d110      	bne.n	20000bfe <main+0x2a2>
20000bdc:	2800      	cmp	r0, #0
20000bde:	d0bf      	beq.n	20000b60 <main+0x204>
20000be0:	f7ff fea4 	bl	2000092c <disable_led_fsms>
20000be4:	e7bc      	b.n	20000b60 <main+0x204>
20000be6:	4b34      	ldr	r3, [pc, #208]	; (20000cb8 <main+0x35c>)
20000be8:	8819      	ldrh	r1, [r3, #0]
20000bea:	4b34      	ldr	r3, [pc, #208]	; (20000cbc <main+0x360>)
20000bec:	8818      	ldrh	r0, [r3, #0]
20000bee:	f7ff fe2b 	bl	20000848 <enable_led_fsms>
20000bf2:	4a2f      	ldr	r2, [pc, #188]	; (20000cb0 <main+0x354>)
20000bf4:	4b32      	ldr	r3, [pc, #200]	; (20000cc0 <main+0x364>)
20000bf6:	6811      	ldr	r1, [r2, #0]
20000bf8:	400b      	ands	r3, r1
20000bfa:	6013      	str	r3, [r2, #0]
20000bfc:	e7cc      	b.n	20000b98 <main+0x23c>
20000bfe:	2800      	cmp	r0, #0
20000c00:	d01b      	beq.n	20000c3a <main+0x2de>
20000c02:	4643      	mov	r3, r8
20000c04:	2b00      	cmp	r3, #0
20000c06:	d0d2      	beq.n	20000bae <main+0x252>
20000c08:	9b05      	ldr	r3, [sp, #20]
20000c0a:	2b00      	cmp	r3, #0
20000c0c:	d1cf      	bne.n	20000bae <main+0x252>
20000c0e:	0073      	lsls	r3, r6, #1
20000c10:	4a15      	ldr	r2, [pc, #84]	; (20000c68 <main+0x30c>)
20000c12:	5a99      	ldrh	r1, [r3, r2]
20000c14:	0309      	lsls	r1, r1, #12
20000c16:	22c0      	movs	r2, #192	; 0xc0
20000c18:	0592      	lsls	r2, r2, #22
20000c1a:	430a      	orrs	r2, r1
20000c1c:	491b      	ldr	r1, [pc, #108]	; (20000c8c <main+0x330>)
20000c1e:	614a      	str	r2, [r1, #20]
20000c20:	4a12      	ldr	r2, [pc, #72]	; (20000c6c <main+0x310>)
20000c22:	5a9b      	ldrh	r3, [r3, r2]
20000c24:	610b      	str	r3, [r1, #16]
20000c26:	4b27      	ldr	r3, [pc, #156]	; (20000cc4 <main+0x368>)
20000c28:	429e      	cmp	r6, r3
20000c2a:	d819      	bhi.n	20000c60 <main+0x304>
20000c2c:	0073      	lsls	r3, r6, #1
20000c2e:	5ed3      	ldrsh	r3, [r2, r3]
20000c30:	2b00      	cmp	r3, #0
20000c32:	db17      	blt.n	20000c64 <main+0x308>
20000c34:	3601      	adds	r6, #1
20000c36:	b2b6      	uxth	r6, r6
20000c38:	e7b9      	b.n	20000bae <main+0x252>
20000c3a:	4b0b      	ldr	r3, [pc, #44]	; (20000c68 <main+0x30c>)
20000c3c:	4699      	mov	r9, r3
20000c3e:	8819      	ldrh	r1, [r3, #0]
20000c40:	4e0a      	ldr	r6, [pc, #40]	; (20000c6c <main+0x310>)
20000c42:	8830      	ldrh	r0, [r6, #0]
20000c44:	f7ff fe00 	bl	20000848 <enable_led_fsms>
20000c48:	464b      	mov	r3, r9
20000c4a:	885a      	ldrh	r2, [r3, #2]
20000c4c:	0312      	lsls	r2, r2, #12
20000c4e:	23c0      	movs	r3, #192	; 0xc0
20000c50:	059b      	lsls	r3, r3, #22
20000c52:	4313      	orrs	r3, r2
20000c54:	4a0d      	ldr	r2, [pc, #52]	; (20000c8c <main+0x330>)
20000c56:	6153      	str	r3, [r2, #20]
20000c58:	8873      	ldrh	r3, [r6, #2]
20000c5a:	6113      	str	r3, [r2, #16]
20000c5c:	2602      	movs	r6, #2
20000c5e:	e7d0      	b.n	20000c02 <main+0x2a6>
20000c60:	2600      	movs	r6, #0
20000c62:	e7a4      	b.n	20000bae <main+0x252>
20000c64:	2600      	movs	r6, #0
20000c66:	e7a2      	b.n	20000bae <main+0x252>
20000c68:	200068c4 	.word	0x200068c4
20000c6c:	20007114 	.word	0x20007114
20000c70:	00b71b00 	.word	0x00b71b00
20000c74:	40028000 	.word	0x40028000
20000c78:	5b8d8000 	.word	0x5b8d8000
20000c7c:	05b8d800 	.word	0x05b8d800
20000c80:	40034000 	.word	0x40034000
20000c84:	005b8d80 	.word	0x005b8d80
20000c88:	40034030 	.word	0x40034030
20000c8c:	50200000 	.word	0x50200000
20000c90:	200054a8 	.word	0x200054a8
20000c94:	20007110 	.word	0x20007110
20000c98:	20005484 	.word	0x20005484
20000c9c:	2000710c 	.word	0x2000710c
20000ca0:	30064000 	.word	0x30064000
20000ca4:	4004e000 	.word	0x4004e000
20000ca8:	20006794 	.word	0x20006794
20000cac:	20007b48 	.word	0x20007b48
20000cb0:	20007b34 	.word	0x20007b34
20000cb4:	fffffbff 	.word	0xfffffbff
20000cb8:	20007b54 	.word	0x20007b54
20000cbc:	200065a4 	.word	0x200065a4
20000cc0:	fffffdff 	.word	0xfffffdff
20000cc4:	000003fe 	.word	0x000003fe

20000cc8 <gpio_set_function>:
20000cc8:	b510      	push	{r4, lr}
20000cca:	0083      	lsls	r3, r0, #2
20000ccc:	4a08      	ldr	r2, [pc, #32]	; (20000cf0 <gpio_set_function+0x28>)
20000cce:	4694      	mov	ip, r2
20000cd0:	4463      	add	r3, ip
20000cd2:	681c      	ldr	r4, [r3, #0]
20000cd4:	2240      	movs	r2, #64	; 0x40
20000cd6:	4062      	eors	r2, r4
20000cd8:	24c0      	movs	r4, #192	; 0xc0
20000cda:	4014      	ands	r4, r2
20000cdc:	2280      	movs	r2, #128	; 0x80
20000cde:	0152      	lsls	r2, r2, #5
20000ce0:	4313      	orrs	r3, r2
20000ce2:	601c      	str	r4, [r3, #0]
20000ce4:	00c0      	lsls	r0, r0, #3
20000ce6:	4b03      	ldr	r3, [pc, #12]	; (20000cf4 <gpio_set_function+0x2c>)
20000ce8:	469c      	mov	ip, r3
20000cea:	4460      	add	r0, ip
20000cec:	6041      	str	r1, [r0, #4]
20000cee:	bd10      	pop	{r4, pc}
20000cf0:	4001c004 	.word	0x4001c004
20000cf4:	40014000 	.word	0x40014000

20000cf8 <gpio_set_pulls>:
20000cf8:	0080      	lsls	r0, r0, #2
20000cfa:	4b0b      	ldr	r3, [pc, #44]	; (20000d28 <gpio_set_pulls+0x30>)
20000cfc:	469c      	mov	ip, r3
20000cfe:	4460      	add	r0, ip
20000d00:	2900      	cmp	r1, #0
20000d02:	d00d      	beq.n	20000d20 <gpio_set_pulls+0x28>
20000d04:	2308      	movs	r3, #8
20000d06:	2a00      	cmp	r2, #0
20000d08:	d00c      	beq.n	20000d24 <gpio_set_pulls+0x2c>
20000d0a:	2204      	movs	r2, #4
20000d0c:	4313      	orrs	r3, r2
20000d0e:	6802      	ldr	r2, [r0, #0]
20000d10:	4053      	eors	r3, r2
20000d12:	220c      	movs	r2, #12
20000d14:	4013      	ands	r3, r2
20000d16:	2280      	movs	r2, #128	; 0x80
20000d18:	0152      	lsls	r2, r2, #5
20000d1a:	4310      	orrs	r0, r2
20000d1c:	6003      	str	r3, [r0, #0]
20000d1e:	4770      	bx	lr
20000d20:	2300      	movs	r3, #0
20000d22:	e7f0      	b.n	20000d06 <gpio_set_pulls+0xe>
20000d24:	2200      	movs	r2, #0
20000d26:	e7f1      	b.n	20000d0c <gpio_set_pulls+0x14>
20000d28:	4001c004 	.word	0x4001c004

20000d2c <gpio_set_input_enabled>:
20000d2c:	2900      	cmp	r1, #0
20000d2e:	d009      	beq.n	20000d44 <gpio_set_input_enabled+0x18>
20000d30:	0080      	lsls	r0, r0, #2
20000d32:	4b09      	ldr	r3, [pc, #36]	; (20000d58 <gpio_set_input_enabled+0x2c>)
20000d34:	469c      	mov	ip, r3
20000d36:	4460      	add	r0, ip
20000d38:	2380      	movs	r3, #128	; 0x80
20000d3a:	019b      	lsls	r3, r3, #6
20000d3c:	4318      	orrs	r0, r3
20000d3e:	2340      	movs	r3, #64	; 0x40
20000d40:	6003      	str	r3, [r0, #0]
20000d42:	4770      	bx	lr
20000d44:	0080      	lsls	r0, r0, #2
20000d46:	4b04      	ldr	r3, [pc, #16]	; (20000d58 <gpio_set_input_enabled+0x2c>)
20000d48:	469c      	mov	ip, r3
20000d4a:	4460      	add	r0, ip
20000d4c:	23c0      	movs	r3, #192	; 0xc0
20000d4e:	019b      	lsls	r3, r3, #6
20000d50:	4318      	orrs	r0, r3
20000d52:	2340      	movs	r3, #64	; 0x40
20000d54:	6003      	str	r3, [r0, #0]
20000d56:	e7f4      	b.n	20000d42 <gpio_set_input_enabled+0x16>
20000d58:	4001c004 	.word	0x4001c004

20000d5c <gpio_init>:
20000d5c:	b510      	push	{r4, lr}
20000d5e:	2301      	movs	r3, #1
20000d60:	4083      	lsls	r3, r0
20000d62:	22d0      	movs	r2, #208	; 0xd0
20000d64:	0612      	lsls	r2, r2, #24
20000d66:	6293      	str	r3, [r2, #40]	; 0x28
20000d68:	6193      	str	r3, [r2, #24]
20000d6a:	2105      	movs	r1, #5
20000d6c:	f7ff ffac 	bl	20000cc8 <gpio_set_function>
20000d70:	bd10      	pop	{r4, pc}
	...

20000d74 <running_on_fpga>:
20000d74:	4b03      	ldr	r3, [pc, #12]	; (20000d84 <running_on_fpga+0x10>)
20000d76:	681b      	ldr	r3, [r3, #0]
20000d78:	2002      	movs	r0, #2
20000d7a:	4018      	ands	r0, r3
20000d7c:	1e43      	subs	r3, r0, #1
20000d7e:	4198      	sbcs	r0, r3
20000d80:	b2c0      	uxtb	r0, r0
20000d82:	4770      	bx	lr
20000d84:	4006c000 	.word	0x4006c000

20000d88 <hw_claim_lock>:
20000d88:	f3ef 8010 	mrs	r0, PRIMASK
20000d8c:	b672      	cpsid	i
20000d8e:	4b03      	ldr	r3, [pc, #12]	; (20000d9c <hw_claim_lock+0x14>)
20000d90:	681b      	ldr	r3, [r3, #0]
20000d92:	2b00      	cmp	r3, #0
20000d94:	d0fb      	beq.n	20000d8e <hw_claim_lock+0x6>
20000d96:	f3bf 8f5f 	dmb	sy
20000d9a:	4770      	bx	lr
20000d9c:	d000012c 	.word	0xd000012c

20000da0 <hw_claim_unlock>:
20000da0:	f3bf 8f5f 	dmb	sy
20000da4:	4b02      	ldr	r3, [pc, #8]	; (20000db0 <hw_claim_unlock+0x10>)
20000da6:	2200      	movs	r2, #0
20000da8:	601a      	str	r2, [r3, #0]
20000daa:	f380 8810 	msr	PRIMASK, r0
20000dae:	4770      	bx	lr
20000db0:	d000012c 	.word	0xd000012c

20000db4 <hw_claim_or_assert>:
20000db4:	b5f8      	push	{r3, r4, r5, r6, r7, lr}
20000db6:	0006      	movs	r6, r0
20000db8:	000c      	movs	r4, r1
20000dba:	0015      	movs	r5, r2
20000dbc:	f7ff ffe4 	bl	20000d88 <hw_claim_lock>
20000dc0:	08e3      	lsrs	r3, r4, #3
20000dc2:	18f7      	adds	r7, r6, r3
20000dc4:	5cf1      	ldrb	r1, [r6, r3]
20000dc6:	2207      	movs	r2, #7
20000dc8:	4022      	ands	r2, r4
20000dca:	2301      	movs	r3, #1
20000dcc:	4093      	lsls	r3, r2
20000dce:	420b      	tst	r3, r1
20000dd0:	d105      	bne.n	20000dde <hw_claim_or_assert+0x2a>
20000dd2:	b2db      	uxtb	r3, r3
20000dd4:	430b      	orrs	r3, r1
20000dd6:	703b      	strb	r3, [r7, #0]
20000dd8:	f7ff ffe2 	bl	20000da0 <hw_claim_unlock>
20000ddc:	bdf8      	pop	{r3, r4, r5, r6, r7, pc}
20000dde:	0021      	movs	r1, r4
20000de0:	0028      	movs	r0, r5
20000de2:	f001 fec5 	bl	20002b70 <panic>
	...

20000de8 <spin_locks_reset>:
20000de8:	2300      	movs	r3, #0
20000dea:	e007      	b.n	20000dfc <spin_locks_reset+0x14>
20000dec:	4a05      	ldr	r2, [pc, #20]	; (20000e04 <spin_locks_reset+0x1c>)
20000dee:	189a      	adds	r2, r3, r2
20000df0:	0092      	lsls	r2, r2, #2
20000df2:	f3bf 8f5f 	dmb	sy
20000df6:	2100      	movs	r1, #0
20000df8:	6011      	str	r1, [r2, #0]
20000dfa:	3301      	adds	r3, #1
20000dfc:	2b1f      	cmp	r3, #31
20000dfe:	d9f5      	bls.n	20000dec <spin_locks_reset+0x4>
20000e00:	4770      	bx	lr
20000e02:	46c0      	nop			; (mov r8, r8)
20000e04:	34000040 	.word	0x34000040

20000e08 <next_striped_spin_lock_num>:
20000e08:	4a05      	ldr	r2, [pc, #20]	; (20000e20 <next_striped_spin_lock_num+0x18>)
20000e0a:	7810      	ldrb	r0, [r2, #0]
20000e0c:	1c43      	adds	r3, r0, #1
20000e0e:	b2db      	uxtb	r3, r3
20000e10:	7013      	strb	r3, [r2, #0]
20000e12:	2b17      	cmp	r3, #23
20000e14:	d902      	bls.n	20000e1c <next_striped_spin_lock_num+0x14>
20000e16:	0013      	movs	r3, r2
20000e18:	2210      	movs	r2, #16
20000e1a:	701a      	strb	r2, [r3, #0]
20000e1c:	4770      	bx	lr
20000e1e:	46c0      	nop			; (mov r8, r8)
20000e20:	200065a6 	.word	0x200065a6

20000e24 <set_raw_irq_handler_and_unlock>:
20000e24:	4b07      	ldr	r3, [pc, #28]	; (20000e44 <set_raw_irq_handler_and_unlock+0x20>)
20000e26:	689b      	ldr	r3, [r3, #8]
20000e28:	3010      	adds	r0, #16
20000e2a:	0080      	lsls	r0, r0, #2
20000e2c:	5019      	str	r1, [r3, r0]
20000e2e:	f3bf 8f5f 	dmb	sy
20000e32:	f3bf 8f5f 	dmb	sy
20000e36:	4b04      	ldr	r3, [pc, #16]	; (20000e48 <set_raw_irq_handler_and_unlock+0x24>)
20000e38:	2100      	movs	r1, #0
20000e3a:	6019      	str	r1, [r3, #0]
20000e3c:	f382 8810 	msr	PRIMASK, r2
20000e40:	4770      	bx	lr
20000e42:	46c0      	nop			; (mov r8, r8)
20000e44:	e000ed00 	.word	0xe000ed00
20000e48:	d0000124 	.word	0xd0000124

20000e4c <make_branch>:
20000e4c:	b510      	push	{r4, lr}
20000e4e:	1a09      	subs	r1, r1, r0
20000e50:	1f08      	subs	r0, r1, #4
20000e52:	4b0a      	ldr	r3, [pc, #40]	; (20000e7c <make_branch+0x30>)
20000e54:	469c      	mov	ip, r3
20000e56:	4461      	add	r1, ip
20000e58:	4a09      	ldr	r2, [pc, #36]	; (20000e80 <make_branch+0x34>)
20000e5a:	4291      	cmp	r1, r2
20000e5c:	d808      	bhi.n	20000e70 <make_branch+0x24>
20000e5e:	07c3      	lsls	r3, r0, #31
20000e60:	d406      	bmi.n	20000e70 <make_branch+0x24>
20000e62:	1040      	asrs	r0, r0, #1
20000e64:	0540      	lsls	r0, r0, #21
20000e66:	0d40      	lsrs	r0, r0, #21
20000e68:	4b06      	ldr	r3, [pc, #24]	; (20000e84 <make_branch+0x38>)
20000e6a:	4318      	orrs	r0, r3
20000e6c:	b280      	uxth	r0, r0
20000e6e:	bd10      	pop	{r4, pc}
20000e70:	4b05      	ldr	r3, [pc, #20]	; (20000e88 <make_branch+0x3c>)
20000e72:	4a06      	ldr	r2, [pc, #24]	; (20000e8c <make_branch+0x40>)
20000e74:	21a3      	movs	r1, #163	; 0xa3
20000e76:	4806      	ldr	r0, [pc, #24]	; (20000e90 <make_branch+0x44>)
20000e78:	f001 fde0 	bl	20002a3c <__assert_func>
20000e7c:	000007fc 	.word	0x000007fc
20000e80:	00000ffe 	.word	0x00000ffe
20000e84:	ffffe000 	.word	0xffffe000
20000e88:	200054c8 	.word	0x200054c8
20000e8c:	20005718 	.word	0x20005718
20000e90:	200054f8 	.word	0x200054f8

20000e94 <insert_branch_and_link>:
20000e94:	b510      	push	{r4, lr}
20000e96:	1a09      	subs	r1, r1, r0
20000e98:	3904      	subs	r1, #4
20000e9a:	084c      	lsrs	r4, r1, #1
20000e9c:	0b09      	lsrs	r1, r1, #12
20000e9e:	d108      	bne.n	20000eb2 <insert_branch_and_link+0x1e>
20000ea0:	0549      	lsls	r1, r1, #21
20000ea2:	0d49      	lsrs	r1, r1, #21
20000ea4:	4a06      	ldr	r2, [pc, #24]	; (20000ec0 <insert_branch_and_link+0x2c>)
20000ea6:	4311      	orrs	r1, r2
20000ea8:	8001      	strh	r1, [r0, #0]
20000eaa:	4b06      	ldr	r3, [pc, #24]	; (20000ec4 <insert_branch_and_link+0x30>)
20000eac:	4323      	orrs	r3, r4
20000eae:	8043      	strh	r3, [r0, #2]
20000eb0:	bd10      	pop	{r4, pc}
20000eb2:	4b05      	ldr	r3, [pc, #20]	; (20000ec8 <insert_branch_and_link+0x34>)
20000eb4:	4a05      	ldr	r2, [pc, #20]	; (20000ecc <insert_branch_and_link+0x38>)
20000eb6:	21ab      	movs	r1, #171	; 0xab
20000eb8:	4805      	ldr	r0, [pc, #20]	; (20000ed0 <insert_branch_and_link+0x3c>)
20000eba:	f001 fdbf 	bl	20002a3c <__assert_func>
20000ebe:	46c0      	nop			; (mov r8, r8)
20000ec0:	fffff000 	.word	0xfffff000
20000ec4:	fffff800 	.word	0xfffff800
20000ec8:	20005534 	.word	0x20005534
20000ecc:	200056ec 	.word	0x200056ec
20000ed0:	200054f8 	.word	0x200054f8

20000ed4 <irq_is_enabled>:
20000ed4:	2301      	movs	r3, #1
20000ed6:	4083      	lsls	r3, r0
20000ed8:	4a03      	ldr	r2, [pc, #12]	; (20000ee8 <irq_is_enabled+0x14>)
20000eda:	6810      	ldr	r0, [r2, #0]
20000edc:	4018      	ands	r0, r3
20000ede:	1e43      	subs	r3, r0, #1
20000ee0:	4198      	sbcs	r0, r3
20000ee2:	b2c0      	uxtb	r0, r0
20000ee4:	4770      	bx	lr
20000ee6:	46c0      	nop			; (mov r8, r8)
20000ee8:	e000e100 	.word	0xe000e100

20000eec <irq_set_mask_enabled>:
20000eec:	2900      	cmp	r1, #0
20000eee:	d004      	beq.n	20000efa <irq_set_mask_enabled+0xe>
20000ef0:	4b03      	ldr	r3, [pc, #12]	; (20000f00 <irq_set_mask_enabled+0x14>)
20000ef2:	6018      	str	r0, [r3, #0]
20000ef4:	4b03      	ldr	r3, [pc, #12]	; (20000f04 <irq_set_mask_enabled+0x18>)
20000ef6:	6018      	str	r0, [r3, #0]
20000ef8:	4770      	bx	lr
20000efa:	4b03      	ldr	r3, [pc, #12]	; (20000f08 <irq_set_mask_enabled+0x1c>)
20000efc:	6018      	str	r0, [r3, #0]
20000efe:	e7fb      	b.n	20000ef8 <irq_set_mask_enabled+0xc>
20000f00:	e000e280 	.word	0xe000e280
20000f04:	e000e100 	.word	0xe000e100
20000f08:	e000e180 	.word	0xe000e180

20000f0c <irq_set_enabled>:
20000f0c:	b510      	push	{r4, lr}
20000f0e:	2301      	movs	r3, #1
20000f10:	4083      	lsls	r3, r0
20000f12:	0018      	movs	r0, r3
20000f14:	f7ff ffea 	bl	20000eec <irq_set_mask_enabled>
20000f18:	bd10      	pop	{r4, pc}
	...

20000f1c <irq_get_vtable_handler>:
20000f1c:	4b02      	ldr	r3, [pc, #8]	; (20000f28 <irq_get_vtable_handler+0xc>)
20000f1e:	689b      	ldr	r3, [r3, #8]
20000f20:	3010      	adds	r0, #16
20000f22:	0080      	lsls	r0, r0, #2
20000f24:	58c0      	ldr	r0, [r0, r3]
20000f26:	4770      	bx	lr
20000f28:	e000ed00 	.word	0xe000ed00

20000f2c <irq_set_exclusive_handler>:
20000f2c:	b570      	push	{r4, r5, r6, lr}
20000f2e:	0004      	movs	r4, r0
20000f30:	000d      	movs	r5, r1
20000f32:	f3ef 8610 	mrs	r6, PRIMASK
20000f36:	b672      	cpsid	i
20000f38:	4b0c      	ldr	r3, [pc, #48]	; (20000f6c <irq_set_exclusive_handler+0x40>)
20000f3a:	681b      	ldr	r3, [r3, #0]
20000f3c:	2b00      	cmp	r3, #0
20000f3e:	d0fb      	beq.n	20000f38 <irq_set_exclusive_handler+0xc>
20000f40:	f3bf 8f5f 	dmb	sy
20000f44:	0020      	movs	r0, r4
20000f46:	f7ff ffe9 	bl	20000f1c <irq_get_vtable_handler>
20000f4a:	4b09      	ldr	r3, [pc, #36]	; (20000f70 <irq_set_exclusive_handler+0x44>)
20000f4c:	4298      	cmp	r0, r3
20000f4e:	d001      	beq.n	20000f54 <irq_set_exclusive_handler+0x28>
20000f50:	42a8      	cmp	r0, r5
20000f52:	d105      	bne.n	20000f60 <irq_set_exclusive_handler+0x34>
20000f54:	0032      	movs	r2, r6
20000f56:	0029      	movs	r1, r5
20000f58:	0020      	movs	r0, r4
20000f5a:	f7ff ff63 	bl	20000e24 <set_raw_irq_handler_and_unlock>
20000f5e:	bd70      	pop	{r4, r5, r6, pc}
20000f60:	4b04      	ldr	r3, [pc, #16]	; (20000f74 <irq_set_exclusive_handler+0x48>)
20000f62:	4a05      	ldr	r2, [pc, #20]	; (20000f78 <irq_set_exclusive_handler+0x4c>)
20000f64:	2186      	movs	r1, #134	; 0x86
20000f66:	4805      	ldr	r0, [pc, #20]	; (20000f7c <irq_set_exclusive_handler+0x50>)
20000f68:	f001 fd68 	bl	20002a3c <__assert_func>
20000f6c:	d0000124 	.word	0xd0000124
20000f70:	100001cd 	.word	0x100001cd
20000f74:	20005544 	.word	0x20005544
20000f78:	20005734 	.word	0x20005734
20000f7c:	200054f8 	.word	0x200054f8

20000f80 <irq_remove_handler>:
20000f80:	b5f0      	push	{r4, r5, r6, r7, lr}
20000f82:	46ce      	mov	lr, r9
20000f84:	4647      	mov	r7, r8
20000f86:	b580      	push	{r7, lr}
20000f88:	b083      	sub	sp, #12
20000f8a:	0006      	movs	r6, r0
20000f8c:	000d      	movs	r5, r1
20000f8e:	f3ef 8810 	mrs	r8, PRIMASK
20000f92:	b672      	cpsid	i
20000f94:	4b56      	ldr	r3, [pc, #344]	; (200010f0 <irq_remove_handler+0x170>)
20000f96:	681b      	ldr	r3, [r3, #0]
20000f98:	2b00      	cmp	r3, #0
20000f9a:	d0fb      	beq.n	20000f94 <irq_remove_handler+0x14>
20000f9c:	f3bf 8f5f 	dmb	sy
20000fa0:	4b54      	ldr	r3, [pc, #336]	; (200010f4 <irq_remove_handler+0x174>)
20000fa2:	689a      	ldr	r2, [r3, #8]
20000fa4:	0034      	movs	r4, r6
20000fa6:	3410      	adds	r4, #16
20000fa8:	00a3      	lsls	r3, r4, #2
20000faa:	58d7      	ldr	r7, [r2, r3]
20000fac:	4b52      	ldr	r3, [pc, #328]	; (200010f8 <irq_remove_handler+0x178>)
20000fae:	429f      	cmp	r7, r3
20000fb0:	d007      	beq.n	20000fc2 <irq_remove_handler+0x42>
20000fb2:	42af      	cmp	r7, r5
20000fb4:	d100      	bne.n	20000fb8 <irq_remove_handler+0x38>
20000fb6:	e098      	b.n	200010ea <irq_remove_handler+0x16a>
20000fb8:	9701      	str	r7, [sp, #4]
20000fba:	4b50      	ldr	r3, [pc, #320]	; (200010fc <irq_remove_handler+0x17c>)
20000fbc:	1afb      	subs	r3, r7, r3
20000fbe:	2b2f      	cmp	r3, #47	; 0x2f
20000fc0:	d909      	bls.n	20000fd6 <irq_remove_handler+0x56>
20000fc2:	4642      	mov	r2, r8
20000fc4:	0039      	movs	r1, r7
20000fc6:	0030      	movs	r0, r6
20000fc8:	f7ff ff2c 	bl	20000e24 <set_raw_irq_handler_and_unlock>
20000fcc:	b003      	add	sp, #12
20000fce:	bcc0      	pop	{r6, r7}
20000fd0:	46b9      	mov	r9, r7
20000fd2:	46b0      	mov	r8, r6
20000fd4:	bdf0      	pop	{r4, r5, r6, r7, pc}
20000fd6:	0030      	movs	r0, r6
20000fd8:	f7ff ff7c 	bl	20000ed4 <irq_is_enabled>
20000fdc:	4681      	mov	r9, r0
20000fde:	2100      	movs	r1, #0
20000fe0:	0030      	movs	r0, r6
20000fe2:	f7ff ff93 	bl	20000f0c <irq_set_enabled>
20000fe6:	f3bf 8f5f 	dmb	sy
20000fea:	f3ef 8105 	mrs	r1, IPSR
20000fee:	2900      	cmp	r1, #0
20000ff0:	d001      	beq.n	20000ff6 <irq_remove_handler+0x76>
20000ff2:	428c      	cmp	r4, r1
20000ff4:	d111      	bne.n	2000101a <irq_remove_handler+0x9a>
20000ff6:	2301      	movs	r3, #1
20000ff8:	9c01      	ldr	r4, [sp, #4]
20000ffa:	439c      	bics	r4, r3
20000ffc:	2200      	movs	r2, #0
20000ffe:	68a3      	ldr	r3, [r4, #8]
20001000:	42ab      	cmp	r3, r5
20001002:	d012      	beq.n	2000102a <irq_remove_handler+0xaa>
20001004:	2206      	movs	r2, #6
20001006:	56a2      	ldrsb	r2, [r4, r2]
20001008:	2a00      	cmp	r2, #0
2000100a:	db0d      	blt.n	20001028 <irq_remove_handler+0xa8>
2000100c:	0053      	lsls	r3, r2, #1
2000100e:	189b      	adds	r3, r3, r2
20001010:	009b      	lsls	r3, r3, #2
20001012:	0022      	movs	r2, r4
20001014:	4c39      	ldr	r4, [pc, #228]	; (200010fc <irq_remove_handler+0x17c>)
20001016:	18e4      	adds	r4, r4, r3
20001018:	e7f1      	b.n	20000ffe <irq_remove_handler+0x7e>
2000101a:	2136      	movs	r1, #54	; 0x36
2000101c:	4b38      	ldr	r3, [pc, #224]	; (20001100 <irq_remove_handler+0x180>)
2000101e:	4a39      	ldr	r2, [pc, #228]	; (20001104 <irq_remove_handler+0x184>)
20001020:	31ff      	adds	r1, #255	; 0xff
20001022:	4839      	ldr	r0, [pc, #228]	; (20001108 <irq_remove_handler+0x188>)
20001024:	f001 fd0a 	bl	20002a3c <__assert_func>
20001028:	0022      	movs	r2, r4
2000102a:	42ab      	cmp	r3, r5
2000102c:	d156      	bne.n	200010dc <irq_remove_handler+0x15c>
2000102e:	2506      	movs	r5, #6
20001030:	5765      	ldrsb	r5, [r4, r5]
20001032:	2d00      	cmp	r5, #0
20001034:	db38      	blt.n	200010a8 <irq_remove_handler+0x128>
20001036:	006b      	lsls	r3, r5, #1
20001038:	195b      	adds	r3, r3, r5
2000103a:	009a      	lsls	r2, r3, #2
2000103c:	4b2f      	ldr	r3, [pc, #188]	; (200010fc <irq_remove_handler+0x17c>)
2000103e:	189b      	adds	r3, r3, r2
20001040:	689a      	ldr	r2, [r3, #8]
20001042:	60a2      	str	r2, [r4, #8]
20001044:	79da      	ldrb	r2, [r3, #7]
20001046:	71e2      	strb	r2, [r4, #7]
20001048:	2206      	movs	r2, #6
2000104a:	569a      	ldrsb	r2, [r3, r2]
2000104c:	71a2      	strb	r2, [r4, #6]
2000104e:	799b      	ldrb	r3, [r3, #6]
20001050:	b25b      	sxtb	r3, r3
20001052:	2b00      	cmp	r3, #0
20001054:	da0f      	bge.n	20001076 <irq_remove_handler+0xf6>
20001056:	482d      	ldr	r0, [pc, #180]	; (2000110c <irq_remove_handler+0x18c>)
20001058:	80a0      	strh	r0, [r4, #4]
2000105a:	006b      	lsls	r3, r5, #1
2000105c:	195b      	adds	r3, r3, r5
2000105e:	009b      	lsls	r3, r3, #2
20001060:	4a26      	ldr	r2, [pc, #152]	; (200010fc <irq_remove_handler+0x17c>)
20001062:	18d3      	adds	r3, r2, r3
20001064:	4a2a      	ldr	r2, [pc, #168]	; (20001110 <irq_remove_handler+0x190>)
20001066:	7811      	ldrb	r1, [r2, #0]
20001068:	7199      	strb	r1, [r3, #6]
2000106a:	7015      	strb	r5, [r2, #0]
2000106c:	4649      	mov	r1, r9
2000106e:	0030      	movs	r0, r6
20001070:	f7ff ff4c 	bl	20000f0c <irq_set_enabled>
20001074:	e7a5      	b.n	20000fc2 <irq_remove_handler+0x42>
20001076:	1d20      	adds	r0, r4, #4
20001078:	006b      	lsls	r3, r5, #1
2000107a:	195b      	adds	r3, r3, r5
2000107c:	009b      	lsls	r3, r3, #2
2000107e:	4a1f      	ldr	r2, [pc, #124]	; (200010fc <irq_remove_handler+0x17c>)
20001080:	189b      	adds	r3, r3, r2
20001082:	1d1a      	adds	r2, r3, #4
20001084:	889b      	ldrh	r3, [r3, #4]
20001086:	0ad9      	lsrs	r1, r3, #11
20001088:	291c      	cmp	r1, #28
2000108a:	d107      	bne.n	2000109c <irq_remove_handler+0x11c>
2000108c:	055b      	lsls	r3, r3, #21
2000108e:	155b      	asrs	r3, r3, #21
20001090:	3302      	adds	r3, #2
20001092:	0059      	lsls	r1, r3, #1
20001094:	1851      	adds	r1, r2, r1
20001096:	f7ff fed9 	bl	20000e4c <make_branch>
2000109a:	e7dd      	b.n	20001058 <irq_remove_handler+0xd8>
2000109c:	4b1d      	ldr	r3, [pc, #116]	; (20001114 <irq_remove_handler+0x194>)
2000109e:	4a1e      	ldr	r2, [pc, #120]	; (20001118 <irq_remove_handler+0x198>)
200010a0:	21b1      	movs	r1, #177	; 0xb1
200010a2:	4819      	ldr	r0, [pc, #100]	; (20001108 <irq_remove_handler+0x188>)
200010a4:	f001 fcca 	bl	20002a3c <__assert_func>
200010a8:	2900      	cmp	r1, #0
200010aa:	d112      	bne.n	200010d2 <irq_remove_handler+0x152>
200010ac:	2a00      	cmp	r2, #0
200010ae:	d00e      	beq.n	200010ce <irq_remove_handler+0x14e>
200010b0:	23ff      	movs	r3, #255	; 0xff
200010b2:	7193      	strb	r3, [r2, #6]
200010b4:	4b19      	ldr	r3, [pc, #100]	; (2000111c <irq_remove_handler+0x19c>)
200010b6:	8093      	strh	r3, [r2, #4]
200010b8:	4a15      	ldr	r2, [pc, #84]	; (20001110 <irq_remove_handler+0x190>)
200010ba:	7813      	ldrb	r3, [r2, #0]
200010bc:	71a3      	strb	r3, [r4, #6]
200010be:	4b18      	ldr	r3, [pc, #96]	; (20001120 <irq_remove_handler+0x1a0>)
200010c0:	490e      	ldr	r1, [pc, #56]	; (200010fc <irq_remove_handler+0x17c>)
200010c2:	1a64      	subs	r4, r4, r1
200010c4:	4164      	adcs	r4, r4
200010c6:	4363      	muls	r3, r4
200010c8:	0d1b      	lsrs	r3, r3, #20
200010ca:	7013      	strb	r3, [r2, #0]
200010cc:	e7ce      	b.n	2000106c <irq_remove_handler+0xec>
200010ce:	4f0a      	ldr	r7, [pc, #40]	; (200010f8 <irq_remove_handler+0x178>)
200010d0:	e7f2      	b.n	200010b8 <irq_remove_handler+0x138>
200010d2:	1d20      	adds	r0, r4, #4
200010d4:	4913      	ldr	r1, [pc, #76]	; (20001124 <irq_remove_handler+0x1a4>)
200010d6:	f7ff fedd 	bl	20000e94 <insert_branch_and_link>
200010da:	e7c7      	b.n	2000106c <irq_remove_handler+0xec>
200010dc:	216a      	movs	r1, #106	; 0x6a
200010de:	4b12      	ldr	r3, [pc, #72]	; (20001128 <irq_remove_handler+0x1a8>)
200010e0:	4a08      	ldr	r2, [pc, #32]	; (20001104 <irq_remove_handler+0x184>)
200010e2:	31ff      	adds	r1, #255	; 0xff
200010e4:	4808      	ldr	r0, [pc, #32]	; (20001108 <irq_remove_handler+0x188>)
200010e6:	f001 fca9 	bl	20002a3c <__assert_func>
200010ea:	4f03      	ldr	r7, [pc, #12]	; (200010f8 <irq_remove_handler+0x178>)
200010ec:	e769      	b.n	20000fc2 <irq_remove_handler+0x42>
200010ee:	46c0      	nop			; (mov r8, r8)
200010f0:	d0000124 	.word	0xd0000124
200010f4:	e000ed00 	.word	0xe000ed00
200010f8:	100001cd 	.word	0x100001cd
200010fc:	200065a8 	.word	0x200065a8
20001100:	20005658 	.word	0x20005658
20001104:	20005704 	.word	0x20005704
20001108:	200054f8 	.word	0x200054f8
2000110c:	0000bd01 	.word	0x0000bd01
20001110:	20007b58 	.word	0x20007b58
20001114:	20005640 	.word	0x20005640
20001118:	20005724 	.word	0x20005724
2000111c:	ffffbd01 	.word	0xffffbd01
20001120:	0000aaaa 	.word	0x0000aaaa
20001124:	200065e2 	.word	0x200065e2
20001128:	2000568c 	.word	0x2000568c

2000112c <irq_add_tail_to_free_list>:
2000112c:	b570      	push	{r4, r5, r6, lr}
2000112e:	2101      	movs	r1, #1
20001130:	4301      	orrs	r1, r0
20001132:	4b2e      	ldr	r3, [pc, #184]	; (200011ec <irq_add_tail_to_free_list+0xc0>)
20001134:	1acb      	subs	r3, r1, r3
20001136:	2b2f      	cmp	r3, #47	; 0x2f
20001138:	d828      	bhi.n	2000118c <irq_add_tail_to_free_list+0x60>
2000113a:	f3ef 8305 	mrs	r3, IPSR
2000113e:	2b00      	cmp	r3, #0
20001140:	d02b      	beq.n	2000119a <irq_add_tail_to_free_list+0x6e>
20001142:	f3ef 8c10 	mrs	ip, PRIMASK
20001146:	b672      	cpsid	i
20001148:	4a29      	ldr	r2, [pc, #164]	; (200011f0 <irq_add_tail_to_free_list+0xc4>)
2000114a:	6812      	ldr	r2, [r2, #0]
2000114c:	2a00      	cmp	r2, #0
2000114e:	d0fb      	beq.n	20001148 <irq_add_tail_to_free_list+0x1c>
20001150:	f3bf 8f5f 	dmb	sy
20001154:	4a27      	ldr	r2, [pc, #156]	; (200011f4 <irq_add_tail_to_free_list+0xc8>)
20001156:	0004      	movs	r4, r0
20001158:	4d24      	ldr	r5, [pc, #144]	; (200011ec <irq_add_tail_to_free_list+0xc0>)
2000115a:	1b64      	subs	r4, r4, r5
2000115c:	4164      	adcs	r4, r4
2000115e:	4362      	muls	r2, r4
20001160:	0d12      	lsrs	r2, r2, #20
20001162:	b254      	sxtb	r4, r2
20001164:	4a24      	ldr	r2, [pc, #144]	; (200011f8 <irq_add_tail_to_free_list+0xcc>)
20001166:	6892      	ldr	r2, [r2, #8]
20001168:	009b      	lsls	r3, r3, #2
2000116a:	58d2      	ldr	r2, [r2, r3]
2000116c:	428a      	cmp	r2, r1
2000116e:	d01b      	beq.n	200011a8 <irq_add_tail_to_free_list+0x7c>
20001170:	2200      	movs	r2, #0
20001172:	2a03      	cmp	r2, #3
20001174:	d832      	bhi.n	200011dc <irq_add_tail_to_free_list+0xb0>
20001176:	0053      	lsls	r3, r2, #1
20001178:	189b      	adds	r3, r3, r2
2000117a:	009b      	lsls	r3, r3, #2
2000117c:	491b      	ldr	r1, [pc, #108]	; (200011ec <irq_add_tail_to_free_list+0xc0>)
2000117e:	18cb      	adds	r3, r1, r3
20001180:	799b      	ldrb	r3, [r3, #6]
20001182:	b25b      	sxtb	r3, r3
20001184:	42a3      	cmp	r3, r4
20001186:	d01f      	beq.n	200011c8 <irq_add_tail_to_free_list+0x9c>
20001188:	3201      	adds	r2, #1
2000118a:	e7f2      	b.n	20001172 <irq_add_tail_to_free_list+0x46>
2000118c:	21c7      	movs	r1, #199	; 0xc7
2000118e:	4b1b      	ldr	r3, [pc, #108]	; (200011fc <irq_add_tail_to_free_list+0xd0>)
20001190:	4a1b      	ldr	r2, [pc, #108]	; (20001200 <irq_add_tail_to_free_list+0xd4>)
20001192:	0049      	lsls	r1, r1, #1
20001194:	481b      	ldr	r0, [pc, #108]	; (20001204 <irq_add_tail_to_free_list+0xd8>)
20001196:	f001 fc51 	bl	20002a3c <__assert_func>
2000119a:	2192      	movs	r1, #146	; 0x92
2000119c:	4b1a      	ldr	r3, [pc, #104]	; (20001208 <irq_add_tail_to_free_list+0xdc>)
2000119e:	4a18      	ldr	r2, [pc, #96]	; (20001200 <irq_add_tail_to_free_list+0xd4>)
200011a0:	31ff      	adds	r1, #255	; 0xff
200011a2:	4818      	ldr	r0, [pc, #96]	; (20001204 <irq_add_tail_to_free_list+0xd8>)
200011a4:	f001 fc4a 	bl	20002a3c <__assert_func>
200011a8:	4a13      	ldr	r2, [pc, #76]	; (200011f8 <irq_add_tail_to_free_list+0xcc>)
200011aa:	6892      	ldr	r2, [r2, #8]
200011ac:	4917      	ldr	r1, [pc, #92]	; (2000120c <irq_add_tail_to_free_list+0xe0>)
200011ae:	50d1      	str	r1, [r2, r3]
200011b0:	4b17      	ldr	r3, [pc, #92]	; (20001210 <irq_add_tail_to_free_list+0xe4>)
200011b2:	781a      	ldrb	r2, [r3, #0]
200011b4:	7182      	strb	r2, [r0, #6]
200011b6:	701c      	strb	r4, [r3, #0]
200011b8:	f3bf 8f5f 	dmb	sy
200011bc:	4b0c      	ldr	r3, [pc, #48]	; (200011f0 <irq_add_tail_to_free_list+0xc4>)
200011be:	2200      	movs	r2, #0
200011c0:	601a      	str	r2, [r3, #0]
200011c2:	f38c 8810 	msr	PRIMASK, ip
200011c6:	bd70      	pop	{r4, r5, r6, pc}
200011c8:	000d      	movs	r5, r1
200011ca:	0053      	lsls	r3, r2, #1
200011cc:	1899      	adds	r1, r3, r2
200011ce:	0089      	lsls	r1, r1, #2
200011d0:	1869      	adds	r1, r5, r1
200011d2:	26ff      	movs	r6, #255	; 0xff
200011d4:	718e      	strb	r6, [r1, #6]
200011d6:	4a0f      	ldr	r2, [pc, #60]	; (20001214 <irq_add_tail_to_free_list+0xe8>)
200011d8:	808a      	strh	r2, [r1, #4]
200011da:	e7e9      	b.n	200011b0 <irq_add_tail_to_free_list+0x84>
200011dc:	21d1      	movs	r1, #209	; 0xd1
200011de:	4b0e      	ldr	r3, [pc, #56]	; (20001218 <irq_add_tail_to_free_list+0xec>)
200011e0:	4a07      	ldr	r2, [pc, #28]	; (20001200 <irq_add_tail_to_free_list+0xd4>)
200011e2:	0049      	lsls	r1, r1, #1
200011e4:	4807      	ldr	r0, [pc, #28]	; (20001204 <irq_add_tail_to_free_list+0xd8>)
200011e6:	f001 fc29 	bl	20002a3c <__assert_func>
200011ea:	46c0      	nop			; (mov r8, r8)
200011ec:	200065a8 	.word	0x200065a8
200011f0:	d0000124 	.word	0xd0000124
200011f4:	0000aaaa 	.word	0x0000aaaa
200011f8:	e000ed00 	.word	0xe000ed00
200011fc:	20005694 	.word	0x20005694
20001200:	200056d0 	.word	0x200056d0
20001204:	200054f8 	.word	0x200054f8
20001208:	200056bc 	.word	0x200056bc
2000120c:	100001cd 	.word	0x100001cd
20001210:	20007b58 	.word	0x20007b58
20001214:	ffffbd01 	.word	0xffffbd01
20001218:	200056c8 	.word	0x200056c8

2000121c <irq_init_priorities>:
2000121c:	2200      	movs	r2, #0
2000121e:	4b04      	ldr	r3, [pc, #16]	; (20001230 <irq_init_priorities+0x14>)
20001220:	e002      	b.n	20001228 <irq_init_priorities+0xc>
20001222:	4904      	ldr	r1, [pc, #16]	; (20001234 <irq_init_priorities+0x18>)
20001224:	c302      	stmia	r3!, {r1}
20001226:	3201      	adds	r2, #1
20001228:	2a07      	cmp	r2, #7
2000122a:	d9fa      	bls.n	20001222 <irq_init_priorities+0x6>
2000122c:	4770      	bx	lr
2000122e:	46c0      	nop			; (mov r8, r8)
20001230:	e000e400 	.word	0xe000e400
20001234:	80808080 	.word	0x80808080

20001238 <lock_init>:
20001238:	4b02      	ldr	r3, [pc, #8]	; (20001244 <lock_init+0xc>)
2000123a:	469c      	mov	ip, r3
2000123c:	4461      	add	r1, ip
2000123e:	0089      	lsls	r1, r1, #2
20001240:	6001      	str	r1, [r0, #0]
20001242:	4770      	bx	lr
20001244:	34000040 	.word	0x34000040

20001248 <mutex_init>:
20001248:	b510      	push	{r4, lr}
2000124a:	0004      	movs	r4, r0
2000124c:	f7ff fddc 	bl	20000e08 <next_striped_spin_lock_num>
20001250:	0001      	movs	r1, r0
20001252:	0020      	movs	r0, r4
20001254:	f7ff fff0 	bl	20001238 <lock_init>
20001258:	23ff      	movs	r3, #255	; 0xff
2000125a:	7123      	strb	r3, [r4, #4]
2000125c:	f3bf 8f5f 	dmb	sy
20001260:	bd10      	pop	{r4, pc}

20001262 <recursive_mutex_init>:
20001262:	b510      	push	{r4, lr}
20001264:	0004      	movs	r4, r0
20001266:	f7ff fdcf 	bl	20000e08 <next_striped_spin_lock_num>
2000126a:	0001      	movs	r1, r0
2000126c:	0020      	movs	r0, r4
2000126e:	f7ff ffe3 	bl	20001238 <lock_init>
20001272:	23ff      	movs	r3, #255	; 0xff
20001274:	7123      	strb	r3, [r4, #4]
20001276:	2300      	movs	r3, #0
20001278:	7163      	strb	r3, [r4, #5]
2000127a:	f3bf 8f5f 	dmb	sy
2000127e:	bd10      	pop	{r4, pc}

20001280 <alarm_pool_post_alloc_init>:
20001280:	b570      	push	{r4, r5, r6, lr}
20001282:	0005      	movs	r5, r0
20001284:	000c      	movs	r4, r1
20001286:	0008      	movs	r0, r1
20001288:	f000 fef4 	bl	20002074 <hardware_alarm_cancel>
2000128c:	4909      	ldr	r1, [pc, #36]	; (200012b4 <alarm_pool_post_alloc_init+0x34>)
2000128e:	0020      	movs	r0, r4
20001290:	f000 fe34 	bl	20001efc <hardware_alarm_set_callback>
20001294:	f7ff fdb8 	bl	20000e08 <next_striped_spin_lock_num>
20001298:	4b07      	ldr	r3, [pc, #28]	; (200012b8 <alarm_pool_post_alloc_init+0x38>)
2000129a:	469c      	mov	ip, r3
2000129c:	4460      	add	r0, ip
2000129e:	0080      	lsls	r0, r0, #2
200012a0:	6068      	str	r0, [r5, #4]
200012a2:	752c      	strb	r4, [r5, #20]
200012a4:	23d0      	movs	r3, #208	; 0xd0
200012a6:	061b      	lsls	r3, r3, #24
200012a8:	781b      	ldrb	r3, [r3, #0]
200012aa:	756b      	strb	r3, [r5, #21]
200012ac:	00a4      	lsls	r4, r4, #2
200012ae:	4b03      	ldr	r3, [pc, #12]	; (200012bc <alarm_pool_post_alloc_init+0x3c>)
200012b0:	50e5      	str	r5, [r4, r3]
200012b2:	bd70      	pop	{r4, r5, r6, pc}
200012b4:	200015c5 	.word	0x200015c5
200012b8:	34000040 	.word	0x34000040
200012bc:	20007914 	.word	0x20007914

200012c0 <sleep_until_callback>:
200012c0:	4b0a      	ldr	r3, [pc, #40]	; (200012ec <sleep_until_callback+0x2c>)
200012c2:	681a      	ldr	r2, [r3, #0]
200012c4:	f3ef 8110 	mrs	r1, PRIMASK
200012c8:	b672      	cpsid	i
200012ca:	6813      	ldr	r3, [r2, #0]
200012cc:	2b00      	cmp	r3, #0
200012ce:	d0fc      	beq.n	200012ca <sleep_until_callback+0xa>
200012d0:	f3bf 8f5f 	dmb	sy
200012d4:	4b05      	ldr	r3, [pc, #20]	; (200012ec <sleep_until_callback+0x2c>)
200012d6:	681b      	ldr	r3, [r3, #0]
200012d8:	f3bf 8f5f 	dmb	sy
200012dc:	2200      	movs	r2, #0
200012de:	601a      	str	r2, [r3, #0]
200012e0:	f381 8810 	msr	PRIMASK, r1
200012e4:	bf40      	sev
200012e6:	2000      	movs	r0, #0
200012e8:	2100      	movs	r1, #0
200012ea:	4770      	bx	lr
200012ec:	20007b30 	.word	0x20007b30

200012f0 <timer_pool_entry_comparator>:
200012f0:	b510      	push	{r4, lr}
200012f2:	2900      	cmp	r1, #0
200012f4:	d022      	beq.n	2000133c <timer_pool_entry_comparator+0x4c>
200012f6:	6803      	ldr	r3, [r0, #0]
200012f8:	7b1b      	ldrb	r3, [r3, #12]
200012fa:	4299      	cmp	r1, r3
200012fc:	d81e      	bhi.n	2000133c <timer_pool_entry_comparator+0x4c>
200012fe:	4b17      	ldr	r3, [pc, #92]	; (2000135c <timer_pool_entry_comparator+0x6c>)
20001300:	469c      	mov	ip, r3
20001302:	4461      	add	r1, ip
20001304:	0109      	lsls	r1, r1, #4
20001306:	6883      	ldr	r3, [r0, #8]
20001308:	469c      	mov	ip, r3
2000130a:	4461      	add	r1, ip
2000130c:	680c      	ldr	r4, [r1, #0]
2000130e:	6849      	ldr	r1, [r1, #4]
20001310:	2a00      	cmp	r2, #0
20001312:	d019      	beq.n	20001348 <timer_pool_entry_comparator+0x58>
20001314:	6803      	ldr	r3, [r0, #0]
20001316:	7b1b      	ldrb	r3, [r3, #12]
20001318:	429a      	cmp	r2, r3
2000131a:	d815      	bhi.n	20001348 <timer_pool_entry_comparator+0x58>
2000131c:	6883      	ldr	r3, [r0, #8]
2000131e:	480f      	ldr	r0, [pc, #60]	; (2000135c <timer_pool_entry_comparator+0x6c>)
20001320:	4684      	mov	ip, r0
20001322:	4462      	add	r2, ip
20001324:	0112      	lsls	r2, r2, #4
20001326:	189a      	adds	r2, r3, r2
20001328:	6810      	ldr	r0, [r2, #0]
2000132a:	6853      	ldr	r3, [r2, #4]
2000132c:	0002      	movs	r2, r0
2000132e:	2001      	movs	r0, #1
20001330:	428b      	cmp	r3, r1
20001332:	d801      	bhi.n	20001338 <timer_pool_entry_comparator+0x48>
20001334:	d00e      	beq.n	20001354 <timer_pool_entry_comparator+0x64>
20001336:	2000      	movs	r0, #0
20001338:	b2c0      	uxtb	r0, r0
2000133a:	bd10      	pop	{r4, pc}
2000133c:	4b08      	ldr	r3, [pc, #32]	; (20001360 <timer_pool_entry_comparator+0x70>)
2000133e:	4a09      	ldr	r2, [pc, #36]	; (20001364 <timer_pool_entry_comparator+0x74>)
20001340:	213c      	movs	r1, #60	; 0x3c
20001342:	4809      	ldr	r0, [pc, #36]	; (20001368 <timer_pool_entry_comparator+0x78>)
20001344:	f001 fb7a 	bl	20002a3c <__assert_func>
20001348:	4b05      	ldr	r3, [pc, #20]	; (20001360 <timer_pool_entry_comparator+0x70>)
2000134a:	4a06      	ldr	r2, [pc, #24]	; (20001364 <timer_pool_entry_comparator+0x74>)
2000134c:	213c      	movs	r1, #60	; 0x3c
2000134e:	4806      	ldr	r0, [pc, #24]	; (20001368 <timer_pool_entry_comparator+0x78>)
20001350:	f001 fb74 	bl	20002a3c <__assert_func>
20001354:	42a2      	cmp	r2, r4
20001356:	d8ef      	bhi.n	20001338 <timer_pool_entry_comparator+0x48>
20001358:	e7ed      	b.n	20001336 <timer_pool_entry_comparator+0x46>
2000135a:	46c0      	nop			; (mov r8, r8)
2000135c:	0fffffff 	.word	0x0fffffff
20001360:	200058a4 	.word	0x200058a4
20001364:	20005b04 	.word	0x20005b04
20001368:	20005870 	.word	0x20005870

2000136c <ph_add_child_node>:
2000136c:	b510      	push	{r4, lr}
2000136e:	2900      	cmp	r1, #0
20001370:	d01e      	beq.n	200013b0 <ph_add_child_node+0x44>
20001372:	7b03      	ldrb	r3, [r0, #12]
20001374:	4299      	cmp	r1, r3
20001376:	d81b      	bhi.n	200013b0 <ph_add_child_node+0x44>
20001378:	004b      	lsls	r3, r1, #1
2000137a:	185b      	adds	r3, r3, r1
2000137c:	3b03      	subs	r3, #3
2000137e:	6804      	ldr	r4, [r0, #0]
20001380:	46a4      	mov	ip, r4
20001382:	4463      	add	r3, ip
20001384:	2900      	cmp	r1, #0
20001386:	d019      	beq.n	200013bc <ph_add_child_node+0x50>
20001388:	2a00      	cmp	r2, #0
2000138a:	d01d      	beq.n	200013c8 <ph_add_child_node+0x5c>
2000138c:	4291      	cmp	r1, r2
2000138e:	d021      	beq.n	200013d4 <ph_add_child_node+0x68>
20001390:	2a00      	cmp	r2, #0
20001392:	d025      	beq.n	200013e0 <ph_add_child_node+0x74>
20001394:	7b04      	ldrb	r4, [r0, #12]
20001396:	42a2      	cmp	r2, r4
20001398:	d822      	bhi.n	200013e0 <ph_add_child_node+0x74>
2000139a:	6804      	ldr	r4, [r0, #0]
2000139c:	0050      	lsls	r0, r2, #1
2000139e:	1880      	adds	r0, r0, r2
200013a0:	3803      	subs	r0, #3
200013a2:	1820      	adds	r0, r4, r0
200013a4:	7081      	strb	r1, [r0, #2]
200013a6:	7819      	ldrb	r1, [r3, #0]
200013a8:	2900      	cmp	r1, #0
200013aa:	d11f      	bne.n	200013ec <ph_add_child_node+0x80>
200013ac:	701a      	strb	r2, [r3, #0]
200013ae:	bd10      	pop	{r4, pc}
200013b0:	4b10      	ldr	r3, [pc, #64]	; (200013f4 <ph_add_child_node+0x88>)
200013b2:	4a11      	ldr	r2, [pc, #68]	; (200013f8 <ph_add_child_node+0x8c>)
200013b4:	2168      	movs	r1, #104	; 0x68
200013b6:	4811      	ldr	r0, [pc, #68]	; (200013fc <ph_add_child_node+0x90>)
200013b8:	f001 fb40 	bl	20002a3c <__assert_func>
200013bc:	4b10      	ldr	r3, [pc, #64]	; (20001400 <ph_add_child_node+0x94>)
200013be:	4a11      	ldr	r2, [pc, #68]	; (20001404 <ph_add_child_node+0x98>)
200013c0:	316f      	adds	r1, #111	; 0x6f
200013c2:	480e      	ldr	r0, [pc, #56]	; (200013fc <ph_add_child_node+0x90>)
200013c4:	f001 fb3a 	bl	20002a3c <__assert_func>
200013c8:	4b0f      	ldr	r3, [pc, #60]	; (20001408 <ph_add_child_node+0x9c>)
200013ca:	4a0e      	ldr	r2, [pc, #56]	; (20001404 <ph_add_child_node+0x98>)
200013cc:	2170      	movs	r1, #112	; 0x70
200013ce:	480b      	ldr	r0, [pc, #44]	; (200013fc <ph_add_child_node+0x90>)
200013d0:	f001 fb34 	bl	20002a3c <__assert_func>
200013d4:	4b0d      	ldr	r3, [pc, #52]	; (2000140c <ph_add_child_node+0xa0>)
200013d6:	4a0b      	ldr	r2, [pc, #44]	; (20001404 <ph_add_child_node+0x98>)
200013d8:	2171      	movs	r1, #113	; 0x71
200013da:	4808      	ldr	r0, [pc, #32]	; (200013fc <ph_add_child_node+0x90>)
200013dc:	f001 fb2e 	bl	20002a3c <__assert_func>
200013e0:	4b04      	ldr	r3, [pc, #16]	; (200013f4 <ph_add_child_node+0x88>)
200013e2:	4a05      	ldr	r2, [pc, #20]	; (200013f8 <ph_add_child_node+0x8c>)
200013e4:	2168      	movs	r1, #104	; 0x68
200013e6:	4805      	ldr	r0, [pc, #20]	; (200013fc <ph_add_child_node+0x90>)
200013e8:	f001 fb28 	bl	20002a3c <__assert_func>
200013ec:	7041      	strb	r1, [r0, #1]
200013ee:	701a      	strb	r2, [r3, #0]
200013f0:	e7dd      	b.n	200013ae <ph_add_child_node+0x42>
200013f2:	46c0      	nop			; (mov r8, r8)
200013f4:	200058c8 	.word	0x200058c8
200013f8:	20005b70 	.word	0x20005b70
200013fc:	200058e4 	.word	0x200058e4
20001400:	2000592c 	.word	0x2000592c
20001404:	20005b4c 	.word	0x20005b4c
20001408:	20005938 	.word	0x20005938
2000140c:	20005944 	.word	0x20005944

20001410 <ph_merge_nodes>:
20001410:	b570      	push	{r4, r5, r6, lr}
20001412:	0006      	movs	r6, r0
20001414:	000d      	movs	r5, r1
20001416:	0014      	movs	r4, r2
20001418:	2900      	cmp	r1, #0
2000141a:	d014      	beq.n	20001446 <ph_merge_nodes+0x36>
2000141c:	2a00      	cmp	r2, #0
2000141e:	d014      	beq.n	2000144a <ph_merge_nodes+0x3a>
20001420:	6880      	ldr	r0, [r0, #8]
20001422:	6873      	ldr	r3, [r6, #4]
20001424:	4798      	blx	r3
20001426:	2800      	cmp	r0, #0
20001428:	d006      	beq.n	20001438 <ph_merge_nodes+0x28>
2000142a:	0022      	movs	r2, r4
2000142c:	0029      	movs	r1, r5
2000142e:	0030      	movs	r0, r6
20001430:	f7ff ff9c 	bl	2000136c <ph_add_child_node>
20001434:	0028      	movs	r0, r5
20001436:	e007      	b.n	20001448 <ph_merge_nodes+0x38>
20001438:	002a      	movs	r2, r5
2000143a:	0021      	movs	r1, r4
2000143c:	0030      	movs	r0, r6
2000143e:	f7ff ff95 	bl	2000136c <ph_add_child_node>
20001442:	0020      	movs	r0, r4
20001444:	e000      	b.n	20001448 <ph_merge_nodes+0x38>
20001446:	0010      	movs	r0, r2
20001448:	bd70      	pop	{r4, r5, r6, pc}
2000144a:	0008      	movs	r0, r1
2000144c:	e7fc      	b.n	20001448 <ph_merge_nodes+0x38>
	...

20001450 <add_alarm_under_lock>:
20001450:	b5f0      	push	{r4, r5, r6, r7, lr}
20001452:	b083      	sub	sp, #12
20001454:	0005      	movs	r5, r0
20001456:	9200      	str	r2, [sp, #0]
20001458:	9301      	str	r3, [sp, #4]
2000145a:	ab0a      	add	r3, sp, #40	; 0x28
2000145c:	781c      	ldrb	r4, [r3, #0]
2000145e:	ab0b      	add	r3, sp, #44	; 0x2c
20001460:	781f      	ldrb	r7, [r3, #0]
20001462:	2c00      	cmp	r4, #0
20001464:	d026      	beq.n	200014b4 <add_alarm_under_lock+0x64>
20001466:	6803      	ldr	r3, [r0, #0]
20001468:	7b5a      	ldrb	r2, [r3, #13]
2000146a:	4294      	cmp	r4, r2
2000146c:	d107      	bne.n	2000147e <add_alarm_under_lock+0x2e>
2000146e:	2301      	movs	r3, #1
20001470:	2b00      	cmp	r3, #0
20001472:	d119      	bne.n	200014a8 <add_alarm_under_lock+0x58>
20001474:	2c00      	cmp	r4, #0
20001476:	d13b      	bne.n	200014f0 <add_alarm_under_lock+0xa0>
20001478:	0020      	movs	r0, r4
2000147a:	b003      	add	sp, #12
2000147c:	bdf0      	pop	{r4, r5, r6, r7, pc}
2000147e:	2c00      	cmp	r4, #0
20001480:	d00c      	beq.n	2000149c <add_alarm_under_lock+0x4c>
20001482:	7b1a      	ldrb	r2, [r3, #12]
20001484:	4294      	cmp	r4, r2
20001486:	d809      	bhi.n	2000149c <add_alarm_under_lock+0x4c>
20001488:	681a      	ldr	r2, [r3, #0]
2000148a:	0063      	lsls	r3, r4, #1
2000148c:	191b      	adds	r3, r3, r4
2000148e:	3b03      	subs	r3, #3
20001490:	18d3      	adds	r3, r2, r3
20001492:	789b      	ldrb	r3, [r3, #2]
20001494:	2b00      	cmp	r3, #0
20001496:	d0eb      	beq.n	20001470 <add_alarm_under_lock+0x20>
20001498:	2301      	movs	r3, #1
2000149a:	e7e9      	b.n	20001470 <add_alarm_under_lock+0x20>
2000149c:	4b3e      	ldr	r3, [pc, #248]	; (20001598 <add_alarm_under_lock+0x148>)
2000149e:	4a3f      	ldr	r2, [pc, #252]	; (2000159c <add_alarm_under_lock+0x14c>)
200014a0:	2168      	movs	r1, #104	; 0x68
200014a2:	483f      	ldr	r0, [pc, #252]	; (200015a0 <add_alarm_under_lock+0x150>)
200014a4:	f001 faca 	bl	20002a3c <__assert_func>
200014a8:	4b3e      	ldr	r3, [pc, #248]	; (200015a4 <add_alarm_under_lock+0x154>)
200014aa:	4a3f      	ldr	r2, [pc, #252]	; (200015a8 <add_alarm_under_lock+0x158>)
200014ac:	2167      	movs	r1, #103	; 0x67
200014ae:	483f      	ldr	r0, [pc, #252]	; (200015ac <add_alarm_under_lock+0x15c>)
200014b0:	f001 fac4 	bl	20002a3c <__assert_func>
200014b4:	6803      	ldr	r3, [r0, #0]
200014b6:	7b9c      	ldrb	r4, [r3, #14]
200014b8:	2c00      	cmp	r4, #0
200014ba:	d0db      	beq.n	20001474 <add_alarm_under_lock+0x24>
200014bc:	d012      	beq.n	200014e4 <add_alarm_under_lock+0x94>
200014be:	7b1a      	ldrb	r2, [r3, #12]
200014c0:	4294      	cmp	r4, r2
200014c2:	d80f      	bhi.n	200014e4 <add_alarm_under_lock+0x94>
200014c4:	0062      	lsls	r2, r4, #1
200014c6:	1912      	adds	r2, r2, r4
200014c8:	3a03      	subs	r2, #3
200014ca:	6819      	ldr	r1, [r3, #0]
200014cc:	468c      	mov	ip, r1
200014ce:	4462      	add	r2, ip
200014d0:	7851      	ldrb	r1, [r2, #1]
200014d2:	7399      	strb	r1, [r3, #14]
200014d4:	2900      	cmp	r1, #0
200014d6:	d100      	bne.n	200014da <add_alarm_under_lock+0x8a>
200014d8:	73d9      	strb	r1, [r3, #15]
200014da:	2300      	movs	r3, #0
200014dc:	7093      	strb	r3, [r2, #2]
200014de:	7053      	strb	r3, [r2, #1]
200014e0:	7013      	strb	r3, [r2, #0]
200014e2:	e7c7      	b.n	20001474 <add_alarm_under_lock+0x24>
200014e4:	4b2c      	ldr	r3, [pc, #176]	; (20001598 <add_alarm_under_lock+0x148>)
200014e6:	4a2d      	ldr	r2, [pc, #180]	; (2000159c <add_alarm_under_lock+0x14c>)
200014e8:	2168      	movs	r1, #104	; 0x68
200014ea:	482d      	ldr	r0, [pc, #180]	; (200015a0 <add_alarm_under_lock+0x150>)
200014ec:	f001 faa6 	bl	20002a3c <__assert_func>
200014f0:	2c00      	cmp	r4, #0
200014f2:	d03a      	beq.n	2000156a <add_alarm_under_lock+0x11a>
200014f4:	682b      	ldr	r3, [r5, #0]
200014f6:	7b1b      	ldrb	r3, [r3, #12]
200014f8:	429c      	cmp	r4, r3
200014fa:	d836      	bhi.n	2000156a <add_alarm_under_lock+0x11a>
200014fc:	4b2c      	ldr	r3, [pc, #176]	; (200015b0 <add_alarm_under_lock+0x160>)
200014fe:	18e3      	adds	r3, r4, r3
20001500:	011b      	lsls	r3, r3, #4
20001502:	68aa      	ldr	r2, [r5, #8]
20001504:	4694      	mov	ip, r2
20001506:	4463      	add	r3, ip
20001508:	9a00      	ldr	r2, [sp, #0]
2000150a:	601a      	str	r2, [r3, #0]
2000150c:	9a01      	ldr	r2, [sp, #4]
2000150e:	605a      	str	r2, [r3, #4]
20001510:	9a08      	ldr	r2, [sp, #32]
20001512:	609a      	str	r2, [r3, #8]
20001514:	9a09      	ldr	r2, [sp, #36]	; 0x24
20001516:	60da      	str	r2, [r3, #12]
20001518:	682e      	ldr	r6, [r5, #0]
2000151a:	2c00      	cmp	r4, #0
2000151c:	d02b      	beq.n	20001576 <add_alarm_under_lock+0x126>
2000151e:	d030      	beq.n	20001582 <add_alarm_under_lock+0x132>
20001520:	7b33      	ldrb	r3, [r6, #12]
20001522:	429c      	cmp	r4, r3
20001524:	d82d      	bhi.n	20001582 <add_alarm_under_lock+0x132>
20001526:	0063      	lsls	r3, r4, #1
20001528:	191b      	adds	r3, r3, r4
2000152a:	3b03      	subs	r3, #3
2000152c:	6832      	ldr	r2, [r6, #0]
2000152e:	4694      	mov	ip, r2
20001530:	4463      	add	r3, ip
20001532:	2200      	movs	r2, #0
20001534:	709a      	strb	r2, [r3, #2]
20001536:	705a      	strb	r2, [r3, #1]
20001538:	701a      	strb	r2, [r3, #0]
2000153a:	7b71      	ldrb	r1, [r6, #13]
2000153c:	0022      	movs	r2, r4
2000153e:	0030      	movs	r0, r6
20001540:	f7ff ff66 	bl	20001410 <ph_merge_nodes>
20001544:	7370      	strb	r0, [r6, #13]
20001546:	4284      	cmp	r4, r0
20001548:	d000      	beq.n	2000154c <add_alarm_under_lock+0xfc>
2000154a:	e795      	b.n	20001478 <add_alarm_under_lock+0x28>
2000154c:	7d28      	ldrb	r0, [r5, #20]
2000154e:	9a00      	ldr	r2, [sp, #0]
20001550:	9b01      	ldr	r3, [sp, #4]
20001552:	f000 fd1b 	bl	20001f8c <hardware_alarm_set_target>
20001556:	1e06      	subs	r6, r0, #0
20001558:	d001      	beq.n	2000155e <add_alarm_under_lock+0x10e>
2000155a:	2f00      	cmp	r7, #0
2000155c:	d017      	beq.n	2000158e <add_alarm_under_lock+0x13e>
2000155e:	9b0c      	ldr	r3, [sp, #48]	; 0x30
20001560:	2b00      	cmp	r3, #0
20001562:	d100      	bne.n	20001566 <add_alarm_under_lock+0x116>
20001564:	e788      	b.n	20001478 <add_alarm_under_lock+0x28>
20001566:	701e      	strb	r6, [r3, #0]
20001568:	e786      	b.n	20001478 <add_alarm_under_lock+0x28>
2000156a:	4b12      	ldr	r3, [pc, #72]	; (200015b4 <add_alarm_under_lock+0x164>)
2000156c:	4a12      	ldr	r2, [pc, #72]	; (200015b8 <add_alarm_under_lock+0x168>)
2000156e:	213c      	movs	r1, #60	; 0x3c
20001570:	480e      	ldr	r0, [pc, #56]	; (200015ac <add_alarm_under_lock+0x15c>)
20001572:	f001 fa63 	bl	20002a3c <__assert_func>
20001576:	4b11      	ldr	r3, [pc, #68]	; (200015bc <add_alarm_under_lock+0x16c>)
20001578:	4a11      	ldr	r2, [pc, #68]	; (200015c0 <add_alarm_under_lock+0x170>)
2000157a:	21a5      	movs	r1, #165	; 0xa5
2000157c:	4808      	ldr	r0, [pc, #32]	; (200015a0 <add_alarm_under_lock+0x150>)
2000157e:	f001 fa5d 	bl	20002a3c <__assert_func>
20001582:	4b05      	ldr	r3, [pc, #20]	; (20001598 <add_alarm_under_lock+0x148>)
20001584:	4a05      	ldr	r2, [pc, #20]	; (2000159c <add_alarm_under_lock+0x14c>)
20001586:	2168      	movs	r1, #104	; 0x68
20001588:	4805      	ldr	r0, [pc, #20]	; (200015a0 <add_alarm_under_lock+0x150>)
2000158a:	f001 fa57 	bl	20002a3c <__assert_func>
2000158e:	6828      	ldr	r0, [r5, #0]
20001590:	0021      	movs	r1, r4
20001592:	f000 ff33 	bl	200023fc <ph_remove_and_free_node>
20001596:	e7e2      	b.n	2000155e <add_alarm_under_lock+0x10e>
20001598:	200058c8 	.word	0x200058c8
2000159c:	20005b70 	.word	0x20005b70
200015a0:	200058e4 	.word	0x200058e4
200015a4:	2000595c 	.word	0x2000595c
200015a8:	20005b7c 	.word	0x20005b7c
200015ac:	20005870 	.word	0x20005870
200015b0:	0fffffff 	.word	0x0fffffff
200015b4:	200058a4 	.word	0x200058a4
200015b8:	20005b04 	.word	0x20005b04
200015bc:	2000586c 	.word	0x2000586c
200015c0:	20005b60 	.word	0x20005b60

200015c4 <alarm_pool_alarm_callback>:
200015c4:	b5f0      	push	{r4, r5, r6, r7, lr}
200015c6:	46de      	mov	lr, fp
200015c8:	4657      	mov	r7, sl
200015ca:	464e      	mov	r6, r9
200015cc:	4645      	mov	r5, r8
200015ce:	b5e0      	push	{r5, r6, r7, lr}
200015d0:	b08b      	sub	sp, #44	; 0x2c
200015d2:	9009      	str	r0, [sp, #36]	; 0x24
200015d4:	2300      	movs	r3, #0
200015d6:	9308      	str	r3, [sp, #32]
200015d8:	0082      	lsls	r2, r0, #2
200015da:	4bb5      	ldr	r3, [pc, #724]	; (200018b0 <alarm_pool_alarm_callback+0x2ec>)
200015dc:	58d6      	ldr	r6, [r2, r3]
200015de:	0037      	movs	r7, r6
200015e0:	e052      	b.n	20001688 <alarm_pool_alarm_callback+0xc4>
200015e2:	4bb4      	ldr	r3, [pc, #720]	; (200018b4 <alarm_pool_alarm_callback+0x2f0>)
200015e4:	4ab4      	ldr	r2, [pc, #720]	; (200018b8 <alarm_pool_alarm_callback+0x2f4>)
200015e6:	213f      	movs	r1, #63	; 0x3f
200015e8:	48b4      	ldr	r0, [pc, #720]	; (200018bc <alarm_pool_alarm_callback+0x2f8>)
200015ea:	f001 fa27 	bl	20002a3c <__assert_func>
200015ee:	4bb4      	ldr	r3, [pc, #720]	; (200018c0 <alarm_pool_alarm_callback+0x2fc>)
200015f0:	4ab4      	ldr	r2, [pc, #720]	; (200018c4 <alarm_pool_alarm_callback+0x300>)
200015f2:	213c      	movs	r1, #60	; 0x3c
200015f4:	48b4      	ldr	r0, [pc, #720]	; (200018c8 <alarm_pool_alarm_callback+0x304>)
200015f6:	f001 fa21 	bl	20002a3c <__assert_func>
200015fa:	2900      	cmp	r1, #0
200015fc:	d101      	bne.n	20001602 <alarm_pool_alarm_callback+0x3e>
200015fe:	2800      	cmp	r0, #0
20001600:	d169      	bne.n	200016d6 <alarm_pool_alarm_callback+0x112>
20001602:	2100      	movs	r1, #0
20001604:	4640      	mov	r0, r8
20001606:	f000 feef 	bl	200023e8 <ph_remove_head>
2000160a:	42a0      	cmp	r0, r4
2000160c:	d119      	bne.n	20001642 <alarm_pool_alarm_callback+0x7e>
2000160e:	682a      	ldr	r2, [r5, #0]
20001610:	686b      	ldr	r3, [r5, #4]
20001612:	9206      	str	r2, [sp, #24]
20001614:	9307      	str	r3, [sp, #28]
20001616:	68ab      	ldr	r3, [r5, #8]
20001618:	4698      	mov	r8, r3
2000161a:	68eb      	ldr	r3, [r5, #12]
2000161c:	469a      	mov	sl, r3
2000161e:	4643      	mov	r3, r8
20001620:	2b00      	cmp	r3, #0
20001622:	d014      	beq.n	2000164e <alarm_pool_alarm_callback+0x8a>
20001624:	2c00      	cmp	r4, #0
20001626:	d018      	beq.n	2000165a <alarm_pool_alarm_callback+0x96>
20001628:	683b      	ldr	r3, [r7, #0]
2000162a:	7b1b      	ldrb	r3, [r3, #12]
2000162c:	429c      	cmp	r4, r3
2000162e:	d814      	bhi.n	2000165a <alarm_pool_alarm_callback+0x96>
20001630:	1e63      	subs	r3, r4, #1
20001632:	68fa      	ldr	r2, [r7, #12]
20001634:	5cd3      	ldrb	r3, [r2, r3]
20001636:	9308      	str	r3, [sp, #32]
20001638:	021b      	lsls	r3, r3, #8
2000163a:	4318      	orrs	r0, r3
2000163c:	6138      	str	r0, [r7, #16]
2000163e:	2000      	movs	r0, #0
20001640:	e015      	b.n	2000166e <alarm_pool_alarm_callback+0xaa>
20001642:	4ba2      	ldr	r3, [pc, #648]	; (200018cc <alarm_pool_alarm_callback+0x308>)
20001644:	4aa2      	ldr	r2, [pc, #648]	; (200018d0 <alarm_pool_alarm_callback+0x30c>)
20001646:	218e      	movs	r1, #142	; 0x8e
20001648:	489f      	ldr	r0, [pc, #636]	; (200018c8 <alarm_pool_alarm_callback+0x304>)
2000164a:	f001 f9f7 	bl	20002a3c <__assert_func>
2000164e:	4ba1      	ldr	r3, [pc, #644]	; (200018d4 <alarm_pool_alarm_callback+0x310>)
20001650:	4a9f      	ldr	r2, [pc, #636]	; (200018d0 <alarm_pool_alarm_callback+0x30c>)
20001652:	2192      	movs	r1, #146	; 0x92
20001654:	489c      	ldr	r0, [pc, #624]	; (200018c8 <alarm_pool_alarm_callback+0x304>)
20001656:	f001 f9f1 	bl	20002a3c <__assert_func>
2000165a:	4b99      	ldr	r3, [pc, #612]	; (200018c0 <alarm_pool_alarm_callback+0x2fc>)
2000165c:	4a9e      	ldr	r2, [pc, #632]	; (200018d8 <alarm_pool_alarm_callback+0x314>)
2000165e:	2141      	movs	r1, #65	; 0x41
20001660:	4899      	ldr	r0, [pc, #612]	; (200018c8 <alarm_pool_alarm_callback+0x304>)
20001662:	f001 f9eb 	bl	20002a3c <__assert_func>
20001666:	2300      	movs	r3, #0
20001668:	469a      	mov	sl, r3
2000166a:	4698      	mov	r8, r3
2000166c:	2000      	movs	r0, #0
2000166e:	687b      	ldr	r3, [r7, #4]
20001670:	f3bf 8f5f 	dmb	sy
20001674:	2200      	movs	r2, #0
20001676:	601a      	str	r2, [r3, #0]
20001678:	f386 8810 	msr	PRIMASK, r6
2000167c:	4643      	mov	r3, r8
2000167e:	2b00      	cmp	r3, #0
20001680:	d132      	bne.n	200016e8 <alarm_pool_alarm_callback+0x124>
20001682:	2800      	cmp	r0, #0
20001684:	d100      	bne.n	20001688 <alarm_pool_alarm_callback+0xc4>
20001686:	e10c      	b.n	200018a2 <alarm_pool_alarm_callback+0x2de>
20001688:	f000 fbf4 	bl	20001e74 <time_us_64>
2000168c:	0002      	movs	r2, r0
2000168e:	1e0b      	subs	r3, r1, #0
20001690:	dba7      	blt.n	200015e2 <alarm_pool_alarm_callback+0x1e>
20001692:	2000      	movs	r0, #0
20001694:	2100      	movs	r1, #0
20001696:	9006      	str	r0, [sp, #24]
20001698:	9107      	str	r1, [sp, #28]
2000169a:	6878      	ldr	r0, [r7, #4]
2000169c:	f3ef 8610 	mrs	r6, PRIMASK
200016a0:	b672      	cpsid	i
200016a2:	6801      	ldr	r1, [r0, #0]
200016a4:	2900      	cmp	r1, #0
200016a6:	d0fc      	beq.n	200016a2 <alarm_pool_alarm_callback+0xde>
200016a8:	f3bf 8f5f 	dmb	sy
200016ac:	6839      	ldr	r1, [r7, #0]
200016ae:	4688      	mov	r8, r1
200016b0:	7b4c      	ldrb	r4, [r1, #13]
200016b2:	2c00      	cmp	r4, #0
200016b4:	d0d7      	beq.n	20001666 <alarm_pool_alarm_callback+0xa2>
200016b6:	d09a      	beq.n	200015ee <alarm_pool_alarm_callback+0x2a>
200016b8:	7b09      	ldrb	r1, [r1, #12]
200016ba:	428c      	cmp	r4, r1
200016bc:	d897      	bhi.n	200015ee <alarm_pool_alarm_callback+0x2a>
200016be:	4987      	ldr	r1, [pc, #540]	; (200018dc <alarm_pool_alarm_callback+0x318>)
200016c0:	1865      	adds	r5, r4, r1
200016c2:	012d      	lsls	r5, r5, #4
200016c4:	68b9      	ldr	r1, [r7, #8]
200016c6:	468c      	mov	ip, r1
200016c8:	4465      	add	r5, ip
200016ca:	6828      	ldr	r0, [r5, #0]
200016cc:	6869      	ldr	r1, [r5, #4]
200016ce:	1a80      	subs	r0, r0, r2
200016d0:	4199      	sbcs	r1, r3
200016d2:	2900      	cmp	r1, #0
200016d4:	dd91      	ble.n	200015fa <alarm_pool_alarm_callback+0x36>
200016d6:	682a      	ldr	r2, [r5, #0]
200016d8:	686b      	ldr	r3, [r5, #4]
200016da:	9809      	ldr	r0, [sp, #36]	; 0x24
200016dc:	f000 fc56 	bl	20001f8c <hardware_alarm_set_target>
200016e0:	2300      	movs	r3, #0
200016e2:	469a      	mov	sl, r3
200016e4:	4698      	mov	r8, r3
200016e6:	e7c2      	b.n	2000166e <alarm_pool_alarm_callback+0xaa>
200016e8:	9b08      	ldr	r3, [sp, #32]
200016ea:	021b      	lsls	r3, r3, #8
200016ec:	4323      	orrs	r3, r4
200016ee:	4699      	mov	r9, r3
200016f0:	4651      	mov	r1, sl
200016f2:	0018      	movs	r0, r3
200016f4:	47c0      	blx	r8
200016f6:	0005      	movs	r5, r0
200016f8:	000e      	movs	r6, r1
200016fa:	687a      	ldr	r2, [r7, #4]
200016fc:	f3ef 8b10 	mrs	fp, PRIMASK
20001700:	b672      	cpsid	i
20001702:	6813      	ldr	r3, [r2, #0]
20001704:	4259      	negs	r1, r3
20001706:	414b      	adcs	r3, r1
20001708:	b2d9      	uxtb	r1, r3
2000170a:	2b00      	cmp	r3, #0
2000170c:	d1f9      	bne.n	20001702 <alarm_pool_alarm_callback+0x13e>
2000170e:	f3bf 8f5f 	dmb	sy
20001712:	2e00      	cmp	r6, #0
20001714:	db1e      	blt.n	20001754 <alarm_pool_alarm_callback+0x190>
20001716:	2e00      	cmp	r6, #0
20001718:	dd46      	ble.n	200017a8 <alarm_pool_alarm_callback+0x1e4>
2000171a:	693b      	ldr	r3, [r7, #16]
2000171c:	2b00      	cmp	r3, #0
2000171e:	d047      	beq.n	200017b0 <alarm_pool_alarm_callback+0x1ec>
20001720:	454b      	cmp	r3, r9
20001722:	d16d      	bne.n	20001800 <alarm_pool_alarm_callback+0x23c>
20001724:	f000 fba6 	bl	20001e74 <time_us_64>
20001728:	0002      	movs	r2, r0
2000172a:	1e0b      	subs	r3, r1, #0
2000172c:	db6e      	blt.n	2000180c <alarm_pool_alarm_callback+0x248>
2000172e:	1952      	adds	r2, r2, r5
20001730:	4173      	adcs	r3, r6
20001732:	2b00      	cmp	r3, #0
20001734:	db70      	blt.n	20001818 <alarm_pool_alarm_callback+0x254>
20001736:	2b00      	cmp	r3, #0
20001738:	db72      	blt.n	20001820 <alarm_pool_alarm_callback+0x25c>
2000173a:	2100      	movs	r1, #0
2000173c:	9104      	str	r1, [sp, #16]
2000173e:	3101      	adds	r1, #1
20001740:	9103      	str	r1, [sp, #12]
20001742:	9402      	str	r4, [sp, #8]
20001744:	4651      	mov	r1, sl
20001746:	9101      	str	r1, [sp, #4]
20001748:	4641      	mov	r1, r8
2000174a:	9100      	str	r1, [sp, #0]
2000174c:	0038      	movs	r0, r7
2000174e:	f7ff fe7f 	bl	20001450 <add_alarm_under_lock>
20001752:	e04c      	b.n	200017ee <alarm_pool_alarm_callback+0x22a>
20001754:	693b      	ldr	r3, [r7, #16]
20001756:	2b00      	cmp	r3, #0
20001758:	d0dd      	beq.n	20001716 <alarm_pool_alarm_callback+0x152>
2000175a:	454b      	cmp	r3, r9
2000175c:	d114      	bne.n	20001788 <alarm_pool_alarm_callback+0x1c4>
2000175e:	9a06      	ldr	r2, [sp, #24]
20001760:	9b07      	ldr	r3, [sp, #28]
20001762:	1b52      	subs	r2, r2, r5
20001764:	41b3      	sbcs	r3, r6
20001766:	2b00      	cmp	r3, #0
20001768:	db14      	blt.n	20001794 <alarm_pool_alarm_callback+0x1d0>
2000176a:	2b00      	cmp	r3, #0
2000176c:	db16      	blt.n	2000179c <alarm_pool_alarm_callback+0x1d8>
2000176e:	2100      	movs	r1, #0
20001770:	9104      	str	r1, [sp, #16]
20001772:	3101      	adds	r1, #1
20001774:	9103      	str	r1, [sp, #12]
20001776:	9402      	str	r4, [sp, #8]
20001778:	4651      	mov	r1, sl
2000177a:	9101      	str	r1, [sp, #4]
2000177c:	4641      	mov	r1, r8
2000177e:	9100      	str	r1, [sp, #0]
20001780:	0038      	movs	r0, r7
20001782:	f7ff fe65 	bl	20001450 <add_alarm_under_lock>
20001786:	e032      	b.n	200017ee <alarm_pool_alarm_callback+0x22a>
20001788:	4b55      	ldr	r3, [pc, #340]	; (200018e0 <alarm_pool_alarm_callback+0x31c>)
2000178a:	4a51      	ldr	r2, [pc, #324]	; (200018d0 <alarm_pool_alarm_callback+0x30c>)
2000178c:	21a1      	movs	r1, #161	; 0xa1
2000178e:	484e      	ldr	r0, [pc, #312]	; (200018c8 <alarm_pool_alarm_callback+0x304>)
20001790:	f001 f954 	bl	20002a3c <__assert_func>
20001794:	2201      	movs	r2, #1
20001796:	4252      	negs	r2, r2
20001798:	4b52      	ldr	r3, [pc, #328]	; (200018e4 <alarm_pool_alarm_callback+0x320>)
2000179a:	e7e6      	b.n	2000176a <alarm_pool_alarm_callback+0x1a6>
2000179c:	4b45      	ldr	r3, [pc, #276]	; (200018b4 <alarm_pool_alarm_callback+0x2f0>)
2000179e:	4a46      	ldr	r2, [pc, #280]	; (200018b8 <alarm_pool_alarm_callback+0x2f4>)
200017a0:	213f      	movs	r1, #63	; 0x3f
200017a2:	4846      	ldr	r0, [pc, #280]	; (200018bc <alarm_pool_alarm_callback+0x2f8>)
200017a4:	f001 f94a 	bl	20002a3c <__assert_func>
200017a8:	2e00      	cmp	r6, #0
200017aa:	d101      	bne.n	200017b0 <alarm_pool_alarm_callback+0x1ec>
200017ac:	2d00      	cmp	r5, #0
200017ae:	d1b4      	bne.n	2000171a <alarm_pool_alarm_callback+0x156>
200017b0:	683b      	ldr	r3, [r7, #0]
200017b2:	2c00      	cmp	r4, #0
200017b4:	d050      	beq.n	20001858 <alarm_pool_alarm_callback+0x294>
200017b6:	7b5a      	ldrb	r2, [r3, #13]
200017b8:	4294      	cmp	r4, r2
200017ba:	d137      	bne.n	2000182c <alarm_pool_alarm_callback+0x268>
200017bc:	2101      	movs	r1, #1
200017be:	2900      	cmp	r1, #0
200017c0:	d14a      	bne.n	20001858 <alarm_pool_alarm_callback+0x294>
200017c2:	7bda      	ldrb	r2, [r3, #15]
200017c4:	2a00      	cmp	r2, #0
200017c6:	d14d      	bne.n	20001864 <alarm_pool_alarm_callback+0x2a0>
200017c8:	7b9a      	ldrb	r2, [r3, #14]
200017ca:	2a00      	cmp	r2, #0
200017cc:	d103      	bne.n	200017d6 <alarm_pool_alarm_callback+0x212>
200017ce:	7bda      	ldrb	r2, [r3, #15]
200017d0:	2a00      	cmp	r2, #0
200017d2:	d15a      	bne.n	2000188a <alarm_pool_alarm_callback+0x2c6>
200017d4:	739c      	strb	r4, [r3, #14]
200017d6:	73dc      	strb	r4, [r3, #15]
200017d8:	2c00      	cmp	r4, #0
200017da:	d05c      	beq.n	20001896 <alarm_pool_alarm_callback+0x2d2>
200017dc:	683b      	ldr	r3, [r7, #0]
200017de:	7b1b      	ldrb	r3, [r3, #12]
200017e0:	429c      	cmp	r4, r3
200017e2:	d858      	bhi.n	20001896 <alarm_pool_alarm_callback+0x2d2>
200017e4:	68fa      	ldr	r2, [r7, #12]
200017e6:	3c01      	subs	r4, #1
200017e8:	5d13      	ldrb	r3, [r2, r4]
200017ea:	3301      	adds	r3, #1
200017ec:	5513      	strb	r3, [r2, r4]
200017ee:	2300      	movs	r3, #0
200017f0:	613b      	str	r3, [r7, #16]
200017f2:	687a      	ldr	r2, [r7, #4]
200017f4:	f3bf 8f5f 	dmb	sy
200017f8:	6013      	str	r3, [r2, #0]
200017fa:	f38b 8810 	msr	PRIMASK, fp
200017fe:	e743      	b.n	20001688 <alarm_pool_alarm_callback+0xc4>
20001800:	4b37      	ldr	r3, [pc, #220]	; (200018e0 <alarm_pool_alarm_callback+0x31c>)
20001802:	4a33      	ldr	r2, [pc, #204]	; (200018d0 <alarm_pool_alarm_callback+0x30c>)
20001804:	21a4      	movs	r1, #164	; 0xa4
20001806:	4830      	ldr	r0, [pc, #192]	; (200018c8 <alarm_pool_alarm_callback+0x304>)
20001808:	f001 f918 	bl	20002a3c <__assert_func>
2000180c:	4b29      	ldr	r3, [pc, #164]	; (200018b4 <alarm_pool_alarm_callback+0x2f0>)
2000180e:	4a2a      	ldr	r2, [pc, #168]	; (200018b8 <alarm_pool_alarm_callback+0x2f4>)
20001810:	213f      	movs	r1, #63	; 0x3f
20001812:	482a      	ldr	r0, [pc, #168]	; (200018bc <alarm_pool_alarm_callback+0x2f8>)
20001814:	f001 f912 	bl	20002a3c <__assert_func>
20001818:	2201      	movs	r2, #1
2000181a:	4252      	negs	r2, r2
2000181c:	4b31      	ldr	r3, [pc, #196]	; (200018e4 <alarm_pool_alarm_callback+0x320>)
2000181e:	e78a      	b.n	20001736 <alarm_pool_alarm_callback+0x172>
20001820:	4b24      	ldr	r3, [pc, #144]	; (200018b4 <alarm_pool_alarm_callback+0x2f0>)
20001822:	4a25      	ldr	r2, [pc, #148]	; (200018b8 <alarm_pool_alarm_callback+0x2f4>)
20001824:	213f      	movs	r1, #63	; 0x3f
20001826:	4825      	ldr	r0, [pc, #148]	; (200018bc <alarm_pool_alarm_callback+0x2f8>)
20001828:	f001 f908 	bl	20002a3c <__assert_func>
2000182c:	2c00      	cmp	r4, #0
2000182e:	d00d      	beq.n	2000184c <alarm_pool_alarm_callback+0x288>
20001830:	7b1a      	ldrb	r2, [r3, #12]
20001832:	4294      	cmp	r4, r2
20001834:	d80a      	bhi.n	2000184c <alarm_pool_alarm_callback+0x288>
20001836:	0062      	lsls	r2, r4, #1
20001838:	1912      	adds	r2, r2, r4
2000183a:	3a03      	subs	r2, #3
2000183c:	6818      	ldr	r0, [r3, #0]
2000183e:	4684      	mov	ip, r0
20001840:	4462      	add	r2, ip
20001842:	7892      	ldrb	r2, [r2, #2]
20001844:	2a00      	cmp	r2, #0
20001846:	d0ba      	beq.n	200017be <alarm_pool_alarm_callback+0x1fa>
20001848:	2101      	movs	r1, #1
2000184a:	e7b8      	b.n	200017be <alarm_pool_alarm_callback+0x1fa>
2000184c:	4b26      	ldr	r3, [pc, #152]	; (200018e8 <alarm_pool_alarm_callback+0x324>)
2000184e:	4a27      	ldr	r2, [pc, #156]	; (200018ec <alarm_pool_alarm_callback+0x328>)
20001850:	2168      	movs	r1, #104	; 0x68
20001852:	4827      	ldr	r0, [pc, #156]	; (200018f0 <alarm_pool_alarm_callback+0x32c>)
20001854:	f001 f8f2 	bl	20002a3c <__assert_func>
20001858:	4b26      	ldr	r3, [pc, #152]	; (200018f4 <alarm_pool_alarm_callback+0x330>)
2000185a:	4a27      	ldr	r2, [pc, #156]	; (200018f8 <alarm_pool_alarm_callback+0x334>)
2000185c:	21f6      	movs	r1, #246	; 0xf6
2000185e:	4824      	ldr	r0, [pc, #144]	; (200018f0 <alarm_pool_alarm_callback+0x32c>)
20001860:	f001 f8ec 	bl	20002a3c <__assert_func>
20001864:	2a00      	cmp	r2, #0
20001866:	d00a      	beq.n	2000187e <alarm_pool_alarm_callback+0x2ba>
20001868:	7b19      	ldrb	r1, [r3, #12]
2000186a:	428a      	cmp	r2, r1
2000186c:	d807      	bhi.n	2000187e <alarm_pool_alarm_callback+0x2ba>
2000186e:	0051      	lsls	r1, r2, #1
20001870:	188a      	adds	r2, r1, r2
20001872:	3a03      	subs	r2, #3
20001874:	6819      	ldr	r1, [r3, #0]
20001876:	468c      	mov	ip, r1
20001878:	4462      	add	r2, ip
2000187a:	7054      	strb	r4, [r2, #1]
2000187c:	e7a4      	b.n	200017c8 <alarm_pool_alarm_callback+0x204>
2000187e:	4b1a      	ldr	r3, [pc, #104]	; (200018e8 <alarm_pool_alarm_callback+0x324>)
20001880:	4a1a      	ldr	r2, [pc, #104]	; (200018ec <alarm_pool_alarm_callback+0x328>)
20001882:	2168      	movs	r1, #104	; 0x68
20001884:	481a      	ldr	r0, [pc, #104]	; (200018f0 <alarm_pool_alarm_callback+0x32c>)
20001886:	f001 f8d9 	bl	20002a3c <__assert_func>
2000188a:	4b1c      	ldr	r3, [pc, #112]	; (200018fc <alarm_pool_alarm_callback+0x338>)
2000188c:	4a1a      	ldr	r2, [pc, #104]	; (200018f8 <alarm_pool_alarm_callback+0x334>)
2000188e:	21fb      	movs	r1, #251	; 0xfb
20001890:	4817      	ldr	r0, [pc, #92]	; (200018f0 <alarm_pool_alarm_callback+0x32c>)
20001892:	f001 f8d3 	bl	20002a3c <__assert_func>
20001896:	4b0a      	ldr	r3, [pc, #40]	; (200018c0 <alarm_pool_alarm_callback+0x2fc>)
20001898:	4a0f      	ldr	r2, [pc, #60]	; (200018d8 <alarm_pool_alarm_callback+0x314>)
2000189a:	2141      	movs	r1, #65	; 0x41
2000189c:	480a      	ldr	r0, [pc, #40]	; (200018c8 <alarm_pool_alarm_callback+0x304>)
2000189e:	f001 f8cd 	bl	20002a3c <__assert_func>
200018a2:	b00b      	add	sp, #44	; 0x2c
200018a4:	bcf0      	pop	{r4, r5, r6, r7}
200018a6:	46bb      	mov	fp, r7
200018a8:	46b2      	mov	sl, r6
200018aa:	46a9      	mov	r9, r5
200018ac:	46a0      	mov	r8, r4
200018ae:	bdf0      	pop	{r4, r5, r6, r7, pc}
200018b0:	20007914 	.word	0x20007914
200018b4:	200057a0 	.word	0x200057a0
200018b8:	20005ad0 	.word	0x20005ad0
200018bc:	200057bc 	.word	0x200057bc
200018c0:	200058a4 	.word	0x200058a4
200018c4:	20005b04 	.word	0x20005b04
200018c8:	20005870 	.word	0x20005870
200018cc:	20005984 	.word	0x20005984
200018d0:	20005ae8 	.word	0x20005ae8
200018d4:	2000599c 	.word	0x2000599c
200018d8:	20005b28 	.word	0x20005b28
200018dc:	0fffffff 	.word	0x0fffffff
200018e0:	200059a8 	.word	0x200059a8
200018e4:	7fffffff 	.word	0x7fffffff
200018e8:	200058c8 	.word	0x200058c8
200018ec:	20005b70 	.word	0x20005b70
200018f0:	200058e4 	.word	0x200058e4
200018f4:	200059e4 	.word	0x200059e4
200018f8:	20005b3c 	.word	0x20005b3c
200018fc:	20005a08 	.word	0x20005a08

20001900 <alarm_pool_init_default>:
20001900:	b510      	push	{r4, lr}
20001902:	4b0c      	ldr	r3, [pc, #48]	; (20001934 <alarm_pool_init_default+0x34>)
20001904:	685b      	ldr	r3, [r3, #4]
20001906:	2b00      	cmp	r3, #0
20001908:	d004      	beq.n	20001914 <alarm_pool_init_default+0x14>
2000190a:	210a      	movs	r1, #10
2000190c:	480a      	ldr	r0, [pc, #40]	; (20001938 <alarm_pool_init_default+0x38>)
2000190e:	f7ff fc93 	bl	20001238 <lock_init>
20001912:	bd10      	pop	{r4, pc}
20001914:	4c07      	ldr	r4, [pc, #28]	; (20001934 <alarm_pool_init_default+0x34>)
20001916:	0023      	movs	r3, r4
20001918:	4a08      	ldr	r2, [pc, #32]	; (2000193c <alarm_pool_init_default+0x3c>)
2000191a:	2110      	movs	r1, #16
2000191c:	6820      	ldr	r0, [r4, #0]
2000191e:	f000 fc73 	bl	20002208 <ph_post_alloc_init>
20001922:	2003      	movs	r0, #3
20001924:	f000 fa9a 	bl	20001e5c <hardware_alarm_claim>
20001928:	2103      	movs	r1, #3
2000192a:	0020      	movs	r0, r4
2000192c:	f7ff fca8 	bl	20001280 <alarm_pool_post_alloc_init>
20001930:	e7eb      	b.n	2000190a <alarm_pool_init_default+0xa>
20001932:	46c0      	nop			; (mov r8, r8)
20001934:	200065f0 	.word	0x200065f0
20001938:	20007b30 	.word	0x20007b30
2000193c:	200012f1 	.word	0x200012f1

20001940 <alarm_pool_get_default>:
20001940:	b510      	push	{r4, lr}
20001942:	4b06      	ldr	r3, [pc, #24]	; (2000195c <alarm_pool_get_default+0x1c>)
20001944:	685b      	ldr	r3, [r3, #4]
20001946:	2b00      	cmp	r3, #0
20001948:	d001      	beq.n	2000194e <alarm_pool_get_default+0xe>
2000194a:	4804      	ldr	r0, [pc, #16]	; (2000195c <alarm_pool_get_default+0x1c>)
2000194c:	bd10      	pop	{r4, pc}
2000194e:	4b04      	ldr	r3, [pc, #16]	; (20001960 <alarm_pool_get_default+0x20>)
20001950:	4a04      	ldr	r2, [pc, #16]	; (20001964 <alarm_pool_get_default+0x24>)
20001952:	215e      	movs	r1, #94	; 0x5e
20001954:	4804      	ldr	r0, [pc, #16]	; (20001968 <alarm_pool_get_default+0x28>)
20001956:	f001 f871 	bl	20002a3c <__assert_func>
2000195a:	46c0      	nop			; (mov r8, r8)
2000195c:	200065f0 	.word	0x200065f0
20001960:	20005a1c 	.word	0x20005a1c
20001964:	20005b10 	.word	0x20005b10
20001968:	20005870 	.word	0x20005870

2000196c <alarm_pool_add_alarm_at>:
2000196c:	b5f0      	push	{r4, r5, r6, r7, lr}
2000196e:	46de      	mov	lr, fp
20001970:	4657      	mov	r7, sl
20001972:	464e      	mov	r6, r9
20001974:	4645      	mov	r5, r8
20001976:	b5e0      	push	{r5, r6, r7, lr}
20001978:	b08b      	sub	sp, #44	; 0x2c
2000197a:	4680      	mov	r8, r0
2000197c:	0016      	movs	r6, r2
2000197e:	001f      	movs	r7, r3
20001980:	9b14      	ldr	r3, [sp, #80]	; 0x50
20001982:	469a      	mov	sl, r3
20001984:	9b15      	ldr	r3, [sp, #84]	; 0x54
20001986:	4699      	mov	r9, r3
20001988:	ab16      	add	r3, sp, #88	; 0x58
2000198a:	781b      	ldrb	r3, [r3, #0]
2000198c:	469b      	mov	fp, r3
2000198e:	231f      	movs	r3, #31
20001990:	aa02      	add	r2, sp, #8
20001992:	4694      	mov	ip, r2
20001994:	4463      	add	r3, ip
20001996:	2200      	movs	r2, #0
20001998:	701a      	strb	r2, [r3, #0]
2000199a:	e02b      	b.n	200019f4 <alarm_pool_add_alarm_at+0x88>
2000199c:	2800      	cmp	r0, #0
2000199e:	d009      	beq.n	200019b4 <alarm_pool_add_alarm_at+0x48>
200019a0:	4642      	mov	r2, r8
200019a2:	6812      	ldr	r2, [r2, #0]
200019a4:	7b12      	ldrb	r2, [r2, #12]
200019a6:	4290      	cmp	r0, r2
200019a8:	d804      	bhi.n	200019b4 <alarm_pool_add_alarm_at+0x48>
200019aa:	1e42      	subs	r2, r0, #1
200019ac:	4641      	mov	r1, r8
200019ae:	68c9      	ldr	r1, [r1, #12]
200019b0:	5c8a      	ldrb	r2, [r1, r2]
200019b2:	e041      	b.n	20001a38 <alarm_pool_add_alarm_at+0xcc>
200019b4:	4b40      	ldr	r3, [pc, #256]	; (20001ab8 <alarm_pool_add_alarm_at+0x14c>)
200019b6:	4a41      	ldr	r2, [pc, #260]	; (20001abc <alarm_pool_add_alarm_at+0x150>)
200019b8:	2141      	movs	r1, #65	; 0x41
200019ba:	4841      	ldr	r0, [pc, #260]	; (20001ac0 <alarm_pool_add_alarm_at+0x154>)
200019bc:	f001 f83e 	bl	20002a3c <__assert_func>
200019c0:	9807      	ldr	r0, [sp, #28]
200019c2:	e04c      	b.n	20001a5e <alarm_pool_add_alarm_at+0xf2>
200019c4:	1b36      	subs	r6, r6, r4
200019c6:	41af      	sbcs	r7, r5
200019c8:	2f00      	cmp	r7, #0
200019ca:	db07      	blt.n	200019dc <alarm_pool_add_alarm_at+0x70>
200019cc:	2f00      	cmp	r7, #0
200019ce:	da11      	bge.n	200019f4 <alarm_pool_add_alarm_at+0x88>
200019d0:	4b3c      	ldr	r3, [pc, #240]	; (20001ac4 <alarm_pool_add_alarm_at+0x158>)
200019d2:	4a3d      	ldr	r2, [pc, #244]	; (20001ac8 <alarm_pool_add_alarm_at+0x15c>)
200019d4:	213f      	movs	r1, #63	; 0x3f
200019d6:	483d      	ldr	r0, [pc, #244]	; (20001acc <alarm_pool_add_alarm_at+0x160>)
200019d8:	f001 f830 	bl	20002a3c <__assert_func>
200019dc:	2601      	movs	r6, #1
200019de:	4276      	negs	r6, r6
200019e0:	4f3b      	ldr	r7, [pc, #236]	; (20001ad0 <alarm_pool_add_alarm_at+0x164>)
200019e2:	e7f3      	b.n	200019cc <alarm_pool_add_alarm_at+0x60>
200019e4:	4b37      	ldr	r3, [pc, #220]	; (20001ac4 <alarm_pool_add_alarm_at+0x158>)
200019e6:	4a38      	ldr	r2, [pc, #224]	; (20001ac8 <alarm_pool_add_alarm_at+0x15c>)
200019e8:	213f      	movs	r1, #63	; 0x3f
200019ea:	4838      	ldr	r0, [pc, #224]	; (20001acc <alarm_pool_add_alarm_at+0x160>)
200019ec:	f001 f826 	bl	20002a3c <__assert_func>
200019f0:	2f00      	cmp	r7, #0
200019f2:	db4f      	blt.n	20001a94 <alarm_pool_add_alarm_at+0x128>
200019f4:	4643      	mov	r3, r8
200019f6:	685a      	ldr	r2, [r3, #4]
200019f8:	f3ef 8410 	mrs	r4, PRIMASK
200019fc:	b672      	cpsid	i
200019fe:	6813      	ldr	r3, [r2, #0]
20001a00:	4259      	negs	r1, r3
20001a02:	414b      	adcs	r3, r1
20001a04:	b2d9      	uxtb	r1, r3
20001a06:	9107      	str	r1, [sp, #28]
20001a08:	2b00      	cmp	r3, #0
20001a0a:	d1f8      	bne.n	200019fe <alarm_pool_add_alarm_at+0x92>
20001a0c:	f3bf 8f5f 	dmb	sy
20001a10:	331f      	adds	r3, #31
20001a12:	aa02      	add	r2, sp, #8
20001a14:	4694      	mov	ip, r2
20001a16:	4463      	add	r3, ip
20001a18:	9304      	str	r3, [sp, #16]
20001a1a:	2300      	movs	r3, #0
20001a1c:	9303      	str	r3, [sp, #12]
20001a1e:	9302      	str	r3, [sp, #8]
20001a20:	464b      	mov	r3, r9
20001a22:	9301      	str	r3, [sp, #4]
20001a24:	4653      	mov	r3, sl
20001a26:	9300      	str	r3, [sp, #0]
20001a28:	0032      	movs	r2, r6
20001a2a:	003b      	movs	r3, r7
20001a2c:	4640      	mov	r0, r8
20001a2e:	f7ff fd0f 	bl	20001450 <add_alarm_under_lock>
20001a32:	1e03      	subs	r3, r0, #0
20001a34:	d1b2      	bne.n	2000199c <alarm_pool_add_alarm_at+0x30>
20001a36:	0002      	movs	r2, r0
20001a38:	4641      	mov	r1, r8
20001a3a:	6849      	ldr	r1, [r1, #4]
20001a3c:	f3bf 8f5f 	dmb	sy
20001a40:	2500      	movs	r5, #0
20001a42:	600d      	str	r5, [r1, #0]
20001a44:	f384 8810 	msr	PRIMASK, r4
20001a48:	2b00      	cmp	r3, #0
20001a4a:	d029      	beq.n	20001aa0 <alarm_pool_add_alarm_at+0x134>
20001a4c:	231f      	movs	r3, #31
20001a4e:	a902      	add	r1, sp, #8
20001a50:	468c      	mov	ip, r1
20001a52:	4463      	add	r3, ip
20001a54:	781b      	ldrb	r3, [r3, #0]
20001a56:	2b00      	cmp	r3, #0
20001a58:	d1b2      	bne.n	200019c0 <alarm_pool_add_alarm_at+0x54>
20001a5a:	0212      	lsls	r2, r2, #8
20001a5c:	4310      	orrs	r0, r2
20001a5e:	2b00      	cmp	r3, #0
20001a60:	d020      	beq.n	20001aa4 <alarm_pool_add_alarm_at+0x138>
20001a62:	465b      	mov	r3, fp
20001a64:	2b00      	cmp	r3, #0
20001a66:	d01d      	beq.n	20001aa4 <alarm_pool_add_alarm_at+0x138>
20001a68:	4649      	mov	r1, r9
20001a6a:	47d0      	blx	sl
20001a6c:	0004      	movs	r4, r0
20001a6e:	000d      	movs	r5, r1
20001a70:	0003      	movs	r3, r0
20001a72:	430b      	orrs	r3, r1
20001a74:	d01d      	beq.n	20001ab2 <alarm_pool_add_alarm_at+0x146>
20001a76:	2900      	cmp	r1, #0
20001a78:	dba4      	blt.n	200019c4 <alarm_pool_add_alarm_at+0x58>
20001a7a:	f000 f9fb 	bl	20001e74 <time_us_64>
20001a7e:	0006      	movs	r6, r0
20001a80:	1e0f      	subs	r7, r1, #0
20001a82:	dbaf      	blt.n	200019e4 <alarm_pool_add_alarm_at+0x78>
20001a84:	1936      	adds	r6, r6, r4
20001a86:	416f      	adcs	r7, r5
20001a88:	2f00      	cmp	r7, #0
20001a8a:	dab1      	bge.n	200019f0 <alarm_pool_add_alarm_at+0x84>
20001a8c:	2601      	movs	r6, #1
20001a8e:	4276      	negs	r6, r6
20001a90:	4f0f      	ldr	r7, [pc, #60]	; (20001ad0 <alarm_pool_add_alarm_at+0x164>)
20001a92:	e7ad      	b.n	200019f0 <alarm_pool_add_alarm_at+0x84>
20001a94:	4b0b      	ldr	r3, [pc, #44]	; (20001ac4 <alarm_pool_add_alarm_at+0x158>)
20001a96:	4a0c      	ldr	r2, [pc, #48]	; (20001ac8 <alarm_pool_add_alarm_at+0x15c>)
20001a98:	213f      	movs	r1, #63	; 0x3f
20001a9a:	480c      	ldr	r0, [pc, #48]	; (20001acc <alarm_pool_add_alarm_at+0x160>)
20001a9c:	f000 ffce 	bl	20002a3c <__assert_func>
20001aa0:	2001      	movs	r0, #1
20001aa2:	4240      	negs	r0, r0
20001aa4:	b00b      	add	sp, #44	; 0x2c
20001aa6:	bcf0      	pop	{r4, r5, r6, r7}
20001aa8:	46bb      	mov	fp, r7
20001aaa:	46b2      	mov	sl, r6
20001aac:	46a9      	mov	r9, r5
20001aae:	46a0      	mov	r8, r4
20001ab0:	bdf0      	pop	{r4, r5, r6, r7, pc}
20001ab2:	9807      	ldr	r0, [sp, #28]
20001ab4:	e7f6      	b.n	20001aa4 <alarm_pool_add_alarm_at+0x138>
20001ab6:	46c0      	nop			; (mov r8, r8)
20001ab8:	200058a4 	.word	0x200058a4
20001abc:	20005b28 	.word	0x20005b28
20001ac0:	20005870 	.word	0x20005870
20001ac4:	200057a0 	.word	0x200057a0
20001ac8:	20005ad0 	.word	0x20005ad0
20001acc:	200057bc 	.word	0x200057bc
20001ad0:	7fffffff 	.word	0x7fffffff

20001ad4 <alarm_pool_cancel_alarm>:
20001ad4:	b5f8      	push	{r3, r4, r5, r6, r7, lr}
20001ad6:	0004      	movs	r4, r0
20001ad8:	2900      	cmp	r1, #0
20001ada:	d100      	bne.n	20001ade <alarm_pool_cancel_alarm+0xa>
20001adc:	e062      	b.n	20001ba4 <alarm_pool_cancel_alarm+0xd0>
20001ade:	6842      	ldr	r2, [r0, #4]
20001ae0:	f3ef 8510 	mrs	r5, PRIMASK
20001ae4:	b672      	cpsid	i
20001ae6:	6813      	ldr	r3, [r2, #0]
20001ae8:	4258      	negs	r0, r3
20001aea:	4143      	adcs	r3, r0
20001aec:	b2d8      	uxtb	r0, r3
20001aee:	2b00      	cmp	r3, #0
20001af0:	d1f9      	bne.n	20001ae6 <alarm_pool_cancel_alarm+0x12>
20001af2:	f3bf 8f5f 	dmb	sy
20001af6:	b2cb      	uxtb	r3, r1
20001af8:	6822      	ldr	r2, [r4, #0]
20001afa:	7b56      	ldrb	r6, [r2, #13]
20001afc:	42b3      	cmp	r3, r6
20001afe:	d11b      	bne.n	20001b38 <alarm_pool_cancel_alarm+0x64>
20001b00:	2001      	movs	r0, #1
20001b02:	2800      	cmp	r0, #0
20001b04:	d048      	beq.n	20001b98 <alarm_pool_cancel_alarm+0xc4>
20001b06:	6920      	ldr	r0, [r4, #16]
20001b08:	4288      	cmp	r0, r1
20001b0a:	d02b      	beq.n	20001b64 <alarm_pool_cancel_alarm+0x90>
20001b0c:	0a09      	lsrs	r1, r1, #8
20001b0e:	b2c9      	uxtb	r1, r1
20001b10:	2b00      	cmp	r3, #0
20001b12:	d02e      	beq.n	20001b72 <alarm_pool_cancel_alarm+0x9e>
20001b14:	6820      	ldr	r0, [r4, #0]
20001b16:	7b00      	ldrb	r0, [r0, #12]
20001b18:	4283      	cmp	r3, r0
20001b1a:	d82a      	bhi.n	20001b72 <alarm_pool_cancel_alarm+0x9e>
20001b1c:	1e58      	subs	r0, r3, #1
20001b1e:	68e6      	ldr	r6, [r4, #12]
20001b20:	5c30      	ldrb	r0, [r6, r0]
20001b22:	4288      	cmp	r0, r1
20001b24:	d02b      	beq.n	20001b7e <alarm_pool_cancel_alarm+0xaa>
20001b26:	2000      	movs	r0, #0
20001b28:	6863      	ldr	r3, [r4, #4]
20001b2a:	f3bf 8f5f 	dmb	sy
20001b2e:	2200      	movs	r2, #0
20001b30:	601a      	str	r2, [r3, #0]
20001b32:	f385 8810 	msr	PRIMASK, r5
20001b36:	bdf8      	pop	{r3, r4, r5, r6, r7, pc}
20001b38:	2b00      	cmp	r3, #0
20001b3a:	d00d      	beq.n	20001b58 <alarm_pool_cancel_alarm+0x84>
20001b3c:	7b16      	ldrb	r6, [r2, #12]
20001b3e:	42b3      	cmp	r3, r6
20001b40:	d80a      	bhi.n	20001b58 <alarm_pool_cancel_alarm+0x84>
20001b42:	005e      	lsls	r6, r3, #1
20001b44:	18f6      	adds	r6, r6, r3
20001b46:	3e03      	subs	r6, #3
20001b48:	6817      	ldr	r7, [r2, #0]
20001b4a:	46bc      	mov	ip, r7
20001b4c:	4466      	add	r6, ip
20001b4e:	78b6      	ldrb	r6, [r6, #2]
20001b50:	2e00      	cmp	r6, #0
20001b52:	d0d6      	beq.n	20001b02 <alarm_pool_cancel_alarm+0x2e>
20001b54:	2001      	movs	r0, #1
20001b56:	e7d4      	b.n	20001b02 <alarm_pool_cancel_alarm+0x2e>
20001b58:	4b13      	ldr	r3, [pc, #76]	; (20001ba8 <alarm_pool_cancel_alarm+0xd4>)
20001b5a:	4a14      	ldr	r2, [pc, #80]	; (20001bac <alarm_pool_cancel_alarm+0xd8>)
20001b5c:	2168      	movs	r1, #104	; 0x68
20001b5e:	4814      	ldr	r0, [pc, #80]	; (20001bb0 <alarm_pool_cancel_alarm+0xdc>)
20001b60:	f000 ff6c 	bl	20002a3c <__assert_func>
20001b64:	212c      	movs	r1, #44	; 0x2c
20001b66:	4b13      	ldr	r3, [pc, #76]	; (20001bb4 <alarm_pool_cancel_alarm+0xe0>)
20001b68:	4a13      	ldr	r2, [pc, #76]	; (20001bb8 <alarm_pool_cancel_alarm+0xe4>)
20001b6a:	31ff      	adds	r1, #255	; 0xff
20001b6c:	4813      	ldr	r0, [pc, #76]	; (20001bbc <alarm_pool_cancel_alarm+0xe8>)
20001b6e:	f000 ff65 	bl	20002a3c <__assert_func>
20001b72:	4b13      	ldr	r3, [pc, #76]	; (20001bc0 <alarm_pool_cancel_alarm+0xec>)
20001b74:	4a13      	ldr	r2, [pc, #76]	; (20001bc4 <alarm_pool_cancel_alarm+0xf0>)
20001b76:	2141      	movs	r1, #65	; 0x41
20001b78:	4810      	ldr	r0, [pc, #64]	; (20001bbc <alarm_pool_cancel_alarm+0xe8>)
20001b7a:	f000 ff5f 	bl	20002a3c <__assert_func>
20001b7e:	0019      	movs	r1, r3
20001b80:	0010      	movs	r0, r2
20001b82:	f000 fc3b 	bl	200023fc <ph_remove_and_free_node>
20001b86:	2800      	cmp	r0, #0
20001b88:	d1ce      	bne.n	20001b28 <alarm_pool_cancel_alarm+0x54>
20001b8a:	2199      	movs	r1, #153	; 0x99
20001b8c:	4b0e      	ldr	r3, [pc, #56]	; (20001bc8 <alarm_pool_cancel_alarm+0xf4>)
20001b8e:	4a0a      	ldr	r2, [pc, #40]	; (20001bb8 <alarm_pool_cancel_alarm+0xe4>)
20001b90:	0049      	lsls	r1, r1, #1
20001b92:	480a      	ldr	r0, [pc, #40]	; (20001bbc <alarm_pool_cancel_alarm+0xe8>)
20001b94:	f000 ff52 	bl	20002a3c <__assert_func>
20001b98:	6923      	ldr	r3, [r4, #16]
20001b9a:	428b      	cmp	r3, r1
20001b9c:	d1c4      	bne.n	20001b28 <alarm_pool_cancel_alarm+0x54>
20001b9e:	2300      	movs	r3, #0
20001ba0:	6123      	str	r3, [r4, #16]
20001ba2:	e7c1      	b.n	20001b28 <alarm_pool_cancel_alarm+0x54>
20001ba4:	2000      	movs	r0, #0
20001ba6:	e7c6      	b.n	20001b36 <alarm_pool_cancel_alarm+0x62>
20001ba8:	200058c8 	.word	0x200058c8
20001bac:	20005b70 	.word	0x20005b70
20001bb0:	200058e4 	.word	0x200058e4
20001bb4:	20005a40 	.word	0x20005a40
20001bb8:	20005ab8 	.word	0x20005ab8
20001bbc:	20005870 	.word	0x20005870
20001bc0:	200058a4 	.word	0x200058a4
20001bc4:	20005b28 	.word	0x20005b28
20001bc8:	20005a64 	.word	0x20005a64

20001bcc <sleep_until>:
20001bcc:	b5f0      	push	{r4, r5, r6, r7, lr}
20001bce:	b087      	sub	sp, #28
20001bd0:	0006      	movs	r6, r0
20001bd2:	000f      	movs	r7, r1
20001bd4:	f3ef 8305 	mrs	r3, IPSR
20001bd8:	2b00      	cmp	r3, #0
20001bda:	d11f      	bne.n	20001c1c <sleep_until+0x50>
20001bdc:	2406      	movs	r4, #6
20001bde:	4264      	negs	r4, r4
20001be0:	17e5      	asrs	r5, r4, #31
20001be2:	19a4      	adds	r4, r4, r6
20001be4:	417d      	adcs	r5, r7
20001be6:	428d      	cmp	r5, r1
20001be8:	d802      	bhi.n	20001bf0 <sleep_until+0x24>
20001bea:	d103      	bne.n	20001bf4 <sleep_until+0x28>
20001bec:	4284      	cmp	r4, r0
20001bee:	d901      	bls.n	20001bf4 <sleep_until+0x28>
20001bf0:	2400      	movs	r4, #0
20001bf2:	2500      	movs	r5, #0
20001bf4:	2d00      	cmp	r5, #0
20001bf6:	db14      	blt.n	20001c22 <sleep_until+0x56>
20001bf8:	9404      	str	r4, [sp, #16]
20001bfa:	9505      	str	r5, [sp, #20]
20001bfc:	f000 f93a 	bl	20001e74 <time_us_64>
20001c00:	0002      	movs	r2, r0
20001c02:	1e0b      	subs	r3, r1, #0
20001c04:	db13      	blt.n	20001c2e <sleep_until+0x62>
20001c06:	1aa4      	subs	r4, r4, r2
20001c08:	419d      	sbcs	r5, r3
20001c0a:	2d00      	cmp	r5, #0
20001c0c:	dc17      	bgt.n	20001c3e <sleep_until+0x72>
20001c0e:	d014      	beq.n	20001c3a <sleep_until+0x6e>
20001c10:	0030      	movs	r0, r6
20001c12:	0039      	movs	r1, r7
20001c14:	f000 f93a 	bl	20001e8c <busy_wait_until>
20001c18:	b007      	add	sp, #28
20001c1a:	bdf0      	pop	{r4, r5, r6, r7, pc}
20001c1c:	4823      	ldr	r0, [pc, #140]	; (20001cac <sleep_until+0xe0>)
20001c1e:	f000 ffa7 	bl	20002b70 <panic>
20001c22:	4b23      	ldr	r3, [pc, #140]	; (20001cb0 <sleep_until+0xe4>)
20001c24:	4a23      	ldr	r2, [pc, #140]	; (20001cb4 <sleep_until+0xe8>)
20001c26:	213f      	movs	r1, #63	; 0x3f
20001c28:	4823      	ldr	r0, [pc, #140]	; (20001cb8 <sleep_until+0xec>)
20001c2a:	f000 ff07 	bl	20002a3c <__assert_func>
20001c2e:	4b20      	ldr	r3, [pc, #128]	; (20001cb0 <sleep_until+0xe4>)
20001c30:	4a20      	ldr	r2, [pc, #128]	; (20001cb4 <sleep_until+0xe8>)
20001c32:	213f      	movs	r1, #63	; 0x3f
20001c34:	4820      	ldr	r0, [pc, #128]	; (20001cb8 <sleep_until+0xec>)
20001c36:	f000 ff01 	bl	20002a3c <__assert_func>
20001c3a:	2c00      	cmp	r4, #0
20001c3c:	d0e8      	beq.n	20001c10 <sleep_until+0x44>
20001c3e:	f7ff fe7f 	bl	20001940 <alarm_pool_get_default>
20001c42:	2300      	movs	r3, #0
20001c44:	9302      	str	r3, [sp, #8]
20001c46:	9301      	str	r3, [sp, #4]
20001c48:	4b1c      	ldr	r3, [pc, #112]	; (20001cbc <sleep_until+0xf0>)
20001c4a:	9300      	str	r3, [sp, #0]
20001c4c:	9a04      	ldr	r2, [sp, #16]
20001c4e:	9b05      	ldr	r3, [sp, #20]
20001c50:	f7ff fe8c 	bl	2000196c <alarm_pool_add_alarm_at>
20001c54:	2800      	cmp	r0, #0
20001c56:	da18      	bge.n	20001c8a <sleep_until+0xbe>
20001c58:	e7da      	b.n	20001c10 <sleep_until+0x44>
20001c5a:	2300      	movs	r3, #0
20001c5c:	e000      	b.n	20001c60 <sleep_until+0x94>
20001c5e:	2300      	movs	r3, #0
20001c60:	2b00      	cmp	r3, #0
20001c62:	d1d5      	bne.n	20001c10 <sleep_until+0x44>
20001c64:	4b16      	ldr	r3, [pc, #88]	; (20001cc0 <sleep_until+0xf4>)
20001c66:	681a      	ldr	r2, [r3, #0]
20001c68:	f3ef 8110 	mrs	r1, PRIMASK
20001c6c:	b672      	cpsid	i
20001c6e:	6813      	ldr	r3, [r2, #0]
20001c70:	2b00      	cmp	r3, #0
20001c72:	d0fc      	beq.n	20001c6e <sleep_until+0xa2>
20001c74:	f3bf 8f5f 	dmb	sy
20001c78:	4b11      	ldr	r3, [pc, #68]	; (20001cc0 <sleep_until+0xf4>)
20001c7a:	681b      	ldr	r3, [r3, #0]
20001c7c:	f3bf 8f5f 	dmb	sy
20001c80:	2200      	movs	r2, #0
20001c82:	601a      	str	r2, [r3, #0]
20001c84:	f381 8810 	msr	PRIMASK, r1
20001c88:	bf20      	wfe
20001c8a:	9904      	ldr	r1, [sp, #16]
20001c8c:	9a05      	ldr	r2, [sp, #20]
20001c8e:	4b0d      	ldr	r3, [pc, #52]	; (20001cc4 <sleep_until+0xf8>)
20001c90:	6a5b      	ldr	r3, [r3, #36]	; 0x24
20001c92:	429a      	cmp	r2, r3
20001c94:	d8e3      	bhi.n	20001c5e <sleep_until+0x92>
20001c96:	480b      	ldr	r0, [pc, #44]	; (20001cc4 <sleep_until+0xf8>)
20001c98:	6a80      	ldr	r0, [r0, #40]	; 0x28
20001c9a:	4288      	cmp	r0, r1
20001c9c:	d203      	bcs.n	20001ca6 <sleep_until+0xda>
20001c9e:	429a      	cmp	r2, r3
20001ca0:	d0db      	beq.n	20001c5a <sleep_until+0x8e>
20001ca2:	2301      	movs	r3, #1
20001ca4:	e7dc      	b.n	20001c60 <sleep_until+0x94>
20001ca6:	2301      	movs	r3, #1
20001ca8:	e7da      	b.n	20001c60 <sleep_until+0x94>
20001caa:	46c0      	nop			; (mov r8, r8)
20001cac:	20005a68 	.word	0x20005a68
20001cb0:	200057a0 	.word	0x200057a0
20001cb4:	20005ad0 	.word	0x20005ad0
20001cb8:	200057bc 	.word	0x200057bc
20001cbc:	200012c1 	.word	0x200012c1
20001cc0:	20007b30 	.word	0x20007b30
20001cc4:	40054000 	.word	0x40054000

20001cc8 <sleep_us>:
20001cc8:	b570      	push	{r4, r5, r6, lr}
20001cca:	0004      	movs	r4, r0
20001ccc:	000d      	movs	r5, r1
20001cce:	f000 f8d1 	bl	20001e74 <time_us_64>
20001cd2:	0002      	movs	r2, r0
20001cd4:	1e0b      	subs	r3, r1, #0
20001cd6:	db0a      	blt.n	20001cee <sleep_us+0x26>
20001cd8:	0020      	movs	r0, r4
20001cda:	0029      	movs	r1, r5
20001cdc:	1880      	adds	r0, r0, r2
20001cde:	4159      	adcs	r1, r3
20001ce0:	2900      	cmp	r1, #0
20001ce2:	db0a      	blt.n	20001cfa <sleep_us+0x32>
20001ce4:	2900      	cmp	r1, #0
20001ce6:	db0c      	blt.n	20001d02 <sleep_us+0x3a>
20001ce8:	f7ff ff70 	bl	20001bcc <sleep_until>
20001cec:	bd70      	pop	{r4, r5, r6, pc}
20001cee:	4b08      	ldr	r3, [pc, #32]	; (20001d10 <sleep_us+0x48>)
20001cf0:	4a08      	ldr	r2, [pc, #32]	; (20001d14 <sleep_us+0x4c>)
20001cf2:	213f      	movs	r1, #63	; 0x3f
20001cf4:	4808      	ldr	r0, [pc, #32]	; (20001d18 <sleep_us+0x50>)
20001cf6:	f000 fea1 	bl	20002a3c <__assert_func>
20001cfa:	2001      	movs	r0, #1
20001cfc:	4240      	negs	r0, r0
20001cfe:	4907      	ldr	r1, [pc, #28]	; (20001d1c <sleep_us+0x54>)
20001d00:	e7f0      	b.n	20001ce4 <sleep_us+0x1c>
20001d02:	4b03      	ldr	r3, [pc, #12]	; (20001d10 <sleep_us+0x48>)
20001d04:	4a03      	ldr	r2, [pc, #12]	; (20001d14 <sleep_us+0x4c>)
20001d06:	213f      	movs	r1, #63	; 0x3f
20001d08:	4803      	ldr	r0, [pc, #12]	; (20001d18 <sleep_us+0x50>)
20001d0a:	f000 fe97 	bl	20002a3c <__assert_func>
20001d0e:	46c0      	nop			; (mov r8, r8)
20001d10:	200057a0 	.word	0x200057a0
20001d14:	20005ad0 	.word	0x20005ad0
20001d18:	200057bc 	.word	0x200057bc
20001d1c:	7fffffff 	.word	0x7fffffff

20001d20 <best_effort_wfe_or_timeout>:
20001d20:	b570      	push	{r4, r5, r6, lr}
20001d22:	b084      	sub	sp, #16
20001d24:	0005      	movs	r5, r0
20001d26:	000c      	movs	r4, r1
20001d28:	f3ef 8305 	mrs	r3, IPSR
20001d2c:	2b00      	cmp	r3, #0
20001d2e:	d11e      	bne.n	20001d6e <best_effort_wfe_or_timeout+0x4e>
20001d30:	f7ff fe06 	bl	20001940 <alarm_pool_get_default>
20001d34:	2300      	movs	r3, #0
20001d36:	9302      	str	r3, [sp, #8]
20001d38:	9301      	str	r3, [sp, #4]
20001d3a:	4b22      	ldr	r3, [pc, #136]	; (20001dc4 <best_effort_wfe_or_timeout+0xa4>)
20001d3c:	9300      	str	r3, [sp, #0]
20001d3e:	002a      	movs	r2, r5
20001d40:	0023      	movs	r3, r4
20001d42:	f7ff fe13 	bl	2000196c <alarm_pool_add_alarm_at>
20001d46:	1e06      	subs	r6, r0, #0
20001d48:	dd23      	ble.n	20001d92 <best_effort_wfe_or_timeout+0x72>
20001d4a:	bf20      	wfe
20001d4c:	f7ff fdf8 	bl	20001940 <alarm_pool_get_default>
20001d50:	0031      	movs	r1, r6
20001d52:	f7ff febf 	bl	20001ad4 <alarm_pool_cancel_alarm>
20001d56:	4b1c      	ldr	r3, [pc, #112]	; (20001dc8 <best_effort_wfe_or_timeout+0xa8>)
20001d58:	6a5b      	ldr	r3, [r3, #36]	; 0x24
20001d5a:	429c      	cmp	r4, r3
20001d5c:	d82d      	bhi.n	20001dba <best_effort_wfe_or_timeout+0x9a>
20001d5e:	4a1a      	ldr	r2, [pc, #104]	; (20001dc8 <best_effort_wfe_or_timeout+0xa8>)
20001d60:	6a92      	ldr	r2, [r2, #40]	; 0x28
20001d62:	42aa      	cmp	r2, r5
20001d64:	d22c      	bcs.n	20001dc0 <best_effort_wfe_or_timeout+0xa0>
20001d66:	429c      	cmp	r4, r3
20001d68:	d025      	beq.n	20001db6 <best_effort_wfe_or_timeout+0x96>
20001d6a:	2001      	movs	r0, #1
20001d6c:	e026      	b.n	20001dbc <best_effort_wfe_or_timeout+0x9c>
20001d6e:	4b16      	ldr	r3, [pc, #88]	; (20001dc8 <best_effort_wfe_or_timeout+0xa8>)
20001d70:	6a5b      	ldr	r3, [r3, #36]	; 0x24
20001d72:	4299      	cmp	r1, r3
20001d74:	d809      	bhi.n	20001d8a <best_effort_wfe_or_timeout+0x6a>
20001d76:	4a14      	ldr	r2, [pc, #80]	; (20001dc8 <best_effort_wfe_or_timeout+0xa8>)
20001d78:	6a92      	ldr	r2, [r2, #40]	; 0x28
20001d7a:	4282      	cmp	r2, r0
20001d7c:	d207      	bcs.n	20001d8e <best_effort_wfe_or_timeout+0x6e>
20001d7e:	4299      	cmp	r1, r3
20001d80:	d001      	beq.n	20001d86 <best_effort_wfe_or_timeout+0x66>
20001d82:	2001      	movs	r0, #1
20001d84:	e01a      	b.n	20001dbc <best_effort_wfe_or_timeout+0x9c>
20001d86:	2000      	movs	r0, #0
20001d88:	e018      	b.n	20001dbc <best_effort_wfe_or_timeout+0x9c>
20001d8a:	2000      	movs	r0, #0
20001d8c:	e016      	b.n	20001dbc <best_effort_wfe_or_timeout+0x9c>
20001d8e:	2001      	movs	r0, #1
20001d90:	e014      	b.n	20001dbc <best_effort_wfe_or_timeout+0x9c>
20001d92:	4b0d      	ldr	r3, [pc, #52]	; (20001dc8 <best_effort_wfe_or_timeout+0xa8>)
20001d94:	6a5b      	ldr	r3, [r3, #36]	; 0x24
20001d96:	429c      	cmp	r4, r3
20001d98:	d809      	bhi.n	20001dae <best_effort_wfe_or_timeout+0x8e>
20001d9a:	4a0b      	ldr	r2, [pc, #44]	; (20001dc8 <best_effort_wfe_or_timeout+0xa8>)
20001d9c:	6a92      	ldr	r2, [r2, #40]	; 0x28
20001d9e:	42aa      	cmp	r2, r5
20001da0:	d207      	bcs.n	20001db2 <best_effort_wfe_or_timeout+0x92>
20001da2:	429c      	cmp	r4, r3
20001da4:	d001      	beq.n	20001daa <best_effort_wfe_or_timeout+0x8a>
20001da6:	2001      	movs	r0, #1
20001da8:	e008      	b.n	20001dbc <best_effort_wfe_or_timeout+0x9c>
20001daa:	2000      	movs	r0, #0
20001dac:	e006      	b.n	20001dbc <best_effort_wfe_or_timeout+0x9c>
20001dae:	2000      	movs	r0, #0
20001db0:	e004      	b.n	20001dbc <best_effort_wfe_or_timeout+0x9c>
20001db2:	2001      	movs	r0, #1
20001db4:	e002      	b.n	20001dbc <best_effort_wfe_or_timeout+0x9c>
20001db6:	2000      	movs	r0, #0
20001db8:	e000      	b.n	20001dbc <best_effort_wfe_or_timeout+0x9c>
20001dba:	2000      	movs	r0, #0
20001dbc:	b004      	add	sp, #16
20001dbe:	bd70      	pop	{r4, r5, r6, pc}
20001dc0:	2001      	movs	r0, #1
20001dc2:	e7fb      	b.n	20001dbc <best_effort_wfe_or_timeout+0x9c>
20001dc4:	200012c1 	.word	0x200012c1
20001dc8:	40054000 	.word	0x40054000

20001dcc <hardware_alarm_irq_handler>:
20001dcc:	b570      	push	{r4, r5, r6, lr}
20001dce:	f3ef 8005 	mrs	r0, IPSR
20001dd2:	3810      	subs	r0, #16
20001dd4:	f3ef 8c10 	mrs	ip, PRIMASK
20001dd8:	b672      	cpsid	i
20001dda:	4b1a      	ldr	r3, [pc, #104]	; (20001e44 <hardware_alarm_irq_handler+0x78>)
20001ddc:	681b      	ldr	r3, [r3, #0]
20001dde:	2b00      	cmp	r3, #0
20001de0:	d0fb      	beq.n	20001dda <hardware_alarm_irq_handler+0xe>
20001de2:	f3bf 8f5f 	dmb	sy
20001de6:	2201      	movs	r2, #1
20001de8:	0013      	movs	r3, r2
20001dea:	4083      	lsls	r3, r0
20001dec:	4916      	ldr	r1, [pc, #88]	; (20001e48 <hardware_alarm_irq_handler+0x7c>)
20001dee:	634b      	str	r3, [r1, #52]	; 0x34
20001df0:	4916      	ldr	r1, [pc, #88]	; (20001e4c <hardware_alarm_irq_handler+0x80>)
20001df2:	600b      	str	r3, [r1, #0]
20001df4:	4916      	ldr	r1, [pc, #88]	; (20001e50 <hardware_alarm_irq_handler+0x84>)
20001df6:	7809      	ldrb	r1, [r1, #0]
20001df8:	000c      	movs	r4, r1
20001dfa:	40c4      	lsrs	r4, r0
20001dfc:	4222      	tst	r2, r4
20001dfe:	d014      	beq.n	20001e2a <hardware_alarm_irq_handler+0x5e>
20001e00:	4a11      	ldr	r2, [pc, #68]	; (20001e48 <hardware_alarm_irq_handler+0x7c>)
20001e02:	6a54      	ldr	r4, [r2, #36]	; 0x24
20001e04:	0082      	lsls	r2, r0, #2
20001e06:	4d13      	ldr	r5, [pc, #76]	; (20001e54 <hardware_alarm_irq_handler+0x88>)
20001e08:	5952      	ldr	r2, [r2, r5]
20001e0a:	4294      	cmp	r4, r2
20001e0c:	d306      	bcc.n	20001e1c <hardware_alarm_irq_handler+0x50>
20001e0e:	0082      	lsls	r2, r0, #2
20001e10:	4c11      	ldr	r4, [pc, #68]	; (20001e58 <hardware_alarm_irq_handler+0x8c>)
20001e12:	5912      	ldr	r2, [r2, r4]
20001e14:	4399      	bics	r1, r3
20001e16:	4b0e      	ldr	r3, [pc, #56]	; (20001e50 <hardware_alarm_irq_handler+0x84>)
20001e18:	7019      	strb	r1, [r3, #0]
20001e1a:	e007      	b.n	20001e2c <hardware_alarm_irq_handler+0x60>
20001e1c:	4a0a      	ldr	r2, [pc, #40]	; (20001e48 <hardware_alarm_irq_handler+0x7c>)
20001e1e:	1d03      	adds	r3, r0, #4
20001e20:	009b      	lsls	r3, r3, #2
20001e22:	5899      	ldr	r1, [r3, r2]
20001e24:	5099      	str	r1, [r3, r2]
20001e26:	2200      	movs	r2, #0
20001e28:	e000      	b.n	20001e2c <hardware_alarm_irq_handler+0x60>
20001e2a:	2200      	movs	r2, #0
20001e2c:	f3bf 8f5f 	dmb	sy
20001e30:	4b04      	ldr	r3, [pc, #16]	; (20001e44 <hardware_alarm_irq_handler+0x78>)
20001e32:	2100      	movs	r1, #0
20001e34:	6019      	str	r1, [r3, #0]
20001e36:	f38c 8810 	msr	PRIMASK, ip
20001e3a:	2a00      	cmp	r2, #0
20001e3c:	d000      	beq.n	20001e40 <hardware_alarm_irq_handler+0x74>
20001e3e:	4790      	blx	r2
20001e40:	bd70      	pop	{r4, r5, r6, pc}
20001e42:	46c0      	nop			; (mov r8, r8)
20001e44:	d0000128 	.word	0xd0000128
20001e48:	40054000 	.word	0x40054000
20001e4c:	4005703c 	.word	0x4005703c
20001e50:	20007b59 	.word	0x20007b59
20001e54:	20007b38 	.word	0x20007b38
20001e58:	20006784 	.word	0x20006784

20001e5c <hardware_alarm_claim>:
20001e5c:	b510      	push	{r4, lr}
20001e5e:	0001      	movs	r1, r0
20001e60:	4a02      	ldr	r2, [pc, #8]	; (20001e6c <hardware_alarm_claim+0x10>)
20001e62:	4803      	ldr	r0, [pc, #12]	; (20001e70 <hardware_alarm_claim+0x14>)
20001e64:	f7fe ffa6 	bl	20000db4 <hw_claim_or_assert>
20001e68:	bd10      	pop	{r4, pc}
20001e6a:	46c0      	nop			; (mov r8, r8)
20001e6c:	20005b94 	.word	0x20005b94
20001e70:	20007b57 	.word	0x20007b57

20001e74 <time_us_64>:
20001e74:	4b04      	ldr	r3, [pc, #16]	; (20001e88 <time_us_64+0x14>)
20001e76:	6a5b      	ldr	r3, [r3, #36]	; 0x24
20001e78:	4a03      	ldr	r2, [pc, #12]	; (20001e88 <time_us_64+0x14>)
20001e7a:	6a90      	ldr	r0, [r2, #40]	; 0x28
20001e7c:	0019      	movs	r1, r3
20001e7e:	6a53      	ldr	r3, [r2, #36]	; 0x24
20001e80:	4299      	cmp	r1, r3
20001e82:	d1f9      	bne.n	20001e78 <time_us_64+0x4>
20001e84:	4770      	bx	lr
20001e86:	46c0      	nop			; (mov r8, r8)
20001e88:	40054000 	.word	0x40054000

20001e8c <busy_wait_until>:
20001e8c:	4b08      	ldr	r3, [pc, #32]	; (20001eb0 <busy_wait_until+0x24>)
20001e8e:	6a5b      	ldr	r3, [r3, #36]	; 0x24
20001e90:	e001      	b.n	20001e96 <busy_wait_until+0xa>
20001e92:	4b07      	ldr	r3, [pc, #28]	; (20001eb0 <busy_wait_until+0x24>)
20001e94:	6a5b      	ldr	r3, [r3, #36]	; 0x24
20001e96:	428b      	cmp	r3, r1
20001e98:	d3fb      	bcc.n	20001e92 <busy_wait_until+0x6>
20001e9a:	e001      	b.n	20001ea0 <busy_wait_until+0x14>
20001e9c:	4b04      	ldr	r3, [pc, #16]	; (20001eb0 <busy_wait_until+0x24>)
20001e9e:	6a5b      	ldr	r3, [r3, #36]	; 0x24
20001ea0:	428b      	cmp	r3, r1
20001ea2:	d103      	bne.n	20001eac <busy_wait_until+0x20>
20001ea4:	4b02      	ldr	r3, [pc, #8]	; (20001eb0 <busy_wait_until+0x24>)
20001ea6:	6a9b      	ldr	r3, [r3, #40]	; 0x28
20001ea8:	4283      	cmp	r3, r0
20001eaa:	d3f7      	bcc.n	20001e9c <busy_wait_until+0x10>
20001eac:	4770      	bx	lr
20001eae:	46c0      	nop			; (mov r8, r8)
20001eb0:	40054000 	.word	0x40054000

20001eb4 <busy_wait_us>:
20001eb4:	b570      	push	{r4, r5, r6, lr}
20001eb6:	0004      	movs	r4, r0
20001eb8:	000d      	movs	r5, r1
20001eba:	f7ff ffdb 	bl	20001e74 <time_us_64>
20001ebe:	0002      	movs	r2, r0
20001ec0:	000b      	movs	r3, r1
20001ec2:	0020      	movs	r0, r4
20001ec4:	0029      	movs	r1, r5
20001ec6:	1880      	adds	r0, r0, r2
20001ec8:	4159      	adcs	r1, r3
20001eca:	428b      	cmp	r3, r1
20001ecc:	d802      	bhi.n	20001ed4 <busy_wait_us+0x20>
20001ece:	d104      	bne.n	20001eda <busy_wait_us+0x26>
20001ed0:	4282      	cmp	r2, r0
20001ed2:	d902      	bls.n	20001eda <busy_wait_us+0x26>
20001ed4:	2001      	movs	r0, #1
20001ed6:	4240      	negs	r0, r0
20001ed8:	17c1      	asrs	r1, r0, #31
20001eda:	2900      	cmp	r1, #0
20001edc:	db02      	blt.n	20001ee4 <busy_wait_us+0x30>
20001ede:	f7ff ffd5 	bl	20001e8c <busy_wait_until>
20001ee2:	bd70      	pop	{r4, r5, r6, pc}
20001ee4:	4b02      	ldr	r3, [pc, #8]	; (20001ef0 <busy_wait_us+0x3c>)
20001ee6:	4a03      	ldr	r2, [pc, #12]	; (20001ef4 <busy_wait_us+0x40>)
20001ee8:	213f      	movs	r1, #63	; 0x3f
20001eea:	4803      	ldr	r0, [pc, #12]	; (20001ef8 <busy_wait_us+0x44>)
20001eec:	f000 fda6 	bl	20002a3c <__assert_func>
20001ef0:	200057a0 	.word	0x200057a0
20001ef4:	20005c38 	.word	0x20005c38
20001ef8:	200057bc 	.word	0x200057bc

20001efc <hardware_alarm_set_callback>:
20001efc:	b570      	push	{r4, r5, r6, lr}
20001efe:	0004      	movs	r4, r0
20001f00:	000d      	movs	r5, r1
20001f02:	f3ef 8610 	mrs	r6, PRIMASK
20001f06:	b672      	cpsid	i
20001f08:	4b1b      	ldr	r3, [pc, #108]	; (20001f78 <hardware_alarm_set_callback+0x7c>)
20001f0a:	681b      	ldr	r3, [r3, #0]
20001f0c:	2b00      	cmp	r3, #0
20001f0e:	d0fb      	beq.n	20001f08 <hardware_alarm_set_callback+0xc>
20001f10:	f3bf 8f5f 	dmb	sy
20001f14:	2d00      	cmp	r5, #0
20001f16:	d01c      	beq.n	20001f52 <hardware_alarm_set_callback+0x56>
20001f18:	0020      	movs	r0, r4
20001f1a:	f7fe ffff 	bl	20000f1c <irq_get_vtable_handler>
20001f1e:	4b17      	ldr	r3, [pc, #92]	; (20001f7c <hardware_alarm_set_callback+0x80>)
20001f20:	4283      	cmp	r3, r0
20001f22:	d00b      	beq.n	20001f3c <hardware_alarm_set_callback+0x40>
20001f24:	0019      	movs	r1, r3
20001f26:	0020      	movs	r0, r4
20001f28:	f7ff f800 	bl	20000f2c <irq_set_exclusive_handler>
20001f2c:	2101      	movs	r1, #1
20001f2e:	0020      	movs	r0, r4
20001f30:	f7fe ffec 	bl	20000f0c <irq_set_enabled>
20001f34:	2301      	movs	r3, #1
20001f36:	40a3      	lsls	r3, r4
20001f38:	4a11      	ldr	r2, [pc, #68]	; (20001f80 <hardware_alarm_set_callback+0x84>)
20001f3a:	6013      	str	r3, [r2, #0]
20001f3c:	00a4      	lsls	r4, r4, #2
20001f3e:	4b11      	ldr	r3, [pc, #68]	; (20001f84 <hardware_alarm_set_callback+0x88>)
20001f40:	50e5      	str	r5, [r4, r3]
20001f42:	f3bf 8f5f 	dmb	sy
20001f46:	4b0c      	ldr	r3, [pc, #48]	; (20001f78 <hardware_alarm_set_callback+0x7c>)
20001f48:	2200      	movs	r2, #0
20001f4a:	601a      	str	r2, [r3, #0]
20001f4c:	f386 8810 	msr	PRIMASK, r6
20001f50:	bd70      	pop	{r4, r5, r6, pc}
20001f52:	00a2      	lsls	r2, r4, #2
20001f54:	4b0b      	ldr	r3, [pc, #44]	; (20001f84 <hardware_alarm_set_callback+0x88>)
20001f56:	2100      	movs	r1, #0
20001f58:	50d1      	str	r1, [r2, r3]
20001f5a:	2201      	movs	r2, #1
20001f5c:	40a2      	lsls	r2, r4
20001f5e:	490a      	ldr	r1, [pc, #40]	; (20001f88 <hardware_alarm_set_callback+0x8c>)
20001f60:	780b      	ldrb	r3, [r1, #0]
20001f62:	4393      	bics	r3, r2
20001f64:	700b      	strb	r3, [r1, #0]
20001f66:	4905      	ldr	r1, [pc, #20]	; (20001f7c <hardware_alarm_set_callback+0x80>)
20001f68:	0020      	movs	r0, r4
20001f6a:	f7ff f809 	bl	20000f80 <irq_remove_handler>
20001f6e:	2100      	movs	r1, #0
20001f70:	0020      	movs	r0, r4
20001f72:	f7fe ffcb 	bl	20000f0c <irq_set_enabled>
20001f76:	e7e4      	b.n	20001f42 <hardware_alarm_set_callback+0x46>
20001f78:	d0000128 	.word	0xd0000128
20001f7c:	20001dcd 	.word	0x20001dcd
20001f80:	40056038 	.word	0x40056038
20001f84:	20006784 	.word	0x20006784
20001f88:	20007b59 	.word	0x20007b59

20001f8c <hardware_alarm_set_target>:
20001f8c:	b5f0      	push	{r4, r5, r6, r7, lr}
20001f8e:	46de      	mov	lr, fp
20001f90:	b500      	push	{lr}
20001f92:	b084      	sub	sp, #16
20001f94:	0004      	movs	r4, r0
20001f96:	0015      	movs	r5, r2
20001f98:	9201      	str	r2, [sp, #4]
20001f9a:	001e      	movs	r6, r3
20001f9c:	9302      	str	r3, [sp, #8]
20001f9e:	f7ff ff69 	bl	20001e74 <time_us_64>
20001fa2:	9503      	str	r5, [sp, #12]
20001fa4:	428e      	cmp	r6, r1
20001fa6:	d802      	bhi.n	20001fae <hardware_alarm_set_target+0x22>
20001fa8:	d14e      	bne.n	20002048 <hardware_alarm_set_target+0xbc>
20001faa:	4285      	cmp	r5, r0
20001fac:	d94c      	bls.n	20002048 <hardware_alarm_set_target+0xbc>
20001fae:	f3ef 8b10 	mrs	fp, PRIMASK
20001fb2:	b672      	cpsid	i
20001fb4:	4b27      	ldr	r3, [pc, #156]	; (20002054 <hardware_alarm_set_target+0xc8>)
20001fb6:	681b      	ldr	r3, [r3, #0]
20001fb8:	2b00      	cmp	r3, #0
20001fba:	d0fb      	beq.n	20001fb4 <hardware_alarm_set_target+0x28>
20001fbc:	f3bf 8f5f 	dmb	sy
20001fc0:	4a25      	ldr	r2, [pc, #148]	; (20002058 <hardware_alarm_set_target+0xcc>)
20001fc2:	7817      	ldrb	r7, [r2, #0]
20001fc4:	2501      	movs	r5, #1
20001fc6:	40a5      	lsls	r5, r4
20001fc8:	b2eb      	uxtb	r3, r5
20001fca:	433b      	orrs	r3, r7
20001fcc:	7013      	strb	r3, [r2, #0]
20001fce:	4b23      	ldr	r3, [pc, #140]	; (2000205c <hardware_alarm_set_target+0xd0>)
20001fd0:	635d      	str	r5, [r3, #52]	; 0x34
20001fd2:	1d22      	adds	r2, r4, #4
20001fd4:	0092      	lsls	r2, r2, #2
20001fd6:	9901      	ldr	r1, [sp, #4]
20001fd8:	50d1      	str	r1, [r2, r3]
20001fda:	00a2      	lsls	r2, r4, #2
20001fdc:	4920      	ldr	r1, [pc, #128]	; (20002060 <hardware_alarm_set_target+0xd4>)
20001fde:	9802      	ldr	r0, [sp, #8]
20001fe0:	5050      	str	r0, [r2, r1]
20001fe2:	6a1b      	ldr	r3, [r3, #32]
20001fe4:	422b      	tst	r3, r5
20001fe6:	d112      	bne.n	2000200e <hardware_alarm_set_target+0x82>
20001fe8:	4b1c      	ldr	r3, [pc, #112]	; (2000205c <hardware_alarm_set_target+0xd0>)
20001fea:	6c1b      	ldr	r3, [r3, #64]	; 0x40
20001fec:	422b      	tst	r3, r5
20001fee:	d008      	beq.n	20002002 <hardware_alarm_set_target+0x76>
20001ff0:	2000      	movs	r0, #0
20001ff2:	f3bf 8f5f 	dmb	sy
20001ff6:	4b17      	ldr	r3, [pc, #92]	; (20002054 <hardware_alarm_set_target+0xc8>)
20001ff8:	2200      	movs	r2, #0
20001ffa:	601a      	str	r2, [r3, #0]
20001ffc:	f38b 8810 	msr	PRIMASK, fp
20002000:	e023      	b.n	2000204a <hardware_alarm_set_target+0xbe>
20002002:	4b18      	ldr	r3, [pc, #96]	; (20002064 <hardware_alarm_set_target+0xd8>)
20002004:	4a18      	ldr	r2, [pc, #96]	; (20002068 <hardware_alarm_set_target+0xdc>)
20002006:	21c5      	movs	r1, #197	; 0xc5
20002008:	4818      	ldr	r0, [pc, #96]	; (2000206c <hardware_alarm_set_target+0xe0>)
2000200a:	f000 fd17 	bl	20002a3c <__assert_func>
2000200e:	f7ff ff31 	bl	20001e74 <time_us_64>
20002012:	428e      	cmp	r6, r1
20002014:	d814      	bhi.n	20002040 <hardware_alarm_set_target+0xb4>
20002016:	d102      	bne.n	2000201e <hardware_alarm_set_target+0x92>
20002018:	9b03      	ldr	r3, [sp, #12]
2000201a:	4283      	cmp	r3, r0
2000201c:	d810      	bhi.n	20002040 <hardware_alarm_set_target+0xb4>
2000201e:	4b0e      	ldr	r3, [pc, #56]	; (20002058 <hardware_alarm_set_target+0xcc>)
20002020:	781b      	ldrb	r3, [r3, #0]
20002022:	42bb      	cmp	r3, r7
20002024:	d00e      	beq.n	20002044 <hardware_alarm_set_target+0xb8>
20002026:	4b0d      	ldr	r3, [pc, #52]	; (2000205c <hardware_alarm_set_target+0xd0>)
20002028:	621d      	str	r5, [r3, #32]
2000202a:	635d      	str	r5, [r3, #52]	; 0x34
2000202c:	201f      	movs	r0, #31
2000202e:	4004      	ands	r4, r0
20002030:	2301      	movs	r3, #1
20002032:	40a3      	lsls	r3, r4
20002034:	4a0e      	ldr	r2, [pc, #56]	; (20002070 <hardware_alarm_set_target+0xe4>)
20002036:	6013      	str	r3, [r2, #0]
20002038:	4b07      	ldr	r3, [pc, #28]	; (20002058 <hardware_alarm_set_target+0xcc>)
2000203a:	701f      	strb	r7, [r3, #0]
2000203c:	381e      	subs	r0, #30
2000203e:	e7d8      	b.n	20001ff2 <hardware_alarm_set_target+0x66>
20002040:	2000      	movs	r0, #0
20002042:	e7d6      	b.n	20001ff2 <hardware_alarm_set_target+0x66>
20002044:	2001      	movs	r0, #1
20002046:	e7d4      	b.n	20001ff2 <hardware_alarm_set_target+0x66>
20002048:	2001      	movs	r0, #1
2000204a:	b004      	add	sp, #16
2000204c:	bc80      	pop	{r7}
2000204e:	46bb      	mov	fp, r7
20002050:	bdf0      	pop	{r4, r5, r6, r7, pc}
20002052:	46c0      	nop			; (mov r8, r8)
20002054:	d0000128 	.word	0xd0000128
20002058:	20007b59 	.word	0x20007b59
2000205c:	40054000 	.word	0x40054000
20002060:	20007b38 	.word	0x20007b38
20002064:	20005bb8 	.word	0x20005bb8
20002068:	20005c1c 	.word	0x20005c1c
2000206c:	20005bdc 	.word	0x20005bdc
20002070:	e000e280 	.word	0xe000e280

20002074 <hardware_alarm_cancel>:
20002074:	f3ef 8c10 	mrs	ip, PRIMASK
20002078:	b672      	cpsid	i
2000207a:	4b0b      	ldr	r3, [pc, #44]	; (200020a8 <hardware_alarm_cancel+0x34>)
2000207c:	681b      	ldr	r3, [r3, #0]
2000207e:	2b00      	cmp	r3, #0
20002080:	d0fb      	beq.n	2000207a <hardware_alarm_cancel+0x6>
20002082:	f3bf 8f5f 	dmb	sy
20002086:	2301      	movs	r3, #1
20002088:	4083      	lsls	r3, r0
2000208a:	4a08      	ldr	r2, [pc, #32]	; (200020ac <hardware_alarm_cancel+0x38>)
2000208c:	6213      	str	r3, [r2, #32]
2000208e:	4908      	ldr	r1, [pc, #32]	; (200020b0 <hardware_alarm_cancel+0x3c>)
20002090:	780a      	ldrb	r2, [r1, #0]
20002092:	439a      	bics	r2, r3
20002094:	700a      	strb	r2, [r1, #0]
20002096:	f3bf 8f5f 	dmb	sy
2000209a:	4b03      	ldr	r3, [pc, #12]	; (200020a8 <hardware_alarm_cancel+0x34>)
2000209c:	2200      	movs	r2, #0
2000209e:	601a      	str	r2, [r3, #0]
200020a0:	f38c 8810 	msr	PRIMASK, ip
200020a4:	4770      	bx	lr
200020a6:	46c0      	nop			; (mov r8, r8)
200020a8:	d0000128 	.word	0xd0000128
200020ac:	40054000 	.word	0x40054000
200020b0:	20007b59 	.word	0x20007b59

200020b4 <ph_add_child_node>:
200020b4:	b510      	push	{r4, lr}
200020b6:	2900      	cmp	r1, #0
200020b8:	d01e      	beq.n	200020f8 <ph_add_child_node+0x44>
200020ba:	7b03      	ldrb	r3, [r0, #12]
200020bc:	4299      	cmp	r1, r3
200020be:	d81b      	bhi.n	200020f8 <ph_add_child_node+0x44>
200020c0:	004b      	lsls	r3, r1, #1
200020c2:	185b      	adds	r3, r3, r1
200020c4:	3b03      	subs	r3, #3
200020c6:	6804      	ldr	r4, [r0, #0]
200020c8:	46a4      	mov	ip, r4
200020ca:	4463      	add	r3, ip
200020cc:	2900      	cmp	r1, #0
200020ce:	d019      	beq.n	20002104 <ph_add_child_node+0x50>
200020d0:	2a00      	cmp	r2, #0
200020d2:	d01d      	beq.n	20002110 <ph_add_child_node+0x5c>
200020d4:	4291      	cmp	r1, r2
200020d6:	d021      	beq.n	2000211c <ph_add_child_node+0x68>
200020d8:	2a00      	cmp	r2, #0
200020da:	d025      	beq.n	20002128 <ph_add_child_node+0x74>
200020dc:	7b04      	ldrb	r4, [r0, #12]
200020de:	42a2      	cmp	r2, r4
200020e0:	d822      	bhi.n	20002128 <ph_add_child_node+0x74>
200020e2:	6804      	ldr	r4, [r0, #0]
200020e4:	0050      	lsls	r0, r2, #1
200020e6:	1880      	adds	r0, r0, r2
200020e8:	3803      	subs	r0, #3
200020ea:	1820      	adds	r0, r4, r0
200020ec:	7081      	strb	r1, [r0, #2]
200020ee:	7819      	ldrb	r1, [r3, #0]
200020f0:	2900      	cmp	r1, #0
200020f2:	d11f      	bne.n	20002134 <ph_add_child_node+0x80>
200020f4:	701a      	strb	r2, [r3, #0]
200020f6:	bd10      	pop	{r4, pc}
200020f8:	4b10      	ldr	r3, [pc, #64]	; (2000213c <ph_add_child_node+0x88>)
200020fa:	4a11      	ldr	r2, [pc, #68]	; (20002140 <ph_add_child_node+0x8c>)
200020fc:	2168      	movs	r1, #104	; 0x68
200020fe:	4811      	ldr	r0, [pc, #68]	; (20002144 <ph_add_child_node+0x90>)
20002100:	f000 fc9c 	bl	20002a3c <__assert_func>
20002104:	4b10      	ldr	r3, [pc, #64]	; (20002148 <ph_add_child_node+0x94>)
20002106:	4a11      	ldr	r2, [pc, #68]	; (2000214c <ph_add_child_node+0x98>)
20002108:	316f      	adds	r1, #111	; 0x6f
2000210a:	480e      	ldr	r0, [pc, #56]	; (20002144 <ph_add_child_node+0x90>)
2000210c:	f000 fc96 	bl	20002a3c <__assert_func>
20002110:	4b0f      	ldr	r3, [pc, #60]	; (20002150 <ph_add_child_node+0x9c>)
20002112:	4a0e      	ldr	r2, [pc, #56]	; (2000214c <ph_add_child_node+0x98>)
20002114:	2170      	movs	r1, #112	; 0x70
20002116:	480b      	ldr	r0, [pc, #44]	; (20002144 <ph_add_child_node+0x90>)
20002118:	f000 fc90 	bl	20002a3c <__assert_func>
2000211c:	4b0d      	ldr	r3, [pc, #52]	; (20002154 <ph_add_child_node+0xa0>)
2000211e:	4a0b      	ldr	r2, [pc, #44]	; (2000214c <ph_add_child_node+0x98>)
20002120:	2171      	movs	r1, #113	; 0x71
20002122:	4808      	ldr	r0, [pc, #32]	; (20002144 <ph_add_child_node+0x90>)
20002124:	f000 fc8a 	bl	20002a3c <__assert_func>
20002128:	4b04      	ldr	r3, [pc, #16]	; (2000213c <ph_add_child_node+0x88>)
2000212a:	4a05      	ldr	r2, [pc, #20]	; (20002140 <ph_add_child_node+0x8c>)
2000212c:	2168      	movs	r1, #104	; 0x68
2000212e:	4805      	ldr	r0, [pc, #20]	; (20002144 <ph_add_child_node+0x90>)
20002130:	f000 fc84 	bl	20002a3c <__assert_func>
20002134:	7041      	strb	r1, [r0, #1]
20002136:	701a      	strb	r2, [r3, #0]
20002138:	e7dd      	b.n	200020f6 <ph_add_child_node+0x42>
2000213a:	46c0      	nop			; (mov r8, r8)
2000213c:	200058c8 	.word	0x200058c8
20002140:	20005d38 	.word	0x20005d38
20002144:	200058e4 	.word	0x200058e4
20002148:	2000592c 	.word	0x2000592c
2000214c:	20005d24 	.word	0x20005d24
20002150:	20005938 	.word	0x20005938
20002154:	20005944 	.word	0x20005944

20002158 <ph_merge_nodes>:
20002158:	b570      	push	{r4, r5, r6, lr}
2000215a:	0006      	movs	r6, r0
2000215c:	000d      	movs	r5, r1
2000215e:	0014      	movs	r4, r2
20002160:	2900      	cmp	r1, #0
20002162:	d014      	beq.n	2000218e <ph_merge_nodes+0x36>
20002164:	2a00      	cmp	r2, #0
20002166:	d014      	beq.n	20002192 <ph_merge_nodes+0x3a>
20002168:	6880      	ldr	r0, [r0, #8]
2000216a:	6873      	ldr	r3, [r6, #4]
2000216c:	4798      	blx	r3
2000216e:	2800      	cmp	r0, #0
20002170:	d006      	beq.n	20002180 <ph_merge_nodes+0x28>
20002172:	0022      	movs	r2, r4
20002174:	0029      	movs	r1, r5
20002176:	0030      	movs	r0, r6
20002178:	f7ff ff9c 	bl	200020b4 <ph_add_child_node>
2000217c:	0028      	movs	r0, r5
2000217e:	e007      	b.n	20002190 <ph_merge_nodes+0x38>
20002180:	002a      	movs	r2, r5
20002182:	0021      	movs	r1, r4
20002184:	0030      	movs	r0, r6
20002186:	f7ff ff95 	bl	200020b4 <ph_add_child_node>
2000218a:	0020      	movs	r0, r4
2000218c:	e000      	b.n	20002190 <ph_merge_nodes+0x38>
2000218e:	0010      	movs	r0, r2
20002190:	bd70      	pop	{r4, r5, r6, pc}
20002192:	0008      	movs	r0, r1
20002194:	e7fc      	b.n	20002190 <ph_merge_nodes+0x38>
	...

20002198 <ph_clear>:
20002198:	b510      	push	{r4, lr}
2000219a:	2300      	movs	r3, #0
2000219c:	7343      	strb	r3, [r0, #13]
2000219e:	3301      	adds	r3, #1
200021a0:	7383      	strb	r3, [r0, #14]
200021a2:	7b03      	ldrb	r3, [r0, #12]
200021a4:	73c3      	strb	r3, [r0, #15]
200021a6:	2301      	movs	r3, #1
200021a8:	7b02      	ldrb	r2, [r0, #12]
200021aa:	429a      	cmp	r2, r3
200021ac:	d914      	bls.n	200021d8 <ph_clear+0x40>
200021ae:	2b00      	cmp	r3, #0
200021b0:	d00c      	beq.n	200021cc <ph_clear+0x34>
200021b2:	7b02      	ldrb	r2, [r0, #12]
200021b4:	4293      	cmp	r3, r2
200021b6:	d809      	bhi.n	200021cc <ph_clear+0x34>
200021b8:	005a      	lsls	r2, r3, #1
200021ba:	18d2      	adds	r2, r2, r3
200021bc:	3a03      	subs	r2, #3
200021be:	6801      	ldr	r1, [r0, #0]
200021c0:	468c      	mov	ip, r1
200021c2:	4462      	add	r2, ip
200021c4:	3301      	adds	r3, #1
200021c6:	b2db      	uxtb	r3, r3
200021c8:	7053      	strb	r3, [r2, #1]
200021ca:	e7ed      	b.n	200021a8 <ph_clear+0x10>
200021cc:	4b0b      	ldr	r3, [pc, #44]	; (200021fc <ph_clear+0x64>)
200021ce:	4a0c      	ldr	r2, [pc, #48]	; (20002200 <ph_clear+0x68>)
200021d0:	2168      	movs	r1, #104	; 0x68
200021d2:	480c      	ldr	r0, [pc, #48]	; (20002204 <ph_clear+0x6c>)
200021d4:	f000 fc32 	bl	20002a3c <__assert_func>
200021d8:	2a00      	cmp	r2, #0
200021da:	d009      	beq.n	200021f0 <ph_clear+0x58>
200021dc:	4292      	cmp	r2, r2
200021de:	d807      	bhi.n	200021f0 <ph_clear+0x58>
200021e0:	6801      	ldr	r1, [r0, #0]
200021e2:	0053      	lsls	r3, r2, #1
200021e4:	189a      	adds	r2, r3, r2
200021e6:	3a03      	subs	r2, #3
200021e8:	188a      	adds	r2, r1, r2
200021ea:	2300      	movs	r3, #0
200021ec:	7053      	strb	r3, [r2, #1]
200021ee:	bd10      	pop	{r4, pc}
200021f0:	4b02      	ldr	r3, [pc, #8]	; (200021fc <ph_clear+0x64>)
200021f2:	4a03      	ldr	r2, [pc, #12]	; (20002200 <ph_clear+0x68>)
200021f4:	2168      	movs	r1, #104	; 0x68
200021f6:	4803      	ldr	r0, [pc, #12]	; (20002204 <ph_clear+0x6c>)
200021f8:	f000 fc20 	bl	20002a3c <__assert_func>
200021fc:	200058c8 	.word	0x200058c8
20002200:	20005d38 	.word	0x20005d38
20002204:	200058e4 	.word	0x200058e4

20002208 <ph_post_alloc_init>:
20002208:	b510      	push	{r4, lr}
2000220a:	7301      	strb	r1, [r0, #12]
2000220c:	6042      	str	r2, [r0, #4]
2000220e:	6083      	str	r3, [r0, #8]
20002210:	f7ff ffc2 	bl	20002198 <ph_clear>
20002214:	bd10      	pop	{r4, pc}
	...

20002218 <ph_merge_two_pass>:
20002218:	b570      	push	{r4, r5, r6, lr}
2000221a:	0004      	movs	r4, r0
2000221c:	1e08      	subs	r0, r1, #0
2000221e:	d100      	bne.n	20002222 <ph_merge_two_pass+0xa>
20002220:	bd70      	pop	{r4, r5, r6, pc}
20002222:	2900      	cmp	r1, #0
20002224:	d034      	beq.n	20002290 <ph_merge_two_pass+0x78>
20002226:	7b23      	ldrb	r3, [r4, #12]
20002228:	4299      	cmp	r1, r3
2000222a:	d831      	bhi.n	20002290 <ph_merge_two_pass+0x78>
2000222c:	004b      	lsls	r3, r1, #1
2000222e:	185b      	adds	r3, r3, r1
20002230:	3b03      	subs	r3, #3
20002232:	6822      	ldr	r2, [r4, #0]
20002234:	4694      	mov	ip, r2
20002236:	4463      	add	r3, ip
20002238:	785a      	ldrb	r2, [r3, #1]
2000223a:	2a00      	cmp	r2, #0
2000223c:	d0f0      	beq.n	20002220 <ph_merge_two_pass+0x8>
2000223e:	d02d      	beq.n	2000229c <ph_merge_two_pass+0x84>
20002240:	7b23      	ldrb	r3, [r4, #12]
20002242:	429a      	cmp	r2, r3
20002244:	d82a      	bhi.n	2000229c <ph_merge_two_pass+0x84>
20002246:	0053      	lsls	r3, r2, #1
20002248:	189b      	adds	r3, r3, r2
2000224a:	3b03      	subs	r3, #3
2000224c:	6821      	ldr	r1, [r4, #0]
2000224e:	468c      	mov	ip, r1
20002250:	4463      	add	r3, ip
20002252:	785d      	ldrb	r5, [r3, #1]
20002254:	2100      	movs	r1, #0
20002256:	7059      	strb	r1, [r3, #1]
20002258:	2800      	cmp	r0, #0
2000225a:	d025      	beq.n	200022a8 <ph_merge_two_pass+0x90>
2000225c:	7b23      	ldrb	r3, [r4, #12]
2000225e:	4298      	cmp	r0, r3
20002260:	d822      	bhi.n	200022a8 <ph_merge_two_pass+0x90>
20002262:	0043      	lsls	r3, r0, #1
20002264:	181b      	adds	r3, r3, r0
20002266:	3b03      	subs	r3, #3
20002268:	6821      	ldr	r1, [r4, #0]
2000226a:	468c      	mov	ip, r1
2000226c:	4463      	add	r3, ip
2000226e:	2100      	movs	r1, #0
20002270:	7059      	strb	r1, [r3, #1]
20002272:	0001      	movs	r1, r0
20002274:	0020      	movs	r0, r4
20002276:	f7ff ff6f 	bl	20002158 <ph_merge_nodes>
2000227a:	0006      	movs	r6, r0
2000227c:	0029      	movs	r1, r5
2000227e:	0020      	movs	r0, r4
20002280:	f7ff ffca 	bl	20002218 <ph_merge_two_pass>
20002284:	0002      	movs	r2, r0
20002286:	0031      	movs	r1, r6
20002288:	0020      	movs	r0, r4
2000228a:	f7ff ff65 	bl	20002158 <ph_merge_nodes>
2000228e:	e7c7      	b.n	20002220 <ph_merge_two_pass+0x8>
20002290:	4b08      	ldr	r3, [pc, #32]	; (200022b4 <ph_merge_two_pass+0x9c>)
20002292:	4a09      	ldr	r2, [pc, #36]	; (200022b8 <ph_merge_two_pass+0xa0>)
20002294:	2168      	movs	r1, #104	; 0x68
20002296:	4809      	ldr	r0, [pc, #36]	; (200022bc <ph_merge_two_pass+0xa4>)
20002298:	f000 fbd0 	bl	20002a3c <__assert_func>
2000229c:	4b05      	ldr	r3, [pc, #20]	; (200022b4 <ph_merge_two_pass+0x9c>)
2000229e:	4a06      	ldr	r2, [pc, #24]	; (200022b8 <ph_merge_two_pass+0xa0>)
200022a0:	2168      	movs	r1, #104	; 0x68
200022a2:	4806      	ldr	r0, [pc, #24]	; (200022bc <ph_merge_two_pass+0xa4>)
200022a4:	f000 fbca 	bl	20002a3c <__assert_func>
200022a8:	4b02      	ldr	r3, [pc, #8]	; (200022b4 <ph_merge_two_pass+0x9c>)
200022aa:	4a03      	ldr	r2, [pc, #12]	; (200022b8 <ph_merge_two_pass+0xa0>)
200022ac:	2168      	movs	r1, #104	; 0x68
200022ae:	4803      	ldr	r0, [pc, #12]	; (200022bc <ph_merge_two_pass+0xa4>)
200022b0:	f000 fbc4 	bl	20002a3c <__assert_func>
200022b4:	200058c8 	.word	0x200058c8
200022b8:	20005d38 	.word	0x20005d38
200022bc:	200058e4 	.word	0x200058e4

200022c0 <ph_remove_any_head>:
200022c0:	b570      	push	{r4, r5, r6, lr}
200022c2:	0005      	movs	r5, r0
200022c4:	000c      	movs	r4, r1
200022c6:	0016      	movs	r6, r2
200022c8:	2900      	cmp	r1, #0
200022ca:	d02f      	beq.n	2000232c <ph_remove_any_head+0x6c>
200022cc:	d034      	beq.n	20002338 <ph_remove_any_head+0x78>
200022ce:	7b03      	ldrb	r3, [r0, #12]
200022d0:	4299      	cmp	r1, r3
200022d2:	d831      	bhi.n	20002338 <ph_remove_any_head+0x78>
200022d4:	004b      	lsls	r3, r1, #1
200022d6:	185b      	adds	r3, r3, r1
200022d8:	3b03      	subs	r3, #3
200022da:	6802      	ldr	r2, [r0, #0]
200022dc:	4694      	mov	ip, r2
200022de:	4463      	add	r3, ip
200022e0:	785a      	ldrb	r2, [r3, #1]
200022e2:	2a00      	cmp	r2, #0
200022e4:	d12e      	bne.n	20002344 <ph_remove_any_head+0x84>
200022e6:	789a      	ldrb	r2, [r3, #2]
200022e8:	2a00      	cmp	r2, #0
200022ea:	d131      	bne.n	20002350 <ph_remove_any_head+0x90>
200022ec:	7819      	ldrb	r1, [r3, #0]
200022ee:	f7ff ff93 	bl	20002218 <ph_merge_two_pass>
200022f2:	0003      	movs	r3, r0
200022f4:	2e00      	cmp	r6, #0
200022f6:	d00a      	beq.n	2000230e <ph_remove_any_head+0x4e>
200022f8:	7bea      	ldrb	r2, [r5, #15]
200022fa:	2a00      	cmp	r2, #0
200022fc:	d12e      	bne.n	2000235c <ph_remove_any_head+0x9c>
200022fe:	7baa      	ldrb	r2, [r5, #14]
20002300:	2a00      	cmp	r2, #0
20002302:	d103      	bne.n	2000230c <ph_remove_any_head+0x4c>
20002304:	7bea      	ldrb	r2, [r5, #15]
20002306:	2a00      	cmp	r2, #0
20002308:	d13b      	bne.n	20002382 <ph_remove_any_head+0xc2>
2000230a:	73ac      	strb	r4, [r5, #14]
2000230c:	73ec      	strb	r4, [r5, #15]
2000230e:	2b00      	cmp	r3, #0
20002310:	d13d      	bne.n	2000238e <ph_remove_any_head+0xce>
20002312:	2c00      	cmp	r4, #0
20002314:	d04f      	beq.n	200023b6 <ph_remove_any_head+0xf6>
20002316:	7b2b      	ldrb	r3, [r5, #12]
20002318:	429c      	cmp	r4, r3
2000231a:	d84c      	bhi.n	200023b6 <ph_remove_any_head+0xf6>
2000231c:	682b      	ldr	r3, [r5, #0]
2000231e:	0061      	lsls	r1, r4, #1
20002320:	190c      	adds	r4, r1, r4
20002322:	3c03      	subs	r4, #3
20002324:	191c      	adds	r4, r3, r4
20002326:	2300      	movs	r3, #0
20002328:	7063      	strb	r3, [r4, #1]
2000232a:	bd70      	pop	{r4, r5, r6, pc}
2000232c:	4b25      	ldr	r3, [pc, #148]	; (200023c4 <ph_remove_any_head+0x104>)
2000232e:	4a26      	ldr	r2, [pc, #152]	; (200023c8 <ph_remove_any_head+0x108>)
20002330:	2138      	movs	r1, #56	; 0x38
20002332:	4826      	ldr	r0, [pc, #152]	; (200023cc <ph_remove_any_head+0x10c>)
20002334:	f000 fb82 	bl	20002a3c <__assert_func>
20002338:	4b25      	ldr	r3, [pc, #148]	; (200023d0 <ph_remove_any_head+0x110>)
2000233a:	4a26      	ldr	r2, [pc, #152]	; (200023d4 <ph_remove_any_head+0x114>)
2000233c:	2168      	movs	r1, #104	; 0x68
2000233e:	4826      	ldr	r0, [pc, #152]	; (200023d8 <ph_remove_any_head+0x118>)
20002340:	f000 fb7c 	bl	20002a3c <__assert_func>
20002344:	4b25      	ldr	r3, [pc, #148]	; (200023dc <ph_remove_any_head+0x11c>)
20002346:	4a20      	ldr	r2, [pc, #128]	; (200023c8 <ph_remove_any_head+0x108>)
20002348:	213a      	movs	r1, #58	; 0x3a
2000234a:	4820      	ldr	r0, [pc, #128]	; (200023cc <ph_remove_any_head+0x10c>)
2000234c:	f000 fb76 	bl	20002a3c <__assert_func>
20002350:	4b23      	ldr	r3, [pc, #140]	; (200023e0 <ph_remove_any_head+0x120>)
20002352:	4a1d      	ldr	r2, [pc, #116]	; (200023c8 <ph_remove_any_head+0x108>)
20002354:	213b      	movs	r1, #59	; 0x3b
20002356:	481d      	ldr	r0, [pc, #116]	; (200023cc <ph_remove_any_head+0x10c>)
20002358:	f000 fb70 	bl	20002a3c <__assert_func>
2000235c:	2a00      	cmp	r2, #0
2000235e:	d00a      	beq.n	20002376 <ph_remove_any_head+0xb6>
20002360:	7b29      	ldrb	r1, [r5, #12]
20002362:	428a      	cmp	r2, r1
20002364:	d807      	bhi.n	20002376 <ph_remove_any_head+0xb6>
20002366:	0051      	lsls	r1, r2, #1
20002368:	188a      	adds	r2, r1, r2
2000236a:	3a03      	subs	r2, #3
2000236c:	6829      	ldr	r1, [r5, #0]
2000236e:	468c      	mov	ip, r1
20002370:	4462      	add	r2, ip
20002372:	7054      	strb	r4, [r2, #1]
20002374:	e7c3      	b.n	200022fe <ph_remove_any_head+0x3e>
20002376:	4b16      	ldr	r3, [pc, #88]	; (200023d0 <ph_remove_any_head+0x110>)
20002378:	4a16      	ldr	r2, [pc, #88]	; (200023d4 <ph_remove_any_head+0x114>)
2000237a:	2168      	movs	r1, #104	; 0x68
2000237c:	4816      	ldr	r0, [pc, #88]	; (200023d8 <ph_remove_any_head+0x118>)
2000237e:	f000 fb5d 	bl	20002a3c <__assert_func>
20002382:	4b18      	ldr	r3, [pc, #96]	; (200023e4 <ph_remove_any_head+0x124>)
20002384:	4a10      	ldr	r2, [pc, #64]	; (200023c8 <ph_remove_any_head+0x108>)
20002386:	2142      	movs	r1, #66	; 0x42
20002388:	4810      	ldr	r0, [pc, #64]	; (200023cc <ph_remove_any_head+0x10c>)
2000238a:	f000 fb57 	bl	20002a3c <__assert_func>
2000238e:	2b00      	cmp	r3, #0
20002390:	d00b      	beq.n	200023aa <ph_remove_any_head+0xea>
20002392:	7b2a      	ldrb	r2, [r5, #12]
20002394:	4293      	cmp	r3, r2
20002396:	d808      	bhi.n	200023aa <ph_remove_any_head+0xea>
20002398:	0043      	lsls	r3, r0, #1
2000239a:	181b      	adds	r3, r3, r0
2000239c:	3b03      	subs	r3, #3
2000239e:	682a      	ldr	r2, [r5, #0]
200023a0:	4694      	mov	ip, r2
200023a2:	4463      	add	r3, ip
200023a4:	2200      	movs	r2, #0
200023a6:	709a      	strb	r2, [r3, #2]
200023a8:	e7b3      	b.n	20002312 <ph_remove_any_head+0x52>
200023aa:	4b09      	ldr	r3, [pc, #36]	; (200023d0 <ph_remove_any_head+0x110>)
200023ac:	4a09      	ldr	r2, [pc, #36]	; (200023d4 <ph_remove_any_head+0x114>)
200023ae:	2168      	movs	r1, #104	; 0x68
200023b0:	4809      	ldr	r0, [pc, #36]	; (200023d8 <ph_remove_any_head+0x118>)
200023b2:	f000 fb43 	bl	20002a3c <__assert_func>
200023b6:	4b06      	ldr	r3, [pc, #24]	; (200023d0 <ph_remove_any_head+0x110>)
200023b8:	4a06      	ldr	r2, [pc, #24]	; (200023d4 <ph_remove_any_head+0x114>)
200023ba:	2168      	movs	r1, #104	; 0x68
200023bc:	4806      	ldr	r0, [pc, #24]	; (200023d8 <ph_remove_any_head+0x118>)
200023be:	f000 fb3d 	bl	20002a3c <__assert_func>
200023c2:	46c0      	nop			; (mov r8, r8)
200023c4:	20005c50 	.word	0x20005c50
200023c8:	20005d10 	.word	0x20005d10
200023cc:	20005c58 	.word	0x20005c58
200023d0:	200058c8 	.word	0x200058c8
200023d4:	20005d38 	.word	0x20005d38
200023d8:	200058e4 	.word	0x200058e4
200023dc:	20005c8c 	.word	0x20005c8c
200023e0:	20005cb4 	.word	0x20005cb4
200023e4:	20005a08 	.word	0x20005a08

200023e8 <ph_remove_head>:
200023e8:	b570      	push	{r4, r5, r6, lr}
200023ea:	0004      	movs	r4, r0
200023ec:	000a      	movs	r2, r1
200023ee:	7b45      	ldrb	r5, [r0, #13]
200023f0:	0029      	movs	r1, r5
200023f2:	f7ff ff65 	bl	200022c0 <ph_remove_any_head>
200023f6:	7360      	strb	r0, [r4, #13]
200023f8:	0028      	movs	r0, r5
200023fa:	bd70      	pop	{r4, r5, r6, pc}

200023fc <ph_remove_and_free_node>:
200023fc:	b570      	push	{r4, r5, r6, lr}
200023fe:	0004      	movs	r4, r0
20002400:	2900      	cmp	r1, #0
20002402:	d067      	beq.n	200024d4 <ph_remove_and_free_node+0xd8>
20002404:	7b43      	ldrb	r3, [r0, #13]
20002406:	428b      	cmp	r3, r1
20002408:	d00e      	beq.n	20002428 <ph_remove_and_free_node+0x2c>
2000240a:	2900      	cmp	r1, #0
2000240c:	d011      	beq.n	20002432 <ph_remove_and_free_node+0x36>
2000240e:	7b03      	ldrb	r3, [r0, #12]
20002410:	4299      	cmp	r1, r3
20002412:	d80e      	bhi.n	20002432 <ph_remove_and_free_node+0x36>
20002414:	004b      	lsls	r3, r1, #1
20002416:	185b      	adds	r3, r3, r1
20002418:	3b03      	subs	r3, #3
2000241a:	6802      	ldr	r2, [r0, #0]
2000241c:	18d0      	adds	r0, r2, r3
2000241e:	7883      	ldrb	r3, [r0, #2]
20002420:	2b00      	cmp	r3, #0
20002422:	d10c      	bne.n	2000243e <ph_remove_and_free_node+0x42>
20002424:	2000      	movs	r0, #0
20002426:	e056      	b.n	200024d6 <ph_remove_and_free_node+0xda>
20002428:	2101      	movs	r1, #1
2000242a:	f7ff ffdd 	bl	200023e8 <ph_remove_head>
2000242e:	2001      	movs	r0, #1
20002430:	e051      	b.n	200024d6 <ph_remove_and_free_node+0xda>
20002432:	4b29      	ldr	r3, [pc, #164]	; (200024d8 <ph_remove_and_free_node+0xdc>)
20002434:	4a29      	ldr	r2, [pc, #164]	; (200024dc <ph_remove_and_free_node+0xe0>)
20002436:	2168      	movs	r1, #104	; 0x68
20002438:	4829      	ldr	r0, [pc, #164]	; (200024e0 <ph_remove_and_free_node+0xe4>)
2000243a:	f000 faff 	bl	20002a3c <__assert_func>
2000243e:	2b00      	cmp	r3, #0
20002440:	d020      	beq.n	20002484 <ph_remove_and_free_node+0x88>
20002442:	7b22      	ldrb	r2, [r4, #12]
20002444:	4293      	cmp	r3, r2
20002446:	d81d      	bhi.n	20002484 <ph_remove_and_free_node+0x88>
20002448:	005a      	lsls	r2, r3, #1
2000244a:	18d3      	adds	r3, r2, r3
2000244c:	3b03      	subs	r3, #3
2000244e:	6822      	ldr	r2, [r4, #0]
20002450:	18d2      	adds	r2, r2, r3
20002452:	6825      	ldr	r5, [r4, #0]
20002454:	5ceb      	ldrb	r3, [r5, r3]
20002456:	428b      	cmp	r3, r1
20002458:	d01a      	beq.n	20002490 <ph_remove_and_free_node+0x94>
2000245a:	2b00      	cmp	r3, #0
2000245c:	d01b      	beq.n	20002496 <ph_remove_and_free_node+0x9a>
2000245e:	7b22      	ldrb	r2, [r4, #12]
20002460:	4293      	cmp	r3, r2
20002462:	d818      	bhi.n	20002496 <ph_remove_and_free_node+0x9a>
20002464:	005a      	lsls	r2, r3, #1
20002466:	18d3      	adds	r3, r2, r3
20002468:	3b03      	subs	r3, #3
2000246a:	6822      	ldr	r2, [r4, #0]
2000246c:	18d2      	adds	r2, r2, r3
2000246e:	7853      	ldrb	r3, [r2, #1]
20002470:	428b      	cmp	r3, r1
20002472:	d016      	beq.n	200024a2 <ph_remove_and_free_node+0xa6>
20002474:	2b00      	cmp	r3, #0
20002476:	d1f0      	bne.n	2000245a <ph_remove_and_free_node+0x5e>
20002478:	4b1a      	ldr	r3, [pc, #104]	; (200024e4 <ph_remove_and_free_node+0xe8>)
2000247a:	4a1b      	ldr	r2, [pc, #108]	; (200024e8 <ph_remove_and_free_node+0xec>)
2000247c:	216b      	movs	r1, #107	; 0x6b
2000247e:	481b      	ldr	r0, [pc, #108]	; (200024ec <ph_remove_and_free_node+0xf0>)
20002480:	f000 fadc 	bl	20002a3c <__assert_func>
20002484:	4b14      	ldr	r3, [pc, #80]	; (200024d8 <ph_remove_and_free_node+0xdc>)
20002486:	4a15      	ldr	r2, [pc, #84]	; (200024dc <ph_remove_and_free_node+0xe0>)
20002488:	2168      	movs	r1, #104	; 0x68
2000248a:	4815      	ldr	r0, [pc, #84]	; (200024e0 <ph_remove_and_free_node+0xe4>)
2000248c:	f000 fad6 	bl	20002a3c <__assert_func>
20002490:	7843      	ldrb	r3, [r0, #1]
20002492:	7013      	strb	r3, [r2, #0]
20002494:	e007      	b.n	200024a6 <ph_remove_and_free_node+0xaa>
20002496:	4b10      	ldr	r3, [pc, #64]	; (200024d8 <ph_remove_and_free_node+0xdc>)
20002498:	4a10      	ldr	r2, [pc, #64]	; (200024dc <ph_remove_and_free_node+0xe0>)
2000249a:	2168      	movs	r1, #104	; 0x68
2000249c:	4810      	ldr	r0, [pc, #64]	; (200024e0 <ph_remove_and_free_node+0xe4>)
2000249e:	f000 facd 	bl	20002a3c <__assert_func>
200024a2:	7843      	ldrb	r3, [r0, #1]
200024a4:	7053      	strb	r3, [r2, #1]
200024a6:	2300      	movs	r3, #0
200024a8:	7083      	strb	r3, [r0, #2]
200024aa:	7043      	strb	r3, [r0, #1]
200024ac:	2201      	movs	r2, #1
200024ae:	0020      	movs	r0, r4
200024b0:	f7ff ff06 	bl	200022c0 <ph_remove_any_head>
200024b4:	0002      	movs	r2, r0
200024b6:	7b61      	ldrb	r1, [r4, #13]
200024b8:	4281      	cmp	r1, r0
200024ba:	d005      	beq.n	200024c8 <ph_remove_and_free_node+0xcc>
200024bc:	0020      	movs	r0, r4
200024be:	f7ff fe4b 	bl	20002158 <ph_merge_nodes>
200024c2:	7360      	strb	r0, [r4, #13]
200024c4:	2001      	movs	r0, #1
200024c6:	e006      	b.n	200024d6 <ph_remove_and_free_node+0xda>
200024c8:	4b09      	ldr	r3, [pc, #36]	; (200024f0 <ph_remove_and_free_node+0xf4>)
200024ca:	4a07      	ldr	r2, [pc, #28]	; (200024e8 <ph_remove_and_free_node+0xec>)
200024cc:	2171      	movs	r1, #113	; 0x71
200024ce:	4807      	ldr	r0, [pc, #28]	; (200024ec <ph_remove_and_free_node+0xf0>)
200024d0:	f000 fab4 	bl	20002a3c <__assert_func>
200024d4:	2000      	movs	r0, #0
200024d6:	bd70      	pop	{r4, r5, r6, pc}
200024d8:	200058c8 	.word	0x200058c8
200024dc:	20005d38 	.word	0x20005d38
200024e0:	200058e4 	.word	0x200058e4
200024e4:	200056c8 	.word	0x200056c8
200024e8:	20005cf8 	.word	0x20005cf8
200024ec:	20005c58 	.word	0x20005c58
200024f0:	20005cd8 	.word	0x20005cd8

200024f4 <uart_disable_before_lcr_write>:
200024f4:	b570      	push	{r4, r5, r6, lr}
200024f6:	6b04      	ldr	r4, [r0, #48]	; 0x30
200024f8:	07e3      	lsls	r3, r4, #31
200024fa:	d401      	bmi.n	20002500 <uart_disable_before_lcr_write+0xc>
200024fc:	0020      	movs	r0, r4
200024fe:	bd70      	pop	{r4, r5, r6, pc}
20002500:	0002      	movs	r2, r0
20002502:	3230      	adds	r2, #48	; 0x30
20002504:	23c0      	movs	r3, #192	; 0xc0
20002506:	019b      	lsls	r3, r3, #6
20002508:	4313      	orrs	r3, r2
2000250a:	4a0a      	ldr	r2, [pc, #40]	; (20002534 <uart_disable_before_lcr_write+0x40>)
2000250c:	601a      	str	r2, [r3, #0]
2000250e:	6a45      	ldr	r5, [r0, #36]	; 0x24
20002510:	6a82      	ldr	r2, [r0, #40]	; 0x28
20002512:	01ad      	lsls	r5, r5, #6
20002514:	18ad      	adds	r5, r5, r2
20002516:	02ad      	lsls	r5, r5, #10
20002518:	2006      	movs	r0, #6
2000251a:	f000 f9d3 	bl	200028c4 <clock_get_hz>
2000251e:	4906      	ldr	r1, [pc, #24]	; (20002538 <uart_disable_before_lcr_write+0x44>)
20002520:	f001 fc3a 	bl	20003d98 <__wrap___aeabi_uidiv>
20002524:	0001      	movs	r1, r0
20002526:	0028      	movs	r0, r5
20002528:	f001 fc36 	bl	20003d98 <__wrap___aeabi_uidiv>
2000252c:	2100      	movs	r1, #0
2000252e:	f7ff fcc1 	bl	20001eb4 <busy_wait_us>
20002532:	e7e3      	b.n	200024fc <uart_disable_before_lcr_write+0x8>
20002534:	00000301 	.word	0x00000301
20002538:	00000e4e 	.word	0x00000e4e

2000253c <uart_write_lcr_bits_masked>:
2000253c:	b570      	push	{r4, r5, r6, lr}
2000253e:	0004      	movs	r4, r0
20002540:	000e      	movs	r6, r1
20002542:	0015      	movs	r5, r2
20002544:	f7ff ffd6 	bl	200024f4 <uart_disable_before_lcr_write>
20002548:	0022      	movs	r2, r4
2000254a:	322c      	adds	r2, #44	; 0x2c
2000254c:	6ae1      	ldr	r1, [r4, #44]	; 0x2c
2000254e:	404e      	eors	r6, r1
20002550:	4035      	ands	r5, r6
20002552:	2380      	movs	r3, #128	; 0x80
20002554:	015b      	lsls	r3, r3, #5
20002556:	4313      	orrs	r3, r2
20002558:	601d      	str	r5, [r3, #0]
2000255a:	6320      	str	r0, [r4, #48]	; 0x30
2000255c:	bd70      	pop	{r4, r5, r6, pc}
	...

20002560 <uart_set_baudrate>:
20002560:	b570      	push	{r4, r5, r6, lr}
20002562:	0005      	movs	r5, r0
20002564:	000c      	movs	r4, r1
20002566:	2006      	movs	r0, #6
20002568:	f000 f9ac 	bl	200028c4 <clock_get_hz>
2000256c:	00c0      	lsls	r0, r0, #3
2000256e:	0021      	movs	r1, r4
20002570:	f001 fc12 	bl	20003d98 <__wrap___aeabi_uidiv>
20002574:	09c6      	lsrs	r6, r0, #7
20002576:	d008      	beq.n	2000258a <uart_set_baudrate+0x2a>
20002578:	4b0e      	ldr	r3, [pc, #56]	; (200025b4 <uart_set_baudrate+0x54>)
2000257a:	429e      	cmp	r6, r3
2000257c:	d816      	bhi.n	200025ac <uart_set_baudrate+0x4c>
2000257e:	237f      	movs	r3, #127	; 0x7f
20002580:	4018      	ands	r0, r3
20002582:	3001      	adds	r0, #1
20002584:	0034      	movs	r4, r6
20002586:	0846      	lsrs	r6, r0, #1
20002588:	e000      	b.n	2000258c <uart_set_baudrate+0x2c>
2000258a:	2401      	movs	r4, #1
2000258c:	626c      	str	r4, [r5, #36]	; 0x24
2000258e:	62ae      	str	r6, [r5, #40]	; 0x28
20002590:	2200      	movs	r2, #0
20002592:	2100      	movs	r1, #0
20002594:	0028      	movs	r0, r5
20002596:	f7ff ffd1 	bl	2000253c <uart_write_lcr_bits_masked>
2000259a:	2006      	movs	r0, #6
2000259c:	f000 f992 	bl	200028c4 <clock_get_hz>
200025a0:	0080      	lsls	r0, r0, #2
200025a2:	01a1      	lsls	r1, r4, #6
200025a4:	1989      	adds	r1, r1, r6
200025a6:	f001 fbf7 	bl	20003d98 <__wrap___aeabi_uidiv>
200025aa:	bd70      	pop	{r4, r5, r6, pc}
200025ac:	2600      	movs	r6, #0
200025ae:	4c02      	ldr	r4, [pc, #8]	; (200025b8 <uart_set_baudrate+0x58>)
200025b0:	e7ec      	b.n	2000258c <uart_set_baudrate+0x2c>
200025b2:	46c0      	nop			; (mov r8, r8)
200025b4:	0000fffe 	.word	0x0000fffe
200025b8:	0000ffff 	.word	0x0000ffff

200025bc <uart_set_format>:
200025bc:	b510      	push	{r4, lr}
200025be:	3905      	subs	r1, #5
200025c0:	0149      	lsls	r1, r1, #5
200025c2:	3a01      	subs	r2, #1
200025c4:	00d2      	lsls	r2, r2, #3
200025c6:	4311      	orrs	r1, r2
200025c8:	2b00      	cmp	r3, #0
200025ca:	d009      	beq.n	200025e0 <uart_set_format+0x24>
200025cc:	2202      	movs	r2, #2
200025ce:	430a      	orrs	r2, r1
200025d0:	2b01      	cmp	r3, #1
200025d2:	d007      	beq.n	200025e4 <uart_set_format+0x28>
200025d4:	2100      	movs	r1, #0
200025d6:	4311      	orrs	r1, r2
200025d8:	226e      	movs	r2, #110	; 0x6e
200025da:	f7ff ffaf 	bl	2000253c <uart_write_lcr_bits_masked>
200025de:	bd10      	pop	{r4, pc}
200025e0:	2200      	movs	r2, #0
200025e2:	e7f4      	b.n	200025ce <uart_set_format+0x12>
200025e4:	2104      	movs	r1, #4
200025e6:	e7f6      	b.n	200025d6 <uart_set_format+0x1a>

200025e8 <uart_set_translate_crlf>:
200025e8:	2900      	cmp	r1, #0
200025ea:	d009      	beq.n	20002600 <uart_set_translate_crlf+0x18>
200025ec:	220a      	movs	r2, #10
200025ee:	4b06      	ldr	r3, [pc, #24]	; (20002608 <uart_set_translate_crlf+0x20>)
200025f0:	469c      	mov	ip, r3
200025f2:	4460      	add	r0, ip
200025f4:	4243      	negs	r3, r0
200025f6:	4158      	adcs	r0, r3
200025f8:	0040      	lsls	r0, r0, #1
200025fa:	4b04      	ldr	r3, [pc, #16]	; (2000260c <uart_set_translate_crlf+0x24>)
200025fc:	52c2      	strh	r2, [r0, r3]
200025fe:	4770      	bx	lr
20002600:	2280      	movs	r2, #128	; 0x80
20002602:	0052      	lsls	r2, r2, #1
20002604:	e7f3      	b.n	200025ee <uart_set_translate_crlf+0x6>
20002606:	46c0      	nop			; (mov r8, r8)
20002608:	bffc8000 	.word	0xbffc8000
2000260c:	20007b50 	.word	0x20007b50

20002610 <uart_init>:
20002610:	b570      	push	{r4, r5, r6, lr}
20002612:	0005      	movs	r5, r0
20002614:	000c      	movs	r4, r1
20002616:	2006      	movs	r0, #6
20002618:	f000 f954 	bl	200028c4 <clock_get_hz>
2000261c:	1e06      	subs	r6, r0, #0
2000261e:	d027      	beq.n	20002670 <uart_init+0x60>
20002620:	4b16      	ldr	r3, [pc, #88]	; (2000267c <uart_init+0x6c>)
20002622:	429d      	cmp	r5, r3
20002624:	d026      	beq.n	20002674 <uart_init+0x64>
20002626:	2280      	movs	r2, #128	; 0x80
20002628:	03d2      	lsls	r2, r2, #15
2000262a:	4b15      	ldr	r3, [pc, #84]	; (20002680 <uart_init+0x70>)
2000262c:	601a      	str	r2, [r3, #0]
2000262e:	4b15      	ldr	r3, [pc, #84]	; (20002684 <uart_init+0x74>)
20002630:	601a      	str	r2, [r3, #0]
20002632:	4b15      	ldr	r3, [pc, #84]	; (20002688 <uart_init+0x78>)
20002634:	689b      	ldr	r3, [r3, #8]
20002636:	0011      	movs	r1, r2
20002638:	4399      	bics	r1, r3
2000263a:	d1fa      	bne.n	20002632 <uart_init+0x22>
2000263c:	2100      	movs	r1, #0
2000263e:	0028      	movs	r0, r5
20002640:	f7ff ffd2 	bl	200025e8 <uart_set_translate_crlf>
20002644:	0021      	movs	r1, r4
20002646:	0028      	movs	r0, r5
20002648:	f7ff ff8a 	bl	20002560 <uart_set_baudrate>
2000264c:	0006      	movs	r6, r0
2000264e:	2300      	movs	r3, #0
20002650:	2201      	movs	r2, #1
20002652:	2108      	movs	r1, #8
20002654:	0028      	movs	r0, r5
20002656:	f7ff ffb1 	bl	200025bc <uart_set_format>
2000265a:	002a      	movs	r2, r5
2000265c:	322c      	adds	r2, #44	; 0x2c
2000265e:	2380      	movs	r3, #128	; 0x80
20002660:	019b      	lsls	r3, r3, #6
20002662:	4313      	orrs	r3, r2
20002664:	2210      	movs	r2, #16
20002666:	601a      	str	r2, [r3, #0]
20002668:	4b08      	ldr	r3, [pc, #32]	; (2000268c <uart_init+0x7c>)
2000266a:	632b      	str	r3, [r5, #48]	; 0x30
2000266c:	2303      	movs	r3, #3
2000266e:	64ab      	str	r3, [r5, #72]	; 0x48
20002670:	0030      	movs	r0, r6
20002672:	bd70      	pop	{r4, r5, r6, pc}
20002674:	2280      	movs	r2, #128	; 0x80
20002676:	0412      	lsls	r2, r2, #16
20002678:	e7d7      	b.n	2000262a <uart_init+0x1a>
2000267a:	46c0      	nop			; (mov r8, r8)
2000267c:	40038000 	.word	0x40038000
20002680:	4000e000 	.word	0x4000e000
20002684:	4000f000 	.word	0x4000f000
20002688:	4000c000 	.word	0x4000c000
2000268c:	00000301 	.word	0x00000301

20002690 <clock_stop>:
20002690:	0043      	lsls	r3, r0, #1
20002692:	181b      	adds	r3, r3, r0
20002694:	009b      	lsls	r3, r3, #2
20002696:	4a07      	ldr	r2, [pc, #28]	; (200026b4 <clock_stop+0x24>)
20002698:	4694      	mov	ip, r2
2000269a:	4463      	add	r3, ip
2000269c:	22c0      	movs	r2, #192	; 0xc0
2000269e:	0192      	lsls	r2, r2, #6
200026a0:	4313      	orrs	r3, r2
200026a2:	2280      	movs	r2, #128	; 0x80
200026a4:	0112      	lsls	r2, r2, #4
200026a6:	601a      	str	r2, [r3, #0]
200026a8:	0080      	lsls	r0, r0, #2
200026aa:	4b03      	ldr	r3, [pc, #12]	; (200026b8 <clock_stop+0x28>)
200026ac:	2200      	movs	r2, #0
200026ae:	50c2      	str	r2, [r0, r3]
200026b0:	4770      	bx	lr
200026b2:	46c0      	nop			; (mov r8, r8)
200026b4:	40008000 	.word	0x40008000
200026b8:	2000689c 	.word	0x2000689c

200026bc <clock_configure>:
200026bc:	b5f8      	push	{r3, r4, r5, r6, r7, lr}
200026be:	46de      	mov	lr, fp
200026c0:	4657      	mov	r7, sl
200026c2:	464e      	mov	r6, r9
200026c4:	4645      	mov	r5, r8
200026c6:	b5e0      	push	{r5, r6, r7, lr}
200026c8:	0005      	movs	r5, r0
200026ca:	000f      	movs	r7, r1
200026cc:	4692      	mov	sl, r2
200026ce:	9a0a      	ldr	r2, [sp, #40]	; 0x28
200026d0:	4293      	cmp	r3, r2
200026d2:	d350      	bcc.n	20002776 <clock_configure+0xba>
200026d4:	0e1a      	lsrs	r2, r3, #24
200026d6:	4691      	mov	r9, r2
200026d8:	021e      	lsls	r6, r3, #8
200026da:	9a0a      	ldr	r2, [sp, #40]	; 0x28
200026dc:	2300      	movs	r3, #0
200026de:	0030      	movs	r0, r6
200026e0:	4649      	mov	r1, r9
200026e2:	f001 fb97 	bl	20003e14 <__wrap___aeabi_uldivmod>
200026e6:	4680      	mov	r8, r0
200026e8:	006c      	lsls	r4, r5, #1
200026ea:	1964      	adds	r4, r4, r5
200026ec:	00a4      	lsls	r4, r4, #2
200026ee:	4b30      	ldr	r3, [pc, #192]	; (200027b0 <clock_configure+0xf4>)
200026f0:	469c      	mov	ip, r3
200026f2:	4464      	add	r4, ip
200026f4:	6863      	ldr	r3, [r4, #4]
200026f6:	4283      	cmp	r3, r0
200026f8:	d200      	bcs.n	200026fc <clock_configure+0x40>
200026fa:	6060      	str	r0, [r4, #4]
200026fc:	1f2b      	subs	r3, r5, #4
200026fe:	b2db      	uxtb	r3, r3
20002700:	469b      	mov	fp, r3
20002702:	2b01      	cmp	r3, #1
20002704:	d93d      	bls.n	20002782 <clock_configure+0xc6>
20002706:	23c0      	movs	r3, #192	; 0xc0
20002708:	019b      	lsls	r3, r3, #6
2000270a:	4323      	orrs	r3, r4
2000270c:	2280      	movs	r2, #128	; 0x80
2000270e:	0112      	lsls	r2, r2, #4
20002710:	601a      	str	r2, [r3, #0]
20002712:	00ab      	lsls	r3, r5, #2
20002714:	4a27      	ldr	r2, [pc, #156]	; (200027b4 <clock_configure+0xf8>)
20002716:	5899      	ldr	r1, [r3, r2]
20002718:	2900      	cmp	r1, #0
2000271a:	d007      	beq.n	2000272c <clock_configure+0x70>
2000271c:	6950      	ldr	r0, [r2, #20]
2000271e:	f001 fb3b 	bl	20003d98 <__wrap___aeabi_uidiv>
20002722:	1c43      	adds	r3, r0, #1
20002724:	0058      	lsls	r0, r3, #1
20002726:	18c0      	adds	r0, r0, r3
20002728:	3803      	subs	r0, #3
2000272a:	d2fd      	bcs.n	20002728 <clock_configure+0x6c>
2000272c:	4653      	mov	r3, sl
2000272e:	015a      	lsls	r2, r3, #5
20002730:	6823      	ldr	r3, [r4, #0]
20002732:	405a      	eors	r2, r3
20002734:	23e0      	movs	r3, #224	; 0xe0
20002736:	401a      	ands	r2, r3
20002738:	2380      	movs	r3, #128	; 0x80
2000273a:	015b      	lsls	r3, r3, #5
2000273c:	4323      	orrs	r3, r4
2000273e:	601a      	str	r2, [r3, #0]
20002740:	465a      	mov	r2, fp
20002742:	2a01      	cmp	r2, #1
20002744:	d928      	bls.n	20002798 <clock_configure+0xdc>
20002746:	2380      	movs	r3, #128	; 0x80
20002748:	019b      	lsls	r3, r3, #6
2000274a:	4323      	orrs	r3, r4
2000274c:	2280      	movs	r2, #128	; 0x80
2000274e:	0112      	lsls	r2, r2, #4
20002750:	601a      	str	r2, [r3, #0]
20002752:	4643      	mov	r3, r8
20002754:	6063      	str	r3, [r4, #4]
20002756:	4642      	mov	r2, r8
20002758:	2300      	movs	r3, #0
2000275a:	0030      	movs	r0, r6
2000275c:	4649      	mov	r1, r9
2000275e:	f001 fb59 	bl	20003e14 <__wrap___aeabi_uldivmod>
20002762:	00ad      	lsls	r5, r5, #2
20002764:	4b13      	ldr	r3, [pc, #76]	; (200027b4 <clock_configure+0xf8>)
20002766:	5158      	str	r0, [r3, r5]
20002768:	2001      	movs	r0, #1
2000276a:	bcf0      	pop	{r4, r5, r6, r7}
2000276c:	46bb      	mov	fp, r7
2000276e:	46b2      	mov	sl, r6
20002770:	46a9      	mov	r9, r5
20002772:	46a0      	mov	r8, r4
20002774:	bdf8      	pop	{r3, r4, r5, r6, r7, pc}
20002776:	4b10      	ldr	r3, [pc, #64]	; (200027b8 <clock_configure+0xfc>)
20002778:	4a10      	ldr	r2, [pc, #64]	; (200027bc <clock_configure+0x100>)
2000277a:	2133      	movs	r1, #51	; 0x33
2000277c:	4810      	ldr	r0, [pc, #64]	; (200027c0 <clock_configure+0x104>)
2000277e:	f000 f95d 	bl	20002a3c <__assert_func>
20002782:	2f01      	cmp	r7, #1
20002784:	d1bf      	bne.n	20002706 <clock_configure+0x4a>
20002786:	23c0      	movs	r3, #192	; 0xc0
20002788:	019b      	lsls	r3, r3, #6
2000278a:	4323      	orrs	r3, r4
2000278c:	2203      	movs	r2, #3
2000278e:	601a      	str	r2, [r3, #0]
20002790:	68a3      	ldr	r3, [r4, #8]
20002792:	07db      	lsls	r3, r3, #31
20002794:	d5fc      	bpl.n	20002790 <clock_configure+0xd4>
20002796:	e7c9      	b.n	2000272c <clock_configure+0x70>
20002798:	6821      	ldr	r1, [r4, #0]
2000279a:	4079      	eors	r1, r7
2000279c:	2203      	movs	r2, #3
2000279e:	400a      	ands	r2, r1
200027a0:	601a      	str	r2, [r3, #0]
200027a2:	68a2      	ldr	r2, [r4, #8]
200027a4:	2301      	movs	r3, #1
200027a6:	40bb      	lsls	r3, r7
200027a8:	4213      	tst	r3, r2
200027aa:	d0fa      	beq.n	200027a2 <clock_configure+0xe6>
200027ac:	e7cb      	b.n	20002746 <clock_configure+0x8a>
200027ae:	46c0      	nop			; (mov r8, r8)
200027b0:	40008000 	.word	0x40008000
200027b4:	2000689c 	.word	0x2000689c
200027b8:	20005d44 	.word	0x20005d44
200027bc:	20005d98 	.word	0x20005d98
200027c0:	20005d58 	.word	0x20005d58

200027c4 <clocks_init>:
200027c4:	b530      	push	{r4, r5, lr}
200027c6:	b083      	sub	sp, #12
200027c8:	200c      	movs	r0, #12
200027ca:	f000 f915 	bl	200029f8 <watchdog_start_tick>
200027ce:	f7fe fad1 	bl	20000d74 <running_on_fpga>
200027d2:	2800      	cmp	r0, #0
200027d4:	d00d      	beq.n	200027f2 <clocks_init+0x2e>
200027d6:	2300      	movs	r3, #0
200027d8:	e004      	b.n	200027e4 <clocks_init+0x20>
200027da:	0099      	lsls	r1, r3, #2
200027dc:	4a2d      	ldr	r2, [pc, #180]	; (20002894 <clocks_init+0xd0>)
200027de:	482e      	ldr	r0, [pc, #184]	; (20002898 <clocks_init+0xd4>)
200027e0:	5088      	str	r0, [r1, r2]
200027e2:	3301      	adds	r3, #1
200027e4:	2b09      	cmp	r3, #9
200027e6:	d9f8      	bls.n	200027da <clocks_init+0x16>
200027e8:	4b2a      	ldr	r3, [pc, #168]	; (20002894 <clocks_init+0xd0>)
200027ea:	4a2c      	ldr	r2, [pc, #176]	; (2000289c <clocks_init+0xd8>)
200027ec:	625a      	str	r2, [r3, #36]	; 0x24
200027ee:	b003      	add	sp, #12
200027f0:	bd30      	pop	{r4, r5, pc}
200027f2:	4b2b      	ldr	r3, [pc, #172]	; (200028a0 <clocks_init+0xdc>)
200027f4:	2200      	movs	r2, #0
200027f6:	679a      	str	r2, [r3, #120]	; 0x78
200027f8:	f000 f906 	bl	20002a08 <xosc_init>
200027fc:	4b29      	ldr	r3, [pc, #164]	; (200028a4 <clocks_init+0xe0>)
200027fe:	2201      	movs	r2, #1
20002800:	601a      	str	r2, [r3, #0]
20002802:	4b27      	ldr	r3, [pc, #156]	; (200028a0 <clocks_init+0xdc>)
20002804:	6c5b      	ldr	r3, [r3, #68]	; 0x44
20002806:	2b01      	cmp	r3, #1
20002808:	d1fb      	bne.n	20002802 <clocks_init+0x3e>
2000280a:	4b27      	ldr	r3, [pc, #156]	; (200028a8 <clocks_init+0xe4>)
2000280c:	2203      	movs	r2, #3
2000280e:	601a      	str	r2, [r3, #0]
20002810:	4b23      	ldr	r3, [pc, #140]	; (200028a0 <clocks_init+0xdc>)
20002812:	6b9b      	ldr	r3, [r3, #56]	; 0x38
20002814:	2b01      	cmp	r3, #1
20002816:	d1fb      	bne.n	20002810 <clocks_init+0x4c>
20002818:	3301      	adds	r3, #1
2000281a:	9300      	str	r3, [sp, #0]
2000281c:	3304      	adds	r3, #4
2000281e:	4a23      	ldr	r2, [pc, #140]	; (200028ac <clocks_init+0xe8>)
20002820:	2101      	movs	r1, #1
20002822:	4823      	ldr	r0, [pc, #140]	; (200028b0 <clocks_init+0xec>)
20002824:	f000 f854 	bl	200028d0 <pll_init>
20002828:	2305      	movs	r3, #5
2000282a:	9300      	str	r3, [sp, #0]
2000282c:	4a21      	ldr	r2, [pc, #132]	; (200028b4 <clocks_init+0xf0>)
2000282e:	2101      	movs	r1, #1
20002830:	4821      	ldr	r0, [pc, #132]	; (200028b8 <clocks_init+0xf4>)
20002832:	f000 f84d 	bl	200028d0 <pll_init>
20002836:	4b21      	ldr	r3, [pc, #132]	; (200028bc <clocks_init+0xf8>)
20002838:	9300      	str	r3, [sp, #0]
2000283a:	2200      	movs	r2, #0
2000283c:	2102      	movs	r1, #2
2000283e:	2004      	movs	r0, #4
20002840:	f7ff ff3c 	bl	200026bc <clock_configure>
20002844:	4d1e      	ldr	r5, [pc, #120]	; (200028c0 <clocks_init+0xfc>)
20002846:	9500      	str	r5, [sp, #0]
20002848:	002b      	movs	r3, r5
2000284a:	2200      	movs	r2, #0
2000284c:	2101      	movs	r1, #1
2000284e:	2005      	movs	r0, #5
20002850:	f7ff ff34 	bl	200026bc <clock_configure>
20002854:	4c10      	ldr	r4, [pc, #64]	; (20002898 <clocks_init+0xd4>)
20002856:	9400      	str	r4, [sp, #0]
20002858:	0023      	movs	r3, r4
2000285a:	2200      	movs	r2, #0
2000285c:	2100      	movs	r1, #0
2000285e:	2007      	movs	r0, #7
20002860:	f7ff ff2c 	bl	200026bc <clock_configure>
20002864:	9400      	str	r4, [sp, #0]
20002866:	0023      	movs	r3, r4
20002868:	2200      	movs	r2, #0
2000286a:	2100      	movs	r1, #0
2000286c:	2008      	movs	r0, #8
2000286e:	f7ff ff25 	bl	200026bc <clock_configure>
20002872:	4b0a      	ldr	r3, [pc, #40]	; (2000289c <clocks_init+0xd8>)
20002874:	9300      	str	r3, [sp, #0]
20002876:	0023      	movs	r3, r4
20002878:	2200      	movs	r2, #0
2000287a:	2100      	movs	r1, #0
2000287c:	2009      	movs	r0, #9
2000287e:	f7ff ff1d 	bl	200026bc <clock_configure>
20002882:	9500      	str	r5, [sp, #0]
20002884:	002b      	movs	r3, r5
20002886:	2200      	movs	r2, #0
20002888:	2100      	movs	r1, #0
2000288a:	2006      	movs	r0, #6
2000288c:	f7ff ff16 	bl	200026bc <clock_configure>
20002890:	e7ad      	b.n	200027ee <clocks_init+0x2a>
20002892:	46c0      	nop			; (mov r8, r8)
20002894:	2000689c 	.word	0x2000689c
20002898:	02dc6c00 	.word	0x02dc6c00
2000289c:	0000b71b 	.word	0x0000b71b
200028a0:	40008000 	.word	0x40008000
200028a4:	4000b03c 	.word	0x4000b03c
200028a8:	4000b030 	.word	0x4000b030
200028ac:	59682f00 	.word	0x59682f00
200028b0:	40028000 	.word	0x40028000
200028b4:	47868c00 	.word	0x47868c00
200028b8:	4002c000 	.word	0x4002c000
200028bc:	00b71b00 	.word	0x00b71b00
200028c0:	07735940 	.word	0x07735940

200028c4 <clock_get_hz>:
200028c4:	0080      	lsls	r0, r0, #2
200028c6:	4b01      	ldr	r3, [pc, #4]	; (200028cc <clock_get_hz+0x8>)
200028c8:	58c0      	ldr	r0, [r0, r3]
200028ca:	4770      	bx	lr
200028cc:	2000689c 	.word	0x2000689c

200028d0 <pll_init>:
200028d0:	b5f0      	push	{r4, r5, r6, r7, lr}
200028d2:	46c6      	mov	lr, r8
200028d4:	b500      	push	{lr}
200028d6:	0004      	movs	r4, r0
200028d8:	000e      	movs	r6, r1
200028da:	0017      	movs	r7, r2
200028dc:	001d      	movs	r5, r3
200028de:	4837      	ldr	r0, [pc, #220]	; (200029bc <pll_init+0xec>)
200028e0:	f001 fa5a 	bl	20003d98 <__wrap___aeabi_uidiv>
200028e4:	4680      	mov	r8, r0
200028e6:	4b36      	ldr	r3, [pc, #216]	; (200029c0 <pll_init+0xf0>)
200028e8:	18fa      	adds	r2, r7, r3
200028ea:	4b36      	ldr	r3, [pc, #216]	; (200029c4 <pll_init+0xf4>)
200028ec:	429a      	cmp	r2, r3
200028ee:	d839      	bhi.n	20002964 <pll_init+0x94>
200028f0:	0001      	movs	r1, r0
200028f2:	0038      	movs	r0, r7
200028f4:	f001 fa50 	bl	20003d98 <__wrap___aeabi_uidiv>
200028f8:	0002      	movs	r2, r0
200028fa:	3a10      	subs	r2, #16
200028fc:	2398      	movs	r3, #152	; 0x98
200028fe:	005b      	lsls	r3, r3, #1
20002900:	429a      	cmp	r2, r3
20002902:	d835      	bhi.n	20002970 <pll_init+0xa0>
20002904:	1e6b      	subs	r3, r5, #1
20002906:	2b06      	cmp	r3, #6
20002908:	d838      	bhi.n	2000297c <pll_init+0xac>
2000290a:	9b06      	ldr	r3, [sp, #24]
2000290c:	3b01      	subs	r3, #1
2000290e:	2b06      	cmp	r3, #6
20002910:	d834      	bhi.n	2000297c <pll_init+0xac>
20002912:	093f      	lsrs	r7, r7, #4
20002914:	4547      	cmp	r7, r8
20002916:	d337      	bcc.n	20002988 <pll_init+0xb8>
20002918:	042d      	lsls	r5, r5, #16
2000291a:	9b06      	ldr	r3, [sp, #24]
2000291c:	031a      	lsls	r2, r3, #12
2000291e:	4315      	orrs	r5, r2
20002920:	6823      	ldr	r3, [r4, #0]
20002922:	2b00      	cmp	r3, #0
20002924:	db36      	blt.n	20002994 <pll_init+0xc4>
20002926:	4b28      	ldr	r3, [pc, #160]	; (200029c8 <pll_init+0xf8>)
20002928:	429c      	cmp	r4, r3
2000292a:	d044      	beq.n	200029b6 <pll_init+0xe6>
2000292c:	2280      	movs	r2, #128	; 0x80
2000292e:	0152      	lsls	r2, r2, #5
20002930:	4b26      	ldr	r3, [pc, #152]	; (200029cc <pll_init+0xfc>)
20002932:	601a      	str	r2, [r3, #0]
20002934:	4b26      	ldr	r3, [pc, #152]	; (200029d0 <pll_init+0x100>)
20002936:	601a      	str	r2, [r3, #0]
20002938:	4b26      	ldr	r3, [pc, #152]	; (200029d4 <pll_init+0x104>)
2000293a:	689b      	ldr	r3, [r3, #8]
2000293c:	0011      	movs	r1, r2
2000293e:	4399      	bics	r1, r3
20002940:	d1fa      	bne.n	20002938 <pll_init+0x68>
20002942:	6026      	str	r6, [r4, #0]
20002944:	60a0      	str	r0, [r4, #8]
20002946:	1d23      	adds	r3, r4, #4
20002948:	22c0      	movs	r2, #192	; 0xc0
2000294a:	0192      	lsls	r2, r2, #6
2000294c:	431a      	orrs	r2, r3
2000294e:	2321      	movs	r3, #33	; 0x21
20002950:	6013      	str	r3, [r2, #0]
20002952:	6823      	ldr	r3, [r4, #0]
20002954:	2b00      	cmp	r3, #0
20002956:	dafc      	bge.n	20002952 <pll_init+0x82>
20002958:	60e5      	str	r5, [r4, #12]
2000295a:	2308      	movs	r3, #8
2000295c:	6013      	str	r3, [r2, #0]
2000295e:	bc80      	pop	{r7}
20002960:	46b8      	mov	r8, r7
20002962:	bdf0      	pop	{r4, r5, r6, r7, pc}
20002964:	4b1c      	ldr	r3, [pc, #112]	; (200029d8 <pll_init+0x108>)
20002966:	4a1d      	ldr	r2, [pc, #116]	; (200029dc <pll_init+0x10c>)
20002968:	2111      	movs	r1, #17
2000296a:	481d      	ldr	r0, [pc, #116]	; (200029e0 <pll_init+0x110>)
2000296c:	f000 f866 	bl	20002a3c <__assert_func>
20002970:	4b1c      	ldr	r3, [pc, #112]	; (200029e4 <pll_init+0x114>)
20002972:	4a1a      	ldr	r2, [pc, #104]	; (200029dc <pll_init+0x10c>)
20002974:	2119      	movs	r1, #25
20002976:	481a      	ldr	r0, [pc, #104]	; (200029e0 <pll_init+0x110>)
20002978:	f000 f860 	bl	20002a3c <__assert_func>
2000297c:	4b1a      	ldr	r3, [pc, #104]	; (200029e8 <pll_init+0x118>)
2000297e:	4a17      	ldr	r2, [pc, #92]	; (200029dc <pll_init+0x10c>)
20002980:	211c      	movs	r1, #28
20002982:	4817      	ldr	r0, [pc, #92]	; (200029e0 <pll_init+0x110>)
20002984:	f000 f85a 	bl	20002a3c <__assert_func>
20002988:	4b18      	ldr	r3, [pc, #96]	; (200029ec <pll_init+0x11c>)
2000298a:	4a14      	ldr	r2, [pc, #80]	; (200029dc <pll_init+0x10c>)
2000298c:	2123      	movs	r1, #35	; 0x23
2000298e:	4814      	ldr	r0, [pc, #80]	; (200029e0 <pll_init+0x110>)
20002990:	f000 f854 	bl	20002a3c <__assert_func>
20002994:	6822      	ldr	r2, [r4, #0]
20002996:	233f      	movs	r3, #63	; 0x3f
20002998:	4013      	ands	r3, r2
2000299a:	42b3      	cmp	r3, r6
2000299c:	d1c3      	bne.n	20002926 <pll_init+0x56>
2000299e:	68a3      	ldr	r3, [r4, #8]
200029a0:	051b      	lsls	r3, r3, #20
200029a2:	0d1b      	lsrs	r3, r3, #20
200029a4:	4283      	cmp	r3, r0
200029a6:	d1be      	bne.n	20002926 <pll_init+0x56>
200029a8:	68e3      	ldr	r3, [r4, #12]
200029aa:	22ee      	movs	r2, #238	; 0xee
200029ac:	02d2      	lsls	r2, r2, #11
200029ae:	4013      	ands	r3, r2
200029b0:	42ab      	cmp	r3, r5
200029b2:	d1b8      	bne.n	20002926 <pll_init+0x56>
200029b4:	e7d3      	b.n	2000295e <pll_init+0x8e>
200029b6:	2280      	movs	r2, #128	; 0x80
200029b8:	0192      	lsls	r2, r2, #6
200029ba:	e7b9      	b.n	20002930 <pll_init+0x60>
200029bc:	00b71b00 	.word	0x00b71b00
200029c0:	d34be880 	.word	0xd34be880
200029c4:	32a9f880 	.word	0x32a9f880
200029c8:	4002c000 	.word	0x4002c000
200029cc:	4000e000 	.word	0x4000e000
200029d0:	4000f000 	.word	0x4000f000
200029d4:	4000c000 	.word	0x4000c000
200029d8:	20005da8 	.word	0x20005da8
200029dc:	20005ec8 	.word	0x20005ec8
200029e0:	20005e08 	.word	0x20005e08
200029e4:	20005e44 	.word	0x20005e44
200029e8:	20005e60 	.word	0x20005e60
200029ec:	20005eac 	.word	0x20005eac

200029f0 <pll_deinit>:
200029f0:	232d      	movs	r3, #45	; 0x2d
200029f2:	6043      	str	r3, [r0, #4]
200029f4:	4770      	bx	lr
	...

200029f8 <watchdog_start_tick>:
200029f8:	2380      	movs	r3, #128	; 0x80
200029fa:	009b      	lsls	r3, r3, #2
200029fc:	4303      	orrs	r3, r0
200029fe:	4a01      	ldr	r2, [pc, #4]	; (20002a04 <watchdog_start_tick+0xc>)
20002a00:	62d3      	str	r3, [r2, #44]	; 0x2c
20002a02:	4770      	bx	lr
20002a04:	40058000 	.word	0x40058000

20002a08 <xosc_init>:
20002a08:	4b06      	ldr	r3, [pc, #24]	; (20002a24 <xosc_init+0x1c>)
20002a0a:	22aa      	movs	r2, #170	; 0xaa
20002a0c:	0112      	lsls	r2, r2, #4
20002a0e:	601a      	str	r2, [r3, #0]
20002a10:	222f      	movs	r2, #47	; 0x2f
20002a12:	60da      	str	r2, [r3, #12]
20002a14:	4b04      	ldr	r3, [pc, #16]	; (20002a28 <xosc_init+0x20>)
20002a16:	4a05      	ldr	r2, [pc, #20]	; (20002a2c <xosc_init+0x24>)
20002a18:	601a      	str	r2, [r3, #0]
20002a1a:	4b02      	ldr	r3, [pc, #8]	; (20002a24 <xosc_init+0x1c>)
20002a1c:	685b      	ldr	r3, [r3, #4]
20002a1e:	2b00      	cmp	r3, #0
20002a20:	dafb      	bge.n	20002a1a <xosc_init+0x12>
20002a22:	4770      	bx	lr
20002a24:	40024000 	.word	0x40024000
20002a28:	40026000 	.word	0x40026000
20002a2c:	00fab000 	.word	0x00fab000

20002a30 <_exit>:
20002a30:	be00      	bkpt	0x0000
20002a32:	e7fd      	b.n	20002a30 <_exit>

20002a34 <exit>:
20002a34:	b510      	push	{r4, lr}
20002a36:	f7ff fffb 	bl	20002a30 <_exit>
	...

20002a3c <__assert_func>:
20002a3c:	b510      	push	{r4, lr}
20002a3e:	b082      	sub	sp, #8
20002a40:	000c      	movs	r4, r1
20002a42:	0019      	movs	r1, r3
20002a44:	2a00      	cmp	r2, #0
20002a46:	d00c      	beq.n	20002a62 <__assert_func+0x26>
20002a48:	4b08      	ldr	r3, [pc, #32]	; (20002a6c <__assert_func+0x30>)
20002a4a:	2a00      	cmp	r2, #0
20002a4c:	d00b      	beq.n	20002a66 <__assert_func+0x2a>
20002a4e:	9201      	str	r2, [sp, #4]
20002a50:	9300      	str	r3, [sp, #0]
20002a52:	0023      	movs	r3, r4
20002a54:	0002      	movs	r2, r0
20002a56:	4806      	ldr	r0, [pc, #24]	; (20002a70 <__assert_func+0x34>)
20002a58:	f002 f9c2 	bl	20004de0 <__wrap_printf>
20002a5c:	2001      	movs	r0, #1
20002a5e:	f7ff ffe7 	bl	20002a30 <_exit>
20002a62:	4b04      	ldr	r3, [pc, #16]	; (20002a74 <__assert_func+0x38>)
20002a64:	e7f1      	b.n	20002a4a <__assert_func+0xe>
20002a66:	4a03      	ldr	r2, [pc, #12]	; (20002a74 <__assert_func+0x38>)
20002a68:	e7f1      	b.n	20002a4e <__assert_func+0x12>
20002a6a:	46c0      	nop			; (mov r8, r8)
20002a6c:	20005ed4 	.word	0x20005ed4
20002a70:	20005ee4 	.word	0x20005ee4
20002a74:	20005ee0 	.word	0x20005ee0

20002a78 <runtime_init>:
20002a78:	b570      	push	{r4, r5, r6, lr}
20002a7a:	4b2b      	ldr	r3, [pc, #172]	; (20002b28 <runtime_init+0xb0>)
20002a7c:	4a2b      	ldr	r2, [pc, #172]	; (20002b2c <runtime_init+0xb4>)
20002a7e:	601a      	str	r2, [r3, #0]
20002a80:	4b2b      	ldr	r3, [pc, #172]	; (20002b30 <runtime_init+0xb8>)
20002a82:	4a2c      	ldr	r2, [pc, #176]	; (20002b34 <runtime_init+0xbc>)
20002a84:	601a      	str	r2, [r3, #0]
20002a86:	4b2c      	ldr	r3, [pc, #176]	; (20002b38 <runtime_init+0xc0>)
20002a88:	689a      	ldr	r2, [r3, #8]
20002a8a:	4b2a      	ldr	r3, [pc, #168]	; (20002b34 <runtime_init+0xbc>)
20002a8c:	4393      	bics	r3, r2
20002a8e:	d1fa      	bne.n	20002a86 <runtime_init+0xe>
20002a90:	4c2a      	ldr	r4, [pc, #168]	; (20002b3c <runtime_init+0xc4>)
20002a92:	e001      	b.n	20002a98 <runtime_init+0x20>
20002a94:	cc08      	ldmia	r4!, {r3}
20002a96:	4798      	blx	r3
20002a98:	4b29      	ldr	r3, [pc, #164]	; (20002b40 <runtime_init+0xc8>)
20002a9a:	429c      	cmp	r4, r3
20002a9c:	d3fa      	bcc.n	20002a94 <runtime_init+0x1c>
20002a9e:	f7ff fe91 	bl	200027c4 <clocks_init>
20002aa2:	4b23      	ldr	r3, [pc, #140]	; (20002b30 <runtime_init+0xb8>)
20002aa4:	4a27      	ldr	r2, [pc, #156]	; (20002b44 <runtime_init+0xcc>)
20002aa6:	601a      	str	r2, [r3, #0]
20002aa8:	4b23      	ldr	r3, [pc, #140]	; (20002b38 <runtime_init+0xc0>)
20002aaa:	689b      	ldr	r3, [r3, #8]
20002aac:	43db      	mvns	r3, r3
20002aae:	01db      	lsls	r3, r3, #7
20002ab0:	d1fa      	bne.n	20002aa8 <runtime_init+0x30>
20002ab2:	4b25      	ldr	r3, [pc, #148]	; (20002b48 <runtime_init+0xd0>)
20002ab4:	2240      	movs	r2, #64	; 0x40
20002ab6:	679a      	str	r2, [r3, #120]	; 0x78
20002ab8:	675a      	str	r2, [r3, #116]	; 0x74
20002aba:	671a      	str	r2, [r3, #112]	; 0x70
20002abc:	66da      	str	r2, [r3, #108]	; 0x6c
20002abe:	4c23      	ldr	r4, [pc, #140]	; (20002b4c <runtime_init+0xd4>)
20002ac0:	e009      	b.n	20002ad6 <runtime_init+0x5e>
20002ac2:	4b23      	ldr	r3, [pc, #140]	; (20002b50 <runtime_init+0xd8>)
20002ac4:	4a23      	ldr	r2, [pc, #140]	; (20002b54 <runtime_init+0xdc>)
20002ac6:	2187      	movs	r1, #135	; 0x87
20002ac8:	4823      	ldr	r0, [pc, #140]	; (20002b58 <runtime_init+0xe0>)
20002aca:	f7ff ffb7 	bl	20002a3c <__assert_func>
20002ace:	0020      	movs	r0, r4
20002ad0:	f7fe fbba 	bl	20001248 <mutex_init>
20002ad4:	3408      	adds	r4, #8
20002ad6:	4b21      	ldr	r3, [pc, #132]	; (20002b5c <runtime_init+0xe4>)
20002ad8:	429c      	cmp	r4, r3
20002ada:	d209      	bcs.n	20002af0 <runtime_init+0x78>
20002adc:	6823      	ldr	r3, [r4, #0]
20002ade:	2b00      	cmp	r3, #0
20002ae0:	d0f5      	beq.n	20002ace <runtime_init+0x56>
20002ae2:	2b01      	cmp	r3, #1
20002ae4:	d1ed      	bne.n	20002ac2 <runtime_init+0x4a>
20002ae6:	0020      	movs	r0, r4
20002ae8:	f7fe fbbb 	bl	20001262 <recursive_mutex_init>
20002aec:	3408      	adds	r4, #8
20002aee:	e7f2      	b.n	20002ad6 <runtime_init+0x5e>
20002af0:	4c1b      	ldr	r4, [pc, #108]	; (20002b60 <runtime_init+0xe8>)
20002af2:	68a1      	ldr	r1, [r4, #8]
20002af4:	4d1b      	ldr	r5, [pc, #108]	; (20002b64 <runtime_init+0xec>)
20002af6:	22c0      	movs	r2, #192	; 0xc0
20002af8:	0028      	movs	r0, r5
20002afa:	f002 f82f 	bl	20004b5c <__wrap___aeabi_memcpy>
20002afe:	60a5      	str	r5, [r4, #8]
20002b00:	f3ef 8305 	mrs	r3, IPSR
20002b04:	2b00      	cmp	r3, #0
20002b06:	d000      	beq.n	20002b0a <runtime_init+0x92>
20002b08:	be00      	bkpt	0x0000
20002b0a:	f7fe f96d 	bl	20000de8 <spin_locks_reset>
20002b0e:	f7fe fb85 	bl	2000121c <irq_init_priorities>
20002b12:	f7fe fef5 	bl	20001900 <alarm_pool_init_default>
20002b16:	4c14      	ldr	r4, [pc, #80]	; (20002b68 <runtime_init+0xf0>)
20002b18:	e001      	b.n	20002b1e <runtime_init+0xa6>
20002b1a:	cc08      	ldmia	r4!, {r3}
20002b1c:	4798      	blx	r3
20002b1e:	4b13      	ldr	r3, [pc, #76]	; (20002b6c <runtime_init+0xf4>)
20002b20:	429c      	cmp	r4, r3
20002b22:	d3fa      	bcc.n	20002b1a <runtime_init+0xa2>
20002b24:	bd70      	pop	{r4, r5, r6, pc}
20002b26:	46c0      	nop			; (mov r8, r8)
20002b28:	4000e000 	.word	0x4000e000
20002b2c:	fefbcdbf 	.word	0xfefbcdbf
20002b30:	4000f000 	.word	0x4000f000
20002b34:	003c7ffe 	.word	0x003c7ffe
20002b38:	4000c000 	.word	0x4000c000
20002b3c:	20006648 	.word	0x20006648
20002b40:	20006658 	.word	0x20006658
20002b44:	01ffffff 	.word	0x01ffffff
20002b48:	4001f000 	.word	0x4001f000
20002b4c:	20006640 	.word	0x20006640
20002b50:	20005f14 	.word	0x20005f14
20002b54:	20005f88 	.word	0x20005f88
20002b58:	20005f34 	.word	0x20005f34
20002b5c:	20006648 	.word	0x20006648
20002b60:	e000ed00 	.word	0xe000ed00
20002b64:	20000000 	.word	0x20000000
20002b68:	20006658 	.word	0x20006658
20002b6c:	20006660 	.word	0x20006660

20002b70 <panic>:
20002b70:	b40f      	push	{r0, r1, r2, r3}
20002b72:	b500      	push	{lr}
20002b74:	b083      	sub	sp, #12
20002b76:	4808      	ldr	r0, [pc, #32]	; (20002b98 <panic+0x28>)
20002b78:	f002 f902 	bl	20004d80 <__wrap_puts>
20002b7c:	9b04      	ldr	r3, [sp, #16]
20002b7e:	2b00      	cmp	r3, #0
20002b80:	d007      	beq.n	20002b92 <panic+0x22>
20002b82:	a905      	add	r1, sp, #20
20002b84:	9101      	str	r1, [sp, #4]
20002b86:	0018      	movs	r0, r3
20002b88:	f002 f90a 	bl	20004da0 <__wrap_vprintf>
20002b8c:	4803      	ldr	r0, [pc, #12]	; (20002b9c <panic+0x2c>)
20002b8e:	f002 f8f7 	bl	20004d80 <__wrap_puts>
20002b92:	2001      	movs	r0, #1
20002b94:	f7ff ff4c 	bl	20002a30 <_exit>
20002b98:	20005f74 	.word	0x20005f74
20002b9c:	20005f84 	.word	0x20005f84

20002ba0 <_out_null>:
20002ba0:	4770      	bx	lr

20002ba2 <_out_fct>:
20002ba2:	b510      	push	{r4, lr}
20002ba4:	2800      	cmp	r0, #0
20002ba6:	d002      	beq.n	20002bae <_out_fct+0xc>
20002ba8:	680b      	ldr	r3, [r1, #0]
20002baa:	6849      	ldr	r1, [r1, #4]
20002bac:	4798      	blx	r3
20002bae:	bd10      	pop	{r4, pc}

20002bb0 <_atoi>:
20002bb0:	0001      	movs	r1, r0
20002bb2:	2000      	movs	r0, #0
20002bb4:	e007      	b.n	20002bc6 <_atoi+0x16>
20002bb6:	0083      	lsls	r3, r0, #2
20002bb8:	181b      	adds	r3, r3, r0
20002bba:	005b      	lsls	r3, r3, #1
20002bbc:	1c50      	adds	r0, r2, #1
20002bbe:	6008      	str	r0, [r1, #0]
20002bc0:	7810      	ldrb	r0, [r2, #0]
20002bc2:	18c0      	adds	r0, r0, r3
20002bc4:	3830      	subs	r0, #48	; 0x30
20002bc6:	680a      	ldr	r2, [r1, #0]
20002bc8:	7813      	ldrb	r3, [r2, #0]
20002bca:	3b30      	subs	r3, #48	; 0x30
20002bcc:	b2db      	uxtb	r3, r3
20002bce:	2b09      	cmp	r3, #9
20002bd0:	d9f1      	bls.n	20002bb6 <_atoi+0x6>
20002bd2:	4770      	bx	lr

20002bd4 <_out_rev>:
20002bd4:	b5f0      	push	{r4, r5, r6, r7, lr}
20002bd6:	46de      	mov	lr, fp
20002bd8:	4657      	mov	r7, sl
20002bda:	464e      	mov	r6, r9
20002bdc:	4645      	mov	r5, r8
20002bde:	b5e0      	push	{r5, r6, r7, lr}
20002be0:	b083      	sub	sp, #12
20002be2:	4693      	mov	fp, r2
20002be4:	001f      	movs	r7, r3
20002be6:	9b0c      	ldr	r3, [sp, #48]	; 0x30
20002be8:	469a      	mov	sl, r3
20002bea:	9c0d      	ldr	r4, [sp, #52]	; 0x34
20002bec:	9b0e      	ldr	r3, [sp, #56]	; 0x38
20002bee:	4699      	mov	r9, r3
20002bf0:	9b0f      	ldr	r3, [sp, #60]	; 0x3c
20002bf2:	079b      	lsls	r3, r3, #30
20002bf4:	d003      	beq.n	20002bfe <_out_rev+0x2a>
20002bf6:	46b8      	mov	r8, r7
20002bf8:	000f      	movs	r7, r1
20002bfa:	0006      	movs	r6, r0
20002bfc:	e022      	b.n	20002c44 <_out_rev+0x70>
20002bfe:	9201      	str	r2, [sp, #4]
20002c00:	46a3      	mov	fp, r4
20002c02:	4688      	mov	r8, r1
20002c04:	464e      	mov	r6, r9
20002c06:	46b9      	mov	r9, r7
20002c08:	0007      	movs	r7, r0
20002c0a:	42b4      	cmp	r4, r6
20002c0c:	d207      	bcs.n	20002c1e <_out_rev+0x4a>
20002c0e:	1c55      	adds	r5, r2, #1
20002c10:	464b      	mov	r3, r9
20002c12:	4641      	mov	r1, r8
20002c14:	2020      	movs	r0, #32
20002c16:	47b8      	blx	r7
20002c18:	3401      	adds	r4, #1
20002c1a:	002a      	movs	r2, r5
20002c1c:	e7f5      	b.n	20002c0a <_out_rev+0x36>
20002c1e:	003d      	movs	r5, r7
20002c20:	464f      	mov	r7, r9
20002c22:	465c      	mov	r4, fp
20002c24:	9b01      	ldr	r3, [sp, #4]
20002c26:	469b      	mov	fp, r3
20002c28:	46b1      	mov	r9, r6
20002c2a:	4646      	mov	r6, r8
20002c2c:	46b8      	mov	r8, r7
20002c2e:	0037      	movs	r7, r6
20002c30:	002e      	movs	r6, r5
20002c32:	e007      	b.n	20002c44 <_out_rev+0x70>
20002c34:	3c01      	subs	r4, #1
20002c36:	1c55      	adds	r5, r2, #1
20002c38:	4653      	mov	r3, sl
20002c3a:	5d18      	ldrb	r0, [r3, r4]
20002c3c:	4643      	mov	r3, r8
20002c3e:	0039      	movs	r1, r7
20002c40:	47b0      	blx	r6
20002c42:	002a      	movs	r2, r5
20002c44:	2c00      	cmp	r4, #0
20002c46:	d1f5      	bne.n	20002c34 <_out_rev+0x60>
20002c48:	0035      	movs	r5, r6
20002c4a:	003e      	movs	r6, r7
20002c4c:	4647      	mov	r7, r8
20002c4e:	9b0f      	ldr	r3, [sp, #60]	; 0x3c
20002c50:	079b      	lsls	r3, r3, #30
20002c52:	d407      	bmi.n	20002c64 <_out_rev+0x90>
20002c54:	0010      	movs	r0, r2
20002c56:	b003      	add	sp, #12
20002c58:	bcf0      	pop	{r4, r5, r6, r7}
20002c5a:	46bb      	mov	fp, r7
20002c5c:	46b2      	mov	sl, r6
20002c5e:	46a9      	mov	r9, r5
20002c60:	46a0      	mov	r8, r4
20002c62:	bdf0      	pop	{r4, r5, r6, r7, pc}
20002c64:	46b0      	mov	r8, r6
20002c66:	464e      	mov	r6, r9
20002c68:	46b9      	mov	r9, r7
20002c6a:	002f      	movs	r7, r5
20002c6c:	465d      	mov	r5, fp
20002c6e:	1b53      	subs	r3, r2, r5
20002c70:	42b3      	cmp	r3, r6
20002c72:	d2ef      	bcs.n	20002c54 <_out_rev+0x80>
20002c74:	1c54      	adds	r4, r2, #1
20002c76:	464b      	mov	r3, r9
20002c78:	4641      	mov	r1, r8
20002c7a:	2020      	movs	r0, #32
20002c7c:	47b8      	blx	r7
20002c7e:	0022      	movs	r2, r4
20002c80:	e7f5      	b.n	20002c6e <_out_rev+0x9a>

20002c82 <_ntoa_format>:
20002c82:	b5f0      	push	{r4, r5, r6, r7, lr}
20002c84:	46ce      	mov	lr, r9
20002c86:	4647      	mov	r7, r8
20002c88:	b580      	push	{r7, lr}
20002c8a:	b085      	sub	sp, #20
20002c8c:	4694      	mov	ip, r2
20002c8e:	4698      	mov	r8, r3
20002c90:	9d0c      	ldr	r5, [sp, #48]	; 0x30
20002c92:	9c0d      	ldr	r4, [sp, #52]	; 0x34
20002c94:	ab0e      	add	r3, sp, #56	; 0x38
20002c96:	781b      	ldrb	r3, [r3, #0]
20002c98:	4699      	mov	r9, r3
20002c9a:	9a10      	ldr	r2, [sp, #64]	; 0x40
20002c9c:	9b11      	ldr	r3, [sp, #68]	; 0x44
20002c9e:	9e12      	ldr	r6, [sp, #72]	; 0x48
20002ca0:	07b7      	lsls	r7, r6, #30
20002ca2:	d41c      	bmi.n	20002cde <_ntoa_format+0x5c>
20002ca4:	2b00      	cmp	r3, #0
20002ca6:	d00c      	beq.n	20002cc2 <_ntoa_format+0x40>
20002ca8:	07f7      	lsls	r7, r6, #31
20002caa:	d50a      	bpl.n	20002cc2 <_ntoa_format+0x40>
20002cac:	464f      	mov	r7, r9
20002cae:	2f00      	cmp	r7, #0
20002cb0:	d102      	bne.n	20002cb8 <_ntoa_format+0x36>
20002cb2:	370c      	adds	r7, #12
20002cb4:	4237      	tst	r7, r6
20002cb6:	d004      	beq.n	20002cc2 <_ntoa_format+0x40>
20002cb8:	3b01      	subs	r3, #1
20002cba:	e002      	b.n	20002cc2 <_ntoa_format+0x40>
20002cbc:	2730      	movs	r7, #48	; 0x30
20002cbe:	552f      	strb	r7, [r5, r4]
20002cc0:	3401      	adds	r4, #1
20002cc2:	4294      	cmp	r4, r2
20002cc4:	d201      	bcs.n	20002cca <_ntoa_format+0x48>
20002cc6:	2c1f      	cmp	r4, #31
20002cc8:	d9f8      	bls.n	20002cbc <_ntoa_format+0x3a>
20002cca:	07f7      	lsls	r7, r6, #31
20002ccc:	d507      	bpl.n	20002cde <_ntoa_format+0x5c>
20002cce:	429c      	cmp	r4, r3
20002cd0:	d205      	bcs.n	20002cde <_ntoa_format+0x5c>
20002cd2:	2c1f      	cmp	r4, #31
20002cd4:	d803      	bhi.n	20002cde <_ntoa_format+0x5c>
20002cd6:	2730      	movs	r7, #48	; 0x30
20002cd8:	552f      	strb	r7, [r5, r4]
20002cda:	3401      	adds	r4, #1
20002cdc:	e7f5      	b.n	20002cca <_ntoa_format+0x48>
20002cde:	06f7      	lsls	r7, r6, #27
20002ce0:	d515      	bpl.n	20002d0e <_ntoa_format+0x8c>
20002ce2:	0577      	lsls	r7, r6, #21
20002ce4:	d405      	bmi.n	20002cf2 <_ntoa_format+0x70>
20002ce6:	2c00      	cmp	r4, #0
20002ce8:	d003      	beq.n	20002cf2 <_ntoa_format+0x70>
20002cea:	4294      	cmp	r4, r2
20002cec:	d024      	beq.n	20002d38 <_ntoa_format+0xb6>
20002cee:	429c      	cmp	r4, r3
20002cf0:	d022      	beq.n	20002d38 <_ntoa_format+0xb6>
20002cf2:	9a0f      	ldr	r2, [sp, #60]	; 0x3c
20002cf4:	2a10      	cmp	r2, #16
20002cf6:	d02b      	beq.n	20002d50 <_ntoa_format+0xce>
20002cf8:	9a0f      	ldr	r2, [sp, #60]	; 0x3c
20002cfa:	2a10      	cmp	r2, #16
20002cfc:	d030      	beq.n	20002d60 <_ntoa_format+0xde>
20002cfe:	9a0f      	ldr	r2, [sp, #60]	; 0x3c
20002d00:	2a02      	cmp	r2, #2
20002d02:	d035      	beq.n	20002d70 <_ntoa_format+0xee>
20002d04:	2c1f      	cmp	r4, #31
20002d06:	d802      	bhi.n	20002d0e <_ntoa_format+0x8c>
20002d08:	2230      	movs	r2, #48	; 0x30
20002d0a:	552a      	strb	r2, [r5, r4]
20002d0c:	3401      	adds	r4, #1
20002d0e:	2c1f      	cmp	r4, #31
20002d10:	d805      	bhi.n	20002d1e <_ntoa_format+0x9c>
20002d12:	464a      	mov	r2, r9
20002d14:	2a00      	cmp	r2, #0
20002d16:	d031      	beq.n	20002d7c <_ntoa_format+0xfa>
20002d18:	222d      	movs	r2, #45	; 0x2d
20002d1a:	552a      	strb	r2, [r5, r4]
20002d1c:	3401      	adds	r4, #1
20002d1e:	9603      	str	r6, [sp, #12]
20002d20:	9302      	str	r3, [sp, #8]
20002d22:	9401      	str	r4, [sp, #4]
20002d24:	9500      	str	r5, [sp, #0]
20002d26:	4643      	mov	r3, r8
20002d28:	4662      	mov	r2, ip
20002d2a:	f7ff ff53 	bl	20002bd4 <_out_rev>
20002d2e:	b005      	add	sp, #20
20002d30:	bcc0      	pop	{r6, r7}
20002d32:	46b9      	mov	r9, r7
20002d34:	46b0      	mov	r8, r6
20002d36:	bdf0      	pop	{r4, r5, r6, r7, pc}
20002d38:	1e62      	subs	r2, r4, #1
20002d3a:	2c01      	cmp	r4, #1
20002d3c:	d006      	beq.n	20002d4c <_ntoa_format+0xca>
20002d3e:	9f0f      	ldr	r7, [sp, #60]	; 0x3c
20002d40:	2f10      	cmp	r7, #16
20002d42:	d001      	beq.n	20002d48 <_ntoa_format+0xc6>
20002d44:	0014      	movs	r4, r2
20002d46:	e7d4      	b.n	20002cf2 <_ntoa_format+0x70>
20002d48:	3c02      	subs	r4, #2
20002d4a:	e7d2      	b.n	20002cf2 <_ntoa_format+0x70>
20002d4c:	0014      	movs	r4, r2
20002d4e:	e7d0      	b.n	20002cf2 <_ntoa_format+0x70>
20002d50:	06b2      	lsls	r2, r6, #26
20002d52:	d4d1      	bmi.n	20002cf8 <_ntoa_format+0x76>
20002d54:	2c1f      	cmp	r4, #31
20002d56:	d8cf      	bhi.n	20002cf8 <_ntoa_format+0x76>
20002d58:	2278      	movs	r2, #120	; 0x78
20002d5a:	552a      	strb	r2, [r5, r4]
20002d5c:	3401      	adds	r4, #1
20002d5e:	e7d1      	b.n	20002d04 <_ntoa_format+0x82>
20002d60:	06b2      	lsls	r2, r6, #26
20002d62:	d5cc      	bpl.n	20002cfe <_ntoa_format+0x7c>
20002d64:	2c1f      	cmp	r4, #31
20002d66:	d8ca      	bhi.n	20002cfe <_ntoa_format+0x7c>
20002d68:	2258      	movs	r2, #88	; 0x58
20002d6a:	552a      	strb	r2, [r5, r4]
20002d6c:	3401      	adds	r4, #1
20002d6e:	e7c9      	b.n	20002d04 <_ntoa_format+0x82>
20002d70:	2c1f      	cmp	r4, #31
20002d72:	d8c7      	bhi.n	20002d04 <_ntoa_format+0x82>
20002d74:	3260      	adds	r2, #96	; 0x60
20002d76:	552a      	strb	r2, [r5, r4]
20002d78:	3401      	adds	r4, #1
20002d7a:	e7c3      	b.n	20002d04 <_ntoa_format+0x82>
20002d7c:	0772      	lsls	r2, r6, #29
20002d7e:	d503      	bpl.n	20002d88 <_ntoa_format+0x106>
20002d80:	222b      	movs	r2, #43	; 0x2b
20002d82:	552a      	strb	r2, [r5, r4]
20002d84:	3401      	adds	r4, #1
20002d86:	e7ca      	b.n	20002d1e <_ntoa_format+0x9c>
20002d88:	0732      	lsls	r2, r6, #28
20002d8a:	d5c8      	bpl.n	20002d1e <_ntoa_format+0x9c>
20002d8c:	2220      	movs	r2, #32
20002d8e:	552a      	strb	r2, [r5, r4]
20002d90:	3401      	adds	r4, #1
20002d92:	e7c4      	b.n	20002d1e <_ntoa_format+0x9c>

20002d94 <_ntoa_long>:
20002d94:	b5f0      	push	{r4, r5, r6, r7, lr}
20002d96:	46de      	mov	lr, fp
20002d98:	4657      	mov	r7, sl
20002d9a:	464e      	mov	r6, r9
20002d9c:	4645      	mov	r5, r8
20002d9e:	b5e0      	push	{r5, r6, r7, lr}
20002da0:	b093      	sub	sp, #76	; 0x4c
20002da2:	4681      	mov	r9, r0
20002da4:	468a      	mov	sl, r1
20002da6:	9208      	str	r2, [sp, #32]
20002da8:	9309      	str	r3, [sp, #36]	; 0x24
20002daa:	ab1c      	add	r3, sp, #112	; 0x70
20002dac:	cb10      	ldmia	r3!, {r4}
20002dae:	781b      	ldrb	r3, [r3, #0]
20002db0:	469b      	mov	fp, r3
20002db2:	9d1e      	ldr	r5, [sp, #120]	; 0x78
20002db4:	9b21      	ldr	r3, [sp, #132]	; 0x84
20002db6:	4698      	mov	r8, r3
20002db8:	2c00      	cmp	r4, #0
20002dba:	d103      	bne.n	20002dc4 <_ntoa_long+0x30>
20002dbc:	2310      	movs	r3, #16
20002dbe:	4642      	mov	r2, r8
20002dc0:	439a      	bics	r2, r3
20002dc2:	4690      	mov	r8, r2
20002dc4:	2380      	movs	r3, #128	; 0x80
20002dc6:	00db      	lsls	r3, r3, #3
20002dc8:	4646      	mov	r6, r8
20002dca:	401e      	ands	r6, r3
20002dcc:	4642      	mov	r2, r8
20002dce:	421a      	tst	r2, r3
20002dd0:	d012      	beq.n	20002df8 <_ntoa_long+0x64>
20002dd2:	2c00      	cmp	r4, #0
20002dd4:	d022      	beq.n	20002e1c <_ntoa_long+0x88>
20002dd6:	2600      	movs	r6, #0
20002dd8:	e00e      	b.n	20002df8 <_ntoa_long+0x64>
20002dda:	3330      	adds	r3, #48	; 0x30
20002ddc:	b2d9      	uxtb	r1, r3
20002dde:	1c77      	adds	r7, r6, #1
20002de0:	ab0a      	add	r3, sp, #40	; 0x28
20002de2:	5599      	strb	r1, [r3, r6]
20002de4:	0029      	movs	r1, r5
20002de6:	0020      	movs	r0, r4
20002de8:	f000 ffd6 	bl	20003d98 <__wrap___aeabi_uidiv>
20002dec:	42ac      	cmp	r4, r5
20002dee:	d316      	bcc.n	20002e1e <_ntoa_long+0x8a>
20002df0:	2f1f      	cmp	r7, #31
20002df2:	d814      	bhi.n	20002e1e <_ntoa_long+0x8a>
20002df4:	003e      	movs	r6, r7
20002df6:	0004      	movs	r4, r0
20002df8:	0029      	movs	r1, r5
20002dfa:	0020      	movs	r0, r4
20002dfc:	f000 ffcc 	bl	20003d98 <__wrap___aeabi_uidiv>
20002e00:	b2cb      	uxtb	r3, r1
20002e02:	2b09      	cmp	r3, #9
20002e04:	d9e9      	bls.n	20002dda <_ntoa_long+0x46>
20002e06:	4642      	mov	r2, r8
20002e08:	0692      	lsls	r2, r2, #26
20002e0a:	d505      	bpl.n	20002e18 <_ntoa_long+0x84>
20002e0c:	2141      	movs	r1, #65	; 0x41
20002e0e:	18c9      	adds	r1, r1, r3
20002e10:	b2c9      	uxtb	r1, r1
20002e12:	390a      	subs	r1, #10
20002e14:	b2c9      	uxtb	r1, r1
20002e16:	e7e2      	b.n	20002dde <_ntoa_long+0x4a>
20002e18:	2161      	movs	r1, #97	; 0x61
20002e1a:	e7f8      	b.n	20002e0e <_ntoa_long+0x7a>
20002e1c:	0027      	movs	r7, r4
20002e1e:	4643      	mov	r3, r8
20002e20:	9306      	str	r3, [sp, #24]
20002e22:	9b20      	ldr	r3, [sp, #128]	; 0x80
20002e24:	9305      	str	r3, [sp, #20]
20002e26:	9b1f      	ldr	r3, [sp, #124]	; 0x7c
20002e28:	9304      	str	r3, [sp, #16]
20002e2a:	9503      	str	r5, [sp, #12]
20002e2c:	465b      	mov	r3, fp
20002e2e:	9302      	str	r3, [sp, #8]
20002e30:	9701      	str	r7, [sp, #4]
20002e32:	ab0a      	add	r3, sp, #40	; 0x28
20002e34:	9300      	str	r3, [sp, #0]
20002e36:	9b09      	ldr	r3, [sp, #36]	; 0x24
20002e38:	9a08      	ldr	r2, [sp, #32]
20002e3a:	4651      	mov	r1, sl
20002e3c:	4648      	mov	r0, r9
20002e3e:	f7ff ff20 	bl	20002c82 <_ntoa_format>
20002e42:	b013      	add	sp, #76	; 0x4c
20002e44:	bcf0      	pop	{r4, r5, r6, r7}
20002e46:	46bb      	mov	fp, r7
20002e48:	46b2      	mov	sl, r6
20002e4a:	46a9      	mov	r9, r5
20002e4c:	46a0      	mov	r8, r4
20002e4e:	bdf0      	pop	{r4, r5, r6, r7, pc}

20002e50 <_ntoa_long_long>:
20002e50:	b5f0      	push	{r4, r5, r6, r7, lr}
20002e52:	46de      	mov	lr, fp
20002e54:	4657      	mov	r7, sl
20002e56:	464e      	mov	r6, r9
20002e58:	4645      	mov	r5, r8
20002e5a:	b5e0      	push	{r5, r6, r7, lr}
20002e5c:	b095      	sub	sp, #84	; 0x54
20002e5e:	9008      	str	r0, [sp, #32]
20002e60:	9109      	str	r1, [sp, #36]	; 0x24
20002e62:	920a      	str	r2, [sp, #40]	; 0x28
20002e64:	930b      	str	r3, [sp, #44]	; 0x2c
20002e66:	9e1e      	ldr	r6, [sp, #120]	; 0x78
20002e68:	9c1f      	ldr	r4, [sp, #124]	; 0x7c
20002e6a:	ab20      	add	r3, sp, #128	; 0x80
20002e6c:	781b      	ldrb	r3, [r3, #0]
20002e6e:	469b      	mov	fp, r3
20002e70:	9b22      	ldr	r3, [sp, #136]	; 0x88
20002e72:	4699      	mov	r9, r3
20002e74:	9d23      	ldr	r5, [sp, #140]	; 0x8c
20002e76:	9b26      	ldr	r3, [sp, #152]	; 0x98
20002e78:	469a      	mov	sl, r3
20002e7a:	0033      	movs	r3, r6
20002e7c:	4323      	orrs	r3, r4
20002e7e:	d103      	bne.n	20002e88 <_ntoa_long_long+0x38>
20002e80:	3310      	adds	r3, #16
20002e82:	4652      	mov	r2, sl
20002e84:	439a      	bics	r2, r3
20002e86:	4692      	mov	sl, r2
20002e88:	2380      	movs	r3, #128	; 0x80
20002e8a:	00db      	lsls	r3, r3, #3
20002e8c:	4657      	mov	r7, sl
20002e8e:	401f      	ands	r7, r3
20002e90:	4652      	mov	r2, sl
20002e92:	421a      	tst	r2, r3
20002e94:	d019      	beq.n	20002eca <_ntoa_long_long+0x7a>
20002e96:	0033      	movs	r3, r6
20002e98:	4323      	orrs	r3, r4
20002e9a:	d02d      	beq.n	20002ef8 <_ntoa_long_long+0xa8>
20002e9c:	2700      	movs	r7, #0
20002e9e:	e014      	b.n	20002eca <_ntoa_long_long+0x7a>
20002ea0:	3330      	adds	r3, #48	; 0x30
20002ea2:	b2da      	uxtb	r2, r3
20002ea4:	1c7b      	adds	r3, r7, #1
20002ea6:	4698      	mov	r8, r3
20002ea8:	ab0c      	add	r3, sp, #48	; 0x30
20002eaa:	55da      	strb	r2, [r3, r7]
20002eac:	464a      	mov	r2, r9
20002eae:	002b      	movs	r3, r5
20002eb0:	0030      	movs	r0, r6
20002eb2:	0021      	movs	r1, r4
20002eb4:	f000 ffae 	bl	20003e14 <__wrap___aeabi_uldivmod>
20002eb8:	42a5      	cmp	r5, r4
20002eba:	d81f      	bhi.n	20002efc <_ntoa_long_long+0xac>
20002ebc:	d019      	beq.n	20002ef2 <_ntoa_long_long+0xa2>
20002ebe:	4643      	mov	r3, r8
20002ec0:	2b1f      	cmp	r3, #31
20002ec2:	d81b      	bhi.n	20002efc <_ntoa_long_long+0xac>
20002ec4:	4647      	mov	r7, r8
20002ec6:	0006      	movs	r6, r0
20002ec8:	000c      	movs	r4, r1
20002eca:	464a      	mov	r2, r9
20002ecc:	002b      	movs	r3, r5
20002ece:	0030      	movs	r0, r6
20002ed0:	0021      	movs	r1, r4
20002ed2:	f000 ff9f 	bl	20003e14 <__wrap___aeabi_uldivmod>
20002ed6:	b2d3      	uxtb	r3, r2
20002ed8:	2b09      	cmp	r3, #9
20002eda:	d9e1      	bls.n	20002ea0 <_ntoa_long_long+0x50>
20002edc:	4652      	mov	r2, sl
20002ede:	0692      	lsls	r2, r2, #26
20002ee0:	d505      	bpl.n	20002eee <_ntoa_long_long+0x9e>
20002ee2:	2241      	movs	r2, #65	; 0x41
20002ee4:	18d2      	adds	r2, r2, r3
20002ee6:	b2d2      	uxtb	r2, r2
20002ee8:	3a0a      	subs	r2, #10
20002eea:	b2d2      	uxtb	r2, r2
20002eec:	e7da      	b.n	20002ea4 <_ntoa_long_long+0x54>
20002eee:	2261      	movs	r2, #97	; 0x61
20002ef0:	e7f8      	b.n	20002ee4 <_ntoa_long_long+0x94>
20002ef2:	45b1      	cmp	r9, r6
20002ef4:	d9e3      	bls.n	20002ebe <_ntoa_long_long+0x6e>
20002ef6:	e001      	b.n	20002efc <_ntoa_long_long+0xac>
20002ef8:	2300      	movs	r3, #0
20002efa:	4698      	mov	r8, r3
20002efc:	4653      	mov	r3, sl
20002efe:	9306      	str	r3, [sp, #24]
20002f00:	9b25      	ldr	r3, [sp, #148]	; 0x94
20002f02:	9305      	str	r3, [sp, #20]
20002f04:	9b24      	ldr	r3, [sp, #144]	; 0x90
20002f06:	9304      	str	r3, [sp, #16]
20002f08:	464b      	mov	r3, r9
20002f0a:	9303      	str	r3, [sp, #12]
20002f0c:	465b      	mov	r3, fp
20002f0e:	9302      	str	r3, [sp, #8]
20002f10:	4643      	mov	r3, r8
20002f12:	9301      	str	r3, [sp, #4]
20002f14:	ab0c      	add	r3, sp, #48	; 0x30
20002f16:	9300      	str	r3, [sp, #0]
20002f18:	9b0b      	ldr	r3, [sp, #44]	; 0x2c
20002f1a:	9a0a      	ldr	r2, [sp, #40]	; 0x28
20002f1c:	9909      	ldr	r1, [sp, #36]	; 0x24
20002f1e:	9808      	ldr	r0, [sp, #32]
20002f20:	f7ff feaf 	bl	20002c82 <_ntoa_format>
20002f24:	b015      	add	sp, #84	; 0x54
20002f26:	bcf0      	pop	{r4, r5, r6, r7}
20002f28:	46bb      	mov	fp, r7
20002f2a:	46b2      	mov	sl, r6
20002f2c:	46a9      	mov	r9, r5
20002f2e:	46a0      	mov	r8, r4
20002f30:	bdf0      	pop	{r4, r5, r6, r7, pc}
	...

20002f34 <_etoa>:
20002f34:	b5f0      	push	{r4, r5, r6, r7, lr}
20002f36:	46de      	mov	lr, fp
20002f38:	4657      	mov	r7, sl
20002f3a:	464e      	mov	r6, r9
20002f3c:	4645      	mov	r5, r8
20002f3e:	b5e0      	push	{r5, r6, r7, lr}
20002f40:	b091      	sub	sp, #68	; 0x44
20002f42:	4683      	mov	fp, r0
20002f44:	468a      	mov	sl, r1
20002f46:	920c      	str	r2, [sp, #48]	; 0x30
20002f48:	4698      	mov	r8, r3
20002f4a:	9c1a      	ldr	r4, [sp, #104]	; 0x68
20002f4c:	9408      	str	r4, [sp, #32]
20002f4e:	9d1b      	ldr	r5, [sp, #108]	; 0x6c
20002f50:	9509      	str	r5, [sp, #36]	; 0x24
20002f52:	0022      	movs	r2, r4
20002f54:	002b      	movs	r3, r5
20002f56:	0020      	movs	r0, r4
20002f58:	0029      	movs	r1, r5
20002f5a:	f001 f9e6 	bl	2000432a <__wrap___aeabi_dcmpun>
20002f5e:	2800      	cmp	r0, #0
20002f60:	d000      	beq.n	20002f64 <_etoa+0x30>
20002f62:	e0e5      	b.n	20003130 <_etoa+0x1fc>
20002f64:	2201      	movs	r2, #1
20002f66:	4252      	negs	r2, r2
20002f68:	4bd7      	ldr	r3, [pc, #860]	; (200032c8 <_etoa+0x394>)
20002f6a:	0020      	movs	r0, r4
20002f6c:	0029      	movs	r1, r5
20002f6e:	f001 f9d7 	bl	20004320 <__wrap___aeabi_dcmpgt>
20002f72:	2800      	cmp	r0, #0
20002f74:	d000      	beq.n	20002f78 <_etoa+0x44>
20002f76:	e0db      	b.n	20003130 <_etoa+0x1fc>
20002f78:	2201      	movs	r2, #1
20002f7a:	4252      	negs	r2, r2
20002f7c:	4bd3      	ldr	r3, [pc, #844]	; (200032cc <_etoa+0x398>)
20002f7e:	0020      	movs	r0, r4
20002f80:	0029      	movs	r1, r5
20002f82:	f001 f9b7 	bl	200042f4 <__wrap___aeabi_dcmplt>
20002f86:	2800      	cmp	r0, #0
20002f88:	d000      	beq.n	20002f8c <_etoa+0x58>
20002f8a:	e0d1      	b.n	20003130 <_etoa+0x1fc>
20002f8c:	2200      	movs	r2, #0
20002f8e:	2300      	movs	r3, #0
20002f90:	9e08      	ldr	r6, [sp, #32]
20002f92:	0030      	movs	r0, r6
20002f94:	9d09      	ldr	r5, [sp, #36]	; 0x24
20002f96:	0029      	movs	r1, r5
20002f98:	f001 f9ac 	bl	200042f4 <__wrap___aeabi_dcmplt>
20002f9c:	2800      	cmp	r0, #0
20002f9e:	d000      	beq.n	20002fa2 <_etoa+0x6e>
20002fa0:	e0dd      	b.n	2000315e <_etoa+0x22a>
20002fa2:	9808      	ldr	r0, [sp, #32]
20002fa4:	9909      	ldr	r1, [sp, #36]	; 0x24
20002fa6:	9006      	str	r0, [sp, #24]
20002fa8:	9107      	str	r1, [sp, #28]
20002faa:	2380      	movs	r3, #128	; 0x80
20002fac:	00db      	lsls	r3, r3, #3
20002fae:	9a1e      	ldr	r2, [sp, #120]	; 0x78
20002fb0:	401a      	ands	r2, r3
20002fb2:	920d      	str	r2, [sp, #52]	; 0x34
20002fb4:	9a1e      	ldr	r2, [sp, #120]	; 0x78
20002fb6:	421a      	tst	r2, r3
20002fb8:	d101      	bne.n	20002fbe <_etoa+0x8a>
20002fba:	2306      	movs	r3, #6
20002fbc:	931c      	str	r3, [sp, #112]	; 0x70
20002fbe:	9806      	ldr	r0, [sp, #24]
20002fc0:	9907      	ldr	r1, [sp, #28]
20002fc2:	0004      	movs	r4, r0
20002fc4:	000d      	movs	r5, r1
20002fc6:	000a      	movs	r2, r1
20002fc8:	0006      	movs	r6, r0
20002fca:	4302      	orrs	r2, r0
20002fcc:	d100      	bne.n	20002fd0 <_etoa+0x9c>
20002fce:	e0d1      	b.n	20003174 <_etoa+0x240>
20002fd0:	0d08      	lsrs	r0, r1, #20
20002fd2:	0540      	lsls	r0, r0, #21
20002fd4:	0d40      	lsrs	r0, r0, #21
20002fd6:	4cbe      	ldr	r4, [pc, #760]	; (200032d0 <_etoa+0x39c>)
20002fd8:	46a4      	mov	ip, r4
20002fda:	4460      	add	r0, ip
20002fdc:	030a      	lsls	r2, r1, #12
20002fde:	0b12      	lsrs	r2, r2, #12
20002fe0:	4bbc      	ldr	r3, [pc, #752]	; (200032d4 <_etoa+0x3a0>)
20002fe2:	4313      	orrs	r3, r2
20002fe4:	001f      	movs	r7, r3
20002fe6:	f001 f9b3 	bl	20004350 <__wrap___aeabi_i2d>
20002fea:	4abb      	ldr	r2, [pc, #748]	; (200032d8 <_etoa+0x3a4>)
20002fec:	4bbb      	ldr	r3, [pc, #748]	; (200032dc <_etoa+0x3a8>)
20002fee:	f001 f93e 	bl	2000426e <__wrap___aeabi_dmul>
20002ff2:	4abb      	ldr	r2, [pc, #748]	; (200032e0 <_etoa+0x3ac>)
20002ff4:	4bbb      	ldr	r3, [pc, #748]	; (200032e4 <_etoa+0x3b0>)
20002ff6:	f001 f913 	bl	20004220 <__wrap___aeabi_dadd>
20002ffa:	0004      	movs	r4, r0
20002ffc:	000d      	movs	r5, r1
20002ffe:	2200      	movs	r2, #0
20003000:	4bb9      	ldr	r3, [pc, #740]	; (200032e8 <_etoa+0x3b4>)
20003002:	0030      	movs	r0, r6
20003004:	0039      	movs	r1, r7
20003006:	f001 f902 	bl	2000420e <__wrap___aeabi_dsub>
2000300a:	4ab8      	ldr	r2, [pc, #736]	; (200032ec <_etoa+0x3b8>)
2000300c:	4bb8      	ldr	r3, [pc, #736]	; (200032f0 <_etoa+0x3bc>)
2000300e:	f001 f92e 	bl	2000426e <__wrap___aeabi_dmul>
20003012:	0002      	movs	r2, r0
20003014:	000b      	movs	r3, r1
20003016:	0020      	movs	r0, r4
20003018:	0029      	movs	r1, r5
2000301a:	f001 f901 	bl	20004220 <__wrap___aeabi_dadd>
2000301e:	f001 f9af 	bl	20004380 <__wrap___aeabi_d2iz>
20003022:	4681      	mov	r9, r0
20003024:	f001 f994 	bl	20004350 <__wrap___aeabi_i2d>
20003028:	0004      	movs	r4, r0
2000302a:	000d      	movs	r5, r1
2000302c:	4ab1      	ldr	r2, [pc, #708]	; (200032f4 <_etoa+0x3c0>)
2000302e:	4bb2      	ldr	r3, [pc, #712]	; (200032f8 <_etoa+0x3c4>)
20003030:	f001 f91d 	bl	2000426e <__wrap___aeabi_dmul>
20003034:	2200      	movs	r2, #0
20003036:	4bb1      	ldr	r3, [pc, #708]	; (200032fc <_etoa+0x3c8>)
20003038:	f001 f8f2 	bl	20004220 <__wrap___aeabi_dadd>
2000303c:	f001 f9a0 	bl	20004380 <__wrap___aeabi_d2iz>
20003040:	0006      	movs	r6, r0
20003042:	4aaf      	ldr	r2, [pc, #700]	; (20003300 <_etoa+0x3cc>)
20003044:	4baf      	ldr	r3, [pc, #700]	; (20003304 <_etoa+0x3d0>)
20003046:	0020      	movs	r0, r4
20003048:	0029      	movs	r1, r5
2000304a:	f001 f910 	bl	2000426e <__wrap___aeabi_dmul>
2000304e:	0004      	movs	r4, r0
20003050:	000d      	movs	r5, r1
20003052:	0030      	movs	r0, r6
20003054:	f001 f97c 	bl	20004350 <__wrap___aeabi_i2d>
20003058:	4aab      	ldr	r2, [pc, #684]	; (20003308 <_etoa+0x3d4>)
2000305a:	4bac      	ldr	r3, [pc, #688]	; (2000330c <_etoa+0x3d8>)
2000305c:	f001 f907 	bl	2000426e <__wrap___aeabi_dmul>
20003060:	0002      	movs	r2, r0
20003062:	000b      	movs	r3, r1
20003064:	0020      	movs	r0, r4
20003066:	0029      	movs	r1, r5
20003068:	f001 f8d1 	bl	2000420e <__wrap___aeabi_dsub>
2000306c:	0004      	movs	r4, r0
2000306e:	000d      	movs	r5, r1
20003070:	0002      	movs	r2, r0
20003072:	000b      	movs	r3, r1
20003074:	f001 f8fb 	bl	2000426e <__wrap___aeabi_dmul>
20003078:	900a      	str	r0, [sp, #40]	; 0x28
2000307a:	910b      	str	r1, [sp, #44]	; 0x2c
2000307c:	4ba4      	ldr	r3, [pc, #656]	; (20003310 <_etoa+0x3dc>)
2000307e:	18f3      	adds	r3, r6, r3
20003080:	2600      	movs	r6, #0
20003082:	051f      	lsls	r7, r3, #20
20003084:	0022      	movs	r2, r4
20003086:	002b      	movs	r3, r5
20003088:	0020      	movs	r0, r4
2000308a:	0029      	movs	r1, r5
2000308c:	f001 f8c8 	bl	20004220 <__wrap___aeabi_dadd>
20003090:	900e      	str	r0, [sp, #56]	; 0x38
20003092:	910f      	str	r1, [sp, #60]	; 0x3c
20003094:	0022      	movs	r2, r4
20003096:	002b      	movs	r3, r5
20003098:	2000      	movs	r0, #0
2000309a:	2180      	movs	r1, #128	; 0x80
2000309c:	05c9      	lsls	r1, r1, #23
2000309e:	f001 f8b6 	bl	2000420e <__wrap___aeabi_dsub>
200030a2:	0004      	movs	r4, r0
200030a4:	000d      	movs	r5, r1
200030a6:	2200      	movs	r2, #0
200030a8:	4b9a      	ldr	r3, [pc, #616]	; (20003314 <_etoa+0x3e0>)
200030aa:	980a      	ldr	r0, [sp, #40]	; 0x28
200030ac:	990b      	ldr	r1, [sp, #44]	; 0x2c
200030ae:	f001 f8c0 	bl	20004232 <__wrap___aeabi_ddiv>
200030b2:	2200      	movs	r2, #0
200030b4:	4b98      	ldr	r3, [pc, #608]	; (20003318 <_etoa+0x3e4>)
200030b6:	f001 f8b3 	bl	20004220 <__wrap___aeabi_dadd>
200030ba:	0002      	movs	r2, r0
200030bc:	000b      	movs	r3, r1
200030be:	980a      	ldr	r0, [sp, #40]	; 0x28
200030c0:	990b      	ldr	r1, [sp, #44]	; 0x2c
200030c2:	f001 f8b6 	bl	20004232 <__wrap___aeabi_ddiv>
200030c6:	2200      	movs	r2, #0
200030c8:	4b94      	ldr	r3, [pc, #592]	; (2000331c <_etoa+0x3e8>)
200030ca:	f001 f8a9 	bl	20004220 <__wrap___aeabi_dadd>
200030ce:	0002      	movs	r2, r0
200030d0:	000b      	movs	r3, r1
200030d2:	980a      	ldr	r0, [sp, #40]	; 0x28
200030d4:	990b      	ldr	r1, [sp, #44]	; 0x2c
200030d6:	f001 f8ac 	bl	20004232 <__wrap___aeabi_ddiv>
200030da:	0002      	movs	r2, r0
200030dc:	000b      	movs	r3, r1
200030de:	0020      	movs	r0, r4
200030e0:	0029      	movs	r1, r5
200030e2:	f001 f89d 	bl	20004220 <__wrap___aeabi_dadd>
200030e6:	0002      	movs	r2, r0
200030e8:	000b      	movs	r3, r1
200030ea:	980e      	ldr	r0, [sp, #56]	; 0x38
200030ec:	990f      	ldr	r1, [sp, #60]	; 0x3c
200030ee:	f001 f8a0 	bl	20004232 <__wrap___aeabi_ddiv>
200030f2:	2200      	movs	r2, #0
200030f4:	4b77      	ldr	r3, [pc, #476]	; (200032d4 <_etoa+0x3a0>)
200030f6:	f001 f893 	bl	20004220 <__wrap___aeabi_dadd>
200030fa:	0032      	movs	r2, r6
200030fc:	003b      	movs	r3, r7
200030fe:	f001 f8b6 	bl	2000426e <__wrap___aeabi_dmul>
20003102:	0006      	movs	r6, r0
20003104:	000f      	movs	r7, r1
20003106:	0004      	movs	r4, r0
20003108:	000d      	movs	r5, r1
2000310a:	9a06      	ldr	r2, [sp, #24]
2000310c:	9b07      	ldr	r3, [sp, #28]
2000310e:	f001 f907 	bl	20004320 <__wrap___aeabi_dcmpgt>
20003112:	2800      	cmp	r0, #0
20003114:	d030      	beq.n	20003178 <_etoa+0x244>
20003116:	2301      	movs	r3, #1
20003118:	425b      	negs	r3, r3
2000311a:	469c      	mov	ip, r3
2000311c:	44e1      	add	r9, ip
2000311e:	2200      	movs	r2, #0
20003120:	4b7d      	ldr	r3, [pc, #500]	; (20003318 <_etoa+0x3e4>)
20003122:	0030      	movs	r0, r6
20003124:	0039      	movs	r1, r7
20003126:	f001 f884 	bl	20004232 <__wrap___aeabi_ddiv>
2000312a:	0004      	movs	r4, r0
2000312c:	000d      	movs	r5, r1
2000312e:	e023      	b.n	20003178 <_etoa+0x244>
20003130:	9b1e      	ldr	r3, [sp, #120]	; 0x78
20003132:	9304      	str	r3, [sp, #16]
20003134:	9b1d      	ldr	r3, [sp, #116]	; 0x74
20003136:	9303      	str	r3, [sp, #12]
20003138:	9b1c      	ldr	r3, [sp, #112]	; 0x70
2000313a:	9302      	str	r3, [sp, #8]
2000313c:	9a08      	ldr	r2, [sp, #32]
2000313e:	9b09      	ldr	r3, [sp, #36]	; 0x24
20003140:	9200      	str	r2, [sp, #0]
20003142:	9301      	str	r3, [sp, #4]
20003144:	4643      	mov	r3, r8
20003146:	9a0c      	ldr	r2, [sp, #48]	; 0x30
20003148:	4651      	mov	r1, sl
2000314a:	4658      	mov	r0, fp
2000314c:	f000 f8fc 	bl	20003348 <_ftoa>
20003150:	b011      	add	sp, #68	; 0x44
20003152:	bcf0      	pop	{r4, r5, r6, r7}
20003154:	46bb      	mov	fp, r7
20003156:	46b2      	mov	sl, r6
20003158:	46a9      	mov	r9, r5
2000315a:	46a0      	mov	r8, r4
2000315c:	bdf0      	pop	{r4, r5, r6, r7, pc}
2000315e:	2300      	movs	r3, #0
20003160:	2400      	movs	r4, #0
20003162:	9306      	str	r3, [sp, #24]
20003164:	9407      	str	r4, [sp, #28]
20003166:	9606      	str	r6, [sp, #24]
20003168:	2380      	movs	r3, #128	; 0x80
2000316a:	061b      	lsls	r3, r3, #24
2000316c:	469c      	mov	ip, r3
2000316e:	4465      	add	r5, ip
20003170:	9507      	str	r5, [sp, #28]
20003172:	e71a      	b.n	20002faa <_etoa+0x76>
20003174:	2300      	movs	r3, #0
20003176:	4699      	mov	r9, r3
20003178:	464b      	mov	r3, r9
2000317a:	3363      	adds	r3, #99	; 0x63
2000317c:	2bc6      	cmp	r3, #198	; 0xc6
2000317e:	d81e      	bhi.n	200031be <_etoa+0x28a>
20003180:	2604      	movs	r6, #4
20003182:	9b1e      	ldr	r3, [sp, #120]	; 0x78
20003184:	051b      	lsls	r3, r3, #20
20003186:	d526      	bpl.n	200031d6 <_etoa+0x2a2>
20003188:	002b      	movs	r3, r5
2000318a:	4323      	orrs	r3, r4
2000318c:	d00f      	beq.n	200031ae <_etoa+0x27a>
2000318e:	4a64      	ldr	r2, [pc, #400]	; (20003320 <_etoa+0x3ec>)
20003190:	4b64      	ldr	r3, [pc, #400]	; (20003324 <_etoa+0x3f0>)
20003192:	9806      	ldr	r0, [sp, #24]
20003194:	9907      	ldr	r1, [sp, #28]
20003196:	f001 f8bb 	bl	20004310 <__wrap___aeabi_dcmpge>
2000319a:	2800      	cmp	r0, #0
2000319c:	d079      	beq.n	20003292 <_etoa+0x35e>
2000319e:	2200      	movs	r2, #0
200031a0:	4b61      	ldr	r3, [pc, #388]	; (20003328 <_etoa+0x3f4>)
200031a2:	9806      	ldr	r0, [sp, #24]
200031a4:	9907      	ldr	r1, [sp, #28]
200031a6:	f001 f8a5 	bl	200042f4 <__wrap___aeabi_dcmplt>
200031aa:	2800      	cmp	r0, #0
200031ac:	d071      	beq.n	20003292 <_etoa+0x35e>
200031ae:	9b1c      	ldr	r3, [sp, #112]	; 0x70
200031b0:	454b      	cmp	r3, r9
200031b2:	dd06      	ble.n	200031c2 <_etoa+0x28e>
200031b4:	464a      	mov	r2, r9
200031b6:	1a98      	subs	r0, r3, r2
200031b8:	1e43      	subs	r3, r0, #1
200031ba:	931c      	str	r3, [sp, #112]	; 0x70
200031bc:	e003      	b.n	200031c6 <_etoa+0x292>
200031be:	2605      	movs	r6, #5
200031c0:	e7df      	b.n	20003182 <_etoa+0x24e>
200031c2:	2300      	movs	r3, #0
200031c4:	931c      	str	r3, [sp, #112]	; 0x70
200031c6:	2380      	movs	r3, #128	; 0x80
200031c8:	00db      	lsls	r3, r3, #3
200031ca:	9a1e      	ldr	r2, [sp, #120]	; 0x78
200031cc:	431a      	orrs	r2, r3
200031ce:	921e      	str	r2, [sp, #120]	; 0x78
200031d0:	2600      	movs	r6, #0
200031d2:	2300      	movs	r3, #0
200031d4:	4699      	mov	r9, r3
200031d6:	9b1d      	ldr	r3, [sp, #116]	; 0x74
200031d8:	429e      	cmp	r6, r3
200031da:	d264      	bcs.n	200032a6 <_etoa+0x372>
200031dc:	1b9f      	subs	r7, r3, r6
200031de:	2302      	movs	r3, #2
200031e0:	9a1e      	ldr	r2, [sp, #120]	; 0x78
200031e2:	401a      	ands	r2, r3
200031e4:	920a      	str	r2, [sp, #40]	; 0x28
200031e6:	9a1e      	ldr	r2, [sp, #120]	; 0x78
200031e8:	4213      	tst	r3, r2
200031ea:	d002      	beq.n	200031f2 <_etoa+0x2be>
200031ec:	2e00      	cmp	r6, #0
200031ee:	d000      	beq.n	200031f2 <_etoa+0x2be>
200031f0:	2700      	movs	r7, #0
200031f2:	464b      	mov	r3, r9
200031f4:	2b00      	cmp	r3, #0
200031f6:	d007      	beq.n	20003208 <_etoa+0x2d4>
200031f8:	0022      	movs	r2, r4
200031fa:	002b      	movs	r3, r5
200031fc:	9806      	ldr	r0, [sp, #24]
200031fe:	9907      	ldr	r1, [sp, #28]
20003200:	f001 f817 	bl	20004232 <__wrap___aeabi_ddiv>
20003204:	9006      	str	r0, [sp, #24]
20003206:	9107      	str	r1, [sp, #28]
20003208:	2200      	movs	r2, #0
2000320a:	2300      	movs	r3, #0
2000320c:	9808      	ldr	r0, [sp, #32]
2000320e:	9909      	ldr	r1, [sp, #36]	; 0x24
20003210:	f001 f870 	bl	200042f4 <__wrap___aeabi_dcmplt>
20003214:	2800      	cmp	r0, #0
20003216:	d148      	bne.n	200032aa <_etoa+0x376>
20003218:	4b44      	ldr	r3, [pc, #272]	; (2000332c <_etoa+0x3f8>)
2000321a:	9a1e      	ldr	r2, [sp, #120]	; 0x78
2000321c:	4013      	ands	r3, r2
2000321e:	9304      	str	r3, [sp, #16]
20003220:	9703      	str	r7, [sp, #12]
20003222:	9b1c      	ldr	r3, [sp, #112]	; 0x70
20003224:	9302      	str	r3, [sp, #8]
20003226:	9b06      	ldr	r3, [sp, #24]
20003228:	9c07      	ldr	r4, [sp, #28]
2000322a:	9300      	str	r3, [sp, #0]
2000322c:	9401      	str	r4, [sp, #4]
2000322e:	4643      	mov	r3, r8
20003230:	9a0c      	ldr	r2, [sp, #48]	; 0x30
20003232:	4651      	mov	r1, sl
20003234:	4658      	mov	r0, fp
20003236:	f000 f887 	bl	20003348 <_ftoa>
2000323a:	2e00      	cmp	r6, #0
2000323c:	d100      	bne.n	20003240 <_etoa+0x30c>
2000323e:	e787      	b.n	20003150 <_etoa+0x21c>
20003240:	9b1e      	ldr	r3, [sp, #120]	; 0x78
20003242:	069b      	lsls	r3, r3, #26
20003244:	d53d      	bpl.n	200032c2 <_etoa+0x38e>
20003246:	2545      	movs	r5, #69	; 0x45
20003248:	1c44      	adds	r4, r0, #1
2000324a:	4643      	mov	r3, r8
2000324c:	0002      	movs	r2, r0
2000324e:	4651      	mov	r1, sl
20003250:	0028      	movs	r0, r5
20003252:	47d8      	blx	fp
20003254:	464b      	mov	r3, r9
20003256:	17da      	asrs	r2, r3, #31
20003258:	189b      	adds	r3, r3, r2
2000325a:	4053      	eors	r3, r2
2000325c:	2205      	movs	r2, #5
2000325e:	9205      	str	r2, [sp, #20]
20003260:	3e01      	subs	r6, #1
20003262:	9604      	str	r6, [sp, #16]
20003264:	2200      	movs	r2, #0
20003266:	9203      	str	r2, [sp, #12]
20003268:	320a      	adds	r2, #10
2000326a:	9202      	str	r2, [sp, #8]
2000326c:	464a      	mov	r2, r9
2000326e:	0fd0      	lsrs	r0, r2, #31
20003270:	9001      	str	r0, [sp, #4]
20003272:	9300      	str	r3, [sp, #0]
20003274:	4643      	mov	r3, r8
20003276:	0022      	movs	r2, r4
20003278:	4651      	mov	r1, sl
2000327a:	4658      	mov	r0, fp
2000327c:	f7ff fd8a 	bl	20002d94 <_ntoa_long>
20003280:	9b0a      	ldr	r3, [sp, #40]	; 0x28
20003282:	2b00      	cmp	r3, #0
20003284:	d100      	bne.n	20003288 <_etoa+0x354>
20003286:	e763      	b.n	20003150 <_etoa+0x21c>
20003288:	0002      	movs	r2, r0
2000328a:	465f      	mov	r7, fp
2000328c:	9e0c      	ldr	r6, [sp, #48]	; 0x30
2000328e:	9d1d      	ldr	r5, [sp, #116]	; 0x74
20003290:	e054      	b.n	2000333c <_etoa+0x408>
20003292:	9b1c      	ldr	r3, [sp, #112]	; 0x70
20003294:	2b00      	cmp	r3, #0
20003296:	d09e      	beq.n	200031d6 <_etoa+0x2a2>
20003298:	9b0d      	ldr	r3, [sp, #52]	; 0x34
2000329a:	2b00      	cmp	r3, #0
2000329c:	d09b      	beq.n	200031d6 <_etoa+0x2a2>
2000329e:	9b1c      	ldr	r3, [sp, #112]	; 0x70
200032a0:	3b01      	subs	r3, #1
200032a2:	931c      	str	r3, [sp, #112]	; 0x70
200032a4:	e797      	b.n	200031d6 <_etoa+0x2a2>
200032a6:	2700      	movs	r7, #0
200032a8:	e799      	b.n	200031de <_etoa+0x2aa>
200032aa:	9c06      	ldr	r4, [sp, #24]
200032ac:	9d07      	ldr	r5, [sp, #28]
200032ae:	0022      	movs	r2, r4
200032b0:	0029      	movs	r1, r5
200032b2:	2080      	movs	r0, #128	; 0x80
200032b4:	0600      	lsls	r0, r0, #24
200032b6:	4684      	mov	ip, r0
200032b8:	4461      	add	r1, ip
200032ba:	000b      	movs	r3, r1
200032bc:	9206      	str	r2, [sp, #24]
200032be:	9307      	str	r3, [sp, #28]
200032c0:	e7aa      	b.n	20003218 <_etoa+0x2e4>
200032c2:	2565      	movs	r5, #101	; 0x65
200032c4:	e7c0      	b.n	20003248 <_etoa+0x314>
200032c6:	46c0      	nop			; (mov r8, r8)
200032c8:	7fefffff 	.word	0x7fefffff
200032cc:	ffefffff 	.word	0xffefffff
200032d0:	fffffc01 	.word	0xfffffc01
200032d4:	3ff00000 	.word	0x3ff00000
200032d8:	509f79fb 	.word	0x509f79fb
200032dc:	3fd34413 	.word	0x3fd34413
200032e0:	8b60c8b3 	.word	0x8b60c8b3
200032e4:	3fc68a28 	.word	0x3fc68a28
200032e8:	3ff80000 	.word	0x3ff80000
200032ec:	636f4361 	.word	0x636f4361
200032f0:	3fd287a7 	.word	0x3fd287a7
200032f4:	0979a371 	.word	0x0979a371
200032f8:	400a934f 	.word	0x400a934f
200032fc:	3fe00000 	.word	0x3fe00000
20003300:	bbb55516 	.word	0xbbb55516
20003304:	40026bb1 	.word	0x40026bb1
20003308:	fefa39ef 	.word	0xfefa39ef
2000330c:	3fe62e42 	.word	0x3fe62e42
20003310:	000003ff 	.word	0x000003ff
20003314:	402c0000 	.word	0x402c0000
20003318:	40240000 	.word	0x40240000
2000331c:	40180000 	.word	0x40180000
20003320:	eb1c432d 	.word	0xeb1c432d
20003324:	3f1a36e2 	.word	0x3f1a36e2
20003328:	412e8480 	.word	0x412e8480
2000332c:	fffff7ff 	.word	0xfffff7ff
20003330:	1c54      	adds	r4, r2, #1
20003332:	4643      	mov	r3, r8
20003334:	4651      	mov	r1, sl
20003336:	2020      	movs	r0, #32
20003338:	47b8      	blx	r7
2000333a:	0022      	movs	r2, r4
2000333c:	1b93      	subs	r3, r2, r6
2000333e:	42ab      	cmp	r3, r5
20003340:	d3f6      	bcc.n	20003330 <_etoa+0x3fc>
20003342:	0010      	movs	r0, r2
20003344:	e704      	b.n	20003150 <_etoa+0x21c>
20003346:	46c0      	nop			; (mov r8, r8)

20003348 <_ftoa>:
20003348:	b5f0      	push	{r4, r5, r6, r7, lr}
2000334a:	46de      	mov	lr, fp
2000334c:	4657      	mov	r7, sl
2000334e:	464e      	mov	r6, r9
20003350:	4645      	mov	r5, r8
20003352:	b5e0      	push	{r5, r6, r7, lr}
20003354:	b095      	sub	sp, #84	; 0x54
20003356:	9006      	str	r0, [sp, #24]
20003358:	9107      	str	r1, [sp, #28]
2000335a:	4693      	mov	fp, r2
2000335c:	4699      	mov	r9, r3
2000335e:	9f20      	ldr	r7, [sp, #128]	; 0x80
20003360:	9a1e      	ldr	r2, [sp, #120]	; 0x78
20003362:	9b1f      	ldr	r3, [sp, #124]	; 0x7c
20003364:	0010      	movs	r0, r2
20003366:	0019      	movs	r1, r3
20003368:	f000 ffdf 	bl	2000432a <__wrap___aeabi_dcmpun>
2000336c:	2800      	cmp	r0, #0
2000336e:	d131      	bne.n	200033d4 <_ftoa+0x8c>
20003370:	2201      	movs	r2, #1
20003372:	4252      	negs	r2, r2
20003374:	4bbf      	ldr	r3, [pc, #764]	; (20003674 <_ftoa+0x32c>)
20003376:	981e      	ldr	r0, [sp, #120]	; 0x78
20003378:	991f      	ldr	r1, [sp, #124]	; 0x7c
2000337a:	f000 ffbb 	bl	200042f4 <__wrap___aeabi_dcmplt>
2000337e:	2800      	cmp	r0, #0
20003380:	d137      	bne.n	200033f2 <_ftoa+0xaa>
20003382:	2201      	movs	r2, #1
20003384:	4252      	negs	r2, r2
20003386:	4bbc      	ldr	r3, [pc, #752]	; (20003678 <_ftoa+0x330>)
20003388:	981e      	ldr	r0, [sp, #120]	; 0x78
2000338a:	991f      	ldr	r1, [sp, #124]	; 0x7c
2000338c:	f000 ffc8 	bl	20004320 <__wrap___aeabi_dcmpgt>
20003390:	2800      	cmp	r0, #0
20003392:	d13d      	bne.n	20003410 <_ftoa+0xc8>
20003394:	2200      	movs	r2, #0
20003396:	4bb9      	ldr	r3, [pc, #740]	; (2000367c <_ftoa+0x334>)
20003398:	981e      	ldr	r0, [sp, #120]	; 0x78
2000339a:	991f      	ldr	r1, [sp, #124]	; 0x7c
2000339c:	f000 ffc0 	bl	20004320 <__wrap___aeabi_dcmpgt>
200033a0:	2800      	cmp	r0, #0
200033a2:	d150      	bne.n	20003446 <_ftoa+0xfe>
200033a4:	2200      	movs	r2, #0
200033a6:	4bb6      	ldr	r3, [pc, #728]	; (20003680 <_ftoa+0x338>)
200033a8:	981e      	ldr	r0, [sp, #120]	; 0x78
200033aa:	991f      	ldr	r1, [sp, #124]	; 0x7c
200033ac:	f000 ffa2 	bl	200042f4 <__wrap___aeabi_dcmplt>
200033b0:	2800      	cmp	r0, #0
200033b2:	d148      	bne.n	20003446 <_ftoa+0xfe>
200033b4:	2200      	movs	r2, #0
200033b6:	2300      	movs	r3, #0
200033b8:	981e      	ldr	r0, [sp, #120]	; 0x78
200033ba:	991f      	ldr	r1, [sp, #124]	; 0x7c
200033bc:	f000 ff9a 	bl	200042f4 <__wrap___aeabi_dcmplt>
200033c0:	2800      	cmp	r0, #0
200033c2:	d150      	bne.n	20003466 <_ftoa+0x11e>
200033c4:	2300      	movs	r3, #0
200033c6:	4698      	mov	r8, r3
200033c8:	9b22      	ldr	r3, [sp, #136]	; 0x88
200033ca:	055b      	lsls	r3, r3, #21
200033cc:	d400      	bmi.n	200033d0 <_ftoa+0x88>
200033ce:	e0b6      	b.n	2000353e <_ftoa+0x1f6>
200033d0:	2400      	movs	r4, #0
200033d2:	e058      	b.n	20003486 <_ftoa+0x13e>
200033d4:	9b22      	ldr	r3, [sp, #136]	; 0x88
200033d6:	9303      	str	r3, [sp, #12]
200033d8:	9b21      	ldr	r3, [sp, #132]	; 0x84
200033da:	9302      	str	r3, [sp, #8]
200033dc:	2303      	movs	r3, #3
200033de:	9301      	str	r3, [sp, #4]
200033e0:	4ba8      	ldr	r3, [pc, #672]	; (20003684 <_ftoa+0x33c>)
200033e2:	9300      	str	r3, [sp, #0]
200033e4:	464b      	mov	r3, r9
200033e6:	465a      	mov	r2, fp
200033e8:	9907      	ldr	r1, [sp, #28]
200033ea:	9806      	ldr	r0, [sp, #24]
200033ec:	f7ff fbf2 	bl	20002bd4 <_out_rev>
200033f0:	e10e      	b.n	20003610 <_ftoa+0x2c8>
200033f2:	9b22      	ldr	r3, [sp, #136]	; 0x88
200033f4:	9303      	str	r3, [sp, #12]
200033f6:	9b21      	ldr	r3, [sp, #132]	; 0x84
200033f8:	9302      	str	r3, [sp, #8]
200033fa:	2304      	movs	r3, #4
200033fc:	9301      	str	r3, [sp, #4]
200033fe:	4ba2      	ldr	r3, [pc, #648]	; (20003688 <_ftoa+0x340>)
20003400:	9300      	str	r3, [sp, #0]
20003402:	464b      	mov	r3, r9
20003404:	465a      	mov	r2, fp
20003406:	9907      	ldr	r1, [sp, #28]
20003408:	9806      	ldr	r0, [sp, #24]
2000340a:	f7ff fbe3 	bl	20002bd4 <_out_rev>
2000340e:	e0ff      	b.n	20003610 <_ftoa+0x2c8>
20003410:	2304      	movs	r3, #4
20003412:	9a22      	ldr	r2, [sp, #136]	; 0x88
20003414:	401a      	ands	r2, r3
20003416:	9922      	ldr	r1, [sp, #136]	; 0x88
20003418:	420b      	tst	r3, r1
2000341a:	d010      	beq.n	2000343e <_ftoa+0xf6>
2000341c:	4b9b      	ldr	r3, [pc, #620]	; (2000368c <_ftoa+0x344>)
2000341e:	2a00      	cmp	r2, #0
20003420:	d00f      	beq.n	20003442 <_ftoa+0xfa>
20003422:	2204      	movs	r2, #4
20003424:	9922      	ldr	r1, [sp, #136]	; 0x88
20003426:	9103      	str	r1, [sp, #12]
20003428:	9921      	ldr	r1, [sp, #132]	; 0x84
2000342a:	9102      	str	r1, [sp, #8]
2000342c:	9201      	str	r2, [sp, #4]
2000342e:	9300      	str	r3, [sp, #0]
20003430:	464b      	mov	r3, r9
20003432:	465a      	mov	r2, fp
20003434:	9907      	ldr	r1, [sp, #28]
20003436:	9806      	ldr	r0, [sp, #24]
20003438:	f7ff fbcc 	bl	20002bd4 <_out_rev>
2000343c:	e0e8      	b.n	20003610 <_ftoa+0x2c8>
2000343e:	4b94      	ldr	r3, [pc, #592]	; (20003690 <_ftoa+0x348>)
20003440:	e7ed      	b.n	2000341e <_ftoa+0xd6>
20003442:	2203      	movs	r2, #3
20003444:	e7ee      	b.n	20003424 <_ftoa+0xdc>
20003446:	9b22      	ldr	r3, [sp, #136]	; 0x88
20003448:	9304      	str	r3, [sp, #16]
2000344a:	9b21      	ldr	r3, [sp, #132]	; 0x84
2000344c:	9303      	str	r3, [sp, #12]
2000344e:	9702      	str	r7, [sp, #8]
20003450:	9b1e      	ldr	r3, [sp, #120]	; 0x78
20003452:	9c1f      	ldr	r4, [sp, #124]	; 0x7c
20003454:	9300      	str	r3, [sp, #0]
20003456:	9401      	str	r4, [sp, #4]
20003458:	464b      	mov	r3, r9
2000345a:	465a      	mov	r2, fp
2000345c:	9907      	ldr	r1, [sp, #28]
2000345e:	9806      	ldr	r0, [sp, #24]
20003460:	f7ff fd68 	bl	20002f34 <_etoa>
20003464:	e0d4      	b.n	20003610 <_ftoa+0x2c8>
20003466:	9a1e      	ldr	r2, [sp, #120]	; 0x78
20003468:	9b1f      	ldr	r3, [sp, #124]	; 0x7c
2000346a:	2000      	movs	r0, #0
2000346c:	2100      	movs	r1, #0
2000346e:	f000 fece 	bl	2000420e <__wrap___aeabi_dsub>
20003472:	901e      	str	r0, [sp, #120]	; 0x78
20003474:	911f      	str	r1, [sp, #124]	; 0x7c
20003476:	2301      	movs	r3, #1
20003478:	4698      	mov	r8, r3
2000347a:	e7a5      	b.n	200033c8 <_ftoa+0x80>
2000347c:	ab0c      	add	r3, sp, #48	; 0x30
2000347e:	2230      	movs	r2, #48	; 0x30
20003480:	551a      	strb	r2, [r3, r4]
20003482:	3f01      	subs	r7, #1
20003484:	3401      	adds	r4, #1
20003486:	2c1f      	cmp	r4, #31
20003488:	d801      	bhi.n	2000348e <_ftoa+0x146>
2000348a:	2f09      	cmp	r7, #9
2000348c:	d8f6      	bhi.n	2000347c <_ftoa+0x134>
2000348e:	981e      	ldr	r0, [sp, #120]	; 0x78
20003490:	991f      	ldr	r1, [sp, #124]	; 0x7c
20003492:	f000 ff75 	bl	20004380 <__wrap___aeabi_d2iz>
20003496:	0005      	movs	r5, r0
20003498:	f000 ff5a 	bl	20004350 <__wrap___aeabi_i2d>
2000349c:	0002      	movs	r2, r0
2000349e:	000b      	movs	r3, r1
200034a0:	981e      	ldr	r0, [sp, #120]	; 0x78
200034a2:	991f      	ldr	r1, [sp, #124]	; 0x7c
200034a4:	f000 feb3 	bl	2000420e <__wrap___aeabi_dsub>
200034a8:	00fa      	lsls	r2, r7, #3
200034aa:	4b7a      	ldr	r3, [pc, #488]	; (20003694 <_ftoa+0x34c>)
200034ac:	189b      	adds	r3, r3, r2
200034ae:	681a      	ldr	r2, [r3, #0]
200034b0:	685b      	ldr	r3, [r3, #4]
200034b2:	920a      	str	r2, [sp, #40]	; 0x28
200034b4:	930b      	str	r3, [sp, #44]	; 0x2c
200034b6:	f000 feda 	bl	2000426e <__wrap___aeabi_dmul>
200034ba:	9008      	str	r0, [sp, #32]
200034bc:	9109      	str	r1, [sp, #36]	; 0x24
200034be:	f000 ff83 	bl	200043c8 <__wrap___aeabi_d2uiz>
200034c2:	0006      	movs	r6, r0
200034c4:	f000 ff40 	bl	20004348 <__wrap___aeabi_ui2d>
200034c8:	0002      	movs	r2, r0
200034ca:	000b      	movs	r3, r1
200034cc:	9808      	ldr	r0, [sp, #32]
200034ce:	9909      	ldr	r1, [sp, #36]	; 0x24
200034d0:	f000 fe9d 	bl	2000420e <__wrap___aeabi_dsub>
200034d4:	9008      	str	r0, [sp, #32]
200034d6:	9109      	str	r1, [sp, #36]	; 0x24
200034d8:	2200      	movs	r2, #0
200034da:	4b6f      	ldr	r3, [pc, #444]	; (20003698 <_ftoa+0x350>)
200034dc:	f000 ff20 	bl	20004320 <__wrap___aeabi_dcmpgt>
200034e0:	2800      	cmp	r0, #0
200034e2:	d02e      	beq.n	20003542 <_ftoa+0x1fa>
200034e4:	3601      	adds	r6, #1
200034e6:	0030      	movs	r0, r6
200034e8:	f000 ff2e 	bl	20004348 <__wrap___aeabi_ui2d>
200034ec:	0002      	movs	r2, r0
200034ee:	000b      	movs	r3, r1
200034f0:	980a      	ldr	r0, [sp, #40]	; 0x28
200034f2:	990b      	ldr	r1, [sp, #44]	; 0x2c
200034f4:	f000 ff04 	bl	20004300 <__wrap___aeabi_dcmple>
200034f8:	2800      	cmp	r0, #0
200034fa:	d001      	beq.n	20003500 <_ftoa+0x1b8>
200034fc:	3501      	adds	r5, #1
200034fe:	2600      	movs	r6, #0
20003500:	2f00      	cmp	r7, #0
20003502:	d12c      	bne.n	2000355e <_ftoa+0x216>
20003504:	0028      	movs	r0, r5
20003506:	f000 ff23 	bl	20004350 <__wrap___aeabi_i2d>
2000350a:	0002      	movs	r2, r0
2000350c:	000b      	movs	r3, r1
2000350e:	981e      	ldr	r0, [sp, #120]	; 0x78
20003510:	991f      	ldr	r1, [sp, #124]	; 0x7c
20003512:	f000 fe7c 	bl	2000420e <__wrap___aeabi_dsub>
20003516:	0006      	movs	r6, r0
20003518:	000f      	movs	r7, r1
2000351a:	2200      	movs	r2, #0
2000351c:	4b5e      	ldr	r3, [pc, #376]	; (20003698 <_ftoa+0x350>)
2000351e:	f000 fee9 	bl	200042f4 <__wrap___aeabi_dcmplt>
20003522:	2800      	cmp	r0, #0
20003524:	d146      	bne.n	200035b4 <_ftoa+0x26c>
20003526:	2200      	movs	r2, #0
20003528:	4b5b      	ldr	r3, [pc, #364]	; (20003698 <_ftoa+0x350>)
2000352a:	0030      	movs	r0, r6
2000352c:	0039      	movs	r1, r7
2000352e:	f000 fef7 	bl	20004320 <__wrap___aeabi_dcmpgt>
20003532:	2800      	cmp	r0, #0
20003534:	d13e      	bne.n	200035b4 <_ftoa+0x26c>
20003536:	07eb      	lsls	r3, r5, #31
20003538:	d53c      	bpl.n	200035b4 <_ftoa+0x26c>
2000353a:	3501      	adds	r5, #1
2000353c:	e03a      	b.n	200035b4 <_ftoa+0x26c>
2000353e:	2706      	movs	r7, #6
20003540:	e746      	b.n	200033d0 <_ftoa+0x88>
20003542:	2200      	movs	r2, #0
20003544:	4b54      	ldr	r3, [pc, #336]	; (20003698 <_ftoa+0x350>)
20003546:	9808      	ldr	r0, [sp, #32]
20003548:	9909      	ldr	r1, [sp, #36]	; 0x24
2000354a:	f000 fed3 	bl	200042f4 <__wrap___aeabi_dcmplt>
2000354e:	2800      	cmp	r0, #0
20003550:	d1d6      	bne.n	20003500 <_ftoa+0x1b8>
20003552:	2e00      	cmp	r6, #0
20003554:	d001      	beq.n	2000355a <_ftoa+0x212>
20003556:	07f3      	lsls	r3, r6, #31
20003558:	d5d2      	bpl.n	20003500 <_ftoa+0x1b8>
2000355a:	3601      	adds	r6, #1
2000355c:	e7d0      	b.n	20003500 <_ftoa+0x1b8>
2000355e:	46aa      	mov	sl, r5
20003560:	2c1f      	cmp	r4, #31
20003562:	d811      	bhi.n	20003588 <_ftoa+0x240>
20003564:	3f01      	subs	r7, #1
20003566:	210a      	movs	r1, #10
20003568:	0030      	movs	r0, r6
2000356a:	f000 fc15 	bl	20003d98 <__wrap___aeabi_uidiv>
2000356e:	1c65      	adds	r5, r4, #1
20003570:	3130      	adds	r1, #48	; 0x30
20003572:	ab0c      	add	r3, sp, #48	; 0x30
20003574:	5519      	strb	r1, [r3, r4]
20003576:	210a      	movs	r1, #10
20003578:	0030      	movs	r0, r6
2000357a:	f000 fc0d 	bl	20003d98 <__wrap___aeabi_uidiv>
2000357e:	2e09      	cmp	r6, #9
20003580:	d90e      	bls.n	200035a0 <_ftoa+0x258>
20003582:	0006      	movs	r6, r0
20003584:	002c      	movs	r4, r5
20003586:	e7eb      	b.n	20003560 <_ftoa+0x218>
20003588:	4655      	mov	r5, sl
2000358a:	2c1f      	cmp	r4, #31
2000358c:	d80c      	bhi.n	200035a8 <_ftoa+0x260>
2000358e:	1e7b      	subs	r3, r7, #1
20003590:	2f00      	cmp	r7, #0
20003592:	d009      	beq.n	200035a8 <_ftoa+0x260>
20003594:	aa0c      	add	r2, sp, #48	; 0x30
20003596:	2130      	movs	r1, #48	; 0x30
20003598:	5511      	strb	r1, [r2, r4]
2000359a:	001f      	movs	r7, r3
2000359c:	3401      	adds	r4, #1
2000359e:	e7f4      	b.n	2000358a <_ftoa+0x242>
200035a0:	002b      	movs	r3, r5
200035a2:	4655      	mov	r5, sl
200035a4:	001c      	movs	r4, r3
200035a6:	e7f0      	b.n	2000358a <_ftoa+0x242>
200035a8:	2c1f      	cmp	r4, #31
200035aa:	d803      	bhi.n	200035b4 <_ftoa+0x26c>
200035ac:	ab0c      	add	r3, sp, #48	; 0x30
200035ae:	222e      	movs	r2, #46	; 0x2e
200035b0:	551a      	strb	r2, [r3, r4]
200035b2:	3401      	adds	r4, #1
200035b4:	2c1f      	cmp	r4, #31
200035b6:	d810      	bhi.n	200035da <_ftoa+0x292>
200035b8:	210a      	movs	r1, #10
200035ba:	0028      	movs	r0, r5
200035bc:	f000 fbc4 	bl	20003d48 <__wrap___aeabi_idiv>
200035c0:	1c66      	adds	r6, r4, #1
200035c2:	3130      	adds	r1, #48	; 0x30
200035c4:	ab0c      	add	r3, sp, #48	; 0x30
200035c6:	5519      	strb	r1, [r3, r4]
200035c8:	210a      	movs	r1, #10
200035ca:	0028      	movs	r0, r5
200035cc:	f000 fbbc 	bl	20003d48 <__wrap___aeabi_idiv>
200035d0:	1e05      	subs	r5, r0, #0
200035d2:	d001      	beq.n	200035d8 <_ftoa+0x290>
200035d4:	0034      	movs	r4, r6
200035d6:	e7ed      	b.n	200035b4 <_ftoa+0x26c>
200035d8:	0034      	movs	r4, r6
200035da:	2303      	movs	r3, #3
200035dc:	9a22      	ldr	r2, [sp, #136]	; 0x88
200035de:	4013      	ands	r3, r2
200035e0:	2b01      	cmp	r3, #1
200035e2:	d01c      	beq.n	2000361e <_ftoa+0x2d6>
200035e4:	2c1f      	cmp	r4, #31
200035e6:	d806      	bhi.n	200035f6 <_ftoa+0x2ae>
200035e8:	4643      	mov	r3, r8
200035ea:	2b00      	cmp	r3, #0
200035ec:	d032      	beq.n	20003654 <_ftoa+0x30c>
200035ee:	ab0c      	add	r3, sp, #48	; 0x30
200035f0:	222d      	movs	r2, #45	; 0x2d
200035f2:	551a      	strb	r2, [r3, r4]
200035f4:	3401      	adds	r4, #1
200035f6:	9b22      	ldr	r3, [sp, #136]	; 0x88
200035f8:	9303      	str	r3, [sp, #12]
200035fa:	9b21      	ldr	r3, [sp, #132]	; 0x84
200035fc:	9302      	str	r3, [sp, #8]
200035fe:	9401      	str	r4, [sp, #4]
20003600:	ab0c      	add	r3, sp, #48	; 0x30
20003602:	9300      	str	r3, [sp, #0]
20003604:	464b      	mov	r3, r9
20003606:	465a      	mov	r2, fp
20003608:	9907      	ldr	r1, [sp, #28]
2000360a:	9806      	ldr	r0, [sp, #24]
2000360c:	f7ff fae2 	bl	20002bd4 <_out_rev>
20003610:	b015      	add	sp, #84	; 0x54
20003612:	bcf0      	pop	{r4, r5, r6, r7}
20003614:	46bb      	mov	fp, r7
20003616:	46b2      	mov	sl, r6
20003618:	46a9      	mov	r9, r5
2000361a:	46a0      	mov	r8, r4
2000361c:	bdf0      	pop	{r4, r5, r6, r7, pc}
2000361e:	9b21      	ldr	r3, [sp, #132]	; 0x84
20003620:	2b00      	cmp	r3, #0
20003622:	d013      	beq.n	2000364c <_ftoa+0x304>
20003624:	4643      	mov	r3, r8
20003626:	2b00      	cmp	r3, #0
20003628:	d102      	bne.n	20003630 <_ftoa+0x2e8>
2000362a:	330c      	adds	r3, #12
2000362c:	4213      	tst	r3, r2
2000362e:	d00f      	beq.n	20003650 <_ftoa+0x308>
20003630:	9b21      	ldr	r3, [sp, #132]	; 0x84
20003632:	3b01      	subs	r3, #1
20003634:	9321      	str	r3, [sp, #132]	; 0x84
20003636:	0019      	movs	r1, r3
20003638:	e003      	b.n	20003642 <_ftoa+0x2fa>
2000363a:	ab0c      	add	r3, sp, #48	; 0x30
2000363c:	2230      	movs	r2, #48	; 0x30
2000363e:	551a      	strb	r2, [r3, r4]
20003640:	3401      	adds	r4, #1
20003642:	428c      	cmp	r4, r1
20003644:	d2ce      	bcs.n	200035e4 <_ftoa+0x29c>
20003646:	2c1f      	cmp	r4, #31
20003648:	d9f7      	bls.n	2000363a <_ftoa+0x2f2>
2000364a:	e7cb      	b.n	200035e4 <_ftoa+0x29c>
2000364c:	9921      	ldr	r1, [sp, #132]	; 0x84
2000364e:	e7f8      	b.n	20003642 <_ftoa+0x2fa>
20003650:	9921      	ldr	r1, [sp, #132]	; 0x84
20003652:	e7f6      	b.n	20003642 <_ftoa+0x2fa>
20003654:	9b22      	ldr	r3, [sp, #136]	; 0x88
20003656:	075b      	lsls	r3, r3, #29
20003658:	d504      	bpl.n	20003664 <_ftoa+0x31c>
2000365a:	ab0c      	add	r3, sp, #48	; 0x30
2000365c:	222b      	movs	r2, #43	; 0x2b
2000365e:	551a      	strb	r2, [r3, r4]
20003660:	3401      	adds	r4, #1
20003662:	e7c8      	b.n	200035f6 <_ftoa+0x2ae>
20003664:	9b22      	ldr	r3, [sp, #136]	; 0x88
20003666:	071b      	lsls	r3, r3, #28
20003668:	d5c5      	bpl.n	200035f6 <_ftoa+0x2ae>
2000366a:	ab0c      	add	r3, sp, #48	; 0x30
2000366c:	2220      	movs	r2, #32
2000366e:	551a      	strb	r2, [r3, r4]
20003670:	3401      	adds	r4, #1
20003672:	e7c0      	b.n	200035f6 <_ftoa+0x2ae>
20003674:	ffefffff 	.word	0xffefffff
20003678:	7fefffff 	.word	0x7fefffff
2000367c:	41cdcd65 	.word	0x41cdcd65
20003680:	c1cdcd65 	.word	0xc1cdcd65
20003684:	20005fa4 	.word	0x20005fa4
20003688:	20005fa8 	.word	0x20005fa8
2000368c:	20005f9c 	.word	0x20005f9c
20003690:	20005f98 	.word	0x20005f98
20003694:	20006190 	.word	0x20006190
20003698:	3fe00000 	.word	0x3fe00000

2000369c <_vsnprintf>:
2000369c:	b5f0      	push	{r4, r5, r6, r7, lr}
2000369e:	46de      	mov	lr, fp
200036a0:	4657      	mov	r7, sl
200036a2:	464e      	mov	r6, r9
200036a4:	4645      	mov	r5, r8
200036a6:	b5e0      	push	{r5, r6, r7, lr}
200036a8:	b093      	sub	sp, #76	; 0x4c
200036aa:	4682      	mov	sl, r0
200036ac:	468b      	mov	fp, r1
200036ae:	4690      	mov	r8, r2
200036b0:	9311      	str	r3, [sp, #68]	; 0x44
200036b2:	2900      	cmp	r1, #0
200036b4:	d100      	bne.n	200036b8 <_vsnprintf+0x1c>
200036b6:	e2eb      	b.n	20003c90 <_vsnprintf+0x5f4>
200036b8:	2700      	movs	r7, #0
200036ba:	4655      	mov	r5, sl
200036bc:	9b11      	ldr	r3, [sp, #68]	; 0x44
200036be:	7818      	ldrb	r0, [r3, #0]
200036c0:	2800      	cmp	r0, #0
200036c2:	d100      	bne.n	200036c6 <_vsnprintf+0x2a>
200036c4:	e2e7      	b.n	20003c96 <_vsnprintf+0x5fa>
200036c6:	2825      	cmp	r0, #37	; 0x25
200036c8:	d009      	beq.n	200036de <_vsnprintf+0x42>
200036ca:	1c7c      	adds	r4, r7, #1
200036cc:	4643      	mov	r3, r8
200036ce:	003a      	movs	r2, r7
200036d0:	4659      	mov	r1, fp
200036d2:	47a8      	blx	r5
200036d4:	9b11      	ldr	r3, [sp, #68]	; 0x44
200036d6:	3301      	adds	r3, #1
200036d8:	9311      	str	r3, [sp, #68]	; 0x44
200036da:	0027      	movs	r7, r4
200036dc:	e7ee      	b.n	200036bc <_vsnprintf+0x20>
200036de:	3301      	adds	r3, #1
200036e0:	9311      	str	r3, [sp, #68]	; 0x44
200036e2:	2400      	movs	r4, #0
200036e4:	9a11      	ldr	r2, [sp, #68]	; 0x44
200036e6:	7811      	ldrb	r1, [r2, #0]
200036e8:	000b      	movs	r3, r1
200036ea:	3b20      	subs	r3, #32
200036ec:	b2d8      	uxtb	r0, r3
200036ee:	2810      	cmp	r0, #16
200036f0:	d803      	bhi.n	200036fa <_vsnprintf+0x5e>
200036f2:	0083      	lsls	r3, r0, #2
200036f4:	48d0      	ldr	r0, [pc, #832]	; (20003a38 <_vsnprintf+0x39c>)
200036f6:	58c3      	ldr	r3, [r0, r3]
200036f8:	469f      	mov	pc, r3
200036fa:	000b      	movs	r3, r1
200036fc:	3b30      	subs	r3, #48	; 0x30
200036fe:	b2db      	uxtb	r3, r3
20003700:	2b09      	cmp	r3, #9
20003702:	d92c      	bls.n	2000375e <_vsnprintf+0xc2>
20003704:	292a      	cmp	r1, #42	; 0x2a
20003706:	d02f      	beq.n	20003768 <_vsnprintf+0xcc>
20003708:	2300      	movs	r3, #0
2000370a:	930a      	str	r3, [sp, #40]	; 0x28
2000370c:	9b11      	ldr	r3, [sp, #68]	; 0x44
2000370e:	781a      	ldrb	r2, [r3, #0]
20003710:	2a2e      	cmp	r2, #46	; 0x2e
20003712:	d039      	beq.n	20003788 <_vsnprintf+0xec>
20003714:	2300      	movs	r3, #0
20003716:	469a      	mov	sl, r3
20003718:	9a11      	ldr	r2, [sp, #68]	; 0x44
2000371a:	7813      	ldrb	r3, [r2, #0]
2000371c:	3b68      	subs	r3, #104	; 0x68
2000371e:	b2d9      	uxtb	r1, r3
20003720:	2912      	cmp	r1, #18
20003722:	d876      	bhi.n	20003812 <_vsnprintf+0x176>
20003724:	008b      	lsls	r3, r1, #2
20003726:	49c5      	ldr	r1, [pc, #788]	; (20003a3c <_vsnprintf+0x3a0>)
20003728:	58cb      	ldr	r3, [r1, r3]
2000372a:	469f      	mov	pc, r3
2000372c:	2301      	movs	r3, #1
2000372e:	431c      	orrs	r4, r3
20003730:	3201      	adds	r2, #1
20003732:	9211      	str	r2, [sp, #68]	; 0x44
20003734:	e7d6      	b.n	200036e4 <_vsnprintf+0x48>
20003736:	2302      	movs	r3, #2
20003738:	431c      	orrs	r4, r3
2000373a:	3201      	adds	r2, #1
2000373c:	9211      	str	r2, [sp, #68]	; 0x44
2000373e:	e7d1      	b.n	200036e4 <_vsnprintf+0x48>
20003740:	2304      	movs	r3, #4
20003742:	431c      	orrs	r4, r3
20003744:	3201      	adds	r2, #1
20003746:	9211      	str	r2, [sp, #68]	; 0x44
20003748:	e7cc      	b.n	200036e4 <_vsnprintf+0x48>
2000374a:	2308      	movs	r3, #8
2000374c:	431c      	orrs	r4, r3
2000374e:	3201      	adds	r2, #1
20003750:	9211      	str	r2, [sp, #68]	; 0x44
20003752:	e7c7      	b.n	200036e4 <_vsnprintf+0x48>
20003754:	2310      	movs	r3, #16
20003756:	431c      	orrs	r4, r3
20003758:	3201      	adds	r2, #1
2000375a:	9211      	str	r2, [sp, #68]	; 0x44
2000375c:	e7c2      	b.n	200036e4 <_vsnprintf+0x48>
2000375e:	a811      	add	r0, sp, #68	; 0x44
20003760:	f7ff fa26 	bl	20002bb0 <_atoi>
20003764:	900a      	str	r0, [sp, #40]	; 0x28
20003766:	e7d1      	b.n	2000370c <_vsnprintf+0x70>
20003768:	9b1c      	ldr	r3, [sp, #112]	; 0x70
2000376a:	1d1a      	adds	r2, r3, #4
2000376c:	921c      	str	r2, [sp, #112]	; 0x70
2000376e:	6818      	ldr	r0, [r3, #0]
20003770:	2800      	cmp	r0, #0
20003772:	db04      	blt.n	2000377e <_vsnprintf+0xe2>
20003774:	900a      	str	r0, [sp, #40]	; 0x28
20003776:	9b11      	ldr	r3, [sp, #68]	; 0x44
20003778:	3301      	adds	r3, #1
2000377a:	9311      	str	r3, [sp, #68]	; 0x44
2000377c:	e7c6      	b.n	2000370c <_vsnprintf+0x70>
2000377e:	2302      	movs	r3, #2
20003780:	431c      	orrs	r4, r3
20003782:	4243      	negs	r3, r0
20003784:	930a      	str	r3, [sp, #40]	; 0x28
20003786:	e7f6      	b.n	20003776 <_vsnprintf+0xda>
20003788:	2280      	movs	r2, #128	; 0x80
2000378a:	00d2      	lsls	r2, r2, #3
2000378c:	4314      	orrs	r4, r2
2000378e:	1c5a      	adds	r2, r3, #1
20003790:	9211      	str	r2, [sp, #68]	; 0x44
20003792:	785a      	ldrb	r2, [r3, #1]
20003794:	0013      	movs	r3, r2
20003796:	3b30      	subs	r3, #48	; 0x30
20003798:	b2db      	uxtb	r3, r3
2000379a:	2b09      	cmp	r3, #9
2000379c:	d904      	bls.n	200037a8 <_vsnprintf+0x10c>
2000379e:	2a2a      	cmp	r2, #42	; 0x2a
200037a0:	d007      	beq.n	200037b2 <_vsnprintf+0x116>
200037a2:	2300      	movs	r3, #0
200037a4:	469a      	mov	sl, r3
200037a6:	e7b7      	b.n	20003718 <_vsnprintf+0x7c>
200037a8:	a811      	add	r0, sp, #68	; 0x44
200037aa:	f7ff fa01 	bl	20002bb0 <_atoi>
200037ae:	4682      	mov	sl, r0
200037b0:	e7b2      	b.n	20003718 <_vsnprintf+0x7c>
200037b2:	9b1c      	ldr	r3, [sp, #112]	; 0x70
200037b4:	1d1a      	adds	r2, r3, #4
200037b6:	921c      	str	r2, [sp, #112]	; 0x70
200037b8:	6818      	ldr	r0, [r3, #0]
200037ba:	2800      	cmp	r0, #0
200037bc:	db04      	blt.n	200037c8 <_vsnprintf+0x12c>
200037be:	4682      	mov	sl, r0
200037c0:	9b11      	ldr	r3, [sp, #68]	; 0x44
200037c2:	3301      	adds	r3, #1
200037c4:	9311      	str	r3, [sp, #68]	; 0x44
200037c6:	e7a7      	b.n	20003718 <_vsnprintf+0x7c>
200037c8:	2000      	movs	r0, #0
200037ca:	e7f8      	b.n	200037be <_vsnprintf+0x122>
200037cc:	2380      	movs	r3, #128	; 0x80
200037ce:	005b      	lsls	r3, r3, #1
200037d0:	4323      	orrs	r3, r4
200037d2:	1c51      	adds	r1, r2, #1
200037d4:	9111      	str	r1, [sp, #68]	; 0x44
200037d6:	7852      	ldrb	r2, [r2, #1]
200037d8:	2a6c      	cmp	r2, #108	; 0x6c
200037da:	d001      	beq.n	200037e0 <_vsnprintf+0x144>
200037dc:	001c      	movs	r4, r3
200037de:	e018      	b.n	20003812 <_vsnprintf+0x176>
200037e0:	23c0      	movs	r3, #192	; 0xc0
200037e2:	009b      	lsls	r3, r3, #2
200037e4:	431c      	orrs	r4, r3
200037e6:	3101      	adds	r1, #1
200037e8:	9111      	str	r1, [sp, #68]	; 0x44
200037ea:	e012      	b.n	20003812 <_vsnprintf+0x176>
200037ec:	2380      	movs	r3, #128	; 0x80
200037ee:	4323      	orrs	r3, r4
200037f0:	1c51      	adds	r1, r2, #1
200037f2:	9111      	str	r1, [sp, #68]	; 0x44
200037f4:	7852      	ldrb	r2, [r2, #1]
200037f6:	2a68      	cmp	r2, #104	; 0x68
200037f8:	d001      	beq.n	200037fe <_vsnprintf+0x162>
200037fa:	001c      	movs	r4, r3
200037fc:	e009      	b.n	20003812 <_vsnprintf+0x176>
200037fe:	23c0      	movs	r3, #192	; 0xc0
20003800:	431c      	orrs	r4, r3
20003802:	3101      	adds	r1, #1
20003804:	9111      	str	r1, [sp, #68]	; 0x44
20003806:	e004      	b.n	20003812 <_vsnprintf+0x176>
20003808:	2380      	movs	r3, #128	; 0x80
2000380a:	005b      	lsls	r3, r3, #1
2000380c:	431c      	orrs	r4, r3
2000380e:	3201      	adds	r2, #1
20003810:	9211      	str	r2, [sp, #68]	; 0x44
20003812:	9b11      	ldr	r3, [sp, #68]	; 0x44
20003814:	7818      	ldrb	r0, [r3, #0]
20003816:	0003      	movs	r3, r0
20003818:	3b25      	subs	r3, #37	; 0x25
2000381a:	b2da      	uxtb	r2, r3
2000381c:	2a53      	cmp	r2, #83	; 0x53
2000381e:	d900      	bls.n	20003822 <_vsnprintf+0x186>
20003820:	e22c      	b.n	20003c7c <_vsnprintf+0x5e0>
20003822:	0093      	lsls	r3, r2, #2
20003824:	4a86      	ldr	r2, [pc, #536]	; (20003a40 <_vsnprintf+0x3a4>)
20003826:	58d3      	ldr	r3, [r2, r3]
20003828:	469f      	mov	pc, r3
2000382a:	2380      	movs	r3, #128	; 0x80
2000382c:	009b      	lsls	r3, r3, #2
2000382e:	431c      	orrs	r4, r3
20003830:	3201      	adds	r2, #1
20003832:	9211      	str	r2, [sp, #68]	; 0x44
20003834:	e7ed      	b.n	20003812 <_vsnprintf+0x176>
20003836:	2380      	movs	r3, #128	; 0x80
20003838:	005b      	lsls	r3, r3, #1
2000383a:	431c      	orrs	r4, r3
2000383c:	3201      	adds	r2, #1
2000383e:	9211      	str	r2, [sp, #68]	; 0x44
20003840:	e7e7      	b.n	20003812 <_vsnprintf+0x176>
20003842:	2878      	cmp	r0, #120	; 0x78
20003844:	d009      	beq.n	2000385a <_vsnprintf+0x1be>
20003846:	2858      	cmp	r0, #88	; 0x58
20003848:	d038      	beq.n	200038bc <_vsnprintf+0x220>
2000384a:	286f      	cmp	r0, #111	; 0x6f
2000384c:	d038      	beq.n	200038c0 <_vsnprintf+0x224>
2000384e:	2862      	cmp	r0, #98	; 0x62
20003850:	d038      	beq.n	200038c4 <_vsnprintf+0x228>
20003852:	2310      	movs	r3, #16
20003854:	439c      	bics	r4, r3
20003856:	260a      	movs	r6, #10
20003858:	e000      	b.n	2000385c <_vsnprintf+0x1c0>
2000385a:	2610      	movs	r6, #16
2000385c:	2858      	cmp	r0, #88	; 0x58
2000385e:	d033      	beq.n	200038c8 <_vsnprintf+0x22c>
20003860:	2869      	cmp	r0, #105	; 0x69
20003862:	d003      	beq.n	2000386c <_vsnprintf+0x1d0>
20003864:	2864      	cmp	r0, #100	; 0x64
20003866:	d001      	beq.n	2000386c <_vsnprintf+0x1d0>
20003868:	220c      	movs	r2, #12
2000386a:	4394      	bics	r4, r2
2000386c:	0563      	lsls	r3, r4, #21
2000386e:	d501      	bpl.n	20003874 <_vsnprintf+0x1d8>
20003870:	2201      	movs	r2, #1
20003872:	4394      	bics	r4, r2
20003874:	2869      	cmp	r0, #105	; 0x69
20003876:	d02a      	beq.n	200038ce <_vsnprintf+0x232>
20003878:	2864      	cmp	r0, #100	; 0x64
2000387a:	d028      	beq.n	200038ce <_vsnprintf+0x232>
2000387c:	05a3      	lsls	r3, r4, #22
2000387e:	d500      	bpl.n	20003882 <_vsnprintf+0x1e6>
20003880:	e09f      	b.n	200039c2 <_vsnprintf+0x326>
20003882:	05e3      	lsls	r3, r4, #23
20003884:	d500      	bpl.n	20003888 <_vsnprintf+0x1ec>
20003886:	e0b8      	b.n	200039fa <_vsnprintf+0x35e>
20003888:	0663      	lsls	r3, r4, #25
2000388a:	d400      	bmi.n	2000388e <_vsnprintf+0x1f2>
2000388c:	e0ca      	b.n	20003a24 <_vsnprintf+0x388>
2000388e:	9a1c      	ldr	r2, [sp, #112]	; 0x70
20003890:	1d11      	adds	r1, r2, #4
20003892:	911c      	str	r1, [sp, #112]	; 0x70
20003894:	6811      	ldr	r1, [r2, #0]
20003896:	22ff      	movs	r2, #255	; 0xff
20003898:	400a      	ands	r2, r1
2000389a:	9405      	str	r4, [sp, #20]
2000389c:	9b0a      	ldr	r3, [sp, #40]	; 0x28
2000389e:	9304      	str	r3, [sp, #16]
200038a0:	4653      	mov	r3, sl
200038a2:	9303      	str	r3, [sp, #12]
200038a4:	9602      	str	r6, [sp, #8]
200038a6:	2300      	movs	r3, #0
200038a8:	9301      	str	r3, [sp, #4]
200038aa:	9200      	str	r2, [sp, #0]
200038ac:	4643      	mov	r3, r8
200038ae:	003a      	movs	r2, r7
200038b0:	4659      	mov	r1, fp
200038b2:	0028      	movs	r0, r5
200038b4:	f7ff fa6e 	bl	20002d94 <_ntoa_long>
200038b8:	0007      	movs	r7, r0
200038ba:	e027      	b.n	2000390c <_vsnprintf+0x270>
200038bc:	2610      	movs	r6, #16
200038be:	e7cd      	b.n	2000385c <_vsnprintf+0x1c0>
200038c0:	2608      	movs	r6, #8
200038c2:	e7cb      	b.n	2000385c <_vsnprintf+0x1c0>
200038c4:	2602      	movs	r6, #2
200038c6:	e7c9      	b.n	2000385c <_vsnprintf+0x1c0>
200038c8:	2220      	movs	r2, #32
200038ca:	4314      	orrs	r4, r2
200038cc:	e7c8      	b.n	20003860 <_vsnprintf+0x1c4>
200038ce:	05a3      	lsls	r3, r4, #22
200038d0:	d420      	bmi.n	20003914 <_vsnprintf+0x278>
200038d2:	05e3      	lsls	r3, r4, #23
200038d4:	d450      	bmi.n	20003978 <_vsnprintf+0x2dc>
200038d6:	0663      	lsls	r3, r4, #25
200038d8:	d566      	bpl.n	200039a8 <_vsnprintf+0x30c>
200038da:	9a1c      	ldr	r2, [sp, #112]	; 0x70
200038dc:	1d11      	adds	r1, r2, #4
200038de:	911c      	str	r1, [sp, #112]	; 0x70
200038e0:	6811      	ldr	r1, [r2, #0]
200038e2:	22ff      	movs	r2, #255	; 0xff
200038e4:	400a      	ands	r2, r1
200038e6:	17d3      	asrs	r3, r2, #31
200038e8:	18d1      	adds	r1, r2, r3
200038ea:	4059      	eors	r1, r3
200038ec:	9405      	str	r4, [sp, #20]
200038ee:	9b0a      	ldr	r3, [sp, #40]	; 0x28
200038f0:	9304      	str	r3, [sp, #16]
200038f2:	4653      	mov	r3, sl
200038f4:	9303      	str	r3, [sp, #12]
200038f6:	9602      	str	r6, [sp, #8]
200038f8:	0fd2      	lsrs	r2, r2, #31
200038fa:	9201      	str	r2, [sp, #4]
200038fc:	9100      	str	r1, [sp, #0]
200038fe:	4643      	mov	r3, r8
20003900:	003a      	movs	r2, r7
20003902:	4659      	mov	r1, fp
20003904:	0028      	movs	r0, r5
20003906:	f7ff fa45 	bl	20002d94 <_ntoa_long>
2000390a:	0007      	movs	r7, r0
2000390c:	9b11      	ldr	r3, [sp, #68]	; 0x44
2000390e:	3301      	adds	r3, #1
20003910:	9311      	str	r3, [sp, #68]	; 0x44
20003912:	e6d3      	b.n	200036bc <_vsnprintf+0x20>
20003914:	9b1c      	ldr	r3, [sp, #112]	; 0x70
20003916:	1dda      	adds	r2, r3, #7
20003918:	2107      	movs	r1, #7
2000391a:	438a      	bics	r2, r1
2000391c:	0011      	movs	r1, r2
2000391e:	3108      	adds	r1, #8
20003920:	911c      	str	r1, [sp, #112]	; 0x70
20003922:	6811      	ldr	r1, [r2, #0]
20003924:	6853      	ldr	r3, [r2, #4]
20003926:	469c      	mov	ip, r3
20003928:	17db      	asrs	r3, r3, #31
2000392a:	930c      	str	r3, [sp, #48]	; 0x30
2000392c:	930d      	str	r3, [sp, #52]	; 0x34
2000392e:	9a0c      	ldr	r2, [sp, #48]	; 0x30
20003930:	9b0d      	ldr	r3, [sp, #52]	; 0x34
20003932:	0010      	movs	r0, r2
20003934:	4048      	eors	r0, r1
20003936:	900e      	str	r0, [sp, #56]	; 0x38
20003938:	4662      	mov	r2, ip
2000393a:	4053      	eors	r3, r2
2000393c:	930f      	str	r3, [sp, #60]	; 0x3c
2000393e:	980e      	ldr	r0, [sp, #56]	; 0x38
20003940:	990f      	ldr	r1, [sp, #60]	; 0x3c
20003942:	9a0c      	ldr	r2, [sp, #48]	; 0x30
20003944:	9b0d      	ldr	r3, [sp, #52]	; 0x34
20003946:	1a80      	subs	r0, r0, r2
20003948:	4199      	sbcs	r1, r3
2000394a:	900e      	str	r0, [sp, #56]	; 0x38
2000394c:	910f      	str	r1, [sp, #60]	; 0x3c
2000394e:	9408      	str	r4, [sp, #32]
20003950:	9b0a      	ldr	r3, [sp, #40]	; 0x28
20003952:	9307      	str	r3, [sp, #28]
20003954:	4653      	mov	r3, sl
20003956:	9306      	str	r3, [sp, #24]
20003958:	9604      	str	r6, [sp, #16]
2000395a:	2300      	movs	r3, #0
2000395c:	9305      	str	r3, [sp, #20]
2000395e:	4663      	mov	r3, ip
20003960:	0fda      	lsrs	r2, r3, #31
20003962:	9202      	str	r2, [sp, #8]
20003964:	9000      	str	r0, [sp, #0]
20003966:	9101      	str	r1, [sp, #4]
20003968:	4643      	mov	r3, r8
2000396a:	003a      	movs	r2, r7
2000396c:	4659      	mov	r1, fp
2000396e:	0028      	movs	r0, r5
20003970:	f7ff fa6e 	bl	20002e50 <_ntoa_long_long>
20003974:	0007      	movs	r7, r0
20003976:	e7c9      	b.n	2000390c <_vsnprintf+0x270>
20003978:	9a1c      	ldr	r2, [sp, #112]	; 0x70
2000397a:	1d11      	adds	r1, r2, #4
2000397c:	911c      	str	r1, [sp, #112]	; 0x70
2000397e:	6812      	ldr	r2, [r2, #0]
20003980:	17d3      	asrs	r3, r2, #31
20003982:	18d1      	adds	r1, r2, r3
20003984:	4059      	eors	r1, r3
20003986:	9405      	str	r4, [sp, #20]
20003988:	9b0a      	ldr	r3, [sp, #40]	; 0x28
2000398a:	9304      	str	r3, [sp, #16]
2000398c:	4653      	mov	r3, sl
2000398e:	9303      	str	r3, [sp, #12]
20003990:	9602      	str	r6, [sp, #8]
20003992:	0fd2      	lsrs	r2, r2, #31
20003994:	9201      	str	r2, [sp, #4]
20003996:	9100      	str	r1, [sp, #0]
20003998:	4643      	mov	r3, r8
2000399a:	003a      	movs	r2, r7
2000399c:	4659      	mov	r1, fp
2000399e:	0028      	movs	r0, r5
200039a0:	f7ff f9f8 	bl	20002d94 <_ntoa_long>
200039a4:	0007      	movs	r7, r0
200039a6:	e7b1      	b.n	2000390c <_vsnprintf+0x270>
200039a8:	0623      	lsls	r3, r4, #24
200039aa:	d505      	bpl.n	200039b8 <_vsnprintf+0x31c>
200039ac:	9a1c      	ldr	r2, [sp, #112]	; 0x70
200039ae:	1d11      	adds	r1, r2, #4
200039b0:	911c      	str	r1, [sp, #112]	; 0x70
200039b2:	2300      	movs	r3, #0
200039b4:	5ed2      	ldrsh	r2, [r2, r3]
200039b6:	e796      	b.n	200038e6 <_vsnprintf+0x24a>
200039b8:	9a1c      	ldr	r2, [sp, #112]	; 0x70
200039ba:	1d11      	adds	r1, r2, #4
200039bc:	911c      	str	r1, [sp, #112]	; 0x70
200039be:	6812      	ldr	r2, [r2, #0]
200039c0:	e791      	b.n	200038e6 <_vsnprintf+0x24a>
200039c2:	9b1c      	ldr	r3, [sp, #112]	; 0x70
200039c4:	1dda      	adds	r2, r3, #7
200039c6:	2107      	movs	r1, #7
200039c8:	438a      	bics	r2, r1
200039ca:	0011      	movs	r1, r2
200039cc:	3108      	adds	r1, #8
200039ce:	911c      	str	r1, [sp, #112]	; 0x70
200039d0:	9408      	str	r4, [sp, #32]
200039d2:	9b0a      	ldr	r3, [sp, #40]	; 0x28
200039d4:	9307      	str	r3, [sp, #28]
200039d6:	4653      	mov	r3, sl
200039d8:	9306      	str	r3, [sp, #24]
200039da:	9604      	str	r6, [sp, #16]
200039dc:	2300      	movs	r3, #0
200039de:	9305      	str	r3, [sp, #20]
200039e0:	9302      	str	r3, [sp, #8]
200039e2:	6813      	ldr	r3, [r2, #0]
200039e4:	6854      	ldr	r4, [r2, #4]
200039e6:	9300      	str	r3, [sp, #0]
200039e8:	9401      	str	r4, [sp, #4]
200039ea:	4643      	mov	r3, r8
200039ec:	003a      	movs	r2, r7
200039ee:	4659      	mov	r1, fp
200039f0:	0028      	movs	r0, r5
200039f2:	f7ff fa2d 	bl	20002e50 <_ntoa_long_long>
200039f6:	0007      	movs	r7, r0
200039f8:	e788      	b.n	2000390c <_vsnprintf+0x270>
200039fa:	9a1c      	ldr	r2, [sp, #112]	; 0x70
200039fc:	1d11      	adds	r1, r2, #4
200039fe:	911c      	str	r1, [sp, #112]	; 0x70
20003a00:	9405      	str	r4, [sp, #20]
20003a02:	9b0a      	ldr	r3, [sp, #40]	; 0x28
20003a04:	9304      	str	r3, [sp, #16]
20003a06:	4653      	mov	r3, sl
20003a08:	9303      	str	r3, [sp, #12]
20003a0a:	9602      	str	r6, [sp, #8]
20003a0c:	2300      	movs	r3, #0
20003a0e:	9301      	str	r3, [sp, #4]
20003a10:	6813      	ldr	r3, [r2, #0]
20003a12:	9300      	str	r3, [sp, #0]
20003a14:	4643      	mov	r3, r8
20003a16:	003a      	movs	r2, r7
20003a18:	4659      	mov	r1, fp
20003a1a:	0028      	movs	r0, r5
20003a1c:	f7ff f9ba 	bl	20002d94 <_ntoa_long>
20003a20:	0007      	movs	r7, r0
20003a22:	e773      	b.n	2000390c <_vsnprintf+0x270>
20003a24:	0623      	lsls	r3, r4, #24
20003a26:	d50d      	bpl.n	20003a44 <_vsnprintf+0x3a8>
20003a28:	9a1c      	ldr	r2, [sp, #112]	; 0x70
20003a2a:	1d11      	adds	r1, r2, #4
20003a2c:	911c      	str	r1, [sp, #112]	; 0x70
20003a2e:	6812      	ldr	r2, [r2, #0]
20003a30:	0412      	lsls	r2, r2, #16
20003a32:	0c12      	lsrs	r2, r2, #16
20003a34:	e731      	b.n	2000389a <_vsnprintf+0x1fe>
20003a36:	46c0      	nop			; (mov r8, r8)
20003a38:	20005fb0 	.word	0x20005fb0
20003a3c:	20005ff4 	.word	0x20005ff4
20003a40:	20006040 	.word	0x20006040
20003a44:	9a1c      	ldr	r2, [sp, #112]	; 0x70
20003a46:	1d11      	adds	r1, r2, #4
20003a48:	911c      	str	r1, [sp, #112]	; 0x70
20003a4a:	6812      	ldr	r2, [r2, #0]
20003a4c:	e725      	b.n	2000389a <_vsnprintf+0x1fe>
20003a4e:	2846      	cmp	r0, #70	; 0x46
20003a50:	d01a      	beq.n	20003a88 <_vsnprintf+0x3ec>
20003a52:	9b1c      	ldr	r3, [sp, #112]	; 0x70
20003a54:	3307      	adds	r3, #7
20003a56:	2207      	movs	r2, #7
20003a58:	4393      	bics	r3, r2
20003a5a:	001a      	movs	r2, r3
20003a5c:	3208      	adds	r2, #8
20003a5e:	921c      	str	r2, [sp, #112]	; 0x70
20003a60:	9404      	str	r4, [sp, #16]
20003a62:	9a0a      	ldr	r2, [sp, #40]	; 0x28
20003a64:	9203      	str	r2, [sp, #12]
20003a66:	4652      	mov	r2, sl
20003a68:	9202      	str	r2, [sp, #8]
20003a6a:	685c      	ldr	r4, [r3, #4]
20003a6c:	681b      	ldr	r3, [r3, #0]
20003a6e:	9300      	str	r3, [sp, #0]
20003a70:	9401      	str	r4, [sp, #4]
20003a72:	4643      	mov	r3, r8
20003a74:	003a      	movs	r2, r7
20003a76:	4659      	mov	r1, fp
20003a78:	0028      	movs	r0, r5
20003a7a:	f7ff fc65 	bl	20003348 <_ftoa>
20003a7e:	0007      	movs	r7, r0
20003a80:	9b11      	ldr	r3, [sp, #68]	; 0x44
20003a82:	3301      	adds	r3, #1
20003a84:	9311      	str	r3, [sp, #68]	; 0x44
20003a86:	e619      	b.n	200036bc <_vsnprintf+0x20>
20003a88:	2320      	movs	r3, #32
20003a8a:	431c      	orrs	r4, r3
20003a8c:	e7e1      	b.n	20003a52 <_vsnprintf+0x3b6>
20003a8e:	2867      	cmp	r0, #103	; 0x67
20003a90:	d001      	beq.n	20003a96 <_vsnprintf+0x3fa>
20003a92:	2847      	cmp	r0, #71	; 0x47
20003a94:	d102      	bne.n	20003a9c <_vsnprintf+0x400>
20003a96:	2380      	movs	r3, #128	; 0x80
20003a98:	011b      	lsls	r3, r3, #4
20003a9a:	431c      	orrs	r4, r3
20003a9c:	2845      	cmp	r0, #69	; 0x45
20003a9e:	d001      	beq.n	20003aa4 <_vsnprintf+0x408>
20003aa0:	2847      	cmp	r0, #71	; 0x47
20003aa2:	d101      	bne.n	20003aa8 <_vsnprintf+0x40c>
20003aa4:	2320      	movs	r3, #32
20003aa6:	431c      	orrs	r4, r3
20003aa8:	9b1c      	ldr	r3, [sp, #112]	; 0x70
20003aaa:	3307      	adds	r3, #7
20003aac:	2207      	movs	r2, #7
20003aae:	4393      	bics	r3, r2
20003ab0:	001a      	movs	r2, r3
20003ab2:	3208      	adds	r2, #8
20003ab4:	921c      	str	r2, [sp, #112]	; 0x70
20003ab6:	9404      	str	r4, [sp, #16]
20003ab8:	9a0a      	ldr	r2, [sp, #40]	; 0x28
20003aba:	9203      	str	r2, [sp, #12]
20003abc:	4652      	mov	r2, sl
20003abe:	9202      	str	r2, [sp, #8]
20003ac0:	685c      	ldr	r4, [r3, #4]
20003ac2:	681b      	ldr	r3, [r3, #0]
20003ac4:	9300      	str	r3, [sp, #0]
20003ac6:	9401      	str	r4, [sp, #4]
20003ac8:	4643      	mov	r3, r8
20003aca:	003a      	movs	r2, r7
20003acc:	4659      	mov	r1, fp
20003ace:	0028      	movs	r0, r5
20003ad0:	f7ff fa30 	bl	20002f34 <_etoa>
20003ad4:	0007      	movs	r7, r0
20003ad6:	9b11      	ldr	r3, [sp, #68]	; 0x44
20003ad8:	3301      	adds	r3, #1
20003ada:	9311      	str	r3, [sp, #68]	; 0x44
20003adc:	e5ee      	b.n	200036bc <_vsnprintf+0x20>
20003ade:	2302      	movs	r3, #2
20003ae0:	001a      	movs	r2, r3
20003ae2:	4022      	ands	r2, r4
20003ae4:	4692      	mov	sl, r2
20003ae6:	4223      	tst	r3, r4
20003ae8:	d01f      	beq.n	20003b2a <_vsnprintf+0x48e>
20003aea:	2401      	movs	r4, #1
20003aec:	9b1c      	ldr	r3, [sp, #112]	; 0x70
20003aee:	1d1a      	adds	r2, r3, #4
20003af0:	921c      	str	r2, [sp, #112]	; 0x70
20003af2:	1c7a      	adds	r2, r7, #1
20003af4:	4691      	mov	r9, r2
20003af6:	7818      	ldrb	r0, [r3, #0]
20003af8:	4643      	mov	r3, r8
20003afa:	003a      	movs	r2, r7
20003afc:	4659      	mov	r1, fp
20003afe:	47a8      	blx	r5
20003b00:	4653      	mov	r3, sl
20003b02:	2b00      	cmp	r3, #0
20003b04:	d116      	bne.n	20003b34 <_vsnprintf+0x498>
20003b06:	9b11      	ldr	r3, [sp, #68]	; 0x44
20003b08:	3301      	adds	r3, #1
20003b0a:	9311      	str	r3, [sp, #68]	; 0x44
20003b0c:	464f      	mov	r7, r9
20003b0e:	e5d5      	b.n	200036bc <_vsnprintf+0x20>
20003b10:	1c56      	adds	r6, r2, #1
20003b12:	4643      	mov	r3, r8
20003b14:	4659      	mov	r1, fp
20003b16:	2020      	movs	r0, #32
20003b18:	47b8      	blx	r7
20003b1a:	0023      	movs	r3, r4
20003b1c:	0032      	movs	r2, r6
20003b1e:	1c5c      	adds	r4, r3, #1
20003b20:	429d      	cmp	r5, r3
20003b22:	d8f5      	bhi.n	20003b10 <_vsnprintf+0x474>
20003b24:	003d      	movs	r5, r7
20003b26:	0017      	movs	r7, r2
20003b28:	e7e0      	b.n	20003aec <_vsnprintf+0x450>
20003b2a:	2301      	movs	r3, #1
20003b2c:	003a      	movs	r2, r7
20003b2e:	002f      	movs	r7, r5
20003b30:	9d0a      	ldr	r5, [sp, #40]	; 0x28
20003b32:	e7f4      	b.n	20003b1e <_vsnprintf+0x482>
20003b34:	464a      	mov	r2, r9
20003b36:	46a9      	mov	r9, r5
20003b38:	9d0a      	ldr	r5, [sp, #40]	; 0x28
20003b3a:	e006      	b.n	20003b4a <_vsnprintf+0x4ae>
20003b3c:	1c57      	adds	r7, r2, #1
20003b3e:	4643      	mov	r3, r8
20003b40:	4659      	mov	r1, fp
20003b42:	2020      	movs	r0, #32
20003b44:	47c8      	blx	r9
20003b46:	0034      	movs	r4, r6
20003b48:	003a      	movs	r2, r7
20003b4a:	1c66      	adds	r6, r4, #1
20003b4c:	42a5      	cmp	r5, r4
20003b4e:	d8f5      	bhi.n	20003b3c <_vsnprintf+0x4a0>
20003b50:	464d      	mov	r5, r9
20003b52:	4691      	mov	r9, r2
20003b54:	e7d7      	b.n	20003b06 <_vsnprintf+0x46a>
20003b56:	9b1c      	ldr	r3, [sp, #112]	; 0x70
20003b58:	1d1a      	adds	r2, r3, #4
20003b5a:	921c      	str	r2, [sp, #112]	; 0x70
20003b5c:	681b      	ldr	r3, [r3, #0]
20003b5e:	4699      	mov	r9, r3
20003b60:	4653      	mov	r3, sl
20003b62:	2b00      	cmp	r3, #0
20003b64:	d100      	bne.n	20003b68 <_vsnprintf+0x4cc>
20003b66:	3b01      	subs	r3, #1
20003b68:	464e      	mov	r6, r9
20003b6a:	e001      	b.n	20003b70 <_vsnprintf+0x4d4>
20003b6c:	3601      	adds	r6, #1
20003b6e:	0013      	movs	r3, r2
20003b70:	7832      	ldrb	r2, [r6, #0]
20003b72:	2a00      	cmp	r2, #0
20003b74:	d002      	beq.n	20003b7c <_vsnprintf+0x4e0>
20003b76:	1e5a      	subs	r2, r3, #1
20003b78:	2b00      	cmp	r3, #0
20003b7a:	d1f7      	bne.n	20003b6c <_vsnprintf+0x4d0>
20003b7c:	464b      	mov	r3, r9
20003b7e:	1af2      	subs	r2, r6, r3
20003b80:	9210      	str	r2, [sp, #64]	; 0x40
20003b82:	2380      	movs	r3, #128	; 0x80
20003b84:	00db      	lsls	r3, r3, #3
20003b86:	0026      	movs	r6, r4
20003b88:	401e      	ands	r6, r3
20003b8a:	421c      	tst	r4, r3
20003b8c:	d003      	beq.n	20003b96 <_vsnprintf+0x4fa>
20003b8e:	4552      	cmp	r2, sl
20003b90:	d901      	bls.n	20003b96 <_vsnprintf+0x4fa>
20003b92:	4653      	mov	r3, sl
20003b94:	9310      	str	r3, [sp, #64]	; 0x40
20003b96:	2302      	movs	r3, #2
20003b98:	001a      	movs	r2, r3
20003b9a:	4022      	ands	r2, r4
20003b9c:	920b      	str	r2, [sp, #44]	; 0x2c
20003b9e:	4223      	tst	r3, r4
20003ba0:	d005      	beq.n	20003bae <_vsnprintf+0x512>
20003ba2:	003a      	movs	r2, r7
20003ba4:	0037      	movs	r7, r6
20003ba6:	464c      	mov	r4, r9
20003ba8:	46a9      	mov	r9, r5
20003baa:	4655      	mov	r5, sl
20003bac:	e020      	b.n	20003bf0 <_vsnprintf+0x554>
20003bae:	003a      	movs	r2, r7
20003bb0:	9b10      	ldr	r3, [sp, #64]	; 0x40
20003bb2:	465f      	mov	r7, fp
20003bb4:	46b3      	mov	fp, r6
20003bb6:	002e      	movs	r6, r5
20003bb8:	e006      	b.n	20003bc8 <_vsnprintf+0x52c>
20003bba:	1c55      	adds	r5, r2, #1
20003bbc:	4643      	mov	r3, r8
20003bbe:	0039      	movs	r1, r7
20003bc0:	2020      	movs	r0, #32
20003bc2:	47b0      	blx	r6
20003bc4:	0023      	movs	r3, r4
20003bc6:	002a      	movs	r2, r5
20003bc8:	1c5c      	adds	r4, r3, #1
20003bca:	990a      	ldr	r1, [sp, #40]	; 0x28
20003bcc:	4299      	cmp	r1, r3
20003bce:	d8f4      	bhi.n	20003bba <_vsnprintf+0x51e>
20003bd0:	0035      	movs	r5, r6
20003bd2:	465e      	mov	r6, fp
20003bd4:	46bb      	mov	fp, r7
20003bd6:	9410      	str	r4, [sp, #64]	; 0x40
20003bd8:	0037      	movs	r7, r6
20003bda:	464c      	mov	r4, r9
20003bdc:	46a9      	mov	r9, r5
20003bde:	4655      	mov	r5, sl
20003be0:	e006      	b.n	20003bf0 <_vsnprintf+0x554>
20003be2:	001d      	movs	r5, r3
20003be4:	3401      	adds	r4, #1
20003be6:	1c56      	adds	r6, r2, #1
20003be8:	4643      	mov	r3, r8
20003bea:	4659      	mov	r1, fp
20003bec:	47c8      	blx	r9
20003bee:	0032      	movs	r2, r6
20003bf0:	7820      	ldrb	r0, [r4, #0]
20003bf2:	2800      	cmp	r0, #0
20003bf4:	d004      	beq.n	20003c00 <_vsnprintf+0x564>
20003bf6:	2f00      	cmp	r7, #0
20003bf8:	d0f4      	beq.n	20003be4 <_vsnprintf+0x548>
20003bfa:	1e6b      	subs	r3, r5, #1
20003bfc:	2d00      	cmp	r5, #0
20003bfe:	d1f0      	bne.n	20003be2 <_vsnprintf+0x546>
20003c00:	0017      	movs	r7, r2
20003c02:	464d      	mov	r5, r9
20003c04:	9b0b      	ldr	r3, [sp, #44]	; 0x2c
20003c06:	2b00      	cmp	r3, #0
20003c08:	d103      	bne.n	20003c12 <_vsnprintf+0x576>
20003c0a:	9b11      	ldr	r3, [sp, #68]	; 0x44
20003c0c:	3301      	adds	r3, #1
20003c0e:	9311      	str	r3, [sp, #68]	; 0x44
20003c10:	e554      	b.n	200036bc <_vsnprintf+0x20>
20003c12:	9f0a      	ldr	r7, [sp, #40]	; 0x28
20003c14:	9b10      	ldr	r3, [sp, #64]	; 0x40
20003c16:	e006      	b.n	20003c26 <_vsnprintf+0x58a>
20003c18:	1c56      	adds	r6, r2, #1
20003c1a:	4643      	mov	r3, r8
20003c1c:	4659      	mov	r1, fp
20003c1e:	2020      	movs	r0, #32
20003c20:	47a8      	blx	r5
20003c22:	0023      	movs	r3, r4
20003c24:	0032      	movs	r2, r6
20003c26:	1c5c      	adds	r4, r3, #1
20003c28:	429f      	cmp	r7, r3
20003c2a:	d8f5      	bhi.n	20003c18 <_vsnprintf+0x57c>
20003c2c:	0017      	movs	r7, r2
20003c2e:	e7ec      	b.n	20003c0a <_vsnprintf+0x56e>
20003c30:	2321      	movs	r3, #33	; 0x21
20003c32:	431c      	orrs	r4, r3
20003c34:	9b1c      	ldr	r3, [sp, #112]	; 0x70
20003c36:	1d1a      	adds	r2, r3, #4
20003c38:	921c      	str	r2, [sp, #112]	; 0x70
20003c3a:	681b      	ldr	r3, [r3, #0]
20003c3c:	9300      	str	r3, [sp, #0]
20003c3e:	9405      	str	r4, [sp, #20]
20003c40:	2308      	movs	r3, #8
20003c42:	9304      	str	r3, [sp, #16]
20003c44:	4653      	mov	r3, sl
20003c46:	9303      	str	r3, [sp, #12]
20003c48:	2310      	movs	r3, #16
20003c4a:	9302      	str	r3, [sp, #8]
20003c4c:	2300      	movs	r3, #0
20003c4e:	9301      	str	r3, [sp, #4]
20003c50:	4643      	mov	r3, r8
20003c52:	003a      	movs	r2, r7
20003c54:	4659      	mov	r1, fp
20003c56:	0028      	movs	r0, r5
20003c58:	f7ff f89c 	bl	20002d94 <_ntoa_long>
20003c5c:	0007      	movs	r7, r0
20003c5e:	9b11      	ldr	r3, [sp, #68]	; 0x44
20003c60:	3301      	adds	r3, #1
20003c62:	9311      	str	r3, [sp, #68]	; 0x44
20003c64:	e52a      	b.n	200036bc <_vsnprintf+0x20>
20003c66:	1c7c      	adds	r4, r7, #1
20003c68:	4643      	mov	r3, r8
20003c6a:	003a      	movs	r2, r7
20003c6c:	4659      	mov	r1, fp
20003c6e:	2025      	movs	r0, #37	; 0x25
20003c70:	47a8      	blx	r5
20003c72:	9b11      	ldr	r3, [sp, #68]	; 0x44
20003c74:	3301      	adds	r3, #1
20003c76:	9311      	str	r3, [sp, #68]	; 0x44
20003c78:	0027      	movs	r7, r4
20003c7a:	e51f      	b.n	200036bc <_vsnprintf+0x20>
20003c7c:	1c7c      	adds	r4, r7, #1
20003c7e:	4643      	mov	r3, r8
20003c80:	003a      	movs	r2, r7
20003c82:	4659      	mov	r1, fp
20003c84:	47a8      	blx	r5
20003c86:	9b11      	ldr	r3, [sp, #68]	; 0x44
20003c88:	3301      	adds	r3, #1
20003c8a:	9311      	str	r3, [sp, #68]	; 0x44
20003c8c:	0027      	movs	r7, r4
20003c8e:	e515      	b.n	200036bc <_vsnprintf+0x20>
20003c90:	4b0a      	ldr	r3, [pc, #40]	; (20003cbc <_vsnprintf+0x620>)
20003c92:	469a      	mov	sl, r3
20003c94:	e510      	b.n	200036b8 <_vsnprintf+0x1c>
20003c96:	46aa      	mov	sl, r5
20003c98:	4547      	cmp	r7, r8
20003c9a:	d302      	bcc.n	20003ca2 <_vsnprintf+0x606>
20003c9c:	4643      	mov	r3, r8
20003c9e:	1e5a      	subs	r2, r3, #1
20003ca0:	e000      	b.n	20003ca4 <_vsnprintf+0x608>
20003ca2:	003a      	movs	r2, r7
20003ca4:	4643      	mov	r3, r8
20003ca6:	4659      	mov	r1, fp
20003ca8:	2000      	movs	r0, #0
20003caa:	47d0      	blx	sl
20003cac:	0038      	movs	r0, r7
20003cae:	b013      	add	sp, #76	; 0x4c
20003cb0:	bcf0      	pop	{r4, r5, r6, r7}
20003cb2:	46bb      	mov	fp, r7
20003cb4:	46b2      	mov	sl, r6
20003cb6:	46a9      	mov	r9, r5
20003cb8:	46a0      	mov	r8, r4
20003cba:	bdf0      	pop	{r4, r5, r6, r7, pc}
20003cbc:	20002ba1 	.word	0x20002ba1

20003cc0 <vfctprintf>:
20003cc0:	b500      	push	{lr}
20003cc2:	b085      	sub	sp, #20
20003cc4:	9002      	str	r0, [sp, #8]
20003cc6:	9103      	str	r1, [sp, #12]
20003cc8:	2101      	movs	r1, #1
20003cca:	9300      	str	r3, [sp, #0]
20003ccc:	0013      	movs	r3, r2
20003cce:	424a      	negs	r2, r1
20003cd0:	a902      	add	r1, sp, #8
20003cd2:	4802      	ldr	r0, [pc, #8]	; (20003cdc <vfctprintf+0x1c>)
20003cd4:	f7ff fce2 	bl	2000369c <_vsnprintf>
20003cd8:	b005      	add	sp, #20
20003cda:	bd00      	pop	{pc}
20003cdc:	20002ba3 	.word	0x20002ba3

20003ce0 <__aeabi_bits_init>:
20003ce0:	4801      	ldr	r0, [pc, #4]	; (20003ce8 <__aeabi_bits_init+0x8>)
20003ce2:	2104      	movs	r1, #4
20003ce4:	4b01      	ldr	r3, [pc, #4]	; (20003cec <__aeabi_bits_init+0xc>)
20003ce6:	4718      	bx	r3
20003ce8:	20006620 	.word	0x20006620
20003cec:	20003d11 	.word	0x20003d11

20003cf0 <rom_func_lookup>:
20003cf0:	b510      	push	{r4, lr}
20003cf2:	0001      	movs	r1, r0
20003cf4:	2318      	movs	r3, #24
20003cf6:	881b      	ldrh	r3, [r3, #0]
20003cf8:	2214      	movs	r2, #20
20003cfa:	8810      	ldrh	r0, [r2, #0]
20003cfc:	4798      	blx	r3
20003cfe:	bd10      	pop	{r4, pc}

20003d00 <rom_data_lookup>:
20003d00:	b510      	push	{r4, lr}
20003d02:	0001      	movs	r1, r0
20003d04:	2318      	movs	r3, #24
20003d06:	881b      	ldrh	r3, [r3, #0]
20003d08:	2216      	movs	r2, #22
20003d0a:	8810      	ldrh	r0, [r2, #0]
20003d0c:	4798      	blx	r3
20003d0e:	bd10      	pop	{r4, pc}

20003d10 <rom_funcs_lookup>:
20003d10:	b5f0      	push	{r4, r5, r6, r7, lr}
20003d12:	46c6      	mov	lr, r8
20003d14:	b500      	push	{lr}
20003d16:	0007      	movs	r7, r0
20003d18:	000e      	movs	r6, r1
20003d1a:	2500      	movs	r5, #0
20003d1c:	2301      	movs	r3, #1
20003d1e:	4698      	mov	r8, r3
20003d20:	e000      	b.n	20003d24 <rom_funcs_lookup+0x14>
20003d22:	3501      	adds	r5, #1
20003d24:	42b5      	cmp	r5, r6
20003d26:	d20a      	bcs.n	20003d3e <rom_funcs_lookup+0x2e>
20003d28:	00ac      	lsls	r4, r5, #2
20003d2a:	193c      	adds	r4, r7, r4
20003d2c:	6820      	ldr	r0, [r4, #0]
20003d2e:	f7ff ffdf 	bl	20003cf0 <rom_func_lookup>
20003d32:	6020      	str	r0, [r4, #0]
20003d34:	2800      	cmp	r0, #0
20003d36:	d1f4      	bne.n	20003d22 <rom_funcs_lookup+0x12>
20003d38:	2300      	movs	r3, #0
20003d3a:	4698      	mov	r8, r3
20003d3c:	e7f1      	b.n	20003d22 <rom_funcs_lookup+0x12>
20003d3e:	4640      	mov	r0, r8
20003d40:	bc80      	pop	{r7}
20003d42:	46b8      	mov	r8, r7
20003d44:	bdf0      	pop	{r4, r5, r6, r7, pc}
	...

20003d48 <__wrap___aeabi_idiv>:
20003d48:	4a12      	ldr	r2, [pc, #72]	; (20003d94 <divmod_s32s32_savestate+0x18>)
20003d4a:	6f93      	ldr	r3, [r2, #120]	; 0x78
20003d4c:	089b      	lsrs	r3, r3, #2
20003d4e:	d215      	bcs.n	20003d7c <divmod_s32s32_savestate>

20003d50 <divmod_s32s32_unsafe>:
20003d50:	6690      	str	r0, [r2, #104]	; 0x68
20003d52:	66d1      	str	r1, [r2, #108]	; 0x6c
20003d54:	2900      	cmp	r1, #0
20003d56:	d005      	beq.n	20003d64 <divmod_s32s32_unsafe+0x14>
20003d58:	e7ff      	b.n	20003d5a <divmod_s32s32_unsafe+0xa>
20003d5a:	e7ff      	b.n	20003d5c <divmod_s32s32_unsafe+0xc>
20003d5c:	e7ff      	b.n	20003d5e <divmod_s32s32_unsafe+0xe>
20003d5e:	6f51      	ldr	r1, [r2, #116]	; 0x74
20003d60:	6f10      	ldr	r0, [r2, #112]	; 0x70
20003d62:	4770      	bx	lr
20003d64:	b504      	push	{r2, lr}
20003d66:	2180      	movs	r1, #128	; 0x80
20003d68:	0609      	lsls	r1, r1, #24
20003d6a:	17c2      	asrs	r2, r0, #31
20003d6c:	4051      	eors	r1, r2
20003d6e:	2800      	cmp	r0, #0
20003d70:	d000      	beq.n	20003d74 <divmod_s32s32_unsafe+0x24>
20003d72:	43c8      	mvns	r0, r1
20003d74:	f001 fa06 	bl	20005184 <__aeabi_idiv0>
20003d78:	2100      	movs	r1, #0
20003d7a:	bd04      	pop	{r2, pc}

20003d7c <divmod_s32s32_savestate>:
20003d7c:	b5f0      	push	{r4, r5, r6, r7, lr}
20003d7e:	6e14      	ldr	r4, [r2, #96]	; 0x60
20003d80:	6e55      	ldr	r5, [r2, #100]	; 0x64
20003d82:	6f57      	ldr	r7, [r2, #116]	; 0x74
20003d84:	6f16      	ldr	r6, [r2, #112]	; 0x70
20003d86:	f7ff ffe3 	bl	20003d50 <divmod_s32s32_unsafe>
20003d8a:	6614      	str	r4, [r2, #96]	; 0x60
20003d8c:	6655      	str	r5, [r2, #100]	; 0x64
20003d8e:	6757      	str	r7, [r2, #116]	; 0x74
20003d90:	6716      	str	r6, [r2, #112]	; 0x70
20003d92:	bdf0      	pop	{r4, r5, r6, r7, pc}
20003d94:	d0000000 	.word	0xd0000000

20003d98 <__wrap___aeabi_uidiv>:
20003d98:	4a11      	ldr	r2, [pc, #68]	; (20003de0 <divmod_u32u32_savestate+0x18>)
20003d9a:	6f93      	ldr	r3, [r2, #120]	; 0x78
20003d9c:	089b      	lsrs	r3, r3, #2
20003d9e:	d213      	bcs.n	20003dc8 <divmod_u32u32_savestate>

20003da0 <divmod_u32u32_unsafe>:
20003da0:	6610      	str	r0, [r2, #96]	; 0x60
20003da2:	6651      	str	r1, [r2, #100]	; 0x64
20003da4:	2900      	cmp	r1, #0
20003da6:	d005      	beq.n	20003db4 <divmod_u32u32_unsafe+0x14>
20003da8:	e7ff      	b.n	20003daa <divmod_u32u32_unsafe+0xa>
20003daa:	e7ff      	b.n	20003dac <divmod_u32u32_unsafe+0xc>
20003dac:	e7ff      	b.n	20003dae <divmod_u32u32_unsafe+0xe>
20003dae:	6f51      	ldr	r1, [r2, #116]	; 0x74
20003db0:	6f10      	ldr	r0, [r2, #112]	; 0x70
20003db2:	4770      	bx	lr
20003db4:	b504      	push	{r2, lr}
20003db6:	2800      	cmp	r0, #0
20003db8:	d001      	beq.n	20003dbe <divmod_u32u32_unsafe+0x1e>
20003dba:	2000      	movs	r0, #0
20003dbc:	43c0      	mvns	r0, r0
20003dbe:	f001 f9e1 	bl	20005184 <__aeabi_idiv0>
20003dc2:	2100      	movs	r1, #0
20003dc4:	bd04      	pop	{r2, pc}
20003dc6:	46c0      	nop			; (mov r8, r8)

20003dc8 <divmod_u32u32_savestate>:
20003dc8:	b5f0      	push	{r4, r5, r6, r7, lr}
20003dca:	6e14      	ldr	r4, [r2, #96]	; 0x60
20003dcc:	6e55      	ldr	r5, [r2, #100]	; 0x64
20003dce:	6f57      	ldr	r7, [r2, #116]	; 0x74
20003dd0:	6f16      	ldr	r6, [r2, #112]	; 0x70
20003dd2:	f7ff ffe5 	bl	20003da0 <divmod_u32u32_unsafe>
20003dd6:	6614      	str	r4, [r2, #96]	; 0x60
20003dd8:	6655      	str	r5, [r2, #100]	; 0x64
20003dda:	6757      	str	r7, [r2, #116]	; 0x74
20003ddc:	6716      	str	r6, [r2, #112]	; 0x70
20003dde:	bdf0      	pop	{r4, r5, r6, r7, pc}
20003de0:	d0000000 	.word	0xd0000000

20003de4 <__wrap___aeabi_ldivmod>:
20003de4:	4694      	mov	ip, r2
20003de6:	4a4a      	ldr	r2, [pc, #296]	; (20003f10 <udiv0+0x1a>)
20003de8:	6f92      	ldr	r2, [r2, #120]	; 0x78
20003dea:	0892      	lsrs	r2, r2, #2
20003dec:	4662      	mov	r2, ip
20003dee:	d201      	bcs.n	20003df4 <divmod_s64s64_savestate>
20003df0:	e028      	b.n	20003e44 <divmod_s64s64_unsafe>
20003df2:	46c0      	nop			; (mov r8, r8)

20003df4 <divmod_s64s64_savestate>:
20003df4:	b5f0      	push	{r4, r5, r6, r7, lr}
20003df6:	4e46      	ldr	r6, [pc, #280]	; (20003f10 <udiv0+0x1a>)
20003df8:	6e34      	ldr	r4, [r6, #96]	; 0x60
20003dfa:	6e75      	ldr	r5, [r6, #100]	; 0x64
20003dfc:	6f77      	ldr	r7, [r6, #116]	; 0x74
20003dfe:	6f36      	ldr	r6, [r6, #112]	; 0x70
20003e00:	f000 f820 	bl	20003e44 <divmod_s64s64_unsafe>
20003e04:	4694      	mov	ip, r2
20003e06:	4a42      	ldr	r2, [pc, #264]	; (20003f10 <udiv0+0x1a>)
20003e08:	6614      	str	r4, [r2, #96]	; 0x60
20003e0a:	6655      	str	r5, [r2, #100]	; 0x64
20003e0c:	6757      	str	r7, [r2, #116]	; 0x74
20003e0e:	6716      	str	r6, [r2, #112]	; 0x70
20003e10:	4662      	mov	r2, ip
20003e12:	bdf0      	pop	{r4, r5, r6, r7, pc}

20003e14 <__wrap___aeabi_uldivmod>:
20003e14:	4694      	mov	ip, r2
20003e16:	4a3e      	ldr	r2, [pc, #248]	; (20003f10 <udiv0+0x1a>)
20003e18:	6f92      	ldr	r2, [r2, #120]	; 0x78
20003e1a:	0892      	lsrs	r2, r2, #2
20003e1c:	4662      	mov	r2, ip
20003e1e:	d201      	bcs.n	20003e24 <divmod_u64u64_savestate>
20003e20:	e054      	b.n	20003ecc <divmod_u64u64_unsafe>
20003e22:	46c0      	nop			; (mov r8, r8)

20003e24 <divmod_u64u64_savestate>:
20003e24:	b5f0      	push	{r4, r5, r6, r7, lr}
20003e26:	4e3a      	ldr	r6, [pc, #232]	; (20003f10 <udiv0+0x1a>)
20003e28:	6e34      	ldr	r4, [r6, #96]	; 0x60
20003e2a:	6e75      	ldr	r5, [r6, #100]	; 0x64
20003e2c:	6f77      	ldr	r7, [r6, #116]	; 0x74
20003e2e:	6f36      	ldr	r6, [r6, #112]	; 0x70
20003e30:	f000 f84c 	bl	20003ecc <divmod_u64u64_unsafe>
20003e34:	4694      	mov	ip, r2
20003e36:	4a36      	ldr	r2, [pc, #216]	; (20003f10 <udiv0+0x1a>)
20003e38:	6614      	str	r4, [r2, #96]	; 0x60
20003e3a:	6655      	str	r5, [r2, #100]	; 0x64
20003e3c:	6757      	str	r7, [r2, #116]	; 0x74
20003e3e:	6716      	str	r6, [r2, #112]	; 0x70
20003e40:	4662      	mov	r2, ip
20003e42:	bdf0      	pop	{r4, r5, r6, r7, pc}

20003e44 <divmod_s64s64_unsafe>:
20003e44:	2b00      	cmp	r3, #0
20003e46:	db24      	blt.n	20003e92 <l42_1+0x26>
20003e48:	d011      	beq.n	20003e6e <l42_1+0x2>
20003e4a:	2900      	cmp	r1, #0
20003e4c:	da3e      	bge.n	20003ecc <divmod_u64u64_unsafe>
20003e4e:	b500      	push	{lr}
20003e50:	43c9      	mvns	r1, r1
20003e52:	4240      	negs	r0, r0
20003e54:	d100      	bne.n	20003e58 <l40_1>
20003e56:	3101      	adds	r1, #1

20003e58 <l40_1>:
20003e58:	f000 f838 	bl	20003ecc <divmod_u64u64_unsafe>
20003e5c:	43c9      	mvns	r1, r1
20003e5e:	4240      	negs	r0, r0
20003e60:	d100      	bne.n	20003e64 <l41_1>
20003e62:	3101      	adds	r1, #1

20003e64 <l41_1>:
20003e64:	43db      	mvns	r3, r3
20003e66:	4252      	negs	r2, r2
20003e68:	d100      	bne.n	20003e6c <l42_1>
20003e6a:	3301      	adds	r3, #1

20003e6c <l42_1>:
20003e6c:	bd00      	pop	{pc}
20003e6e:	2a00      	cmp	r2, #0
20003e70:	d1eb      	bne.n	20003e4a <divmod_s64s64_unsafe+0x6>
20003e72:	2800      	cmp	r0, #0
20003e74:	d101      	bne.n	20003e7a <l42_1+0xe>
20003e76:	2900      	cmp	r1, #0
20003e78:	d005      	beq.n	20003e86 <l42_1+0x1a>
20003e7a:	2000      	movs	r0, #0
20003e7c:	0fc9      	lsrs	r1, r1, #31
20003e7e:	07c9      	lsls	r1, r1, #31
20003e80:	d101      	bne.n	20003e86 <l42_1+0x1a>
20003e82:	43c0      	mvns	r0, r0
20003e84:	0841      	lsrs	r1, r0, #1
20003e86:	b500      	push	{lr}
20003e88:	f001 f97c 	bl	20005184 <__aeabi_idiv0>
20003e8c:	2200      	movs	r2, #0
20003e8e:	2300      	movs	r3, #0
20003e90:	bd00      	pop	{pc}
20003e92:	b500      	push	{lr}
20003e94:	2900      	cmp	r1, #0
20003e96:	db0a      	blt.n	20003eae <l44_1+0x2>
20003e98:	43db      	mvns	r3, r3
20003e9a:	4252      	negs	r2, r2
20003e9c:	d100      	bne.n	20003ea0 <l43_1>
20003e9e:	3301      	adds	r3, #1

20003ea0 <l43_1>:
20003ea0:	f000 f814 	bl	20003ecc <divmod_u64u64_unsafe>
20003ea4:	43c9      	mvns	r1, r1
20003ea6:	4240      	negs	r0, r0
20003ea8:	d100      	bne.n	20003eac <l44_1>
20003eaa:	3101      	adds	r1, #1

20003eac <l44_1>:
20003eac:	bd00      	pop	{pc}
20003eae:	43c9      	mvns	r1, r1
20003eb0:	4240      	negs	r0, r0
20003eb2:	d100      	bne.n	20003eb6 <l45_1>
20003eb4:	3101      	adds	r1, #1

20003eb6 <l45_1>:
20003eb6:	43db      	mvns	r3, r3
20003eb8:	4252      	negs	r2, r2
20003eba:	d100      	bne.n	20003ebe <l46_1>
20003ebc:	3301      	adds	r3, #1

20003ebe <l46_1>:
20003ebe:	f000 f805 	bl	20003ecc <divmod_u64u64_unsafe>
20003ec2:	43db      	mvns	r3, r3
20003ec4:	4252      	negs	r2, r2
20003ec6:	d100      	bne.n	20003eca <l47_1>
20003ec8:	3301      	adds	r3, #1

20003eca <l47_1>:
20003eca:	bd00      	pop	{pc}

20003ecc <divmod_u64u64_unsafe>:
20003ecc:	2900      	cmp	r1, #0
20003ece:	d123      	bne.n	20003f18 <y64>
20003ed0:	2b00      	cmp	r3, #0
20003ed2:	d118      	bne.n	20003f06 <udiv0+0x10>
20003ed4:	2a00      	cmp	r2, #0
20003ed6:	d00c      	beq.n	20003ef2 <divmod_u64u64_unsafe+0x26>
20003ed8:	46bc      	mov	ip, r7
20003eda:	4f0d      	ldr	r7, [pc, #52]	; (20003f10 <udiv0+0x1a>)
20003edc:	6638      	str	r0, [r7, #96]	; 0x60
20003ede:	667a      	str	r2, [r7, #100]	; 0x64
20003ee0:	2100      	movs	r1, #0
20003ee2:	2300      	movs	r3, #0
20003ee4:	e7ff      	b.n	20003ee6 <divmod_u64u64_unsafe+0x1a>
20003ee6:	e7ff      	b.n	20003ee8 <divmod_u64u64_unsafe+0x1c>
20003ee8:	e7ff      	b.n	20003eea <divmod_u64u64_unsafe+0x1e>
20003eea:	6f7a      	ldr	r2, [r7, #116]	; 0x74
20003eec:	6f38      	ldr	r0, [r7, #112]	; 0x70
20003eee:	4667      	mov	r7, ip
20003ef0:	4770      	bx	lr
20003ef2:	2800      	cmp	r0, #0
20003ef4:	d001      	beq.n	20003efa <udiv0+0x4>

20003ef6 <udiv0>:
20003ef6:	4807      	ldr	r0, [pc, #28]	; (20003f14 <udiv0+0x1e>)
20003ef8:	0001      	movs	r1, r0
20003efa:	b500      	push	{lr}
20003efc:	f001 f942 	bl	20005184 <__aeabi_idiv0>
20003f00:	2200      	movs	r2, #0
20003f02:	2300      	movs	r3, #0
20003f04:	bd00      	pop	{pc}
20003f06:	0002      	movs	r2, r0
20003f08:	000b      	movs	r3, r1
20003f0a:	2000      	movs	r0, #0
20003f0c:	2100      	movs	r1, #0
20003f0e:	4770      	bx	lr
20003f10:	d0000000 	.word	0xd0000000
20003f14:	ffffffff 	.word	0xffffffff

20003f18 <y64>:
20003f18:	2b00      	cmp	r3, #0
20003f1a:	d000      	beq.n	20003f1e <y64+0x6>
20003f1c:	e0bf      	b.n	2000409e <y64_x48>
20003f1e:	0c13      	lsrs	r3, r2, #16
20003f20:	d128      	bne.n	20003f74 <y64_x32>
20003f22:	2a00      	cmp	r2, #0
20003f24:	d0e7      	beq.n	20003ef6 <udiv0>
20003f26:	b480      	push	{r7}
20003f28:	4f11      	ldr	r7, [pc, #68]	; (20003f70 <y64+0x58>)
20003f2a:	6639      	str	r1, [r7, #96]	; 0x60
20003f2c:	667a      	str	r2, [r7, #100]	; 0x64
20003f2e:	e7ff      	b.n	20003f30 <y64+0x18>
20003f30:	e7ff      	b.n	20003f32 <y64+0x1a>
20003f32:	b430      	push	{r4, r5}
20003f34:	0c04      	lsrs	r4, r0, #16
20003f36:	6f7b      	ldr	r3, [r7, #116]	; 0x74
20003f38:	6f39      	ldr	r1, [r7, #112]	; 0x70
20003f3a:	041b      	lsls	r3, r3, #16
20003f3c:	4323      	orrs	r3, r4
20003f3e:	663b      	str	r3, [r7, #96]	; 0x60
20003f40:	667a      	str	r2, [r7, #100]	; 0x64
20003f42:	e7ff      	b.n	20003f44 <y64+0x2c>
20003f44:	e7ff      	b.n	20003f46 <y64+0x2e>
20003f46:	e7ff      	b.n	20003f48 <y64+0x30>
20003f48:	46c0      	nop			; (mov r8, r8)
20003f4a:	b284      	uxth	r4, r0
20003f4c:	6f7b      	ldr	r3, [r7, #116]	; 0x74
20003f4e:	6f3d      	ldr	r5, [r7, #112]	; 0x70
20003f50:	041b      	lsls	r3, r3, #16
20003f52:	4323      	orrs	r3, r4
20003f54:	663b      	str	r3, [r7, #96]	; 0x60
20003f56:	667a      	str	r2, [r7, #100]	; 0x64
20003f58:	e7ff      	b.n	20003f5a <y64+0x42>
20003f5a:	e7ff      	b.n	20003f5c <y64+0x44>
20003f5c:	46c0      	nop			; (mov r8, r8)
20003f5e:	2300      	movs	r3, #0
20003f60:	042c      	lsls	r4, r5, #16
20003f62:	0c2d      	lsrs	r5, r5, #16
20003f64:	6f7a      	ldr	r2, [r7, #116]	; 0x74
20003f66:	6f38      	ldr	r0, [r7, #112]	; 0x70
20003f68:	1900      	adds	r0, r0, r4
20003f6a:	4169      	adcs	r1, r5
20003f6c:	bcb0      	pop	{r4, r5, r7}
20003f6e:	4770      	bx	lr
20003f70:	d0000000 	.word	0xd0000000

20003f74 <y64_x32>:
20003f74:	b5f0      	push	{r4, r5, r6, r7, lr}
20003f76:	4694      	mov	ip, r2
20003f78:	2500      	movs	r5, #0
20003f7a:	0e14      	lsrs	r4, r2, #24
20003f7c:	d101      	bne.n	20003f82 <y64_x32+0xe>
20003f7e:	0212      	lsls	r2, r2, #8
20003f80:	3508      	adds	r5, #8
20003f82:	0f14      	lsrs	r4, r2, #28
20003f84:	d101      	bne.n	20003f8a <y64_x32+0x16>
20003f86:	0112      	lsls	r2, r2, #4
20003f88:	3504      	adds	r5, #4
20003f8a:	0f94      	lsrs	r4, r2, #30
20003f8c:	d101      	bne.n	20003f92 <y64_x32+0x1e>
20003f8e:	0092      	lsls	r2, r2, #2
20003f90:	3502      	adds	r5, #2
20003f92:	0fd4      	lsrs	r4, r2, #31
20003f94:	d101      	bne.n	20003f9a <y64_x32+0x26>
20003f96:	0052      	lsls	r2, r2, #1
20003f98:	3501      	adds	r5, #1
20003f9a:	0bd4      	lsrs	r4, r2, #15
20003f9c:	3401      	adds	r4, #1
20003f9e:	4f25      	ldr	r7, [pc, #148]	; (20004034 <y64_x32+0xc0>)
20003fa0:	667c      	str	r4, [r7, #100]	; 0x64
20003fa2:	4c25      	ldr	r4, [pc, #148]	; (20004038 <y64_x32+0xc4>)
20003fa4:	663c      	str	r4, [r7, #96]	; 0x60
20003fa6:	0c0e      	lsrs	r6, r1, #16
20003fa8:	b293      	uxth	r3, r2
20003faa:	e7ff      	b.n	20003fac <y64_x32+0x38>
20003fac:	e7ff      	b.n	20003fae <y64_x32+0x3a>
20003fae:	e7ff      	b.n	20003fb0 <y64_x32+0x3c>
20003fb0:	6f3c      	ldr	r4, [r7, #112]	; 0x70
20003fb2:	4366      	muls	r6, r4
20003fb4:	0c36      	lsrs	r6, r6, #16
20003fb6:	0377      	lsls	r7, r6, #13
20003fb8:	46be      	mov	lr, r7
20003fba:	4373      	muls	r3, r6
20003fbc:	0bdf      	lsrs	r7, r3, #15
20003fbe:	045b      	lsls	r3, r3, #17
20003fc0:	1ac0      	subs	r0, r0, r3
20003fc2:	41b9      	sbcs	r1, r7
20003fc4:	0c13      	lsrs	r3, r2, #16
20003fc6:	4373      	muls	r3, r6
20003fc8:	18db      	adds	r3, r3, r3
20003fca:	1ac9      	subs	r1, r1, r3
20003fcc:	08ce      	lsrs	r6, r1, #3
20003fce:	4366      	muls	r6, r4
20003fd0:	0c36      	lsrs	r6, r6, #16
20003fd2:	44b6      	add	lr, r6
20003fd4:	b293      	uxth	r3, r2
20003fd6:	4373      	muls	r3, r6
20003fd8:	0f1f      	lsrs	r7, r3, #28
20003fda:	011b      	lsls	r3, r3, #4
20003fdc:	1ac0      	subs	r0, r0, r3
20003fde:	41b9      	sbcs	r1, r7
20003fe0:	0c13      	lsrs	r3, r2, #16
20003fe2:	4373      	muls	r3, r6
20003fe4:	0b1f      	lsrs	r7, r3, #12
20003fe6:	051b      	lsls	r3, r3, #20
20003fe8:	1ac0      	subs	r0, r0, r3
20003fea:	41b9      	sbcs	r1, r7
20003fec:	0d86      	lsrs	r6, r0, #22
20003fee:	028f      	lsls	r7, r1, #10
20003ff0:	433e      	orrs	r6, r7
20003ff2:	4366      	muls	r6, r4
20003ff4:	0c36      	lsrs	r6, r6, #16
20003ff6:	2d09      	cmp	r5, #9
20003ff8:	db24      	blt.n	20004044 <last0>
20003ffa:	0a52      	lsrs	r2, r2, #9
20003ffc:	4372      	muls	r2, r6
20003ffe:	1a80      	subs	r0, r0, r2
20004000:	0377      	lsls	r7, r6, #13
20004002:	0a46      	lsrs	r6, r0, #9
20004004:	4366      	muls	r6, r4
20004006:	0c36      	lsrs	r6, r6, #16
20004008:	2316      	movs	r3, #22
2000400a:	1b5b      	subs	r3, r3, r5
2000400c:	40de      	lsrs	r6, r3
2000400e:	40df      	lsrs	r7, r3
20004010:	19bf      	adds	r7, r7, r6
20004012:	4664      	mov	r4, ip
20004014:	4366      	muls	r6, r4
20004016:	1b82      	subs	r2, r0, r6
20004018:	4670      	mov	r0, lr
2000401a:	3504      	adds	r5, #4
2000401c:	3306      	adds	r3, #6
2000401e:	0001      	movs	r1, r0
20004020:	40d9      	lsrs	r1, r3
20004022:	40a8      	lsls	r0, r5
20004024:	19c0      	adds	r0, r0, r7
20004026:	d300      	bcc.n	2000402a <y64_x32+0xb6>
20004028:	3101      	adds	r1, #1
2000402a:	42a2      	cmp	r2, r4
2000402c:	d206      	bcs.n	2000403c <y64_x32+0xc8>
2000402e:	2300      	movs	r3, #0
20004030:	bdf0      	pop	{r4, r5, r6, r7, pc}
20004032:	0000      	.short	0x0000
20004034:	d0000000 	.word	0xd0000000
20004038:	ffffffff 	.word	0xffffffff
2000403c:	1b12      	subs	r2, r2, r4
2000403e:	3001      	adds	r0, #1
20004040:	d3f3      	bcc.n	2000402a <y64_x32+0xb6>
20004042:	e7f1      	b.n	20004028 <y64_x32+0xb4>

20004044 <last0>:
20004044:	2709      	movs	r7, #9
20004046:	1b7f      	subs	r7, r7, r5
20004048:	40fe      	lsrs	r6, r7
2000404a:	4664      	mov	r4, ip
2000404c:	b2a2      	uxth	r2, r4
2000404e:	4372      	muls	r2, r6
20004050:	1a80      	subs	r0, r0, r2
20004052:	d200      	bcs.n	20004056 <last0+0x12>
20004054:	3901      	subs	r1, #1
20004056:	0c22      	lsrs	r2, r4, #16
20004058:	4372      	muls	r2, r6
2000405a:	0c13      	lsrs	r3, r2, #16
2000405c:	0412      	lsls	r2, r2, #16
2000405e:	1a82      	subs	r2, r0, r2
20004060:	4199      	sbcs	r1, r3
20004062:	000b      	movs	r3, r1
20004064:	4670      	mov	r0, lr
20004066:	3504      	adds	r5, #4
20004068:	3713      	adds	r7, #19
2000406a:	0001      	movs	r1, r0
2000406c:	40f9      	lsrs	r1, r7
2000406e:	40a8      	lsls	r0, r5
20004070:	1980      	adds	r0, r0, r6
20004072:	d300      	bcc.n	20004076 <last0+0x32>
20004074:	3101      	adds	r1, #1
20004076:	2b00      	cmp	r3, #0
20004078:	d102      	bne.n	20004080 <last0+0x3c>
2000407a:	42a2      	cmp	r2, r4
2000407c:	d20a      	bcs.n	20004094 <last0+0x50>
2000407e:	bdf0      	pop	{r4, r5, r6, r7, pc}
20004080:	3001      	adds	r0, #1
20004082:	d300      	bcc.n	20004086 <last0+0x42>
20004084:	3101      	adds	r1, #1
20004086:	1b12      	subs	r2, r2, r4
20004088:	d2fa      	bcs.n	20004080 <last0+0x3c>
2000408a:	3b01      	subs	r3, #1
2000408c:	d1f8      	bne.n	20004080 <last0+0x3c>
2000408e:	42a2      	cmp	r2, r4
20004090:	d200      	bcs.n	20004094 <last0+0x50>
20004092:	bdf0      	pop	{r4, r5, r6, r7, pc}
20004094:	3001      	adds	r0, #1
20004096:	d300      	bcc.n	2000409a <last0+0x56>
20004098:	3101      	adds	r1, #1
2000409a:	1b12      	subs	r2, r2, r4
2000409c:	e7f7      	b.n	2000408e <last0+0x4a>

2000409e <y64_x48>:
2000409e:	b5f0      	push	{r4, r5, r6, r7, lr}
200040a0:	0c1c      	lsrs	r4, r3, #16
200040a2:	d000      	beq.n	200040a6 <y64_x48+0x8>
200040a4:	e080      	b.n	200041a8 <y64_x64>
200040a6:	b40c      	push	{r2, r3}
200040a8:	2500      	movs	r5, #0
200040aa:	0a1c      	lsrs	r4, r3, #8
200040ac:	d104      	bne.n	200040b8 <y64_x48+0x1a>
200040ae:	021b      	lsls	r3, r3, #8
200040b0:	0e16      	lsrs	r6, r2, #24
200040b2:	4333      	orrs	r3, r6
200040b4:	0212      	lsls	r2, r2, #8
200040b6:	3508      	adds	r5, #8
200040b8:	0b1c      	lsrs	r4, r3, #12
200040ba:	d104      	bne.n	200040c6 <y64_x48+0x28>
200040bc:	011b      	lsls	r3, r3, #4
200040be:	0f16      	lsrs	r6, r2, #28
200040c0:	4333      	orrs	r3, r6
200040c2:	0112      	lsls	r2, r2, #4
200040c4:	3504      	adds	r5, #4
200040c6:	0b9c      	lsrs	r4, r3, #14
200040c8:	d104      	bne.n	200040d4 <y64_x48+0x36>
200040ca:	009b      	lsls	r3, r3, #2
200040cc:	0f96      	lsrs	r6, r2, #30
200040ce:	4333      	orrs	r3, r6
200040d0:	0092      	lsls	r2, r2, #2
200040d2:	3502      	adds	r5, #2
200040d4:	0bdc      	lsrs	r4, r3, #15
200040d6:	d102      	bne.n	200040de <y64_x48+0x40>
200040d8:	1892      	adds	r2, r2, r2
200040da:	415b      	adcs	r3, r3
200040dc:	3501      	adds	r5, #1
200040de:	001c      	movs	r4, r3
200040e0:	1897      	adds	r7, r2, r2
200040e2:	4164      	adcs	r4, r4
200040e4:	3401      	adds	r4, #1
200040e6:	4f46      	ldr	r7, [pc, #280]	; (20004200 <y64_x64+0x58>)
200040e8:	667c      	str	r4, [r7, #100]	; 0x64
200040ea:	4c46      	ldr	r4, [pc, #280]	; (20004204 <y64_x64+0x5c>)
200040ec:	663c      	str	r4, [r7, #96]	; 0x60
200040ee:	0c0e      	lsrs	r6, r1, #16
200040f0:	e7ff      	b.n	200040f2 <y64_x48+0x54>
200040f2:	e7ff      	b.n	200040f4 <y64_x48+0x56>
200040f4:	e7ff      	b.n	200040f6 <y64_x48+0x58>
200040f6:	46c0      	nop			; (mov r8, r8)
200040f8:	6f3c      	ldr	r4, [r7, #112]	; 0x70
200040fa:	4366      	muls	r6, r4
200040fc:	0c36      	lsrs	r6, r6, #16
200040fe:	0377      	lsls	r7, r6, #13
20004100:	46be      	mov	lr, r7
20004102:	b297      	uxth	r7, r2
20004104:	4377      	muls	r7, r6
20004106:	1bc0      	subs	r0, r0, r7
20004108:	d200      	bcs.n	2000410c <y64_x48+0x6e>
2000410a:	3901      	subs	r1, #1
2000410c:	1bc0      	subs	r0, r0, r7
2000410e:	d200      	bcs.n	20004112 <y64_x48+0x74>
20004110:	3901      	subs	r1, #1
20004112:	b29f      	uxth	r7, r3
20004114:	4377      	muls	r7, r6
20004116:	1bc9      	subs	r1, r1, r7
20004118:	1bc9      	subs	r1, r1, r7
2000411a:	0c17      	lsrs	r7, r2, #16
2000411c:	4377      	muls	r7, r6
2000411e:	047e      	lsls	r6, r7, #17
20004120:	0bff      	lsrs	r7, r7, #15
20004122:	1b80      	subs	r0, r0, r6
20004124:	41b9      	sbcs	r1, r7
20004126:	08ce      	lsrs	r6, r1, #3
20004128:	4366      	muls	r6, r4
2000412a:	0c36      	lsrs	r6, r6, #16
2000412c:	2d0c      	cmp	r5, #12
2000412e:	db33      	blt.n	20004198 <last1>
20004130:	44b6      	add	lr, r6
20004132:	0b12      	lsrs	r2, r2, #12
20004134:	051f      	lsls	r7, r3, #20
20004136:	433a      	orrs	r2, r7
20004138:	0b1b      	lsrs	r3, r3, #12
2000413a:	b297      	uxth	r7, r2
2000413c:	4377      	muls	r7, r6
2000413e:	1bc0      	subs	r0, r0, r7
20004140:	d200      	bcs.n	20004144 <y64_x48+0xa6>
20004142:	3901      	subs	r1, #1
20004144:	b29f      	uxth	r7, r3
20004146:	4377      	muls	r7, r6
20004148:	1bc9      	subs	r1, r1, r7
2000414a:	0c17      	lsrs	r7, r2, #16
2000414c:	4377      	muls	r7, r6
2000414e:	043e      	lsls	r6, r7, #16
20004150:	0c3f      	lsrs	r7, r7, #16
20004152:	1b80      	subs	r0, r0, r6
20004154:	41b9      	sbcs	r1, r7
20004156:	0d86      	lsrs	r6, r0, #22
20004158:	028f      	lsls	r7, r1, #10
2000415a:	433e      	orrs	r6, r7
2000415c:	4366      	muls	r6, r4
2000415e:	2729      	movs	r7, #41	; 0x29
20004160:	1b7f      	subs	r7, r7, r5
20004162:	40fe      	lsrs	r6, r7
20004164:	3d0c      	subs	r5, #12
20004166:	4677      	mov	r7, lr
20004168:	40af      	lsls	r7, r5
2000416a:	19bf      	adds	r7, r7, r6
2000416c:	bc30      	pop	{r4, r5}
2000416e:	b2a2      	uxth	r2, r4
20004170:	b2ab      	uxth	r3, r5
20004172:	4372      	muls	r2, r6
20004174:	4373      	muls	r3, r6
20004176:	1a80      	subs	r0, r0, r2
20004178:	4199      	sbcs	r1, r3
2000417a:	0c22      	lsrs	r2, r4, #16
2000417c:	4372      	muls	r2, r6
2000417e:	0c13      	lsrs	r3, r2, #16
20004180:	0412      	lsls	r2, r2, #16
20004182:	1a80      	subs	r0, r0, r2
20004184:	4199      	sbcs	r1, r3
20004186:	0002      	movs	r2, r0
20004188:	000b      	movs	r3, r1
2000418a:	3701      	adds	r7, #1
2000418c:	1b00      	subs	r0, r0, r4
2000418e:	41a9      	sbcs	r1, r5
20004190:	d2f9      	bcs.n	20004186 <y64_x48+0xe8>
20004192:	1e78      	subs	r0, r7, #1
20004194:	2100      	movs	r1, #0
20004196:	bdf0      	pop	{r4, r5, r6, r7, pc}

20004198 <last1>:
20004198:	270c      	movs	r7, #12
2000419a:	1b7f      	subs	r7, r7, r5
2000419c:	40fe      	lsrs	r6, r7
2000419e:	4677      	mov	r7, lr
200041a0:	0b7f      	lsrs	r7, r7, #13
200041a2:	40af      	lsls	r7, r5
200041a4:	19ff      	adds	r7, r7, r7
200041a6:	e7e0      	b.n	2000416a <y64_x48+0xcc>

200041a8 <y64_x64>:
200041a8:	2400      	movs	r4, #0
200041aa:	1c5d      	adds	r5, r3, #1
200041ac:	d007      	beq.n	200041be <y64_x64+0x16>
200041ae:	4f14      	ldr	r7, [pc, #80]	; (20004200 <y64_x64+0x58>)
200041b0:	667d      	str	r5, [r7, #100]	; 0x64
200041b2:	6639      	str	r1, [r7, #96]	; 0x60
200041b4:	e7ff      	b.n	200041b6 <y64_x64+0xe>
200041b6:	e7ff      	b.n	200041b8 <y64_x64+0x10>
200041b8:	e7ff      	b.n	200041ba <y64_x64+0x12>
200041ba:	e7ff      	b.n	200041bc <y64_x64+0x14>
200041bc:	6f3c      	ldr	r4, [r7, #112]	; 0x70
200041be:	b295      	uxth	r5, r2
200041c0:	b29e      	uxth	r6, r3
200041c2:	4365      	muls	r5, r4
200041c4:	4366      	muls	r6, r4
200041c6:	1b40      	subs	r0, r0, r5
200041c8:	41b1      	sbcs	r1, r6
200041ca:	0c15      	lsrs	r5, r2, #16
200041cc:	0c1e      	lsrs	r6, r3, #16
200041ce:	4365      	muls	r5, r4
200041d0:	4366      	muls	r6, r4
200041d2:	0436      	lsls	r6, r6, #16
200041d4:	0c2f      	lsrs	r7, r5, #16
200041d6:	433e      	orrs	r6, r7
200041d8:	042d      	lsls	r5, r5, #16
200041da:	1b40      	subs	r0, r0, r5
200041dc:	41b1      	sbcs	r1, r6
200041de:	4299      	cmp	r1, r3
200041e0:	d204      	bcs.n	200041ec <y64_x64+0x44>
200041e2:	0002      	movs	r2, r0
200041e4:	000b      	movs	r3, r1
200041e6:	0020      	movs	r0, r4
200041e8:	2100      	movs	r1, #0
200041ea:	bdf0      	pop	{r4, r5, r6, r7, pc}
200041ec:	d101      	bne.n	200041f2 <y64_x64+0x4a>
200041ee:	4290      	cmp	r0, r2
200041f0:	d3f7      	bcc.n	200041e2 <y64_x64+0x3a>
200041f2:	1a80      	subs	r0, r0, r2
200041f4:	4199      	sbcs	r1, r3
200041f6:	3401      	adds	r4, #1
200041f8:	4299      	cmp	r1, r3
200041fa:	d3f2      	bcc.n	200041e2 <y64_x64+0x3a>
200041fc:	e7f6      	b.n	200041ec <y64_x64+0x44>
200041fe:	0000      	.short	0x0000
20004200:	d0000000 	.word	0xd0000000
20004204:	ffffffff 	.word	0xffffffff

20004208 <__wrap___aeabi_drsub>:
20004208:	4048      	eors	r0, r1
2000420a:	4041      	eors	r1, r0
2000420c:	4048      	eors	r0, r1

2000420e <__wrap___aeabi_dsub>:
2000420e:	b418      	push	{r3, r4}
20004210:	4b1b      	ldr	r3, [pc, #108]	; (20004280 <__wrap___aeabi_dmul+0x12>)
20004212:	685b      	ldr	r3, [r3, #4]
20004214:	46fc      	mov	ip, pc
20004216:	9301      	str	r3, [sp, #4]
20004218:	bd08      	pop	{r3, pc}
2000421a:	df04      	.short	0xdf04
2000421c:	200044e3 	.word	0x200044e3

20004220 <__wrap___aeabi_dadd>:
20004220:	b418      	push	{r3, r4}
20004222:	4b17      	ldr	r3, [pc, #92]	; (20004280 <__wrap___aeabi_dmul+0x12>)
20004224:	681b      	ldr	r3, [r3, #0]
20004226:	46fc      	mov	ip, pc
20004228:	9301      	str	r3, [sp, #4]
2000422a:	bd08      	pop	{r3, pc}
2000422c:	44eddf00 	.word	0x44eddf00
20004230:	2000      	.short	0x2000

20004232 <__wrap___aeabi_ddiv>:
20004232:	4694      	mov	ip, r2
20004234:	4a13      	ldr	r2, [pc, #76]	; (20004284 <__wrap___aeabi_dmul+0x16>)
20004236:	6f92      	ldr	r2, [r2, #120]	; 0x78
20004238:	0892      	lsrs	r2, r2, #2
2000423a:	d209      	bcs.n	20004250 <ddiv_save_state>
2000423c:	4662      	mov	r2, ip

2000423e <ddiv_shim_call>:
2000423e:	b418      	push	{r3, r4}
20004240:	4b0f      	ldr	r3, [pc, #60]	; (20004280 <__wrap___aeabi_dmul+0x12>)
20004242:	68db      	ldr	r3, [r3, #12]
20004244:	46fc      	mov	ip, pc
20004246:	9301      	str	r3, [sp, #4]
20004248:	bd08      	pop	{r3, pc}
2000424a:	df0c      	.short	0xdf0c
2000424c:	200047a5 	.word	0x200047a5

20004250 <ddiv_save_state>:
20004250:	4a0c      	ldr	r2, [pc, #48]	; (20004284 <__wrap___aeabi_dmul+0x16>)
20004252:	b5f0      	push	{r4, r5, r6, r7, lr}
20004254:	6e14      	ldr	r4, [r2, #96]	; 0x60
20004256:	6e55      	ldr	r5, [r2, #100]	; 0x64
20004258:	6f57      	ldr	r7, [r2, #116]	; 0x74
2000425a:	6f16      	ldr	r6, [r2, #112]	; 0x70
2000425c:	4662      	mov	r2, ip
2000425e:	f7ff ffee 	bl	2000423e <ddiv_shim_call>
20004262:	4a08      	ldr	r2, [pc, #32]	; (20004284 <__wrap___aeabi_dmul+0x16>)
20004264:	6614      	str	r4, [r2, #96]	; 0x60
20004266:	6655      	str	r5, [r2, #100]	; 0x64
20004268:	6757      	str	r7, [r2, #116]	; 0x74
2000426a:	6716      	str	r6, [r2, #112]	; 0x70
2000426c:	bdf0      	pop	{r4, r5, r6, r7, pc}

2000426e <__wrap___aeabi_dmul>:
2000426e:	b418      	push	{r3, r4}
20004270:	4b03      	ldr	r3, [pc, #12]	; (20004280 <__wrap___aeabi_dmul+0x12>)
20004272:	689b      	ldr	r3, [r3, #8]
20004274:	46fc      	mov	ip, pc
20004276:	9301      	str	r3, [sp, #4]
20004278:	bd08      	pop	{r3, pc}
2000427a:	df08      	.short	0xdf08
2000427c:	20004649 	.word	0x20004649
20004280:	2000792c 	.word	0x2000792c
20004284:	d0000000 	.word	0xd0000000

20004288 <__wrap___aeabi_cdrcmple>:
20004288:	b5ff      	push	{r0, r1, r2, r3, r4, r5, r6, r7, lr}
2000428a:	4050      	eors	r0, r2
2000428c:	4042      	eors	r2, r0
2000428e:	4050      	eors	r0, r2
20004290:	4059      	eors	r1, r3
20004292:	404b      	eors	r3, r1
20004294:	4059      	eors	r1, r3
20004296:	e000      	b.n	2000429a <__aeabi_dfcmple_guts>

20004298 <__wrap___aeabi_cdcmpeq>:
20004298:	b5ff      	push	{r0, r1, r2, r3, r4, r5, r6, r7, lr}

2000429a <__aeabi_dfcmple_guts>:
2000429a:	4f15      	ldr	r7, [pc, #84]	; (200042f0 <__aeabi_dfcmple_guts+0x56>)
2000429c:	004c      	lsls	r4, r1, #1
2000429e:	0d64      	lsrs	r4, r4, #21
200042a0:	d003      	beq.n	200042aa <__aeabi_dfcmple_guts+0x10>
200042a2:	42bc      	cmp	r4, r7
200042a4:	d104      	bne.n	200042b0 <__aeabi_dfcmple_guts+0x16>
200042a6:	030c      	lsls	r4, r1, #12
200042a8:	d814      	bhi.n	200042d4 <__aeabi_dfcmple_guts+0x3a>
200042aa:	2000      	movs	r0, #0
200042ac:	0d09      	lsrs	r1, r1, #20
200042ae:	0509      	lsls	r1, r1, #20
200042b0:	005c      	lsls	r4, r3, #1
200042b2:	0d64      	lsrs	r4, r4, #21
200042b4:	d003      	beq.n	200042be <__aeabi_dfcmple_guts+0x24>
200042b6:	42bc      	cmp	r4, r7
200042b8:	d104      	bne.n	200042c4 <__aeabi_dfcmple_guts+0x2a>
200042ba:	031c      	lsls	r4, r3, #12
200042bc:	d80a      	bhi.n	200042d4 <__aeabi_dfcmple_guts+0x3a>
200042be:	2200      	movs	r2, #0
200042c0:	0d1b      	lsrs	r3, r3, #20
200042c2:	051b      	lsls	r3, r3, #20
200042c4:	2601      	movs	r6, #1
200042c6:	404b      	eors	r3, r1
200042c8:	d409      	bmi.n	200042de <__aeabi_dfcmple_guts+0x44>
200042ca:	404b      	eors	r3, r1
200042cc:	d503      	bpl.n	200042d6 <__aeabi_dfcmple_guts+0x3c>
200042ce:	428b      	cmp	r3, r1
200042d0:	d100      	bne.n	200042d4 <__aeabi_dfcmple_guts+0x3a>
200042d2:	4282      	cmp	r2, r0
200042d4:	bdff      	pop	{r0, r1, r2, r3, r4, r5, r6, r7, pc}
200042d6:	4299      	cmp	r1, r3
200042d8:	d1fc      	bne.n	200042d4 <__aeabi_dfcmple_guts+0x3a>
200042da:	4290      	cmp	r0, r2
200042dc:	bdff      	pop	{r0, r1, r2, r3, r4, r5, r6, r7, pc}
200042de:	430b      	orrs	r3, r1
200042e0:	18db      	adds	r3, r3, r3
200042e2:	4303      	orrs	r3, r0
200042e4:	4313      	orrs	r3, r2
200042e6:	d0f5      	beq.n	200042d4 <__aeabi_dfcmple_guts+0x3a>
200042e8:	43c9      	mvns	r1, r1
200042ea:	1849      	adds	r1, r1, r1
200042ec:	bdff      	pop	{r0, r1, r2, r3, r4, r5, r6, r7, pc}
200042ee:	0000      	.short	0x0000
200042f0:	000007ff 	.word	0x000007ff

200042f4 <__wrap___aeabi_dcmplt>:
200042f4:	b500      	push	{lr}
200042f6:	f7ff ffcf 	bl	20004298 <__wrap___aeabi_cdcmpeq>
200042fa:	4180      	sbcs	r0, r0
200042fc:	bd00      	pop	{pc}
200042fe:	46c0      	nop			; (mov r8, r8)

20004300 <__wrap___aeabi_dcmple>:
20004300:	b500      	push	{lr}
20004302:	f7ff ffc9 	bl	20004298 <__wrap___aeabi_cdcmpeq>
20004306:	d901      	bls.n	2000430c <__wrap___aeabi_dcmple+0xc>
20004308:	2000      	movs	r0, #0
2000430a:	bd00      	pop	{pc}
2000430c:	2001      	movs	r0, #1
2000430e:	bd00      	pop	{pc}

20004310 <__wrap___aeabi_dcmpge>:
20004310:	b500      	push	{lr}
20004312:	f7ff ffb9 	bl	20004288 <__wrap___aeabi_cdrcmple>
20004316:	d901      	bls.n	2000431c <__wrap___aeabi_dcmpge+0xc>
20004318:	2000      	movs	r0, #0
2000431a:	bd00      	pop	{pc}
2000431c:	2001      	movs	r0, #1
2000431e:	bd00      	pop	{pc}

20004320 <__wrap___aeabi_dcmpgt>:
20004320:	b500      	push	{lr}
20004322:	f7ff ffb1 	bl	20004288 <__wrap___aeabi_cdrcmple>
20004326:	4180      	sbcs	r0, r0
20004328:	bd00      	pop	{pc}

2000432a <__wrap___aeabi_dcmpun>:
2000432a:	2001      	movs	r0, #1
2000432c:	0540      	lsls	r0, r0, #21
2000432e:	004a      	lsls	r2, r1, #1
20004330:	1812      	adds	r2, r2, r0
20004332:	d804      	bhi.n	2000433e <__wrap___aeabi_dcmpun+0x14>
20004334:	005a      	lsls	r2, r3, #1
20004336:	1812      	adds	r2, r2, r0
20004338:	d801      	bhi.n	2000433e <__wrap___aeabi_dcmpun+0x14>
2000433a:	2000      	movs	r0, #0
2000433c:	4770      	bx	lr
2000433e:	2001      	movs	r0, #1
20004340:	4770      	bx	lr
20004342:	2000      	movs	r0, #0
20004344:	4770      	bx	lr
	...

20004348 <__wrap___aeabi_ui2d>:
20004348:	2100      	movs	r1, #0
2000434a:	2800      	cmp	r0, #0
2000434c:	d105      	bne.n	2000435a <__wrap___aeabi_i2d+0xa>
2000434e:	4770      	bx	lr

20004350 <__wrap___aeabi_i2d>:
20004350:	17c1      	asrs	r1, r0, #31
20004352:	4048      	eors	r0, r1
20004354:	1a40      	subs	r0, r0, r1
20004356:	d0fa      	beq.n	2000434e <__wrap___aeabi_ui2d+0x6>
20004358:	07c9      	lsls	r1, r1, #31
2000435a:	b513      	push	{r0, r1, r4, lr}
2000435c:	4b06      	ldr	r3, [pc, #24]	; (20004378 <__wrap___aeabi_i2d+0x28>)
2000435e:	681b      	ldr	r3, [r3, #0]
20004360:	4798      	blx	r3
20004362:	bc0c      	pop	{r2, r3}
20004364:	1c44      	adds	r4, r0, #1
20004366:	40a2      	lsls	r2, r4
20004368:	0510      	lsls	r0, r2, #20
2000436a:	0b12      	lsrs	r2, r2, #12
2000436c:	4903      	ldr	r1, [pc, #12]	; (2000437c <__wrap___aeabi_i2d+0x2c>)
2000436e:	1b09      	subs	r1, r1, r4
20004370:	0509      	lsls	r1, r1, #20
20004372:	4319      	orrs	r1, r3
20004374:	4311      	orrs	r1, r2
20004376:	bd10      	pop	{r4, pc}
20004378:	20007a2c 	.word	0x20007a2c
2000437c:	0000041f 	.word	0x0000041f

20004380 <__wrap___aeabi_d2iz>:
20004380:	b510      	push	{r4, lr}
20004382:	004c      	lsls	r4, r1, #1
20004384:	0d62      	lsrs	r2, r4, #21
20004386:	2380      	movs	r3, #128	; 0x80
20004388:	18d2      	adds	r2, r2, r3
2000438a:	00db      	lsls	r3, r3, #3
2000438c:	1ad2      	subs	r2, r2, r3
2000438e:	055b      	lsls	r3, r3, #21
20004390:	2a7e      	cmp	r2, #126	; 0x7e
20004392:	dd10      	ble.n	200043b6 <__wrap___aeabi_d2iz+0x36>
20004394:	3a9e      	subs	r2, #158	; 0x9e
20004396:	da13      	bge.n	200043c0 <__wrap___aeabi_d2iz+0x40>
20004398:	17cc      	asrs	r4, r1, #31
2000439a:	0309      	lsls	r1, r1, #12
2000439c:	0849      	lsrs	r1, r1, #1
2000439e:	4319      	orrs	r1, r3
200043a0:	4252      	negs	r2, r2
200043a2:	40d1      	lsrs	r1, r2
200043a4:	0064      	lsls	r4, r4, #1
200043a6:	3401      	adds	r4, #1
200043a8:	3215      	adds	r2, #21
200043aa:	2a20      	cmp	r2, #32
200043ac:	da05      	bge.n	200043ba <__wrap___aeabi_d2iz+0x3a>
200043ae:	40d0      	lsrs	r0, r2
200043b0:	4308      	orrs	r0, r1
200043b2:	4360      	muls	r0, r4
200043b4:	bd10      	pop	{r4, pc}
200043b6:	2000      	movs	r0, #0
200043b8:	bd10      	pop	{r4, pc}
200043ba:	4608      	mov	r0, r1
200043bc:	4360      	muls	r0, r4
200043be:	bd10      	pop	{r4, pc}
200043c0:	0fc8      	lsrs	r0, r1, #31
200043c2:	18c0      	adds	r0, r0, r3
200043c4:	3801      	subs	r0, #1
200043c6:	bd10      	pop	{r4, pc}

200043c8 <__wrap___aeabi_d2uiz>:
200043c8:	b418      	push	{r3, r4}
200043ca:	4b04      	ldr	r3, [pc, #16]	; (200043dc <__wrap___aeabi_d2uiz+0x14>)
200043cc:	6a5b      	ldr	r3, [r3, #36]	; 0x24
200043ce:	46fc      	mov	ip, pc
200043d0:	9301      	str	r3, [sp, #4]
200043d2:	bd08      	pop	{r3, pc}
200043d4:	4955df24 	.word	0x4955df24
200043d8:	00002000 	.word	0x00002000
200043dc:	2000792c 	.word	0x2000792c

200043e0 <__aeabi_double_init>:
200043e0:	b570      	push	{r4, r5, r6, lr}
200043e2:	2313      	movs	r3, #19
200043e4:	781c      	ldrb	r4, [r3, #0]
200043e6:	2c01      	cmp	r4, #1
200043e8:	d014      	beq.n	20004414 <__aeabi_double_init+0x34>
200043ea:	2c01      	cmp	r4, #1
200043ec:	dc14      	bgt.n	20004418 <__aeabi_double_init+0x38>
200043ee:	2c02      	cmp	r4, #2
200043f0:	dc02      	bgt.n	200043f8 <__aeabi_double_init+0x18>
200043f2:	4a1f      	ldr	r2, [pc, #124]	; (20004470 <__aeabi_double_init+0x90>)
200043f4:	4b1f      	ldr	r3, [pc, #124]	; (20004474 <__aeabi_double_init+0x94>)
200043f6:	649a      	str	r2, [r3, #72]	; 0x48
200043f8:	481f      	ldr	r0, [pc, #124]	; (20004478 <__aeabi_double_init+0x98>)
200043fa:	f7ff fc79 	bl	20003cf0 <rom_func_lookup>
200043fe:	4b1f      	ldr	r3, [pc, #124]	; (2000447c <__aeabi_double_init+0x9c>)
20004400:	6018      	str	r0, [r3, #0]
20004402:	bd70      	pop	{r4, r5, r6, pc}
20004404:	0099      	lsls	r1, r3, #2
20004406:	481a      	ldr	r0, [pc, #104]	; (20004470 <__aeabi_double_init+0x90>)
20004408:	4a1a      	ldr	r2, [pc, #104]	; (20004474 <__aeabi_double_init+0x94>)
2000440a:	5088      	str	r0, [r1, r2]
2000440c:	3301      	adds	r3, #1
2000440e:	2b1f      	cmp	r3, #31
20004410:	d9f8      	bls.n	20004404 <__aeabi_double_init+0x24>
20004412:	e7ea      	b.n	200043ea <__aeabi_double_init+0xa>
20004414:	2300      	movs	r3, #0
20004416:	e7fa      	b.n	2000440e <__aeabi_double_init+0x2e>
20004418:	4819      	ldr	r0, [pc, #100]	; (20004480 <__aeabi_double_init+0xa0>)
2000441a:	f7ff fc71 	bl	20003d00 <rom_data_lookup>
2000441e:	0005      	movs	r5, r0
20004420:	4818      	ldr	r0, [pc, #96]	; (20004484 <__aeabi_double_init+0xa4>)
20004422:	f7ff fc6d 	bl	20003d00 <rom_data_lookup>
20004426:	3802      	subs	r0, #2
20004428:	7803      	ldrb	r3, [r0, #0]
2000442a:	009b      	lsls	r3, r3, #2
2000442c:	2b7f      	cmp	r3, #127	; 0x7f
2000442e:	dd19      	ble.n	20004464 <__aeabi_double_init+0x84>
20004430:	2280      	movs	r2, #128	; 0x80
20004432:	0029      	movs	r1, r5
20004434:	480f      	ldr	r0, [pc, #60]	; (20004474 <__aeabi_double_init+0x94>)
20004436:	f000 fb91 	bl	20004b5c <__wrap___aeabi_memcpy>
2000443a:	2c02      	cmp	r4, #2
2000443c:	d1d7      	bne.n	200043ee <__aeabi_double_init+0xe>
2000443e:	4b12      	ldr	r3, [pc, #72]	; (20004488 <__aeabi_double_init+0xa8>)
20004440:	881a      	ldrh	r2, [r3, #0]
20004442:	23b5      	movs	r3, #181	; 0xb5
20004444:	021b      	lsls	r3, r3, #8
20004446:	429a      	cmp	r2, r3
20004448:	d109      	bne.n	2000445e <__aeabi_double_init+0x7e>
2000444a:	4b10      	ldr	r3, [pc, #64]	; (2000448c <__aeabi_double_init+0xac>)
2000444c:	881a      	ldrh	r2, [r3, #0]
2000444e:	4b10      	ldr	r3, [pc, #64]	; (20004490 <__aeabi_double_init+0xb0>)
20004450:	429a      	cmp	r2, r3
20004452:	d104      	bne.n	2000445e <__aeabi_double_init+0x7e>
20004454:	4b0f      	ldr	r3, [pc, #60]	; (20004494 <__aeabi_double_init+0xb4>)
20004456:	881a      	ldrh	r2, [r3, #0]
20004458:	4b0f      	ldr	r3, [pc, #60]	; (20004498 <__aeabi_double_init+0xb8>)
2000445a:	429a      	cmp	r2, r3
2000445c:	d0c7      	beq.n	200043ee <__aeabi_double_init+0xe>
2000445e:	2000      	movs	r0, #0
20004460:	f7fe fb86 	bl	20002b70 <panic>
20004464:	4b0d      	ldr	r3, [pc, #52]	; (2000449c <__aeabi_double_init+0xbc>)
20004466:	4a0e      	ldr	r2, [pc, #56]	; (200044a0 <__aeabi_double_init+0xc0>)
20004468:	2132      	movs	r1, #50	; 0x32
2000446a:	480e      	ldr	r0, [pc, #56]	; (200044a4 <__aeabi_double_init+0xc4>)
2000446c:	f7fe fae6 	bl	20002a3c <__assert_func>
20004470:	200044a9 	.word	0x200044a9
20004474:	2000792c 	.word	0x2000792c
20004478:	0000334c 	.word	0x0000334c
2000447c:	20007a2c 	.word	0x20007a2c
20004480:	00004453 	.word	0x00004453
20004484:	00004653 	.word	0x00004653
20004488:	00003854 	.word	0x00003854
2000448c:	000038d8 	.word	0x000038d8
20004490:	00004649 	.word	0x00004649
20004494:	0000389c 	.word	0x0000389c
20004498:	00004659 	.word	0x00004659
2000449c:	200061e0 	.word	0x200061e0
200044a0:	20006278 	.word	0x20006278
200044a4:	20006234 	.word	0x20006234

200044a8 <double_table_shim_on_use_helper>:
200044a8:	b507      	push	{r0, r1, r2, lr}
200044aa:	4660      	mov	r0, ip
200044ac:	2800      	cmp	r0, #0
200044ae:	d100      	bne.n	200044b2 <double_table_shim_on_use_helper+0xa>
200044b0:	be00      	bkpt	0x0000
200044b2:	8801      	ldrh	r1, [r0, #0]
200044b4:	0a0a      	lsrs	r2, r1, #8
200044b6:	3002      	adds	r0, #2
200044b8:	2adf      	cmp	r2, #223	; 0xdf
200044ba:	d1fa      	bne.n	200044b2 <double_table_shim_on_use_helper+0xa>
200044bc:	b2c9      	uxtb	r1, r1
200044be:	0882      	lsrs	r2, r0, #2
200044c0:	d304      	bcc.n	200044cc <double_table_shim_on_use_helper+0x24>
200044c2:	8802      	ldrh	r2, [r0, #0]
200044c4:	8840      	ldrh	r0, [r0, #2]
200044c6:	0400      	lsls	r0, r0, #16
200044c8:	4310      	orrs	r0, r2
200044ca:	e000      	b.n	200044ce <double_table_shim_on_use_helper+0x26>
200044cc:	6800      	ldr	r0, [r0, #0]
200044ce:	4a02      	ldr	r2, [pc, #8]	; (200044d8 <double_table_shim_on_use_helper+0x30>)
200044d0:	5050      	str	r0, [r2, r1]
200044d2:	9003      	str	r0, [sp, #12]
200044d4:	bd07      	pop	{r0, r1, r2, pc}
200044d6:	0000      	.short	0x0000
200044d8:	2000792c 	.word	0x2000792c

200044dc <drsub_shim>:
200044dc:	b40f      	push	{r0, r1, r2, r3}
200044de:	bc03      	pop	{r0, r1}
200044e0:	bc0c      	pop	{r2, r3}

200044e2 <dsub_shim>:
200044e2:	b5f0      	push	{r4, r5, r6, r7, lr}
200044e4:	2401      	movs	r4, #1
200044e6:	07e4      	lsls	r4, r4, #31
200044e8:	4063      	eors	r3, r4
200044ea:	e000      	b.n	200044ee <da_entry>

200044ec <dadd_shim>:
200044ec:	b5f0      	push	{r4, r5, r6, r7, lr}

200044ee <da_entry>:
200044ee:	0d0c      	lsrs	r4, r1, #20
200044f0:	0fcf      	lsrs	r7, r1, #31
200044f2:	1e66      	subs	r6, r4, #1
200044f4:	0536      	lsls	r6, r6, #20
200044f6:	1b89      	subs	r1, r1, r6
200044f8:	0564      	lsls	r4, r4, #21
200044fa:	d303      	bcc.n	20004504 <l8_1>
200044fc:	43c9      	mvns	r1, r1
200044fe:	4240      	negs	r0, r0
20004500:	d300      	bcc.n	20004504 <l8_1>
20004502:	3101      	adds	r1, #1

20004504 <l8_1>:
20004504:	0d64      	lsrs	r4, r4, #21
20004506:	d003      	beq.n	20004510 <l8_2>
20004508:	1c66      	adds	r6, r4, #1
2000450a:	0af6      	lsrs	r6, r6, #11
2000450c:	d007      	beq.n	2000451e <l8_3>
2000450e:	1be4      	subs	r4, r4, r7

20004510 <l8_2>:
20004510:	2000      	movs	r0, #0
20004512:	007f      	lsls	r7, r7, #1
20004514:	1c79      	adds	r1, r7, #1
20004516:	0789      	lsls	r1, r1, #30
20004518:	1289      	asrs	r1, r1, #10
2000451a:	3c80      	subs	r4, #128	; 0x80
2000451c:	0324      	lsls	r4, r4, #12

2000451e <l8_3>:
2000451e:	0d1d      	lsrs	r5, r3, #20
20004520:	0fdf      	lsrs	r7, r3, #31
20004522:	1e6e      	subs	r6, r5, #1
20004524:	0536      	lsls	r6, r6, #20
20004526:	1b9b      	subs	r3, r3, r6
20004528:	056d      	lsls	r5, r5, #21
2000452a:	d303      	bcc.n	20004534 <l9_1>
2000452c:	43db      	mvns	r3, r3
2000452e:	4252      	negs	r2, r2
20004530:	d300      	bcc.n	20004534 <l9_1>
20004532:	3301      	adds	r3, #1

20004534 <l9_1>:
20004534:	0d6d      	lsrs	r5, r5, #21
20004536:	d003      	beq.n	20004540 <l9_2>
20004538:	1c6e      	adds	r6, r5, #1
2000453a:	0af6      	lsrs	r6, r6, #11
2000453c:	d007      	beq.n	2000454e <l9_3>
2000453e:	1bed      	subs	r5, r5, r7

20004540 <l9_2>:
20004540:	2200      	movs	r2, #0
20004542:	007f      	lsls	r7, r7, #1
20004544:	1c7b      	adds	r3, r7, #1
20004546:	079b      	lsls	r3, r3, #30
20004548:	129b      	asrs	r3, r3, #10
2000454a:	3d80      	subs	r5, #128	; 0x80
2000454c:	032d      	lsls	r5, r5, #12

2000454e <l9_3>:
2000454e:	1b2f      	subs	r7, r5, r4
20004550:	1b66      	subs	r6, r4, r5
20004552:	d458      	bmi.n	20004606 <da_ygtx>
20004554:	46a4      	mov	ip, r4
20004556:	2e20      	cmp	r6, #32
20004558:	da46      	bge.n	200045e8 <da_xrgty>
2000455a:	3720      	adds	r7, #32
2000455c:	0014      	movs	r4, r2
2000455e:	40bc      	lsls	r4, r7

20004560 <da_xgty0>:
20004560:	001d      	movs	r5, r3
20004562:	40bd      	lsls	r5, r7
20004564:	40f2      	lsrs	r2, r6
20004566:	4133      	asrs	r3, r6
20004568:	432a      	orrs	r2, r5

2000456a <da_add>:
2000456a:	1880      	adds	r0, r0, r2
2000456c:	4159      	adcs	r1, r3

2000456e <da_pack>:
2000456e:	0fcb      	lsrs	r3, r1, #31
20004570:	d005      	beq.n	2000457e <da_pack+0x10>
20004572:	43c9      	mvns	r1, r1
20004574:	43c0      	mvns	r0, r0
20004576:	2200      	movs	r2, #0
20004578:	4264      	negs	r4, r4
2000457a:	4150      	adcs	r0, r2
2000457c:	4151      	adcs	r1, r2
2000457e:	4662      	mov	r2, ip
20004580:	0d4d      	lsrs	r5, r1, #21
20004582:	d128      	bne.n	200045d6 <da_0>
20004584:	0d0d      	lsrs	r5, r1, #20
20004586:	d107      	bne.n	20004598 <da_1>
20004588:	2800      	cmp	r0, #0
2000458a:	d01f      	beq.n	200045cc <da_5>

2000458c <da_2>:
2000458c:	1924      	adds	r4, r4, r4
2000458e:	4140      	adcs	r0, r0
20004590:	4149      	adcs	r1, r1
20004592:	3a01      	subs	r2, #1
20004594:	0d0d      	lsrs	r5, r1, #20
20004596:	d0f9      	beq.n	2000458c <da_2>

20004598 <da_1>:
20004598:	0064      	lsls	r4, r4, #1
2000459a:	d306      	bcc.n	200045aa <da_3>

2000459c <da_4>:
2000459c:	3001      	adds	r0, #1
2000459e:	d300      	bcc.n	200045a2 <da_4+0x6>
200045a0:	3101      	adds	r1, #1
200045a2:	2c00      	cmp	r4, #0
200045a4:	d101      	bne.n	200045aa <da_3>
200045a6:	0840      	lsrs	r0, r0, #1
200045a8:	0040      	lsls	r0, r0, #1

200045aa <da_3>:
200045aa:	3a01      	subs	r2, #1
200045ac:	d40b      	bmi.n	200045c6 <da_6>
200045ae:	1c94      	adds	r4, r2, #2
200045b0:	0ae4      	lsrs	r4, r4, #11
200045b2:	d104      	bne.n	200045be <da_7>
200045b4:	0512      	lsls	r2, r2, #20
200045b6:	4411      	add	r1, r2
200045b8:	07db      	lsls	r3, r3, #31
200045ba:	4419      	add	r1, r3
200045bc:	bdf0      	pop	{r4, r5, r6, r7, pc}

200045be <da_7>:
200045be:	07d9      	lsls	r1, r3, #31
200045c0:	4b20      	ldr	r3, [pc, #128]	; (20004644 <da_xmgty+0x4>)
200045c2:	4319      	orrs	r1, r3
200045c4:	e000      	b.n	200045c8 <da_6+0x2>

200045c6 <da_6>:
200045c6:	07d9      	lsls	r1, r3, #31
200045c8:	2000      	movs	r0, #0
200045ca:	bdf0      	pop	{r4, r5, r6, r7, pc}

200045cc <da_5>:
200045cc:	2900      	cmp	r1, #0
200045ce:	d1dd      	bne.n	2000458c <da_2>
200045d0:	2c00      	cmp	r4, #0
200045d2:	d1db      	bne.n	2000458c <da_2>
200045d4:	bdf0      	pop	{r4, r5, r6, r7, pc}

200045d6 <da_0>:
200045d6:	3201      	adds	r2, #1
200045d8:	07c6      	lsls	r6, r0, #31
200045da:	0840      	lsrs	r0, r0, #1
200045dc:	07cd      	lsls	r5, r1, #31
200045de:	4328      	orrs	r0, r5
200045e0:	0849      	lsrs	r1, r1, #1
200045e2:	2e00      	cmp	r6, #0
200045e4:	d0e1      	beq.n	200045aa <da_3>
200045e6:	e7d9      	b.n	2000459c <da_4>

200045e8 <da_xrgty>:
200045e8:	2e3c      	cmp	r6, #60	; 0x3c
200045ea:	da29      	bge.n	20004640 <da_xmgty>
200045ec:	3e20      	subs	r6, #32
200045ee:	3740      	adds	r7, #64	; 0x40
200045f0:	0014      	movs	r4, r2
200045f2:	40bc      	lsls	r4, r7
200045f4:	d000      	beq.n	200045f8 <da_xrgty+0x10>
200045f6:	2401      	movs	r4, #1
200045f8:	40f2      	lsrs	r2, r6
200045fa:	4314      	orrs	r4, r2
200045fc:	001a      	movs	r2, r3
200045fe:	40bb      	lsls	r3, r7
20004600:	431c      	orrs	r4, r3
20004602:	17d3      	asrs	r3, r2, #31
20004604:	e7ac      	b.n	20004560 <da_xgty0>

20004606 <da_ygtx>:
20004606:	46ac      	mov	ip, r5
20004608:	2f20      	cmp	r7, #32
2000460a:	da08      	bge.n	2000461e <da_yrgtx>
2000460c:	3620      	adds	r6, #32
2000460e:	0004      	movs	r4, r0
20004610:	40b4      	lsls	r4, r6

20004612 <da_ygtx0>:
20004612:	000d      	movs	r5, r1
20004614:	40b5      	lsls	r5, r6
20004616:	40f8      	lsrs	r0, r7
20004618:	4139      	asrs	r1, r7
2000461a:	4328      	orrs	r0, r5
2000461c:	e7a5      	b.n	2000456a <da_add>

2000461e <da_yrgtx>:
2000461e:	2f3c      	cmp	r7, #60	; 0x3c
20004620:	da0c      	bge.n	2000463c <da_ymgtx>
20004622:	3f20      	subs	r7, #32
20004624:	3640      	adds	r6, #64	; 0x40
20004626:	0004      	movs	r4, r0
20004628:	40b4      	lsls	r4, r6
2000462a:	d000      	beq.n	2000462e <da_yrgtx+0x10>
2000462c:	2401      	movs	r4, #1
2000462e:	40f8      	lsrs	r0, r7
20004630:	4304      	orrs	r4, r0
20004632:	0008      	movs	r0, r1
20004634:	40b1      	lsls	r1, r6
20004636:	430c      	orrs	r4, r1
20004638:	17c1      	asrs	r1, r0, #31
2000463a:	e7ea      	b.n	20004612 <da_ygtx0>

2000463c <da_ymgtx>:
2000463c:	0010      	movs	r0, r2
2000463e:	0019      	movs	r1, r3

20004640 <da_xmgty>:
20004640:	2400      	movs	r4, #0
20004642:	e794      	b.n	2000456e <da_pack>
20004644:	7ff00000 	.word	0x7ff00000

20004648 <dmul_shim>:
20004648:	b5f0      	push	{r4, r5, r6, r7, lr}
2000464a:	0d0c      	lsrs	r4, r1, #20
2000464c:	1e66      	subs	r6, r4, #1
2000464e:	0536      	lsls	r6, r6, #20
20004650:	1b89      	subs	r1, r1, r6
20004652:	0ae6      	lsrs	r6, r4, #11
20004654:	0564      	lsls	r4, r4, #21
20004656:	0d64      	lsrs	r4, r4, #21
20004658:	d002      	beq.n	20004660 <l12_1>
2000465a:	1c65      	adds	r5, r4, #1
2000465c:	0aed      	lsrs	r5, r5, #11
2000465e:	d004      	beq.n	2000466a <l12_2>

20004660 <l12_1>:
20004660:	2000      	movs	r0, #0
20004662:	2101      	movs	r1, #1
20004664:	0509      	lsls	r1, r1, #20
20004666:	3c80      	subs	r4, #128	; 0x80
20004668:	0324      	lsls	r4, r4, #12

2000466a <l12_2>:
2000466a:	46a4      	mov	ip, r4
2000466c:	0d1c      	lsrs	r4, r3, #20
2000466e:	1e67      	subs	r7, r4, #1
20004670:	053f      	lsls	r7, r7, #20
20004672:	1bdb      	subs	r3, r3, r7
20004674:	0ae7      	lsrs	r7, r4, #11
20004676:	0564      	lsls	r4, r4, #21
20004678:	0d64      	lsrs	r4, r4, #21
2000467a:	d002      	beq.n	20004682 <l13_1>
2000467c:	1c65      	adds	r5, r4, #1
2000467e:	0aed      	lsrs	r5, r5, #11
20004680:	d004      	beq.n	2000468c <l13_2>

20004682 <l13_1>:
20004682:	2200      	movs	r2, #0
20004684:	2301      	movs	r3, #1
20004686:	051b      	lsls	r3, r3, #20
20004688:	3c80      	subs	r4, #128	; 0x80
2000468a:	0324      	lsls	r4, r4, #12

2000468c <l13_2>:
2000468c:	4077      	eors	r7, r6
2000468e:	4464      	add	r4, ip
20004690:	b497      	push	{r0, r1, r2, r4, r7}
20004692:	b284      	uxth	r4, r0
20004694:	b296      	uxth	r6, r2
20004696:	4374      	muls	r4, r6
20004698:	0c07      	lsrs	r7, r0, #16
2000469a:	437e      	muls	r6, r7
2000469c:	0c15      	lsrs	r5, r2, #16
2000469e:	436f      	muls	r7, r5
200046a0:	b280      	uxth	r0, r0
200046a2:	4368      	muls	r0, r5
200046a4:	1836      	adds	r6, r6, r0
200046a6:	d302      	bcc.n	200046ae <l14_1>
200046a8:	2001      	movs	r0, #1
200046aa:	0400      	lsls	r0, r0, #16
200046ac:	183f      	adds	r7, r7, r0

200046ae <l14_1>:
200046ae:	0430      	lsls	r0, r6, #16
200046b0:	0c35      	lsrs	r5, r6, #16
200046b2:	1900      	adds	r0, r0, r4
200046b4:	417d      	adcs	r5, r7
200046b6:	4684      	mov	ip, r0
200046b8:	b288      	uxth	r0, r1
200046ba:	b29a      	uxth	r2, r3
200046bc:	4350      	muls	r0, r2
200046be:	0c0c      	lsrs	r4, r1, #16
200046c0:	4362      	muls	r2, r4
200046c2:	0c1f      	lsrs	r7, r3, #16
200046c4:	437c      	muls	r4, r7
200046c6:	b28e      	uxth	r6, r1
200046c8:	437e      	muls	r6, r7
200046ca:	1992      	adds	r2, r2, r6
200046cc:	d302      	bcc.n	200046d4 <l15_1>
200046ce:	2601      	movs	r6, #1
200046d0:	0436      	lsls	r6, r6, #16
200046d2:	19a4      	adds	r4, r4, r6

200046d4 <l15_1>:
200046d4:	0416      	lsls	r6, r2, #16
200046d6:	0c17      	lsrs	r7, r2, #16
200046d8:	1836      	adds	r6, r6, r0
200046da:	4167      	adcs	r7, r4
200046dc:	bc01      	pop	{r0}
200046de:	b281      	uxth	r1, r0
200046e0:	b29a      	uxth	r2, r3
200046e2:	4351      	muls	r1, r2
200046e4:	0c04      	lsrs	r4, r0, #16
200046e6:	4362      	muls	r2, r4
200046e8:	0c1b      	lsrs	r3, r3, #16
200046ea:	435c      	muls	r4, r3
200046ec:	b280      	uxth	r0, r0
200046ee:	4358      	muls	r0, r3
200046f0:	1812      	adds	r2, r2, r0
200046f2:	d302      	bcc.n	200046fa <l16_1>
200046f4:	2001      	movs	r0, #1
200046f6:	0400      	lsls	r0, r0, #16
200046f8:	1824      	adds	r4, r4, r0

200046fa <l16_1>:
200046fa:	0410      	lsls	r0, r2, #16
200046fc:	0c13      	lsrs	r3, r2, #16
200046fe:	1840      	adds	r0, r0, r1
20004700:	4163      	adcs	r3, r4
20004702:	182d      	adds	r5, r5, r0
20004704:	415e      	adcs	r6, r3
20004706:	2000      	movs	r0, #0
20004708:	4147      	adcs	r7, r0
2000470a:	bc06      	pop	{r1, r2}
2000470c:	b288      	uxth	r0, r1
2000470e:	b293      	uxth	r3, r2
20004710:	4358      	muls	r0, r3
20004712:	0c0c      	lsrs	r4, r1, #16
20004714:	4363      	muls	r3, r4
20004716:	0c12      	lsrs	r2, r2, #16
20004718:	4354      	muls	r4, r2
2000471a:	b289      	uxth	r1, r1
2000471c:	4351      	muls	r1, r2
2000471e:	185b      	adds	r3, r3, r1
20004720:	d302      	bcc.n	20004728 <l17_1>
20004722:	2101      	movs	r1, #1
20004724:	0409      	lsls	r1, r1, #16
20004726:	1864      	adds	r4, r4, r1

20004728 <l17_1>:
20004728:	0419      	lsls	r1, r3, #16
2000472a:	0c1a      	lsrs	r2, r3, #16
2000472c:	1809      	adds	r1, r1, r0
2000472e:	4162      	adcs	r2, r4
20004730:	186d      	adds	r5, r5, r1
20004732:	4156      	adcs	r6, r2
20004734:	2000      	movs	r0, #0
20004736:	4147      	adcs	r7, r0
20004738:	bc18      	pop	{r3, r4}
2000473a:	02f9      	lsls	r1, r7, #11
2000473c:	0d72      	lsrs	r2, r6, #21
2000473e:	4311      	orrs	r1, r2
20004740:	02f0      	lsls	r0, r6, #11
20004742:	0d6a      	lsrs	r2, r5, #21
20004744:	4310      	orrs	r0, r2
20004746:	02ed      	lsls	r5, r5, #11
20004748:	0d0a      	lsrs	r2, r1, #20
2000474a:	d103      	bne.n	20004754 <l17_1+0x2c>
2000474c:	196d      	adds	r5, r5, r5
2000474e:	4140      	adcs	r0, r0
20004750:	4149      	adcs	r1, r1
20004752:	3b01      	subs	r3, #1
20004754:	4e12      	ldr	r6, [pc, #72]	; (200047a0 <dm_1+0xa>)
20004756:	1b9b      	subs	r3, r3, r6
20004758:	0076      	lsls	r6, r6, #1
2000475a:	42b3      	cmp	r3, r6
2000475c:	d20e      	bcs.n	2000477c <dm_0>
2000475e:	006d      	lsls	r5, r5, #1
20004760:	d307      	bcc.n	20004772 <l17_1+0x4a>
20004762:	3001      	adds	r0, #1
20004764:	2600      	movs	r6, #0
20004766:	4171      	adcs	r1, r6
20004768:	4666      	mov	r6, ip
2000476a:	4335      	orrs	r5, r6
2000476c:	d101      	bne.n	20004772 <l17_1+0x4a>
2000476e:	0840      	lsrs	r0, r0, #1
20004770:	0040      	lsls	r0, r0, #1
20004772:	051b      	lsls	r3, r3, #20
20004774:	18c9      	adds	r1, r1, r3

20004776 <dm_2>:
20004776:	07e4      	lsls	r4, r4, #31
20004778:	4421      	add	r1, r4
2000477a:	bdf0      	pop	{r4, r5, r6, r7, pc}

2000477c <dm_0>:
2000477c:	da0b      	bge.n	20004796 <dm_1>
2000477e:	3301      	adds	r3, #1
20004780:	d106      	bne.n	20004790 <dm_0+0x14>
20004782:	3001      	adds	r0, #1
20004784:	d104      	bne.n	20004790 <dm_0+0x14>
20004786:	3101      	adds	r1, #1
20004788:	0d4f      	lsrs	r7, r1, #21
2000478a:	d001      	beq.n	20004790 <dm_0+0x14>
2000478c:	0849      	lsrs	r1, r1, #1
2000478e:	e7f2      	b.n	20004776 <dm_2>
20004790:	07e1      	lsls	r1, r4, #31
20004792:	2000      	movs	r0, #0
20004794:	bdf0      	pop	{r4, r5, r6, r7, pc}

20004796 <dm_1>:
20004796:	3601      	adds	r6, #1
20004798:	0531      	lsls	r1, r6, #20
2000479a:	2000      	movs	r0, #0
2000479c:	e7eb      	b.n	20004776 <dm_2>
2000479e:	0000      	.short	0x0000
200047a0:	000003ff 	.word	0x000003ff

200047a4 <ddiv_shim>:
200047a4:	b5f0      	push	{r4, r5, r6, r7, lr}

200047a6 <ddiv0>:
200047a6:	0d1c      	lsrs	r4, r3, #20
200047a8:	1e67      	subs	r7, r4, #1
200047aa:	053f      	lsls	r7, r7, #20
200047ac:	1bdb      	subs	r3, r3, r7
200047ae:	0ae7      	lsrs	r7, r4, #11
200047b0:	0564      	lsls	r4, r4, #21
200047b2:	0d64      	lsrs	r4, r4, #21
200047b4:	d002      	beq.n	200047bc <l20_1>
200047b6:	1c66      	adds	r6, r4, #1
200047b8:	0af6      	lsrs	r6, r6, #11
200047ba:	d004      	beq.n	200047c6 <l20_2>

200047bc <l20_1>:
200047bc:	2200      	movs	r2, #0
200047be:	2301      	movs	r3, #1
200047c0:	051b      	lsls	r3, r3, #20
200047c2:	3c80      	subs	r4, #128	; 0x80
200047c4:	0324      	lsls	r4, r4, #12

200047c6 <l20_2>:
200047c6:	25d0      	movs	r5, #208	; 0xd0
200047c8:	062d      	lsls	r5, r5, #24
200047ca:	2600      	movs	r6, #0
200047cc:	43f6      	mvns	r6, r6
200047ce:	662e      	str	r6, [r5, #96]	; 0x60
200047d0:	091e      	lsrs	r6, r3, #4
200047d2:	666e      	str	r6, [r5, #100]	; 0x64
200047d4:	0fce      	lsrs	r6, r1, #31
200047d6:	19f6      	adds	r6, r6, r7
200047d8:	46b4      	mov	ip, r6
200047da:	0049      	lsls	r1, r1, #1
200047dc:	0d4f      	lsrs	r7, r1, #21
200047de:	d002      	beq.n	200047e6 <l20_2+0x20>
200047e0:	1c7e      	adds	r6, r7, #1
200047e2:	0af6      	lsrs	r6, r6, #11
200047e4:	d003      	beq.n	200047ee <l20_2+0x28>
200047e6:	2000      	movs	r0, #0
200047e8:	2100      	movs	r1, #0
200047ea:	3f40      	subs	r7, #64	; 0x40
200047ec:	033f      	lsls	r7, r7, #12
200047ee:	1b3e      	subs	r6, r7, r4
200047f0:	00b6      	lsls	r6, r6, #2
200047f2:	44b4      	add	ip, r6
200047f4:	3f01      	subs	r7, #1
200047f6:	057f      	lsls	r7, r7, #21
200047f8:	1bc9      	subs	r1, r1, r7
200047fa:	0849      	lsrs	r1, r1, #1
200047fc:	6f2e      	ldr	r6, [r5, #112]	; 0x70
200047fe:	3601      	adds	r6, #1
20004800:	0876      	lsrs	r6, r6, #1
20004802:	029c      	lsls	r4, r3, #10
20004804:	0d95      	lsrs	r5, r2, #22
20004806:	4325      	orrs	r5, r4
20004808:	4375      	muls	r5, r6
2000480a:	13ed      	asrs	r5, r5, #15
2000480c:	4375      	muls	r5, r6
2000480e:	13ad      	asrs	r5, r5, #14
20004810:	3501      	adds	r5, #1
20004812:	106d      	asrs	r5, r5, #1
20004814:	03f6      	lsls	r6, r6, #15
20004816:	1b76      	subs	r6, r6, r5
20004818:	b40c      	push	{r2, r3}
2000481a:	02cc      	lsls	r4, r1, #11
2000481c:	0d45      	lsrs	r5, r0, #21
2000481e:	432c      	orrs	r4, r5
20004820:	b2a2      	uxth	r2, r4
20004822:	b2b3      	uxth	r3, r6
20004824:	435a      	muls	r2, r3
20004826:	0c27      	lsrs	r7, r4, #16
20004828:	437b      	muls	r3, r7
2000482a:	0c35      	lsrs	r5, r6, #16
2000482c:	436f      	muls	r7, r5
2000482e:	b2a4      	uxth	r4, r4
20004830:	436c      	muls	r4, r5
20004832:	191b      	adds	r3, r3, r4
20004834:	d302      	bcc.n	2000483c <l21_1>
20004836:	2401      	movs	r4, #1
20004838:	0424      	lsls	r4, r4, #16
2000483a:	193f      	adds	r7, r7, r4

2000483c <l21_1>:
2000483c:	041c      	lsls	r4, r3, #16
2000483e:	0c1d      	lsrs	r5, r3, #16
20004840:	18a4      	adds	r4, r4, r2
20004842:	417d      	adcs	r5, r7
20004844:	1924      	adds	r4, r4, r4
20004846:	416d      	adcs	r5, r5
20004848:	9a00      	ldr	r2, [sp, #0]
2000484a:	b291      	uxth	r1, r2
2000484c:	b2ac      	uxth	r4, r5
2000484e:	4361      	muls	r1, r4
20004850:	0c17      	lsrs	r7, r2, #16
20004852:	437c      	muls	r4, r7
20004854:	0c2b      	lsrs	r3, r5, #16
20004856:	435f      	muls	r7, r3
20004858:	b292      	uxth	r2, r2
2000485a:	435a      	muls	r2, r3
2000485c:	18a4      	adds	r4, r4, r2
2000485e:	d302      	bcc.n	20004866 <l22_1>
20004860:	2201      	movs	r2, #1
20004862:	0412      	lsls	r2, r2, #16
20004864:	18bf      	adds	r7, r7, r2

20004866 <l22_1>:
20004866:	0422      	lsls	r2, r4, #16
20004868:	0c23      	lsrs	r3, r4, #16
2000486a:	1852      	adds	r2, r2, r1
2000486c:	417b      	adcs	r3, r7
2000486e:	9c01      	ldr	r4, [sp, #4]
20004870:	436c      	muls	r4, r5
20004872:	191b      	adds	r3, r3, r4
20004874:	0e52      	lsrs	r2, r2, #25
20004876:	01d9      	lsls	r1, r3, #7
20004878:	430a      	orrs	r2, r1
2000487a:	0144      	lsls	r4, r0, #5
2000487c:	1aa0      	subs	r0, r4, r2
2000487e:	b281      	uxth	r1, r0
20004880:	b2b2      	uxth	r2, r6
20004882:	4351      	muls	r1, r2
20004884:	1403      	asrs	r3, r0, #16
20004886:	435a      	muls	r2, r3
20004888:	0c36      	lsrs	r6, r6, #16
2000488a:	4373      	muls	r3, r6
2000488c:	b287      	uxth	r7, r0
2000488e:	4377      	muls	r7, r6
20004890:	17d6      	asrs	r6, r2, #31
20004892:	19d2      	adds	r2, r2, r7
20004894:	2700      	movs	r7, #0
20004896:	417e      	adcs	r6, r7
20004898:	0436      	lsls	r6, r6, #16
2000489a:	199b      	adds	r3, r3, r6
2000489c:	0417      	lsls	r7, r2, #16
2000489e:	0c16      	lsrs	r6, r2, #16
200048a0:	187f      	adds	r7, r7, r1
200048a2:	415e      	adcs	r6, r3
200048a4:	1673      	asrs	r3, r6, #25
200048a6:	18ed      	adds	r5, r5, r3
200048a8:	01f3      	lsls	r3, r6, #7
200048aa:	2600      	movs	r6, #0
200048ac:	3380      	adds	r3, #128	; 0x80
200048ae:	4175      	adcs	r5, r6
200048b0:	0fa9      	lsrs	r1, r5, #30
200048b2:	d106      	bne.n	200048c2 <dd_0>
200048b4:	0064      	lsls	r4, r4, #1
200048b6:	0a69      	lsrs	r1, r5, #9
200048b8:	05e8      	lsls	r0, r5, #23
200048ba:	0a5b      	lsrs	r3, r3, #9
200048bc:	4318      	orrs	r0, r3
200048be:	d209      	bcs.n	200048d4 <dd_1>
200048c0:	e02f      	b.n	20004922 <dd_2>

200048c2 <dd_0>:
200048c2:	2204      	movs	r2, #4
200048c4:	4494      	add	ip, r2
200048c6:	3380      	adds	r3, #128	; 0x80
200048c8:	4175      	adcs	r5, r6
200048ca:	0aa9      	lsrs	r1, r5, #10
200048cc:	05a8      	lsls	r0, r5, #22
200048ce:	0a9b      	lsrs	r3, r3, #10
200048d0:	4318      	orrs	r0, r3
200048d2:	d326      	bcc.n	20004922 <dd_2>

200048d4 <dd_1>:
200048d4:	4140      	adcs	r0, r0
200048d6:	4149      	adcs	r1, r1
200048d8:	0424      	lsls	r4, r4, #16
200048da:	9a00      	ldr	r2, [sp, #0]
200048dc:	9b01      	ldr	r3, [sp, #4]
200048de:	000d      	movs	r5, r1
200048e0:	4355      	muls	r5, r2
200048e2:	1b64      	subs	r4, r4, r5
200048e4:	4343      	muls	r3, r0
200048e6:	1ae4      	subs	r4, r4, r3
200048e8:	b295      	uxth	r5, r2
200048ea:	b286      	uxth	r6, r0
200048ec:	4375      	muls	r5, r6
200048ee:	0c17      	lsrs	r7, r2, #16
200048f0:	437e      	muls	r6, r7
200048f2:	0c03      	lsrs	r3, r0, #16
200048f4:	435f      	muls	r7, r3
200048f6:	b292      	uxth	r2, r2
200048f8:	435a      	muls	r2, r3
200048fa:	18b6      	adds	r6, r6, r2
200048fc:	d302      	bcc.n	20004904 <l24_1>
200048fe:	2201      	movs	r2, #1
20004900:	0412      	lsls	r2, r2, #16
20004902:	18bf      	adds	r7, r7, r2

20004904 <l24_1>:
20004904:	0432      	lsls	r2, r6, #16
20004906:	0c33      	lsrs	r3, r6, #16
20004908:	1952      	adds	r2, r2, r5
2000490a:	417b      	adcs	r3, r7
2000490c:	4252      	negs	r2, r2
2000490e:	419c      	sbcs	r4, r3
20004910:	2c00      	cmp	r4, #0
20004912:	d402      	bmi.n	2000491a <l24_1+0x16>
20004914:	2200      	movs	r2, #0
20004916:	3001      	adds	r0, #1
20004918:	4151      	adcs	r1, r2
2000491a:	0840      	lsrs	r0, r0, #1
2000491c:	07ca      	lsls	r2, r1, #31
2000491e:	4310      	orrs	r0, r2
20004920:	0849      	lsrs	r1, r1, #1

20004922 <dd_2>:
20004922:	b002      	add	sp, #8
20004924:	4662      	mov	r2, ip
20004926:	07d7      	lsls	r7, r2, #31
20004928:	1092      	asrs	r2, r2, #2
2000492a:	4b08      	ldr	r3, [pc, #32]	; (2000494c <dd_4+0x6>)
2000492c:	18d2      	adds	r2, r2, r3
2000492e:	4b08      	ldr	r3, [pc, #32]	; (20004950 <dd_4+0xa>)
20004930:	429a      	cmp	r2, r3
20004932:	d203      	bcs.n	2000493c <dd_3>
20004934:	0512      	lsls	r2, r2, #20
20004936:	1889      	adds	r1, r1, r2

20004938 <dd_5>:
20004938:	19c9      	adds	r1, r1, r7
2000493a:	bdf0      	pop	{r4, r5, r6, r7, pc}

2000493c <dd_3>:
2000493c:	2000      	movs	r0, #0
2000493e:	2a00      	cmp	r2, #0
20004940:	dc01      	bgt.n	20004946 <dd_4>
20004942:	0039      	movs	r1, r7
20004944:	bdf0      	pop	{r4, r5, r6, r7, pc}

20004946 <dd_4>:
20004946:	3301      	adds	r3, #1
20004948:	0519      	lsls	r1, r3, #20
2000494a:	e7f5      	b.n	20004938 <dd_5>
2000494c:	000003fd 	.word	0x000003fd
20004950:	000007fe 	.word	0x000007fe

20004954 <double2uint_shim>:
20004954:	2200      	movs	r2, #0

20004956 <double2ufix_shim>:
20004956:	b500      	push	{lr}
20004958:	3220      	adds	r2, #32
2000495a:	f000 f804 	bl	20004966 <double2ufix64_shim>
2000495e:	0008      	movs	r0, r1
20004960:	bd00      	pop	{pc}
	...

20004964 <double2uint64_shim>:
20004964:	2200      	movs	r2, #0

20004966 <double2ufix64_shim>:
20004966:	150b      	asrs	r3, r1, #20
20004968:	d40a      	bmi.n	20004980 <ret_dzero>

2000496a <d2fix>:
2000496a:	b510      	push	{r4, lr}
2000496c:	4694      	mov	ip, r2
2000496e:	f000 f831 	bl	200049d4 <dunpacks>
20004972:	1414      	asrs	r4, r2, #16
20004974:	3401      	adds	r4, #1
20004976:	da00      	bge.n	2000497a <d2fix+0x10>
20004978:	2100      	movs	r1, #0
2000497a:	17cb      	asrs	r3, r1, #31
2000497c:	4c14      	ldr	r4, [pc, #80]	; (200049d0 <d2fix_a+0x4a>)
2000497e:	4720      	bx	r4

20004980 <ret_dzero>:
20004980:	2000      	movs	r0, #0
20004982:	2100      	movs	r1, #0
20004984:	4770      	bx	lr

20004986 <d2fix_a>:
20004986:	4462      	add	r2, ip
20004988:	3a34      	subs	r2, #52	; 0x34
2000498a:	d40c      	bmi.n	200049a6 <d2fix_a+0x20>
2000498c:	2a0c      	cmp	r2, #12
2000498e:	da07      	bge.n	200049a0 <d2fix_a+0x1a>
20004990:	0004      	movs	r4, r0
20004992:	4091      	lsls	r1, r2
20004994:	4090      	lsls	r0, r2
20004996:	4252      	negs	r2, r2
20004998:	3220      	adds	r2, #32
2000499a:	40d4      	lsrs	r4, r2
2000499c:	4321      	orrs	r1, r4
2000499e:	bd10      	pop	{r4, pc}
200049a0:	43d8      	mvns	r0, r3
200049a2:	43d9      	mvns	r1, r3
200049a4:	bd10      	pop	{r4, pc}
200049a6:	3220      	adds	r2, #32
200049a8:	d407      	bmi.n	200049ba <d2fix_a+0x34>
200049aa:	460c      	mov	r4, r1
200049ac:	4094      	lsls	r4, r2
200049ae:	4252      	negs	r2, r2
200049b0:	3220      	adds	r2, #32
200049b2:	4111      	asrs	r1, r2
200049b4:	40d0      	lsrs	r0, r2
200049b6:	4320      	orrs	r0, r4
200049b8:	bd10      	pop	{r4, pc}
200049ba:	0008      	movs	r0, r1
200049bc:	17c9      	asrs	r1, r1, #31
200049be:	3220      	adds	r2, #32
200049c0:	d403      	bmi.n	200049ca <d2fix_a+0x44>
200049c2:	4252      	negs	r2, r2
200049c4:	3220      	adds	r2, #32
200049c6:	4110      	asrs	r0, r2
200049c8:	bd10      	pop	{r4, pc}
200049ca:	0018      	movs	r0, r3
200049cc:	0019      	movs	r1, r3
200049ce:	bd10      	pop	{r4, pc}
200049d0:	20004987 	.word	0x20004987

200049d4 <dunpacks>:
200049d4:	0d0a      	lsrs	r2, r1, #20
200049d6:	0fcc      	lsrs	r4, r1, #31
200049d8:	1e53      	subs	r3, r2, #1
200049da:	051b      	lsls	r3, r3, #20
200049dc:	1ac9      	subs	r1, r1, r3
200049de:	0552      	lsls	r2, r2, #21
200049e0:	d303      	bcc.n	200049ea <l60_1>
200049e2:	43c9      	mvns	r1, r1
200049e4:	4240      	negs	r0, r0
200049e6:	d300      	bcc.n	200049ea <l60_1>
200049e8:	3101      	adds	r1, #1

200049ea <l60_1>:
200049ea:	0d52      	lsrs	r2, r2, #21
200049ec:	d003      	beq.n	200049f6 <l60_2>
200049ee:	1c53      	adds	r3, r2, #1
200049f0:	0adb      	lsrs	r3, r3, #11
200049f2:	d007      	beq.n	20004a04 <l60_3>
200049f4:	1b12      	subs	r2, r2, r4

200049f6 <l60_2>:
200049f6:	2000      	movs	r0, #0
200049f8:	0064      	lsls	r4, r4, #1
200049fa:	1c61      	adds	r1, r4, #1
200049fc:	0789      	lsls	r1, r1, #30
200049fe:	1289      	asrs	r1, r1, #10
20004a00:	3a80      	subs	r2, #128	; 0x80
20004a02:	0312      	lsls	r2, r2, #12

20004a04 <l60_3>:
20004a04:	4b01      	ldr	r3, [pc, #4]	; (20004a0c <l60_3+0x8>)
20004a06:	1ad2      	subs	r2, r2, r3
20004a08:	4770      	bx	lr
20004a0a:	0000      	.short	0x0000
20004a0c:	000003ff 	.word	0x000003ff

20004a10 <__aeabi_float_init>:
20004a10:	b570      	push	{r4, r5, r6, lr}
20004a12:	2313      	movs	r3, #19
20004a14:	781d      	ldrb	r5, [r3, #0]
20004a16:	482a      	ldr	r0, [pc, #168]	; (20004ac0 <__aeabi_float_init+0xb0>)
20004a18:	f7ff f972 	bl	20003d00 <rom_data_lookup>
20004a1c:	0004      	movs	r4, r0
20004a1e:	2d01      	cmp	r5, #1
20004a20:	d011      	beq.n	20004a46 <__aeabi_float_init+0x36>
20004a22:	2d01      	cmp	r5, #1
20004a24:	dd09      	ble.n	20004a3a <__aeabi_float_init+0x2a>
20004a26:	1ea3      	subs	r3, r4, #2
20004a28:	781b      	ldrb	r3, [r3, #0]
20004a2a:	009b      	lsls	r3, r3, #2
20004a2c:	2b7f      	cmp	r3, #127	; 0x7f
20004a2e:	dd40      	ble.n	20004ab2 <__aeabi_float_init+0xa2>
20004a30:	2280      	movs	r2, #128	; 0x80
20004a32:	0021      	movs	r1, r4
20004a34:	4823      	ldr	r0, [pc, #140]	; (20004ac4 <__aeabi_float_init+0xb4>)
20004a36:	f000 f891 	bl	20004b5c <__wrap___aeabi_memcpy>
20004a3a:	4823      	ldr	r0, [pc, #140]	; (20004ac8 <__aeabi_float_init+0xb8>)
20004a3c:	f7ff f958 	bl	20003cf0 <rom_func_lookup>
20004a40:	4b22      	ldr	r3, [pc, #136]	; (20004acc <__aeabi_float_init+0xbc>)
20004a42:	6018      	str	r0, [r3, #0]
20004a44:	bd70      	pop	{r4, r5, r6, pc}
20004a46:	2254      	movs	r2, #84	; 0x54
20004a48:	0001      	movs	r1, r0
20004a4a:	481e      	ldr	r0, [pc, #120]	; (20004ac4 <__aeabi_float_init+0xb4>)
20004a4c:	f000 f886 	bl	20004b5c <__wrap___aeabi_memcpy>
20004a50:	4b1f      	ldr	r3, [pc, #124]	; (20004ad0 <__aeabi_float_init+0xc0>)
20004a52:	881a      	ldrh	r2, [r3, #0]
20004a54:	4b1f      	ldr	r3, [pc, #124]	; (20004ad4 <__aeabi_float_init+0xc4>)
20004a56:	429a      	cmp	r2, r3
20004a58:	d11c      	bne.n	20004a94 <__aeabi_float_init+0x84>
20004a5a:	23a7      	movs	r3, #167	; 0xa7
20004a5c:	019b      	lsls	r3, r3, #6
20004a5e:	881a      	ldrh	r2, [r3, #0]
20004a60:	4b1d      	ldr	r3, [pc, #116]	; (20004ad8 <__aeabi_float_init+0xc8>)
20004a62:	429a      	cmp	r2, r3
20004a64:	d116      	bne.n	20004a94 <__aeabi_float_init+0x84>
20004a66:	4b1d      	ldr	r3, [pc, #116]	; (20004adc <__aeabi_float_init+0xcc>)
20004a68:	881a      	ldrh	r2, [r3, #0]
20004a6a:	4b1d      	ldr	r3, [pc, #116]	; (20004ae0 <__aeabi_float_init+0xd0>)
20004a6c:	429a      	cmp	r2, r3
20004a6e:	d111      	bne.n	20004a94 <__aeabi_float_init+0x84>
20004a70:	4b1c      	ldr	r3, [pc, #112]	; (20004ae4 <__aeabi_float_init+0xd4>)
20004a72:	881a      	ldrh	r2, [r3, #0]
20004a74:	2394      	movs	r3, #148	; 0x94
20004a76:	019b      	lsls	r3, r3, #6
20004a78:	429a      	cmp	r2, r3
20004a7a:	d10b      	bne.n	20004a94 <__aeabi_float_init+0x84>
20004a7c:	4b1a      	ldr	r3, [pc, #104]	; (20004ae8 <__aeabi_float_init+0xd8>)
20004a7e:	881a      	ldrh	r2, [r3, #0]
20004a80:	4b1a      	ldr	r3, [pc, #104]	; (20004aec <__aeabi_float_init+0xdc>)
20004a82:	429a      	cmp	r2, r3
20004a84:	d106      	bne.n	20004a94 <__aeabi_float_init+0x84>
20004a86:	4b1a      	ldr	r3, [pc, #104]	; (20004af0 <__aeabi_float_init+0xe0>)
20004a88:	681a      	ldr	r2, [r3, #0]
20004a8a:	4b1a      	ldr	r3, [pc, #104]	; (20004af4 <__aeabi_float_init+0xe4>)
20004a8c:	429a      	cmp	r2, r3
20004a8e:	d101      	bne.n	20004a94 <__aeabi_float_init+0x84>
20004a90:	2315      	movs	r3, #21
20004a92:	e007      	b.n	20004aa4 <__aeabi_float_init+0x94>
20004a94:	4818      	ldr	r0, [pc, #96]	; (20004af8 <__aeabi_float_init+0xe8>)
20004a96:	f7fe f86b 	bl	20002b70 <panic>
20004a9a:	0099      	lsls	r1, r3, #2
20004a9c:	4817      	ldr	r0, [pc, #92]	; (20004afc <__aeabi_float_init+0xec>)
20004a9e:	4a09      	ldr	r2, [pc, #36]	; (20004ac4 <__aeabi_float_init+0xb4>)
20004aa0:	5088      	str	r0, [r1, r2]
20004aa2:	3301      	adds	r3, #1
20004aa4:	2b1f      	cmp	r3, #31
20004aa6:	d9f8      	bls.n	20004a9a <__aeabi_float_init+0x8a>
20004aa8:	4a14      	ldr	r2, [pc, #80]	; (20004afc <__aeabi_float_init+0xec>)
20004aaa:	4b06      	ldr	r3, [pc, #24]	; (20004ac4 <__aeabi_float_init+0xb4>)
20004aac:	621a      	str	r2, [r3, #32]
20004aae:	61da      	str	r2, [r3, #28]
20004ab0:	e7b7      	b.n	20004a22 <__aeabi_float_init+0x12>
20004ab2:	4b13      	ldr	r3, [pc, #76]	; (20004b00 <__aeabi_float_init+0xf0>)
20004ab4:	4a13      	ldr	r2, [pc, #76]	; (20004b04 <__aeabi_float_init+0xf4>)
20004ab6:	2142      	movs	r1, #66	; 0x42
20004ab8:	4813      	ldr	r0, [pc, #76]	; (20004b08 <__aeabi_float_init+0xf8>)
20004aba:	f7fd ffbf 	bl	20002a3c <__assert_func>
20004abe:	46c0      	nop			; (mov r8, r8)
20004ac0:	00004653 	.word	0x00004653
20004ac4:	20007a30 	.word	0x20007a30
20004ac8:	0000334c 	.word	0x0000334c
20004acc:	20007a2c 	.word	0x20007a2c
20004ad0:	000029ee 	.word	0x000029ee
20004ad4:	00000fc4 	.word	0x00000fc4
20004ad8:	00000dc2 	.word	0x00000dc2
20004adc:	00002b96 	.word	0x00002b96
20004ae0:	0000b5c0 	.word	0x0000b5c0
20004ae4:	00002b18 	.word	0x00002b18
20004ae8:	00002acc 	.word	0x00002acc
20004aec:	0000b510 	.word	0x0000b510
20004af0:	00002cfc 	.word	0x00002cfc
20004af4:	6487ed51 	.word	0x6487ed51
20004af8:	20005ee0 	.word	0x20005ee0
20004afc:	20004b0d 	.word	0x20004b0d
20004b00:	2000628c 	.word	0x2000628c
20004b04:	20006304 	.word	0x20006304
20004b08:	200062c0 	.word	0x200062c0

20004b0c <float_table_shim_on_use_helper>:
20004b0c:	b507      	push	{r0, r1, r2, lr}
20004b0e:	4660      	mov	r0, ip
20004b10:	2800      	cmp	r0, #0
20004b12:	d100      	bne.n	20004b16 <float_table_shim_on_use_helper+0xa>
20004b14:	be00      	bkpt	0x0000
20004b16:	8801      	ldrh	r1, [r0, #0]
20004b18:	0a0a      	lsrs	r2, r1, #8
20004b1a:	3002      	adds	r0, #2
20004b1c:	2adf      	cmp	r2, #223	; 0xdf
20004b1e:	d1fa      	bne.n	20004b16 <float_table_shim_on_use_helper+0xa>
20004b20:	b2c9      	uxtb	r1, r1
20004b22:	0882      	lsrs	r2, r0, #2
20004b24:	d304      	bcc.n	20004b30 <float_table_shim_on_use_helper+0x24>
20004b26:	8802      	ldrh	r2, [r0, #0]
20004b28:	8840      	ldrh	r0, [r0, #2]
20004b2a:	0400      	lsls	r0, r0, #16
20004b2c:	4310      	orrs	r0, r2
20004b2e:	e000      	b.n	20004b32 <float_table_shim_on_use_helper+0x26>
20004b30:	6800      	ldr	r0, [r0, #0]
20004b32:	4a02      	ldr	r2, [pc, #8]	; (20004b3c <float_table_shim_on_use_helper+0x30>)
20004b34:	5050      	str	r0, [r2, r1]
20004b36:	9003      	str	r0, [sp, #12]
20004b38:	bd07      	pop	{r0, r1, r2, pc}
20004b3a:	0000      	.short	0x0000
20004b3c:	20007a30 	.word	0x20007a30

20004b40 <__aeabi_mem_init>:
20004b40:	4801      	ldr	r0, [pc, #4]	; (20004b48 <__aeabi_mem_init+0x8>)
20004b42:	2104      	movs	r1, #4
20004b44:	4b01      	ldr	r3, [pc, #4]	; (20004b4c <__aeabi_mem_init+0xc>)
20004b46:	4718      	bx	r3
20004b48:	20006630 	.word	0x20006630
20004b4c:	20003d11 	.word	0x20003d11

20004b50 <__wrap_memset>:
20004b50:	4b01      	ldr	r3, [pc, #4]	; (20004b58 <__wrap_memset+0x8>)
20004b52:	681b      	ldr	r3, [r3, #0]
20004b54:	4718      	bx	r3
20004b56:	0000      	.short	0x0000
20004b58:	20006630 	.word	0x20006630

20004b5c <__wrap___aeabi_memcpy>:
20004b5c:	4b01      	ldr	r3, [pc, #4]	; (20004b64 <__wrap___aeabi_memcpy+0x8>)
20004b5e:	685b      	ldr	r3, [r3, #4]
20004b60:	4718      	bx	r3
20004b62:	0000      	.short	0x0000
20004b64:	20006630 	.word	0x20006630

20004b68 <stdio_out_chars_no_crlf>:
20004b68:	b510      	push	{r4, lr}
20004b6a:	0003      	movs	r3, r0
20004b6c:	0008      	movs	r0, r1
20004b6e:	0011      	movs	r1, r2
20004b70:	681b      	ldr	r3, [r3, #0]
20004b72:	4798      	blx	r3
20004b74:	bd10      	pop	{r4, pc}
	...

20004b78 <stdio_out_chars_crlf>:
20004b78:	b5f8      	push	{r3, r4, r5, r6, r7, lr}
20004b7a:	0007      	movs	r7, r0
20004b7c:	000d      	movs	r5, r1
20004b7e:	0016      	movs	r6, r2
20004b80:	7d43      	ldrb	r3, [r0, #21]
20004b82:	2b00      	cmp	r3, #0
20004b84:	d002      	beq.n	20004b8c <stdio_out_chars_crlf+0x14>
20004b86:	2400      	movs	r4, #0
20004b88:	2000      	movs	r0, #0
20004b8a:	e00c      	b.n	20004ba6 <stdio_out_chars_crlf+0x2e>
20004b8c:	6803      	ldr	r3, [r0, #0]
20004b8e:	0011      	movs	r1, r2
20004b90:	0028      	movs	r0, r5
20004b92:	4798      	blx	r3
20004b94:	e02d      	b.n	20004bf2 <stdio_out_chars_crlf+0x7a>
20004b96:	7d3b      	ldrb	r3, [r7, #20]
20004b98:	e010      	b.n	20004bbc <stdio_out_chars_crlf+0x44>
20004b9a:	2102      	movs	r1, #2
20004b9c:	4815      	ldr	r0, [pc, #84]	; (20004bf4 <stdio_out_chars_crlf+0x7c>)
20004b9e:	683b      	ldr	r3, [r7, #0]
20004ba0:	4798      	blx	r3
20004ba2:	1c60      	adds	r0, r4, #1
20004ba4:	3401      	adds	r4, #1
20004ba6:	42b4      	cmp	r4, r6
20004ba8:	da14      	bge.n	20004bd4 <stdio_out_chars_crlf+0x5c>
20004baa:	2c00      	cmp	r4, #0
20004bac:	ddf3      	ble.n	20004b96 <stdio_out_chars_crlf+0x1e>
20004bae:	192b      	adds	r3, r5, r4
20004bb0:	3b01      	subs	r3, #1
20004bb2:	781b      	ldrb	r3, [r3, #0]
20004bb4:	3b0d      	subs	r3, #13
20004bb6:	425a      	negs	r2, r3
20004bb8:	4153      	adcs	r3, r2
20004bba:	b2db      	uxtb	r3, r3
20004bbc:	5d2a      	ldrb	r2, [r5, r4]
20004bbe:	2a0a      	cmp	r2, #10
20004bc0:	d1f0      	bne.n	20004ba4 <stdio_out_chars_crlf+0x2c>
20004bc2:	2b00      	cmp	r3, #0
20004bc4:	d1ee      	bne.n	20004ba4 <stdio_out_chars_crlf+0x2c>
20004bc6:	42a0      	cmp	r0, r4
20004bc8:	dae7      	bge.n	20004b9a <stdio_out_chars_crlf+0x22>
20004bca:	1a21      	subs	r1, r4, r0
20004bcc:	1828      	adds	r0, r5, r0
20004bce:	683b      	ldr	r3, [r7, #0]
20004bd0:	4798      	blx	r3
20004bd2:	e7e2      	b.n	20004b9a <stdio_out_chars_crlf+0x22>
20004bd4:	42b0      	cmp	r0, r6
20004bd6:	da03      	bge.n	20004be0 <stdio_out_chars_crlf+0x68>
20004bd8:	1a31      	subs	r1, r6, r0
20004bda:	1828      	adds	r0, r5, r0
20004bdc:	683b      	ldr	r3, [r7, #0]
20004bde:	4798      	blx	r3
20004be0:	2e00      	cmp	r6, #0
20004be2:	dd06      	ble.n	20004bf2 <stdio_out_chars_crlf+0x7a>
20004be4:	19ad      	adds	r5, r5, r6
20004be6:	3d01      	subs	r5, #1
20004be8:	782b      	ldrb	r3, [r5, #0]
20004bea:	3b0d      	subs	r3, #13
20004bec:	425a      	negs	r2, r3
20004bee:	4153      	adcs	r3, r2
20004bf0:	753b      	strb	r3, [r7, #20]
20004bf2:	bdf8      	pop	{r3, r4, r5, r6, r7, pc}
20004bf4:	2000639c 	.word	0x2000639c

20004bf8 <stdio_stack_buffer_flush>:
20004bf8:	b570      	push	{r4, r5, r6, lr}
20004bfa:	0005      	movs	r5, r0
20004bfc:	6803      	ldr	r3, [r0, #0]
20004bfe:	2b00      	cmp	r3, #0
20004c00:	d016      	beq.n	20004c30 <stdio_stack_buffer_flush+0x38>
20004c02:	4b0c      	ldr	r3, [pc, #48]	; (20004c34 <stdio_stack_buffer_flush+0x3c>)
20004c04:	681c      	ldr	r4, [r3, #0]
20004c06:	e005      	b.n	20004c14 <stdio_stack_buffer_flush+0x1c>
20004c08:	0029      	movs	r1, r5
20004c0a:	c904      	ldmia	r1!, {r2}
20004c0c:	0020      	movs	r0, r4
20004c0e:	f7ff ffb3 	bl	20004b78 <stdio_out_chars_crlf>
20004c12:	6924      	ldr	r4, [r4, #16]
20004c14:	2c00      	cmp	r4, #0
20004c16:	d009      	beq.n	20004c2c <stdio_stack_buffer_flush+0x34>
20004c18:	6823      	ldr	r3, [r4, #0]
20004c1a:	2b00      	cmp	r3, #0
20004c1c:	d0f9      	beq.n	20004c12 <stdio_stack_buffer_flush+0x1a>
20004c1e:	4b06      	ldr	r3, [pc, #24]	; (20004c38 <stdio_stack_buffer_flush+0x40>)
20004c20:	681b      	ldr	r3, [r3, #0]
20004c22:	2b00      	cmp	r3, #0
20004c24:	d0f0      	beq.n	20004c08 <stdio_stack_buffer_flush+0x10>
20004c26:	42a3      	cmp	r3, r4
20004c28:	d1f3      	bne.n	20004c12 <stdio_stack_buffer_flush+0x1a>
20004c2a:	e7ed      	b.n	20004c08 <stdio_stack_buffer_flush+0x10>
20004c2c:	2300      	movs	r3, #0
20004c2e:	602b      	str	r3, [r5, #0]
20004c30:	bd70      	pop	{r4, r5, r6, pc}
20004c32:	46c0      	nop			; (mov r8, r8)
20004c34:	20007104 	.word	0x20007104
20004c38:	20007108 	.word	0x20007108

20004c3c <stdio_buffered_printer>:
20004c3c:	b570      	push	{r4, r5, r6, lr}
20004c3e:	0005      	movs	r5, r0
20004c40:	000c      	movs	r4, r1
20004c42:	680b      	ldr	r3, [r1, #0]
20004c44:	2b80      	cmp	r3, #128	; 0x80
20004c46:	d005      	beq.n	20004c54 <stdio_buffered_printer+0x18>
20004c48:	6821      	ldr	r1, [r4, #0]
20004c4a:	1c4b      	adds	r3, r1, #1
20004c4c:	6023      	str	r3, [r4, #0]
20004c4e:	1864      	adds	r4, r4, r1
20004c50:	7125      	strb	r5, [r4, #4]
20004c52:	bd70      	pop	{r4, r5, r6, pc}
20004c54:	0008      	movs	r0, r1
20004c56:	f7ff ffcf 	bl	20004bf8 <stdio_stack_buffer_flush>
20004c5a:	e7f5      	b.n	20004c48 <stdio_buffered_printer+0xc>

20004c5c <stdout_serialize_begin>:
20004c5c:	b510      	push	{r4, lr}
20004c5e:	f7fd f909 	bl	20001e74 <time_us_64>
20004c62:	0002      	movs	r2, r0
20004c64:	1e0b      	subs	r3, r1, #0
20004c66:	db0b      	blt.n	20004c80 <stdout_serialize_begin+0x24>
20004c68:	480d      	ldr	r0, [pc, #52]	; (20004ca0 <stdout_serialize_begin+0x44>)
20004c6a:	2100      	movs	r1, #0
20004c6c:	1812      	adds	r2, r2, r0
20004c6e:	414b      	adcs	r3, r1
20004c70:	2b00      	cmp	r3, #0
20004c72:	db0b      	blt.n	20004c8c <stdout_serialize_begin+0x30>
20004c74:	2b00      	cmp	r3, #0
20004c76:	db0d      	blt.n	20004c94 <stdout_serialize_begin+0x38>
20004c78:	480a      	ldr	r0, [pc, #40]	; (20004ca4 <stdout_serialize_begin+0x48>)
20004c7a:	f000 fb23 	bl	200052c4 <mutex_try_enter_block_until>
20004c7e:	bd10      	pop	{r4, pc}
20004c80:	4b09      	ldr	r3, [pc, #36]	; (20004ca8 <stdout_serialize_begin+0x4c>)
20004c82:	4a0a      	ldr	r2, [pc, #40]	; (20004cac <stdout_serialize_begin+0x50>)
20004c84:	213f      	movs	r1, #63	; 0x3f
20004c86:	480a      	ldr	r0, [pc, #40]	; (20004cb0 <stdout_serialize_begin+0x54>)
20004c88:	f7fd fed8 	bl	20002a3c <__assert_func>
20004c8c:	2201      	movs	r2, #1
20004c8e:	4252      	negs	r2, r2
20004c90:	4b08      	ldr	r3, [pc, #32]	; (20004cb4 <stdout_serialize_begin+0x58>)
20004c92:	e7ef      	b.n	20004c74 <stdout_serialize_begin+0x18>
20004c94:	4b04      	ldr	r3, [pc, #16]	; (20004ca8 <stdout_serialize_begin+0x4c>)
20004c96:	4a05      	ldr	r2, [pc, #20]	; (20004cac <stdout_serialize_begin+0x50>)
20004c98:	213f      	movs	r1, #63	; 0x3f
20004c9a:	4805      	ldr	r0, [pc, #20]	; (20004cb0 <stdout_serialize_begin+0x54>)
20004c9c:	f7fd fece 	bl	20002a3c <__assert_func>
20004ca0:	000f4240 	.word	0x000f4240
20004ca4:	20006640 	.word	0x20006640
20004ca8:	200057a0 	.word	0x200057a0
20004cac:	20006384 	.word	0x20006384
20004cb0:	200057bc 	.word	0x200057bc
20004cb4:	7fffffff 	.word	0x7fffffff

20004cb8 <stdout_serialize_end>:
20004cb8:	b510      	push	{r4, lr}
20004cba:	4802      	ldr	r0, [pc, #8]	; (20004cc4 <stdout_serialize_end+0xc>)
20004cbc:	f000 fb1c 	bl	200052f8 <mutex_exit>
20004cc0:	bd10      	pop	{r4, pc}
20004cc2:	46c0      	nop			; (mov r8, r8)
20004cc4:	20006640 	.word	0x20006640

20004cc8 <stdio_put_string>:
20004cc8:	b5f0      	push	{r4, r5, r6, r7, lr}
20004cca:	46ce      	mov	lr, r9
20004ccc:	4647      	mov	r7, r8
20004cce:	b580      	push	{r7, lr}
20004cd0:	b083      	sub	sp, #12
20004cd2:	0006      	movs	r6, r0
20004cd4:	000d      	movs	r5, r1
20004cd6:	4690      	mov	r8, r2
20004cd8:	001c      	movs	r4, r3
20004cda:	f7ff ffbf 	bl	20004c5c <stdout_serialize_begin>
20004cde:	4681      	mov	r9, r0
20004ce0:	1c6b      	adds	r3, r5, #1
20004ce2:	d005      	beq.n	20004cf0 <stdio_put_string+0x28>
20004ce4:	2c00      	cmp	r4, #0
20004ce6:	d008      	beq.n	20004cfa <stdio_put_string+0x32>
20004ce8:	4f19      	ldr	r7, [pc, #100]	; (20004d50 <stdio_put_string+0x88>)
20004cea:	4b1a      	ldr	r3, [pc, #104]	; (20004d54 <stdio_put_string+0x8c>)
20004cec:	681c      	ldr	r4, [r3, #0]
20004cee:	e007      	b.n	20004d00 <stdio_put_string+0x38>
20004cf0:	0030      	movs	r0, r6
20004cf2:	f000 fa49 	bl	20005188 <strlen>
20004cf6:	0005      	movs	r5, r0
20004cf8:	e7f4      	b.n	20004ce4 <stdio_put_string+0x1c>
20004cfa:	4f17      	ldr	r7, [pc, #92]	; (20004d58 <stdio_put_string+0x90>)
20004cfc:	e7f5      	b.n	20004cea <stdio_put_string+0x22>
20004cfe:	6924      	ldr	r4, [r4, #16]
20004d00:	2c00      	cmp	r4, #0
20004d02:	d017      	beq.n	20004d34 <stdio_put_string+0x6c>
20004d04:	6823      	ldr	r3, [r4, #0]
20004d06:	2b00      	cmp	r3, #0
20004d08:	d0f9      	beq.n	20004cfe <stdio_put_string+0x36>
20004d0a:	4b14      	ldr	r3, [pc, #80]	; (20004d5c <stdio_put_string+0x94>)
20004d0c:	681b      	ldr	r3, [r3, #0]
20004d0e:	2b00      	cmp	r3, #0
20004d10:	d001      	beq.n	20004d16 <stdio_put_string+0x4e>
20004d12:	42a3      	cmp	r3, r4
20004d14:	d1f3      	bne.n	20004cfe <stdio_put_string+0x36>
20004d16:	002a      	movs	r2, r5
20004d18:	0031      	movs	r1, r6
20004d1a:	0020      	movs	r0, r4
20004d1c:	47b8      	blx	r7
20004d1e:	4643      	mov	r3, r8
20004d20:	2b00      	cmp	r3, #0
20004d22:	d0ec      	beq.n	20004cfe <stdio_put_string+0x36>
20004d24:	466b      	mov	r3, sp
20004d26:	1dd9      	adds	r1, r3, #7
20004d28:	230a      	movs	r3, #10
20004d2a:	700b      	strb	r3, [r1, #0]
20004d2c:	2201      	movs	r2, #1
20004d2e:	0020      	movs	r0, r4
20004d30:	47b8      	blx	r7
20004d32:	e7e4      	b.n	20004cfe <stdio_put_string+0x36>
20004d34:	464b      	mov	r3, r9
20004d36:	2b00      	cmp	r3, #0
20004d38:	d107      	bne.n	20004d4a <stdio_put_string+0x82>
20004d3a:	1e6b      	subs	r3, r5, #1
20004d3c:	419d      	sbcs	r5, r3
20004d3e:	b2e8      	uxtb	r0, r5
20004d40:	b003      	add	sp, #12
20004d42:	bcc0      	pop	{r6, r7}
20004d44:	46b9      	mov	r9, r7
20004d46:	46b0      	mov	r8, r6
20004d48:	bdf0      	pop	{r4, r5, r6, r7, pc}
20004d4a:	f7ff ffb5 	bl	20004cb8 <stdout_serialize_end>
20004d4e:	e7f4      	b.n	20004d3a <stdio_put_string+0x72>
20004d50:	20004b69 	.word	0x20004b69
20004d54:	20007104 	.word	0x20007104
20004d58:	20004b79 	.word	0x20004b79
20004d5c:	20007108 	.word	0x20007108

20004d60 <stdio_flush>:
20004d60:	b510      	push	{r4, lr}
20004d62:	4b06      	ldr	r3, [pc, #24]	; (20004d7c <stdio_flush+0x1c>)
20004d64:	681c      	ldr	r4, [r3, #0]
20004d66:	e001      	b.n	20004d6c <stdio_flush+0xc>
20004d68:	4798      	blx	r3
20004d6a:	6924      	ldr	r4, [r4, #16]
20004d6c:	2c00      	cmp	r4, #0
20004d6e:	d003      	beq.n	20004d78 <stdio_flush+0x18>
20004d70:	6863      	ldr	r3, [r4, #4]
20004d72:	2b00      	cmp	r3, #0
20004d74:	d1f8      	bne.n	20004d68 <stdio_flush+0x8>
20004d76:	e7f8      	b.n	20004d6a <stdio_flush+0xa>
20004d78:	bd10      	pop	{r4, pc}
20004d7a:	46c0      	nop			; (mov r8, r8)
20004d7c:	20007104 	.word	0x20007104

20004d80 <__wrap_puts>:
20004d80:	b570      	push	{r4, r5, r6, lr}
20004d82:	0005      	movs	r5, r0
20004d84:	f000 fa00 	bl	20005188 <strlen>
20004d88:	0004      	movs	r4, r0
20004d8a:	2300      	movs	r3, #0
20004d8c:	2201      	movs	r2, #1
20004d8e:	0001      	movs	r1, r0
20004d90:	0028      	movs	r0, r5
20004d92:	f7ff ff99 	bl	20004cc8 <stdio_put_string>
20004d96:	f7ff ffe3 	bl	20004d60 <stdio_flush>
20004d9a:	0020      	movs	r0, r4
20004d9c:	bd70      	pop	{r4, r5, r6, pc}
	...

20004da0 <__wrap_vprintf>:
20004da0:	b570      	push	{r4, r5, r6, lr}
20004da2:	b0a2      	sub	sp, #136	; 0x88
20004da4:	0004      	movs	r4, r0
20004da6:	000e      	movs	r6, r1
20004da8:	f7ff ff58 	bl	20004c5c <stdout_serialize_begin>
20004dac:	0005      	movs	r5, r0
20004dae:	2300      	movs	r3, #0
20004db0:	9301      	str	r3, [sp, #4]
20004db2:	0033      	movs	r3, r6
20004db4:	0022      	movs	r2, r4
20004db6:	a901      	add	r1, sp, #4
20004db8:	4808      	ldr	r0, [pc, #32]	; (20004ddc <__wrap_vprintf+0x3c>)
20004dba:	f7fe ff81 	bl	20003cc0 <vfctprintf>
20004dbe:	0004      	movs	r4, r0
20004dc0:	a801      	add	r0, sp, #4
20004dc2:	f7ff ff19 	bl	20004bf8 <stdio_stack_buffer_flush>
20004dc6:	f7ff ffcb 	bl	20004d60 <stdio_flush>
20004dca:	2d00      	cmp	r5, #0
20004dcc:	d102      	bne.n	20004dd4 <__wrap_vprintf+0x34>
20004dce:	0020      	movs	r0, r4
20004dd0:	b022      	add	sp, #136	; 0x88
20004dd2:	bd70      	pop	{r4, r5, r6, pc}
20004dd4:	f7ff ff70 	bl	20004cb8 <stdout_serialize_end>
20004dd8:	e7f9      	b.n	20004dce <__wrap_vprintf+0x2e>
20004dda:	46c0      	nop			; (mov r8, r8)
20004ddc:	20004c3d 	.word	0x20004c3d

20004de0 <__wrap_printf>:
20004de0:	b40f      	push	{r0, r1, r2, r3}
20004de2:	b500      	push	{lr}
20004de4:	b083      	sub	sp, #12
20004de6:	a904      	add	r1, sp, #16
20004de8:	c901      	ldmia	r1!, {r0}
20004dea:	9101      	str	r1, [sp, #4]
20004dec:	f7ff ffd8 	bl	20004da0 <__wrap_vprintf>
20004df0:	b003      	add	sp, #12
20004df2:	bc08      	pop	{r3}
20004df4:	b004      	add	sp, #16
20004df6:	4718      	bx	r3

20004df8 <_retrieve_unique_id_on_boot>:
20004df8:	b510      	push	{r4, lr}
20004dfa:	4802      	ldr	r0, [pc, #8]	; (20004e04 <_retrieve_unique_id_on_boot+0xc>)
20004dfc:	f000 f80c 	bl	20004e18 <flash_get_unique_id>
20004e00:	bd10      	pop	{r4, pc}
20004e02:	46c0      	nop			; (mov r8, r8)
20004e04:	20007924 	.word	0x20007924

20004e08 <pico_get_unique_board_id>:
20004e08:	b510      	push	{r4, lr}
20004e0a:	2208      	movs	r2, #8
20004e0c:	4901      	ldr	r1, [pc, #4]	; (20004e14 <pico_get_unique_board_id+0xc>)
20004e0e:	f7ff fea5 	bl	20004b5c <__wrap___aeabi_memcpy>
20004e12:	bd10      	pop	{r4, pc}
20004e14:	20007924 	.word	0x20007924

20004e18 <flash_get_unique_id>:
20004e18:	b570      	push	{r4, r5, r6, lr}
20004e1a:	b088      	sub	sp, #32
20004e1c:	0004      	movs	r4, r0
20004e1e:	ad04      	add	r5, sp, #16
20004e20:	2600      	movs	r6, #0
20004e22:	9604      	str	r6, [sp, #16]
20004e24:	2209      	movs	r2, #9
20004e26:	2100      	movs	r1, #0
20004e28:	a805      	add	r0, sp, #20
20004e2a:	f7ff fe91 	bl	20004b50 <__wrap_memset>
20004e2e:	9600      	str	r6, [sp, #0]
20004e30:	2209      	movs	r2, #9
20004e32:	2100      	movs	r1, #0
20004e34:	a801      	add	r0, sp, #4
20004e36:	f7ff fe8b 	bl	20004b50 <__wrap_memset>
20004e3a:	234b      	movs	r3, #75	; 0x4b
20004e3c:	702b      	strb	r3, [r5, #0]
20004e3e:	220d      	movs	r2, #13
20004e40:	4669      	mov	r1, sp
20004e42:	0028      	movs	r0, r5
20004e44:	f000 fab2 	bl	200053ac <flash_do_cmd>
20004e48:	2300      	movs	r3, #0
20004e4a:	e004      	b.n	20004e56 <flash_get_unique_id+0x3e>
20004e4c:	1d5a      	adds	r2, r3, #5
20004e4e:	4669      	mov	r1, sp
20004e50:	5c8a      	ldrb	r2, [r1, r2]
20004e52:	54e2      	strb	r2, [r4, r3]
20004e54:	3301      	adds	r3, #1
20004e56:	2b07      	cmp	r3, #7
20004e58:	ddf8      	ble.n	20004e4c <flash_get_unique_id+0x34>
20004e5a:	b008      	add	sp, #32
20004e5c:	bd70      	pop	{r4, r5, r6, pc}
	...

20004e60 <adc_init>:
20004e60:	2301      	movs	r3, #1
20004e62:	4a08      	ldr	r2, [pc, #32]	; (20004e84 <adc_init+0x24>)
20004e64:	6013      	str	r3, [r2, #0]
20004e66:	4a08      	ldr	r2, [pc, #32]	; (20004e88 <adc_init+0x28>)
20004e68:	6013      	str	r3, [r2, #0]
20004e6a:	4b08      	ldr	r3, [pc, #32]	; (20004e8c <adc_init+0x2c>)
20004e6c:	689a      	ldr	r2, [r3, #8]
20004e6e:	2301      	movs	r3, #1
20004e70:	4393      	bics	r3, r2
20004e72:	d1fa      	bne.n	20004e6a <adc_init+0xa>
20004e74:	4b06      	ldr	r3, [pc, #24]	; (20004e90 <adc_init+0x30>)
20004e76:	2201      	movs	r2, #1
20004e78:	601a      	str	r2, [r3, #0]
20004e7a:	4b05      	ldr	r3, [pc, #20]	; (20004e90 <adc_init+0x30>)
20004e7c:	681b      	ldr	r3, [r3, #0]
20004e7e:	05db      	lsls	r3, r3, #23
20004e80:	d5fb      	bpl.n	20004e7a <adc_init+0x1a>
20004e82:	4770      	bx	lr
20004e84:	4000e000 	.word	0x4000e000
20004e88:	4000f000 	.word	0x4000f000
20004e8c:	4000c000 	.word	0x4000c000
20004e90:	4004c000 	.word	0x4004c000

20004e94 <_pio_can_add_program_at_offset>:
20004e94:	2305      	movs	r3, #5
20004e96:	56cb      	ldrsb	r3, [r1, r3]
20004e98:	2b00      	cmp	r3, #0
20004e9a:	db01      	blt.n	20004ea0 <_pio_can_add_program_at_offset+0xc>
20004e9c:	4293      	cmp	r3, r2
20004e9e:	d111      	bne.n	20004ec4 <_pio_can_add_program_at_offset+0x30>
20004ea0:	4b09      	ldr	r3, [pc, #36]	; (20004ec8 <_pio_can_add_program_at_offset+0x34>)
20004ea2:	469c      	mov	ip, r3
20004ea4:	4460      	add	r0, ip
20004ea6:	4243      	negs	r3, r0
20004ea8:	4158      	adcs	r0, r3
20004eaa:	0080      	lsls	r0, r0, #2
20004eac:	4b07      	ldr	r3, [pc, #28]	; (20004ecc <_pio_can_add_program_at_offset+0x38>)
20004eae:	58c0      	ldr	r0, [r0, r3]
20004eb0:	7909      	ldrb	r1, [r1, #4]
20004eb2:	2301      	movs	r3, #1
20004eb4:	408b      	lsls	r3, r1
20004eb6:	3b01      	subs	r3, #1
20004eb8:	4093      	lsls	r3, r2
20004eba:	4018      	ands	r0, r3
20004ebc:	4243      	negs	r3, r0
20004ebe:	4158      	adcs	r0, r3
20004ec0:	b2c0      	uxtb	r0, r0
20004ec2:	4770      	bx	lr
20004ec4:	2000      	movs	r0, #0
20004ec6:	e7fc      	b.n	20004ec2 <_pio_can_add_program_at_offset+0x2e>
20004ec8:	afd00000 	.word	0xafd00000
20004ecc:	2000677c 	.word	0x2000677c

20004ed0 <_pio_find_offset_for_program>:
20004ed0:	b570      	push	{r4, r5, r6, lr}
20004ed2:	790a      	ldrb	r2, [r1, #4]
20004ed4:	2a20      	cmp	r2, #32
20004ed6:	d819      	bhi.n	20004f0c <_pio_find_offset_for_program+0x3c>
20004ed8:	4b17      	ldr	r3, [pc, #92]	; (20004f38 <_pio_find_offset_for_program+0x68>)
20004eda:	469c      	mov	ip, r3
20004edc:	4460      	add	r0, ip
20004ede:	4243      	negs	r3, r0
20004ee0:	4158      	adcs	r0, r3
20004ee2:	0080      	lsls	r0, r0, #2
20004ee4:	4b15      	ldr	r3, [pc, #84]	; (20004f3c <_pio_find_offset_for_program+0x6c>)
20004ee6:	58c4      	ldr	r4, [r0, r3]
20004ee8:	2301      	movs	r3, #1
20004eea:	4093      	lsls	r3, r2
20004eec:	3b01      	subs	r3, #1
20004eee:	7949      	ldrb	r1, [r1, #5]
20004ef0:	b249      	sxtb	r1, r1
20004ef2:	2900      	cmp	r1, #0
20004ef4:	db10      	blt.n	20004f18 <_pio_find_offset_for_program+0x48>
20004ef6:	0008      	movs	r0, r1
20004ef8:	2520      	movs	r5, #32
20004efa:	1aaa      	subs	r2, r5, r2
20004efc:	4291      	cmp	r1, r2
20004efe:	dc18      	bgt.n	20004f32 <_pio_find_offset_for_program+0x62>
20004f00:	408b      	lsls	r3, r1
20004f02:	421c      	tst	r4, r3
20004f04:	d001      	beq.n	20004f0a <_pio_find_offset_for_program+0x3a>
20004f06:	2001      	movs	r0, #1
20004f08:	4240      	negs	r0, r0
20004f0a:	bd70      	pop	{r4, r5, r6, pc}
20004f0c:	4b0c      	ldr	r3, [pc, #48]	; (20004f40 <_pio_find_offset_for_program+0x70>)
20004f0e:	4a0d      	ldr	r2, [pc, #52]	; (20004f44 <_pio_find_offset_for_program+0x74>)
20004f10:	2140      	movs	r1, #64	; 0x40
20004f12:	480d      	ldr	r0, [pc, #52]	; (20004f48 <_pio_find_offset_for_program+0x78>)
20004f14:	f7fd fd92 	bl	20002a3c <__assert_func>
20004f18:	2020      	movs	r0, #32
20004f1a:	1a80      	subs	r0, r0, r2
20004f1c:	2800      	cmp	r0, #0
20004f1e:	db05      	blt.n	20004f2c <_pio_find_offset_for_program+0x5c>
20004f20:	001a      	movs	r2, r3
20004f22:	4082      	lsls	r2, r0
20004f24:	4214      	tst	r4, r2
20004f26:	d0f0      	beq.n	20004f0a <_pio_find_offset_for_program+0x3a>
20004f28:	3801      	subs	r0, #1
20004f2a:	e7f7      	b.n	20004f1c <_pio_find_offset_for_program+0x4c>
20004f2c:	2001      	movs	r0, #1
20004f2e:	4240      	negs	r0, r0
20004f30:	e7eb      	b.n	20004f0a <_pio_find_offset_for_program+0x3a>
20004f32:	2001      	movs	r0, #1
20004f34:	4240      	negs	r0, r0
20004f36:	e7e8      	b.n	20004f0a <_pio_find_offset_for_program+0x3a>
20004f38:	afd00000 	.word	0xafd00000
20004f3c:	2000677c 	.word	0x2000677c
20004f40:	20006508 	.word	0x20006508
20004f44:	20006584 	.word	0x20006584
20004f48:	20006534 	.word	0x20006534

20004f4c <_pio_add_program_at_offset>:
20004f4c:	b570      	push	{r4, r5, r6, lr}
20004f4e:	0005      	movs	r5, r0
20004f50:	000c      	movs	r4, r1
20004f52:	0016      	movs	r6, r2
20004f54:	f7ff ff9e 	bl	20004e94 <_pio_can_add_program_at_offset>
20004f58:	2800      	cmp	r0, #0
20004f5a:	d001      	beq.n	20004f60 <_pio_add_program_at_offset+0x14>
20004f5c:	2000      	movs	r0, #0
20004f5e:	e007      	b.n	20004f70 <_pio_add_program_at_offset+0x24>
20004f60:	4815      	ldr	r0, [pc, #84]	; (20004fb8 <_pio_add_program_at_offset+0x6c>)
20004f62:	f7fd fe05 	bl	20002b70 <panic>
20004f66:	1983      	adds	r3, r0, r6
20004f68:	3312      	adds	r3, #18
20004f6a:	009b      	lsls	r3, r3, #2
20004f6c:	515a      	str	r2, [r3, r5]
20004f6e:	3001      	adds	r0, #1
20004f70:	7923      	ldrb	r3, [r4, #4]
20004f72:	4283      	cmp	r3, r0
20004f74:	d90f      	bls.n	20004f96 <_pio_add_program_at_offset+0x4a>
20004f76:	7823      	ldrb	r3, [r4, #0]
20004f78:	7861      	ldrb	r1, [r4, #1]
20004f7a:	0209      	lsls	r1, r1, #8
20004f7c:	4319      	orrs	r1, r3
20004f7e:	78a2      	ldrb	r2, [r4, #2]
20004f80:	0412      	lsls	r2, r2, #16
20004f82:	4311      	orrs	r1, r2
20004f84:	78e3      	ldrb	r3, [r4, #3]
20004f86:	061b      	lsls	r3, r3, #24
20004f88:	430b      	orrs	r3, r1
20004f8a:	0042      	lsls	r2, r0, #1
20004f8c:	5a9a      	ldrh	r2, [r3, r2]
20004f8e:	0b53      	lsrs	r3, r2, #13
20004f90:	d1e9      	bne.n	20004f66 <_pio_add_program_at_offset+0x1a>
20004f92:	1992      	adds	r2, r2, r6
20004f94:	e7e7      	b.n	20004f66 <_pio_add_program_at_offset+0x1a>
20004f96:	2201      	movs	r2, #1
20004f98:	409a      	lsls	r2, r3
20004f9a:	0013      	movs	r3, r2
20004f9c:	3b01      	subs	r3, #1
20004f9e:	4a07      	ldr	r2, [pc, #28]	; (20004fbc <_pio_add_program_at_offset+0x70>)
20004fa0:	4694      	mov	ip, r2
20004fa2:	4465      	add	r5, ip
20004fa4:	426a      	negs	r2, r5
20004fa6:	4155      	adcs	r5, r2
20004fa8:	40b3      	lsls	r3, r6
20004faa:	4a05      	ldr	r2, [pc, #20]	; (20004fc0 <_pio_add_program_at_offset+0x74>)
20004fac:	00ad      	lsls	r5, r5, #2
20004fae:	58a9      	ldr	r1, [r5, r2]
20004fb0:	430b      	orrs	r3, r1
20004fb2:	50ab      	str	r3, [r5, r2]
20004fb4:	bd70      	pop	{r4, r5, r6, pc}
20004fb6:	46c0      	nop			; (mov r8, r8)
20004fb8:	20006570 	.word	0x20006570
20004fbc:	afd00000 	.word	0xafd00000
20004fc0:	2000677c 	.word	0x2000677c

20004fc4 <pio_add_program>:
20004fc4:	b5f8      	push	{r3, r4, r5, r6, r7, lr}
20004fc6:	0005      	movs	r5, r0
20004fc8:	000e      	movs	r6, r1
20004fca:	f7fb fedd 	bl	20000d88 <hw_claim_lock>
20004fce:	0007      	movs	r7, r0
20004fd0:	0031      	movs	r1, r6
20004fd2:	0028      	movs	r0, r5
20004fd4:	f7ff ff7c 	bl	20004ed0 <_pio_find_offset_for_program>
20004fd8:	1e04      	subs	r4, r0, #0
20004fda:	db09      	blt.n	20004ff0 <pio_add_program+0x2c>
20004fdc:	0002      	movs	r2, r0
20004fde:	0031      	movs	r1, r6
20004fe0:	0028      	movs	r0, r5
20004fe2:	f7ff ffb3 	bl	20004f4c <_pio_add_program_at_offset>
20004fe6:	0038      	movs	r0, r7
20004fe8:	f7fb feda 	bl	20000da0 <hw_claim_unlock>
20004fec:	0020      	movs	r0, r4
20004fee:	bdf8      	pop	{r3, r4, r5, r6, r7, pc}
20004ff0:	4801      	ldr	r0, [pc, #4]	; (20004ff8 <pio_add_program+0x34>)
20004ff2:	f7fd fdbd 	bl	20002b70 <panic>
20004ff6:	46c0      	nop			; (mov r8, r8)
20004ff8:	20006570 	.word	0x20006570

20004ffc <pio_sm_set_consecutive_pindirs>:
20004ffc:	b5f0      	push	{r4, r5, r6, r7, lr}
20004ffe:	46c6      	mov	lr, r8
20005000:	b500      	push	{lr}
20005002:	ac06      	add	r4, sp, #24
20005004:	7825      	ldrb	r5, [r4, #0]
20005006:	004c      	lsls	r4, r1, #1
20005008:	1866      	adds	r6, r4, r1
2000500a:	00f6      	lsls	r6, r6, #3
2000500c:	1986      	adds	r6, r0, r6
2000500e:	0037      	movs	r7, r6
20005010:	37dc      	adds	r7, #220	; 0xdc
20005012:	683f      	ldr	r7, [r7, #0]
20005014:	46bc      	mov	ip, r7
20005016:	36cc      	adds	r6, #204	; 0xcc
20005018:	6836      	ldr	r6, [r6, #0]
2000501a:	46b0      	mov	r8, r6
2000501c:	1864      	adds	r4, r4, r1
2000501e:	00e4      	lsls	r4, r4, #3
20005020:	34c8      	adds	r4, #200	; 0xc8
20005022:	1904      	adds	r4, r0, r4
20005024:	3404      	adds	r4, #4
20005026:	26c0      	movs	r6, #192	; 0xc0
20005028:	01b6      	lsls	r6, r6, #6
2000502a:	4334      	orrs	r4, r6
2000502c:	2680      	movs	r6, #128	; 0x80
2000502e:	02b6      	lsls	r6, r6, #10
20005030:	6026      	str	r6, [r4, #0]
20005032:	2d00      	cmp	r5, #0
20005034:	d001      	beq.n	2000503a <pio_sm_set_consecutive_pindirs+0x3e>
20005036:	261f      	movs	r6, #31
20005038:	e014      	b.n	20005064 <pio_sm_set_consecutive_pindirs+0x68>
2000503a:	2600      	movs	r6, #0
2000503c:	e012      	b.n	20005064 <pio_sm_set_consecutive_pindirs+0x68>
2000503e:	0154      	lsls	r4, r2, #5
20005040:	25a0      	movs	r5, #160	; 0xa0
20005042:	056d      	lsls	r5, r5, #21
20005044:	4325      	orrs	r5, r4
20005046:	004c      	lsls	r4, r1, #1
20005048:	1864      	adds	r4, r4, r1
2000504a:	00e4      	lsls	r4, r4, #3
2000504c:	1904      	adds	r4, r0, r4
2000504e:	0027      	movs	r7, r4
20005050:	37dc      	adds	r7, #220	; 0xdc
20005052:	603d      	str	r5, [r7, #0]
20005054:	4d11      	ldr	r5, [pc, #68]	; (2000509c <pio_sm_set_consecutive_pindirs+0xa0>)
20005056:	4335      	orrs	r5, r6
20005058:	34d8      	adds	r4, #216	; 0xd8
2000505a:	6025      	str	r5, [r4, #0]
2000505c:	3b05      	subs	r3, #5
2000505e:	3205      	adds	r2, #5
20005060:	241f      	movs	r4, #31
20005062:	4022      	ands	r2, r4
20005064:	2b05      	cmp	r3, #5
20005066:	d8ea      	bhi.n	2000503e <pio_sm_set_consecutive_pindirs+0x42>
20005068:	069b      	lsls	r3, r3, #26
2000506a:	0152      	lsls	r2, r2, #5
2000506c:	4313      	orrs	r3, r2
2000506e:	004c      	lsls	r4, r1, #1
20005070:	1862      	adds	r2, r4, r1
20005072:	00d2      	lsls	r2, r2, #3
20005074:	1882      	adds	r2, r0, r2
20005076:	0015      	movs	r5, r2
20005078:	35dc      	adds	r5, #220	; 0xdc
2000507a:	602b      	str	r3, [r5, #0]
2000507c:	4b07      	ldr	r3, [pc, #28]	; (2000509c <pio_sm_set_consecutive_pindirs+0xa0>)
2000507e:	431e      	orrs	r6, r3
20005080:	32d8      	adds	r2, #216	; 0xd8
20005082:	6016      	str	r6, [r2, #0]
20005084:	4663      	mov	r3, ip
20005086:	602b      	str	r3, [r5, #0]
20005088:	1861      	adds	r1, r4, r1
2000508a:	00c9      	lsls	r1, r1, #3
2000508c:	1840      	adds	r0, r0, r1
2000508e:	30cc      	adds	r0, #204	; 0xcc
20005090:	4643      	mov	r3, r8
20005092:	6003      	str	r3, [r0, #0]
20005094:	bc80      	pop	{r7}
20005096:	46b8      	mov	r8, r7
20005098:	bdf0      	pop	{r4, r5, r6, r7, pc}
2000509a:	46c0      	nop			; (mov r8, r8)
2000509c:	0000e080 	.word	0x0000e080

200050a0 <pio_sm_init>:
200050a0:	b570      	push	{r4, r5, r6, lr}
200050a2:	b08a      	sub	sp, #40	; 0x28
200050a4:	0004      	movs	r4, r0
200050a6:	000d      	movs	r5, r1
200050a8:	0016      	movs	r6, r2
200050aa:	6802      	ldr	r2, [r0, #0]
200050ac:	2101      	movs	r1, #1
200050ae:	40a9      	lsls	r1, r5
200050b0:	438a      	bics	r2, r1
200050b2:	6002      	str	r2, [r0, #0]
200050b4:	2b00      	cmp	r3, #0
200050b6:	d034      	beq.n	20005122 <pio_sm_init+0x82>
200050b8:	0069      	lsls	r1, r5, #1
200050ba:	1949      	adds	r1, r1, r5
200050bc:	00c9      	lsls	r1, r1, #3
200050be:	1841      	adds	r1, r0, r1
200050c0:	000a      	movs	r2, r1
200050c2:	32c8      	adds	r2, #200	; 0xc8
200050c4:	6818      	ldr	r0, [r3, #0]
200050c6:	6010      	str	r0, [r2, #0]
200050c8:	3204      	adds	r2, #4
200050ca:	6858      	ldr	r0, [r3, #4]
200050cc:	6010      	str	r0, [r2, #0]
200050ce:	3204      	adds	r2, #4
200050d0:	6898      	ldr	r0, [r3, #8]
200050d2:	6010      	str	r0, [r2, #0]
200050d4:	68db      	ldr	r3, [r3, #12]
200050d6:	31dc      	adds	r1, #220	; 0xdc
200050d8:	600b      	str	r3, [r1, #0]
200050da:	0069      	lsls	r1, r5, #1
200050dc:	194b      	adds	r3, r1, r5
200050de:	00db      	lsls	r3, r3, #3
200050e0:	33d0      	adds	r3, #208	; 0xd0
200050e2:	18e3      	adds	r3, r4, r3
200050e4:	2280      	movs	r2, #128	; 0x80
200050e6:	0152      	lsls	r2, r2, #5
200050e8:	4313      	orrs	r3, r2
200050ea:	2280      	movs	r2, #128	; 0x80
200050ec:	0612      	lsls	r2, r2, #24
200050ee:	601a      	str	r2, [r3, #0]
200050f0:	601a      	str	r2, [r3, #0]
200050f2:	4b23      	ldr	r3, [pc, #140]	; (20005180 <pio_sm_init+0xe0>)
200050f4:	40ab      	lsls	r3, r5
200050f6:	60a3      	str	r3, [r4, #8]
200050f8:	1d2b      	adds	r3, r5, #4
200050fa:	2201      	movs	r2, #1
200050fc:	0010      	movs	r0, r2
200050fe:	4098      	lsls	r0, r3
20005100:	2380      	movs	r3, #128	; 0x80
20005102:	019b      	lsls	r3, r3, #6
20005104:	4323      	orrs	r3, r4
20005106:	6018      	str	r0, [r3, #0]
20005108:	0028      	movs	r0, r5
2000510a:	3008      	adds	r0, #8
2000510c:	4082      	lsls	r2, r0
2000510e:	601a      	str	r2, [r3, #0]
20005110:	221f      	movs	r2, #31
20005112:	4016      	ands	r6, r2
20005114:	1949      	adds	r1, r1, r5
20005116:	00c9      	lsls	r1, r1, #3
20005118:	1864      	adds	r4, r4, r1
2000511a:	34d8      	adds	r4, #216	; 0xd8
2000511c:	6026      	str	r6, [r4, #0]
2000511e:	b00a      	add	sp, #40	; 0x28
20005120:	bd70      	pop	{r4, r5, r6, pc}
20005122:	2210      	movs	r2, #16
20005124:	2100      	movs	r1, #0
20005126:	a806      	add	r0, sp, #24
20005128:	f7ff fd12 	bl	20004b50 <__wrap_memset>
2000512c:	2380      	movs	r3, #128	; 0x80
2000512e:	025b      	lsls	r3, r3, #9
20005130:	9306      	str	r3, [sp, #24]
20005132:	23f8      	movs	r3, #248	; 0xf8
20005134:	025b      	lsls	r3, r3, #9
20005136:	9307      	str	r3, [sp, #28]
20005138:	2380      	movs	r3, #128	; 0x80
2000513a:	02db      	lsls	r3, r3, #11
2000513c:	9308      	str	r3, [sp, #32]
2000513e:	23c0      	movs	r3, #192	; 0xc0
20005140:	031b      	lsls	r3, r3, #12
20005142:	9308      	str	r3, [sp, #32]
20005144:	2210      	movs	r2, #16
20005146:	a906      	add	r1, sp, #24
20005148:	a802      	add	r0, sp, #8
2000514a:	f7ff fd07 	bl	20004b5c <__wrap___aeabi_memcpy>
2000514e:	006b      	lsls	r3, r5, #1
20005150:	195b      	adds	r3, r3, r5
20005152:	00db      	lsls	r3, r3, #3
20005154:	18e3      	adds	r3, r4, r3
20005156:	001a      	movs	r2, r3
20005158:	32c8      	adds	r2, #200	; 0xc8
2000515a:	9902      	ldr	r1, [sp, #8]
2000515c:	6011      	str	r1, [r2, #0]
2000515e:	9a03      	ldr	r2, [sp, #12]
20005160:	9201      	str	r2, [sp, #4]
20005162:	001a      	movs	r2, r3
20005164:	32cc      	adds	r2, #204	; 0xcc
20005166:	9901      	ldr	r1, [sp, #4]
20005168:	6011      	str	r1, [r2, #0]
2000516a:	9a04      	ldr	r2, [sp, #16]
2000516c:	9201      	str	r2, [sp, #4]
2000516e:	001a      	movs	r2, r3
20005170:	32d0      	adds	r2, #208	; 0xd0
20005172:	9901      	ldr	r1, [sp, #4]
20005174:	6011      	str	r1, [r2, #0]
20005176:	9a05      	ldr	r2, [sp, #20]
20005178:	33dc      	adds	r3, #220	; 0xdc
2000517a:	601a      	str	r2, [r3, #0]
2000517c:	e7ad      	b.n	200050da <pio_sm_init+0x3a>
2000517e:	46c0      	nop			; (mov r8, r8)
20005180:	01010101 	.word	0x01010101

20005184 <__aeabi_idiv0>:
20005184:	4770      	bx	lr
20005186:	46c0      	nop			; (mov r8, r8)

20005188 <strlen>:
20005188:	b510      	push	{r4, lr}
2000518a:	0783      	lsls	r3, r0, #30
2000518c:	d00a      	beq.n	200051a4 <strlen+0x1c>
2000518e:	0003      	movs	r3, r0
20005190:	2103      	movs	r1, #3
20005192:	e002      	b.n	2000519a <strlen+0x12>
20005194:	3301      	adds	r3, #1
20005196:	420b      	tst	r3, r1
20005198:	d005      	beq.n	200051a6 <strlen+0x1e>
2000519a:	781a      	ldrb	r2, [r3, #0]
2000519c:	2a00      	cmp	r2, #0
2000519e:	d1f9      	bne.n	20005194 <strlen+0xc>
200051a0:	1a18      	subs	r0, r3, r0
200051a2:	bd10      	pop	{r4, pc}
200051a4:	0003      	movs	r3, r0
200051a6:	6819      	ldr	r1, [r3, #0]
200051a8:	4a0c      	ldr	r2, [pc, #48]	; (200051dc <strlen+0x54>)
200051aa:	4c0d      	ldr	r4, [pc, #52]	; (200051e0 <strlen+0x58>)
200051ac:	188a      	adds	r2, r1, r2
200051ae:	438a      	bics	r2, r1
200051b0:	4222      	tst	r2, r4
200051b2:	d10f      	bne.n	200051d4 <strlen+0x4c>
200051b4:	6859      	ldr	r1, [r3, #4]
200051b6:	4a09      	ldr	r2, [pc, #36]	; (200051dc <strlen+0x54>)
200051b8:	3304      	adds	r3, #4
200051ba:	188a      	adds	r2, r1, r2
200051bc:	438a      	bics	r2, r1
200051be:	4222      	tst	r2, r4
200051c0:	d108      	bne.n	200051d4 <strlen+0x4c>
200051c2:	6859      	ldr	r1, [r3, #4]
200051c4:	4a05      	ldr	r2, [pc, #20]	; (200051dc <strlen+0x54>)
200051c6:	3304      	adds	r3, #4
200051c8:	188a      	adds	r2, r1, r2
200051ca:	438a      	bics	r2, r1
200051cc:	4222      	tst	r2, r4
200051ce:	d0f1      	beq.n	200051b4 <strlen+0x2c>
200051d0:	e000      	b.n	200051d4 <strlen+0x4c>
200051d2:	3301      	adds	r3, #1
200051d4:	781a      	ldrb	r2, [r3, #0]
200051d6:	2a00      	cmp	r2, #0
200051d8:	d1fb      	bne.n	200051d2 <strlen+0x4a>
200051da:	e7e1      	b.n	200051a0 <strlen+0x18>
200051dc:	fefefeff 	.word	0xfefefeff
200051e0:	80808080 	.word	0x80808080

200051e4 <_fini>:
200051e4:	b5f8      	push	{r3, r4, r5, r6, r7, lr}
200051e6:	46c0      	nop			; (mov r8, r8)

Disassembly of section .data:

200051f0 <mutex_try_enter>:
200051f0:	0003      	movs	r3, r0
200051f2:	6800      	ldr	r0, [r0, #0]
200051f4:	f3ef 8c10 	mrs	ip, PRIMASK
200051f8:	b672      	cpsid	i
200051fa:	6802      	ldr	r2, [r0, #0]
200051fc:	2a00      	cmp	r2, #0
200051fe:	d0fc      	beq.n	200051fa <mutex_try_enter+0xa>
20005200:	f3bf 8f5f 	dmb	sy
20005204:	2204      	movs	r2, #4
20005206:	569a      	ldrsb	r2, [r3, r2]
20005208:	2a00      	cmp	r2, #0
2000520a:	db0b      	blt.n	20005224 <mutex_try_enter+0x34>
2000520c:	2900      	cmp	r1, #0
2000520e:	d010      	beq.n	20005232 <mutex_try_enter+0x42>
20005210:	600a      	str	r2, [r1, #0]
20005212:	2000      	movs	r0, #0
20005214:	681b      	ldr	r3, [r3, #0]
20005216:	f3bf 8f5f 	dmb	sy
2000521a:	2200      	movs	r2, #0
2000521c:	601a      	str	r2, [r3, #0]
2000521e:	f38c 8810 	msr	PRIMASK, ip
20005222:	4770      	bx	lr
20005224:	22d0      	movs	r2, #208	; 0xd0
20005226:	0612      	lsls	r2, r2, #24
20005228:	7812      	ldrb	r2, [r2, #0]
2000522a:	b252      	sxtb	r2, r2
2000522c:	711a      	strb	r2, [r3, #4]
2000522e:	2001      	movs	r0, #1
20005230:	e7f0      	b.n	20005214 <mutex_try_enter+0x24>
20005232:	2000      	movs	r0, #0
20005234:	e7ee      	b.n	20005214 <mutex_try_enter+0x24>
	...

20005238 <mutex_enter_block_until>:
20005238:	b5f8      	push	{r3, r4, r5, r6, r7, lr}
2000523a:	46ce      	mov	lr, r9
2000523c:	4647      	mov	r7, r8
2000523e:	b580      	push	{r7, lr}
20005240:	0004      	movs	r4, r0
20005242:	0017      	movs	r7, r2
20005244:	4698      	mov	r8, r3
20005246:	6803      	ldr	r3, [r0, #0]
20005248:	2b00      	cmp	r3, #0
2000524a:	d020      	beq.n	2000528e <mutex_enter_block_until+0x56>
2000524c:	23d0      	movs	r3, #208	; 0xd0
2000524e:	061b      	lsls	r3, r3, #24
20005250:	781b      	ldrb	r3, [r3, #0]
20005252:	b25b      	sxtb	r3, r3
20005254:	4699      	mov	r9, r3
20005256:	6826      	ldr	r6, [r4, #0]
20005258:	f3ef 8c10 	mrs	ip, PRIMASK
2000525c:	b672      	cpsid	i
2000525e:	6835      	ldr	r5, [r6, #0]
20005260:	2d00      	cmp	r5, #0
20005262:	d0fc      	beq.n	2000525e <mutex_enter_block_until+0x26>
20005264:	f3bf 8f5f 	dmb	sy
20005268:	2504      	movs	r5, #4
2000526a:	5765      	ldrsb	r5, [r4, r5]
2000526c:	2d00      	cmp	r5, #0
2000526e:	db14      	blt.n	2000529a <mutex_enter_block_until+0x62>
20005270:	6823      	ldr	r3, [r4, #0]
20005272:	f3bf 8f5f 	dmb	sy
20005276:	2200      	movs	r2, #0
20005278:	601a      	str	r2, [r3, #0]
2000527a:	f38c 8810 	msr	PRIMASK, ip
2000527e:	0038      	movs	r0, r7
20005280:	4641      	mov	r1, r8
20005282:	f7fc fd4d 	bl	20001d20 <best_effort_wfe_or_timeout>
20005286:	2800      	cmp	r0, #0
20005288:	d0e5      	beq.n	20005256 <mutex_enter_block_until+0x1e>
2000528a:	2000      	movs	r0, #0
2000528c:	e00f      	b.n	200052ae <mutex_enter_block_until+0x76>
2000528e:	4b0a      	ldr	r3, [pc, #40]	; (200052b8 <mutex_enter_block_until+0x80>)
20005290:	4a0a      	ldr	r2, [pc, #40]	; (200052bc <mutex_enter_block_until+0x84>)
20005292:	2185      	movs	r1, #133	; 0x85
20005294:	480a      	ldr	r0, [pc, #40]	; (200052c0 <mutex_enter_block_until+0x88>)
20005296:	f7fd fbd1 	bl	20002a3c <__assert_func>
2000529a:	464b      	mov	r3, r9
2000529c:	7123      	strb	r3, [r4, #4]
2000529e:	6823      	ldr	r3, [r4, #0]
200052a0:	f3bf 8f5f 	dmb	sy
200052a4:	2200      	movs	r2, #0
200052a6:	601a      	str	r2, [r3, #0]
200052a8:	f38c 8810 	msr	PRIMASK, ip
200052ac:	2001      	movs	r0, #1
200052ae:	bcc0      	pop	{r6, r7}
200052b0:	46b9      	mov	r9, r7
200052b2:	46b0      	mov	r8, r6
200052b4:	bdf8      	pop	{r3, r4, r5, r6, r7, pc}
200052b6:	46c0      	nop			; (mov r8, r8)
200052b8:	2000578c 	.word	0x2000578c
200052bc:	20005844 	.word	0x20005844
200052c0:	20005758 	.word	0x20005758

200052c4 <mutex_try_enter_block_until>:
200052c4:	b570      	push	{r4, r5, r6, lr}
200052c6:	b082      	sub	sp, #8
200052c8:	0006      	movs	r6, r0
200052ca:	0015      	movs	r5, r2
200052cc:	001c      	movs	r4, r3
200052ce:	a901      	add	r1, sp, #4
200052d0:	f7ff ff8e 	bl	200051f0 <mutex_try_enter>
200052d4:	2800      	cmp	r0, #0
200052d6:	d107      	bne.n	200052e8 <mutex_try_enter_block_until+0x24>
200052d8:	9b01      	ldr	r3, [sp, #4]
200052da:	b25b      	sxtb	r3, r3
200052dc:	22d0      	movs	r2, #208	; 0xd0
200052de:	0612      	lsls	r2, r2, #24
200052e0:	7812      	ldrb	r2, [r2, #0]
200052e2:	b252      	sxtb	r2, r2
200052e4:	4293      	cmp	r3, r2
200052e6:	d101      	bne.n	200052ec <mutex_try_enter_block_until+0x28>
200052e8:	b002      	add	sp, #8
200052ea:	bd70      	pop	{r4, r5, r6, pc}
200052ec:	002a      	movs	r2, r5
200052ee:	0023      	movs	r3, r4
200052f0:	0030      	movs	r0, r6
200052f2:	f7ff ffa1 	bl	20005238 <mutex_enter_block_until>
200052f6:	e7f7      	b.n	200052e8 <mutex_try_enter_block_until+0x24>

200052f8 <mutex_exit>:
200052f8:	b510      	push	{r4, lr}
200052fa:	6802      	ldr	r2, [r0, #0]
200052fc:	f3ef 8110 	mrs	r1, PRIMASK
20005300:	b672      	cpsid	i
20005302:	6813      	ldr	r3, [r2, #0]
20005304:	2b00      	cmp	r3, #0
20005306:	d0fc      	beq.n	20005302 <mutex_exit+0xa>
20005308:	f3bf 8f5f 	dmb	sy
2000530c:	2304      	movs	r3, #4
2000530e:	56c3      	ldrsb	r3, [r0, r3]
20005310:	2b00      	cmp	r3, #0
20005312:	db0a      	blt.n	2000532a <mutex_exit+0x32>
20005314:	23ff      	movs	r3, #255	; 0xff
20005316:	7103      	strb	r3, [r0, #4]
20005318:	6803      	ldr	r3, [r0, #0]
2000531a:	f3bf 8f5f 	dmb	sy
2000531e:	2200      	movs	r2, #0
20005320:	601a      	str	r2, [r3, #0]
20005322:	f381 8810 	msr	PRIMASK, r1
20005326:	bf40      	sev
20005328:	bd10      	pop	{r4, pc}
2000532a:	4b03      	ldr	r3, [pc, #12]	; (20005338 <mutex_exit+0x40>)
2000532c:	4a03      	ldr	r2, [pc, #12]	; (2000533c <mutex_exit+0x44>)
2000532e:	21b4      	movs	r1, #180	; 0xb4
20005330:	4803      	ldr	r0, [pc, #12]	; (20005340 <mutex_exit+0x48>)
20005332:	f7fd fb83 	bl	20002a3c <__assert_func>
20005336:	46c0      	nop			; (mov r8, r8)
20005338:	20005800 	.word	0x20005800
2000533c:	20005838 	.word	0x20005838
20005340:	20005758 	.word	0x20005758

20005344 <flash_init_boot2_copyout>:
20005344:	4b09      	ldr	r3, [pc, #36]	; (2000536c <flash_init_boot2_copyout+0x28>)
20005346:	781b      	ldrb	r3, [r3, #0]
20005348:	2b00      	cmp	r3, #0
2000534a:	d008      	beq.n	2000535e <flash_init_boot2_copyout+0x1a>
2000534c:	e00c      	b.n	20005368 <flash_init_boot2_copyout+0x24>
2000534e:	009a      	lsls	r2, r3, #2
20005350:	2180      	movs	r1, #128	; 0x80
20005352:	0549      	lsls	r1, r1, #21
20005354:	1851      	adds	r1, r2, r1
20005356:	6808      	ldr	r0, [r1, #0]
20005358:	4905      	ldr	r1, [pc, #20]	; (20005370 <flash_init_boot2_copyout+0x2c>)
2000535a:	5050      	str	r0, [r2, r1]
2000535c:	3301      	adds	r3, #1
2000535e:	2b3f      	cmp	r3, #63	; 0x3f
20005360:	ddf5      	ble.n	2000534e <flash_init_boot2_copyout+0xa>
20005362:	4b02      	ldr	r3, [pc, #8]	; (2000536c <flash_init_boot2_copyout+0x28>)
20005364:	2201      	movs	r2, #1
20005366:	701a      	strb	r2, [r3, #0]
20005368:	4770      	bx	lr
2000536a:	46c0      	nop			; (mov r8, r8)
2000536c:	20007b56 	.word	0x20007b56
20005370:	2000679c 	.word	0x2000679c

20005374 <flash_enable_xip_via_boot2>:
20005374:	b510      	push	{r4, lr}
20005376:	4b02      	ldr	r3, [pc, #8]	; (20005380 <flash_enable_xip_via_boot2+0xc>)
20005378:	3301      	adds	r3, #1
2000537a:	4798      	blx	r3
2000537c:	bd10      	pop	{r4, pc}
2000537e:	46c0      	nop			; (mov r8, r8)
20005380:	2000679c 	.word	0x2000679c

20005384 <flash_cs_force>:
20005384:	2800      	cmp	r0, #0
20005386:	d00a      	beq.n	2000539e <flash_cs_force+0x1a>
20005388:	2303      	movs	r3, #3
2000538a:	021b      	lsls	r3, r3, #8
2000538c:	4a05      	ldr	r2, [pc, #20]	; (200053a4 <flash_cs_force+0x20>)
2000538e:	6812      	ldr	r2, [r2, #0]
20005390:	4053      	eors	r3, r2
20005392:	22c0      	movs	r2, #192	; 0xc0
20005394:	0092      	lsls	r2, r2, #2
20005396:	4013      	ands	r3, r2
20005398:	4a03      	ldr	r2, [pc, #12]	; (200053a8 <flash_cs_force+0x24>)
2000539a:	6013      	str	r3, [r2, #0]
2000539c:	4770      	bx	lr
2000539e:	2302      	movs	r3, #2
200053a0:	e7f3      	b.n	2000538a <flash_cs_force+0x6>
200053a2:	46c0      	nop			; (mov r8, r8)
200053a4:	4001800c 	.word	0x4001800c
200053a8:	4001900c 	.word	0x4001900c

200053ac <flash_do_cmd>:
200053ac:	b5f0      	push	{r4, r5, r6, r7, lr}
200053ae:	46d6      	mov	lr, sl
200053b0:	464f      	mov	r7, r9
200053b2:	4646      	mov	r6, r8
200053b4:	b5c0      	push	{r6, r7, lr}
200053b6:	0007      	movs	r7, r0
200053b8:	000e      	movs	r6, r1
200053ba:	0015      	movs	r5, r2
200053bc:	2318      	movs	r3, #24
200053be:	469a      	mov	sl, r3
200053c0:	881b      	ldrh	r3, [r3, #0]
200053c2:	2214      	movs	r2, #20
200053c4:	4690      	mov	r8, r2
200053c6:	8810      	ldrh	r0, [r2, #0]
200053c8:	4928      	ldr	r1, [pc, #160]	; (2000546c <flash_do_cmd+0xc0>)
200053ca:	4798      	blx	r3
200053cc:	4681      	mov	r9, r0
200053ce:	4653      	mov	r3, sl
200053d0:	881b      	ldrh	r3, [r3, #0]
200053d2:	4642      	mov	r2, r8
200053d4:	8810      	ldrh	r0, [r2, #0]
200053d6:	4926      	ldr	r1, [pc, #152]	; (20005470 <flash_do_cmd+0xc4>)
200053d8:	4798      	blx	r3
200053da:	0004      	movs	r4, r0
200053dc:	4653      	mov	r3, sl
200053de:	881b      	ldrh	r3, [r3, #0]
200053e0:	4642      	mov	r2, r8
200053e2:	8810      	ldrh	r0, [r2, #0]
200053e4:	4923      	ldr	r1, [pc, #140]	; (20005474 <flash_do_cmd+0xc8>)
200053e6:	4798      	blx	r3
200053e8:	4680      	mov	r8, r0
200053ea:	464b      	mov	r3, r9
200053ec:	2b00      	cmp	r3, #0
200053ee:	d00c      	beq.n	2000540a <flash_do_cmd+0x5e>
200053f0:	2c00      	cmp	r4, #0
200053f2:	d00a      	beq.n	2000540a <flash_do_cmd+0x5e>
200053f4:	2800      	cmp	r0, #0
200053f6:	d008      	beq.n	2000540a <flash_do_cmd+0x5e>
200053f8:	f7ff ffa4 	bl	20005344 <flash_init_boot2_copyout>
200053fc:	47c8      	blx	r9
200053fe:	47a0      	blx	r4
20005400:	2000      	movs	r0, #0
20005402:	f7ff ffbf 	bl	20005384 <flash_cs_force>
20005406:	002a      	movs	r2, r5
20005408:	e00f      	b.n	2000542a <flash_do_cmd+0x7e>
2000540a:	4b1b      	ldr	r3, [pc, #108]	; (20005478 <flash_do_cmd+0xcc>)
2000540c:	4a1b      	ldr	r2, [pc, #108]	; (2000547c <flash_do_cmd+0xd0>)
2000540e:	2180      	movs	r1, #128	; 0x80
20005410:	481b      	ldr	r0, [pc, #108]	; (20005480 <flash_do_cmd+0xd4>)
20005412:	f7fd fb13 	bl	20002a3c <__assert_func>
20005416:	2b00      	cmp	r3, #0
20005418:	d007      	beq.n	2000542a <flash_do_cmd+0x7e>
2000541a:	2a00      	cmp	r2, #0
2000541c:	d005      	beq.n	2000542a <flash_do_cmd+0x7e>
2000541e:	23c0      	movs	r3, #192	; 0xc0
20005420:	055b      	lsls	r3, r3, #21
20005422:	6e1b      	ldr	r3, [r3, #96]	; 0x60
20005424:	7033      	strb	r3, [r6, #0]
20005426:	3a01      	subs	r2, #1
20005428:	3601      	adds	r6, #1
2000542a:	002b      	movs	r3, r5
2000542c:	4313      	orrs	r3, r2
2000542e:	d012      	beq.n	20005456 <flash_do_cmd+0xaa>
20005430:	23c0      	movs	r3, #192	; 0xc0
20005432:	055b      	lsls	r3, r3, #21
20005434:	6a9c      	ldr	r4, [r3, #40]	; 0x28
20005436:	2308      	movs	r3, #8
20005438:	4023      	ands	r3, r4
2000543a:	07a1      	lsls	r1, r4, #30
2000543c:	d5eb      	bpl.n	20005416 <flash_do_cmd+0x6a>
2000543e:	2d00      	cmp	r5, #0
20005440:	d0e9      	beq.n	20005416 <flash_do_cmd+0x6a>
20005442:	1b51      	subs	r1, r2, r5
20005444:	290d      	cmp	r1, #13
20005446:	d8e6      	bhi.n	20005416 <flash_do_cmd+0x6a>
20005448:	7838      	ldrb	r0, [r7, #0]
2000544a:	21c0      	movs	r1, #192	; 0xc0
2000544c:	0549      	lsls	r1, r1, #21
2000544e:	6608      	str	r0, [r1, #96]	; 0x60
20005450:	3d01      	subs	r5, #1
20005452:	3701      	adds	r7, #1
20005454:	e7df      	b.n	20005416 <flash_do_cmd+0x6a>
20005456:	2001      	movs	r0, #1
20005458:	f7ff ff94 	bl	20005384 <flash_cs_force>
2000545c:	47c0      	blx	r8
2000545e:	f7ff ff89 	bl	20005374 <flash_enable_xip_via_boot2>
20005462:	bce0      	pop	{r5, r6, r7}
20005464:	46ba      	mov	sl, r7
20005466:	46b1      	mov	r9, r6
20005468:	46a8      	mov	r8, r5
2000546a:	bdf0      	pop	{r4, r5, r6, r7, pc}
2000546c:	00004649 	.word	0x00004649
20005470:	00005845 	.word	0x00005845
20005474:	00004346 	.word	0x00004346
20005478:	200064b8 	.word	0x200064b8
2000547c:	200064f8 	.word	0x200064f8
20005480:	200063cc 	.word	0x200063cc

20005484 <led_dac_fsm_program>:
20005484:	2000548c 0000ff0e                       .T. ....

2000548c <led_dac_fsm_program_instructions>:
2000548c:	20c4a0e1 7101e100 e00101e3 8080c006     ... ...q........
2000549c:	e10020c5 01ea7101 c006e001              . ...q......

200054a8 <led_sel_fsm_program>:
200054a8:	200054b0 0000ff0c                       .T. ....

200054b0 <led_sel_fsm_program_instructions>:
200054b0:	20832003 c004e001 a04620c6 80800086     . . ..... F.....
200054c0:	c0056005 e00039c6 746c6564 3d3e2061     .`...9..delta >=
200054d0:	30322d20 26203834 65642026 2061746c      -2048 && delta 
200054e0:	32203d3c 20363430 21202626 6c656428     <= 2046 && !(del
200054f0:	26206174 00293120 6d6f682f 69702f65     ta & 1)./home/pi
20005500:	6369702f 69702f6f 732d6f63 732f6b64     /pico/pico-sdk/s
20005510:	722f6372 635f3270 6f6d6d6f 61682f6e     rc/rp2_common/ha
20005520:	61776472 695f6572 692f7172 632e7172     rdware_irq/irq.c
20005530:	00000000 65642821 2061746c 31203e3e     ....!(delta >> 1
20005540:	00297531 72727563 20746e65 5f203d3d     1u).current == _
20005550:	686e755f 6c646e61 755f6465 5f726573     _unhandled_user_
20005560:	20717269 63207c7c 65727275 3d20746e     irq || current =
20005570:	6168203d 656c646e 00000072 5f717269     = handler...irq_
20005580:	646e6168 635f7265 6e696168 6572665f     hander_chain_fre
20005590:	6c735f65 685f746f 20646165 30203d3e     e_slot_head >= 0
200055a0:	00000000 62617476 685f656c 6c646e61     ....vtable_handl
200055b0:	3d207265 5f5f203d 61686e75 656c646e     er == __unhandle
200055c0:	73755f64 695f7265 00007172 28282821     d_user_irq..!(((
200055d0:	6e697528 72747074 7629745f 6c626174     (uintptr_t)vtabl
200055e0:	61685f65 656c646e 2d202972 75282820     e_handler) - ((u
200055f0:	70746e69 745f7274 71726929 6e61685f     intptr_t)irq_han
20005600:	72656c64 6168635f 735f6e69 73746f6c     dler_chain_slots
20005610:	202d2029 73252931 6f657a69 74732866     ) - 1)%sizeof(st
20005620:	74637572 71726920 6e61685f 72656c64     ruct irq_handler
20005630:	6168635f 735f6e69 29746f6c 00000029     _chain_slot))...
20005640:	63317830 203d3d20 6e692a28 3e297473     0x1c == (*inst)>
20005650:	7531313e 00000000 63786521 69747065     >11u....!excepti
20005660:	7c206e6f 7865207c 74706563 206e6f69     on || exception 
20005670:	6e203d3d 2b206d75 41545620 5f454c42     == num + VTABLE_
20005680:	53524946 52495f54 00000051 736c6166     FIRST_IRQ...fals
20005690:	00000065 735f7369 65726168 72695f64     e...is_shared_ir
200056a0:	61725f71 61685f77 656c646e 6c732872     q_raw_handler(sl
200056b0:	685f746f 6c646e61 00297265 65637865     ot_handler).exce
200056c0:	6f697470 0000006e 6e756f66 00000064     ption...found...

200056d0 <__func__.0>:
200056d0:	5f717269 5f646461 6c696174 5f6f745f     irq_add_tail_to_
200056e0:	65657266 73696c5f 00000074              free_list...

200056ec <__func__.1>:
200056ec:	65736e69 625f7472 636e6172 6e615f68     insert_branch_an
200056fc:	696c5f64 00006b6e                       d_link..

20005704 <__func__.2>:
20005704:	5f717269 6f6d6572 685f6576 6c646e61     irq_remove_handl
20005714:	00007265                                er..

20005718 <__func__.3>:
20005718:	656b616d 6172625f 0068636e              make_branch.

20005724 <__func__.4>:
20005724:	6f736572 5f65766c 6e617262 00006863     resolve_branch..

20005734 <__func__.6>:
20005734:	5f717269 5f746573 6c637865 76697375     irq_set_exclusiv
20005744:	61685f65 656c646e 00000072 61746f74     e_handler...tota
20005754:	0000006c 6d6f682f 69702f65 6369702f     l.../home/pi/pic
20005764:	69702f6f 732d6f63 732f6b64 632f6372     o/pico-sdk/src/c
20005774:	6f6d6d6f 69702f6e 735f6f63 2f636e79     ommon/pico_sync/
20005784:	6574756d 00632e78 2d78746d 726f633e     mutex.c.mtx->cor
20005794:	70732e65 6c5f6e69 006b636f 735f7375     e.spin_lock.us_s
200057a4:	65636e69 6f6f625f 3d3c2074 544e4920     ince_boot <= INT
200057b4:	4d5f3436 00005841 6d6f682f 69702f65     64_MAX../home/pi
200057c4:	6369702f 69702f6f 732d6f63 732f6b64     /pico/pico-sdk/s
200057d4:	632f6372 6f6d6d6f 69702f6e 625f6f63     rc/common/pico_b
200057e4:	2f657361 6c636e69 2f656475 6f636970     ase/include/pico
200057f4:	7079742f 682e7365 00000000 6b636f6c     /types.h....lock
20005804:	5f73695f 656e776f 64695f72 6c61765f     _is_owner_id_val
20005814:	6d286469 3e2d7874 656e776f 00002972     id(mtx->owner)..
20005824:	2d78746d 746e653e 635f7265 746e756f     mtx->enter_count
20005834:	00000000                                ....

20005838 <__func__.1>:
20005838:	6574756d 78655f78 00007469              mutex_exit..

20005844 <__func__.3>:
20005844:	6574756d 6e655f78 5f726574 636f6c62     mutex_enter_bloc
20005854:	6e755f6b 006c6974 3e2d7472 72616c61     k_until.rt->alar
20005864:	64695f6d 203d3d20 00006469 6d6f682f     m_id == id../hom
20005874:	69702f65 6369702f 69702f6f 732d6f63     e/pi/pico/pico-s
20005884:	732f6b64 632f6372 6f6d6d6f 69702f6e     dk/src/common/pi
20005894:	745f6f63 2f656d69 656d6974 0000632e     co_time/time.c..
200058a4:	26206469 64692026 203d3c20 6c6f6f70     id && id <= pool
200058b4:	65683e2d 3e2d7061 5f78616d 65646f6e     ->heap->max_node
200058c4:	00000073 26206469 64692026 203d3c20     s...id && id <= 
200058d4:	70616568 616d3e2d 6f6e5f78 00736564     heap->max_nodes.
200058e4:	6d6f682f 69702f65 6369702f 69702f6f     /home/pi/pico/pi
200058f4:	732d6f63 732f6b64 632f6372 6f6d6d6f     co-sdk/src/commo
20005904:	69702f6e 755f6f63 2f6c6974 6c636e69     n/pico_util/incl
20005914:	2f656475 6f636970 6974752f 68702f6c     ude/pico/util/ph
20005924:	2e706165 00000068 65726170 695f746e     eap.h...parent_i
20005934:	00000064 6c696863 64695f64 00000000     d...child_id....
20005944:	65726170 695f746e 3d212064 69686320     parent_id != chi
20005954:	695f646c 00000064 5f687021 746e6f63     ld_id...!ph_cont
20005964:	736e6961 646f6e5f 6f702865 3e2d6c6f     ains_node(pool->
20005974:	70616568 6572202c 5f657375 00296469     heap, reuse_id).
20005984:	6f6d6572 5f646576 3d206469 656e203d     removed_id == ne
20005994:	695f7478 00000064 6c6c6163 6b636162     xt_id...callback
200059a4:	00000000 6c6f6f70 6c613e2d 5f6d7261     ....pool->alarm_
200059b4:	705f6e69 72676f72 20737365 6d203d3d     in_progress == m
200059c4:	5f656b61 6c627570 695f6369 64692864     ake_public_id(id
200059d4:	6769685f 6e202c68 5f747865 00296469     _high, next_id).
200059e4:	26206469 70212026 6f635f68 6961746e     id && !ph_contai
200059f4:	6e5f736e 2865646f 70616568 6469202c     ns_node(heap, id
20005a04:	00000029 61656821 663e2d70 5f656572     )...!heap->free_
20005a14:	6c696174 0064695f 61666564 5f746c75     tail_id.default_
20005a24:	72616c61 6f705f6d 695f6c6f 6974696e     alarm_pool_initi
20005a34:	7a696c61 29286465 00000000 72616c61     alized()....alar
20005a44:	64695f6d 203d2120 6c6f6f70 6c613e2d     m_id != pool->al
20005a54:	5f6d7261 705f6e69 72676f72 00737365     arm_in_progress.
20005a64:	00006372 65747441 6574706d 6f742064     rc..Attempted to
20005a74:	656c7320 69207065 6469736e 666f2065      sleep inside of
20005a84:	206e6120 65637865 6f697470 6168206e      an exception ha
20005a94:	656c646e 75203b72 62206573 5f797375     ndler; use busy_
20005aa4:	74696177 20666920 20756f79 7473756d     wait if you must
20005ab4:	00000000                                ....

20005ab8 <__func__.1>:
20005ab8:	72616c61 6f705f6d 635f6c6f 65636e61     alarm_pool_cance
20005ac8:	6c615f6c 006d7261                       l_alarm.

20005ad0 <__func__.10>:
20005ad0:	61647075 755f6574 69735f73 5f65636e     update_us_since_
20005ae0:	746f6f62 00000000                       boot....

20005ae8 <__func__.11>:
20005ae8:	72616c61 6f705f6d 615f6c6f 6d72616c     alarm_pool_alarm
20005af8:	6c61635f 6361626c 0000006b              _callback...

20005b04 <__func__.12>:
20005b04:	5f746567 72746e65 00000079              get_entry...

20005b10 <__func__.3>:
20005b10:	72616c61 6f705f6d 675f6c6f 645f7465     alarm_pool_get_d
20005b20:	75616665 0000746c                       efault..

20005b28 <__func__.4>:
20005b28:	5f746567 72746e65 64695f79 6769685f     get_entry_id_hig
20005b38:	00000068                                h...

20005b3c <__func__.5>:
20005b3c:	665f6870 5f656572 65646f6e 00000000     ph_free_node....

20005b4c <__func__.6>:
20005b4c:	615f6870 635f6464 646c6968 646f6e5f     ph_add_child_nod
20005b5c:	00000065                                e...

20005b60 <__func__.7>:
20005b60:	695f6870 7265736e 6f6e5f74 00006564     ph_insert_node..

20005b70 <__func__.8>:
20005b70:	675f6870 6e5f7465 0065646f              ph_get_node.

20005b7c <__func__.9>:
20005b7c:	5f646461 72616c61 6e755f6d 5f726564     add_alarm_under_
20005b8c:	6b636f6c 00000000 64726148 65726177     lock....Hardware
20005b9c:	616c6120 25206d72 6c612064 64616572      alarm %d alread
20005bac:	6c632079 656d6961 00000064 656d6974     y claimed...time
20005bbc:	77685f72 6e693e2d 26207374 20753120     r_hw->ints & 1u 
20005bcc:	61203c3c 6d72616c 6d756e5f 00000000     << alarm_num....
20005bdc:	6d6f682f 69702f65 6369702f 69702f6f     /home/pi/pico/pi
20005bec:	732d6f63 732f6b64 722f6372 635f3270     co-sdk/src/rp2_c
20005bfc:	6f6d6d6f 61682f6e 61776472 745f6572     ommon/hardware_t
20005c0c:	72656d69 6d69742f 632e7265 00000000     imer/timer.c....

20005c1c <__func__.0>:
20005c1c:	64726168 65726177 616c615f 735f6d72     hardware_alarm_s
20005c2c:	745f7465 65677261 00000074              et_target...

20005c38 <__func__.1>:
20005c38:	61647075 755f6574 69735f73 5f65636e     update_us_since_
20005c48:	746f6f62 00000000 746f6f72 0064695f     boot....root_id.
20005c58:	6d6f682f 69702f65 6369702f 69702f6f     /home/pi/pico/pi
20005c68:	732d6f63 732f6b64 632f6372 6f6d6d6f     co-sdk/src/commo
20005c78:	69702f6e 755f6f63 2f6c6974 61656870     n/pico_util/phea
20005c88:	00632e70 5f687021 5f746567 65646f6e     p.c.!ph_get_node
20005c98:	61656828 72202c70 5f746f6f 2d296469     (heap, root_id)-
20005ca8:	6269733e 676e696c 00000000 5f687021     >sibling....!ph_
20005cb8:	5f746567 65646f6e 61656828 72202c70     get_node(heap, r
20005cc8:	5f746f6f 2d296469 7261703e 00746e65     oot_id)->parent.
20005cd8:	5f77656e 5f627573 65657274 203d2120     new_sub_tree != 
20005ce8:	70616568 6f723e2d 695f746f 00000064     heap->root_id...

20005cf8 <__func__.0>:
20005cf8:	725f6870 766f6d65 6e615f65 72665f64     ph_remove_and_fr
20005d08:	6e5f6565 0065646f                       ee_node.

20005d10 <__func__.1>:
20005d10:	725f6870 766f6d65 6e615f65 65685f79     ph_remove_any_he
20005d20:	00006461                                ad..

20005d24 <__func__.2>:
20005d24:	615f6870 635f6464 646c6968 646f6e5f     ph_add_child_nod
20005d34:	00000065                                e...

20005d38 <__func__.3>:
20005d38:	675f6870 6e5f7465 0065646f 5f637273     ph_get_node.src_
20005d48:	71657266 203d3e20 71657266 00000000     freq >= freq....
20005d58:	6d6f682f 69702f65 6369702f 69702f6f     /home/pi/pico/pi
20005d68:	732d6f63 732f6b64 722f6372 635f3270     co-sdk/src/rp2_c
20005d78:	6f6d6d6f 61682f6e 61776472 635f6572     ommon/hardware_c
20005d88:	6b636f6c 6c632f73 736b636f 0000632e     locks/clocks.c..

20005d98 <__func__.1>:
20005d98:	636f6c63 6f635f6b 6769666e 00657275     clock_configure.
20005da8:	5f6f6376 71657266 203d3e20 43495028     vco_freq >= (PIC
20005db8:	4c505f4f 43565f4c 494d5f4f 52465f4e     O_PLL_VCO_MIN_FR
20005dc8:	4b5f5145 2a205a48 5a484b20 26262029     EQ_KHZ * KHZ) &&
20005dd8:	6f637620 6572665f 3d3c2071 49502820      vco_freq <= (PI
20005de8:	505f4f43 565f4c4c 4d5f4f43 465f5841     CO_PLL_VCO_MAX_F
20005df8:	5f514552 205a484b 484b202a 0000295a     REQ_KHZ * KHZ)..
20005e08:	6d6f682f 69702f65 6369702f 69702f6f     /home/pi/pico/pi
20005e18:	732d6f63 732f6b64 722f6372 635f3270     co-sdk/src/rp2_c
20005e28:	6f6d6d6f 61682f6e 61776472 705f6572     ommon/hardware_p
20005e38:	702f6c6c 632e6c6c 00000000 69646266     ll/pll.c....fbdi
20005e48:	3d3e2076 20363120 66202626 76696462     v >= 16 && fbdiv
20005e58:	203d3c20 00303233 736f7028 69645f74      <= 320.(post_di
20005e68:	3e203176 2031203d 70202626 5f74736f     v1 >= 1 && post_
20005e78:	31766964 203d3c20 26202937 70282026     div1 <= 7) && (p
20005e88:	5f74736f 32766964 203d3e20 26262031     ost_div2 >= 1 &&
20005e98:	736f7020 69645f74 3c203276 2937203d      post_div2 <= 7)
20005ea8:	00000000 5f666572 71657266 203d3c20     ....ref_freq <= 
20005eb8:	6f637628 6572665f 202f2071 00293631     (vco_freq / 16).

20005ec8 <__func__.0>:
20005ec8:	5f6c6c70 74696e69 00000000 7566202c     pll_init...., fu
20005ed8:	6974636e 203a6e6f 00000000 65737361     nction: ....asse
20005ee8:	6f697472 2522206e 66202273 656c6961     rtion "%s" faile
20005ef8:	66203a64 20656c69 22732522 696c202c     d: file "%s", li
20005f08:	2520656e 25732564 00000a73 3d3d2031     ne %d%s%s...1 ==
20005f18:	69752820 7470746e 29745f72 733e2d6c      (uintptr_t)l->s
20005f28:	5f6e6970 6b636f6c 00000000 6d6f682f     pin_lock..../hom
20005f38:	69702f65 6369702f 69702f6f 732d6f63     e/pi/pico/pico-s
20005f48:	732f6b64 722f6372 635f3270 6f6d6d6f     dk/src/rp2_commo
20005f58:	69702f6e 725f6f63 69746e75 722f656d     n/pico_runtime/r
20005f68:	69746e75 632e656d 00000000 2a2a2a0a     untime.c.....***
20005f78:	4e415020 2a204349 000a2a2a 0000000a      PANIC ***......

20005f88 <__func__.2>:
20005f88:	746e7572 5f656d69 74696e69 00000000     runtime_init....
20005f98:	00696e66 2b696e66 00000000 006e616e     fni.fni+....nan.
20005fa8:	2d696e66 00000000 2000374a 200036fa     fni-....J7. .6. 
20005fb8:	200036fa 20003754 200036fa 200036fa     .6. T7. .6. .6. 
20005fc8:	200036fa 200036fa 200036fa 200036fa     .6. .6. .6. .6. 
20005fd8:	200036fa 20003740 200036fa 20003736     .6. @7. .6. 67. 
20005fe8:	200036fa 200036fa 2000372c 200037ec     .6. .6. ,7. .7. 
20005ff8:	20003812 2000382a 20003812 200037cc     .8. *8. .8. .7. 
20006008:	20003812 20003812 20003812 20003812     .8. .8. .8. .8. 
20006018:	20003812 20003812 20003812 20003808     .8. .8. .8. .8. 
20006028:	20003812 20003812 20003812 20003812     .8. .8. .8. .8. 
20006038:	20003812 20003836 20003c66 20003c7c     .8. 68. f<. |<. 
20006048:	20003c7c 20003c7c 20003c7c 20003c7c     |<. |<. |<. |<. 
20006058:	20003c7c 20003c7c 20003c7c 20003c7c     |<. |<. |<. |<. 
20006068:	20003c7c 20003c7c 20003c7c 20003c7c     |<. |<. |<. |<. 
20006078:	20003c7c 20003c7c 20003c7c 20003c7c     |<. |<. |<. |<. 
20006088:	20003c7c 20003c7c 20003c7c 20003c7c     |<. |<. |<. |<. 
20006098:	20003c7c 20003c7c 20003c7c 20003c7c     |<. |<. |<. |<. 
200060a8:	20003c7c 20003c7c 20003c7c 20003c7c     |<. |<. |<. |<. 
200060b8:	20003c7c 20003c7c 20003a8e 20003a4e     |<. |<. .:. N:. 
200060c8:	20003a8e 20003c7c 20003c7c 20003c7c     .:. |<. |<. |<. 
200060d8:	20003c7c 20003c7c 20003c7c 20003c7c     |<. |<. |<. |<. 
200060e8:	20003c7c 20003c7c 20003c7c 20003c7c     |<. |<. |<. |<. 
200060f8:	20003c7c 20003c7c 20003c7c 20003c7c     |<. |<. |<. |<. 
20006108:	20003c7c 20003842 20003c7c 20003c7c     |<. B8. |<. |<. 
20006118:	20003c7c 20003c7c 20003c7c 20003c7c     |<. |<. |<. |<. 
20006128:	20003c7c 20003c7c 20003c7c 20003842     |<. |<. |<. B8. 
20006138:	20003ade 20003842 20003a8e 20003a4e     .:. B8. .:. N:. 
20006148:	20003a8e 20003c7c 20003842 20003c7c     .:. |<. B8. |<. 
20006158:	20003c7c 20003c7c 20003c7c 20003c7c     |<. |<. |<. |<. 
20006168:	20003842 20003c30 20003c7c 20003c7c     B8. 0<. |<. |<. 
20006178:	20003b56 20003c7c 20003842 20003c7c     V;. |<. B8. |<. 
20006188:	20003c7c 20003842                       |<. B8. 

20006190 <pow10.0>:
20006190:	00000000 3ff00000 00000000 40240000     .......?......$@
200061a0:	00000000 40590000 00000000 408f4000     ......Y@.....@.@
200061b0:	00000000 40c38800 00000000 40f86a00     .......@.....j.@
200061c0:	00000000 412e8480 00000000 416312d0     .......A......cA
200061d0:	00000000 4197d784 00000000 41cdcd65     .......A....e..A
200061e0:	7528282a 38746e69 2a20745f 6d6f7229     *((uint8_t *)rom
200061f0:	7461645f 6f6c5f61 70756b6f 6d6f7228     _data_lookup(rom
20006200:	6261745f 635f656c 2865646f 2c275327     _table_code('S',
20006210:	27462720 322d2929 202a2029 3d3e2034      'F'))-2) * 4 >=
20006220:	5f465320 4c424154 32565f45 5a49535f      SF_TABLE_V2_SIZ
20006230:	00000045 6d6f682f 69702f65 6369702f     E.../home/pi/pic
20006240:	69702f6f 732d6f63 732f6b64 722f6372     o/pico-sdk/src/r
20006250:	635f3270 6f6d6d6f 69702f6e 645f6f63     p2_common/pico_d
20006260:	6c62756f 6f642f65 656c6275 696e695f     ouble/double_ini
20006270:	6f725f74 00632e6d                       t_rom.c.

20006278 <__func__.0>:
20006278:	65615f5f 5f696261 62756f64 695f656c     __aeabi_double_i
20006288:	0074696e 7528282a 38746e69 2a20745f     nit.*((uint8_t *
20006298:	6d6f7229 6261745f 322d656c 202a2029     )rom_table-2) * 
200062a8:	3d3e2034 5f465320 4c424154 32565f45     4 >= SF_TABLE_V2
200062b8:	5a49535f 00000045 6d6f682f 69702f65     _SIZE.../home/pi
200062c8:	6369702f 69702f6f 732d6f63 732f6b64     /pico/pico-sdk/s
200062d8:	722f6372 635f3270 6f6d6d6f 69702f6e     rc/rp2_common/pi
200062e8:	665f6f63 74616f6c 6f6c662f 695f7461     co_float/float_i
200062f8:	5f74696e 2e6d6f72 00000063              nit_rom.c...

20006304 <__func__.0>:
20006304:	65615f5f 5f696261 616f6c66 6e695f74     __aeabi_float_in
20006314:	00007469 75626544 00000067 746f6f62     it..Debug...boot
20006324:	32775f32 38307135 00000030 2e352e31     2_w25q080...1.5.
20006334:	00000031 6f636970 00000000 42637253     1...pico....SrcB
20006344:	6472616f 6d726946 65726177 00000000     oardFirmware....
20006354:	206c754a 32203033 00343230              Jul 30 2024.

20006360 <__bi_44>:
20006360:	50520006 b63cffbb 20006338              ..RP..<.8c. 

2000636c <__bi_75>:
2000636c:	50520006 7f8882e1 20006320              ..RP.... c. 

20006378 <__bi_81>:
20006378:	50520006 4275f0d3 20006318              ..RP..uB.c. 

20006384 <__func__.3>:
20006384:	61647075 755f6574 69735f73 5f65636e     update_us_since_
20006394:	746f6f62 00000000                       boot....

2000639c <crlf_str.2>:
2000639c:	00000a0d 73616c66 666f5f68 2b207366     ....flash_offs +
200063ac:	756f6320 3c20746e 4950203d 465f4f43      count <= PICO_F
200063bc:	4853414c 5a49535f 59425f45 00534554     LASH_SIZE_BYTES.
200063cc:	6d6f682f 69702f65 6369702f 69702f6f     /home/pi/pico/pi
200063dc:	732d6f63 732f6b64 722f6372 635f3270     co-sdk/src/rp2_c
200063ec:	6f6d6d6f 61682f6e 61776472 665f6572     ommon/hardware_f
200063fc:	6873616c 616c662f 632e6873 00000000     lash/flash.c....
2000640c:	6e6e6f63 5f746365 65746e69 6c616e72     connect_internal
2000641c:	616c665f 26206873 6c662026 5f687361     _flash && flash_
2000642c:	74697865 7069785f 20262620 73616c66     exit_xip && flas
2000643c:	61725f68 5f65676e 73617265 26262065     h_range_erase &&
2000644c:	616c6620 665f6873 6873756c 6361635f      flash_flush_cac
2000645c:	00006568 6e6e6f63 5f746365 65746e69     he..connect_inte
2000646c:	6c616e72 616c665f 26206873 6c662026     rnal_flash && fl
2000647c:	5f687361 74697865 7069785f 20262620     ash_exit_xip && 
2000648c:	73616c66 61725f68 5f65676e 676f7270     flash_range_prog
2000649c:	206d6172 66202626 6873616c 756c665f     ram && flash_flu
200064ac:	635f6873 65686361 00000000 6e6e6f63     sh_cache....conn
200064bc:	5f746365 65746e69 6c616e72 616c665f     ect_internal_fla
200064cc:	26206873 6c662026 5f687361 74697865     sh && flash_exit
200064dc:	7069785f 20262620 73616c66 6c665f68     _xip && flash_fl
200064ec:	5f687375 68636163 00000065              ush_cache...

200064f8 <__func__.0>:
200064f8:	73616c66 6f645f68 646d635f 00000000     flash_do_cmd....
20006508:	676f7270 2d6d6172 6e656c3e 20687467     program->length 
20006518:	50203d3c 495f4f49 5254534e 49544355     <= PIO_INSTRUCTI
20006528:	435f4e4f 544e554f 00000000 6d6f682f     ON_COUNT..../hom
20006538:	69702f65 6369702f 69702f6f 732d6f63     e/pi/pico/pico-s
20006548:	732f6b64 722f6372 635f3270 6f6d6d6f     dk/src/rp2_commo
20006558:	61682f6e 61776472 705f6572 702f6f69     n/hardware_pio/p
20006568:	632e6f69 00000000 70206f4e 72676f72     io.c....No progr
20006578:	73206d61 65636170 00000000              am space....

20006584 <__func__.1>:
20006584:	6f69705f 6e69665f 666f5f64 74657366     _pio_find_offset
20006594:	726f665f 6f72705f 6d617267 00000000     _for_program....

200065a4 <man_led_sel_state>:
200065a4:	                                         0.

200065a6 <striped_spin_lock_num>:
200065a6:	                                         ..

200065a8 <irq_handler_chain_slots>:
200065a8:	00000000 	.word	0x00000000
200065ac:	00010000 	.word	0x00010000
	...
200065b8:	00020000 	.word	0x00020000
	...
200065c4:	00030000 	.word	0x00030000
	...
200065d0:	00ff0000 	.word	0x00ff0000
200065d4:	00000000 	.word	0x00000000

200065d8 <irq_handler_chain_first_slot>:
200065d8:	b501      	push	{r0, lr}
200065da:	6848      	ldr	r0, [r1, #4]
200065dc:	3101      	adds	r1, #1
200065de:	468e      	mov	lr, r1
200065e0:	4700      	bx	r0

200065e2 <irq_handler_chain_remove_tail>:
200065e2:	4670      	mov	r0, lr
200065e4:	3809      	subs	r0, #9
200065e6:	4901      	ldr	r1, [pc, #4]	; (200065ec <irq_handler_chain_remove_tail+0xa>)
200065e8:	4788      	blx	r1
200065ea:	bd01      	pop	{r0, pc}
200065ec:	2000112d 	.word	0x2000112d

200065f0 <default_alarm_pool>:
200065f0:	20006608 00000000 20006660 200070c4     .f. ....`f. .p. 
	...

20006608 <default_alarm_pool_heap>:
20006608:	200070d4 00000000 00000000 00000010     .p. ............
	...

20006620 <aeabi_bits_funcs>:
20006620:	00003350 	.word	0x00003350
20006624:	0000334c 	.word	0x0000334c
20006628:	00003354 	.word	0x00003354
2000662c:	00003352 	.word	0x00003352

20006630 <aeabi_bits_funcs_end>:
20006630:	0000534d 	.word	0x0000534d
20006634:	0000434d 	.word	0x0000434d
20006638:	00003453 	.word	0x00003453
2000663c:	00003443 	.word	0x00003443

20006640 <print_mutex>:
	...

20006648 <__mutex_array_end>:
20006648:	20004b41 	.word	0x20004b41
2000664c:	20003ce1 	.word	0x20003ce1
20006650:	200043e1 	.word	0x200043e1
20006654:	20004a11 	.word	0x20004a11

20006658 <__frame_dummy_init_array_entry>:
20006658:	20000139 20004df9                       9.. .M. 
