
/home/pi/NN2022Code/DetBoardFirmware18bit/build/DetBoardFirmware.elf:     file format elf32-littlearm

Sections:
Idx Name          Size      VMA       LMA       File off  Algn
  0 .boot2        00000100  10000000  10000000  00001000  2**0
                  CONTENTS, ALLOC, LOAD, READONLY, CODE
  1 .flashtext    000001d8  10000100  10000100  00001100  2**3
                  CONTENTS, ALLOC, LOAD, READONLY, CODE
  2 .rodata       00000000  100002d8  100002d8  00007ee0  2**0
                  CONTENTS, ALLOC, LOAD, DATA
  3 .binary_info  0000001c  100002d8  100002d8  000012d8  2**2
                  CONTENTS, ALLOC, LOAD, READONLY, DATA
  4 .ram_vector_table 000000c0  20000000  20000000  00008000  2**2
                  ALLOC
  5 .text         0000496c  200000c0  100002f4  000020c0  2**2
                  CONTENTS, ALLOC, LOAD, READONLY, CODE
  6 .data         000014b0  20004a30  10004c60  00006a30  2**4
                  CONTENTS, ALLOC, LOAD, CODE
  7 .uninitialized_data 00000000  20005ee0  20005ee0  00007ee0  2**0
                  CONTENTS
  8 .scratch_x    00000000  20040000  20040000  00007ee0  2**0
                  CONTENTS
  9 .scratch_y    00000000  20041000  20041000  00007ee0  2**0
                  CONTENTS
 10 .bss          000004dc  20005ee0  20005ee0  00007ee0  2**3
                  ALLOC
 11 .heap         00000800  200063bc  200063bc  00007ee0  2**2
                  CONTENTS, READONLY
 12 .stack_dummy  00000800  20041000  20041000  000086e0  2**5
                  CONTENTS, READONLY
 13 .ARM.attributes 00000028  00000000  00000000  00008ee0  2**0
                  CONTENTS, READONLY
 14 .comment      00000033  00000000  00000000  00008f08  2**0
                  CONTENTS, READONLY
 15 .debug_info   0001bc35  00000000  00000000  00008f3b  2**0
                  CONTENTS, READONLY, DEBUGGING, OCTETS
 16 .debug_abbrev 00004bae  00000000  00000000  00024b70  2**0
                  CONTENTS, READONLY, DEBUGGING, OCTETS
 17 .debug_loc    00012f7c  00000000  00000000  0002971e  2**0
                  CONTENTS, READONLY, DEBUGGING, OCTETS
 18 .debug_aranges 00000ef0  00000000  00000000  0003c6a0  2**3
                  CONTENTS, READONLY, DEBUGGING, OCTETS
 19 .debug_ranges 000041c0  00000000  00000000  0003d590  2**3
                  CONTENTS, READONLY, DEBUGGING, OCTETS
 20 .debug_line   0000f9de  00000000  00000000  00041750  2**0
                  CONTENTS, READONLY, DEBUGGING, OCTETS
 21 .debug_str    000046de  00000000  00000000  0005112e  2**0
                  CONTENTS, READONLY, DEBUGGING, OCTETS
 22 .debug_frame  00001c98  00000000  00000000  0005580c  2**2
                  CONTENTS, READONLY, DEBUGGING, OCTETS

/home/pi/NN2022Code/DetBoardFirmware18bit/build/DetBoardFirmware.elf:     file format elf32-littlearm


Disassembly of section .boot2:

10000000 <__boot2_start__>:
10000000:	4b32b500 	.word	0x4b32b500
10000004:	60582021 	.word	0x60582021
10000008:	21026898 	.word	0x21026898
1000000c:	60984388 	.word	0x60984388
10000010:	611860d8 	.word	0x611860d8
10000014:	4b2e6158 	.word	0x4b2e6158
10000018:	60992100 	.word	0x60992100
1000001c:	61592104 	.word	0x61592104
10000020:	22f02101 	.word	0x22f02101
10000024:	492b5099 	.word	0x492b5099
10000028:	21016019 	.word	0x21016019
1000002c:	20356099 	.word	0x20356099
10000030:	f844f000 	.word	0xf844f000
10000034:	42902202 	.word	0x42902202
10000038:	2106d014 	.word	0x2106d014
1000003c:	f0006619 	.word	0xf0006619
10000040:	6e19f834 	.word	0x6e19f834
10000044:	66192101 	.word	0x66192101
10000048:	66182000 	.word	0x66182000
1000004c:	f000661a 	.word	0xf000661a
10000050:	6e19f82c 	.word	0x6e19f82c
10000054:	6e196e19 	.word	0x6e196e19
10000058:	f0002005 	.word	0xf0002005
1000005c:	2101f82f 	.word	0x2101f82f
10000060:	d1f94208 	.word	0xd1f94208
10000064:	60992100 	.word	0x60992100
10000068:	6019491b 	.word	0x6019491b
1000006c:	60592100 	.word	0x60592100
10000070:	481b491a 	.word	0x481b491a
10000074:	21016001 	.word	0x21016001
10000078:	21eb6099 	.word	0x21eb6099
1000007c:	21a06619 	.word	0x21a06619
10000080:	f0006619 	.word	0xf0006619
10000084:	2100f812 	.word	0x2100f812
10000088:	49166099 	.word	0x49166099
1000008c:	60014814 	.word	0x60014814
10000090:	60992101 	.word	0x60992101
10000094:	2800bc01 	.word	0x2800bc01
10000098:	4700d000 	.word	0x4700d000
1000009c:	49134812 	.word	0x49134812
100000a0:	c8036008 	.word	0xc8036008
100000a4:	8808f380 	.word	0x8808f380
100000a8:	b5034708 	.word	0xb5034708
100000ac:	20046a99 	.word	0x20046a99
100000b0:	d0fb4201 	.word	0xd0fb4201
100000b4:	42012001 	.word	0x42012001
100000b8:	bd03d1f8 	.word	0xbd03d1f8
100000bc:	6618b502 	.word	0x6618b502
100000c0:	f7ff6618 	.word	0xf7ff6618
100000c4:	6e18fff2 	.word	0x6e18fff2
100000c8:	bd026e18 	.word	0xbd026e18
100000cc:	40020000 	.word	0x40020000
100000d0:	18000000 	.word	0x18000000
100000d4:	00070000 	.word	0x00070000
100000d8:	005f0300 	.word	0x005f0300
100000dc:	00002221 	.word	0x00002221
100000e0:	180000f4 	.word	0x180000f4
100000e4:	a0002022 	.word	0xa0002022
100000e8:	10000100 	.word	0x10000100
100000ec:	e000ed08 	.word	0xe000ed08
	...
100000fc:	d58f0b07 	.word	0xd58f0b07

Disassembly of section .flashtext:

10000100 <__VECTOR_TABLE>:
10000100:	20042000 	.word	0x20042000
10000104:	100001f7 	.word	0x100001f7
10000108:	100001c3 	.word	0x100001c3
1000010c:	100001c5 	.word	0x100001c5
10000110:	100001c1 	.word	0x100001c1
10000114:	100001c1 	.word	0x100001c1
10000118:	100001c1 	.word	0x100001c1
1000011c:	100001c1 	.word	0x100001c1
10000120:	100001c1 	.word	0x100001c1
10000124:	100001c1 	.word	0x100001c1
10000128:	100001c1 	.word	0x100001c1
1000012c:	100001c7 	.word	0x100001c7
10000130:	100001c1 	.word	0x100001c1
10000134:	100001c1 	.word	0x100001c1
10000138:	100001c9 	.word	0x100001c9
1000013c:	100001cb 	.word	0x100001cb
10000140:	100001cd 	.word	0x100001cd
10000144:	100001cd 	.word	0x100001cd
10000148:	100001cd 	.word	0x100001cd
1000014c:	100001cd 	.word	0x100001cd
10000150:	100001cd 	.word	0x100001cd
10000154:	100001cd 	.word	0x100001cd
10000158:	100001cd 	.word	0x100001cd
1000015c:	100001cd 	.word	0x100001cd
10000160:	100001cd 	.word	0x100001cd
10000164:	100001cd 	.word	0x100001cd
10000168:	100001cd 	.word	0x100001cd
1000016c:	100001cd 	.word	0x100001cd
10000170:	100001cd 	.word	0x100001cd
10000174:	100001cd 	.word	0x100001cd
10000178:	100001cd 	.word	0x100001cd
1000017c:	100001cd 	.word	0x100001cd
10000180:	100001cd 	.word	0x100001cd
10000184:	100001cd 	.word	0x100001cd
10000188:	100001cd 	.word	0x100001cd
1000018c:	100001cd 	.word	0x100001cd
10000190:	100001cd 	.word	0x100001cd
10000194:	100001cd 	.word	0x100001cd
10000198:	100001cd 	.word	0x100001cd
1000019c:	100001cd 	.word	0x100001cd
100001a0:	100001cd 	.word	0x100001cd
100001a4:	100001cd 	.word	0x100001cd
100001a8:	100001cd 	.word	0x100001cd
100001ac:	100001cd 	.word	0x100001cd
100001b0:	100001cd 	.word	0x100001cd
100001b4:	100001cd 	.word	0x100001cd
100001b8:	100001cd 	.word	0x100001cd
100001bc:	100001cd 	.word	0x100001cd

100001c0 <isr_invalid>:
100001c0:	be00      	bkpt	0x0000

100001c2 <isr_nmi>:
100001c2:	be00      	bkpt	0x0000

100001c4 <isr_hardfault>:
100001c4:	be00      	bkpt	0x0000

100001c6 <isr_svcall>:
100001c6:	be00      	bkpt	0x0000

100001c8 <isr_pendsv>:
100001c8:	be00      	bkpt	0x0000

100001ca <isr_systick>:
100001ca:	be00      	bkpt	0x0000

100001cc <__unhandled_user_irq>:
100001cc:	f3ef 8005 	mrs	r0, IPSR
100001d0:	3810      	subs	r0, #16

100001d2 <unhandled_user_irq_num_in_r0>:
100001d2:	be00      	bkpt	0x0000

100001d4 <binary_info_header>:
100001d4:	7188ebf2 	.word	0x7188ebf2
100001d8:	100002d8 	.word	0x100002d8
100001dc:	100002f4 	.word	0x100002f4
100001e0:	10000234 	.word	0x10000234
100001e4:	e71aa390 	.word	0xe71aa390

100001e8 <_entry_point>:
100001e8:	2000      	movs	r0, #0
100001ea:	4922      	ldr	r1, [pc, #136]	; (10000274 <hold_non_core0_in_bootrom+0xa>)
100001ec:	6008      	str	r0, [r1, #0]
100001ee:	c806      	ldmia	r0!, {r1, r2}
100001f0:	f381 8808 	msr	MSP, r1
100001f4:	4710      	bx	r2

100001f6 <_reset_handler>:
100001f6:	4820      	ldr	r0, [pc, #128]	; (10000278 <hold_non_core0_in_bootrom+0xe>)
100001f8:	6800      	ldr	r0, [r0, #0]
100001fa:	2800      	cmp	r0, #0
100001fc:	d135      	bne.n	1000026a <hold_non_core0_in_bootrom>
100001fe:	a40d      	add	r4, pc, #52	; (adr r4, 10000234 <data_cpy_table>)
10000200:	cc0e      	ldmia	r4!, {r1, r2, r3}
10000202:	2900      	cmp	r1, #0
10000204:	d002      	beq.n	1000020c <_reset_handler+0x16>
10000206:	f000 f812 	bl	1000022e <data_cpy>
1000020a:	e7f9      	b.n	10000200 <_reset_handler+0xa>
1000020c:	491b      	ldr	r1, [pc, #108]	; (1000027c <hold_non_core0_in_bootrom+0x12>)
1000020e:	4a1c      	ldr	r2, [pc, #112]	; (10000280 <hold_non_core0_in_bootrom+0x16>)
10000210:	2000      	movs	r0, #0
10000212:	e000      	b.n	10000216 <bss_fill_test>

10000214 <bss_fill_loop>:
10000214:	c101      	stmia	r1!, {r0}

10000216 <bss_fill_test>:
10000216:	4291      	cmp	r1, r2
10000218:	d1fc      	bne.n	10000214 <bss_fill_loop>

1000021a <platform_entry>:
1000021a:	491a      	ldr	r1, [pc, #104]	; (10000284 <hold_non_core0_in_bootrom+0x1a>)
1000021c:	4788      	blx	r1
1000021e:	491a      	ldr	r1, [pc, #104]	; (10000288 <hold_non_core0_in_bootrom+0x1e>)
10000220:	4788      	blx	r1
10000222:	491a      	ldr	r1, [pc, #104]	; (1000028c <hold_non_core0_in_bootrom+0x22>)
10000224:	4788      	blx	r1
10000226:	be00      	bkpt	0x0000
10000228:	e7fd      	b.n	10000226 <platform_entry+0xc>

1000022a <data_cpy_loop>:
1000022a:	c901      	ldmia	r1!, {r0}
1000022c:	c201      	stmia	r2!, {r0}

1000022e <data_cpy>:
1000022e:	429a      	cmp	r2, r3
10000230:	d3fb      	bcc.n	1000022a <data_cpy_loop>
10000232:	4770      	bx	lr

10000234 <data_cpy_table>:
10000234:	100002f4 	.word	0x100002f4
10000238:	200000c0 	.word	0x200000c0
1000023c:	20004a2c 	.word	0x20004a2c
10000240:	10004c60 	.word	0x10004c60
10000244:	20004a30 	.word	0x20004a30
10000248:	20005ee0 	.word	0x20005ee0
1000024c:	10006110 	.word	0x10006110
10000250:	20040000 	.word	0x20040000
10000254:	20040000 	.word	0x20040000
10000258:	10006110 	.word	0x10006110
1000025c:	20041000 	.word	0x20041000
10000260:	20041000 	.word	0x20041000
10000264:	00000000 	.word	0x00000000
10000268:	4770      	bx	lr

1000026a <hold_non_core0_in_bootrom>:
1000026a:	4809      	ldr	r0, [pc, #36]	; (10000290 <hold_non_core0_in_bootrom+0x26>)
1000026c:	f000 f814 	bl	10000298 <__rom_func_lookup_veneer>
10000270:	4700      	bx	r0
10000272:	0000      	.short	0x0000
10000274:	e000ed08 	.word	0xe000ed08
10000278:	d0000000 	.word	0xd0000000
1000027c:	20005ee0 	.word	0x20005ee0
10000280:	200063bc 	.word	0x200063bc
10000284:	20002871 	.word	0x20002871
10000288:	20000641 	.word	0x20000641
1000028c:	2000282d 	.word	0x2000282d
10000290:	00005657 	.word	0x00005657
10000294:	00000000 	.word	0x00000000

10000298 <__rom_func_lookup_veneer>:
10000298:	b401      	push	{r0}
1000029a:	4802      	ldr	r0, [pc, #8]	; (100002a4 <__rom_func_lookup_veneer+0xc>)
1000029c:	4684      	mov	ip, r0
1000029e:	bc01      	pop	{r0}
100002a0:	4760      	bx	ip
100002a2:	bf00      	nop
100002a4:	20003ae9 	.word	0x20003ae9

100002a8 <__bi_50>:
100002a8:	50520006 5360b3ab 20005ba8              ..RP..`S.[. 

100002b4 <__bi_38>:
100002b4:	50520006 02031c86 20005bbc              ..RP.....[. 

100002c0 <__bi_30>:
100002c0:	50520006 9da22254 20005bd0              ..RPT"...[. 

100002cc <__bi_22>:
100002cc:	50520005 68f465de 10006110              ..RP.e.h.a..

Disassembly of section .text:

200000c0 <_init>:
200000c0:	b5f8      	push	{r3, r4, r5, r6, r7, lr}
200000c2:	46c0      	nop			; (mov r8, r8)

200000c4 <deregister_tm_clones>:
200000c4:	4804      	ldr	r0, [pc, #16]	; (200000d8 <deregister_tm_clones+0x14>)
200000c6:	4b05      	ldr	r3, [pc, #20]	; (200000dc <deregister_tm_clones+0x18>)
200000c8:	b510      	push	{r4, lr}
200000ca:	4283      	cmp	r3, r0
200000cc:	d003      	beq.n	200000d6 <deregister_tm_clones+0x12>
200000ce:	4b04      	ldr	r3, [pc, #16]	; (200000e0 <deregister_tm_clones+0x1c>)
200000d0:	2b00      	cmp	r3, #0
200000d2:	d000      	beq.n	200000d6 <deregister_tm_clones+0x12>
200000d4:	4798      	blx	r3
200000d6:	bd10      	pop	{r4, pc}
200000d8:	20005ee0 	.word	0x20005ee0
200000dc:	20005ee0 	.word	0x20005ee0
200000e0:	00000000 	.word	0x00000000

200000e4 <register_tm_clones>:
200000e4:	4806      	ldr	r0, [pc, #24]	; (20000100 <register_tm_clones+0x1c>)
200000e6:	4907      	ldr	r1, [pc, #28]	; (20000104 <register_tm_clones+0x20>)
200000e8:	1a09      	subs	r1, r1, r0
200000ea:	108b      	asrs	r3, r1, #2
200000ec:	0fc9      	lsrs	r1, r1, #31
200000ee:	18c9      	adds	r1, r1, r3
200000f0:	b510      	push	{r4, lr}
200000f2:	1049      	asrs	r1, r1, #1
200000f4:	d003      	beq.n	200000fe <register_tm_clones+0x1a>
200000f6:	4b04      	ldr	r3, [pc, #16]	; (20000108 <register_tm_clones+0x24>)
200000f8:	2b00      	cmp	r3, #0
200000fa:	d000      	beq.n	200000fe <register_tm_clones+0x1a>
200000fc:	4798      	blx	r3
200000fe:	bd10      	pop	{r4, pc}
20000100:	20005ee0 	.word	0x20005ee0
20000104:	20005ee0 	.word	0x20005ee0
20000108:	00000000 	.word	0x00000000

2000010c <__do_global_dtors_aux>:
2000010c:	b510      	push	{r4, lr}
2000010e:	4c07      	ldr	r4, [pc, #28]	; (2000012c <__do_global_dtors_aux+0x20>)
20000110:	7823      	ldrb	r3, [r4, #0]
20000112:	2b00      	cmp	r3, #0
20000114:	d109      	bne.n	2000012a <__do_global_dtors_aux+0x1e>
20000116:	f7ff ffd5 	bl	200000c4 <deregister_tm_clones>
2000011a:	4b05      	ldr	r3, [pc, #20]	; (20000130 <__do_global_dtors_aux+0x24>)
2000011c:	2b00      	cmp	r3, #0
2000011e:	d002      	beq.n	20000126 <__do_global_dtors_aux+0x1a>
20000120:	4804      	ldr	r0, [pc, #16]	; (20000134 <__do_global_dtors_aux+0x28>)
20000122:	e000      	b.n	20000126 <__do_global_dtors_aux+0x1a>
20000124:	bf00      	nop
20000126:	2301      	movs	r3, #1
20000128:	7023      	strb	r3, [r4, #0]
2000012a:	bd10      	pop	{r4, pc}
2000012c:	20005fe0 	.word	0x20005fe0
20000130:	00000000 	.word	0x00000000
20000134:	20004a2c 	.word	0x20004a2c

20000138 <frame_dummy>:
20000138:	4b05      	ldr	r3, [pc, #20]	; (20000150 <frame_dummy+0x18>)
2000013a:	b510      	push	{r4, lr}
2000013c:	2b00      	cmp	r3, #0
2000013e:	d003      	beq.n	20000148 <frame_dummy+0x10>
20000140:	4904      	ldr	r1, [pc, #16]	; (20000154 <frame_dummy+0x1c>)
20000142:	4805      	ldr	r0, [pc, #20]	; (20000158 <frame_dummy+0x20>)
20000144:	e000      	b.n	20000148 <frame_dummy+0x10>
20000146:	bf00      	nop
20000148:	f7ff ffcc 	bl	200000e4 <register_tm_clones>
2000014c:	bd10      	pop	{r4, pc}
2000014e:	46c0      	nop			; (mov r8, r8)
20000150:	00000000 	.word	0x00000000
20000154:	20005fe4 	.word	0x20005fe4
20000158:	20004a2c 	.word	0x20004a2c

2000015c <adcacq_main_program_init>:
2000015c:	b5f0      	push	{r4, r5, r6, r7, lr}
2000015e:	46de      	mov	lr, fp
20000160:	b500      	push	{lr}
20000162:	b090      	sub	sp, #64	; 0x40
20000164:	0006      	movs	r6, r0
20000166:	000f      	movs	r7, r1
20000168:	0015      	movs	r5, r2
2000016a:	469b      	mov	fp, r3
2000016c:	2210      	movs	r2, #16
2000016e:	2100      	movs	r1, #0
20000170:	a808      	add	r0, sp, #32
20000172:	f004 f90f 	bl	20004394 <__wrap_memset>
20000176:	2380      	movs	r3, #128	; 0x80
20000178:	025b      	lsls	r3, r3, #9
2000017a:	9308      	str	r3, [sp, #32]
2000017c:	23f8      	movs	r3, #248	; 0xf8
2000017e:	025b      	lsls	r3, r3, #9
20000180:	9309      	str	r3, [sp, #36]	; 0x24
20000182:	2380      	movs	r3, #128	; 0x80
20000184:	02db      	lsls	r3, r3, #11
20000186:	930a      	str	r3, [sp, #40]	; 0x28
20000188:	23c0      	movs	r3, #192	; 0xc0
2000018a:	031b      	lsls	r3, r3, #12
2000018c:	930a      	str	r3, [sp, #40]	; 0x28
2000018e:	2210      	movs	r2, #16
20000190:	a908      	add	r1, sp, #32
20000192:	a804      	add	r0, sp, #16
20000194:	f004 f904 	bl	200043a0 <__wrap___aeabi_memcpy>
20000198:	002a      	movs	r2, r5
2000019a:	3209      	adds	r2, #9
2000019c:	9b05      	ldr	r3, [sp, #20]
2000019e:	9303      	str	r3, [sp, #12]
200001a0:	4b48      	ldr	r3, [pc, #288]	; (200002c4 <adcacq_main_program_init+0x168>)
200001a2:	9903      	ldr	r1, [sp, #12]
200001a4:	400b      	ands	r3, r1
200001a6:	01e9      	lsls	r1, r5, #7
200001a8:	430b      	orrs	r3, r1
200001aa:	0312      	lsls	r2, r2, #12
200001ac:	4313      	orrs	r3, r2
200001ae:	9305      	str	r3, [sp, #20]
200001b0:	9a07      	ldr	r2, [sp, #28]
200001b2:	9203      	str	r2, [sp, #12]
200001b4:	00d2      	lsls	r2, r2, #3
200001b6:	08d2      	lsrs	r2, r2, #3
200001b8:	2180      	movs	r1, #128	; 0x80
200001ba:	0589      	lsls	r1, r1, #22
200001bc:	430a      	orrs	r2, r1
200001be:	9207      	str	r2, [sp, #28]
200001c0:	4a41      	ldr	r2, [pc, #260]	; (200002c8 <adcacq_main_program_init+0x16c>)
200001c2:	4013      	ands	r3, r2
200001c4:	9305      	str	r3, [sp, #20]
200001c6:	2210      	movs	r2, #16
200001c8:	a904      	add	r1, sp, #16
200001ca:	a80c      	add	r0, sp, #48	; 0x30
200001cc:	f004 f8e8 	bl	200043a0 <__wrap___aeabi_memcpy>
200001d0:	9b0f      	ldr	r3, [sp, #60]	; 0x3c
200001d2:	9303      	str	r3, [sp, #12]
200001d4:	4c3d      	ldr	r4, [pc, #244]	; (200002cc <adcacq_main_program_init+0x170>)
200001d6:	401c      	ands	r4, r3
200001d8:	465b      	mov	r3, fp
200001da:	015b      	lsls	r3, r3, #5
200001dc:	4323      	orrs	r3, r4
200001de:	2480      	movs	r4, #128	; 0x80
200001e0:	04e4      	lsls	r4, r4, #19
200001e2:	431c      	orrs	r4, r3
200001e4:	940f      	str	r4, [sp, #60]	; 0x3c
200001e6:	4b3a      	ldr	r3, [pc, #232]	; (200002d0 <adcacq_main_program_init+0x174>)
200001e8:	401c      	ands	r4, r3
200001ea:	9b16      	ldr	r3, [sp, #88]	; 0x58
200001ec:	029b      	lsls	r3, r3, #10
200001ee:	431c      	orrs	r4, r3
200001f0:	940f      	str	r4, [sp, #60]	; 0x3c
200001f2:	4b38      	ldr	r3, [pc, #224]	; (200002d4 <adcacq_main_program_init+0x178>)
200001f4:	401c      	ands	r4, r3
200001f6:	9b17      	ldr	r3, [sp, #92]	; 0x5c
200001f8:	03db      	lsls	r3, r3, #15
200001fa:	431c      	orrs	r4, r3
200001fc:	940f      	str	r4, [sp, #60]	; 0x3c
200001fe:	4b36      	ldr	r3, [pc, #216]	; (200002d8 <adcacq_main_program_init+0x17c>)
20000200:	401c      	ands	r4, r3
20000202:	9b18      	ldr	r3, [sp, #96]	; 0x60
20000204:	431c      	orrs	r4, r3
20000206:	2380      	movs	r3, #128	; 0x80
20000208:	035b      	lsls	r3, r3, #13
2000020a:	431c      	orrs	r4, r3
2000020c:	940f      	str	r4, [sp, #60]	; 0x3c
2000020e:	9b0e      	ldr	r3, [sp, #56]	; 0x38
20000210:	9303      	str	r3, [sp, #12]
20000212:	4b32      	ldr	r3, [pc, #200]	; (200002dc <adcacq_main_program_init+0x180>)
20000214:	9a03      	ldr	r2, [sp, #12]
20000216:	4013      	ands	r3, r2
20000218:	930e      	str	r3, [sp, #56]	; 0x38
2000021a:	4a31      	ldr	r2, [pc, #196]	; (200002e0 <adcacq_main_program_init+0x184>)
2000021c:	4013      	ands	r3, r2
2000021e:	930e      	str	r3, [sp, #56]	; 0x38
20000220:	2380      	movs	r3, #128	; 0x80
20000222:	029b      	lsls	r3, r3, #10
20000224:	930c      	str	r3, [sp, #48]	; 0x30
20000226:	4b2f      	ldr	r3, [pc, #188]	; (200002e4 <adcacq_main_program_init+0x188>)
20000228:	429e      	cmp	r6, r3
2000022a:	d048      	beq.n	200002be <adcacq_main_program_init+0x162>
2000022c:	2407      	movs	r4, #7
2000022e:	0021      	movs	r1, r4
20000230:	4658      	mov	r0, fp
20000232:	f000 fc6b 	bl	20000b0c <gpio_set_function>
20000236:	0021      	movs	r1, r4
20000238:	9816      	ldr	r0, [sp, #88]	; 0x58
2000023a:	f000 fc67 	bl	20000b0c <gpio_set_function>
2000023e:	0021      	movs	r1, r4
20000240:	9818      	ldr	r0, [sp, #96]	; 0x60
20000242:	f000 fc63 	bl	20000b0c <gpio_set_function>
20000246:	0021      	movs	r1, r4
20000248:	9817      	ldr	r0, [sp, #92]	; 0x5c
2000024a:	f000 fc5f 	bl	20000b0c <gpio_set_function>
2000024e:	0021      	movs	r1, r4
20000250:	2003      	movs	r0, #3
20000252:	f000 fc5b 	bl	20000b0c <gpio_set_function>
20000256:	2401      	movs	r4, #1
20000258:	9400      	str	r4, [sp, #0]
2000025a:	2301      	movs	r3, #1
2000025c:	465a      	mov	r2, fp
2000025e:	0039      	movs	r1, r7
20000260:	0030      	movs	r0, r6
20000262:	f004 faed 	bl	20004840 <pio_sm_set_consecutive_pindirs>
20000266:	9400      	str	r4, [sp, #0]
20000268:	2301      	movs	r3, #1
2000026a:	9a16      	ldr	r2, [sp, #88]	; 0x58
2000026c:	0039      	movs	r1, r7
2000026e:	0030      	movs	r0, r6
20000270:	f004 fae6 	bl	20004840 <pio_sm_set_consecutive_pindirs>
20000274:	9400      	str	r4, [sp, #0]
20000276:	2301      	movs	r3, #1
20000278:	9a18      	ldr	r2, [sp, #96]	; 0x60
2000027a:	0039      	movs	r1, r7
2000027c:	0030      	movs	r0, r6
2000027e:	f004 fadf 	bl	20004840 <pio_sm_set_consecutive_pindirs>
20000282:	0032      	movs	r2, r6
20000284:	3238      	adds	r2, #56	; 0x38
20000286:	9b17      	ldr	r3, [sp, #92]	; 0x5c
20000288:	409c      	lsls	r4, r3
2000028a:	2380      	movs	r3, #128	; 0x80
2000028c:	019b      	lsls	r3, r3, #6
2000028e:	4313      	orrs	r3, r2
20000290:	601c      	str	r4, [r3, #0]
20000292:	007b      	lsls	r3, r7, #1
20000294:	19db      	adds	r3, r3, r7
20000296:	00db      	lsls	r3, r3, #3
20000298:	33d0      	adds	r3, #208	; 0xd0
2000029a:	18f3      	adds	r3, r6, r3
2000029c:	2280      	movs	r2, #128	; 0x80
2000029e:	0152      	lsls	r2, r2, #5
200002a0:	4313      	orrs	r3, r2
200002a2:	2280      	movs	r2, #128	; 0x80
200002a4:	0612      	lsls	r2, r2, #24
200002a6:	601a      	str	r2, [r3, #0]
200002a8:	601a      	str	r2, [r3, #0]
200002aa:	ab0c      	add	r3, sp, #48	; 0x30
200002ac:	002a      	movs	r2, r5
200002ae:	0039      	movs	r1, r7
200002b0:	0030      	movs	r0, r6
200002b2:	f004 fb17 	bl	200048e4 <pio_sm_init>
200002b6:	b010      	add	sp, #64	; 0x40
200002b8:	bc80      	pop	{r7}
200002ba:	46bb      	mov	fp, r7
200002bc:	bdf0      	pop	{r4, r5, r6, r7, pc}
200002be:	2406      	movs	r4, #6
200002c0:	e7b5      	b.n	2000022e <adcacq_main_program_init+0xd2>
200002c2:	46c0      	nop			; (mov r8, r8)
200002c4:	fffe007f 	.word	0xfffe007f
200002c8:	9fffffff 	.word	0x9fffffff
200002cc:	e3fffc1f 	.word	0xe3fffc1f
200002d0:	ffff83ff 	.word	0xffff83ff
200002d4:	fff07fff 	.word	0xfff07fff
200002d8:	fc0fffe0 	.word	0xfc0fffe0
200002dc:	fe0affff 	.word	0xfe0affff
200002e0:	c1f5ffff 	.word	0xc1f5ffff
200002e4:	50200000 	.word	0x50200000

200002e8 <adcacq_miso_b_program_init>:
200002e8:	b5f0      	push	{r4, r5, r6, r7, lr}
200002ea:	b08f      	sub	sp, #60	; 0x3c
200002ec:	0004      	movs	r4, r0
200002ee:	000d      	movs	r5, r1
200002f0:	0016      	movs	r6, r2
200002f2:	001f      	movs	r7, r3
200002f4:	2210      	movs	r2, #16
200002f6:	2100      	movs	r1, #0
200002f8:	a806      	add	r0, sp, #24
200002fa:	f004 f84b 	bl	20004394 <__wrap_memset>
200002fe:	2380      	movs	r3, #128	; 0x80
20000300:	025b      	lsls	r3, r3, #9
20000302:	9306      	str	r3, [sp, #24]
20000304:	23f8      	movs	r3, #248	; 0xf8
20000306:	025b      	lsls	r3, r3, #9
20000308:	9307      	str	r3, [sp, #28]
2000030a:	2380      	movs	r3, #128	; 0x80
2000030c:	02db      	lsls	r3, r3, #11
2000030e:	9308      	str	r3, [sp, #32]
20000310:	23c0      	movs	r3, #192	; 0xc0
20000312:	031b      	lsls	r3, r3, #12
20000314:	9308      	str	r3, [sp, #32]
20000316:	2210      	movs	r2, #16
20000318:	a906      	add	r1, sp, #24
2000031a:	a802      	add	r0, sp, #8
2000031c:	f004 f840 	bl	200043a0 <__wrap___aeabi_memcpy>
20000320:	1d73      	adds	r3, r6, #5
20000322:	9a03      	ldr	r2, [sp, #12]
20000324:	9201      	str	r2, [sp, #4]
20000326:	4a21      	ldr	r2, [pc, #132]	; (200003ac <adcacq_miso_b_program_init+0xc4>)
20000328:	9901      	ldr	r1, [sp, #4]
2000032a:	400a      	ands	r2, r1
2000032c:	01f1      	lsls	r1, r6, #7
2000032e:	430a      	orrs	r2, r1
20000330:	031b      	lsls	r3, r3, #12
20000332:	431a      	orrs	r2, r3
20000334:	9203      	str	r2, [sp, #12]
20000336:	2210      	movs	r2, #16
20000338:	a902      	add	r1, sp, #8
2000033a:	a80a      	add	r0, sp, #40	; 0x28
2000033c:	f004 f830 	bl	200043a0 <__wrap___aeabi_memcpy>
20000340:	9b0d      	ldr	r3, [sp, #52]	; 0x34
20000342:	9301      	str	r3, [sp, #4]
20000344:	4b1a      	ldr	r3, [pc, #104]	; (200003b0 <adcacq_miso_b_program_init+0xc8>)
20000346:	9a01      	ldr	r2, [sp, #4]
20000348:	4013      	ands	r3, r2
2000034a:	03fa      	lsls	r2, r7, #15
2000034c:	4313      	orrs	r3, r2
2000034e:	930d      	str	r3, [sp, #52]	; 0x34
20000350:	9b0c      	ldr	r3, [sp, #48]	; 0x30
20000352:	9301      	str	r3, [sp, #4]
20000354:	4b17      	ldr	r3, [pc, #92]	; (200003b4 <adcacq_miso_b_program_init+0xcc>)
20000356:	9a01      	ldr	r2, [sp, #4]
20000358:	4013      	ands	r3, r2
2000035a:	930c      	str	r3, [sp, #48]	; 0x30
2000035c:	2380      	movs	r3, #128	; 0x80
2000035e:	029b      	lsls	r3, r3, #10
20000360:	930a      	str	r3, [sp, #40]	; 0x28
20000362:	4b15      	ldr	r3, [pc, #84]	; (200003b8 <adcacq_miso_b_program_init+0xd0>)
20000364:	429c      	cmp	r4, r3
20000366:	d01f      	beq.n	200003a8 <adcacq_miso_b_program_init+0xc0>
20000368:	2107      	movs	r1, #7
2000036a:	0038      	movs	r0, r7
2000036c:	f000 fbce 	bl	20000b0c <gpio_set_function>
20000370:	0021      	movs	r1, r4
20000372:	3138      	adds	r1, #56	; 0x38
20000374:	2201      	movs	r2, #1
20000376:	40ba      	lsls	r2, r7
20000378:	2380      	movs	r3, #128	; 0x80
2000037a:	019b      	lsls	r3, r3, #6
2000037c:	430b      	orrs	r3, r1
2000037e:	601a      	str	r2, [r3, #0]
20000380:	006b      	lsls	r3, r5, #1
20000382:	195b      	adds	r3, r3, r5
20000384:	00db      	lsls	r3, r3, #3
20000386:	33d0      	adds	r3, #208	; 0xd0
20000388:	18e3      	adds	r3, r4, r3
2000038a:	2280      	movs	r2, #128	; 0x80
2000038c:	0152      	lsls	r2, r2, #5
2000038e:	4313      	orrs	r3, r2
20000390:	2280      	movs	r2, #128	; 0x80
20000392:	0612      	lsls	r2, r2, #24
20000394:	601a      	str	r2, [r3, #0]
20000396:	601a      	str	r2, [r3, #0]
20000398:	ab0a      	add	r3, sp, #40	; 0x28
2000039a:	0032      	movs	r2, r6
2000039c:	0029      	movs	r1, r5
2000039e:	0020      	movs	r0, r4
200003a0:	f004 faa0 	bl	200048e4 <pio_sm_init>
200003a4:	b00f      	add	sp, #60	; 0x3c
200003a6:	bdf0      	pop	{r4, r5, r6, r7, pc}
200003a8:	2106      	movs	r1, #6
200003aa:	e7de      	b.n	2000036a <adcacq_miso_b_program_init+0x82>
200003ac:	fffe007f 	.word	0xfffe007f
200003b0:	fff07fff 	.word	0xfff07fff
200003b4:	fe0affff 	.word	0xfe0affff
200003b8:	50200000 	.word	0x50200000

200003bc <write_adc_reg>:
200003bc:	b5f0      	push	{r4, r5, r6, r7, lr}
200003be:	46d6      	mov	lr, sl
200003c0:	464f      	mov	r7, r9
200003c2:	4646      	mov	r6, r8
200003c4:	b5c0      	push	{r6, r7, lr}
200003c6:	4692      	mov	sl, r2
200003c8:	1d0c      	adds	r4, r1, #4
200003ca:	2501      	movs	r5, #1
200003cc:	40a5      	lsls	r5, r4
200003ce:	46a8      	mov	r8, r5
200003d0:	2480      	movs	r4, #128	; 0x80
200003d2:	01a4      	lsls	r4, r4, #6
200003d4:	4304      	orrs	r4, r0
200003d6:	46a4      	mov	ip, r4
200003d8:	6025      	str	r5, [r4, #0]
200003da:	004c      	lsls	r4, r1, #1
200003dc:	1867      	adds	r7, r4, r1
200003de:	00ff      	lsls	r7, r7, #3
200003e0:	37d0      	adds	r7, #208	; 0xd0
200003e2:	19c7      	adds	r7, r0, r7
200003e4:	2580      	movs	r5, #128	; 0x80
200003e6:	016d      	lsls	r5, r5, #5
200003e8:	432f      	orrs	r7, r5
200003ea:	2680      	movs	r6, #128	; 0x80
200003ec:	0636      	lsls	r6, r6, #24
200003ee:	603e      	str	r6, [r7, #0]
200003f0:	603e      	str	r6, [r7, #0]
200003f2:	220a      	movs	r2, #10
200003f4:	4452      	add	r2, sl
200003f6:	261f      	movs	r6, #31
200003f8:	4016      	ands	r6, r2
200003fa:	4335      	orrs	r5, r6
200003fc:	1864      	adds	r4, r4, r1
200003fe:	00e4      	lsls	r4, r4, #3
20000400:	1904      	adds	r4, r0, r4
20000402:	34d8      	adds	r4, #216	; 0xd8
20000404:	6025      	str	r5, [r4, #0]
20000406:	4c2d      	ldr	r4, [pc, #180]	; (200004bc <write_adc_reg+0x100>)
20000408:	431c      	orrs	r4, r3
2000040a:	0422      	lsls	r2, r4, #16
2000040c:	4691      	mov	r9, r2
2000040e:	6844      	ldr	r4, [r0, #4]
20000410:	000e      	movs	r6, r1
20000412:	3610      	adds	r6, #16
20000414:	2501      	movs	r5, #1
20000416:	40b5      	lsls	r5, r6
20000418:	4225      	tst	r5, r4
2000041a:	d1f8      	bne.n	2000040e <write_adc_reg+0x52>
2000041c:	1d0c      	adds	r4, r1, #4
2000041e:	00a4      	lsls	r4, r4, #2
20000420:	464a      	mov	r2, r9
20000422:	5022      	str	r2, [r4, r0]
20000424:	6846      	ldr	r6, [r0, #4]
20000426:	000c      	movs	r4, r1
20000428:	3408      	adds	r4, #8
2000042a:	2201      	movs	r2, #1
2000042c:	40a2      	lsls	r2, r4
2000042e:	0014      	movs	r4, r2
20000430:	4232      	tst	r2, r6
20000432:	d1f7      	bne.n	20000424 <write_adc_reg+0x68>
20000434:	000e      	movs	r6, r1
20000436:	3608      	adds	r6, #8
20000438:	00b6      	lsls	r6, r6, #2
2000043a:	5836      	ldr	r6, [r6, r0]
2000043c:	041a      	lsls	r2, r3, #16
2000043e:	4691      	mov	r9, r2
20000440:	6846      	ldr	r6, [r0, #4]
20000442:	4235      	tst	r5, r6
20000444:	d1fc      	bne.n	20000440 <write_adc_reg+0x84>
20000446:	1d0e      	adds	r6, r1, #4
20000448:	00b6      	lsls	r6, r6, #2
2000044a:	464a      	mov	r2, r9
2000044c:	5032      	str	r2, [r6, r0]
2000044e:	6846      	ldr	r6, [r0, #4]
20000450:	4234      	tst	r4, r6
20000452:	d1fc      	bne.n	2000044e <write_adc_reg+0x92>
20000454:	000e      	movs	r6, r1
20000456:	3608      	adds	r6, #8
20000458:	00b6      	lsls	r6, r6, #2
2000045a:	5836      	ldr	r6, [r6, r0]
2000045c:	6846      	ldr	r6, [r0, #4]
2000045e:	4235      	tst	r5, r6
20000460:	d1fc      	bne.n	2000045c <write_adc_reg+0xa0>
20000462:	1d0d      	adds	r5, r1, #4
20000464:	00ad      	lsls	r5, r5, #2
20000466:	2600      	movs	r6, #0
20000468:	502e      	str	r6, [r5, r0]
2000046a:	6845      	ldr	r5, [r0, #4]
2000046c:	422c      	tst	r4, r5
2000046e:	d1fc      	bne.n	2000046a <write_adc_reg+0xae>
20000470:	000c      	movs	r4, r1
20000472:	3408      	adds	r4, #8
20000474:	00a4      	lsls	r4, r4, #2
20000476:	5824      	ldr	r4, [r4, r0]
20000478:	4662      	mov	r2, ip
2000047a:	4645      	mov	r5, r8
2000047c:	6015      	str	r5, [r2, #0]
2000047e:	2580      	movs	r5, #128	; 0x80
20000480:	062d      	lsls	r5, r5, #24
20000482:	603d      	str	r5, [r7, #0]
20000484:	603d      	str	r5, [r7, #0]
20000486:	251f      	movs	r5, #31
20000488:	4652      	mov	r2, sl
2000048a:	4015      	ands	r5, r2
2000048c:	2280      	movs	r2, #128	; 0x80
2000048e:	0152      	lsls	r2, r2, #5
20000490:	432a      	orrs	r2, r5
20000492:	004d      	lsls	r5, r1, #1
20000494:	1869      	adds	r1, r5, r1
20000496:	00c9      	lsls	r1, r1, #3
20000498:	1840      	adds	r0, r0, r1
2000049a:	30d8      	adds	r0, #216	; 0xd8
2000049c:	6002      	str	r2, [r0, #0]
2000049e:	051b      	lsls	r3, r3, #20
200004a0:	0d1b      	lsrs	r3, r3, #20
200004a2:	0422      	lsls	r2, r4, #16
200004a4:	0c12      	lsrs	r2, r2, #16
200004a6:	4293      	cmp	r3, r2
200004a8:	d005      	beq.n	200004b6 <write_adc_reg+0xfa>
200004aa:	2001      	movs	r0, #1
200004ac:	bce0      	pop	{r5, r6, r7}
200004ae:	46ba      	mov	sl, r7
200004b0:	46b1      	mov	r9, r6
200004b2:	46a8      	mov	r8, r5
200004b4:	bdf0      	pop	{r4, r5, r6, r7, pc}
200004b6:	2000      	movs	r0, #0
200004b8:	e7f8      	b.n	200004ac <write_adc_reg+0xf0>
200004ba:	46c0      	nop			; (mov r8, r8)
200004bc:	ffff8000 	.word	0xffff8000

200004c0 <init_all_adc>:
200004c0:	b5f0      	push	{r4, r5, r6, r7, lr}
200004c2:	46de      	mov	lr, fp
200004c4:	4657      	mov	r7, sl
200004c6:	464e      	mov	r6, r9
200004c8:	4645      	mov	r5, r8
200004ca:	b5e0      	push	{r5, r6, r7, lr}
200004cc:	b085      	sub	sp, #20
200004ce:	4e55      	ldr	r6, [pc, #340]	; (20000624 <init_all_adc+0x164>)
200004d0:	4d55      	ldr	r5, [pc, #340]	; (20000628 <init_all_adc+0x168>)
200004d2:	0031      	movs	r1, r6
200004d4:	0028      	movs	r0, r5
200004d6:	f004 f997 	bl	20004808 <pio_add_program>
200004da:	0007      	movs	r7, r0
200004dc:	4b53      	ldr	r3, [pc, #332]	; (2000062c <init_all_adc+0x16c>)
200004de:	4698      	mov	r8, r3
200004e0:	0019      	movs	r1, r3
200004e2:	0028      	movs	r0, r5
200004e4:	f004 f990 	bl	20004808 <pio_add_program>
200004e8:	4681      	mov	r9, r0
200004ea:	4c51      	ldr	r4, [pc, #324]	; (20000630 <init_all_adc+0x170>)
200004ec:	0031      	movs	r1, r6
200004ee:	0020      	movs	r0, r4
200004f0:	f004 f98a 	bl	20004808 <pio_add_program>
200004f4:	0006      	movs	r6, r0
200004f6:	4641      	mov	r1, r8
200004f8:	0020      	movs	r0, r4
200004fa:	f004 f985 	bl	20004808 <pio_add_program>
200004fe:	4680      	mov	r8, r0
20000500:	2312      	movs	r3, #18
20000502:	9302      	str	r3, [sp, #8]
20000504:	3302      	adds	r3, #2
20000506:	9301      	str	r3, [sp, #4]
20000508:	3b03      	subs	r3, #3
2000050a:	9300      	str	r3, [sp, #0]
2000050c:	3b01      	subs	r3, #1
2000050e:	003a      	movs	r2, r7
20000510:	2100      	movs	r1, #0
20000512:	0028      	movs	r0, r5
20000514:	f7ff fe22 	bl	2000015c <adcacq_main_program_init>
20000518:	2313      	movs	r3, #19
2000051a:	464a      	mov	r2, r9
2000051c:	2101      	movs	r1, #1
2000051e:	0028      	movs	r0, r5
20000520:	f7ff fee2 	bl	200002e8 <adcacq_miso_b_program_init>
20000524:	231b      	movs	r3, #27
20000526:	9302      	str	r3, [sp, #8]
20000528:	3302      	adds	r3, #2
2000052a:	9301      	str	r3, [sp, #4]
2000052c:	3b03      	subs	r3, #3
2000052e:	9300      	str	r3, [sp, #0]
20000530:	3b01      	subs	r3, #1
20000532:	003a      	movs	r2, r7
20000534:	2102      	movs	r1, #2
20000536:	0028      	movs	r0, r5
20000538:	f7ff fe10 	bl	2000015c <adcacq_main_program_init>
2000053c:	231c      	movs	r3, #28
2000053e:	464a      	mov	r2, r9
20000540:	2103      	movs	r1, #3
20000542:	0028      	movs	r0, r5
20000544:	f7ff fed0 	bl	200002e8 <adcacq_miso_b_program_init>
20000548:	230e      	movs	r3, #14
2000054a:	9302      	str	r3, [sp, #8]
2000054c:	3301      	adds	r3, #1
2000054e:	9301      	str	r3, [sp, #4]
20000550:	3b02      	subs	r3, #2
20000552:	9300      	str	r3, [sp, #0]
20000554:	3b01      	subs	r3, #1
20000556:	0032      	movs	r2, r6
20000558:	2100      	movs	r1, #0
2000055a:	0020      	movs	r0, r4
2000055c:	f7ff fdfe 	bl	2000015c <adcacq_main_program_init>
20000560:	230b      	movs	r3, #11
20000562:	4642      	mov	r2, r8
20000564:	2101      	movs	r1, #1
20000566:	0020      	movs	r0, r4
20000568:	f7ff febe 	bl	200002e8 <adcacq_miso_b_program_init>
2000056c:	2317      	movs	r3, #23
2000056e:	9302      	str	r3, [sp, #8]
20000570:	3301      	adds	r3, #1
20000572:	9301      	str	r3, [sp, #4]
20000574:	3b02      	subs	r3, #2
20000576:	9300      	str	r3, [sp, #0]
20000578:	3b01      	subs	r3, #1
2000057a:	0032      	movs	r2, r6
2000057c:	2102      	movs	r1, #2
2000057e:	0020      	movs	r0, r4
20000580:	f7ff fdec 	bl	2000015c <adcacq_main_program_init>
20000584:	230a      	movs	r3, #10
20000586:	4642      	mov	r2, r8
20000588:	2103      	movs	r1, #3
2000058a:	0020      	movs	r0, r4
2000058c:	f7ff feac 	bl	200002e8 <adcacq_miso_b_program_init>
20000590:	2280      	movs	r2, #128	; 0x80
20000592:	0192      	lsls	r2, r2, #6
20000594:	0013      	movs	r3, r2
20000596:	432b      	orrs	r3, r5
20000598:	469b      	mov	fp, r3
2000059a:	4b26      	ldr	r3, [pc, #152]	; (20000634 <init_all_adc+0x174>)
2000059c:	4659      	mov	r1, fp
2000059e:	600b      	str	r3, [r1, #0]
200005a0:	4322      	orrs	r2, r4
200005a2:	4690      	mov	r8, r2
200005a4:	6013      	str	r3, [r2, #0]
200005a6:	4b24      	ldr	r3, [pc, #144]	; (20000638 <init_all_adc+0x178>)
200005a8:	469a      	mov	sl, r3
200005aa:	003a      	movs	r2, r7
200005ac:	2100      	movs	r1, #0
200005ae:	0028      	movs	r0, r5
200005b0:	f7ff ff04 	bl	200003bc <write_adc_reg>
200005b4:	4b21      	ldr	r3, [pc, #132]	; (2000063c <init_all_adc+0x17c>)
200005b6:	4699      	mov	r9, r3
200005b8:	003a      	movs	r2, r7
200005ba:	2100      	movs	r1, #0
200005bc:	0028      	movs	r0, r5
200005be:	f7ff fefd 	bl	200003bc <write_adc_reg>
200005c2:	4653      	mov	r3, sl
200005c4:	003a      	movs	r2, r7
200005c6:	2102      	movs	r1, #2
200005c8:	0028      	movs	r0, r5
200005ca:	f7ff fef7 	bl	200003bc <write_adc_reg>
200005ce:	464b      	mov	r3, r9
200005d0:	003a      	movs	r2, r7
200005d2:	2102      	movs	r1, #2
200005d4:	0028      	movs	r0, r5
200005d6:	f7ff fef1 	bl	200003bc <write_adc_reg>
200005da:	4653      	mov	r3, sl
200005dc:	0032      	movs	r2, r6
200005de:	2100      	movs	r1, #0
200005e0:	0020      	movs	r0, r4
200005e2:	f7ff feeb 	bl	200003bc <write_adc_reg>
200005e6:	464b      	mov	r3, r9
200005e8:	0032      	movs	r2, r6
200005ea:	2100      	movs	r1, #0
200005ec:	0020      	movs	r0, r4
200005ee:	f7ff fee5 	bl	200003bc <write_adc_reg>
200005f2:	4653      	mov	r3, sl
200005f4:	0032      	movs	r2, r6
200005f6:	2102      	movs	r1, #2
200005f8:	0020      	movs	r0, r4
200005fa:	f7ff fedf 	bl	200003bc <write_adc_reg>
200005fe:	464b      	mov	r3, r9
20000600:	0032      	movs	r2, r6
20000602:	2102      	movs	r1, #2
20000604:	0020      	movs	r0, r4
20000606:	f7ff fed9 	bl	200003bc <write_adc_reg>
2000060a:	23f0      	movs	r3, #240	; 0xf0
2000060c:	011b      	lsls	r3, r3, #4
2000060e:	465a      	mov	r2, fp
20000610:	6013      	str	r3, [r2, #0]
20000612:	4642      	mov	r2, r8
20000614:	6013      	str	r3, [r2, #0]
20000616:	b005      	add	sp, #20
20000618:	bcf0      	pop	{r4, r5, r6, r7}
2000061a:	46bb      	mov	fp, r7
2000061c:	46b2      	mov	sl, r6
2000061e:	46a9      	mov	r9, r5
20000620:	46a0      	mov	r8, r4
20000622:	bdf0      	pop	{r4, r5, r6, r7, pc}
20000624:	20004ce4 	.word	0x20004ce4
20000628:	50200000 	.word	0x50200000
2000062c:	20004d14 	.word	0x20004d14
20000630:	50300000 	.word	0x50300000
20000634:	00000f0f 	.word	0x00000f0f
20000638:	000020ff 	.word	0x000020ff
2000063c:	00001084 	.word	0x00001084

20000640 <main>:
20000640:	b5f0      	push	{r4, r5, r6, r7, lr}
20000642:	46c6      	mov	lr, r8
20000644:	b500      	push	{lr}
20000646:	b090      	sub	sp, #64	; 0x40
20000648:	2220      	movs	r2, #32
2000064a:	2100      	movs	r1, #0
2000064c:	a808      	add	r0, sp, #32
2000064e:	f003 fea1 	bl	20004394 <__wrap_memset>
20000652:	ab07      	add	r3, sp, #28
20000654:	4ad5      	ldr	r2, [pc, #852]	; (200009ac <main+0x36c>)
20000656:	801a      	strh	r2, [r3, #0]
20000658:	ab06      	add	r3, sp, #24
2000065a:	4ad5      	ldr	r2, [pc, #852]	; (200009b0 <main+0x370>)
2000065c:	801a      	strh	r2, [r3, #0]
2000065e:	ab05      	add	r3, sp, #20
20000660:	22c0      	movs	r2, #192	; 0xc0
20000662:	0092      	lsls	r2, r2, #2
20000664:	801a      	strh	r2, [r3, #0]
20000666:	2007      	movs	r0, #7
20000668:	f000 fa68 	bl	20000b3c <gpio_init>
2000066c:	24d0      	movs	r4, #208	; 0xd0
2000066e:	0624      	lsls	r4, r4, #24
20000670:	2580      	movs	r5, #128	; 0x80
20000672:	6265      	str	r5, [r4, #36]	; 0x24
20000674:	6165      	str	r5, [r4, #20]
20000676:	26c8      	movs	r6, #200	; 0xc8
20000678:	0076      	lsls	r6, r6, #1
2000067a:	0030      	movs	r0, r6
2000067c:	f001 fa40 	bl	20001b00 <sleep_ms>
20000680:	61a5      	str	r5, [r4, #24]
20000682:	0030      	movs	r0, r6
20000684:	f001 fa3c 	bl	20001b00 <sleep_ms>
20000688:	2006      	movs	r0, #6
2000068a:	f001 fefb 	bl	20002484 <clock_stop>
2000068e:	4bc9      	ldr	r3, [pc, #804]	; (200009b4 <main+0x374>)
20000690:	9300      	str	r3, [sp, #0]
20000692:	2200      	movs	r2, #0
20000694:	2100      	movs	r1, #0
20000696:	2005      	movs	r0, #5
20000698:	f001 ff0a 	bl	200024b0 <clock_configure>
2000069c:	4ec6      	ldr	r6, [pc, #792]	; (200009b8 <main+0x378>)
2000069e:	0030      	movs	r0, r6
200006a0:	f002 f8a0 	bl	200027e4 <pll_deinit>
200006a4:	3d7c      	subs	r5, #124	; 0x7c
200006a6:	9500      	str	r5, [sp, #0]
200006a8:	2304      	movs	r3, #4
200006aa:	4ac4      	ldr	r2, [pc, #784]	; (200009bc <main+0x37c>)
200006ac:	2101      	movs	r1, #1
200006ae:	0030      	movs	r0, r6
200006b0:	f002 f808 	bl	200026c4 <pll_init>
200006b4:	4ec2      	ldr	r6, [pc, #776]	; (200009c0 <main+0x380>)
200006b6:	9600      	str	r6, [sp, #0]
200006b8:	0033      	movs	r3, r6
200006ba:	2200      	movs	r2, #0
200006bc:	2101      	movs	r1, #1
200006be:	2005      	movs	r0, #5
200006c0:	f001 fef6 	bl	200024b0 <clock_configure>
200006c4:	9600      	str	r6, [sp, #0]
200006c6:	0033      	movs	r3, r6
200006c8:	2201      	movs	r2, #1
200006ca:	2100      	movs	r1, #0
200006cc:	2006      	movs	r0, #6
200006ce:	f001 feef 	bl	200024b0 <clock_configure>
200006d2:	2004      	movs	r0, #4
200006d4:	f000 fa32 	bl	20000b3c <gpio_init>
200006d8:	2005      	movs	r0, #5
200006da:	f000 fa2f 	bl	20000b3c <gpio_init>
200006de:	2006      	movs	r0, #6
200006e0:	f000 fa2c 	bl	20000b3c <gpio_init>
200006e4:	2340      	movs	r3, #64	; 0x40
200006e6:	6263      	str	r3, [r4, #36]	; 0x24
200006e8:	2008      	movs	r0, #8
200006ea:	f000 fa27 	bl	20000b3c <gpio_init>
200006ee:	2380      	movs	r3, #128	; 0x80
200006f0:	005b      	lsls	r3, r3, #1
200006f2:	6263      	str	r3, [r4, #36]	; 0x24
200006f4:	2009      	movs	r0, #9
200006f6:	f000 fa21 	bl	20000b3c <gpio_init>
200006fa:	2380      	movs	r3, #128	; 0x80
200006fc:	009b      	lsls	r3, r3, #2
200006fe:	6263      	str	r3, [r4, #36]	; 0x24
20000700:	4cb0      	ldr	r4, [pc, #704]	; (200009c4 <main+0x384>)
20000702:	49b1      	ldr	r1, [pc, #708]	; (200009c8 <main+0x388>)
20000704:	0020      	movs	r0, r4
20000706:	f001 fe7d 	bl	20002404 <uart_init>
2000070a:	6b22      	ldr	r2, [r4, #48]	; 0x30
2000070c:	2380      	movs	r3, #128	; 0x80
2000070e:	021b      	lsls	r3, r3, #8
20000710:	4053      	eors	r3, r2
20000712:	22c0      	movs	r2, #192	; 0xc0
20000714:	0212      	lsls	r2, r2, #8
20000716:	4013      	ands	r3, r2
20000718:	49ac      	ldr	r1, [pc, #688]	; (200009cc <main+0x38c>)
2000071a:	2280      	movs	r2, #128	; 0x80
2000071c:	0152      	lsls	r2, r2, #5
2000071e:	430a      	orrs	r2, r1
20000720:	6013      	str	r3, [r2, #0]
20000722:	2102      	movs	r1, #2
20000724:	2000      	movs	r0, #0
20000726:	f000 f9f1 	bl	20000b0c <gpio_set_function>
2000072a:	2102      	movs	r1, #2
2000072c:	2001      	movs	r0, #1
2000072e:	f000 f9ed 	bl	20000b0c <gpio_set_function>
20000732:	2102      	movs	r1, #2
20000734:	2002      	movs	r0, #2
20000736:	f000 f9e9 	bl	20000b0c <gpio_set_function>
2000073a:	f7ff fec1 	bl	200004c0 <init_all_adc>
2000073e:	f003 ffb1 	bl	200046a4 <adc_init>
20000742:	4aa3      	ldr	r2, [pc, #652]	; (200009d0 <main+0x390>)
20000744:	2302      	movs	r3, #2
20000746:	6013      	str	r3, [r2, #0]
20000748:	4ba2      	ldr	r3, [pc, #648]	; (200009d4 <main+0x394>)
2000074a:	6819      	ldr	r1, [r3, #0]
2000074c:	2380      	movs	r3, #128	; 0x80
2000074e:	01db      	lsls	r3, r3, #7
20000750:	404b      	eors	r3, r1
20000752:	21e0      	movs	r1, #224	; 0xe0
20000754:	01c9      	lsls	r1, r1, #7
20000756:	400b      	ands	r3, r1
20000758:	499f      	ldr	r1, [pc, #636]	; (200009d8 <main+0x398>)
2000075a:	600b      	str	r3, [r1, #0]
2000075c:	6015      	str	r5, [r2, #0]
2000075e:	4b9d      	ldr	r3, [pc, #628]	; (200009d4 <main+0x394>)
20000760:	681b      	ldr	r3, [r3, #0]
20000762:	05db      	lsls	r3, r3, #23
20000764:	d5fb      	bpl.n	2000075e <main+0x11e>
20000766:	4b9b      	ldr	r3, [pc, #620]	; (200009d4 <main+0x394>)
20000768:	685a      	ldr	r2, [r3, #4]
2000076a:	230a      	movs	r3, #10
2000076c:	446b      	add	r3, sp
2000076e:	801a      	strh	r2, [r3, #0]
20000770:	ac03      	add	r4, sp, #12
20000772:	0020      	movs	r0, r4
20000774:	f003 ff6a 	bl	2000464c <pico_get_unique_board_id>
20000778:	79a1      	ldrb	r1, [r4, #6]
2000077a:	2300      	movs	r3, #0
2000077c:	014a      	lsls	r2, r1, #5
2000077e:	2080      	movs	r0, #128	; 0x80
20000780:	0080      	lsls	r0, r0, #2
20000782:	2100      	movs	r1, #0
20000784:	1880      	adds	r0, r0, r2
20000786:	4159      	adcs	r1, r3
20000788:	f001 f98e 	bl	20001aa8 <sleep_us>
2000078c:	23d0      	movs	r3, #208	; 0xd0
2000078e:	061b      	lsls	r3, r3, #24
20000790:	2280      	movs	r2, #128	; 0x80
20000792:	0092      	lsls	r2, r2, #2
20000794:	615a      	str	r2, [r3, #20]
20000796:	3a01      	subs	r2, #1
20000798:	3aff      	subs	r2, #255	; 0xff
2000079a:	615a      	str	r2, [r3, #20]
2000079c:	3a80      	subs	r2, #128	; 0x80
2000079e:	619a      	str	r2, [r3, #24]
200007a0:	2300      	movs	r3, #0
200007a2:	4698      	mov	r8, r3
200007a4:	2101      	movs	r1, #1
200007a6:	2000      	movs	r0, #0
200007a8:	e18e      	b.n	20000ac8 <main+0x488>
200007aa:	4b86      	ldr	r3, [pc, #536]	; (200009c4 <main+0x384>)
200007ac:	699b      	ldr	r3, [r3, #24]
200007ae:	069b      	lsls	r3, r3, #26
200007b0:	d4fb      	bmi.n	200007aa <main+0x16a>
200007b2:	7808      	ldrb	r0, [r1, #0]
200007b4:	4b83      	ldr	r3, [pc, #524]	; (200009c4 <main+0x384>)
200007b6:	6018      	str	r0, [r3, #0]
200007b8:	3201      	adds	r2, #1
200007ba:	3101      	adds	r1, #1
200007bc:	2a01      	cmp	r2, #1
200007be:	d9f4      	bls.n	200007aa <main+0x16a>
200007c0:	2209      	movs	r2, #9
200007c2:	446a      	add	r2, sp
200007c4:	4643      	mov	r3, r8
200007c6:	7013      	strb	r3, [r2, #0]
200007c8:	2100      	movs	r1, #0
200007ca:	e00b      	b.n	200007e4 <main+0x1a4>
200007cc:	2200      	movs	r2, #0
200007ce:	a906      	add	r1, sp, #24
200007d0:	e7f4      	b.n	200007bc <main+0x17c>
200007d2:	4b7c      	ldr	r3, [pc, #496]	; (200009c4 <main+0x384>)
200007d4:	699b      	ldr	r3, [r3, #24]
200007d6:	069b      	lsls	r3, r3, #26
200007d8:	d4fb      	bmi.n	200007d2 <main+0x192>
200007da:	7810      	ldrb	r0, [r2, #0]
200007dc:	4b79      	ldr	r3, [pc, #484]	; (200009c4 <main+0x384>)
200007de:	6018      	str	r0, [r3, #0]
200007e0:	3101      	adds	r1, #1
200007e2:	3201      	adds	r2, #1
200007e4:	2900      	cmp	r1, #0
200007e6:	d0f4      	beq.n	200007d2 <main+0x192>
200007e8:	2200      	movs	r2, #0
200007ea:	a903      	add	r1, sp, #12
200007ec:	e008      	b.n	20000800 <main+0x1c0>
200007ee:	4b75      	ldr	r3, [pc, #468]	; (200009c4 <main+0x384>)
200007f0:	699b      	ldr	r3, [r3, #24]
200007f2:	069b      	lsls	r3, r3, #26
200007f4:	d4fb      	bmi.n	200007ee <main+0x1ae>
200007f6:	7808      	ldrb	r0, [r1, #0]
200007f8:	4b72      	ldr	r3, [pc, #456]	; (200009c4 <main+0x384>)
200007fa:	6018      	str	r0, [r3, #0]
200007fc:	3201      	adds	r2, #1
200007fe:	3101      	adds	r1, #1
20000800:	2a07      	cmp	r2, #7
20000802:	d9f4      	bls.n	200007ee <main+0x1ae>
20000804:	2200      	movs	r2, #0
20000806:	a905      	add	r1, sp, #20
20000808:	e008      	b.n	2000081c <main+0x1dc>
2000080a:	4b6e      	ldr	r3, [pc, #440]	; (200009c4 <main+0x384>)
2000080c:	699b      	ldr	r3, [r3, #24]
2000080e:	069b      	lsls	r3, r3, #26
20000810:	d4fb      	bmi.n	2000080a <main+0x1ca>
20000812:	7808      	ldrb	r0, [r1, #0]
20000814:	4b6b      	ldr	r3, [pc, #428]	; (200009c4 <main+0x384>)
20000816:	6018      	str	r0, [r3, #0]
20000818:	3201      	adds	r2, #1
2000081a:	3101      	adds	r1, #1
2000081c:	2a01      	cmp	r2, #1
2000081e:	d9f4      	bls.n	2000080a <main+0x1ca>
20000820:	2200      	movs	r2, #0
20000822:	210a      	movs	r1, #10
20000824:	4469      	add	r1, sp
20000826:	e008      	b.n	2000083a <main+0x1fa>
20000828:	4b66      	ldr	r3, [pc, #408]	; (200009c4 <main+0x384>)
2000082a:	699b      	ldr	r3, [r3, #24]
2000082c:	069b      	lsls	r3, r3, #26
2000082e:	d4fb      	bmi.n	20000828 <main+0x1e8>
20000830:	7808      	ldrb	r0, [r1, #0]
20000832:	4b64      	ldr	r3, [pc, #400]	; (200009c4 <main+0x384>)
20000834:	6018      	str	r0, [r3, #0]
20000836:	3201      	adds	r2, #1
20000838:	3101      	adds	r1, #1
2000083a:	2a01      	cmp	r2, #1
2000083c:	d9f4      	bls.n	20000828 <main+0x1e8>
2000083e:	2209      	movs	r2, #9
20000840:	446a      	add	r2, sp
20000842:	2300      	movs	r3, #0
20000844:	7013      	strb	r3, [r2, #0]
20000846:	2100      	movs	r1, #0
20000848:	e008      	b.n	2000085c <main+0x21c>
2000084a:	4b5e      	ldr	r3, [pc, #376]	; (200009c4 <main+0x384>)
2000084c:	699b      	ldr	r3, [r3, #24]
2000084e:	069b      	lsls	r3, r3, #26
20000850:	d4fb      	bmi.n	2000084a <main+0x20a>
20000852:	7810      	ldrb	r0, [r2, #0]
20000854:	4b5b      	ldr	r3, [pc, #364]	; (200009c4 <main+0x384>)
20000856:	6018      	str	r0, [r3, #0]
20000858:	3101      	adds	r1, #1
2000085a:	3201      	adds	r2, #1
2000085c:	2900      	cmp	r1, #0
2000085e:	d0f4      	beq.n	2000084a <main+0x20a>
20000860:	2209      	movs	r2, #9
20000862:	446a      	add	r2, sp
20000864:	2300      	movs	r3, #0
20000866:	7013      	strb	r3, [r2, #0]
20000868:	2100      	movs	r1, #0
2000086a:	e008      	b.n	2000087e <main+0x23e>
2000086c:	4b55      	ldr	r3, [pc, #340]	; (200009c4 <main+0x384>)
2000086e:	699b      	ldr	r3, [r3, #24]
20000870:	069b      	lsls	r3, r3, #26
20000872:	d4fb      	bmi.n	2000086c <main+0x22c>
20000874:	7810      	ldrb	r0, [r2, #0]
20000876:	4b53      	ldr	r3, [pc, #332]	; (200009c4 <main+0x384>)
20000878:	6018      	str	r0, [r3, #0]
2000087a:	3101      	adds	r1, #1
2000087c:	3201      	adds	r2, #1
2000087e:	2900      	cmp	r1, #0
20000880:	d0f4      	beq.n	2000086c <main+0x22c>
20000882:	2209      	movs	r2, #9
20000884:	446a      	add	r2, sp
20000886:	2300      	movs	r3, #0
20000888:	7013      	strb	r3, [r2, #0]
2000088a:	2100      	movs	r1, #0
2000088c:	e008      	b.n	200008a0 <main+0x260>
2000088e:	4b4d      	ldr	r3, [pc, #308]	; (200009c4 <main+0x384>)
20000890:	699b      	ldr	r3, [r3, #24]
20000892:	069b      	lsls	r3, r3, #26
20000894:	d4fb      	bmi.n	2000088e <main+0x24e>
20000896:	7810      	ldrb	r0, [r2, #0]
20000898:	4b4a      	ldr	r3, [pc, #296]	; (200009c4 <main+0x384>)
2000089a:	6018      	str	r0, [r3, #0]
2000089c:	3101      	adds	r1, #1
2000089e:	3201      	adds	r2, #1
200008a0:	2900      	cmp	r1, #0
200008a2:	d0f4      	beq.n	2000088e <main+0x24e>
200008a4:	2209      	movs	r2, #9
200008a6:	446a      	add	r2, sp
200008a8:	2300      	movs	r3, #0
200008aa:	7013      	strb	r3, [r2, #0]
200008ac:	2100      	movs	r1, #0
200008ae:	e008      	b.n	200008c2 <main+0x282>
200008b0:	4b44      	ldr	r3, [pc, #272]	; (200009c4 <main+0x384>)
200008b2:	699b      	ldr	r3, [r3, #24]
200008b4:	069b      	lsls	r3, r3, #26
200008b6:	d4fb      	bmi.n	200008b0 <main+0x270>
200008b8:	7810      	ldrb	r0, [r2, #0]
200008ba:	4b42      	ldr	r3, [pc, #264]	; (200009c4 <main+0x384>)
200008bc:	6018      	str	r0, [r3, #0]
200008be:	3101      	adds	r1, #1
200008c0:	3201      	adds	r2, #1
200008c2:	2900      	cmp	r1, #0
200008c4:	d0f4      	beq.n	200008b0 <main+0x270>
200008c6:	2209      	movs	r2, #9
200008c8:	446a      	add	r2, sp
200008ca:	2300      	movs	r3, #0
200008cc:	7013      	strb	r3, [r2, #0]
200008ce:	2100      	movs	r1, #0
200008d0:	e008      	b.n	200008e4 <main+0x2a4>
200008d2:	4b3c      	ldr	r3, [pc, #240]	; (200009c4 <main+0x384>)
200008d4:	699b      	ldr	r3, [r3, #24]
200008d6:	069b      	lsls	r3, r3, #26
200008d8:	d4fb      	bmi.n	200008d2 <main+0x292>
200008da:	7810      	ldrb	r0, [r2, #0]
200008dc:	4b39      	ldr	r3, [pc, #228]	; (200009c4 <main+0x384>)
200008de:	6018      	str	r0, [r3, #0]
200008e0:	3101      	adds	r1, #1
200008e2:	3201      	adds	r2, #1
200008e4:	2900      	cmp	r1, #0
200008e6:	d0f4      	beq.n	200008d2 <main+0x292>
200008e8:	4b39      	ldr	r3, [pc, #228]	; (200009d0 <main+0x390>)
200008ea:	2204      	movs	r2, #4
200008ec:	601a      	str	r2, [r3, #0]
200008ee:	4b39      	ldr	r3, [pc, #228]	; (200009d4 <main+0x394>)
200008f0:	681b      	ldr	r3, [r3, #0]
200008f2:	05db      	lsls	r3, r3, #23
200008f4:	d5fb      	bpl.n	200008ee <main+0x2ae>
200008f6:	4b37      	ldr	r3, [pc, #220]	; (200009d4 <main+0x394>)
200008f8:	685a      	ldr	r2, [r3, #4]
200008fa:	230a      	movs	r3, #10
200008fc:	446b      	add	r3, sp
200008fe:	801a      	strh	r2, [r3, #0]
20000900:	4645      	mov	r5, r8
20000902:	3501      	adds	r5, #1
20000904:	b2eb      	uxtb	r3, r5
20000906:	4698      	mov	r8, r3
20000908:	2101      	movs	r1, #1
2000090a:	4b34      	ldr	r3, [pc, #208]	; (200009dc <main+0x39c>)
2000090c:	6858      	ldr	r0, [r3, #4]
2000090e:	2280      	movs	r2, #128	; 0x80
20000910:	0052      	lsls	r2, r2, #1
20000912:	0003      	movs	r3, r0
20000914:	4013      	ands	r3, r2
20000916:	4210      	tst	r0, r2
20000918:	d000      	beq.n	2000091c <main+0x2dc>
2000091a:	e0ce      	b.n	20000aba <main+0x47a>
2000091c:	2900      	cmp	r1, #0
2000091e:	d100      	bne.n	20000922 <main+0x2e2>
20000920:	e08d      	b.n	20000a3e <main+0x3fe>
20000922:	e0b2      	b.n	20000a8a <main+0x44a>
20000924:	4b27      	ldr	r3, [pc, #156]	; (200009c4 <main+0x384>)
20000926:	699b      	ldr	r3, [r3, #24]
20000928:	069b      	lsls	r3, r3, #26
2000092a:	d4fb      	bmi.n	20000924 <main+0x2e4>
2000092c:	780e      	ldrb	r6, [r1, #0]
2000092e:	4b25      	ldr	r3, [pc, #148]	; (200009c4 <main+0x384>)
20000930:	601e      	str	r6, [r3, #0]
20000932:	3201      	adds	r2, #1
20000934:	3101      	adds	r1, #1
20000936:	2a01      	cmp	r2, #1
20000938:	d9f4      	bls.n	20000924 <main+0x2e4>
2000093a:	2209      	movs	r2, #9
2000093c:	446a      	add	r2, sp
2000093e:	4643      	mov	r3, r8
20000940:	7013      	strb	r3, [r2, #0]
20000942:	0001      	movs	r1, r0
20000944:	e008      	b.n	20000958 <main+0x318>
20000946:	4b1f      	ldr	r3, [pc, #124]	; (200009c4 <main+0x384>)
20000948:	699b      	ldr	r3, [r3, #24]
2000094a:	069b      	lsls	r3, r3, #26
2000094c:	d4fb      	bmi.n	20000946 <main+0x306>
2000094e:	7816      	ldrb	r6, [r2, #0]
20000950:	4b1c      	ldr	r3, [pc, #112]	; (200009c4 <main+0x384>)
20000952:	601e      	str	r6, [r3, #0]
20000954:	3101      	adds	r1, #1
20000956:	3201      	adds	r2, #1
20000958:	2900      	cmp	r1, #0
2000095a:	d0f4      	beq.n	20000946 <main+0x306>
2000095c:	0007      	movs	r7, r0
2000095e:	e012      	b.n	20000986 <main+0x346>
20000960:	4b18      	ldr	r3, [pc, #96]	; (200009c4 <main+0x384>)
20000962:	699b      	ldr	r3, [r3, #24]
20000964:	069b      	lsls	r3, r3, #26
20000966:	d4fb      	bmi.n	20000960 <main+0x320>
20000968:	7816      	ldrb	r6, [r2, #0]
2000096a:	4b16      	ldr	r3, [pc, #88]	; (200009c4 <main+0x384>)
2000096c:	601e      	str	r6, [r3, #0]
2000096e:	3101      	adds	r1, #1
20000970:	3201      	adds	r2, #1
20000972:	2902      	cmp	r1, #2
20000974:	d9f4      	bls.n	20000960 <main+0x320>
20000976:	00ba      	lsls	r2, r7, #2
20000978:	4b19      	ldr	r3, [pc, #100]	; (200009e0 <main+0x3a0>)
2000097a:	58d3      	ldr	r3, [r2, r3]
2000097c:	009b      	lsls	r3, r3, #2
2000097e:	aa08      	add	r2, sp, #32
20000980:	2100      	movs	r1, #0
20000982:	5099      	str	r1, [r3, r2]
20000984:	3701      	adds	r7, #1
20000986:	2f07      	cmp	r7, #7
20000988:	d80a      	bhi.n	200009a0 <main+0x360>
2000098a:	00bb      	lsls	r3, r7, #2
2000098c:	4a14      	ldr	r2, [pc, #80]	; (200009e0 <main+0x3a0>)
2000098e:	589b      	ldr	r3, [r3, r2]
20000990:	aa08      	add	r2, sp, #32
20000992:	009b      	lsls	r3, r3, #2
20000994:	5899      	ldr	r1, [r3, r2]
20000996:	1089      	asrs	r1, r1, #2
20000998:	5099      	str	r1, [r3, r2]
2000099a:	18d2      	adds	r2, r2, r3
2000099c:	0001      	movs	r1, r0
2000099e:	e7e8      	b.n	20000972 <main+0x332>
200009a0:	2209      	movs	r2, #9
200009a2:	446a      	add	r2, sp
200009a4:	2300      	movs	r3, #0
200009a6:	7013      	strb	r3, [r2, #0]
200009a8:	0001      	movs	r1, r0
200009aa:	e024      	b.n	200009f6 <main+0x3b6>
200009ac:	fffffcfd 	.word	0xfffffcfd
200009b0:	ffffeeef 	.word	0xffffeeef
200009b4:	00b71b00 	.word	0x00b71b00
200009b8:	40028000 	.word	0x40028000
200009bc:	5b8d8000 	.word	0x5b8d8000
200009c0:	05b8d800 	.word	0x05b8d800
200009c4:	40034000 	.word	0x40034000
200009c8:	005b8d80 	.word	0x005b8d80
200009cc:	40034030 	.word	0x40034030
200009d0:	4004e000 	.word	0x4004e000
200009d4:	4004c000 	.word	0x4004c000
200009d8:	4004d000 	.word	0x4004d000
200009dc:	50200000 	.word	0x50200000
200009e0:	20004cc4 	.word	0x20004cc4
200009e4:	4b45      	ldr	r3, [pc, #276]	; (20000afc <main+0x4bc>)
200009e6:	699b      	ldr	r3, [r3, #24]
200009e8:	069b      	lsls	r3, r3, #26
200009ea:	d4fb      	bmi.n	200009e4 <main+0x3a4>
200009ec:	7816      	ldrb	r6, [r2, #0]
200009ee:	4b43      	ldr	r3, [pc, #268]	; (20000afc <main+0x4bc>)
200009f0:	601e      	str	r6, [r3, #0]
200009f2:	3101      	adds	r1, #1
200009f4:	3201      	adds	r2, #1
200009f6:	2900      	cmp	r1, #0
200009f8:	d0f4      	beq.n	200009e4 <main+0x3a4>
200009fa:	e000      	b.n	200009fe <main+0x3be>
200009fc:	3001      	adds	r0, #1
200009fe:	2803      	cmp	r0, #3
20000a00:	d900      	bls.n	20000a04 <main+0x3c4>
20000a02:	e77d      	b.n	20000900 <main+0x2c0>
20000a04:	4b3e      	ldr	r3, [pc, #248]	; (20000b00 <main+0x4c0>)
20000a06:	685a      	ldr	r2, [r3, #4]
20000a08:	0001      	movs	r1, r0
20000a0a:	3108      	adds	r1, #8
20000a0c:	2301      	movs	r3, #1
20000a0e:	408b      	lsls	r3, r1
20000a10:	4213      	tst	r3, r2
20000a12:	d102      	bne.n	20000a1a <main+0x3da>
20000a14:	008a      	lsls	r2, r1, #2
20000a16:	493a      	ldr	r1, [pc, #232]	; (20000b00 <main+0x4c0>)
20000a18:	5852      	ldr	r2, [r2, r1]
20000a1a:	4a3a      	ldr	r2, [pc, #232]	; (20000b04 <main+0x4c4>)
20000a1c:	6852      	ldr	r2, [r2, #4]
20000a1e:	421a      	tst	r2, r3
20000a20:	d1ec      	bne.n	200009fc <main+0x3bc>
20000a22:	0003      	movs	r3, r0
20000a24:	3308      	adds	r3, #8
20000a26:	009b      	lsls	r3, r3, #2
20000a28:	4a36      	ldr	r2, [pc, #216]	; (20000b04 <main+0x4c4>)
20000a2a:	589b      	ldr	r3, [r3, r2]
20000a2c:	e7e6      	b.n	200009fc <main+0x3bc>
20000a2e:	1d1a      	adds	r2, r3, #4
20000a30:	a808      	add	r0, sp, #32
20000a32:	0092      	lsls	r2, r2, #2
20000a34:	5815      	ldr	r5, [r2, r0]
20000a36:	46ac      	mov	ip, r5
20000a38:	4466      	add	r6, ip
20000a3a:	5016      	str	r6, [r2, r0]
20000a3c:	3301      	adds	r3, #1
20000a3e:	2b03      	cmp	r3, #3
20000a40:	d83b      	bhi.n	20000aba <main+0x47a>
20000a42:	4a2f      	ldr	r2, [pc, #188]	; (20000b00 <main+0x4c0>)
20000a44:	6850      	ldr	r0, [r2, #4]
20000a46:	001e      	movs	r6, r3
20000a48:	3608      	adds	r6, #8
20000a4a:	2201      	movs	r2, #1
20000a4c:	40b2      	lsls	r2, r6
20000a4e:	4202      	tst	r2, r0
20000a50:	d10c      	bne.n	20000a6c <main+0x42c>
20000a52:	00b0      	lsls	r0, r6, #2
20000a54:	4e2a      	ldr	r6, [pc, #168]	; (20000b00 <main+0x4c0>)
20000a56:	5980      	ldr	r0, [r0, r6]
20000a58:	0385      	lsls	r5, r0, #14
20000a5a:	d501      	bpl.n	20000a60 <main+0x420>
20000a5c:	4e2a      	ldr	r6, [pc, #168]	; (20000b08 <main+0x4c8>)
20000a5e:	4330      	orrs	r0, r6
20000a60:	ae08      	add	r6, sp, #32
20000a62:	009f      	lsls	r7, r3, #2
20000a64:	59bd      	ldr	r5, [r7, r6]
20000a66:	46ac      	mov	ip, r5
20000a68:	4460      	add	r0, ip
20000a6a:	51b8      	str	r0, [r7, r6]
20000a6c:	4825      	ldr	r0, [pc, #148]	; (20000b04 <main+0x4c4>)
20000a6e:	6840      	ldr	r0, [r0, #4]
20000a70:	4210      	tst	r0, r2
20000a72:	d1e3      	bne.n	20000a3c <main+0x3fc>
20000a74:	001a      	movs	r2, r3
20000a76:	3208      	adds	r2, #8
20000a78:	0092      	lsls	r2, r2, #2
20000a7a:	4822      	ldr	r0, [pc, #136]	; (20000b04 <main+0x4c4>)
20000a7c:	5816      	ldr	r6, [r2, r0]
20000a7e:	03b2      	lsls	r2, r6, #14
20000a80:	d5d5      	bpl.n	20000a2e <main+0x3ee>
20000a82:	4a21      	ldr	r2, [pc, #132]	; (20000b08 <main+0x4c8>)
20000a84:	4316      	orrs	r6, r2
20000a86:	e7d2      	b.n	20000a2e <main+0x3ee>
20000a88:	3301      	adds	r3, #1
20000a8a:	2b03      	cmp	r3, #3
20000a8c:	d814      	bhi.n	20000ab8 <main+0x478>
20000a8e:	4a1c      	ldr	r2, [pc, #112]	; (20000b00 <main+0x4c0>)
20000a90:	6851      	ldr	r1, [r2, #4]
20000a92:	0018      	movs	r0, r3
20000a94:	3008      	adds	r0, #8
20000a96:	2201      	movs	r2, #1
20000a98:	4082      	lsls	r2, r0
20000a9a:	420a      	tst	r2, r1
20000a9c:	d102      	bne.n	20000aa4 <main+0x464>
20000a9e:	0081      	lsls	r1, r0, #2
20000aa0:	4817      	ldr	r0, [pc, #92]	; (20000b00 <main+0x4c0>)
20000aa2:	5809      	ldr	r1, [r1, r0]
20000aa4:	4917      	ldr	r1, [pc, #92]	; (20000b04 <main+0x4c4>)
20000aa6:	6849      	ldr	r1, [r1, #4]
20000aa8:	4211      	tst	r1, r2
20000aaa:	d1ed      	bne.n	20000a88 <main+0x448>
20000aac:	001a      	movs	r2, r3
20000aae:	3208      	adds	r2, #8
20000ab0:	0092      	lsls	r2, r2, #2
20000ab2:	4914      	ldr	r1, [pc, #80]	; (20000b04 <main+0x4c4>)
20000ab4:	5852      	ldr	r2, [r2, r1]
20000ab6:	e7e7      	b.n	20000a88 <main+0x448>
20000ab8:	2100      	movs	r1, #0
20000aba:	23d0      	movs	r3, #208	; 0xd0
20000abc:	061b      	lsls	r3, r3, #24
20000abe:	2240      	movs	r2, #64	; 0x40
20000ac0:	615a      	str	r2, [r3, #20]
20000ac2:	46c0      	nop			; (mov r8, r8)
20000ac4:	619a      	str	r2, [r3, #24]
20000ac6:	0020      	movs	r0, r4
20000ac8:	23d0      	movs	r3, #208	; 0xd0
20000aca:	061b      	lsls	r3, r3, #24
20000acc:	685b      	ldr	r3, [r3, #4]
20000ace:	091b      	lsrs	r3, r3, #4
20000ad0:	2201      	movs	r2, #1
20000ad2:	0014      	movs	r4, r2
20000ad4:	401c      	ands	r4, r3
20000ad6:	421a      	tst	r2, r3
20000ad8:	d100      	bne.n	20000adc <main+0x49c>
20000ada:	e716      	b.n	2000090a <main+0x2ca>
20000adc:	2800      	cmp	r0, #0
20000ade:	d000      	beq.n	20000ae2 <main+0x4a2>
20000ae0:	e713      	b.n	2000090a <main+0x2ca>
20000ae2:	23d0      	movs	r3, #208	; 0xd0
20000ae4:	061b      	lsls	r3, r3, #24
20000ae6:	685b      	ldr	r3, [r3, #4]
20000ae8:	095b      	lsrs	r3, r3, #5
20000aea:	0010      	movs	r0, r2
20000aec:	4018      	ands	r0, r3
20000aee:	421a      	tst	r2, r3
20000af0:	d000      	beq.n	20000af4 <main+0x4b4>
20000af2:	e66b      	b.n	200007cc <main+0x18c>
20000af4:	0002      	movs	r2, r0
20000af6:	a907      	add	r1, sp, #28
20000af8:	e71d      	b.n	20000936 <main+0x2f6>
20000afa:	46c0      	nop			; (mov r8, r8)
20000afc:	40034000 	.word	0x40034000
20000b00:	50200000 	.word	0x50200000
20000b04:	50300000 	.word	0x50300000
20000b08:	fffc0000 	.word	0xfffc0000

20000b0c <gpio_set_function>:
20000b0c:	b510      	push	{r4, lr}
20000b0e:	0083      	lsls	r3, r0, #2
20000b10:	4a08      	ldr	r2, [pc, #32]	; (20000b34 <gpio_set_function+0x28>)
20000b12:	4694      	mov	ip, r2
20000b14:	4463      	add	r3, ip
20000b16:	681c      	ldr	r4, [r3, #0]
20000b18:	2240      	movs	r2, #64	; 0x40
20000b1a:	4062      	eors	r2, r4
20000b1c:	24c0      	movs	r4, #192	; 0xc0
20000b1e:	4014      	ands	r4, r2
20000b20:	2280      	movs	r2, #128	; 0x80
20000b22:	0152      	lsls	r2, r2, #5
20000b24:	4313      	orrs	r3, r2
20000b26:	601c      	str	r4, [r3, #0]
20000b28:	00c0      	lsls	r0, r0, #3
20000b2a:	4b03      	ldr	r3, [pc, #12]	; (20000b38 <gpio_set_function+0x2c>)
20000b2c:	469c      	mov	ip, r3
20000b2e:	4460      	add	r0, ip
20000b30:	6041      	str	r1, [r0, #4]
20000b32:	bd10      	pop	{r4, pc}
20000b34:	4001c004 	.word	0x4001c004
20000b38:	40014000 	.word	0x40014000

20000b3c <gpio_init>:
20000b3c:	b510      	push	{r4, lr}
20000b3e:	2301      	movs	r3, #1
20000b40:	4083      	lsls	r3, r0
20000b42:	22d0      	movs	r2, #208	; 0xd0
20000b44:	0612      	lsls	r2, r2, #24
20000b46:	6293      	str	r3, [r2, #40]	; 0x28
20000b48:	6193      	str	r3, [r2, #24]
20000b4a:	2105      	movs	r1, #5
20000b4c:	f7ff ffde 	bl	20000b0c <gpio_set_function>
20000b50:	bd10      	pop	{r4, pc}
	...

20000b54 <running_on_fpga>:
20000b54:	4b03      	ldr	r3, [pc, #12]	; (20000b64 <running_on_fpga+0x10>)
20000b56:	681b      	ldr	r3, [r3, #0]
20000b58:	2002      	movs	r0, #2
20000b5a:	4018      	ands	r0, r3
20000b5c:	1e43      	subs	r3, r0, #1
20000b5e:	4198      	sbcs	r0, r3
20000b60:	b2c0      	uxtb	r0, r0
20000b62:	4770      	bx	lr
20000b64:	4006c000 	.word	0x4006c000

20000b68 <hw_claim_lock>:
20000b68:	f3ef 8010 	mrs	r0, PRIMASK
20000b6c:	b672      	cpsid	i
20000b6e:	4b03      	ldr	r3, [pc, #12]	; (20000b7c <hw_claim_lock+0x14>)
20000b70:	681b      	ldr	r3, [r3, #0]
20000b72:	2b00      	cmp	r3, #0
20000b74:	d0fb      	beq.n	20000b6e <hw_claim_lock+0x6>
20000b76:	f3bf 8f5f 	dmb	sy
20000b7a:	4770      	bx	lr
20000b7c:	d000012c 	.word	0xd000012c

20000b80 <hw_claim_unlock>:
20000b80:	f3bf 8f5f 	dmb	sy
20000b84:	4b02      	ldr	r3, [pc, #8]	; (20000b90 <hw_claim_unlock+0x10>)
20000b86:	2200      	movs	r2, #0
20000b88:	601a      	str	r2, [r3, #0]
20000b8a:	f380 8810 	msr	PRIMASK, r0
20000b8e:	4770      	bx	lr
20000b90:	d000012c 	.word	0xd000012c

20000b94 <hw_claim_or_assert>:
20000b94:	b5f8      	push	{r3, r4, r5, r6, r7, lr}
20000b96:	0006      	movs	r6, r0
20000b98:	000c      	movs	r4, r1
20000b9a:	0015      	movs	r5, r2
20000b9c:	f7ff ffe4 	bl	20000b68 <hw_claim_lock>
20000ba0:	08e3      	lsrs	r3, r4, #3
20000ba2:	18f7      	adds	r7, r6, r3
20000ba4:	5cf1      	ldrb	r1, [r6, r3]
20000ba6:	2207      	movs	r2, #7
20000ba8:	4022      	ands	r2, r4
20000baa:	2301      	movs	r3, #1
20000bac:	4093      	lsls	r3, r2
20000bae:	420b      	tst	r3, r1
20000bb0:	d105      	bne.n	20000bbe <hw_claim_or_assert+0x2a>
20000bb2:	b2db      	uxtb	r3, r3
20000bb4:	430b      	orrs	r3, r1
20000bb6:	703b      	strb	r3, [r7, #0]
20000bb8:	f7ff ffe2 	bl	20000b80 <hw_claim_unlock>
20000bbc:	bdf8      	pop	{r3, r4, r5, r6, r7, pc}
20000bbe:	0021      	movs	r1, r4
20000bc0:	0028      	movs	r0, r5
20000bc2:	f001 fed1 	bl	20002968 <panic>
	...

20000bc8 <spin_locks_reset>:
20000bc8:	2300      	movs	r3, #0
20000bca:	e007      	b.n	20000bdc <spin_locks_reset+0x14>
20000bcc:	4a05      	ldr	r2, [pc, #20]	; (20000be4 <spin_locks_reset+0x1c>)
20000bce:	189a      	adds	r2, r3, r2
20000bd0:	0092      	lsls	r2, r2, #2
20000bd2:	f3bf 8f5f 	dmb	sy
20000bd6:	2100      	movs	r1, #0
20000bd8:	6011      	str	r1, [r2, #0]
20000bda:	3301      	adds	r3, #1
20000bdc:	2b1f      	cmp	r3, #31
20000bde:	d9f5      	bls.n	20000bcc <spin_locks_reset+0x4>
20000be0:	4770      	bx	lr
20000be2:	46c0      	nop			; (mov r8, r8)
20000be4:	34000040 	.word	0x34000040

20000be8 <next_striped_spin_lock_num>:
20000be8:	4a05      	ldr	r2, [pc, #20]	; (20000c00 <next_striped_spin_lock_num+0x18>)
20000bea:	7810      	ldrb	r0, [r2, #0]
20000bec:	1c43      	adds	r3, r0, #1
20000bee:	b2db      	uxtb	r3, r3
20000bf0:	7013      	strb	r3, [r2, #0]
20000bf2:	2b17      	cmp	r3, #23
20000bf4:	d902      	bls.n	20000bfc <next_striped_spin_lock_num+0x14>
20000bf6:	0013      	movs	r3, r2
20000bf8:	2210      	movs	r2, #16
20000bfa:	701a      	strb	r2, [r3, #0]
20000bfc:	4770      	bx	lr
20000bfe:	46c0      	nop			; (mov r8, r8)
20000c00:	20005e20 	.word	0x20005e20

20000c04 <set_raw_irq_handler_and_unlock>:
20000c04:	4b07      	ldr	r3, [pc, #28]	; (20000c24 <set_raw_irq_handler_and_unlock+0x20>)
20000c06:	689b      	ldr	r3, [r3, #8]
20000c08:	3010      	adds	r0, #16
20000c0a:	0080      	lsls	r0, r0, #2
20000c0c:	5019      	str	r1, [r3, r0]
20000c0e:	f3bf 8f5f 	dmb	sy
20000c12:	f3bf 8f5f 	dmb	sy
20000c16:	4b04      	ldr	r3, [pc, #16]	; (20000c28 <set_raw_irq_handler_and_unlock+0x24>)
20000c18:	2100      	movs	r1, #0
20000c1a:	6019      	str	r1, [r3, #0]
20000c1c:	f382 8810 	msr	PRIMASK, r2
20000c20:	4770      	bx	lr
20000c22:	46c0      	nop			; (mov r8, r8)
20000c24:	e000ed00 	.word	0xe000ed00
20000c28:	d0000124 	.word	0xd0000124

20000c2c <make_branch>:
20000c2c:	b510      	push	{r4, lr}
20000c2e:	1a09      	subs	r1, r1, r0
20000c30:	1f08      	subs	r0, r1, #4
20000c32:	4b0a      	ldr	r3, [pc, #40]	; (20000c5c <make_branch+0x30>)
20000c34:	469c      	mov	ip, r3
20000c36:	4461      	add	r1, ip
20000c38:	4a09      	ldr	r2, [pc, #36]	; (20000c60 <make_branch+0x34>)
20000c3a:	4291      	cmp	r1, r2
20000c3c:	d808      	bhi.n	20000c50 <make_branch+0x24>
20000c3e:	07c3      	lsls	r3, r0, #31
20000c40:	d406      	bmi.n	20000c50 <make_branch+0x24>
20000c42:	1040      	asrs	r0, r0, #1
20000c44:	0540      	lsls	r0, r0, #21
20000c46:	0d40      	lsrs	r0, r0, #21
20000c48:	4b06      	ldr	r3, [pc, #24]	; (20000c64 <make_branch+0x38>)
20000c4a:	4318      	orrs	r0, r3
20000c4c:	b280      	uxth	r0, r0
20000c4e:	bd10      	pop	{r4, pc}
20000c50:	4b05      	ldr	r3, [pc, #20]	; (20000c68 <make_branch+0x3c>)
20000c52:	4a06      	ldr	r2, [pc, #24]	; (20000c6c <make_branch+0x40>)
20000c54:	21a3      	movs	r1, #163	; 0xa3
20000c56:	4806      	ldr	r0, [pc, #24]	; (20000c70 <make_branch+0x44>)
20000c58:	f001 fdec 	bl	20002834 <__assert_func>
20000c5c:	000007fc 	.word	0x000007fc
20000c60:	00000ffe 	.word	0x00000ffe
20000c64:	ffffe000 	.word	0xffffe000
20000c68:	20004d28 	.word	0x20004d28
20000c6c:	20004f78 	.word	0x20004f78
20000c70:	20004d58 	.word	0x20004d58

20000c74 <insert_branch_and_link>:
20000c74:	b510      	push	{r4, lr}
20000c76:	1a09      	subs	r1, r1, r0
20000c78:	3904      	subs	r1, #4
20000c7a:	084c      	lsrs	r4, r1, #1
20000c7c:	0b09      	lsrs	r1, r1, #12
20000c7e:	d108      	bne.n	20000c92 <insert_branch_and_link+0x1e>
20000c80:	0549      	lsls	r1, r1, #21
20000c82:	0d49      	lsrs	r1, r1, #21
20000c84:	4a06      	ldr	r2, [pc, #24]	; (20000ca0 <insert_branch_and_link+0x2c>)
20000c86:	4311      	orrs	r1, r2
20000c88:	8001      	strh	r1, [r0, #0]
20000c8a:	4b06      	ldr	r3, [pc, #24]	; (20000ca4 <insert_branch_and_link+0x30>)
20000c8c:	4323      	orrs	r3, r4
20000c8e:	8043      	strh	r3, [r0, #2]
20000c90:	bd10      	pop	{r4, pc}
20000c92:	4b05      	ldr	r3, [pc, #20]	; (20000ca8 <insert_branch_and_link+0x34>)
20000c94:	4a05      	ldr	r2, [pc, #20]	; (20000cac <insert_branch_and_link+0x38>)
20000c96:	21ab      	movs	r1, #171	; 0xab
20000c98:	4805      	ldr	r0, [pc, #20]	; (20000cb0 <insert_branch_and_link+0x3c>)
20000c9a:	f001 fdcb 	bl	20002834 <__assert_func>
20000c9e:	46c0      	nop			; (mov r8, r8)
20000ca0:	fffff000 	.word	0xfffff000
20000ca4:	fffff800 	.word	0xfffff800
20000ca8:	20004d94 	.word	0x20004d94
20000cac:	20004f4c 	.word	0x20004f4c
20000cb0:	20004d58 	.word	0x20004d58

20000cb4 <irq_is_enabled>:
20000cb4:	2301      	movs	r3, #1
20000cb6:	4083      	lsls	r3, r0
20000cb8:	4a03      	ldr	r2, [pc, #12]	; (20000cc8 <irq_is_enabled+0x14>)
20000cba:	6810      	ldr	r0, [r2, #0]
20000cbc:	4018      	ands	r0, r3
20000cbe:	1e43      	subs	r3, r0, #1
20000cc0:	4198      	sbcs	r0, r3
20000cc2:	b2c0      	uxtb	r0, r0
20000cc4:	4770      	bx	lr
20000cc6:	46c0      	nop			; (mov r8, r8)
20000cc8:	e000e100 	.word	0xe000e100

20000ccc <irq_set_mask_enabled>:
20000ccc:	2900      	cmp	r1, #0
20000cce:	d004      	beq.n	20000cda <irq_set_mask_enabled+0xe>
20000cd0:	4b03      	ldr	r3, [pc, #12]	; (20000ce0 <irq_set_mask_enabled+0x14>)
20000cd2:	6018      	str	r0, [r3, #0]
20000cd4:	4b03      	ldr	r3, [pc, #12]	; (20000ce4 <irq_set_mask_enabled+0x18>)
20000cd6:	6018      	str	r0, [r3, #0]
20000cd8:	4770      	bx	lr
20000cda:	4b03      	ldr	r3, [pc, #12]	; (20000ce8 <irq_set_mask_enabled+0x1c>)
20000cdc:	6018      	str	r0, [r3, #0]
20000cde:	e7fb      	b.n	20000cd8 <irq_set_mask_enabled+0xc>
20000ce0:	e000e280 	.word	0xe000e280
20000ce4:	e000e100 	.word	0xe000e100
20000ce8:	e000e180 	.word	0xe000e180

20000cec <irq_set_enabled>:
20000cec:	b510      	push	{r4, lr}
20000cee:	2301      	movs	r3, #1
20000cf0:	4083      	lsls	r3, r0
20000cf2:	0018      	movs	r0, r3
20000cf4:	f7ff ffea 	bl	20000ccc <irq_set_mask_enabled>
20000cf8:	bd10      	pop	{r4, pc}
	...

20000cfc <irq_get_vtable_handler>:
20000cfc:	4b02      	ldr	r3, [pc, #8]	; (20000d08 <irq_get_vtable_handler+0xc>)
20000cfe:	689b      	ldr	r3, [r3, #8]
20000d00:	3010      	adds	r0, #16
20000d02:	0080      	lsls	r0, r0, #2
20000d04:	58c0      	ldr	r0, [r0, r3]
20000d06:	4770      	bx	lr
20000d08:	e000ed00 	.word	0xe000ed00

20000d0c <irq_set_exclusive_handler>:
20000d0c:	b570      	push	{r4, r5, r6, lr}
20000d0e:	0004      	movs	r4, r0
20000d10:	000d      	movs	r5, r1
20000d12:	f3ef 8610 	mrs	r6, PRIMASK
20000d16:	b672      	cpsid	i
20000d18:	4b0c      	ldr	r3, [pc, #48]	; (20000d4c <irq_set_exclusive_handler+0x40>)
20000d1a:	681b      	ldr	r3, [r3, #0]
20000d1c:	2b00      	cmp	r3, #0
20000d1e:	d0fb      	beq.n	20000d18 <irq_set_exclusive_handler+0xc>
20000d20:	f3bf 8f5f 	dmb	sy
20000d24:	0020      	movs	r0, r4
20000d26:	f7ff ffe9 	bl	20000cfc <irq_get_vtable_handler>
20000d2a:	4b09      	ldr	r3, [pc, #36]	; (20000d50 <irq_set_exclusive_handler+0x44>)
20000d2c:	4298      	cmp	r0, r3
20000d2e:	d001      	beq.n	20000d34 <irq_set_exclusive_handler+0x28>
20000d30:	42a8      	cmp	r0, r5
20000d32:	d105      	bne.n	20000d40 <irq_set_exclusive_handler+0x34>
20000d34:	0032      	movs	r2, r6
20000d36:	0029      	movs	r1, r5
20000d38:	0020      	movs	r0, r4
20000d3a:	f7ff ff63 	bl	20000c04 <set_raw_irq_handler_and_unlock>
20000d3e:	bd70      	pop	{r4, r5, r6, pc}
20000d40:	4b04      	ldr	r3, [pc, #16]	; (20000d54 <irq_set_exclusive_handler+0x48>)
20000d42:	4a05      	ldr	r2, [pc, #20]	; (20000d58 <irq_set_exclusive_handler+0x4c>)
20000d44:	2186      	movs	r1, #134	; 0x86
20000d46:	4805      	ldr	r0, [pc, #20]	; (20000d5c <irq_set_exclusive_handler+0x50>)
20000d48:	f001 fd74 	bl	20002834 <__assert_func>
20000d4c:	d0000124 	.word	0xd0000124
20000d50:	100001cd 	.word	0x100001cd
20000d54:	20004da4 	.word	0x20004da4
20000d58:	20004f94 	.word	0x20004f94
20000d5c:	20004d58 	.word	0x20004d58

20000d60 <irq_remove_handler>:
20000d60:	b5f0      	push	{r4, r5, r6, r7, lr}
20000d62:	46ce      	mov	lr, r9
20000d64:	4647      	mov	r7, r8
20000d66:	b580      	push	{r7, lr}
20000d68:	b083      	sub	sp, #12
20000d6a:	0006      	movs	r6, r0
20000d6c:	000d      	movs	r5, r1
20000d6e:	f3ef 8810 	mrs	r8, PRIMASK
20000d72:	b672      	cpsid	i
20000d74:	4b56      	ldr	r3, [pc, #344]	; (20000ed0 <irq_remove_handler+0x170>)
20000d76:	681b      	ldr	r3, [r3, #0]
20000d78:	2b00      	cmp	r3, #0
20000d7a:	d0fb      	beq.n	20000d74 <irq_remove_handler+0x14>
20000d7c:	f3bf 8f5f 	dmb	sy
20000d80:	4b54      	ldr	r3, [pc, #336]	; (20000ed4 <irq_remove_handler+0x174>)
20000d82:	689a      	ldr	r2, [r3, #8]
20000d84:	0034      	movs	r4, r6
20000d86:	3410      	adds	r4, #16
20000d88:	00a3      	lsls	r3, r4, #2
20000d8a:	58d7      	ldr	r7, [r2, r3]
20000d8c:	4b52      	ldr	r3, [pc, #328]	; (20000ed8 <irq_remove_handler+0x178>)
20000d8e:	429f      	cmp	r7, r3
20000d90:	d007      	beq.n	20000da2 <irq_remove_handler+0x42>
20000d92:	42af      	cmp	r7, r5
20000d94:	d100      	bne.n	20000d98 <irq_remove_handler+0x38>
20000d96:	e098      	b.n	20000eca <irq_remove_handler+0x16a>
20000d98:	9701      	str	r7, [sp, #4]
20000d9a:	4b50      	ldr	r3, [pc, #320]	; (20000edc <irq_remove_handler+0x17c>)
20000d9c:	1afb      	subs	r3, r7, r3
20000d9e:	2b2f      	cmp	r3, #47	; 0x2f
20000da0:	d909      	bls.n	20000db6 <irq_remove_handler+0x56>
20000da2:	4642      	mov	r2, r8
20000da4:	0039      	movs	r1, r7
20000da6:	0030      	movs	r0, r6
20000da8:	f7ff ff2c 	bl	20000c04 <set_raw_irq_handler_and_unlock>
20000dac:	b003      	add	sp, #12
20000dae:	bcc0      	pop	{r6, r7}
20000db0:	46b9      	mov	r9, r7
20000db2:	46b0      	mov	r8, r6
20000db4:	bdf0      	pop	{r4, r5, r6, r7, pc}
20000db6:	0030      	movs	r0, r6
20000db8:	f7ff ff7c 	bl	20000cb4 <irq_is_enabled>
20000dbc:	4681      	mov	r9, r0
20000dbe:	2100      	movs	r1, #0
20000dc0:	0030      	movs	r0, r6
20000dc2:	f7ff ff93 	bl	20000cec <irq_set_enabled>
20000dc6:	f3bf 8f5f 	dmb	sy
20000dca:	f3ef 8105 	mrs	r1, IPSR
20000dce:	2900      	cmp	r1, #0
20000dd0:	d001      	beq.n	20000dd6 <irq_remove_handler+0x76>
20000dd2:	428c      	cmp	r4, r1
20000dd4:	d111      	bne.n	20000dfa <irq_remove_handler+0x9a>
20000dd6:	2301      	movs	r3, #1
20000dd8:	9c01      	ldr	r4, [sp, #4]
20000dda:	439c      	bics	r4, r3
20000ddc:	2200      	movs	r2, #0
20000dde:	68a3      	ldr	r3, [r4, #8]
20000de0:	42ab      	cmp	r3, r5
20000de2:	d012      	beq.n	20000e0a <irq_remove_handler+0xaa>
20000de4:	2206      	movs	r2, #6
20000de6:	56a2      	ldrsb	r2, [r4, r2]
20000de8:	2a00      	cmp	r2, #0
20000dea:	db0d      	blt.n	20000e08 <irq_remove_handler+0xa8>
20000dec:	0053      	lsls	r3, r2, #1
20000dee:	189b      	adds	r3, r3, r2
20000df0:	009b      	lsls	r3, r3, #2
20000df2:	0022      	movs	r2, r4
20000df4:	4c39      	ldr	r4, [pc, #228]	; (20000edc <irq_remove_handler+0x17c>)
20000df6:	18e4      	adds	r4, r4, r3
20000df8:	e7f1      	b.n	20000dde <irq_remove_handler+0x7e>
20000dfa:	2136      	movs	r1, #54	; 0x36
20000dfc:	4b38      	ldr	r3, [pc, #224]	; (20000ee0 <irq_remove_handler+0x180>)
20000dfe:	4a39      	ldr	r2, [pc, #228]	; (20000ee4 <irq_remove_handler+0x184>)
20000e00:	31ff      	adds	r1, #255	; 0xff
20000e02:	4839      	ldr	r0, [pc, #228]	; (20000ee8 <irq_remove_handler+0x188>)
20000e04:	f001 fd16 	bl	20002834 <__assert_func>
20000e08:	0022      	movs	r2, r4
20000e0a:	42ab      	cmp	r3, r5
20000e0c:	d156      	bne.n	20000ebc <irq_remove_handler+0x15c>
20000e0e:	2506      	movs	r5, #6
20000e10:	5765      	ldrsb	r5, [r4, r5]
20000e12:	2d00      	cmp	r5, #0
20000e14:	db38      	blt.n	20000e88 <irq_remove_handler+0x128>
20000e16:	006b      	lsls	r3, r5, #1
20000e18:	195b      	adds	r3, r3, r5
20000e1a:	009a      	lsls	r2, r3, #2
20000e1c:	4b2f      	ldr	r3, [pc, #188]	; (20000edc <irq_remove_handler+0x17c>)
20000e1e:	189b      	adds	r3, r3, r2
20000e20:	689a      	ldr	r2, [r3, #8]
20000e22:	60a2      	str	r2, [r4, #8]
20000e24:	79da      	ldrb	r2, [r3, #7]
20000e26:	71e2      	strb	r2, [r4, #7]
20000e28:	2206      	movs	r2, #6
20000e2a:	569a      	ldrsb	r2, [r3, r2]
20000e2c:	71a2      	strb	r2, [r4, #6]
20000e2e:	799b      	ldrb	r3, [r3, #6]
20000e30:	b25b      	sxtb	r3, r3
20000e32:	2b00      	cmp	r3, #0
20000e34:	da0f      	bge.n	20000e56 <irq_remove_handler+0xf6>
20000e36:	482d      	ldr	r0, [pc, #180]	; (20000eec <irq_remove_handler+0x18c>)
20000e38:	80a0      	strh	r0, [r4, #4]
20000e3a:	006b      	lsls	r3, r5, #1
20000e3c:	195b      	adds	r3, r3, r5
20000e3e:	009b      	lsls	r3, r3, #2
20000e40:	4a26      	ldr	r2, [pc, #152]	; (20000edc <irq_remove_handler+0x17c>)
20000e42:	18d3      	adds	r3, r2, r3
20000e44:	4a2a      	ldr	r2, [pc, #168]	; (20000ef0 <irq_remove_handler+0x190>)
20000e46:	7811      	ldrb	r1, [r2, #0]
20000e48:	7199      	strb	r1, [r3, #6]
20000e4a:	7015      	strb	r5, [r2, #0]
20000e4c:	4649      	mov	r1, r9
20000e4e:	0030      	movs	r0, r6
20000e50:	f7ff ff4c 	bl	20000cec <irq_set_enabled>
20000e54:	e7a5      	b.n	20000da2 <irq_remove_handler+0x42>
20000e56:	1d20      	adds	r0, r4, #4
20000e58:	006b      	lsls	r3, r5, #1
20000e5a:	195b      	adds	r3, r3, r5
20000e5c:	009b      	lsls	r3, r3, #2
20000e5e:	4a1f      	ldr	r2, [pc, #124]	; (20000edc <irq_remove_handler+0x17c>)
20000e60:	189b      	adds	r3, r3, r2
20000e62:	1d1a      	adds	r2, r3, #4
20000e64:	889b      	ldrh	r3, [r3, #4]
20000e66:	0ad9      	lsrs	r1, r3, #11
20000e68:	291c      	cmp	r1, #28
20000e6a:	d107      	bne.n	20000e7c <irq_remove_handler+0x11c>
20000e6c:	055b      	lsls	r3, r3, #21
20000e6e:	155b      	asrs	r3, r3, #21
20000e70:	3302      	adds	r3, #2
20000e72:	0059      	lsls	r1, r3, #1
20000e74:	1851      	adds	r1, r2, r1
20000e76:	f7ff fed9 	bl	20000c2c <make_branch>
20000e7a:	e7dd      	b.n	20000e38 <irq_remove_handler+0xd8>
20000e7c:	4b1d      	ldr	r3, [pc, #116]	; (20000ef4 <irq_remove_handler+0x194>)
20000e7e:	4a1e      	ldr	r2, [pc, #120]	; (20000ef8 <irq_remove_handler+0x198>)
20000e80:	21b1      	movs	r1, #177	; 0xb1
20000e82:	4819      	ldr	r0, [pc, #100]	; (20000ee8 <irq_remove_handler+0x188>)
20000e84:	f001 fcd6 	bl	20002834 <__assert_func>
20000e88:	2900      	cmp	r1, #0
20000e8a:	d112      	bne.n	20000eb2 <irq_remove_handler+0x152>
20000e8c:	2a00      	cmp	r2, #0
20000e8e:	d00e      	beq.n	20000eae <irq_remove_handler+0x14e>
20000e90:	23ff      	movs	r3, #255	; 0xff
20000e92:	7193      	strb	r3, [r2, #6]
20000e94:	4b19      	ldr	r3, [pc, #100]	; (20000efc <irq_remove_handler+0x19c>)
20000e96:	8093      	strh	r3, [r2, #4]
20000e98:	4a15      	ldr	r2, [pc, #84]	; (20000ef0 <irq_remove_handler+0x190>)
20000e9a:	7813      	ldrb	r3, [r2, #0]
20000e9c:	71a3      	strb	r3, [r4, #6]
20000e9e:	4b18      	ldr	r3, [pc, #96]	; (20000f00 <irq_remove_handler+0x1a0>)
20000ea0:	490e      	ldr	r1, [pc, #56]	; (20000edc <irq_remove_handler+0x17c>)
20000ea2:	1a64      	subs	r4, r4, r1
20000ea4:	4164      	adcs	r4, r4
20000ea6:	4363      	muls	r3, r4
20000ea8:	0d1b      	lsrs	r3, r3, #20
20000eaa:	7013      	strb	r3, [r2, #0]
20000eac:	e7ce      	b.n	20000e4c <irq_remove_handler+0xec>
20000eae:	4f0a      	ldr	r7, [pc, #40]	; (20000ed8 <irq_remove_handler+0x178>)
20000eb0:	e7f2      	b.n	20000e98 <irq_remove_handler+0x138>
20000eb2:	1d20      	adds	r0, r4, #4
20000eb4:	4913      	ldr	r1, [pc, #76]	; (20000f04 <irq_remove_handler+0x1a4>)
20000eb6:	f7ff fedd 	bl	20000c74 <insert_branch_and_link>
20000eba:	e7c7      	b.n	20000e4c <irq_remove_handler+0xec>
20000ebc:	216a      	movs	r1, #106	; 0x6a
20000ebe:	4b12      	ldr	r3, [pc, #72]	; (20000f08 <irq_remove_handler+0x1a8>)
20000ec0:	4a08      	ldr	r2, [pc, #32]	; (20000ee4 <irq_remove_handler+0x184>)
20000ec2:	31ff      	adds	r1, #255	; 0xff
20000ec4:	4808      	ldr	r0, [pc, #32]	; (20000ee8 <irq_remove_handler+0x188>)
20000ec6:	f001 fcb5 	bl	20002834 <__assert_func>
20000eca:	4f03      	ldr	r7, [pc, #12]	; (20000ed8 <irq_remove_handler+0x178>)
20000ecc:	e769      	b.n	20000da2 <irq_remove_handler+0x42>
20000ece:	46c0      	nop			; (mov r8, r8)
20000ed0:	d0000124 	.word	0xd0000124
20000ed4:	e000ed00 	.word	0xe000ed00
20000ed8:	100001cd 	.word	0x100001cd
20000edc:	20005e24 	.word	0x20005e24
20000ee0:	20004eb8 	.word	0x20004eb8
20000ee4:	20004f64 	.word	0x20004f64
20000ee8:	20004d58 	.word	0x20004d58
20000eec:	0000bd01 	.word	0x0000bd01
20000ef0:	200063ba 	.word	0x200063ba
20000ef4:	20004ea0 	.word	0x20004ea0
20000ef8:	20004f84 	.word	0x20004f84
20000efc:	ffffbd01 	.word	0xffffbd01
20000f00:	0000aaaa 	.word	0x0000aaaa
20000f04:	20005e5e 	.word	0x20005e5e
20000f08:	20004eec 	.word	0x20004eec

20000f0c <irq_add_tail_to_free_list>:
20000f0c:	b570      	push	{r4, r5, r6, lr}
20000f0e:	2101      	movs	r1, #1
20000f10:	4301      	orrs	r1, r0
20000f12:	4b2e      	ldr	r3, [pc, #184]	; (20000fcc <irq_add_tail_to_free_list+0xc0>)
20000f14:	1acb      	subs	r3, r1, r3
20000f16:	2b2f      	cmp	r3, #47	; 0x2f
20000f18:	d828      	bhi.n	20000f6c <irq_add_tail_to_free_list+0x60>
20000f1a:	f3ef 8305 	mrs	r3, IPSR
20000f1e:	2b00      	cmp	r3, #0
20000f20:	d02b      	beq.n	20000f7a <irq_add_tail_to_free_list+0x6e>
20000f22:	f3ef 8c10 	mrs	ip, PRIMASK
20000f26:	b672      	cpsid	i
20000f28:	4a29      	ldr	r2, [pc, #164]	; (20000fd0 <irq_add_tail_to_free_list+0xc4>)
20000f2a:	6812      	ldr	r2, [r2, #0]
20000f2c:	2a00      	cmp	r2, #0
20000f2e:	d0fb      	beq.n	20000f28 <irq_add_tail_to_free_list+0x1c>
20000f30:	f3bf 8f5f 	dmb	sy
20000f34:	4a27      	ldr	r2, [pc, #156]	; (20000fd4 <irq_add_tail_to_free_list+0xc8>)
20000f36:	0004      	movs	r4, r0
20000f38:	4d24      	ldr	r5, [pc, #144]	; (20000fcc <irq_add_tail_to_free_list+0xc0>)
20000f3a:	1b64      	subs	r4, r4, r5
20000f3c:	4164      	adcs	r4, r4
20000f3e:	4362      	muls	r2, r4
20000f40:	0d12      	lsrs	r2, r2, #20
20000f42:	b254      	sxtb	r4, r2
20000f44:	4a24      	ldr	r2, [pc, #144]	; (20000fd8 <irq_add_tail_to_free_list+0xcc>)
20000f46:	6892      	ldr	r2, [r2, #8]
20000f48:	009b      	lsls	r3, r3, #2
20000f4a:	58d2      	ldr	r2, [r2, r3]
20000f4c:	428a      	cmp	r2, r1
20000f4e:	d01b      	beq.n	20000f88 <irq_add_tail_to_free_list+0x7c>
20000f50:	2200      	movs	r2, #0
20000f52:	2a03      	cmp	r2, #3
20000f54:	d832      	bhi.n	20000fbc <irq_add_tail_to_free_list+0xb0>
20000f56:	0053      	lsls	r3, r2, #1
20000f58:	189b      	adds	r3, r3, r2
20000f5a:	009b      	lsls	r3, r3, #2
20000f5c:	491b      	ldr	r1, [pc, #108]	; (20000fcc <irq_add_tail_to_free_list+0xc0>)
20000f5e:	18cb      	adds	r3, r1, r3
20000f60:	799b      	ldrb	r3, [r3, #6]
20000f62:	b25b      	sxtb	r3, r3
20000f64:	42a3      	cmp	r3, r4
20000f66:	d01f      	beq.n	20000fa8 <irq_add_tail_to_free_list+0x9c>
20000f68:	3201      	adds	r2, #1
20000f6a:	e7f2      	b.n	20000f52 <irq_add_tail_to_free_list+0x46>
20000f6c:	21c7      	movs	r1, #199	; 0xc7
20000f6e:	4b1b      	ldr	r3, [pc, #108]	; (20000fdc <irq_add_tail_to_free_list+0xd0>)
20000f70:	4a1b      	ldr	r2, [pc, #108]	; (20000fe0 <irq_add_tail_to_free_list+0xd4>)
20000f72:	0049      	lsls	r1, r1, #1
20000f74:	481b      	ldr	r0, [pc, #108]	; (20000fe4 <irq_add_tail_to_free_list+0xd8>)
20000f76:	f001 fc5d 	bl	20002834 <__assert_func>
20000f7a:	2192      	movs	r1, #146	; 0x92
20000f7c:	4b1a      	ldr	r3, [pc, #104]	; (20000fe8 <irq_add_tail_to_free_list+0xdc>)
20000f7e:	4a18      	ldr	r2, [pc, #96]	; (20000fe0 <irq_add_tail_to_free_list+0xd4>)
20000f80:	31ff      	adds	r1, #255	; 0xff
20000f82:	4818      	ldr	r0, [pc, #96]	; (20000fe4 <irq_add_tail_to_free_list+0xd8>)
20000f84:	f001 fc56 	bl	20002834 <__assert_func>
20000f88:	4a13      	ldr	r2, [pc, #76]	; (20000fd8 <irq_add_tail_to_free_list+0xcc>)
20000f8a:	6892      	ldr	r2, [r2, #8]
20000f8c:	4917      	ldr	r1, [pc, #92]	; (20000fec <irq_add_tail_to_free_list+0xe0>)
20000f8e:	50d1      	str	r1, [r2, r3]
20000f90:	4b17      	ldr	r3, [pc, #92]	; (20000ff0 <irq_add_tail_to_free_list+0xe4>)
20000f92:	781a      	ldrb	r2, [r3, #0]
20000f94:	7182      	strb	r2, [r0, #6]
20000f96:	701c      	strb	r4, [r3, #0]
20000f98:	f3bf 8f5f 	dmb	sy
20000f9c:	4b0c      	ldr	r3, [pc, #48]	; (20000fd0 <irq_add_tail_to_free_list+0xc4>)
20000f9e:	2200      	movs	r2, #0
20000fa0:	601a      	str	r2, [r3, #0]
20000fa2:	f38c 8810 	msr	PRIMASK, ip
20000fa6:	bd70      	pop	{r4, r5, r6, pc}
20000fa8:	000d      	movs	r5, r1
20000faa:	0053      	lsls	r3, r2, #1
20000fac:	1899      	adds	r1, r3, r2
20000fae:	0089      	lsls	r1, r1, #2
20000fb0:	1869      	adds	r1, r5, r1
20000fb2:	26ff      	movs	r6, #255	; 0xff
20000fb4:	718e      	strb	r6, [r1, #6]
20000fb6:	4a0f      	ldr	r2, [pc, #60]	; (20000ff4 <irq_add_tail_to_free_list+0xe8>)
20000fb8:	808a      	strh	r2, [r1, #4]
20000fba:	e7e9      	b.n	20000f90 <irq_add_tail_to_free_list+0x84>
20000fbc:	21d1      	movs	r1, #209	; 0xd1
20000fbe:	4b0e      	ldr	r3, [pc, #56]	; (20000ff8 <irq_add_tail_to_free_list+0xec>)
20000fc0:	4a07      	ldr	r2, [pc, #28]	; (20000fe0 <irq_add_tail_to_free_list+0xd4>)
20000fc2:	0049      	lsls	r1, r1, #1
20000fc4:	4807      	ldr	r0, [pc, #28]	; (20000fe4 <irq_add_tail_to_free_list+0xd8>)
20000fc6:	f001 fc35 	bl	20002834 <__assert_func>
20000fca:	46c0      	nop			; (mov r8, r8)
20000fcc:	20005e24 	.word	0x20005e24
20000fd0:	d0000124 	.word	0xd0000124
20000fd4:	0000aaaa 	.word	0x0000aaaa
20000fd8:	e000ed00 	.word	0xe000ed00
20000fdc:	20004ef4 	.word	0x20004ef4
20000fe0:	20004f30 	.word	0x20004f30
20000fe4:	20004d58 	.word	0x20004d58
20000fe8:	20004f1c 	.word	0x20004f1c
20000fec:	100001cd 	.word	0x100001cd
20000ff0:	200063ba 	.word	0x200063ba
20000ff4:	ffffbd01 	.word	0xffffbd01
20000ff8:	20004f28 	.word	0x20004f28

20000ffc <irq_init_priorities>:
20000ffc:	2200      	movs	r2, #0
20000ffe:	4b04      	ldr	r3, [pc, #16]	; (20001010 <irq_init_priorities+0x14>)
20001000:	e002      	b.n	20001008 <irq_init_priorities+0xc>
20001002:	4904      	ldr	r1, [pc, #16]	; (20001014 <irq_init_priorities+0x18>)
20001004:	c302      	stmia	r3!, {r1}
20001006:	3201      	adds	r2, #1
20001008:	2a07      	cmp	r2, #7
2000100a:	d9fa      	bls.n	20001002 <irq_init_priorities+0x6>
2000100c:	4770      	bx	lr
2000100e:	46c0      	nop			; (mov r8, r8)
20001010:	e000e400 	.word	0xe000e400
20001014:	80808080 	.word	0x80808080

20001018 <lock_init>:
20001018:	4b02      	ldr	r3, [pc, #8]	; (20001024 <lock_init+0xc>)
2000101a:	469c      	mov	ip, r3
2000101c:	4461      	add	r1, ip
2000101e:	0089      	lsls	r1, r1, #2
20001020:	6001      	str	r1, [r0, #0]
20001022:	4770      	bx	lr
20001024:	34000040 	.word	0x34000040

20001028 <mutex_init>:
20001028:	b510      	push	{r4, lr}
2000102a:	0004      	movs	r4, r0
2000102c:	f7ff fddc 	bl	20000be8 <next_striped_spin_lock_num>
20001030:	0001      	movs	r1, r0
20001032:	0020      	movs	r0, r4
20001034:	f7ff fff0 	bl	20001018 <lock_init>
20001038:	23ff      	movs	r3, #255	; 0xff
2000103a:	7123      	strb	r3, [r4, #4]
2000103c:	f3bf 8f5f 	dmb	sy
20001040:	bd10      	pop	{r4, pc}

20001042 <recursive_mutex_init>:
20001042:	b510      	push	{r4, lr}
20001044:	0004      	movs	r4, r0
20001046:	f7ff fdcf 	bl	20000be8 <next_striped_spin_lock_num>
2000104a:	0001      	movs	r1, r0
2000104c:	0020      	movs	r0, r4
2000104e:	f7ff ffe3 	bl	20001018 <lock_init>
20001052:	23ff      	movs	r3, #255	; 0xff
20001054:	7123      	strb	r3, [r4, #4]
20001056:	2300      	movs	r3, #0
20001058:	7163      	strb	r3, [r4, #5]
2000105a:	f3bf 8f5f 	dmb	sy
2000105e:	bd10      	pop	{r4, pc}

20001060 <alarm_pool_post_alloc_init>:
20001060:	b570      	push	{r4, r5, r6, lr}
20001062:	0005      	movs	r5, r0
20001064:	000c      	movs	r4, r1
20001066:	0008      	movs	r0, r1
20001068:	f000 fefe 	bl	20001e68 <hardware_alarm_cancel>
2000106c:	4909      	ldr	r1, [pc, #36]	; (20001094 <alarm_pool_post_alloc_init+0x34>)
2000106e:	0020      	movs	r0, r4
20001070:	f000 fe3e 	bl	20001cf0 <hardware_alarm_set_callback>
20001074:	f7ff fdb8 	bl	20000be8 <next_striped_spin_lock_num>
20001078:	4b07      	ldr	r3, [pc, #28]	; (20001098 <alarm_pool_post_alloc_init+0x38>)
2000107a:	469c      	mov	ip, r3
2000107c:	4460      	add	r0, ip
2000107e:	0080      	lsls	r0, r0, #2
20001080:	6068      	str	r0, [r5, #4]
20001082:	752c      	strb	r4, [r5, #20]
20001084:	23d0      	movs	r3, #208	; 0xd0
20001086:	061b      	lsls	r3, r3, #24
20001088:	781b      	ldrb	r3, [r3, #0]
2000108a:	756b      	strb	r3, [r5, #21]
2000108c:	00a4      	lsls	r4, r4, #2
2000108e:	4b03      	ldr	r3, [pc, #12]	; (2000109c <alarm_pool_post_alloc_init+0x3c>)
20001090:	50e5      	str	r5, [r4, r3]
20001092:	bd70      	pop	{r4, r5, r6, pc}
20001094:	200013a5 	.word	0x200013a5
20001098:	34000040 	.word	0x34000040
2000109c:	20006184 	.word	0x20006184

200010a0 <sleep_until_callback>:
200010a0:	4b0a      	ldr	r3, [pc, #40]	; (200010cc <sleep_until_callback+0x2c>)
200010a2:	681a      	ldr	r2, [r3, #0]
200010a4:	f3ef 8110 	mrs	r1, PRIMASK
200010a8:	b672      	cpsid	i
200010aa:	6813      	ldr	r3, [r2, #0]
200010ac:	2b00      	cmp	r3, #0
200010ae:	d0fc      	beq.n	200010aa <sleep_until_callback+0xa>
200010b0:	f3bf 8f5f 	dmb	sy
200010b4:	4b05      	ldr	r3, [pc, #20]	; (200010cc <sleep_until_callback+0x2c>)
200010b6:	681b      	ldr	r3, [r3, #0]
200010b8:	f3bf 8f5f 	dmb	sy
200010bc:	2200      	movs	r2, #0
200010be:	601a      	str	r2, [r3, #0]
200010c0:	f381 8810 	msr	PRIMASK, r1
200010c4:	bf40      	sev
200010c6:	2000      	movs	r0, #0
200010c8:	2100      	movs	r1, #0
200010ca:	4770      	bx	lr
200010cc:	200063a0 	.word	0x200063a0

200010d0 <timer_pool_entry_comparator>:
200010d0:	b510      	push	{r4, lr}
200010d2:	2900      	cmp	r1, #0
200010d4:	d022      	beq.n	2000111c <timer_pool_entry_comparator+0x4c>
200010d6:	6803      	ldr	r3, [r0, #0]
200010d8:	7b1b      	ldrb	r3, [r3, #12]
200010da:	4299      	cmp	r1, r3
200010dc:	d81e      	bhi.n	2000111c <timer_pool_entry_comparator+0x4c>
200010de:	4b17      	ldr	r3, [pc, #92]	; (2000113c <timer_pool_entry_comparator+0x6c>)
200010e0:	469c      	mov	ip, r3
200010e2:	4461      	add	r1, ip
200010e4:	0109      	lsls	r1, r1, #4
200010e6:	6883      	ldr	r3, [r0, #8]
200010e8:	469c      	mov	ip, r3
200010ea:	4461      	add	r1, ip
200010ec:	680c      	ldr	r4, [r1, #0]
200010ee:	6849      	ldr	r1, [r1, #4]
200010f0:	2a00      	cmp	r2, #0
200010f2:	d019      	beq.n	20001128 <timer_pool_entry_comparator+0x58>
200010f4:	6803      	ldr	r3, [r0, #0]
200010f6:	7b1b      	ldrb	r3, [r3, #12]
200010f8:	429a      	cmp	r2, r3
200010fa:	d815      	bhi.n	20001128 <timer_pool_entry_comparator+0x58>
200010fc:	6883      	ldr	r3, [r0, #8]
200010fe:	480f      	ldr	r0, [pc, #60]	; (2000113c <timer_pool_entry_comparator+0x6c>)
20001100:	4684      	mov	ip, r0
20001102:	4462      	add	r2, ip
20001104:	0112      	lsls	r2, r2, #4
20001106:	189a      	adds	r2, r3, r2
20001108:	6810      	ldr	r0, [r2, #0]
2000110a:	6853      	ldr	r3, [r2, #4]
2000110c:	0002      	movs	r2, r0
2000110e:	2001      	movs	r0, #1
20001110:	428b      	cmp	r3, r1
20001112:	d801      	bhi.n	20001118 <timer_pool_entry_comparator+0x48>
20001114:	d00e      	beq.n	20001134 <timer_pool_entry_comparator+0x64>
20001116:	2000      	movs	r0, #0
20001118:	b2c0      	uxtb	r0, r0
2000111a:	bd10      	pop	{r4, pc}
2000111c:	4b08      	ldr	r3, [pc, #32]	; (20001140 <timer_pool_entry_comparator+0x70>)
2000111e:	4a09      	ldr	r2, [pc, #36]	; (20001144 <timer_pool_entry_comparator+0x74>)
20001120:	213c      	movs	r1, #60	; 0x3c
20001122:	4809      	ldr	r0, [pc, #36]	; (20001148 <timer_pool_entry_comparator+0x78>)
20001124:	f001 fb86 	bl	20002834 <__assert_func>
20001128:	4b05      	ldr	r3, [pc, #20]	; (20001140 <timer_pool_entry_comparator+0x70>)
2000112a:	4a06      	ldr	r2, [pc, #24]	; (20001144 <timer_pool_entry_comparator+0x74>)
2000112c:	213c      	movs	r1, #60	; 0x3c
2000112e:	4806      	ldr	r0, [pc, #24]	; (20001148 <timer_pool_entry_comparator+0x78>)
20001130:	f001 fb80 	bl	20002834 <__assert_func>
20001134:	42a2      	cmp	r2, r4
20001136:	d8ef      	bhi.n	20001118 <timer_pool_entry_comparator+0x48>
20001138:	e7ed      	b.n	20001116 <timer_pool_entry_comparator+0x46>
2000113a:	46c0      	nop			; (mov r8, r8)
2000113c:	0fffffff 	.word	0x0fffffff
20001140:	20005104 	.word	0x20005104
20001144:	20005364 	.word	0x20005364
20001148:	200050d0 	.word	0x200050d0

2000114c <ph_add_child_node>:
2000114c:	b510      	push	{r4, lr}
2000114e:	2900      	cmp	r1, #0
20001150:	d01e      	beq.n	20001190 <ph_add_child_node+0x44>
20001152:	7b03      	ldrb	r3, [r0, #12]
20001154:	4299      	cmp	r1, r3
20001156:	d81b      	bhi.n	20001190 <ph_add_child_node+0x44>
20001158:	004b      	lsls	r3, r1, #1
2000115a:	185b      	adds	r3, r3, r1
2000115c:	3b03      	subs	r3, #3
2000115e:	6804      	ldr	r4, [r0, #0]
20001160:	46a4      	mov	ip, r4
20001162:	4463      	add	r3, ip
20001164:	2900      	cmp	r1, #0
20001166:	d019      	beq.n	2000119c <ph_add_child_node+0x50>
20001168:	2a00      	cmp	r2, #0
2000116a:	d01d      	beq.n	200011a8 <ph_add_child_node+0x5c>
2000116c:	4291      	cmp	r1, r2
2000116e:	d021      	beq.n	200011b4 <ph_add_child_node+0x68>
20001170:	2a00      	cmp	r2, #0
20001172:	d025      	beq.n	200011c0 <ph_add_child_node+0x74>
20001174:	7b04      	ldrb	r4, [r0, #12]
20001176:	42a2      	cmp	r2, r4
20001178:	d822      	bhi.n	200011c0 <ph_add_child_node+0x74>
2000117a:	6804      	ldr	r4, [r0, #0]
2000117c:	0050      	lsls	r0, r2, #1
2000117e:	1880      	adds	r0, r0, r2
20001180:	3803      	subs	r0, #3
20001182:	1820      	adds	r0, r4, r0
20001184:	7081      	strb	r1, [r0, #2]
20001186:	7819      	ldrb	r1, [r3, #0]
20001188:	2900      	cmp	r1, #0
2000118a:	d11f      	bne.n	200011cc <ph_add_child_node+0x80>
2000118c:	701a      	strb	r2, [r3, #0]
2000118e:	bd10      	pop	{r4, pc}
20001190:	4b10      	ldr	r3, [pc, #64]	; (200011d4 <ph_add_child_node+0x88>)
20001192:	4a11      	ldr	r2, [pc, #68]	; (200011d8 <ph_add_child_node+0x8c>)
20001194:	2168      	movs	r1, #104	; 0x68
20001196:	4811      	ldr	r0, [pc, #68]	; (200011dc <ph_add_child_node+0x90>)
20001198:	f001 fb4c 	bl	20002834 <__assert_func>
2000119c:	4b10      	ldr	r3, [pc, #64]	; (200011e0 <ph_add_child_node+0x94>)
2000119e:	4a11      	ldr	r2, [pc, #68]	; (200011e4 <ph_add_child_node+0x98>)
200011a0:	316f      	adds	r1, #111	; 0x6f
200011a2:	480e      	ldr	r0, [pc, #56]	; (200011dc <ph_add_child_node+0x90>)
200011a4:	f001 fb46 	bl	20002834 <__assert_func>
200011a8:	4b0f      	ldr	r3, [pc, #60]	; (200011e8 <ph_add_child_node+0x9c>)
200011aa:	4a0e      	ldr	r2, [pc, #56]	; (200011e4 <ph_add_child_node+0x98>)
200011ac:	2170      	movs	r1, #112	; 0x70
200011ae:	480b      	ldr	r0, [pc, #44]	; (200011dc <ph_add_child_node+0x90>)
200011b0:	f001 fb40 	bl	20002834 <__assert_func>
200011b4:	4b0d      	ldr	r3, [pc, #52]	; (200011ec <ph_add_child_node+0xa0>)
200011b6:	4a0b      	ldr	r2, [pc, #44]	; (200011e4 <ph_add_child_node+0x98>)
200011b8:	2171      	movs	r1, #113	; 0x71
200011ba:	4808      	ldr	r0, [pc, #32]	; (200011dc <ph_add_child_node+0x90>)
200011bc:	f001 fb3a 	bl	20002834 <__assert_func>
200011c0:	4b04      	ldr	r3, [pc, #16]	; (200011d4 <ph_add_child_node+0x88>)
200011c2:	4a05      	ldr	r2, [pc, #20]	; (200011d8 <ph_add_child_node+0x8c>)
200011c4:	2168      	movs	r1, #104	; 0x68
200011c6:	4805      	ldr	r0, [pc, #20]	; (200011dc <ph_add_child_node+0x90>)
200011c8:	f001 fb34 	bl	20002834 <__assert_func>
200011cc:	7041      	strb	r1, [r0, #1]
200011ce:	701a      	strb	r2, [r3, #0]
200011d0:	e7dd      	b.n	2000118e <ph_add_child_node+0x42>
200011d2:	46c0      	nop			; (mov r8, r8)
200011d4:	20005128 	.word	0x20005128
200011d8:	200053d0 	.word	0x200053d0
200011dc:	20005144 	.word	0x20005144
200011e0:	2000518c 	.word	0x2000518c
200011e4:	200053ac 	.word	0x200053ac
200011e8:	20005198 	.word	0x20005198
200011ec:	200051a4 	.word	0x200051a4

200011f0 <ph_merge_nodes>:
200011f0:	b570      	push	{r4, r5, r6, lr}
200011f2:	0006      	movs	r6, r0
200011f4:	000d      	movs	r5, r1
200011f6:	0014      	movs	r4, r2
200011f8:	2900      	cmp	r1, #0
200011fa:	d014      	beq.n	20001226 <ph_merge_nodes+0x36>
200011fc:	2a00      	cmp	r2, #0
200011fe:	d014      	beq.n	2000122a <ph_merge_nodes+0x3a>
20001200:	6880      	ldr	r0, [r0, #8]
20001202:	6873      	ldr	r3, [r6, #4]
20001204:	4798      	blx	r3
20001206:	2800      	cmp	r0, #0
20001208:	d006      	beq.n	20001218 <ph_merge_nodes+0x28>
2000120a:	0022      	movs	r2, r4
2000120c:	0029      	movs	r1, r5
2000120e:	0030      	movs	r0, r6
20001210:	f7ff ff9c 	bl	2000114c <ph_add_child_node>
20001214:	0028      	movs	r0, r5
20001216:	e007      	b.n	20001228 <ph_merge_nodes+0x38>
20001218:	002a      	movs	r2, r5
2000121a:	0021      	movs	r1, r4
2000121c:	0030      	movs	r0, r6
2000121e:	f7ff ff95 	bl	2000114c <ph_add_child_node>
20001222:	0020      	movs	r0, r4
20001224:	e000      	b.n	20001228 <ph_merge_nodes+0x38>
20001226:	0010      	movs	r0, r2
20001228:	bd70      	pop	{r4, r5, r6, pc}
2000122a:	0008      	movs	r0, r1
2000122c:	e7fc      	b.n	20001228 <ph_merge_nodes+0x38>
	...

20001230 <add_alarm_under_lock>:
20001230:	b5f0      	push	{r4, r5, r6, r7, lr}
20001232:	b083      	sub	sp, #12
20001234:	0005      	movs	r5, r0
20001236:	9200      	str	r2, [sp, #0]
20001238:	9301      	str	r3, [sp, #4]
2000123a:	ab0a      	add	r3, sp, #40	; 0x28
2000123c:	781c      	ldrb	r4, [r3, #0]
2000123e:	ab0b      	add	r3, sp, #44	; 0x2c
20001240:	781f      	ldrb	r7, [r3, #0]
20001242:	2c00      	cmp	r4, #0
20001244:	d026      	beq.n	20001294 <add_alarm_under_lock+0x64>
20001246:	6803      	ldr	r3, [r0, #0]
20001248:	7b5a      	ldrb	r2, [r3, #13]
2000124a:	4294      	cmp	r4, r2
2000124c:	d107      	bne.n	2000125e <add_alarm_under_lock+0x2e>
2000124e:	2301      	movs	r3, #1
20001250:	2b00      	cmp	r3, #0
20001252:	d119      	bne.n	20001288 <add_alarm_under_lock+0x58>
20001254:	2c00      	cmp	r4, #0
20001256:	d13b      	bne.n	200012d0 <add_alarm_under_lock+0xa0>
20001258:	0020      	movs	r0, r4
2000125a:	b003      	add	sp, #12
2000125c:	bdf0      	pop	{r4, r5, r6, r7, pc}
2000125e:	2c00      	cmp	r4, #0
20001260:	d00c      	beq.n	2000127c <add_alarm_under_lock+0x4c>
20001262:	7b1a      	ldrb	r2, [r3, #12]
20001264:	4294      	cmp	r4, r2
20001266:	d809      	bhi.n	2000127c <add_alarm_under_lock+0x4c>
20001268:	681a      	ldr	r2, [r3, #0]
2000126a:	0063      	lsls	r3, r4, #1
2000126c:	191b      	adds	r3, r3, r4
2000126e:	3b03      	subs	r3, #3
20001270:	18d3      	adds	r3, r2, r3
20001272:	789b      	ldrb	r3, [r3, #2]
20001274:	2b00      	cmp	r3, #0
20001276:	d0eb      	beq.n	20001250 <add_alarm_under_lock+0x20>
20001278:	2301      	movs	r3, #1
2000127a:	e7e9      	b.n	20001250 <add_alarm_under_lock+0x20>
2000127c:	4b3e      	ldr	r3, [pc, #248]	; (20001378 <add_alarm_under_lock+0x148>)
2000127e:	4a3f      	ldr	r2, [pc, #252]	; (2000137c <add_alarm_under_lock+0x14c>)
20001280:	2168      	movs	r1, #104	; 0x68
20001282:	483f      	ldr	r0, [pc, #252]	; (20001380 <add_alarm_under_lock+0x150>)
20001284:	f001 fad6 	bl	20002834 <__assert_func>
20001288:	4b3e      	ldr	r3, [pc, #248]	; (20001384 <add_alarm_under_lock+0x154>)
2000128a:	4a3f      	ldr	r2, [pc, #252]	; (20001388 <add_alarm_under_lock+0x158>)
2000128c:	2167      	movs	r1, #103	; 0x67
2000128e:	483f      	ldr	r0, [pc, #252]	; (2000138c <add_alarm_under_lock+0x15c>)
20001290:	f001 fad0 	bl	20002834 <__assert_func>
20001294:	6803      	ldr	r3, [r0, #0]
20001296:	7b9c      	ldrb	r4, [r3, #14]
20001298:	2c00      	cmp	r4, #0
2000129a:	d0db      	beq.n	20001254 <add_alarm_under_lock+0x24>
2000129c:	d012      	beq.n	200012c4 <add_alarm_under_lock+0x94>
2000129e:	7b1a      	ldrb	r2, [r3, #12]
200012a0:	4294      	cmp	r4, r2
200012a2:	d80f      	bhi.n	200012c4 <add_alarm_under_lock+0x94>
200012a4:	0062      	lsls	r2, r4, #1
200012a6:	1912      	adds	r2, r2, r4
200012a8:	3a03      	subs	r2, #3
200012aa:	6819      	ldr	r1, [r3, #0]
200012ac:	468c      	mov	ip, r1
200012ae:	4462      	add	r2, ip
200012b0:	7851      	ldrb	r1, [r2, #1]
200012b2:	7399      	strb	r1, [r3, #14]
200012b4:	2900      	cmp	r1, #0
200012b6:	d100      	bne.n	200012ba <add_alarm_under_lock+0x8a>
200012b8:	73d9      	strb	r1, [r3, #15]
200012ba:	2300      	movs	r3, #0
200012bc:	7093      	strb	r3, [r2, #2]
200012be:	7053      	strb	r3, [r2, #1]
200012c0:	7013      	strb	r3, [r2, #0]
200012c2:	e7c7      	b.n	20001254 <add_alarm_under_lock+0x24>
200012c4:	4b2c      	ldr	r3, [pc, #176]	; (20001378 <add_alarm_under_lock+0x148>)
200012c6:	4a2d      	ldr	r2, [pc, #180]	; (2000137c <add_alarm_under_lock+0x14c>)
200012c8:	2168      	movs	r1, #104	; 0x68
200012ca:	482d      	ldr	r0, [pc, #180]	; (20001380 <add_alarm_under_lock+0x150>)
200012cc:	f001 fab2 	bl	20002834 <__assert_func>
200012d0:	2c00      	cmp	r4, #0
200012d2:	d03a      	beq.n	2000134a <add_alarm_under_lock+0x11a>
200012d4:	682b      	ldr	r3, [r5, #0]
200012d6:	7b1b      	ldrb	r3, [r3, #12]
200012d8:	429c      	cmp	r4, r3
200012da:	d836      	bhi.n	2000134a <add_alarm_under_lock+0x11a>
200012dc:	4b2c      	ldr	r3, [pc, #176]	; (20001390 <add_alarm_under_lock+0x160>)
200012de:	18e3      	adds	r3, r4, r3
200012e0:	011b      	lsls	r3, r3, #4
200012e2:	68aa      	ldr	r2, [r5, #8]
200012e4:	4694      	mov	ip, r2
200012e6:	4463      	add	r3, ip
200012e8:	9a00      	ldr	r2, [sp, #0]
200012ea:	601a      	str	r2, [r3, #0]
200012ec:	9a01      	ldr	r2, [sp, #4]
200012ee:	605a      	str	r2, [r3, #4]
200012f0:	9a08      	ldr	r2, [sp, #32]
200012f2:	609a      	str	r2, [r3, #8]
200012f4:	9a09      	ldr	r2, [sp, #36]	; 0x24
200012f6:	60da      	str	r2, [r3, #12]
200012f8:	682e      	ldr	r6, [r5, #0]
200012fa:	2c00      	cmp	r4, #0
200012fc:	d02b      	beq.n	20001356 <add_alarm_under_lock+0x126>
200012fe:	d030      	beq.n	20001362 <add_alarm_under_lock+0x132>
20001300:	7b33      	ldrb	r3, [r6, #12]
20001302:	429c      	cmp	r4, r3
20001304:	d82d      	bhi.n	20001362 <add_alarm_under_lock+0x132>
20001306:	0063      	lsls	r3, r4, #1
20001308:	191b      	adds	r3, r3, r4
2000130a:	3b03      	subs	r3, #3
2000130c:	6832      	ldr	r2, [r6, #0]
2000130e:	4694      	mov	ip, r2
20001310:	4463      	add	r3, ip
20001312:	2200      	movs	r2, #0
20001314:	709a      	strb	r2, [r3, #2]
20001316:	705a      	strb	r2, [r3, #1]
20001318:	701a      	strb	r2, [r3, #0]
2000131a:	7b71      	ldrb	r1, [r6, #13]
2000131c:	0022      	movs	r2, r4
2000131e:	0030      	movs	r0, r6
20001320:	f7ff ff66 	bl	200011f0 <ph_merge_nodes>
20001324:	7370      	strb	r0, [r6, #13]
20001326:	4284      	cmp	r4, r0
20001328:	d000      	beq.n	2000132c <add_alarm_under_lock+0xfc>
2000132a:	e795      	b.n	20001258 <add_alarm_under_lock+0x28>
2000132c:	7d28      	ldrb	r0, [r5, #20]
2000132e:	9a00      	ldr	r2, [sp, #0]
20001330:	9b01      	ldr	r3, [sp, #4]
20001332:	f000 fd25 	bl	20001d80 <hardware_alarm_set_target>
20001336:	1e06      	subs	r6, r0, #0
20001338:	d001      	beq.n	2000133e <add_alarm_under_lock+0x10e>
2000133a:	2f00      	cmp	r7, #0
2000133c:	d017      	beq.n	2000136e <add_alarm_under_lock+0x13e>
2000133e:	9b0c      	ldr	r3, [sp, #48]	; 0x30
20001340:	2b00      	cmp	r3, #0
20001342:	d100      	bne.n	20001346 <add_alarm_under_lock+0x116>
20001344:	e788      	b.n	20001258 <add_alarm_under_lock+0x28>
20001346:	701e      	strb	r6, [r3, #0]
20001348:	e786      	b.n	20001258 <add_alarm_under_lock+0x28>
2000134a:	4b12      	ldr	r3, [pc, #72]	; (20001394 <add_alarm_under_lock+0x164>)
2000134c:	4a12      	ldr	r2, [pc, #72]	; (20001398 <add_alarm_under_lock+0x168>)
2000134e:	213c      	movs	r1, #60	; 0x3c
20001350:	480e      	ldr	r0, [pc, #56]	; (2000138c <add_alarm_under_lock+0x15c>)
20001352:	f001 fa6f 	bl	20002834 <__assert_func>
20001356:	4b11      	ldr	r3, [pc, #68]	; (2000139c <add_alarm_under_lock+0x16c>)
20001358:	4a11      	ldr	r2, [pc, #68]	; (200013a0 <add_alarm_under_lock+0x170>)
2000135a:	21a5      	movs	r1, #165	; 0xa5
2000135c:	4808      	ldr	r0, [pc, #32]	; (20001380 <add_alarm_under_lock+0x150>)
2000135e:	f001 fa69 	bl	20002834 <__assert_func>
20001362:	4b05      	ldr	r3, [pc, #20]	; (20001378 <add_alarm_under_lock+0x148>)
20001364:	4a05      	ldr	r2, [pc, #20]	; (2000137c <add_alarm_under_lock+0x14c>)
20001366:	2168      	movs	r1, #104	; 0x68
20001368:	4805      	ldr	r0, [pc, #20]	; (20001380 <add_alarm_under_lock+0x150>)
2000136a:	f001 fa63 	bl	20002834 <__assert_func>
2000136e:	6828      	ldr	r0, [r5, #0]
20001370:	0021      	movs	r1, r4
20001372:	f000 ff3d 	bl	200021f0 <ph_remove_and_free_node>
20001376:	e7e2      	b.n	2000133e <add_alarm_under_lock+0x10e>
20001378:	20005128 	.word	0x20005128
2000137c:	200053d0 	.word	0x200053d0
20001380:	20005144 	.word	0x20005144
20001384:	200051bc 	.word	0x200051bc
20001388:	200053dc 	.word	0x200053dc
2000138c:	200050d0 	.word	0x200050d0
20001390:	0fffffff 	.word	0x0fffffff
20001394:	20005104 	.word	0x20005104
20001398:	20005364 	.word	0x20005364
2000139c:	200050cc 	.word	0x200050cc
200013a0:	200053c0 	.word	0x200053c0

200013a4 <alarm_pool_alarm_callback>:
200013a4:	b5f0      	push	{r4, r5, r6, r7, lr}
200013a6:	46de      	mov	lr, fp
200013a8:	4657      	mov	r7, sl
200013aa:	464e      	mov	r6, r9
200013ac:	4645      	mov	r5, r8
200013ae:	b5e0      	push	{r5, r6, r7, lr}
200013b0:	b08b      	sub	sp, #44	; 0x2c
200013b2:	9009      	str	r0, [sp, #36]	; 0x24
200013b4:	2300      	movs	r3, #0
200013b6:	9308      	str	r3, [sp, #32]
200013b8:	0082      	lsls	r2, r0, #2
200013ba:	4bb5      	ldr	r3, [pc, #724]	; (20001690 <alarm_pool_alarm_callback+0x2ec>)
200013bc:	58d6      	ldr	r6, [r2, r3]
200013be:	0037      	movs	r7, r6
200013c0:	e052      	b.n	20001468 <alarm_pool_alarm_callback+0xc4>
200013c2:	4bb4      	ldr	r3, [pc, #720]	; (20001694 <alarm_pool_alarm_callback+0x2f0>)
200013c4:	4ab4      	ldr	r2, [pc, #720]	; (20001698 <alarm_pool_alarm_callback+0x2f4>)
200013c6:	213f      	movs	r1, #63	; 0x3f
200013c8:	48b4      	ldr	r0, [pc, #720]	; (2000169c <alarm_pool_alarm_callback+0x2f8>)
200013ca:	f001 fa33 	bl	20002834 <__assert_func>
200013ce:	4bb4      	ldr	r3, [pc, #720]	; (200016a0 <alarm_pool_alarm_callback+0x2fc>)
200013d0:	4ab4      	ldr	r2, [pc, #720]	; (200016a4 <alarm_pool_alarm_callback+0x300>)
200013d2:	213c      	movs	r1, #60	; 0x3c
200013d4:	48b4      	ldr	r0, [pc, #720]	; (200016a8 <alarm_pool_alarm_callback+0x304>)
200013d6:	f001 fa2d 	bl	20002834 <__assert_func>
200013da:	2900      	cmp	r1, #0
200013dc:	d101      	bne.n	200013e2 <alarm_pool_alarm_callback+0x3e>
200013de:	2800      	cmp	r0, #0
200013e0:	d169      	bne.n	200014b6 <alarm_pool_alarm_callback+0x112>
200013e2:	2100      	movs	r1, #0
200013e4:	4640      	mov	r0, r8
200013e6:	f000 fef9 	bl	200021dc <ph_remove_head>
200013ea:	42a0      	cmp	r0, r4
200013ec:	d119      	bne.n	20001422 <alarm_pool_alarm_callback+0x7e>
200013ee:	682a      	ldr	r2, [r5, #0]
200013f0:	686b      	ldr	r3, [r5, #4]
200013f2:	9206      	str	r2, [sp, #24]
200013f4:	9307      	str	r3, [sp, #28]
200013f6:	68ab      	ldr	r3, [r5, #8]
200013f8:	4698      	mov	r8, r3
200013fa:	68eb      	ldr	r3, [r5, #12]
200013fc:	469a      	mov	sl, r3
200013fe:	4643      	mov	r3, r8
20001400:	2b00      	cmp	r3, #0
20001402:	d014      	beq.n	2000142e <alarm_pool_alarm_callback+0x8a>
20001404:	2c00      	cmp	r4, #0
20001406:	d018      	beq.n	2000143a <alarm_pool_alarm_callback+0x96>
20001408:	683b      	ldr	r3, [r7, #0]
2000140a:	7b1b      	ldrb	r3, [r3, #12]
2000140c:	429c      	cmp	r4, r3
2000140e:	d814      	bhi.n	2000143a <alarm_pool_alarm_callback+0x96>
20001410:	1e63      	subs	r3, r4, #1
20001412:	68fa      	ldr	r2, [r7, #12]
20001414:	5cd3      	ldrb	r3, [r2, r3]
20001416:	9308      	str	r3, [sp, #32]
20001418:	021b      	lsls	r3, r3, #8
2000141a:	4318      	orrs	r0, r3
2000141c:	6138      	str	r0, [r7, #16]
2000141e:	2000      	movs	r0, #0
20001420:	e015      	b.n	2000144e <alarm_pool_alarm_callback+0xaa>
20001422:	4ba2      	ldr	r3, [pc, #648]	; (200016ac <alarm_pool_alarm_callback+0x308>)
20001424:	4aa2      	ldr	r2, [pc, #648]	; (200016b0 <alarm_pool_alarm_callback+0x30c>)
20001426:	218e      	movs	r1, #142	; 0x8e
20001428:	489f      	ldr	r0, [pc, #636]	; (200016a8 <alarm_pool_alarm_callback+0x304>)
2000142a:	f001 fa03 	bl	20002834 <__assert_func>
2000142e:	4ba1      	ldr	r3, [pc, #644]	; (200016b4 <alarm_pool_alarm_callback+0x310>)
20001430:	4a9f      	ldr	r2, [pc, #636]	; (200016b0 <alarm_pool_alarm_callback+0x30c>)
20001432:	2192      	movs	r1, #146	; 0x92
20001434:	489c      	ldr	r0, [pc, #624]	; (200016a8 <alarm_pool_alarm_callback+0x304>)
20001436:	f001 f9fd 	bl	20002834 <__assert_func>
2000143a:	4b99      	ldr	r3, [pc, #612]	; (200016a0 <alarm_pool_alarm_callback+0x2fc>)
2000143c:	4a9e      	ldr	r2, [pc, #632]	; (200016b8 <alarm_pool_alarm_callback+0x314>)
2000143e:	2141      	movs	r1, #65	; 0x41
20001440:	4899      	ldr	r0, [pc, #612]	; (200016a8 <alarm_pool_alarm_callback+0x304>)
20001442:	f001 f9f7 	bl	20002834 <__assert_func>
20001446:	2300      	movs	r3, #0
20001448:	469a      	mov	sl, r3
2000144a:	4698      	mov	r8, r3
2000144c:	2000      	movs	r0, #0
2000144e:	687b      	ldr	r3, [r7, #4]
20001450:	f3bf 8f5f 	dmb	sy
20001454:	2200      	movs	r2, #0
20001456:	601a      	str	r2, [r3, #0]
20001458:	f386 8810 	msr	PRIMASK, r6
2000145c:	4643      	mov	r3, r8
2000145e:	2b00      	cmp	r3, #0
20001460:	d132      	bne.n	200014c8 <alarm_pool_alarm_callback+0x124>
20001462:	2800      	cmp	r0, #0
20001464:	d100      	bne.n	20001468 <alarm_pool_alarm_callback+0xc4>
20001466:	e10c      	b.n	20001682 <alarm_pool_alarm_callback+0x2de>
20001468:	f000 fbfe 	bl	20001c68 <time_us_64>
2000146c:	0002      	movs	r2, r0
2000146e:	1e0b      	subs	r3, r1, #0
20001470:	dba7      	blt.n	200013c2 <alarm_pool_alarm_callback+0x1e>
20001472:	2000      	movs	r0, #0
20001474:	2100      	movs	r1, #0
20001476:	9006      	str	r0, [sp, #24]
20001478:	9107      	str	r1, [sp, #28]
2000147a:	6878      	ldr	r0, [r7, #4]
2000147c:	f3ef 8610 	mrs	r6, PRIMASK
20001480:	b672      	cpsid	i
20001482:	6801      	ldr	r1, [r0, #0]
20001484:	2900      	cmp	r1, #0
20001486:	d0fc      	beq.n	20001482 <alarm_pool_alarm_callback+0xde>
20001488:	f3bf 8f5f 	dmb	sy
2000148c:	6839      	ldr	r1, [r7, #0]
2000148e:	4688      	mov	r8, r1
20001490:	7b4c      	ldrb	r4, [r1, #13]
20001492:	2c00      	cmp	r4, #0
20001494:	d0d7      	beq.n	20001446 <alarm_pool_alarm_callback+0xa2>
20001496:	d09a      	beq.n	200013ce <alarm_pool_alarm_callback+0x2a>
20001498:	7b09      	ldrb	r1, [r1, #12]
2000149a:	428c      	cmp	r4, r1
2000149c:	d897      	bhi.n	200013ce <alarm_pool_alarm_callback+0x2a>
2000149e:	4987      	ldr	r1, [pc, #540]	; (200016bc <alarm_pool_alarm_callback+0x318>)
200014a0:	1865      	adds	r5, r4, r1
200014a2:	012d      	lsls	r5, r5, #4
200014a4:	68b9      	ldr	r1, [r7, #8]
200014a6:	468c      	mov	ip, r1
200014a8:	4465      	add	r5, ip
200014aa:	6828      	ldr	r0, [r5, #0]
200014ac:	6869      	ldr	r1, [r5, #4]
200014ae:	1a80      	subs	r0, r0, r2
200014b0:	4199      	sbcs	r1, r3
200014b2:	2900      	cmp	r1, #0
200014b4:	dd91      	ble.n	200013da <alarm_pool_alarm_callback+0x36>
200014b6:	682a      	ldr	r2, [r5, #0]
200014b8:	686b      	ldr	r3, [r5, #4]
200014ba:	9809      	ldr	r0, [sp, #36]	; 0x24
200014bc:	f000 fc60 	bl	20001d80 <hardware_alarm_set_target>
200014c0:	2300      	movs	r3, #0
200014c2:	469a      	mov	sl, r3
200014c4:	4698      	mov	r8, r3
200014c6:	e7c2      	b.n	2000144e <alarm_pool_alarm_callback+0xaa>
200014c8:	9b08      	ldr	r3, [sp, #32]
200014ca:	021b      	lsls	r3, r3, #8
200014cc:	4323      	orrs	r3, r4
200014ce:	4699      	mov	r9, r3
200014d0:	4651      	mov	r1, sl
200014d2:	0018      	movs	r0, r3
200014d4:	47c0      	blx	r8
200014d6:	0005      	movs	r5, r0
200014d8:	000e      	movs	r6, r1
200014da:	687a      	ldr	r2, [r7, #4]
200014dc:	f3ef 8b10 	mrs	fp, PRIMASK
200014e0:	b672      	cpsid	i
200014e2:	6813      	ldr	r3, [r2, #0]
200014e4:	4259      	negs	r1, r3
200014e6:	414b      	adcs	r3, r1
200014e8:	b2d9      	uxtb	r1, r3
200014ea:	2b00      	cmp	r3, #0
200014ec:	d1f9      	bne.n	200014e2 <alarm_pool_alarm_callback+0x13e>
200014ee:	f3bf 8f5f 	dmb	sy
200014f2:	2e00      	cmp	r6, #0
200014f4:	db1e      	blt.n	20001534 <alarm_pool_alarm_callback+0x190>
200014f6:	2e00      	cmp	r6, #0
200014f8:	dd46      	ble.n	20001588 <alarm_pool_alarm_callback+0x1e4>
200014fa:	693b      	ldr	r3, [r7, #16]
200014fc:	2b00      	cmp	r3, #0
200014fe:	d047      	beq.n	20001590 <alarm_pool_alarm_callback+0x1ec>
20001500:	454b      	cmp	r3, r9
20001502:	d16d      	bne.n	200015e0 <alarm_pool_alarm_callback+0x23c>
20001504:	f000 fbb0 	bl	20001c68 <time_us_64>
20001508:	0002      	movs	r2, r0
2000150a:	1e0b      	subs	r3, r1, #0
2000150c:	db6e      	blt.n	200015ec <alarm_pool_alarm_callback+0x248>
2000150e:	1952      	adds	r2, r2, r5
20001510:	4173      	adcs	r3, r6
20001512:	2b00      	cmp	r3, #0
20001514:	db70      	blt.n	200015f8 <alarm_pool_alarm_callback+0x254>
20001516:	2b00      	cmp	r3, #0
20001518:	db72      	blt.n	20001600 <alarm_pool_alarm_callback+0x25c>
2000151a:	2100      	movs	r1, #0
2000151c:	9104      	str	r1, [sp, #16]
2000151e:	3101      	adds	r1, #1
20001520:	9103      	str	r1, [sp, #12]
20001522:	9402      	str	r4, [sp, #8]
20001524:	4651      	mov	r1, sl
20001526:	9101      	str	r1, [sp, #4]
20001528:	4641      	mov	r1, r8
2000152a:	9100      	str	r1, [sp, #0]
2000152c:	0038      	movs	r0, r7
2000152e:	f7ff fe7f 	bl	20001230 <add_alarm_under_lock>
20001532:	e04c      	b.n	200015ce <alarm_pool_alarm_callback+0x22a>
20001534:	693b      	ldr	r3, [r7, #16]
20001536:	2b00      	cmp	r3, #0
20001538:	d0dd      	beq.n	200014f6 <alarm_pool_alarm_callback+0x152>
2000153a:	454b      	cmp	r3, r9
2000153c:	d114      	bne.n	20001568 <alarm_pool_alarm_callback+0x1c4>
2000153e:	9a06      	ldr	r2, [sp, #24]
20001540:	9b07      	ldr	r3, [sp, #28]
20001542:	1b52      	subs	r2, r2, r5
20001544:	41b3      	sbcs	r3, r6
20001546:	2b00      	cmp	r3, #0
20001548:	db14      	blt.n	20001574 <alarm_pool_alarm_callback+0x1d0>
2000154a:	2b00      	cmp	r3, #0
2000154c:	db16      	blt.n	2000157c <alarm_pool_alarm_callback+0x1d8>
2000154e:	2100      	movs	r1, #0
20001550:	9104      	str	r1, [sp, #16]
20001552:	3101      	adds	r1, #1
20001554:	9103      	str	r1, [sp, #12]
20001556:	9402      	str	r4, [sp, #8]
20001558:	4651      	mov	r1, sl
2000155a:	9101      	str	r1, [sp, #4]
2000155c:	4641      	mov	r1, r8
2000155e:	9100      	str	r1, [sp, #0]
20001560:	0038      	movs	r0, r7
20001562:	f7ff fe65 	bl	20001230 <add_alarm_under_lock>
20001566:	e032      	b.n	200015ce <alarm_pool_alarm_callback+0x22a>
20001568:	4b55      	ldr	r3, [pc, #340]	; (200016c0 <alarm_pool_alarm_callback+0x31c>)
2000156a:	4a51      	ldr	r2, [pc, #324]	; (200016b0 <alarm_pool_alarm_callback+0x30c>)
2000156c:	21a1      	movs	r1, #161	; 0xa1
2000156e:	484e      	ldr	r0, [pc, #312]	; (200016a8 <alarm_pool_alarm_callback+0x304>)
20001570:	f001 f960 	bl	20002834 <__assert_func>
20001574:	2201      	movs	r2, #1
20001576:	4252      	negs	r2, r2
20001578:	4b52      	ldr	r3, [pc, #328]	; (200016c4 <alarm_pool_alarm_callback+0x320>)
2000157a:	e7e6      	b.n	2000154a <alarm_pool_alarm_callback+0x1a6>
2000157c:	4b45      	ldr	r3, [pc, #276]	; (20001694 <alarm_pool_alarm_callback+0x2f0>)
2000157e:	4a46      	ldr	r2, [pc, #280]	; (20001698 <alarm_pool_alarm_callback+0x2f4>)
20001580:	213f      	movs	r1, #63	; 0x3f
20001582:	4846      	ldr	r0, [pc, #280]	; (2000169c <alarm_pool_alarm_callback+0x2f8>)
20001584:	f001 f956 	bl	20002834 <__assert_func>
20001588:	2e00      	cmp	r6, #0
2000158a:	d101      	bne.n	20001590 <alarm_pool_alarm_callback+0x1ec>
2000158c:	2d00      	cmp	r5, #0
2000158e:	d1b4      	bne.n	200014fa <alarm_pool_alarm_callback+0x156>
20001590:	683b      	ldr	r3, [r7, #0]
20001592:	2c00      	cmp	r4, #0
20001594:	d050      	beq.n	20001638 <alarm_pool_alarm_callback+0x294>
20001596:	7b5a      	ldrb	r2, [r3, #13]
20001598:	4294      	cmp	r4, r2
2000159a:	d137      	bne.n	2000160c <alarm_pool_alarm_callback+0x268>
2000159c:	2101      	movs	r1, #1
2000159e:	2900      	cmp	r1, #0
200015a0:	d14a      	bne.n	20001638 <alarm_pool_alarm_callback+0x294>
200015a2:	7bda      	ldrb	r2, [r3, #15]
200015a4:	2a00      	cmp	r2, #0
200015a6:	d14d      	bne.n	20001644 <alarm_pool_alarm_callback+0x2a0>
200015a8:	7b9a      	ldrb	r2, [r3, #14]
200015aa:	2a00      	cmp	r2, #0
200015ac:	d103      	bne.n	200015b6 <alarm_pool_alarm_callback+0x212>
200015ae:	7bda      	ldrb	r2, [r3, #15]
200015b0:	2a00      	cmp	r2, #0
200015b2:	d15a      	bne.n	2000166a <alarm_pool_alarm_callback+0x2c6>
200015b4:	739c      	strb	r4, [r3, #14]
200015b6:	73dc      	strb	r4, [r3, #15]
200015b8:	2c00      	cmp	r4, #0
200015ba:	d05c      	beq.n	20001676 <alarm_pool_alarm_callback+0x2d2>
200015bc:	683b      	ldr	r3, [r7, #0]
200015be:	7b1b      	ldrb	r3, [r3, #12]
200015c0:	429c      	cmp	r4, r3
200015c2:	d858      	bhi.n	20001676 <alarm_pool_alarm_callback+0x2d2>
200015c4:	68fa      	ldr	r2, [r7, #12]
200015c6:	3c01      	subs	r4, #1
200015c8:	5d13      	ldrb	r3, [r2, r4]
200015ca:	3301      	adds	r3, #1
200015cc:	5513      	strb	r3, [r2, r4]
200015ce:	2300      	movs	r3, #0
200015d0:	613b      	str	r3, [r7, #16]
200015d2:	687a      	ldr	r2, [r7, #4]
200015d4:	f3bf 8f5f 	dmb	sy
200015d8:	6013      	str	r3, [r2, #0]
200015da:	f38b 8810 	msr	PRIMASK, fp
200015de:	e743      	b.n	20001468 <alarm_pool_alarm_callback+0xc4>
200015e0:	4b37      	ldr	r3, [pc, #220]	; (200016c0 <alarm_pool_alarm_callback+0x31c>)
200015e2:	4a33      	ldr	r2, [pc, #204]	; (200016b0 <alarm_pool_alarm_callback+0x30c>)
200015e4:	21a4      	movs	r1, #164	; 0xa4
200015e6:	4830      	ldr	r0, [pc, #192]	; (200016a8 <alarm_pool_alarm_callback+0x304>)
200015e8:	f001 f924 	bl	20002834 <__assert_func>
200015ec:	4b29      	ldr	r3, [pc, #164]	; (20001694 <alarm_pool_alarm_callback+0x2f0>)
200015ee:	4a2a      	ldr	r2, [pc, #168]	; (20001698 <alarm_pool_alarm_callback+0x2f4>)
200015f0:	213f      	movs	r1, #63	; 0x3f
200015f2:	482a      	ldr	r0, [pc, #168]	; (2000169c <alarm_pool_alarm_callback+0x2f8>)
200015f4:	f001 f91e 	bl	20002834 <__assert_func>
200015f8:	2201      	movs	r2, #1
200015fa:	4252      	negs	r2, r2
200015fc:	4b31      	ldr	r3, [pc, #196]	; (200016c4 <alarm_pool_alarm_callback+0x320>)
200015fe:	e78a      	b.n	20001516 <alarm_pool_alarm_callback+0x172>
20001600:	4b24      	ldr	r3, [pc, #144]	; (20001694 <alarm_pool_alarm_callback+0x2f0>)
20001602:	4a25      	ldr	r2, [pc, #148]	; (20001698 <alarm_pool_alarm_callback+0x2f4>)
20001604:	213f      	movs	r1, #63	; 0x3f
20001606:	4825      	ldr	r0, [pc, #148]	; (2000169c <alarm_pool_alarm_callback+0x2f8>)
20001608:	f001 f914 	bl	20002834 <__assert_func>
2000160c:	2c00      	cmp	r4, #0
2000160e:	d00d      	beq.n	2000162c <alarm_pool_alarm_callback+0x288>
20001610:	7b1a      	ldrb	r2, [r3, #12]
20001612:	4294      	cmp	r4, r2
20001614:	d80a      	bhi.n	2000162c <alarm_pool_alarm_callback+0x288>
20001616:	0062      	lsls	r2, r4, #1
20001618:	1912      	adds	r2, r2, r4
2000161a:	3a03      	subs	r2, #3
2000161c:	6818      	ldr	r0, [r3, #0]
2000161e:	4684      	mov	ip, r0
20001620:	4462      	add	r2, ip
20001622:	7892      	ldrb	r2, [r2, #2]
20001624:	2a00      	cmp	r2, #0
20001626:	d0ba      	beq.n	2000159e <alarm_pool_alarm_callback+0x1fa>
20001628:	2101      	movs	r1, #1
2000162a:	e7b8      	b.n	2000159e <alarm_pool_alarm_callback+0x1fa>
2000162c:	4b26      	ldr	r3, [pc, #152]	; (200016c8 <alarm_pool_alarm_callback+0x324>)
2000162e:	4a27      	ldr	r2, [pc, #156]	; (200016cc <alarm_pool_alarm_callback+0x328>)
20001630:	2168      	movs	r1, #104	; 0x68
20001632:	4827      	ldr	r0, [pc, #156]	; (200016d0 <alarm_pool_alarm_callback+0x32c>)
20001634:	f001 f8fe 	bl	20002834 <__assert_func>
20001638:	4b26      	ldr	r3, [pc, #152]	; (200016d4 <alarm_pool_alarm_callback+0x330>)
2000163a:	4a27      	ldr	r2, [pc, #156]	; (200016d8 <alarm_pool_alarm_callback+0x334>)
2000163c:	21f6      	movs	r1, #246	; 0xf6
2000163e:	4824      	ldr	r0, [pc, #144]	; (200016d0 <alarm_pool_alarm_callback+0x32c>)
20001640:	f001 f8f8 	bl	20002834 <__assert_func>
20001644:	2a00      	cmp	r2, #0
20001646:	d00a      	beq.n	2000165e <alarm_pool_alarm_callback+0x2ba>
20001648:	7b19      	ldrb	r1, [r3, #12]
2000164a:	428a      	cmp	r2, r1
2000164c:	d807      	bhi.n	2000165e <alarm_pool_alarm_callback+0x2ba>
2000164e:	0051      	lsls	r1, r2, #1
20001650:	188a      	adds	r2, r1, r2
20001652:	3a03      	subs	r2, #3
20001654:	6819      	ldr	r1, [r3, #0]
20001656:	468c      	mov	ip, r1
20001658:	4462      	add	r2, ip
2000165a:	7054      	strb	r4, [r2, #1]
2000165c:	e7a4      	b.n	200015a8 <alarm_pool_alarm_callback+0x204>
2000165e:	4b1a      	ldr	r3, [pc, #104]	; (200016c8 <alarm_pool_alarm_callback+0x324>)
20001660:	4a1a      	ldr	r2, [pc, #104]	; (200016cc <alarm_pool_alarm_callback+0x328>)
20001662:	2168      	movs	r1, #104	; 0x68
20001664:	481a      	ldr	r0, [pc, #104]	; (200016d0 <alarm_pool_alarm_callback+0x32c>)
20001666:	f001 f8e5 	bl	20002834 <__assert_func>
2000166a:	4b1c      	ldr	r3, [pc, #112]	; (200016dc <alarm_pool_alarm_callback+0x338>)
2000166c:	4a1a      	ldr	r2, [pc, #104]	; (200016d8 <alarm_pool_alarm_callback+0x334>)
2000166e:	21fb      	movs	r1, #251	; 0xfb
20001670:	4817      	ldr	r0, [pc, #92]	; (200016d0 <alarm_pool_alarm_callback+0x32c>)
20001672:	f001 f8df 	bl	20002834 <__assert_func>
20001676:	4b0a      	ldr	r3, [pc, #40]	; (200016a0 <alarm_pool_alarm_callback+0x2fc>)
20001678:	4a0f      	ldr	r2, [pc, #60]	; (200016b8 <alarm_pool_alarm_callback+0x314>)
2000167a:	2141      	movs	r1, #65	; 0x41
2000167c:	480a      	ldr	r0, [pc, #40]	; (200016a8 <alarm_pool_alarm_callback+0x304>)
2000167e:	f001 f8d9 	bl	20002834 <__assert_func>
20001682:	b00b      	add	sp, #44	; 0x2c
20001684:	bcf0      	pop	{r4, r5, r6, r7}
20001686:	46bb      	mov	fp, r7
20001688:	46b2      	mov	sl, r6
2000168a:	46a9      	mov	r9, r5
2000168c:	46a0      	mov	r8, r4
2000168e:	bdf0      	pop	{r4, r5, r6, r7, pc}
20001690:	20006184 	.word	0x20006184
20001694:	20005000 	.word	0x20005000
20001698:	20005330 	.word	0x20005330
2000169c:	2000501c 	.word	0x2000501c
200016a0:	20005104 	.word	0x20005104
200016a4:	20005364 	.word	0x20005364
200016a8:	200050d0 	.word	0x200050d0
200016ac:	200051e4 	.word	0x200051e4
200016b0:	20005348 	.word	0x20005348
200016b4:	200051fc 	.word	0x200051fc
200016b8:	20005388 	.word	0x20005388
200016bc:	0fffffff 	.word	0x0fffffff
200016c0:	20005208 	.word	0x20005208
200016c4:	7fffffff 	.word	0x7fffffff
200016c8:	20005128 	.word	0x20005128
200016cc:	200053d0 	.word	0x200053d0
200016d0:	20005144 	.word	0x20005144
200016d4:	20005244 	.word	0x20005244
200016d8:	2000539c 	.word	0x2000539c
200016dc:	20005268 	.word	0x20005268

200016e0 <alarm_pool_init_default>:
200016e0:	b510      	push	{r4, lr}
200016e2:	4b0c      	ldr	r3, [pc, #48]	; (20001714 <alarm_pool_init_default+0x34>)
200016e4:	685b      	ldr	r3, [r3, #4]
200016e6:	2b00      	cmp	r3, #0
200016e8:	d004      	beq.n	200016f4 <alarm_pool_init_default+0x14>
200016ea:	210a      	movs	r1, #10
200016ec:	480a      	ldr	r0, [pc, #40]	; (20001718 <alarm_pool_init_default+0x38>)
200016ee:	f7ff fc93 	bl	20001018 <lock_init>
200016f2:	bd10      	pop	{r4, pc}
200016f4:	4c07      	ldr	r4, [pc, #28]	; (20001714 <alarm_pool_init_default+0x34>)
200016f6:	0023      	movs	r3, r4
200016f8:	4a08      	ldr	r2, [pc, #32]	; (2000171c <alarm_pool_init_default+0x3c>)
200016fa:	2110      	movs	r1, #16
200016fc:	6820      	ldr	r0, [r4, #0]
200016fe:	f000 fc7d 	bl	20001ffc <ph_post_alloc_init>
20001702:	2003      	movs	r0, #3
20001704:	f000 faa4 	bl	20001c50 <hardware_alarm_claim>
20001708:	2103      	movs	r1, #3
2000170a:	0020      	movs	r0, r4
2000170c:	f7ff fca8 	bl	20001060 <alarm_pool_post_alloc_init>
20001710:	e7eb      	b.n	200016ea <alarm_pool_init_default+0xa>
20001712:	46c0      	nop			; (mov r8, r8)
20001714:	20005e6c 	.word	0x20005e6c
20001718:	200063a0 	.word	0x200063a0
2000171c:	200010d1 	.word	0x200010d1

20001720 <alarm_pool_get_default>:
20001720:	b510      	push	{r4, lr}
20001722:	4b06      	ldr	r3, [pc, #24]	; (2000173c <alarm_pool_get_default+0x1c>)
20001724:	685b      	ldr	r3, [r3, #4]
20001726:	2b00      	cmp	r3, #0
20001728:	d001      	beq.n	2000172e <alarm_pool_get_default+0xe>
2000172a:	4804      	ldr	r0, [pc, #16]	; (2000173c <alarm_pool_get_default+0x1c>)
2000172c:	bd10      	pop	{r4, pc}
2000172e:	4b04      	ldr	r3, [pc, #16]	; (20001740 <alarm_pool_get_default+0x20>)
20001730:	4a04      	ldr	r2, [pc, #16]	; (20001744 <alarm_pool_get_default+0x24>)
20001732:	215e      	movs	r1, #94	; 0x5e
20001734:	4804      	ldr	r0, [pc, #16]	; (20001748 <alarm_pool_get_default+0x28>)
20001736:	f001 f87d 	bl	20002834 <__assert_func>
2000173a:	46c0      	nop			; (mov r8, r8)
2000173c:	20005e6c 	.word	0x20005e6c
20001740:	2000527c 	.word	0x2000527c
20001744:	20005370 	.word	0x20005370
20001748:	200050d0 	.word	0x200050d0

2000174c <alarm_pool_add_alarm_at>:
2000174c:	b5f0      	push	{r4, r5, r6, r7, lr}
2000174e:	46de      	mov	lr, fp
20001750:	4657      	mov	r7, sl
20001752:	464e      	mov	r6, r9
20001754:	4645      	mov	r5, r8
20001756:	b5e0      	push	{r5, r6, r7, lr}
20001758:	b08b      	sub	sp, #44	; 0x2c
2000175a:	4680      	mov	r8, r0
2000175c:	0016      	movs	r6, r2
2000175e:	001f      	movs	r7, r3
20001760:	9b14      	ldr	r3, [sp, #80]	; 0x50
20001762:	469a      	mov	sl, r3
20001764:	9b15      	ldr	r3, [sp, #84]	; 0x54
20001766:	4699      	mov	r9, r3
20001768:	ab16      	add	r3, sp, #88	; 0x58
2000176a:	781b      	ldrb	r3, [r3, #0]
2000176c:	469b      	mov	fp, r3
2000176e:	231f      	movs	r3, #31
20001770:	aa02      	add	r2, sp, #8
20001772:	4694      	mov	ip, r2
20001774:	4463      	add	r3, ip
20001776:	2200      	movs	r2, #0
20001778:	701a      	strb	r2, [r3, #0]
2000177a:	e02b      	b.n	200017d4 <alarm_pool_add_alarm_at+0x88>
2000177c:	2800      	cmp	r0, #0
2000177e:	d009      	beq.n	20001794 <alarm_pool_add_alarm_at+0x48>
20001780:	4642      	mov	r2, r8
20001782:	6812      	ldr	r2, [r2, #0]
20001784:	7b12      	ldrb	r2, [r2, #12]
20001786:	4290      	cmp	r0, r2
20001788:	d804      	bhi.n	20001794 <alarm_pool_add_alarm_at+0x48>
2000178a:	1e42      	subs	r2, r0, #1
2000178c:	4641      	mov	r1, r8
2000178e:	68c9      	ldr	r1, [r1, #12]
20001790:	5c8a      	ldrb	r2, [r1, r2]
20001792:	e041      	b.n	20001818 <alarm_pool_add_alarm_at+0xcc>
20001794:	4b40      	ldr	r3, [pc, #256]	; (20001898 <alarm_pool_add_alarm_at+0x14c>)
20001796:	4a41      	ldr	r2, [pc, #260]	; (2000189c <alarm_pool_add_alarm_at+0x150>)
20001798:	2141      	movs	r1, #65	; 0x41
2000179a:	4841      	ldr	r0, [pc, #260]	; (200018a0 <alarm_pool_add_alarm_at+0x154>)
2000179c:	f001 f84a 	bl	20002834 <__assert_func>
200017a0:	9807      	ldr	r0, [sp, #28]
200017a2:	e04c      	b.n	2000183e <alarm_pool_add_alarm_at+0xf2>
200017a4:	1b36      	subs	r6, r6, r4
200017a6:	41af      	sbcs	r7, r5
200017a8:	2f00      	cmp	r7, #0
200017aa:	db07      	blt.n	200017bc <alarm_pool_add_alarm_at+0x70>
200017ac:	2f00      	cmp	r7, #0
200017ae:	da11      	bge.n	200017d4 <alarm_pool_add_alarm_at+0x88>
200017b0:	4b3c      	ldr	r3, [pc, #240]	; (200018a4 <alarm_pool_add_alarm_at+0x158>)
200017b2:	4a3d      	ldr	r2, [pc, #244]	; (200018a8 <alarm_pool_add_alarm_at+0x15c>)
200017b4:	213f      	movs	r1, #63	; 0x3f
200017b6:	483d      	ldr	r0, [pc, #244]	; (200018ac <alarm_pool_add_alarm_at+0x160>)
200017b8:	f001 f83c 	bl	20002834 <__assert_func>
200017bc:	2601      	movs	r6, #1
200017be:	4276      	negs	r6, r6
200017c0:	4f3b      	ldr	r7, [pc, #236]	; (200018b0 <alarm_pool_add_alarm_at+0x164>)
200017c2:	e7f3      	b.n	200017ac <alarm_pool_add_alarm_at+0x60>
200017c4:	4b37      	ldr	r3, [pc, #220]	; (200018a4 <alarm_pool_add_alarm_at+0x158>)
200017c6:	4a38      	ldr	r2, [pc, #224]	; (200018a8 <alarm_pool_add_alarm_at+0x15c>)
200017c8:	213f      	movs	r1, #63	; 0x3f
200017ca:	4838      	ldr	r0, [pc, #224]	; (200018ac <alarm_pool_add_alarm_at+0x160>)
200017cc:	f001 f832 	bl	20002834 <__assert_func>
200017d0:	2f00      	cmp	r7, #0
200017d2:	db4f      	blt.n	20001874 <alarm_pool_add_alarm_at+0x128>
200017d4:	4643      	mov	r3, r8
200017d6:	685a      	ldr	r2, [r3, #4]
200017d8:	f3ef 8410 	mrs	r4, PRIMASK
200017dc:	b672      	cpsid	i
200017de:	6813      	ldr	r3, [r2, #0]
200017e0:	4259      	negs	r1, r3
200017e2:	414b      	adcs	r3, r1
200017e4:	b2d9      	uxtb	r1, r3
200017e6:	9107      	str	r1, [sp, #28]
200017e8:	2b00      	cmp	r3, #0
200017ea:	d1f8      	bne.n	200017de <alarm_pool_add_alarm_at+0x92>
200017ec:	f3bf 8f5f 	dmb	sy
200017f0:	331f      	adds	r3, #31
200017f2:	aa02      	add	r2, sp, #8
200017f4:	4694      	mov	ip, r2
200017f6:	4463      	add	r3, ip
200017f8:	9304      	str	r3, [sp, #16]
200017fa:	2300      	movs	r3, #0
200017fc:	9303      	str	r3, [sp, #12]
200017fe:	9302      	str	r3, [sp, #8]
20001800:	464b      	mov	r3, r9
20001802:	9301      	str	r3, [sp, #4]
20001804:	4653      	mov	r3, sl
20001806:	9300      	str	r3, [sp, #0]
20001808:	0032      	movs	r2, r6
2000180a:	003b      	movs	r3, r7
2000180c:	4640      	mov	r0, r8
2000180e:	f7ff fd0f 	bl	20001230 <add_alarm_under_lock>
20001812:	1e03      	subs	r3, r0, #0
20001814:	d1b2      	bne.n	2000177c <alarm_pool_add_alarm_at+0x30>
20001816:	0002      	movs	r2, r0
20001818:	4641      	mov	r1, r8
2000181a:	6849      	ldr	r1, [r1, #4]
2000181c:	f3bf 8f5f 	dmb	sy
20001820:	2500      	movs	r5, #0
20001822:	600d      	str	r5, [r1, #0]
20001824:	f384 8810 	msr	PRIMASK, r4
20001828:	2b00      	cmp	r3, #0
2000182a:	d029      	beq.n	20001880 <alarm_pool_add_alarm_at+0x134>
2000182c:	231f      	movs	r3, #31
2000182e:	a902      	add	r1, sp, #8
20001830:	468c      	mov	ip, r1
20001832:	4463      	add	r3, ip
20001834:	781b      	ldrb	r3, [r3, #0]
20001836:	2b00      	cmp	r3, #0
20001838:	d1b2      	bne.n	200017a0 <alarm_pool_add_alarm_at+0x54>
2000183a:	0212      	lsls	r2, r2, #8
2000183c:	4310      	orrs	r0, r2
2000183e:	2b00      	cmp	r3, #0
20001840:	d020      	beq.n	20001884 <alarm_pool_add_alarm_at+0x138>
20001842:	465b      	mov	r3, fp
20001844:	2b00      	cmp	r3, #0
20001846:	d01d      	beq.n	20001884 <alarm_pool_add_alarm_at+0x138>
20001848:	4649      	mov	r1, r9
2000184a:	47d0      	blx	sl
2000184c:	0004      	movs	r4, r0
2000184e:	000d      	movs	r5, r1
20001850:	0003      	movs	r3, r0
20001852:	430b      	orrs	r3, r1
20001854:	d01d      	beq.n	20001892 <alarm_pool_add_alarm_at+0x146>
20001856:	2900      	cmp	r1, #0
20001858:	dba4      	blt.n	200017a4 <alarm_pool_add_alarm_at+0x58>
2000185a:	f000 fa05 	bl	20001c68 <time_us_64>
2000185e:	0006      	movs	r6, r0
20001860:	1e0f      	subs	r7, r1, #0
20001862:	dbaf      	blt.n	200017c4 <alarm_pool_add_alarm_at+0x78>
20001864:	1936      	adds	r6, r6, r4
20001866:	416f      	adcs	r7, r5
20001868:	2f00      	cmp	r7, #0
2000186a:	dab1      	bge.n	200017d0 <alarm_pool_add_alarm_at+0x84>
2000186c:	2601      	movs	r6, #1
2000186e:	4276      	negs	r6, r6
20001870:	4f0f      	ldr	r7, [pc, #60]	; (200018b0 <alarm_pool_add_alarm_at+0x164>)
20001872:	e7ad      	b.n	200017d0 <alarm_pool_add_alarm_at+0x84>
20001874:	4b0b      	ldr	r3, [pc, #44]	; (200018a4 <alarm_pool_add_alarm_at+0x158>)
20001876:	4a0c      	ldr	r2, [pc, #48]	; (200018a8 <alarm_pool_add_alarm_at+0x15c>)
20001878:	213f      	movs	r1, #63	; 0x3f
2000187a:	480c      	ldr	r0, [pc, #48]	; (200018ac <alarm_pool_add_alarm_at+0x160>)
2000187c:	f000 ffda 	bl	20002834 <__assert_func>
20001880:	2001      	movs	r0, #1
20001882:	4240      	negs	r0, r0
20001884:	b00b      	add	sp, #44	; 0x2c
20001886:	bcf0      	pop	{r4, r5, r6, r7}
20001888:	46bb      	mov	fp, r7
2000188a:	46b2      	mov	sl, r6
2000188c:	46a9      	mov	r9, r5
2000188e:	46a0      	mov	r8, r4
20001890:	bdf0      	pop	{r4, r5, r6, r7, pc}
20001892:	9807      	ldr	r0, [sp, #28]
20001894:	e7f6      	b.n	20001884 <alarm_pool_add_alarm_at+0x138>
20001896:	46c0      	nop			; (mov r8, r8)
20001898:	20005104 	.word	0x20005104
2000189c:	20005388 	.word	0x20005388
200018a0:	200050d0 	.word	0x200050d0
200018a4:	20005000 	.word	0x20005000
200018a8:	20005330 	.word	0x20005330
200018ac:	2000501c 	.word	0x2000501c
200018b0:	7fffffff 	.word	0x7fffffff

200018b4 <alarm_pool_cancel_alarm>:
200018b4:	b5f8      	push	{r3, r4, r5, r6, r7, lr}
200018b6:	0004      	movs	r4, r0
200018b8:	2900      	cmp	r1, #0
200018ba:	d100      	bne.n	200018be <alarm_pool_cancel_alarm+0xa>
200018bc:	e062      	b.n	20001984 <alarm_pool_cancel_alarm+0xd0>
200018be:	6842      	ldr	r2, [r0, #4]
200018c0:	f3ef 8510 	mrs	r5, PRIMASK
200018c4:	b672      	cpsid	i
200018c6:	6813      	ldr	r3, [r2, #0]
200018c8:	4258      	negs	r0, r3
200018ca:	4143      	adcs	r3, r0
200018cc:	b2d8      	uxtb	r0, r3
200018ce:	2b00      	cmp	r3, #0
200018d0:	d1f9      	bne.n	200018c6 <alarm_pool_cancel_alarm+0x12>
200018d2:	f3bf 8f5f 	dmb	sy
200018d6:	b2cb      	uxtb	r3, r1
200018d8:	6822      	ldr	r2, [r4, #0]
200018da:	7b56      	ldrb	r6, [r2, #13]
200018dc:	42b3      	cmp	r3, r6
200018de:	d11b      	bne.n	20001918 <alarm_pool_cancel_alarm+0x64>
200018e0:	2001      	movs	r0, #1
200018e2:	2800      	cmp	r0, #0
200018e4:	d048      	beq.n	20001978 <alarm_pool_cancel_alarm+0xc4>
200018e6:	6920      	ldr	r0, [r4, #16]
200018e8:	4288      	cmp	r0, r1
200018ea:	d02b      	beq.n	20001944 <alarm_pool_cancel_alarm+0x90>
200018ec:	0a09      	lsrs	r1, r1, #8
200018ee:	b2c9      	uxtb	r1, r1
200018f0:	2b00      	cmp	r3, #0
200018f2:	d02e      	beq.n	20001952 <alarm_pool_cancel_alarm+0x9e>
200018f4:	6820      	ldr	r0, [r4, #0]
200018f6:	7b00      	ldrb	r0, [r0, #12]
200018f8:	4283      	cmp	r3, r0
200018fa:	d82a      	bhi.n	20001952 <alarm_pool_cancel_alarm+0x9e>
200018fc:	1e58      	subs	r0, r3, #1
200018fe:	68e6      	ldr	r6, [r4, #12]
20001900:	5c30      	ldrb	r0, [r6, r0]
20001902:	4288      	cmp	r0, r1
20001904:	d02b      	beq.n	2000195e <alarm_pool_cancel_alarm+0xaa>
20001906:	2000      	movs	r0, #0
20001908:	6863      	ldr	r3, [r4, #4]
2000190a:	f3bf 8f5f 	dmb	sy
2000190e:	2200      	movs	r2, #0
20001910:	601a      	str	r2, [r3, #0]
20001912:	f385 8810 	msr	PRIMASK, r5
20001916:	bdf8      	pop	{r3, r4, r5, r6, r7, pc}
20001918:	2b00      	cmp	r3, #0
2000191a:	d00d      	beq.n	20001938 <alarm_pool_cancel_alarm+0x84>
2000191c:	7b16      	ldrb	r6, [r2, #12]
2000191e:	42b3      	cmp	r3, r6
20001920:	d80a      	bhi.n	20001938 <alarm_pool_cancel_alarm+0x84>
20001922:	005e      	lsls	r6, r3, #1
20001924:	18f6      	adds	r6, r6, r3
20001926:	3e03      	subs	r6, #3
20001928:	6817      	ldr	r7, [r2, #0]
2000192a:	46bc      	mov	ip, r7
2000192c:	4466      	add	r6, ip
2000192e:	78b6      	ldrb	r6, [r6, #2]
20001930:	2e00      	cmp	r6, #0
20001932:	d0d6      	beq.n	200018e2 <alarm_pool_cancel_alarm+0x2e>
20001934:	2001      	movs	r0, #1
20001936:	e7d4      	b.n	200018e2 <alarm_pool_cancel_alarm+0x2e>
20001938:	4b13      	ldr	r3, [pc, #76]	; (20001988 <alarm_pool_cancel_alarm+0xd4>)
2000193a:	4a14      	ldr	r2, [pc, #80]	; (2000198c <alarm_pool_cancel_alarm+0xd8>)
2000193c:	2168      	movs	r1, #104	; 0x68
2000193e:	4814      	ldr	r0, [pc, #80]	; (20001990 <alarm_pool_cancel_alarm+0xdc>)
20001940:	f000 ff78 	bl	20002834 <__assert_func>
20001944:	212c      	movs	r1, #44	; 0x2c
20001946:	4b13      	ldr	r3, [pc, #76]	; (20001994 <alarm_pool_cancel_alarm+0xe0>)
20001948:	4a13      	ldr	r2, [pc, #76]	; (20001998 <alarm_pool_cancel_alarm+0xe4>)
2000194a:	31ff      	adds	r1, #255	; 0xff
2000194c:	4813      	ldr	r0, [pc, #76]	; (2000199c <alarm_pool_cancel_alarm+0xe8>)
2000194e:	f000 ff71 	bl	20002834 <__assert_func>
20001952:	4b13      	ldr	r3, [pc, #76]	; (200019a0 <alarm_pool_cancel_alarm+0xec>)
20001954:	4a13      	ldr	r2, [pc, #76]	; (200019a4 <alarm_pool_cancel_alarm+0xf0>)
20001956:	2141      	movs	r1, #65	; 0x41
20001958:	4810      	ldr	r0, [pc, #64]	; (2000199c <alarm_pool_cancel_alarm+0xe8>)
2000195a:	f000 ff6b 	bl	20002834 <__assert_func>
2000195e:	0019      	movs	r1, r3
20001960:	0010      	movs	r0, r2
20001962:	f000 fc45 	bl	200021f0 <ph_remove_and_free_node>
20001966:	2800      	cmp	r0, #0
20001968:	d1ce      	bne.n	20001908 <alarm_pool_cancel_alarm+0x54>
2000196a:	2199      	movs	r1, #153	; 0x99
2000196c:	4b0e      	ldr	r3, [pc, #56]	; (200019a8 <alarm_pool_cancel_alarm+0xf4>)
2000196e:	4a0a      	ldr	r2, [pc, #40]	; (20001998 <alarm_pool_cancel_alarm+0xe4>)
20001970:	0049      	lsls	r1, r1, #1
20001972:	480a      	ldr	r0, [pc, #40]	; (2000199c <alarm_pool_cancel_alarm+0xe8>)
20001974:	f000 ff5e 	bl	20002834 <__assert_func>
20001978:	6923      	ldr	r3, [r4, #16]
2000197a:	428b      	cmp	r3, r1
2000197c:	d1c4      	bne.n	20001908 <alarm_pool_cancel_alarm+0x54>
2000197e:	2300      	movs	r3, #0
20001980:	6123      	str	r3, [r4, #16]
20001982:	e7c1      	b.n	20001908 <alarm_pool_cancel_alarm+0x54>
20001984:	2000      	movs	r0, #0
20001986:	e7c6      	b.n	20001916 <alarm_pool_cancel_alarm+0x62>
20001988:	20005128 	.word	0x20005128
2000198c:	200053d0 	.word	0x200053d0
20001990:	20005144 	.word	0x20005144
20001994:	200052a0 	.word	0x200052a0
20001998:	20005318 	.word	0x20005318
2000199c:	200050d0 	.word	0x200050d0
200019a0:	20005104 	.word	0x20005104
200019a4:	20005388 	.word	0x20005388
200019a8:	200052c4 	.word	0x200052c4

200019ac <sleep_until>:
200019ac:	b5f0      	push	{r4, r5, r6, r7, lr}
200019ae:	b087      	sub	sp, #28
200019b0:	0006      	movs	r6, r0
200019b2:	000f      	movs	r7, r1
200019b4:	f3ef 8305 	mrs	r3, IPSR
200019b8:	2b00      	cmp	r3, #0
200019ba:	d11f      	bne.n	200019fc <sleep_until+0x50>
200019bc:	2406      	movs	r4, #6
200019be:	4264      	negs	r4, r4
200019c0:	17e5      	asrs	r5, r4, #31
200019c2:	19a4      	adds	r4, r4, r6
200019c4:	417d      	adcs	r5, r7
200019c6:	428d      	cmp	r5, r1
200019c8:	d802      	bhi.n	200019d0 <sleep_until+0x24>
200019ca:	d103      	bne.n	200019d4 <sleep_until+0x28>
200019cc:	4284      	cmp	r4, r0
200019ce:	d901      	bls.n	200019d4 <sleep_until+0x28>
200019d0:	2400      	movs	r4, #0
200019d2:	2500      	movs	r5, #0
200019d4:	2d00      	cmp	r5, #0
200019d6:	db14      	blt.n	20001a02 <sleep_until+0x56>
200019d8:	9404      	str	r4, [sp, #16]
200019da:	9505      	str	r5, [sp, #20]
200019dc:	f000 f944 	bl	20001c68 <time_us_64>
200019e0:	0002      	movs	r2, r0
200019e2:	1e0b      	subs	r3, r1, #0
200019e4:	db13      	blt.n	20001a0e <sleep_until+0x62>
200019e6:	1aa4      	subs	r4, r4, r2
200019e8:	419d      	sbcs	r5, r3
200019ea:	2d00      	cmp	r5, #0
200019ec:	dc17      	bgt.n	20001a1e <sleep_until+0x72>
200019ee:	d014      	beq.n	20001a1a <sleep_until+0x6e>
200019f0:	0030      	movs	r0, r6
200019f2:	0039      	movs	r1, r7
200019f4:	f000 f944 	bl	20001c80 <busy_wait_until>
200019f8:	b007      	add	sp, #28
200019fa:	bdf0      	pop	{r4, r5, r6, r7, pc}
200019fc:	4823      	ldr	r0, [pc, #140]	; (20001a8c <sleep_until+0xe0>)
200019fe:	f000 ffb3 	bl	20002968 <panic>
20001a02:	4b23      	ldr	r3, [pc, #140]	; (20001a90 <sleep_until+0xe4>)
20001a04:	4a23      	ldr	r2, [pc, #140]	; (20001a94 <sleep_until+0xe8>)
20001a06:	213f      	movs	r1, #63	; 0x3f
20001a08:	4823      	ldr	r0, [pc, #140]	; (20001a98 <sleep_until+0xec>)
20001a0a:	f000 ff13 	bl	20002834 <__assert_func>
20001a0e:	4b20      	ldr	r3, [pc, #128]	; (20001a90 <sleep_until+0xe4>)
20001a10:	4a20      	ldr	r2, [pc, #128]	; (20001a94 <sleep_until+0xe8>)
20001a12:	213f      	movs	r1, #63	; 0x3f
20001a14:	4820      	ldr	r0, [pc, #128]	; (20001a98 <sleep_until+0xec>)
20001a16:	f000 ff0d 	bl	20002834 <__assert_func>
20001a1a:	2c00      	cmp	r4, #0
20001a1c:	d0e8      	beq.n	200019f0 <sleep_until+0x44>
20001a1e:	f7ff fe7f 	bl	20001720 <alarm_pool_get_default>
20001a22:	2300      	movs	r3, #0
20001a24:	9302      	str	r3, [sp, #8]
20001a26:	9301      	str	r3, [sp, #4]
20001a28:	4b1c      	ldr	r3, [pc, #112]	; (20001a9c <sleep_until+0xf0>)
20001a2a:	9300      	str	r3, [sp, #0]
20001a2c:	9a04      	ldr	r2, [sp, #16]
20001a2e:	9b05      	ldr	r3, [sp, #20]
20001a30:	f7ff fe8c 	bl	2000174c <alarm_pool_add_alarm_at>
20001a34:	2800      	cmp	r0, #0
20001a36:	da18      	bge.n	20001a6a <sleep_until+0xbe>
20001a38:	e7da      	b.n	200019f0 <sleep_until+0x44>
20001a3a:	2300      	movs	r3, #0
20001a3c:	e000      	b.n	20001a40 <sleep_until+0x94>
20001a3e:	2300      	movs	r3, #0
20001a40:	2b00      	cmp	r3, #0
20001a42:	d1d5      	bne.n	200019f0 <sleep_until+0x44>
20001a44:	4b16      	ldr	r3, [pc, #88]	; (20001aa0 <sleep_until+0xf4>)
20001a46:	681a      	ldr	r2, [r3, #0]
20001a48:	f3ef 8110 	mrs	r1, PRIMASK
20001a4c:	b672      	cpsid	i
20001a4e:	6813      	ldr	r3, [r2, #0]
20001a50:	2b00      	cmp	r3, #0
20001a52:	d0fc      	beq.n	20001a4e <sleep_until+0xa2>
20001a54:	f3bf 8f5f 	dmb	sy
20001a58:	4b11      	ldr	r3, [pc, #68]	; (20001aa0 <sleep_until+0xf4>)
20001a5a:	681b      	ldr	r3, [r3, #0]
20001a5c:	f3bf 8f5f 	dmb	sy
20001a60:	2200      	movs	r2, #0
20001a62:	601a      	str	r2, [r3, #0]
20001a64:	f381 8810 	msr	PRIMASK, r1
20001a68:	bf20      	wfe
20001a6a:	9904      	ldr	r1, [sp, #16]
20001a6c:	9a05      	ldr	r2, [sp, #20]
20001a6e:	4b0d      	ldr	r3, [pc, #52]	; (20001aa4 <sleep_until+0xf8>)
20001a70:	6a5b      	ldr	r3, [r3, #36]	; 0x24
20001a72:	429a      	cmp	r2, r3
20001a74:	d8e3      	bhi.n	20001a3e <sleep_until+0x92>
20001a76:	480b      	ldr	r0, [pc, #44]	; (20001aa4 <sleep_until+0xf8>)
20001a78:	6a80      	ldr	r0, [r0, #40]	; 0x28
20001a7a:	4288      	cmp	r0, r1
20001a7c:	d203      	bcs.n	20001a86 <sleep_until+0xda>
20001a7e:	429a      	cmp	r2, r3
20001a80:	d0db      	beq.n	20001a3a <sleep_until+0x8e>
20001a82:	2301      	movs	r3, #1
20001a84:	e7dc      	b.n	20001a40 <sleep_until+0x94>
20001a86:	2301      	movs	r3, #1
20001a88:	e7da      	b.n	20001a40 <sleep_until+0x94>
20001a8a:	46c0      	nop			; (mov r8, r8)
20001a8c:	200052c8 	.word	0x200052c8
20001a90:	20005000 	.word	0x20005000
20001a94:	20005330 	.word	0x20005330
20001a98:	2000501c 	.word	0x2000501c
20001a9c:	200010a1 	.word	0x200010a1
20001aa0:	200063a0 	.word	0x200063a0
20001aa4:	40054000 	.word	0x40054000

20001aa8 <sleep_us>:
20001aa8:	b570      	push	{r4, r5, r6, lr}
20001aaa:	0004      	movs	r4, r0
20001aac:	000d      	movs	r5, r1
20001aae:	f000 f8db 	bl	20001c68 <time_us_64>
20001ab2:	0002      	movs	r2, r0
20001ab4:	1e0b      	subs	r3, r1, #0
20001ab6:	db0a      	blt.n	20001ace <sleep_us+0x26>
20001ab8:	0020      	movs	r0, r4
20001aba:	0029      	movs	r1, r5
20001abc:	1880      	adds	r0, r0, r2
20001abe:	4159      	adcs	r1, r3
20001ac0:	2900      	cmp	r1, #0
20001ac2:	db0a      	blt.n	20001ada <sleep_us+0x32>
20001ac4:	2900      	cmp	r1, #0
20001ac6:	db0c      	blt.n	20001ae2 <sleep_us+0x3a>
20001ac8:	f7ff ff70 	bl	200019ac <sleep_until>
20001acc:	bd70      	pop	{r4, r5, r6, pc}
20001ace:	4b08      	ldr	r3, [pc, #32]	; (20001af0 <sleep_us+0x48>)
20001ad0:	4a08      	ldr	r2, [pc, #32]	; (20001af4 <sleep_us+0x4c>)
20001ad2:	213f      	movs	r1, #63	; 0x3f
20001ad4:	4808      	ldr	r0, [pc, #32]	; (20001af8 <sleep_us+0x50>)
20001ad6:	f000 fead 	bl	20002834 <__assert_func>
20001ada:	2001      	movs	r0, #1
20001adc:	4240      	negs	r0, r0
20001ade:	4907      	ldr	r1, [pc, #28]	; (20001afc <sleep_us+0x54>)
20001ae0:	e7f0      	b.n	20001ac4 <sleep_us+0x1c>
20001ae2:	4b03      	ldr	r3, [pc, #12]	; (20001af0 <sleep_us+0x48>)
20001ae4:	4a03      	ldr	r2, [pc, #12]	; (20001af4 <sleep_us+0x4c>)
20001ae6:	213f      	movs	r1, #63	; 0x3f
20001ae8:	4803      	ldr	r0, [pc, #12]	; (20001af8 <sleep_us+0x50>)
20001aea:	f000 fea3 	bl	20002834 <__assert_func>
20001aee:	46c0      	nop			; (mov r8, r8)
20001af0:	20005000 	.word	0x20005000
20001af4:	20005330 	.word	0x20005330
20001af8:	2000501c 	.word	0x2000501c
20001afc:	7fffffff 	.word	0x7fffffff

20001b00 <sleep_ms>:
20001b00:	b510      	push	{r4, lr}
20001b02:	22fa      	movs	r2, #250	; 0xfa
20001b04:	0092      	lsls	r2, r2, #2
20001b06:	2300      	movs	r3, #0
20001b08:	2100      	movs	r1, #0
20001b0a:	f002 fbd7 	bl	200042bc <__wrap___aeabi_lmul>
20001b0e:	f7ff ffcb 	bl	20001aa8 <sleep_us>
20001b12:	bd10      	pop	{r4, pc}

20001b14 <best_effort_wfe_or_timeout>:
20001b14:	b570      	push	{r4, r5, r6, lr}
20001b16:	b084      	sub	sp, #16
20001b18:	0005      	movs	r5, r0
20001b1a:	000c      	movs	r4, r1
20001b1c:	f3ef 8305 	mrs	r3, IPSR
20001b20:	2b00      	cmp	r3, #0
20001b22:	d11e      	bne.n	20001b62 <best_effort_wfe_or_timeout+0x4e>
20001b24:	f7ff fdfc 	bl	20001720 <alarm_pool_get_default>
20001b28:	2300      	movs	r3, #0
20001b2a:	9302      	str	r3, [sp, #8]
20001b2c:	9301      	str	r3, [sp, #4]
20001b2e:	4b22      	ldr	r3, [pc, #136]	; (20001bb8 <best_effort_wfe_or_timeout+0xa4>)
20001b30:	9300      	str	r3, [sp, #0]
20001b32:	002a      	movs	r2, r5
20001b34:	0023      	movs	r3, r4
20001b36:	f7ff fe09 	bl	2000174c <alarm_pool_add_alarm_at>
20001b3a:	1e06      	subs	r6, r0, #0
20001b3c:	dd23      	ble.n	20001b86 <best_effort_wfe_or_timeout+0x72>
20001b3e:	bf20      	wfe
20001b40:	f7ff fdee 	bl	20001720 <alarm_pool_get_default>
20001b44:	0031      	movs	r1, r6
20001b46:	f7ff feb5 	bl	200018b4 <alarm_pool_cancel_alarm>
20001b4a:	4b1c      	ldr	r3, [pc, #112]	; (20001bbc <best_effort_wfe_or_timeout+0xa8>)
20001b4c:	6a5b      	ldr	r3, [r3, #36]	; 0x24
20001b4e:	429c      	cmp	r4, r3
20001b50:	d82d      	bhi.n	20001bae <best_effort_wfe_or_timeout+0x9a>
20001b52:	4a1a      	ldr	r2, [pc, #104]	; (20001bbc <best_effort_wfe_or_timeout+0xa8>)
20001b54:	6a92      	ldr	r2, [r2, #40]	; 0x28
20001b56:	42aa      	cmp	r2, r5
20001b58:	d22c      	bcs.n	20001bb4 <best_effort_wfe_or_timeout+0xa0>
20001b5a:	429c      	cmp	r4, r3
20001b5c:	d025      	beq.n	20001baa <best_effort_wfe_or_timeout+0x96>
20001b5e:	2001      	movs	r0, #1
20001b60:	e026      	b.n	20001bb0 <best_effort_wfe_or_timeout+0x9c>
20001b62:	4b16      	ldr	r3, [pc, #88]	; (20001bbc <best_effort_wfe_or_timeout+0xa8>)
20001b64:	6a5b      	ldr	r3, [r3, #36]	; 0x24
20001b66:	4299      	cmp	r1, r3
20001b68:	d809      	bhi.n	20001b7e <best_effort_wfe_or_timeout+0x6a>
20001b6a:	4a14      	ldr	r2, [pc, #80]	; (20001bbc <best_effort_wfe_or_timeout+0xa8>)
20001b6c:	6a92      	ldr	r2, [r2, #40]	; 0x28
20001b6e:	4282      	cmp	r2, r0
20001b70:	d207      	bcs.n	20001b82 <best_effort_wfe_or_timeout+0x6e>
20001b72:	4299      	cmp	r1, r3
20001b74:	d001      	beq.n	20001b7a <best_effort_wfe_or_timeout+0x66>
20001b76:	2001      	movs	r0, #1
20001b78:	e01a      	b.n	20001bb0 <best_effort_wfe_or_timeout+0x9c>
20001b7a:	2000      	movs	r0, #0
20001b7c:	e018      	b.n	20001bb0 <best_effort_wfe_or_timeout+0x9c>
20001b7e:	2000      	movs	r0, #0
20001b80:	e016      	b.n	20001bb0 <best_effort_wfe_or_timeout+0x9c>
20001b82:	2001      	movs	r0, #1
20001b84:	e014      	b.n	20001bb0 <best_effort_wfe_or_timeout+0x9c>
20001b86:	4b0d      	ldr	r3, [pc, #52]	; (20001bbc <best_effort_wfe_or_timeout+0xa8>)
20001b88:	6a5b      	ldr	r3, [r3, #36]	; 0x24
20001b8a:	429c      	cmp	r4, r3
20001b8c:	d809      	bhi.n	20001ba2 <best_effort_wfe_or_timeout+0x8e>
20001b8e:	4a0b      	ldr	r2, [pc, #44]	; (20001bbc <best_effort_wfe_or_timeout+0xa8>)
20001b90:	6a92      	ldr	r2, [r2, #40]	; 0x28
20001b92:	42aa      	cmp	r2, r5
20001b94:	d207      	bcs.n	20001ba6 <best_effort_wfe_or_timeout+0x92>
20001b96:	429c      	cmp	r4, r3
20001b98:	d001      	beq.n	20001b9e <best_effort_wfe_or_timeout+0x8a>
20001b9a:	2001      	movs	r0, #1
20001b9c:	e008      	b.n	20001bb0 <best_effort_wfe_or_timeout+0x9c>
20001b9e:	2000      	movs	r0, #0
20001ba0:	e006      	b.n	20001bb0 <best_effort_wfe_or_timeout+0x9c>
20001ba2:	2000      	movs	r0, #0
20001ba4:	e004      	b.n	20001bb0 <best_effort_wfe_or_timeout+0x9c>
20001ba6:	2001      	movs	r0, #1
20001ba8:	e002      	b.n	20001bb0 <best_effort_wfe_or_timeout+0x9c>
20001baa:	2000      	movs	r0, #0
20001bac:	e000      	b.n	20001bb0 <best_effort_wfe_or_timeout+0x9c>
20001bae:	2000      	movs	r0, #0
20001bb0:	b004      	add	sp, #16
20001bb2:	bd70      	pop	{r4, r5, r6, pc}
20001bb4:	2001      	movs	r0, #1
20001bb6:	e7fb      	b.n	20001bb0 <best_effort_wfe_or_timeout+0x9c>
20001bb8:	200010a1 	.word	0x200010a1
20001bbc:	40054000 	.word	0x40054000

20001bc0 <hardware_alarm_irq_handler>:
20001bc0:	b570      	push	{r4, r5, r6, lr}
20001bc2:	f3ef 8005 	mrs	r0, IPSR
20001bc6:	3810      	subs	r0, #16
20001bc8:	f3ef 8c10 	mrs	ip, PRIMASK
20001bcc:	b672      	cpsid	i
20001bce:	4b1a      	ldr	r3, [pc, #104]	; (20001c38 <hardware_alarm_irq_handler+0x78>)
20001bd0:	681b      	ldr	r3, [r3, #0]
20001bd2:	2b00      	cmp	r3, #0
20001bd4:	d0fb      	beq.n	20001bce <hardware_alarm_irq_handler+0xe>
20001bd6:	f3bf 8f5f 	dmb	sy
20001bda:	2201      	movs	r2, #1
20001bdc:	0013      	movs	r3, r2
20001bde:	4083      	lsls	r3, r0
20001be0:	4916      	ldr	r1, [pc, #88]	; (20001c3c <hardware_alarm_irq_handler+0x7c>)
20001be2:	634b      	str	r3, [r1, #52]	; 0x34
20001be4:	4916      	ldr	r1, [pc, #88]	; (20001c40 <hardware_alarm_irq_handler+0x80>)
20001be6:	600b      	str	r3, [r1, #0]
20001be8:	4916      	ldr	r1, [pc, #88]	; (20001c44 <hardware_alarm_irq_handler+0x84>)
20001bea:	7809      	ldrb	r1, [r1, #0]
20001bec:	000c      	movs	r4, r1
20001bee:	40c4      	lsrs	r4, r0
20001bf0:	4222      	tst	r2, r4
20001bf2:	d014      	beq.n	20001c1e <hardware_alarm_irq_handler+0x5e>
20001bf4:	4a11      	ldr	r2, [pc, #68]	; (20001c3c <hardware_alarm_irq_handler+0x7c>)
20001bf6:	6a54      	ldr	r4, [r2, #36]	; 0x24
20001bf8:	0082      	lsls	r2, r0, #2
20001bfa:	4d13      	ldr	r5, [pc, #76]	; (20001c48 <hardware_alarm_irq_handler+0x88>)
20001bfc:	5952      	ldr	r2, [r2, r5]
20001bfe:	4294      	cmp	r4, r2
20001c00:	d306      	bcc.n	20001c10 <hardware_alarm_irq_handler+0x50>
20001c02:	0082      	lsls	r2, r0, #2
20001c04:	4c11      	ldr	r4, [pc, #68]	; (20001c4c <hardware_alarm_irq_handler+0x8c>)
20001c06:	5912      	ldr	r2, [r2, r4]
20001c08:	4399      	bics	r1, r3
20001c0a:	4b0e      	ldr	r3, [pc, #56]	; (20001c44 <hardware_alarm_irq_handler+0x84>)
20001c0c:	7019      	strb	r1, [r3, #0]
20001c0e:	e007      	b.n	20001c20 <hardware_alarm_irq_handler+0x60>
20001c10:	4a0a      	ldr	r2, [pc, #40]	; (20001c3c <hardware_alarm_irq_handler+0x7c>)
20001c12:	1d03      	adds	r3, r0, #4
20001c14:	009b      	lsls	r3, r3, #2
20001c16:	5899      	ldr	r1, [r3, r2]
20001c18:	5099      	str	r1, [r3, r2]
20001c1a:	2200      	movs	r2, #0
20001c1c:	e000      	b.n	20001c20 <hardware_alarm_irq_handler+0x60>
20001c1e:	2200      	movs	r2, #0
20001c20:	f3bf 8f5f 	dmb	sy
20001c24:	4b04      	ldr	r3, [pc, #16]	; (20001c38 <hardware_alarm_irq_handler+0x78>)
20001c26:	2100      	movs	r1, #0
20001c28:	6019      	str	r1, [r3, #0]
20001c2a:	f38c 8810 	msr	PRIMASK, ip
20001c2e:	2a00      	cmp	r2, #0
20001c30:	d000      	beq.n	20001c34 <hardware_alarm_irq_handler+0x74>
20001c32:	4790      	blx	r2
20001c34:	bd70      	pop	{r4, r5, r6, pc}
20001c36:	46c0      	nop			; (mov r8, r8)
20001c38:	d0000128 	.word	0xd0000128
20001c3c:	40054000 	.word	0x40054000
20001c40:	4005703c 	.word	0x4005703c
20001c44:	200063bb 	.word	0x200063bb
20001c48:	200063a4 	.word	0x200063a4
20001c4c:	20006004 	.word	0x20006004

20001c50 <hardware_alarm_claim>:
20001c50:	b510      	push	{r4, lr}
20001c52:	0001      	movs	r1, r0
20001c54:	4a02      	ldr	r2, [pc, #8]	; (20001c60 <hardware_alarm_claim+0x10>)
20001c56:	4803      	ldr	r0, [pc, #12]	; (20001c64 <hardware_alarm_claim+0x14>)
20001c58:	f7fe ff9c 	bl	20000b94 <hw_claim_or_assert>
20001c5c:	bd10      	pop	{r4, pc}
20001c5e:	46c0      	nop			; (mov r8, r8)
20001c60:	200053f4 	.word	0x200053f4
20001c64:	200063b9 	.word	0x200063b9

20001c68 <time_us_64>:
20001c68:	4b04      	ldr	r3, [pc, #16]	; (20001c7c <time_us_64+0x14>)
20001c6a:	6a5b      	ldr	r3, [r3, #36]	; 0x24
20001c6c:	4a03      	ldr	r2, [pc, #12]	; (20001c7c <time_us_64+0x14>)
20001c6e:	6a90      	ldr	r0, [r2, #40]	; 0x28
20001c70:	0019      	movs	r1, r3
20001c72:	6a53      	ldr	r3, [r2, #36]	; 0x24
20001c74:	4299      	cmp	r1, r3
20001c76:	d1f9      	bne.n	20001c6c <time_us_64+0x4>
20001c78:	4770      	bx	lr
20001c7a:	46c0      	nop			; (mov r8, r8)
20001c7c:	40054000 	.word	0x40054000

20001c80 <busy_wait_until>:
20001c80:	4b08      	ldr	r3, [pc, #32]	; (20001ca4 <busy_wait_until+0x24>)
20001c82:	6a5b      	ldr	r3, [r3, #36]	; 0x24
20001c84:	e001      	b.n	20001c8a <busy_wait_until+0xa>
20001c86:	4b07      	ldr	r3, [pc, #28]	; (20001ca4 <busy_wait_until+0x24>)
20001c88:	6a5b      	ldr	r3, [r3, #36]	; 0x24
20001c8a:	428b      	cmp	r3, r1
20001c8c:	d3fb      	bcc.n	20001c86 <busy_wait_until+0x6>
20001c8e:	e001      	b.n	20001c94 <busy_wait_until+0x14>
20001c90:	4b04      	ldr	r3, [pc, #16]	; (20001ca4 <busy_wait_until+0x24>)
20001c92:	6a5b      	ldr	r3, [r3, #36]	; 0x24
20001c94:	428b      	cmp	r3, r1
20001c96:	d103      	bne.n	20001ca0 <busy_wait_until+0x20>
20001c98:	4b02      	ldr	r3, [pc, #8]	; (20001ca4 <busy_wait_until+0x24>)
20001c9a:	6a9b      	ldr	r3, [r3, #40]	; 0x28
20001c9c:	4283      	cmp	r3, r0
20001c9e:	d3f7      	bcc.n	20001c90 <busy_wait_until+0x10>
20001ca0:	4770      	bx	lr
20001ca2:	46c0      	nop			; (mov r8, r8)
20001ca4:	40054000 	.word	0x40054000

20001ca8 <busy_wait_us>:
20001ca8:	b570      	push	{r4, r5, r6, lr}
20001caa:	0004      	movs	r4, r0
20001cac:	000d      	movs	r5, r1
20001cae:	f7ff ffdb 	bl	20001c68 <time_us_64>
20001cb2:	0002      	movs	r2, r0
20001cb4:	000b      	movs	r3, r1
20001cb6:	0020      	movs	r0, r4
20001cb8:	0029      	movs	r1, r5
20001cba:	1880      	adds	r0, r0, r2
20001cbc:	4159      	adcs	r1, r3
20001cbe:	428b      	cmp	r3, r1
20001cc0:	d802      	bhi.n	20001cc8 <busy_wait_us+0x20>
20001cc2:	d104      	bne.n	20001cce <busy_wait_us+0x26>
20001cc4:	4282      	cmp	r2, r0
20001cc6:	d902      	bls.n	20001cce <busy_wait_us+0x26>
20001cc8:	2001      	movs	r0, #1
20001cca:	4240      	negs	r0, r0
20001ccc:	17c1      	asrs	r1, r0, #31
20001cce:	2900      	cmp	r1, #0
20001cd0:	db02      	blt.n	20001cd8 <busy_wait_us+0x30>
20001cd2:	f7ff ffd5 	bl	20001c80 <busy_wait_until>
20001cd6:	bd70      	pop	{r4, r5, r6, pc}
20001cd8:	4b02      	ldr	r3, [pc, #8]	; (20001ce4 <busy_wait_us+0x3c>)
20001cda:	4a03      	ldr	r2, [pc, #12]	; (20001ce8 <busy_wait_us+0x40>)
20001cdc:	213f      	movs	r1, #63	; 0x3f
20001cde:	4803      	ldr	r0, [pc, #12]	; (20001cec <busy_wait_us+0x44>)
20001ce0:	f000 fda8 	bl	20002834 <__assert_func>
20001ce4:	20005000 	.word	0x20005000
20001ce8:	20005498 	.word	0x20005498
20001cec:	2000501c 	.word	0x2000501c

20001cf0 <hardware_alarm_set_callback>:
20001cf0:	b570      	push	{r4, r5, r6, lr}
20001cf2:	0004      	movs	r4, r0
20001cf4:	000d      	movs	r5, r1
20001cf6:	f3ef 8610 	mrs	r6, PRIMASK
20001cfa:	b672      	cpsid	i
20001cfc:	4b1b      	ldr	r3, [pc, #108]	; (20001d6c <hardware_alarm_set_callback+0x7c>)
20001cfe:	681b      	ldr	r3, [r3, #0]
20001d00:	2b00      	cmp	r3, #0
20001d02:	d0fb      	beq.n	20001cfc <hardware_alarm_set_callback+0xc>
20001d04:	f3bf 8f5f 	dmb	sy
20001d08:	2d00      	cmp	r5, #0
20001d0a:	d01c      	beq.n	20001d46 <hardware_alarm_set_callback+0x56>
20001d0c:	0020      	movs	r0, r4
20001d0e:	f7fe fff5 	bl	20000cfc <irq_get_vtable_handler>
20001d12:	4b17      	ldr	r3, [pc, #92]	; (20001d70 <hardware_alarm_set_callback+0x80>)
20001d14:	4283      	cmp	r3, r0
20001d16:	d00b      	beq.n	20001d30 <hardware_alarm_set_callback+0x40>
20001d18:	0019      	movs	r1, r3
20001d1a:	0020      	movs	r0, r4
20001d1c:	f7fe fff6 	bl	20000d0c <irq_set_exclusive_handler>
20001d20:	2101      	movs	r1, #1
20001d22:	0020      	movs	r0, r4
20001d24:	f7fe ffe2 	bl	20000cec <irq_set_enabled>
20001d28:	2301      	movs	r3, #1
20001d2a:	40a3      	lsls	r3, r4
20001d2c:	4a11      	ldr	r2, [pc, #68]	; (20001d74 <hardware_alarm_set_callback+0x84>)
20001d2e:	6013      	str	r3, [r2, #0]
20001d30:	00a4      	lsls	r4, r4, #2
20001d32:	4b11      	ldr	r3, [pc, #68]	; (20001d78 <hardware_alarm_set_callback+0x88>)
20001d34:	50e5      	str	r5, [r4, r3]
20001d36:	f3bf 8f5f 	dmb	sy
20001d3a:	4b0c      	ldr	r3, [pc, #48]	; (20001d6c <hardware_alarm_set_callback+0x7c>)
20001d3c:	2200      	movs	r2, #0
20001d3e:	601a      	str	r2, [r3, #0]
20001d40:	f386 8810 	msr	PRIMASK, r6
20001d44:	bd70      	pop	{r4, r5, r6, pc}
20001d46:	00a2      	lsls	r2, r4, #2
20001d48:	4b0b      	ldr	r3, [pc, #44]	; (20001d78 <hardware_alarm_set_callback+0x88>)
20001d4a:	2100      	movs	r1, #0
20001d4c:	50d1      	str	r1, [r2, r3]
20001d4e:	2201      	movs	r2, #1
20001d50:	40a2      	lsls	r2, r4
20001d52:	490a      	ldr	r1, [pc, #40]	; (20001d7c <hardware_alarm_set_callback+0x8c>)
20001d54:	780b      	ldrb	r3, [r1, #0]
20001d56:	4393      	bics	r3, r2
20001d58:	700b      	strb	r3, [r1, #0]
20001d5a:	4905      	ldr	r1, [pc, #20]	; (20001d70 <hardware_alarm_set_callback+0x80>)
20001d5c:	0020      	movs	r0, r4
20001d5e:	f7fe ffff 	bl	20000d60 <irq_remove_handler>
20001d62:	2100      	movs	r1, #0
20001d64:	0020      	movs	r0, r4
20001d66:	f7fe ffc1 	bl	20000cec <irq_set_enabled>
20001d6a:	e7e4      	b.n	20001d36 <hardware_alarm_set_callback+0x46>
20001d6c:	d0000128 	.word	0xd0000128
20001d70:	20001bc1 	.word	0x20001bc1
20001d74:	40056038 	.word	0x40056038
20001d78:	20006004 	.word	0x20006004
20001d7c:	200063bb 	.word	0x200063bb

20001d80 <hardware_alarm_set_target>:
20001d80:	b5f0      	push	{r4, r5, r6, r7, lr}
20001d82:	46de      	mov	lr, fp
20001d84:	b500      	push	{lr}
20001d86:	b084      	sub	sp, #16
20001d88:	0004      	movs	r4, r0
20001d8a:	0015      	movs	r5, r2
20001d8c:	9201      	str	r2, [sp, #4]
20001d8e:	001e      	movs	r6, r3
20001d90:	9302      	str	r3, [sp, #8]
20001d92:	f7ff ff69 	bl	20001c68 <time_us_64>
20001d96:	9503      	str	r5, [sp, #12]
20001d98:	428e      	cmp	r6, r1
20001d9a:	d802      	bhi.n	20001da2 <hardware_alarm_set_target+0x22>
20001d9c:	d14e      	bne.n	20001e3c <hardware_alarm_set_target+0xbc>
20001d9e:	4285      	cmp	r5, r0
20001da0:	d94c      	bls.n	20001e3c <hardware_alarm_set_target+0xbc>
20001da2:	f3ef 8b10 	mrs	fp, PRIMASK
20001da6:	b672      	cpsid	i
20001da8:	4b27      	ldr	r3, [pc, #156]	; (20001e48 <hardware_alarm_set_target+0xc8>)
20001daa:	681b      	ldr	r3, [r3, #0]
20001dac:	2b00      	cmp	r3, #0
20001dae:	d0fb      	beq.n	20001da8 <hardware_alarm_set_target+0x28>
20001db0:	f3bf 8f5f 	dmb	sy
20001db4:	4a25      	ldr	r2, [pc, #148]	; (20001e4c <hardware_alarm_set_target+0xcc>)
20001db6:	7817      	ldrb	r7, [r2, #0]
20001db8:	2501      	movs	r5, #1
20001dba:	40a5      	lsls	r5, r4
20001dbc:	b2eb      	uxtb	r3, r5
20001dbe:	433b      	orrs	r3, r7
20001dc0:	7013      	strb	r3, [r2, #0]
20001dc2:	4b23      	ldr	r3, [pc, #140]	; (20001e50 <hardware_alarm_set_target+0xd0>)
20001dc4:	635d      	str	r5, [r3, #52]	; 0x34
20001dc6:	1d22      	adds	r2, r4, #4
20001dc8:	0092      	lsls	r2, r2, #2
20001dca:	9901      	ldr	r1, [sp, #4]
20001dcc:	50d1      	str	r1, [r2, r3]
20001dce:	00a2      	lsls	r2, r4, #2
20001dd0:	4920      	ldr	r1, [pc, #128]	; (20001e54 <hardware_alarm_set_target+0xd4>)
20001dd2:	9802      	ldr	r0, [sp, #8]
20001dd4:	5050      	str	r0, [r2, r1]
20001dd6:	6a1b      	ldr	r3, [r3, #32]
20001dd8:	422b      	tst	r3, r5
20001dda:	d112      	bne.n	20001e02 <hardware_alarm_set_target+0x82>
20001ddc:	4b1c      	ldr	r3, [pc, #112]	; (20001e50 <hardware_alarm_set_target+0xd0>)
20001dde:	6c1b      	ldr	r3, [r3, #64]	; 0x40
20001de0:	422b      	tst	r3, r5
20001de2:	d008      	beq.n	20001df6 <hardware_alarm_set_target+0x76>
20001de4:	2000      	movs	r0, #0
20001de6:	f3bf 8f5f 	dmb	sy
20001dea:	4b17      	ldr	r3, [pc, #92]	; (20001e48 <hardware_alarm_set_target+0xc8>)
20001dec:	2200      	movs	r2, #0
20001dee:	601a      	str	r2, [r3, #0]
20001df0:	f38b 8810 	msr	PRIMASK, fp
20001df4:	e023      	b.n	20001e3e <hardware_alarm_set_target+0xbe>
20001df6:	4b18      	ldr	r3, [pc, #96]	; (20001e58 <hardware_alarm_set_target+0xd8>)
20001df8:	4a18      	ldr	r2, [pc, #96]	; (20001e5c <hardware_alarm_set_target+0xdc>)
20001dfa:	21c5      	movs	r1, #197	; 0xc5
20001dfc:	4818      	ldr	r0, [pc, #96]	; (20001e60 <hardware_alarm_set_target+0xe0>)
20001dfe:	f000 fd19 	bl	20002834 <__assert_func>
20001e02:	f7ff ff31 	bl	20001c68 <time_us_64>
20001e06:	428e      	cmp	r6, r1
20001e08:	d814      	bhi.n	20001e34 <hardware_alarm_set_target+0xb4>
20001e0a:	d102      	bne.n	20001e12 <hardware_alarm_set_target+0x92>
20001e0c:	9b03      	ldr	r3, [sp, #12]
20001e0e:	4283      	cmp	r3, r0
20001e10:	d810      	bhi.n	20001e34 <hardware_alarm_set_target+0xb4>
20001e12:	4b0e      	ldr	r3, [pc, #56]	; (20001e4c <hardware_alarm_set_target+0xcc>)
20001e14:	781b      	ldrb	r3, [r3, #0]
20001e16:	42bb      	cmp	r3, r7
20001e18:	d00e      	beq.n	20001e38 <hardware_alarm_set_target+0xb8>
20001e1a:	4b0d      	ldr	r3, [pc, #52]	; (20001e50 <hardware_alarm_set_target+0xd0>)
20001e1c:	621d      	str	r5, [r3, #32]
20001e1e:	635d      	str	r5, [r3, #52]	; 0x34
20001e20:	201f      	movs	r0, #31
20001e22:	4004      	ands	r4, r0
20001e24:	2301      	movs	r3, #1
20001e26:	40a3      	lsls	r3, r4
20001e28:	4a0e      	ldr	r2, [pc, #56]	; (20001e64 <hardware_alarm_set_target+0xe4>)
20001e2a:	6013      	str	r3, [r2, #0]
20001e2c:	4b07      	ldr	r3, [pc, #28]	; (20001e4c <hardware_alarm_set_target+0xcc>)
20001e2e:	701f      	strb	r7, [r3, #0]
20001e30:	381e      	subs	r0, #30
20001e32:	e7d8      	b.n	20001de6 <hardware_alarm_set_target+0x66>
20001e34:	2000      	movs	r0, #0
20001e36:	e7d6      	b.n	20001de6 <hardware_alarm_set_target+0x66>
20001e38:	2001      	movs	r0, #1
20001e3a:	e7d4      	b.n	20001de6 <hardware_alarm_set_target+0x66>
20001e3c:	2001      	movs	r0, #1
20001e3e:	b004      	add	sp, #16
20001e40:	bc80      	pop	{r7}
20001e42:	46bb      	mov	fp, r7
20001e44:	bdf0      	pop	{r4, r5, r6, r7, pc}
20001e46:	46c0      	nop			; (mov r8, r8)
20001e48:	d0000128 	.word	0xd0000128
20001e4c:	200063bb 	.word	0x200063bb
20001e50:	40054000 	.word	0x40054000
20001e54:	200063a4 	.word	0x200063a4
20001e58:	20005418 	.word	0x20005418
20001e5c:	2000547c 	.word	0x2000547c
20001e60:	2000543c 	.word	0x2000543c
20001e64:	e000e280 	.word	0xe000e280

20001e68 <hardware_alarm_cancel>:
20001e68:	f3ef 8c10 	mrs	ip, PRIMASK
20001e6c:	b672      	cpsid	i
20001e6e:	4b0b      	ldr	r3, [pc, #44]	; (20001e9c <hardware_alarm_cancel+0x34>)
20001e70:	681b      	ldr	r3, [r3, #0]
20001e72:	2b00      	cmp	r3, #0
20001e74:	d0fb      	beq.n	20001e6e <hardware_alarm_cancel+0x6>
20001e76:	f3bf 8f5f 	dmb	sy
20001e7a:	2301      	movs	r3, #1
20001e7c:	4083      	lsls	r3, r0
20001e7e:	4a08      	ldr	r2, [pc, #32]	; (20001ea0 <hardware_alarm_cancel+0x38>)
20001e80:	6213      	str	r3, [r2, #32]
20001e82:	4908      	ldr	r1, [pc, #32]	; (20001ea4 <hardware_alarm_cancel+0x3c>)
20001e84:	780a      	ldrb	r2, [r1, #0]
20001e86:	439a      	bics	r2, r3
20001e88:	700a      	strb	r2, [r1, #0]
20001e8a:	f3bf 8f5f 	dmb	sy
20001e8e:	4b03      	ldr	r3, [pc, #12]	; (20001e9c <hardware_alarm_cancel+0x34>)
20001e90:	2200      	movs	r2, #0
20001e92:	601a      	str	r2, [r3, #0]
20001e94:	f38c 8810 	msr	PRIMASK, ip
20001e98:	4770      	bx	lr
20001e9a:	46c0      	nop			; (mov r8, r8)
20001e9c:	d0000128 	.word	0xd0000128
20001ea0:	40054000 	.word	0x40054000
20001ea4:	200063bb 	.word	0x200063bb

20001ea8 <ph_add_child_node>:
20001ea8:	b510      	push	{r4, lr}
20001eaa:	2900      	cmp	r1, #0
20001eac:	d01e      	beq.n	20001eec <ph_add_child_node+0x44>
20001eae:	7b03      	ldrb	r3, [r0, #12]
20001eb0:	4299      	cmp	r1, r3
20001eb2:	d81b      	bhi.n	20001eec <ph_add_child_node+0x44>
20001eb4:	004b      	lsls	r3, r1, #1
20001eb6:	185b      	adds	r3, r3, r1
20001eb8:	3b03      	subs	r3, #3
20001eba:	6804      	ldr	r4, [r0, #0]
20001ebc:	46a4      	mov	ip, r4
20001ebe:	4463      	add	r3, ip
20001ec0:	2900      	cmp	r1, #0
20001ec2:	d019      	beq.n	20001ef8 <ph_add_child_node+0x50>
20001ec4:	2a00      	cmp	r2, #0
20001ec6:	d01d      	beq.n	20001f04 <ph_add_child_node+0x5c>
20001ec8:	4291      	cmp	r1, r2
20001eca:	d021      	beq.n	20001f10 <ph_add_child_node+0x68>
20001ecc:	2a00      	cmp	r2, #0
20001ece:	d025      	beq.n	20001f1c <ph_add_child_node+0x74>
20001ed0:	7b04      	ldrb	r4, [r0, #12]
20001ed2:	42a2      	cmp	r2, r4
20001ed4:	d822      	bhi.n	20001f1c <ph_add_child_node+0x74>
20001ed6:	6804      	ldr	r4, [r0, #0]
20001ed8:	0050      	lsls	r0, r2, #1
20001eda:	1880      	adds	r0, r0, r2
20001edc:	3803      	subs	r0, #3
20001ede:	1820      	adds	r0, r4, r0
20001ee0:	7081      	strb	r1, [r0, #2]
20001ee2:	7819      	ldrb	r1, [r3, #0]
20001ee4:	2900      	cmp	r1, #0
20001ee6:	d11f      	bne.n	20001f28 <ph_add_child_node+0x80>
20001ee8:	701a      	strb	r2, [r3, #0]
20001eea:	bd10      	pop	{r4, pc}
20001eec:	4b10      	ldr	r3, [pc, #64]	; (20001f30 <ph_add_child_node+0x88>)
20001eee:	4a11      	ldr	r2, [pc, #68]	; (20001f34 <ph_add_child_node+0x8c>)
20001ef0:	2168      	movs	r1, #104	; 0x68
20001ef2:	4811      	ldr	r0, [pc, #68]	; (20001f38 <ph_add_child_node+0x90>)
20001ef4:	f000 fc9e 	bl	20002834 <__assert_func>
20001ef8:	4b10      	ldr	r3, [pc, #64]	; (20001f3c <ph_add_child_node+0x94>)
20001efa:	4a11      	ldr	r2, [pc, #68]	; (20001f40 <ph_add_child_node+0x98>)
20001efc:	316f      	adds	r1, #111	; 0x6f
20001efe:	480e      	ldr	r0, [pc, #56]	; (20001f38 <ph_add_child_node+0x90>)
20001f00:	f000 fc98 	bl	20002834 <__assert_func>
20001f04:	4b0f      	ldr	r3, [pc, #60]	; (20001f44 <ph_add_child_node+0x9c>)
20001f06:	4a0e      	ldr	r2, [pc, #56]	; (20001f40 <ph_add_child_node+0x98>)
20001f08:	2170      	movs	r1, #112	; 0x70
20001f0a:	480b      	ldr	r0, [pc, #44]	; (20001f38 <ph_add_child_node+0x90>)
20001f0c:	f000 fc92 	bl	20002834 <__assert_func>
20001f10:	4b0d      	ldr	r3, [pc, #52]	; (20001f48 <ph_add_child_node+0xa0>)
20001f12:	4a0b      	ldr	r2, [pc, #44]	; (20001f40 <ph_add_child_node+0x98>)
20001f14:	2171      	movs	r1, #113	; 0x71
20001f16:	4808      	ldr	r0, [pc, #32]	; (20001f38 <ph_add_child_node+0x90>)
20001f18:	f000 fc8c 	bl	20002834 <__assert_func>
20001f1c:	4b04      	ldr	r3, [pc, #16]	; (20001f30 <ph_add_child_node+0x88>)
20001f1e:	4a05      	ldr	r2, [pc, #20]	; (20001f34 <ph_add_child_node+0x8c>)
20001f20:	2168      	movs	r1, #104	; 0x68
20001f22:	4805      	ldr	r0, [pc, #20]	; (20001f38 <ph_add_child_node+0x90>)
20001f24:	f000 fc86 	bl	20002834 <__assert_func>
20001f28:	7041      	strb	r1, [r0, #1]
20001f2a:	701a      	strb	r2, [r3, #0]
20001f2c:	e7dd      	b.n	20001eea <ph_add_child_node+0x42>
20001f2e:	46c0      	nop			; (mov r8, r8)
20001f30:	20005128 	.word	0x20005128
20001f34:	20005598 	.word	0x20005598
20001f38:	20005144 	.word	0x20005144
20001f3c:	2000518c 	.word	0x2000518c
20001f40:	20005584 	.word	0x20005584
20001f44:	20005198 	.word	0x20005198
20001f48:	200051a4 	.word	0x200051a4

20001f4c <ph_merge_nodes>:
20001f4c:	b570      	push	{r4, r5, r6, lr}
20001f4e:	0006      	movs	r6, r0
20001f50:	000d      	movs	r5, r1
20001f52:	0014      	movs	r4, r2
20001f54:	2900      	cmp	r1, #0
20001f56:	d014      	beq.n	20001f82 <ph_merge_nodes+0x36>
20001f58:	2a00      	cmp	r2, #0
20001f5a:	d014      	beq.n	20001f86 <ph_merge_nodes+0x3a>
20001f5c:	6880      	ldr	r0, [r0, #8]
20001f5e:	6873      	ldr	r3, [r6, #4]
20001f60:	4798      	blx	r3
20001f62:	2800      	cmp	r0, #0
20001f64:	d006      	beq.n	20001f74 <ph_merge_nodes+0x28>
20001f66:	0022      	movs	r2, r4
20001f68:	0029      	movs	r1, r5
20001f6a:	0030      	movs	r0, r6
20001f6c:	f7ff ff9c 	bl	20001ea8 <ph_add_child_node>
20001f70:	0028      	movs	r0, r5
20001f72:	e007      	b.n	20001f84 <ph_merge_nodes+0x38>
20001f74:	002a      	movs	r2, r5
20001f76:	0021      	movs	r1, r4
20001f78:	0030      	movs	r0, r6
20001f7a:	f7ff ff95 	bl	20001ea8 <ph_add_child_node>
20001f7e:	0020      	movs	r0, r4
20001f80:	e000      	b.n	20001f84 <ph_merge_nodes+0x38>
20001f82:	0010      	movs	r0, r2
20001f84:	bd70      	pop	{r4, r5, r6, pc}
20001f86:	0008      	movs	r0, r1
20001f88:	e7fc      	b.n	20001f84 <ph_merge_nodes+0x38>
	...

20001f8c <ph_clear>:
20001f8c:	b510      	push	{r4, lr}
20001f8e:	2300      	movs	r3, #0
20001f90:	7343      	strb	r3, [r0, #13]
20001f92:	3301      	adds	r3, #1
20001f94:	7383      	strb	r3, [r0, #14]
20001f96:	7b03      	ldrb	r3, [r0, #12]
20001f98:	73c3      	strb	r3, [r0, #15]
20001f9a:	2301      	movs	r3, #1
20001f9c:	7b02      	ldrb	r2, [r0, #12]
20001f9e:	429a      	cmp	r2, r3
20001fa0:	d914      	bls.n	20001fcc <ph_clear+0x40>
20001fa2:	2b00      	cmp	r3, #0
20001fa4:	d00c      	beq.n	20001fc0 <ph_clear+0x34>
20001fa6:	7b02      	ldrb	r2, [r0, #12]
20001fa8:	4293      	cmp	r3, r2
20001faa:	d809      	bhi.n	20001fc0 <ph_clear+0x34>
20001fac:	005a      	lsls	r2, r3, #1
20001fae:	18d2      	adds	r2, r2, r3
20001fb0:	3a03      	subs	r2, #3
20001fb2:	6801      	ldr	r1, [r0, #0]
20001fb4:	468c      	mov	ip, r1
20001fb6:	4462      	add	r2, ip
20001fb8:	3301      	adds	r3, #1
20001fba:	b2db      	uxtb	r3, r3
20001fbc:	7053      	strb	r3, [r2, #1]
20001fbe:	e7ed      	b.n	20001f9c <ph_clear+0x10>
20001fc0:	4b0b      	ldr	r3, [pc, #44]	; (20001ff0 <ph_clear+0x64>)
20001fc2:	4a0c      	ldr	r2, [pc, #48]	; (20001ff4 <ph_clear+0x68>)
20001fc4:	2168      	movs	r1, #104	; 0x68
20001fc6:	480c      	ldr	r0, [pc, #48]	; (20001ff8 <ph_clear+0x6c>)
20001fc8:	f000 fc34 	bl	20002834 <__assert_func>
20001fcc:	2a00      	cmp	r2, #0
20001fce:	d009      	beq.n	20001fe4 <ph_clear+0x58>
20001fd0:	4292      	cmp	r2, r2
20001fd2:	d807      	bhi.n	20001fe4 <ph_clear+0x58>
20001fd4:	6801      	ldr	r1, [r0, #0]
20001fd6:	0053      	lsls	r3, r2, #1
20001fd8:	189a      	adds	r2, r3, r2
20001fda:	3a03      	subs	r2, #3
20001fdc:	188a      	adds	r2, r1, r2
20001fde:	2300      	movs	r3, #0
20001fe0:	7053      	strb	r3, [r2, #1]
20001fe2:	bd10      	pop	{r4, pc}
20001fe4:	4b02      	ldr	r3, [pc, #8]	; (20001ff0 <ph_clear+0x64>)
20001fe6:	4a03      	ldr	r2, [pc, #12]	; (20001ff4 <ph_clear+0x68>)
20001fe8:	2168      	movs	r1, #104	; 0x68
20001fea:	4803      	ldr	r0, [pc, #12]	; (20001ff8 <ph_clear+0x6c>)
20001fec:	f000 fc22 	bl	20002834 <__assert_func>
20001ff0:	20005128 	.word	0x20005128
20001ff4:	20005598 	.word	0x20005598
20001ff8:	20005144 	.word	0x20005144

20001ffc <ph_post_alloc_init>:
20001ffc:	b510      	push	{r4, lr}
20001ffe:	7301      	strb	r1, [r0, #12]
20002000:	6042      	str	r2, [r0, #4]
20002002:	6083      	str	r3, [r0, #8]
20002004:	f7ff ffc2 	bl	20001f8c <ph_clear>
20002008:	bd10      	pop	{r4, pc}
	...

2000200c <ph_merge_two_pass>:
2000200c:	b570      	push	{r4, r5, r6, lr}
2000200e:	0004      	movs	r4, r0
20002010:	1e08      	subs	r0, r1, #0
20002012:	d100      	bne.n	20002016 <ph_merge_two_pass+0xa>
20002014:	bd70      	pop	{r4, r5, r6, pc}
20002016:	2900      	cmp	r1, #0
20002018:	d034      	beq.n	20002084 <ph_merge_two_pass+0x78>
2000201a:	7b23      	ldrb	r3, [r4, #12]
2000201c:	4299      	cmp	r1, r3
2000201e:	d831      	bhi.n	20002084 <ph_merge_two_pass+0x78>
20002020:	004b      	lsls	r3, r1, #1
20002022:	185b      	adds	r3, r3, r1
20002024:	3b03      	subs	r3, #3
20002026:	6822      	ldr	r2, [r4, #0]
20002028:	4694      	mov	ip, r2
2000202a:	4463      	add	r3, ip
2000202c:	785a      	ldrb	r2, [r3, #1]
2000202e:	2a00      	cmp	r2, #0
20002030:	d0f0      	beq.n	20002014 <ph_merge_two_pass+0x8>
20002032:	d02d      	beq.n	20002090 <ph_merge_two_pass+0x84>
20002034:	7b23      	ldrb	r3, [r4, #12]
20002036:	429a      	cmp	r2, r3
20002038:	d82a      	bhi.n	20002090 <ph_merge_two_pass+0x84>
2000203a:	0053      	lsls	r3, r2, #1
2000203c:	189b      	adds	r3, r3, r2
2000203e:	3b03      	subs	r3, #3
20002040:	6821      	ldr	r1, [r4, #0]
20002042:	468c      	mov	ip, r1
20002044:	4463      	add	r3, ip
20002046:	785d      	ldrb	r5, [r3, #1]
20002048:	2100      	movs	r1, #0
2000204a:	7059      	strb	r1, [r3, #1]
2000204c:	2800      	cmp	r0, #0
2000204e:	d025      	beq.n	2000209c <ph_merge_two_pass+0x90>
20002050:	7b23      	ldrb	r3, [r4, #12]
20002052:	4298      	cmp	r0, r3
20002054:	d822      	bhi.n	2000209c <ph_merge_two_pass+0x90>
20002056:	0043      	lsls	r3, r0, #1
20002058:	181b      	adds	r3, r3, r0
2000205a:	3b03      	subs	r3, #3
2000205c:	6821      	ldr	r1, [r4, #0]
2000205e:	468c      	mov	ip, r1
20002060:	4463      	add	r3, ip
20002062:	2100      	movs	r1, #0
20002064:	7059      	strb	r1, [r3, #1]
20002066:	0001      	movs	r1, r0
20002068:	0020      	movs	r0, r4
2000206a:	f7ff ff6f 	bl	20001f4c <ph_merge_nodes>
2000206e:	0006      	movs	r6, r0
20002070:	0029      	movs	r1, r5
20002072:	0020      	movs	r0, r4
20002074:	f7ff ffca 	bl	2000200c <ph_merge_two_pass>
20002078:	0002      	movs	r2, r0
2000207a:	0031      	movs	r1, r6
2000207c:	0020      	movs	r0, r4
2000207e:	f7ff ff65 	bl	20001f4c <ph_merge_nodes>
20002082:	e7c7      	b.n	20002014 <ph_merge_two_pass+0x8>
20002084:	4b08      	ldr	r3, [pc, #32]	; (200020a8 <ph_merge_two_pass+0x9c>)
20002086:	4a09      	ldr	r2, [pc, #36]	; (200020ac <ph_merge_two_pass+0xa0>)
20002088:	2168      	movs	r1, #104	; 0x68
2000208a:	4809      	ldr	r0, [pc, #36]	; (200020b0 <ph_merge_two_pass+0xa4>)
2000208c:	f000 fbd2 	bl	20002834 <__assert_func>
20002090:	4b05      	ldr	r3, [pc, #20]	; (200020a8 <ph_merge_two_pass+0x9c>)
20002092:	4a06      	ldr	r2, [pc, #24]	; (200020ac <ph_merge_two_pass+0xa0>)
20002094:	2168      	movs	r1, #104	; 0x68
20002096:	4806      	ldr	r0, [pc, #24]	; (200020b0 <ph_merge_two_pass+0xa4>)
20002098:	f000 fbcc 	bl	20002834 <__assert_func>
2000209c:	4b02      	ldr	r3, [pc, #8]	; (200020a8 <ph_merge_two_pass+0x9c>)
2000209e:	4a03      	ldr	r2, [pc, #12]	; (200020ac <ph_merge_two_pass+0xa0>)
200020a0:	2168      	movs	r1, #104	; 0x68
200020a2:	4803      	ldr	r0, [pc, #12]	; (200020b0 <ph_merge_two_pass+0xa4>)
200020a4:	f000 fbc6 	bl	20002834 <__assert_func>
200020a8:	20005128 	.word	0x20005128
200020ac:	20005598 	.word	0x20005598
200020b0:	20005144 	.word	0x20005144

200020b4 <ph_remove_any_head>:
200020b4:	b570      	push	{r4, r5, r6, lr}
200020b6:	0005      	movs	r5, r0
200020b8:	000c      	movs	r4, r1
200020ba:	0016      	movs	r6, r2
200020bc:	2900      	cmp	r1, #0
200020be:	d02f      	beq.n	20002120 <ph_remove_any_head+0x6c>
200020c0:	d034      	beq.n	2000212c <ph_remove_any_head+0x78>
200020c2:	7b03      	ldrb	r3, [r0, #12]
200020c4:	4299      	cmp	r1, r3
200020c6:	d831      	bhi.n	2000212c <ph_remove_any_head+0x78>
200020c8:	004b      	lsls	r3, r1, #1
200020ca:	185b      	adds	r3, r3, r1
200020cc:	3b03      	subs	r3, #3
200020ce:	6802      	ldr	r2, [r0, #0]
200020d0:	4694      	mov	ip, r2
200020d2:	4463      	add	r3, ip
200020d4:	785a      	ldrb	r2, [r3, #1]
200020d6:	2a00      	cmp	r2, #0
200020d8:	d12e      	bne.n	20002138 <ph_remove_any_head+0x84>
200020da:	789a      	ldrb	r2, [r3, #2]
200020dc:	2a00      	cmp	r2, #0
200020de:	d131      	bne.n	20002144 <ph_remove_any_head+0x90>
200020e0:	7819      	ldrb	r1, [r3, #0]
200020e2:	f7ff ff93 	bl	2000200c <ph_merge_two_pass>
200020e6:	0003      	movs	r3, r0
200020e8:	2e00      	cmp	r6, #0
200020ea:	d00a      	beq.n	20002102 <ph_remove_any_head+0x4e>
200020ec:	7bea      	ldrb	r2, [r5, #15]
200020ee:	2a00      	cmp	r2, #0
200020f0:	d12e      	bne.n	20002150 <ph_remove_any_head+0x9c>
200020f2:	7baa      	ldrb	r2, [r5, #14]
200020f4:	2a00      	cmp	r2, #0
200020f6:	d103      	bne.n	20002100 <ph_remove_any_head+0x4c>
200020f8:	7bea      	ldrb	r2, [r5, #15]
200020fa:	2a00      	cmp	r2, #0
200020fc:	d13b      	bne.n	20002176 <ph_remove_any_head+0xc2>
200020fe:	73ac      	strb	r4, [r5, #14]
20002100:	73ec      	strb	r4, [r5, #15]
20002102:	2b00      	cmp	r3, #0
20002104:	d13d      	bne.n	20002182 <ph_remove_any_head+0xce>
20002106:	2c00      	cmp	r4, #0
20002108:	d04f      	beq.n	200021aa <ph_remove_any_head+0xf6>
2000210a:	7b2b      	ldrb	r3, [r5, #12]
2000210c:	429c      	cmp	r4, r3
2000210e:	d84c      	bhi.n	200021aa <ph_remove_any_head+0xf6>
20002110:	682b      	ldr	r3, [r5, #0]
20002112:	0061      	lsls	r1, r4, #1
20002114:	190c      	adds	r4, r1, r4
20002116:	3c03      	subs	r4, #3
20002118:	191c      	adds	r4, r3, r4
2000211a:	2300      	movs	r3, #0
2000211c:	7063      	strb	r3, [r4, #1]
2000211e:	bd70      	pop	{r4, r5, r6, pc}
20002120:	4b25      	ldr	r3, [pc, #148]	; (200021b8 <ph_remove_any_head+0x104>)
20002122:	4a26      	ldr	r2, [pc, #152]	; (200021bc <ph_remove_any_head+0x108>)
20002124:	2138      	movs	r1, #56	; 0x38
20002126:	4826      	ldr	r0, [pc, #152]	; (200021c0 <ph_remove_any_head+0x10c>)
20002128:	f000 fb84 	bl	20002834 <__assert_func>
2000212c:	4b25      	ldr	r3, [pc, #148]	; (200021c4 <ph_remove_any_head+0x110>)
2000212e:	4a26      	ldr	r2, [pc, #152]	; (200021c8 <ph_remove_any_head+0x114>)
20002130:	2168      	movs	r1, #104	; 0x68
20002132:	4826      	ldr	r0, [pc, #152]	; (200021cc <ph_remove_any_head+0x118>)
20002134:	f000 fb7e 	bl	20002834 <__assert_func>
20002138:	4b25      	ldr	r3, [pc, #148]	; (200021d0 <ph_remove_any_head+0x11c>)
2000213a:	4a20      	ldr	r2, [pc, #128]	; (200021bc <ph_remove_any_head+0x108>)
2000213c:	213a      	movs	r1, #58	; 0x3a
2000213e:	4820      	ldr	r0, [pc, #128]	; (200021c0 <ph_remove_any_head+0x10c>)
20002140:	f000 fb78 	bl	20002834 <__assert_func>
20002144:	4b23      	ldr	r3, [pc, #140]	; (200021d4 <ph_remove_any_head+0x120>)
20002146:	4a1d      	ldr	r2, [pc, #116]	; (200021bc <ph_remove_any_head+0x108>)
20002148:	213b      	movs	r1, #59	; 0x3b
2000214a:	481d      	ldr	r0, [pc, #116]	; (200021c0 <ph_remove_any_head+0x10c>)
2000214c:	f000 fb72 	bl	20002834 <__assert_func>
20002150:	2a00      	cmp	r2, #0
20002152:	d00a      	beq.n	2000216a <ph_remove_any_head+0xb6>
20002154:	7b29      	ldrb	r1, [r5, #12]
20002156:	428a      	cmp	r2, r1
20002158:	d807      	bhi.n	2000216a <ph_remove_any_head+0xb6>
2000215a:	0051      	lsls	r1, r2, #1
2000215c:	188a      	adds	r2, r1, r2
2000215e:	3a03      	subs	r2, #3
20002160:	6829      	ldr	r1, [r5, #0]
20002162:	468c      	mov	ip, r1
20002164:	4462      	add	r2, ip
20002166:	7054      	strb	r4, [r2, #1]
20002168:	e7c3      	b.n	200020f2 <ph_remove_any_head+0x3e>
2000216a:	4b16      	ldr	r3, [pc, #88]	; (200021c4 <ph_remove_any_head+0x110>)
2000216c:	4a16      	ldr	r2, [pc, #88]	; (200021c8 <ph_remove_any_head+0x114>)
2000216e:	2168      	movs	r1, #104	; 0x68
20002170:	4816      	ldr	r0, [pc, #88]	; (200021cc <ph_remove_any_head+0x118>)
20002172:	f000 fb5f 	bl	20002834 <__assert_func>
20002176:	4b18      	ldr	r3, [pc, #96]	; (200021d8 <ph_remove_any_head+0x124>)
20002178:	4a10      	ldr	r2, [pc, #64]	; (200021bc <ph_remove_any_head+0x108>)
2000217a:	2142      	movs	r1, #66	; 0x42
2000217c:	4810      	ldr	r0, [pc, #64]	; (200021c0 <ph_remove_any_head+0x10c>)
2000217e:	f000 fb59 	bl	20002834 <__assert_func>
20002182:	2b00      	cmp	r3, #0
20002184:	d00b      	beq.n	2000219e <ph_remove_any_head+0xea>
20002186:	7b2a      	ldrb	r2, [r5, #12]
20002188:	4293      	cmp	r3, r2
2000218a:	d808      	bhi.n	2000219e <ph_remove_any_head+0xea>
2000218c:	0043      	lsls	r3, r0, #1
2000218e:	181b      	adds	r3, r3, r0
20002190:	3b03      	subs	r3, #3
20002192:	682a      	ldr	r2, [r5, #0]
20002194:	4694      	mov	ip, r2
20002196:	4463      	add	r3, ip
20002198:	2200      	movs	r2, #0
2000219a:	709a      	strb	r2, [r3, #2]
2000219c:	e7b3      	b.n	20002106 <ph_remove_any_head+0x52>
2000219e:	4b09      	ldr	r3, [pc, #36]	; (200021c4 <ph_remove_any_head+0x110>)
200021a0:	4a09      	ldr	r2, [pc, #36]	; (200021c8 <ph_remove_any_head+0x114>)
200021a2:	2168      	movs	r1, #104	; 0x68
200021a4:	4809      	ldr	r0, [pc, #36]	; (200021cc <ph_remove_any_head+0x118>)
200021a6:	f000 fb45 	bl	20002834 <__assert_func>
200021aa:	4b06      	ldr	r3, [pc, #24]	; (200021c4 <ph_remove_any_head+0x110>)
200021ac:	4a06      	ldr	r2, [pc, #24]	; (200021c8 <ph_remove_any_head+0x114>)
200021ae:	2168      	movs	r1, #104	; 0x68
200021b0:	4806      	ldr	r0, [pc, #24]	; (200021cc <ph_remove_any_head+0x118>)
200021b2:	f000 fb3f 	bl	20002834 <__assert_func>
200021b6:	46c0      	nop			; (mov r8, r8)
200021b8:	200054b0 	.word	0x200054b0
200021bc:	20005570 	.word	0x20005570
200021c0:	200054b8 	.word	0x200054b8
200021c4:	20005128 	.word	0x20005128
200021c8:	20005598 	.word	0x20005598
200021cc:	20005144 	.word	0x20005144
200021d0:	200054ec 	.word	0x200054ec
200021d4:	20005514 	.word	0x20005514
200021d8:	20005268 	.word	0x20005268

200021dc <ph_remove_head>:
200021dc:	b570      	push	{r4, r5, r6, lr}
200021de:	0004      	movs	r4, r0
200021e0:	000a      	movs	r2, r1
200021e2:	7b45      	ldrb	r5, [r0, #13]
200021e4:	0029      	movs	r1, r5
200021e6:	f7ff ff65 	bl	200020b4 <ph_remove_any_head>
200021ea:	7360      	strb	r0, [r4, #13]
200021ec:	0028      	movs	r0, r5
200021ee:	bd70      	pop	{r4, r5, r6, pc}

200021f0 <ph_remove_and_free_node>:
200021f0:	b570      	push	{r4, r5, r6, lr}
200021f2:	0004      	movs	r4, r0
200021f4:	2900      	cmp	r1, #0
200021f6:	d067      	beq.n	200022c8 <ph_remove_and_free_node+0xd8>
200021f8:	7b43      	ldrb	r3, [r0, #13]
200021fa:	428b      	cmp	r3, r1
200021fc:	d00e      	beq.n	2000221c <ph_remove_and_free_node+0x2c>
200021fe:	2900      	cmp	r1, #0
20002200:	d011      	beq.n	20002226 <ph_remove_and_free_node+0x36>
20002202:	7b03      	ldrb	r3, [r0, #12]
20002204:	4299      	cmp	r1, r3
20002206:	d80e      	bhi.n	20002226 <ph_remove_and_free_node+0x36>
20002208:	004b      	lsls	r3, r1, #1
2000220a:	185b      	adds	r3, r3, r1
2000220c:	3b03      	subs	r3, #3
2000220e:	6802      	ldr	r2, [r0, #0]
20002210:	18d0      	adds	r0, r2, r3
20002212:	7883      	ldrb	r3, [r0, #2]
20002214:	2b00      	cmp	r3, #0
20002216:	d10c      	bne.n	20002232 <ph_remove_and_free_node+0x42>
20002218:	2000      	movs	r0, #0
2000221a:	e056      	b.n	200022ca <ph_remove_and_free_node+0xda>
2000221c:	2101      	movs	r1, #1
2000221e:	f7ff ffdd 	bl	200021dc <ph_remove_head>
20002222:	2001      	movs	r0, #1
20002224:	e051      	b.n	200022ca <ph_remove_and_free_node+0xda>
20002226:	4b29      	ldr	r3, [pc, #164]	; (200022cc <ph_remove_and_free_node+0xdc>)
20002228:	4a29      	ldr	r2, [pc, #164]	; (200022d0 <ph_remove_and_free_node+0xe0>)
2000222a:	2168      	movs	r1, #104	; 0x68
2000222c:	4829      	ldr	r0, [pc, #164]	; (200022d4 <ph_remove_and_free_node+0xe4>)
2000222e:	f000 fb01 	bl	20002834 <__assert_func>
20002232:	2b00      	cmp	r3, #0
20002234:	d020      	beq.n	20002278 <ph_remove_and_free_node+0x88>
20002236:	7b22      	ldrb	r2, [r4, #12]
20002238:	4293      	cmp	r3, r2
2000223a:	d81d      	bhi.n	20002278 <ph_remove_and_free_node+0x88>
2000223c:	005a      	lsls	r2, r3, #1
2000223e:	18d3      	adds	r3, r2, r3
20002240:	3b03      	subs	r3, #3
20002242:	6822      	ldr	r2, [r4, #0]
20002244:	18d2      	adds	r2, r2, r3
20002246:	6825      	ldr	r5, [r4, #0]
20002248:	5ceb      	ldrb	r3, [r5, r3]
2000224a:	428b      	cmp	r3, r1
2000224c:	d01a      	beq.n	20002284 <ph_remove_and_free_node+0x94>
2000224e:	2b00      	cmp	r3, #0
20002250:	d01b      	beq.n	2000228a <ph_remove_and_free_node+0x9a>
20002252:	7b22      	ldrb	r2, [r4, #12]
20002254:	4293      	cmp	r3, r2
20002256:	d818      	bhi.n	2000228a <ph_remove_and_free_node+0x9a>
20002258:	005a      	lsls	r2, r3, #1
2000225a:	18d3      	adds	r3, r2, r3
2000225c:	3b03      	subs	r3, #3
2000225e:	6822      	ldr	r2, [r4, #0]
20002260:	18d2      	adds	r2, r2, r3
20002262:	7853      	ldrb	r3, [r2, #1]
20002264:	428b      	cmp	r3, r1
20002266:	d016      	beq.n	20002296 <ph_remove_and_free_node+0xa6>
20002268:	2b00      	cmp	r3, #0
2000226a:	d1f0      	bne.n	2000224e <ph_remove_and_free_node+0x5e>
2000226c:	4b1a      	ldr	r3, [pc, #104]	; (200022d8 <ph_remove_and_free_node+0xe8>)
2000226e:	4a1b      	ldr	r2, [pc, #108]	; (200022dc <ph_remove_and_free_node+0xec>)
20002270:	216b      	movs	r1, #107	; 0x6b
20002272:	481b      	ldr	r0, [pc, #108]	; (200022e0 <ph_remove_and_free_node+0xf0>)
20002274:	f000 fade 	bl	20002834 <__assert_func>
20002278:	4b14      	ldr	r3, [pc, #80]	; (200022cc <ph_remove_and_free_node+0xdc>)
2000227a:	4a15      	ldr	r2, [pc, #84]	; (200022d0 <ph_remove_and_free_node+0xe0>)
2000227c:	2168      	movs	r1, #104	; 0x68
2000227e:	4815      	ldr	r0, [pc, #84]	; (200022d4 <ph_remove_and_free_node+0xe4>)
20002280:	f000 fad8 	bl	20002834 <__assert_func>
20002284:	7843      	ldrb	r3, [r0, #1]
20002286:	7013      	strb	r3, [r2, #0]
20002288:	e007      	b.n	2000229a <ph_remove_and_free_node+0xaa>
2000228a:	4b10      	ldr	r3, [pc, #64]	; (200022cc <ph_remove_and_free_node+0xdc>)
2000228c:	4a10      	ldr	r2, [pc, #64]	; (200022d0 <ph_remove_and_free_node+0xe0>)
2000228e:	2168      	movs	r1, #104	; 0x68
20002290:	4810      	ldr	r0, [pc, #64]	; (200022d4 <ph_remove_and_free_node+0xe4>)
20002292:	f000 facf 	bl	20002834 <__assert_func>
20002296:	7843      	ldrb	r3, [r0, #1]
20002298:	7053      	strb	r3, [r2, #1]
2000229a:	2300      	movs	r3, #0
2000229c:	7083      	strb	r3, [r0, #2]
2000229e:	7043      	strb	r3, [r0, #1]
200022a0:	2201      	movs	r2, #1
200022a2:	0020      	movs	r0, r4
200022a4:	f7ff ff06 	bl	200020b4 <ph_remove_any_head>
200022a8:	0002      	movs	r2, r0
200022aa:	7b61      	ldrb	r1, [r4, #13]
200022ac:	4281      	cmp	r1, r0
200022ae:	d005      	beq.n	200022bc <ph_remove_and_free_node+0xcc>
200022b0:	0020      	movs	r0, r4
200022b2:	f7ff fe4b 	bl	20001f4c <ph_merge_nodes>
200022b6:	7360      	strb	r0, [r4, #13]
200022b8:	2001      	movs	r0, #1
200022ba:	e006      	b.n	200022ca <ph_remove_and_free_node+0xda>
200022bc:	4b09      	ldr	r3, [pc, #36]	; (200022e4 <ph_remove_and_free_node+0xf4>)
200022be:	4a07      	ldr	r2, [pc, #28]	; (200022dc <ph_remove_and_free_node+0xec>)
200022c0:	2171      	movs	r1, #113	; 0x71
200022c2:	4807      	ldr	r0, [pc, #28]	; (200022e0 <ph_remove_and_free_node+0xf0>)
200022c4:	f000 fab6 	bl	20002834 <__assert_func>
200022c8:	2000      	movs	r0, #0
200022ca:	bd70      	pop	{r4, r5, r6, pc}
200022cc:	20005128 	.word	0x20005128
200022d0:	20005598 	.word	0x20005598
200022d4:	20005144 	.word	0x20005144
200022d8:	20004f28 	.word	0x20004f28
200022dc:	20005558 	.word	0x20005558
200022e0:	200054b8 	.word	0x200054b8
200022e4:	20005538 	.word	0x20005538

200022e8 <uart_disable_before_lcr_write>:
200022e8:	b570      	push	{r4, r5, r6, lr}
200022ea:	6b04      	ldr	r4, [r0, #48]	; 0x30
200022ec:	07e3      	lsls	r3, r4, #31
200022ee:	d401      	bmi.n	200022f4 <uart_disable_before_lcr_write+0xc>
200022f0:	0020      	movs	r0, r4
200022f2:	bd70      	pop	{r4, r5, r6, pc}
200022f4:	0002      	movs	r2, r0
200022f6:	3230      	adds	r2, #48	; 0x30
200022f8:	23c0      	movs	r3, #192	; 0xc0
200022fa:	019b      	lsls	r3, r3, #6
200022fc:	4313      	orrs	r3, r2
200022fe:	4a0a      	ldr	r2, [pc, #40]	; (20002328 <uart_disable_before_lcr_write+0x40>)
20002300:	601a      	str	r2, [r3, #0]
20002302:	6a45      	ldr	r5, [r0, #36]	; 0x24
20002304:	6a82      	ldr	r2, [r0, #40]	; 0x28
20002306:	01ad      	lsls	r5, r5, #6
20002308:	18ad      	adds	r5, r5, r2
2000230a:	02ad      	lsls	r5, r5, #10
2000230c:	2006      	movs	r0, #6
2000230e:	f000 f9d3 	bl	200026b8 <clock_get_hz>
20002312:	4906      	ldr	r1, [pc, #24]	; (2000232c <uart_disable_before_lcr_write+0x44>)
20002314:	f001 fc3c 	bl	20003b90 <__wrap___aeabi_uidiv>
20002318:	0001      	movs	r1, r0
2000231a:	0028      	movs	r0, r5
2000231c:	f001 fc38 	bl	20003b90 <__wrap___aeabi_uidiv>
20002320:	2100      	movs	r1, #0
20002322:	f7ff fcc1 	bl	20001ca8 <busy_wait_us>
20002326:	e7e3      	b.n	200022f0 <uart_disable_before_lcr_write+0x8>
20002328:	00000301 	.word	0x00000301
2000232c:	00000e4e 	.word	0x00000e4e

20002330 <uart_write_lcr_bits_masked>:
20002330:	b570      	push	{r4, r5, r6, lr}
20002332:	0004      	movs	r4, r0
20002334:	000e      	movs	r6, r1
20002336:	0015      	movs	r5, r2
20002338:	f7ff ffd6 	bl	200022e8 <uart_disable_before_lcr_write>
2000233c:	0022      	movs	r2, r4
2000233e:	322c      	adds	r2, #44	; 0x2c
20002340:	6ae1      	ldr	r1, [r4, #44]	; 0x2c
20002342:	404e      	eors	r6, r1
20002344:	4035      	ands	r5, r6
20002346:	2380      	movs	r3, #128	; 0x80
20002348:	015b      	lsls	r3, r3, #5
2000234a:	4313      	orrs	r3, r2
2000234c:	601d      	str	r5, [r3, #0]
2000234e:	6320      	str	r0, [r4, #48]	; 0x30
20002350:	bd70      	pop	{r4, r5, r6, pc}
	...

20002354 <uart_set_baudrate>:
20002354:	b570      	push	{r4, r5, r6, lr}
20002356:	0005      	movs	r5, r0
20002358:	000c      	movs	r4, r1
2000235a:	2006      	movs	r0, #6
2000235c:	f000 f9ac 	bl	200026b8 <clock_get_hz>
20002360:	00c0      	lsls	r0, r0, #3
20002362:	0021      	movs	r1, r4
20002364:	f001 fc14 	bl	20003b90 <__wrap___aeabi_uidiv>
20002368:	09c6      	lsrs	r6, r0, #7
2000236a:	d008      	beq.n	2000237e <uart_set_baudrate+0x2a>
2000236c:	4b0e      	ldr	r3, [pc, #56]	; (200023a8 <uart_set_baudrate+0x54>)
2000236e:	429e      	cmp	r6, r3
20002370:	d816      	bhi.n	200023a0 <uart_set_baudrate+0x4c>
20002372:	237f      	movs	r3, #127	; 0x7f
20002374:	4018      	ands	r0, r3
20002376:	3001      	adds	r0, #1
20002378:	0034      	movs	r4, r6
2000237a:	0846      	lsrs	r6, r0, #1
2000237c:	e000      	b.n	20002380 <uart_set_baudrate+0x2c>
2000237e:	2401      	movs	r4, #1
20002380:	626c      	str	r4, [r5, #36]	; 0x24
20002382:	62ae      	str	r6, [r5, #40]	; 0x28
20002384:	2200      	movs	r2, #0
20002386:	2100      	movs	r1, #0
20002388:	0028      	movs	r0, r5
2000238a:	f7ff ffd1 	bl	20002330 <uart_write_lcr_bits_masked>
2000238e:	2006      	movs	r0, #6
20002390:	f000 f992 	bl	200026b8 <clock_get_hz>
20002394:	0080      	lsls	r0, r0, #2
20002396:	01a1      	lsls	r1, r4, #6
20002398:	1989      	adds	r1, r1, r6
2000239a:	f001 fbf9 	bl	20003b90 <__wrap___aeabi_uidiv>
2000239e:	bd70      	pop	{r4, r5, r6, pc}
200023a0:	2600      	movs	r6, #0
200023a2:	4c02      	ldr	r4, [pc, #8]	; (200023ac <uart_set_baudrate+0x58>)
200023a4:	e7ec      	b.n	20002380 <uart_set_baudrate+0x2c>
200023a6:	46c0      	nop			; (mov r8, r8)
200023a8:	0000fffe 	.word	0x0000fffe
200023ac:	0000ffff 	.word	0x0000ffff

200023b0 <uart_set_format>:
200023b0:	b510      	push	{r4, lr}
200023b2:	3905      	subs	r1, #5
200023b4:	0149      	lsls	r1, r1, #5
200023b6:	3a01      	subs	r2, #1
200023b8:	00d2      	lsls	r2, r2, #3
200023ba:	4311      	orrs	r1, r2
200023bc:	2b00      	cmp	r3, #0
200023be:	d009      	beq.n	200023d4 <uart_set_format+0x24>
200023c0:	2202      	movs	r2, #2
200023c2:	430a      	orrs	r2, r1
200023c4:	2b01      	cmp	r3, #1
200023c6:	d007      	beq.n	200023d8 <uart_set_format+0x28>
200023c8:	2100      	movs	r1, #0
200023ca:	4311      	orrs	r1, r2
200023cc:	226e      	movs	r2, #110	; 0x6e
200023ce:	f7ff ffaf 	bl	20002330 <uart_write_lcr_bits_masked>
200023d2:	bd10      	pop	{r4, pc}
200023d4:	2200      	movs	r2, #0
200023d6:	e7f4      	b.n	200023c2 <uart_set_format+0x12>
200023d8:	2104      	movs	r1, #4
200023da:	e7f6      	b.n	200023ca <uart_set_format+0x1a>

200023dc <uart_set_translate_crlf>:
200023dc:	2900      	cmp	r1, #0
200023de:	d009      	beq.n	200023f4 <uart_set_translate_crlf+0x18>
200023e0:	220a      	movs	r2, #10
200023e2:	4b06      	ldr	r3, [pc, #24]	; (200023fc <uart_set_translate_crlf+0x20>)
200023e4:	469c      	mov	ip, r3
200023e6:	4460      	add	r0, ip
200023e8:	4243      	negs	r3, r0
200023ea:	4158      	adcs	r0, r3
200023ec:	0040      	lsls	r0, r0, #1
200023ee:	4b04      	ldr	r3, [pc, #16]	; (20002400 <uart_set_translate_crlf+0x24>)
200023f0:	52c2      	strh	r2, [r0, r3]
200023f2:	4770      	bx	lr
200023f4:	2280      	movs	r2, #128	; 0x80
200023f6:	0052      	lsls	r2, r2, #1
200023f8:	e7f3      	b.n	200023e2 <uart_set_translate_crlf+0x6>
200023fa:	46c0      	nop			; (mov r8, r8)
200023fc:	bffc8000 	.word	0xbffc8000
20002400:	200063b4 	.word	0x200063b4

20002404 <uart_init>:
20002404:	b570      	push	{r4, r5, r6, lr}
20002406:	0005      	movs	r5, r0
20002408:	000c      	movs	r4, r1
2000240a:	2006      	movs	r0, #6
2000240c:	f000 f954 	bl	200026b8 <clock_get_hz>
20002410:	1e06      	subs	r6, r0, #0
20002412:	d027      	beq.n	20002464 <uart_init+0x60>
20002414:	4b16      	ldr	r3, [pc, #88]	; (20002470 <uart_init+0x6c>)
20002416:	429d      	cmp	r5, r3
20002418:	d026      	beq.n	20002468 <uart_init+0x64>
2000241a:	2280      	movs	r2, #128	; 0x80
2000241c:	03d2      	lsls	r2, r2, #15
2000241e:	4b15      	ldr	r3, [pc, #84]	; (20002474 <uart_init+0x70>)
20002420:	601a      	str	r2, [r3, #0]
20002422:	4b15      	ldr	r3, [pc, #84]	; (20002478 <uart_init+0x74>)
20002424:	601a      	str	r2, [r3, #0]
20002426:	4b15      	ldr	r3, [pc, #84]	; (2000247c <uart_init+0x78>)
20002428:	689b      	ldr	r3, [r3, #8]
2000242a:	0011      	movs	r1, r2
2000242c:	4399      	bics	r1, r3
2000242e:	d1fa      	bne.n	20002426 <uart_init+0x22>
20002430:	2100      	movs	r1, #0
20002432:	0028      	movs	r0, r5
20002434:	f7ff ffd2 	bl	200023dc <uart_set_translate_crlf>
20002438:	0021      	movs	r1, r4
2000243a:	0028      	movs	r0, r5
2000243c:	f7ff ff8a 	bl	20002354 <uart_set_baudrate>
20002440:	0006      	movs	r6, r0
20002442:	2300      	movs	r3, #0
20002444:	2201      	movs	r2, #1
20002446:	2108      	movs	r1, #8
20002448:	0028      	movs	r0, r5
2000244a:	f7ff ffb1 	bl	200023b0 <uart_set_format>
2000244e:	002a      	movs	r2, r5
20002450:	322c      	adds	r2, #44	; 0x2c
20002452:	2380      	movs	r3, #128	; 0x80
20002454:	019b      	lsls	r3, r3, #6
20002456:	4313      	orrs	r3, r2
20002458:	2210      	movs	r2, #16
2000245a:	601a      	str	r2, [r3, #0]
2000245c:	4b08      	ldr	r3, [pc, #32]	; (20002480 <uart_init+0x7c>)
2000245e:	632b      	str	r3, [r5, #48]	; 0x30
20002460:	2303      	movs	r3, #3
20002462:	64ab      	str	r3, [r5, #72]	; 0x48
20002464:	0030      	movs	r0, r6
20002466:	bd70      	pop	{r4, r5, r6, pc}
20002468:	2280      	movs	r2, #128	; 0x80
2000246a:	0412      	lsls	r2, r2, #16
2000246c:	e7d7      	b.n	2000241e <uart_init+0x1a>
2000246e:	46c0      	nop			; (mov r8, r8)
20002470:	40038000 	.word	0x40038000
20002474:	4000e000 	.word	0x4000e000
20002478:	4000f000 	.word	0x4000f000
2000247c:	4000c000 	.word	0x4000c000
20002480:	00000301 	.word	0x00000301

20002484 <clock_stop>:
20002484:	0043      	lsls	r3, r0, #1
20002486:	181b      	adds	r3, r3, r0
20002488:	009b      	lsls	r3, r3, #2
2000248a:	4a07      	ldr	r2, [pc, #28]	; (200024a8 <clock_stop+0x24>)
2000248c:	4694      	mov	ip, r2
2000248e:	4463      	add	r3, ip
20002490:	22c0      	movs	r2, #192	; 0xc0
20002492:	0192      	lsls	r2, r2, #6
20002494:	4313      	orrs	r3, r2
20002496:	2280      	movs	r2, #128	; 0x80
20002498:	0112      	lsls	r2, r2, #4
2000249a:	601a      	str	r2, [r3, #0]
2000249c:	0080      	lsls	r0, r0, #2
2000249e:	4b03      	ldr	r3, [pc, #12]	; (200024ac <clock_stop+0x28>)
200024a0:	2200      	movs	r2, #0
200024a2:	50c2      	str	r2, [r0, r3]
200024a4:	4770      	bx	lr
200024a6:	46c0      	nop			; (mov r8, r8)
200024a8:	40008000 	.word	0x40008000
200024ac:	20006114 	.word	0x20006114

200024b0 <clock_configure>:
200024b0:	b5f8      	push	{r3, r4, r5, r6, r7, lr}
200024b2:	46de      	mov	lr, fp
200024b4:	4657      	mov	r7, sl
200024b6:	464e      	mov	r6, r9
200024b8:	4645      	mov	r5, r8
200024ba:	b5e0      	push	{r5, r6, r7, lr}
200024bc:	0005      	movs	r5, r0
200024be:	000f      	movs	r7, r1
200024c0:	4692      	mov	sl, r2
200024c2:	9a0a      	ldr	r2, [sp, #40]	; 0x28
200024c4:	4293      	cmp	r3, r2
200024c6:	d350      	bcc.n	2000256a <clock_configure+0xba>
200024c8:	0e1a      	lsrs	r2, r3, #24
200024ca:	4691      	mov	r9, r2
200024cc:	021e      	lsls	r6, r3, #8
200024ce:	9a0a      	ldr	r2, [sp, #40]	; 0x28
200024d0:	2300      	movs	r3, #0
200024d2:	0030      	movs	r0, r6
200024d4:	4649      	mov	r1, r9
200024d6:	f001 fb99 	bl	20003c0c <__wrap___aeabi_uldivmod>
200024da:	4680      	mov	r8, r0
200024dc:	006c      	lsls	r4, r5, #1
200024de:	1964      	adds	r4, r4, r5
200024e0:	00a4      	lsls	r4, r4, #2
200024e2:	4b30      	ldr	r3, [pc, #192]	; (200025a4 <clock_configure+0xf4>)
200024e4:	469c      	mov	ip, r3
200024e6:	4464      	add	r4, ip
200024e8:	6863      	ldr	r3, [r4, #4]
200024ea:	4283      	cmp	r3, r0
200024ec:	d200      	bcs.n	200024f0 <clock_configure+0x40>
200024ee:	6060      	str	r0, [r4, #4]
200024f0:	1f2b      	subs	r3, r5, #4
200024f2:	b2db      	uxtb	r3, r3
200024f4:	469b      	mov	fp, r3
200024f6:	2b01      	cmp	r3, #1
200024f8:	d93d      	bls.n	20002576 <clock_configure+0xc6>
200024fa:	23c0      	movs	r3, #192	; 0xc0
200024fc:	019b      	lsls	r3, r3, #6
200024fe:	4323      	orrs	r3, r4
20002500:	2280      	movs	r2, #128	; 0x80
20002502:	0112      	lsls	r2, r2, #4
20002504:	601a      	str	r2, [r3, #0]
20002506:	00ab      	lsls	r3, r5, #2
20002508:	4a27      	ldr	r2, [pc, #156]	; (200025a8 <clock_configure+0xf8>)
2000250a:	5899      	ldr	r1, [r3, r2]
2000250c:	2900      	cmp	r1, #0
2000250e:	d007      	beq.n	20002520 <clock_configure+0x70>
20002510:	6950      	ldr	r0, [r2, #20]
20002512:	f001 fb3d 	bl	20003b90 <__wrap___aeabi_uidiv>
20002516:	1c43      	adds	r3, r0, #1
20002518:	0058      	lsls	r0, r3, #1
2000251a:	18c0      	adds	r0, r0, r3
2000251c:	3803      	subs	r0, #3
2000251e:	d2fd      	bcs.n	2000251c <clock_configure+0x6c>
20002520:	4653      	mov	r3, sl
20002522:	015a      	lsls	r2, r3, #5
20002524:	6823      	ldr	r3, [r4, #0]
20002526:	405a      	eors	r2, r3
20002528:	23e0      	movs	r3, #224	; 0xe0
2000252a:	401a      	ands	r2, r3
2000252c:	2380      	movs	r3, #128	; 0x80
2000252e:	015b      	lsls	r3, r3, #5
20002530:	4323      	orrs	r3, r4
20002532:	601a      	str	r2, [r3, #0]
20002534:	465a      	mov	r2, fp
20002536:	2a01      	cmp	r2, #1
20002538:	d928      	bls.n	2000258c <clock_configure+0xdc>
2000253a:	2380      	movs	r3, #128	; 0x80
2000253c:	019b      	lsls	r3, r3, #6
2000253e:	4323      	orrs	r3, r4
20002540:	2280      	movs	r2, #128	; 0x80
20002542:	0112      	lsls	r2, r2, #4
20002544:	601a      	str	r2, [r3, #0]
20002546:	4643      	mov	r3, r8
20002548:	6063      	str	r3, [r4, #4]
2000254a:	4642      	mov	r2, r8
2000254c:	2300      	movs	r3, #0
2000254e:	0030      	movs	r0, r6
20002550:	4649      	mov	r1, r9
20002552:	f001 fb5b 	bl	20003c0c <__wrap___aeabi_uldivmod>
20002556:	00ad      	lsls	r5, r5, #2
20002558:	4b13      	ldr	r3, [pc, #76]	; (200025a8 <clock_configure+0xf8>)
2000255a:	5158      	str	r0, [r3, r5]
2000255c:	2001      	movs	r0, #1
2000255e:	bcf0      	pop	{r4, r5, r6, r7}
20002560:	46bb      	mov	fp, r7
20002562:	46b2      	mov	sl, r6
20002564:	46a9      	mov	r9, r5
20002566:	46a0      	mov	r8, r4
20002568:	bdf8      	pop	{r3, r4, r5, r6, r7, pc}
2000256a:	4b10      	ldr	r3, [pc, #64]	; (200025ac <clock_configure+0xfc>)
2000256c:	4a10      	ldr	r2, [pc, #64]	; (200025b0 <clock_configure+0x100>)
2000256e:	2133      	movs	r1, #51	; 0x33
20002570:	4810      	ldr	r0, [pc, #64]	; (200025b4 <clock_configure+0x104>)
20002572:	f000 f95f 	bl	20002834 <__assert_func>
20002576:	2f01      	cmp	r7, #1
20002578:	d1bf      	bne.n	200024fa <clock_configure+0x4a>
2000257a:	23c0      	movs	r3, #192	; 0xc0
2000257c:	019b      	lsls	r3, r3, #6
2000257e:	4323      	orrs	r3, r4
20002580:	2203      	movs	r2, #3
20002582:	601a      	str	r2, [r3, #0]
20002584:	68a3      	ldr	r3, [r4, #8]
20002586:	07db      	lsls	r3, r3, #31
20002588:	d5fc      	bpl.n	20002584 <clock_configure+0xd4>
2000258a:	e7c9      	b.n	20002520 <clock_configure+0x70>
2000258c:	6821      	ldr	r1, [r4, #0]
2000258e:	4079      	eors	r1, r7
20002590:	2203      	movs	r2, #3
20002592:	400a      	ands	r2, r1
20002594:	601a      	str	r2, [r3, #0]
20002596:	68a2      	ldr	r2, [r4, #8]
20002598:	2301      	movs	r3, #1
2000259a:	40bb      	lsls	r3, r7
2000259c:	4213      	tst	r3, r2
2000259e:	d0fa      	beq.n	20002596 <clock_configure+0xe6>
200025a0:	e7cb      	b.n	2000253a <clock_configure+0x8a>
200025a2:	46c0      	nop			; (mov r8, r8)
200025a4:	40008000 	.word	0x40008000
200025a8:	20006114 	.word	0x20006114
200025ac:	200055a4 	.word	0x200055a4
200025b0:	200055f8 	.word	0x200055f8
200025b4:	200055b8 	.word	0x200055b8

200025b8 <clocks_init>:
200025b8:	b530      	push	{r4, r5, lr}
200025ba:	b083      	sub	sp, #12
200025bc:	200c      	movs	r0, #12
200025be:	f000 f915 	bl	200027ec <watchdog_start_tick>
200025c2:	f7fe fac7 	bl	20000b54 <running_on_fpga>
200025c6:	2800      	cmp	r0, #0
200025c8:	d00d      	beq.n	200025e6 <clocks_init+0x2e>
200025ca:	2300      	movs	r3, #0
200025cc:	e004      	b.n	200025d8 <clocks_init+0x20>
200025ce:	0099      	lsls	r1, r3, #2
200025d0:	4a2d      	ldr	r2, [pc, #180]	; (20002688 <clocks_init+0xd0>)
200025d2:	482e      	ldr	r0, [pc, #184]	; (2000268c <clocks_init+0xd4>)
200025d4:	5088      	str	r0, [r1, r2]
200025d6:	3301      	adds	r3, #1
200025d8:	2b09      	cmp	r3, #9
200025da:	d9f8      	bls.n	200025ce <clocks_init+0x16>
200025dc:	4b2a      	ldr	r3, [pc, #168]	; (20002688 <clocks_init+0xd0>)
200025de:	4a2c      	ldr	r2, [pc, #176]	; (20002690 <clocks_init+0xd8>)
200025e0:	625a      	str	r2, [r3, #36]	; 0x24
200025e2:	b003      	add	sp, #12
200025e4:	bd30      	pop	{r4, r5, pc}
200025e6:	4b2b      	ldr	r3, [pc, #172]	; (20002694 <clocks_init+0xdc>)
200025e8:	2200      	movs	r2, #0
200025ea:	679a      	str	r2, [r3, #120]	; 0x78
200025ec:	f000 f906 	bl	200027fc <xosc_init>
200025f0:	4b29      	ldr	r3, [pc, #164]	; (20002698 <clocks_init+0xe0>)
200025f2:	2201      	movs	r2, #1
200025f4:	601a      	str	r2, [r3, #0]
200025f6:	4b27      	ldr	r3, [pc, #156]	; (20002694 <clocks_init+0xdc>)
200025f8:	6c5b      	ldr	r3, [r3, #68]	; 0x44
200025fa:	2b01      	cmp	r3, #1
200025fc:	d1fb      	bne.n	200025f6 <clocks_init+0x3e>
200025fe:	4b27      	ldr	r3, [pc, #156]	; (2000269c <clocks_init+0xe4>)
20002600:	2203      	movs	r2, #3
20002602:	601a      	str	r2, [r3, #0]
20002604:	4b23      	ldr	r3, [pc, #140]	; (20002694 <clocks_init+0xdc>)
20002606:	6b9b      	ldr	r3, [r3, #56]	; 0x38
20002608:	2b01      	cmp	r3, #1
2000260a:	d1fb      	bne.n	20002604 <clocks_init+0x4c>
2000260c:	3301      	adds	r3, #1
2000260e:	9300      	str	r3, [sp, #0]
20002610:	3304      	adds	r3, #4
20002612:	4a23      	ldr	r2, [pc, #140]	; (200026a0 <clocks_init+0xe8>)
20002614:	2101      	movs	r1, #1
20002616:	4823      	ldr	r0, [pc, #140]	; (200026a4 <clocks_init+0xec>)
20002618:	f000 f854 	bl	200026c4 <pll_init>
2000261c:	2305      	movs	r3, #5
2000261e:	9300      	str	r3, [sp, #0]
20002620:	4a21      	ldr	r2, [pc, #132]	; (200026a8 <clocks_init+0xf0>)
20002622:	2101      	movs	r1, #1
20002624:	4821      	ldr	r0, [pc, #132]	; (200026ac <clocks_init+0xf4>)
20002626:	f000 f84d 	bl	200026c4 <pll_init>
2000262a:	4b21      	ldr	r3, [pc, #132]	; (200026b0 <clocks_init+0xf8>)
2000262c:	9300      	str	r3, [sp, #0]
2000262e:	2200      	movs	r2, #0
20002630:	2102      	movs	r1, #2
20002632:	2004      	movs	r0, #4
20002634:	f7ff ff3c 	bl	200024b0 <clock_configure>
20002638:	4d1e      	ldr	r5, [pc, #120]	; (200026b4 <clocks_init+0xfc>)
2000263a:	9500      	str	r5, [sp, #0]
2000263c:	002b      	movs	r3, r5
2000263e:	2200      	movs	r2, #0
20002640:	2101      	movs	r1, #1
20002642:	2005      	movs	r0, #5
20002644:	f7ff ff34 	bl	200024b0 <clock_configure>
20002648:	4c10      	ldr	r4, [pc, #64]	; (2000268c <clocks_init+0xd4>)
2000264a:	9400      	str	r4, [sp, #0]
2000264c:	0023      	movs	r3, r4
2000264e:	2200      	movs	r2, #0
20002650:	2100      	movs	r1, #0
20002652:	2007      	movs	r0, #7
20002654:	f7ff ff2c 	bl	200024b0 <clock_configure>
20002658:	9400      	str	r4, [sp, #0]
2000265a:	0023      	movs	r3, r4
2000265c:	2200      	movs	r2, #0
2000265e:	2100      	movs	r1, #0
20002660:	2008      	movs	r0, #8
20002662:	f7ff ff25 	bl	200024b0 <clock_configure>
20002666:	4b0a      	ldr	r3, [pc, #40]	; (20002690 <clocks_init+0xd8>)
20002668:	9300      	str	r3, [sp, #0]
2000266a:	0023      	movs	r3, r4
2000266c:	2200      	movs	r2, #0
2000266e:	2100      	movs	r1, #0
20002670:	2009      	movs	r0, #9
20002672:	f7ff ff1d 	bl	200024b0 <clock_configure>
20002676:	9500      	str	r5, [sp, #0]
20002678:	002b      	movs	r3, r5
2000267a:	2200      	movs	r2, #0
2000267c:	2100      	movs	r1, #0
2000267e:	2006      	movs	r0, #6
20002680:	f7ff ff16 	bl	200024b0 <clock_configure>
20002684:	e7ad      	b.n	200025e2 <clocks_init+0x2a>
20002686:	46c0      	nop			; (mov r8, r8)
20002688:	20006114 	.word	0x20006114
2000268c:	02dc6c00 	.word	0x02dc6c00
20002690:	0000b71b 	.word	0x0000b71b
20002694:	40008000 	.word	0x40008000
20002698:	4000b03c 	.word	0x4000b03c
2000269c:	4000b030 	.word	0x4000b030
200026a0:	59682f00 	.word	0x59682f00
200026a4:	40028000 	.word	0x40028000
200026a8:	47868c00 	.word	0x47868c00
200026ac:	4002c000 	.word	0x4002c000
200026b0:	00b71b00 	.word	0x00b71b00
200026b4:	07735940 	.word	0x07735940

200026b8 <clock_get_hz>:
200026b8:	0080      	lsls	r0, r0, #2
200026ba:	4b01      	ldr	r3, [pc, #4]	; (200026c0 <clock_get_hz+0x8>)
200026bc:	58c0      	ldr	r0, [r0, r3]
200026be:	4770      	bx	lr
200026c0:	20006114 	.word	0x20006114

200026c4 <pll_init>:
200026c4:	b5f0      	push	{r4, r5, r6, r7, lr}
200026c6:	46c6      	mov	lr, r8
200026c8:	b500      	push	{lr}
200026ca:	0004      	movs	r4, r0
200026cc:	000e      	movs	r6, r1
200026ce:	0017      	movs	r7, r2
200026d0:	001d      	movs	r5, r3
200026d2:	4837      	ldr	r0, [pc, #220]	; (200027b0 <pll_init+0xec>)
200026d4:	f001 fa5c 	bl	20003b90 <__wrap___aeabi_uidiv>
200026d8:	4680      	mov	r8, r0
200026da:	4b36      	ldr	r3, [pc, #216]	; (200027b4 <pll_init+0xf0>)
200026dc:	18fa      	adds	r2, r7, r3
200026de:	4b36      	ldr	r3, [pc, #216]	; (200027b8 <pll_init+0xf4>)
200026e0:	429a      	cmp	r2, r3
200026e2:	d839      	bhi.n	20002758 <pll_init+0x94>
200026e4:	0001      	movs	r1, r0
200026e6:	0038      	movs	r0, r7
200026e8:	f001 fa52 	bl	20003b90 <__wrap___aeabi_uidiv>
200026ec:	0002      	movs	r2, r0
200026ee:	3a10      	subs	r2, #16
200026f0:	2398      	movs	r3, #152	; 0x98
200026f2:	005b      	lsls	r3, r3, #1
200026f4:	429a      	cmp	r2, r3
200026f6:	d835      	bhi.n	20002764 <pll_init+0xa0>
200026f8:	1e6b      	subs	r3, r5, #1
200026fa:	2b06      	cmp	r3, #6
200026fc:	d838      	bhi.n	20002770 <pll_init+0xac>
200026fe:	9b06      	ldr	r3, [sp, #24]
20002700:	3b01      	subs	r3, #1
20002702:	2b06      	cmp	r3, #6
20002704:	d834      	bhi.n	20002770 <pll_init+0xac>
20002706:	093f      	lsrs	r7, r7, #4
20002708:	4547      	cmp	r7, r8
2000270a:	d337      	bcc.n	2000277c <pll_init+0xb8>
2000270c:	042d      	lsls	r5, r5, #16
2000270e:	9b06      	ldr	r3, [sp, #24]
20002710:	031a      	lsls	r2, r3, #12
20002712:	4315      	orrs	r5, r2
20002714:	6823      	ldr	r3, [r4, #0]
20002716:	2b00      	cmp	r3, #0
20002718:	db36      	blt.n	20002788 <pll_init+0xc4>
2000271a:	4b28      	ldr	r3, [pc, #160]	; (200027bc <pll_init+0xf8>)
2000271c:	429c      	cmp	r4, r3
2000271e:	d044      	beq.n	200027aa <pll_init+0xe6>
20002720:	2280      	movs	r2, #128	; 0x80
20002722:	0152      	lsls	r2, r2, #5
20002724:	4b26      	ldr	r3, [pc, #152]	; (200027c0 <pll_init+0xfc>)
20002726:	601a      	str	r2, [r3, #0]
20002728:	4b26      	ldr	r3, [pc, #152]	; (200027c4 <pll_init+0x100>)
2000272a:	601a      	str	r2, [r3, #0]
2000272c:	4b26      	ldr	r3, [pc, #152]	; (200027c8 <pll_init+0x104>)
2000272e:	689b      	ldr	r3, [r3, #8]
20002730:	0011      	movs	r1, r2
20002732:	4399      	bics	r1, r3
20002734:	d1fa      	bne.n	2000272c <pll_init+0x68>
20002736:	6026      	str	r6, [r4, #0]
20002738:	60a0      	str	r0, [r4, #8]
2000273a:	1d23      	adds	r3, r4, #4
2000273c:	22c0      	movs	r2, #192	; 0xc0
2000273e:	0192      	lsls	r2, r2, #6
20002740:	431a      	orrs	r2, r3
20002742:	2321      	movs	r3, #33	; 0x21
20002744:	6013      	str	r3, [r2, #0]
20002746:	6823      	ldr	r3, [r4, #0]
20002748:	2b00      	cmp	r3, #0
2000274a:	dafc      	bge.n	20002746 <pll_init+0x82>
2000274c:	60e5      	str	r5, [r4, #12]
2000274e:	2308      	movs	r3, #8
20002750:	6013      	str	r3, [r2, #0]
20002752:	bc80      	pop	{r7}
20002754:	46b8      	mov	r8, r7
20002756:	bdf0      	pop	{r4, r5, r6, r7, pc}
20002758:	4b1c      	ldr	r3, [pc, #112]	; (200027cc <pll_init+0x108>)
2000275a:	4a1d      	ldr	r2, [pc, #116]	; (200027d0 <pll_init+0x10c>)
2000275c:	2111      	movs	r1, #17
2000275e:	481d      	ldr	r0, [pc, #116]	; (200027d4 <pll_init+0x110>)
20002760:	f000 f868 	bl	20002834 <__assert_func>
20002764:	4b1c      	ldr	r3, [pc, #112]	; (200027d8 <pll_init+0x114>)
20002766:	4a1a      	ldr	r2, [pc, #104]	; (200027d0 <pll_init+0x10c>)
20002768:	2119      	movs	r1, #25
2000276a:	481a      	ldr	r0, [pc, #104]	; (200027d4 <pll_init+0x110>)
2000276c:	f000 f862 	bl	20002834 <__assert_func>
20002770:	4b1a      	ldr	r3, [pc, #104]	; (200027dc <pll_init+0x118>)
20002772:	4a17      	ldr	r2, [pc, #92]	; (200027d0 <pll_init+0x10c>)
20002774:	211c      	movs	r1, #28
20002776:	4817      	ldr	r0, [pc, #92]	; (200027d4 <pll_init+0x110>)
20002778:	f000 f85c 	bl	20002834 <__assert_func>
2000277c:	4b18      	ldr	r3, [pc, #96]	; (200027e0 <pll_init+0x11c>)
2000277e:	4a14      	ldr	r2, [pc, #80]	; (200027d0 <pll_init+0x10c>)
20002780:	2123      	movs	r1, #35	; 0x23
20002782:	4814      	ldr	r0, [pc, #80]	; (200027d4 <pll_init+0x110>)
20002784:	f000 f856 	bl	20002834 <__assert_func>
20002788:	6822      	ldr	r2, [r4, #0]
2000278a:	233f      	movs	r3, #63	; 0x3f
2000278c:	4013      	ands	r3, r2
2000278e:	42b3      	cmp	r3, r6
20002790:	d1c3      	bne.n	2000271a <pll_init+0x56>
20002792:	68a3      	ldr	r3, [r4, #8]
20002794:	051b      	lsls	r3, r3, #20
20002796:	0d1b      	lsrs	r3, r3, #20
20002798:	4283      	cmp	r3, r0
2000279a:	d1be      	bne.n	2000271a <pll_init+0x56>
2000279c:	68e3      	ldr	r3, [r4, #12]
2000279e:	22ee      	movs	r2, #238	; 0xee
200027a0:	02d2      	lsls	r2, r2, #11
200027a2:	4013      	ands	r3, r2
200027a4:	42ab      	cmp	r3, r5
200027a6:	d1b8      	bne.n	2000271a <pll_init+0x56>
200027a8:	e7d3      	b.n	20002752 <pll_init+0x8e>
200027aa:	2280      	movs	r2, #128	; 0x80
200027ac:	0192      	lsls	r2, r2, #6
200027ae:	e7b9      	b.n	20002724 <pll_init+0x60>
200027b0:	00b71b00 	.word	0x00b71b00
200027b4:	d34be880 	.word	0xd34be880
200027b8:	32a9f880 	.word	0x32a9f880
200027bc:	4002c000 	.word	0x4002c000
200027c0:	4000e000 	.word	0x4000e000
200027c4:	4000f000 	.word	0x4000f000
200027c8:	4000c000 	.word	0x4000c000
200027cc:	20005608 	.word	0x20005608
200027d0:	20005728 	.word	0x20005728
200027d4:	20005668 	.word	0x20005668
200027d8:	200056a4 	.word	0x200056a4
200027dc:	200056c0 	.word	0x200056c0
200027e0:	2000570c 	.word	0x2000570c

200027e4 <pll_deinit>:
200027e4:	232d      	movs	r3, #45	; 0x2d
200027e6:	6043      	str	r3, [r0, #4]
200027e8:	4770      	bx	lr
	...

200027ec <watchdog_start_tick>:
200027ec:	2380      	movs	r3, #128	; 0x80
200027ee:	009b      	lsls	r3, r3, #2
200027f0:	4303      	orrs	r3, r0
200027f2:	4a01      	ldr	r2, [pc, #4]	; (200027f8 <watchdog_start_tick+0xc>)
200027f4:	62d3      	str	r3, [r2, #44]	; 0x2c
200027f6:	4770      	bx	lr
200027f8:	40058000 	.word	0x40058000

200027fc <xosc_init>:
200027fc:	4b07      	ldr	r3, [pc, #28]	; (2000281c <xosc_init+0x20>)
200027fe:	22aa      	movs	r2, #170	; 0xaa
20002800:	0112      	lsls	r2, r2, #4
20002802:	601a      	str	r2, [r3, #0]
20002804:	3221      	adds	r2, #33	; 0x21
20002806:	32ff      	adds	r2, #255	; 0xff
20002808:	60da      	str	r2, [r3, #12]
2000280a:	4b05      	ldr	r3, [pc, #20]	; (20002820 <xosc_init+0x24>)
2000280c:	4a05      	ldr	r2, [pc, #20]	; (20002824 <xosc_init+0x28>)
2000280e:	601a      	str	r2, [r3, #0]
20002810:	4b02      	ldr	r3, [pc, #8]	; (2000281c <xosc_init+0x20>)
20002812:	685b      	ldr	r3, [r3, #4]
20002814:	2b00      	cmp	r3, #0
20002816:	dafb      	bge.n	20002810 <xosc_init+0x14>
20002818:	4770      	bx	lr
2000281a:	46c0      	nop			; (mov r8, r8)
2000281c:	40024000 	.word	0x40024000
20002820:	40026000 	.word	0x40026000
20002824:	00fab000 	.word	0x00fab000

20002828 <_exit>:
20002828:	be00      	bkpt	0x0000
2000282a:	e7fd      	b.n	20002828 <_exit>

2000282c <exit>:
2000282c:	b510      	push	{r4, lr}
2000282e:	f7ff fffb 	bl	20002828 <_exit>
	...

20002834 <__assert_func>:
20002834:	b510      	push	{r4, lr}
20002836:	b082      	sub	sp, #8
20002838:	000c      	movs	r4, r1
2000283a:	0019      	movs	r1, r3
2000283c:	2a00      	cmp	r2, #0
2000283e:	d00c      	beq.n	2000285a <__assert_func+0x26>
20002840:	4b08      	ldr	r3, [pc, #32]	; (20002864 <__assert_func+0x30>)
20002842:	2a00      	cmp	r2, #0
20002844:	d00b      	beq.n	2000285e <__assert_func+0x2a>
20002846:	9201      	str	r2, [sp, #4]
20002848:	9300      	str	r3, [sp, #0]
2000284a:	0023      	movs	r3, r4
2000284c:	0002      	movs	r2, r0
2000284e:	4806      	ldr	r0, [pc, #24]	; (20002868 <__assert_func+0x34>)
20002850:	f001 fee8 	bl	20004624 <__wrap_printf>
20002854:	2001      	movs	r0, #1
20002856:	f7ff ffe7 	bl	20002828 <_exit>
2000285a:	4b04      	ldr	r3, [pc, #16]	; (2000286c <__assert_func+0x38>)
2000285c:	e7f1      	b.n	20002842 <__assert_func+0xe>
2000285e:	4a03      	ldr	r2, [pc, #12]	; (2000286c <__assert_func+0x38>)
20002860:	e7f1      	b.n	20002846 <__assert_func+0x12>
20002862:	46c0      	nop			; (mov r8, r8)
20002864:	20005734 	.word	0x20005734
20002868:	20005744 	.word	0x20005744
2000286c:	20005740 	.word	0x20005740

20002870 <runtime_init>:
20002870:	b570      	push	{r4, r5, r6, lr}
20002872:	4b2b      	ldr	r3, [pc, #172]	; (20002920 <runtime_init+0xb0>)
20002874:	4a2b      	ldr	r2, [pc, #172]	; (20002924 <runtime_init+0xb4>)
20002876:	601a      	str	r2, [r3, #0]
20002878:	4b2b      	ldr	r3, [pc, #172]	; (20002928 <runtime_init+0xb8>)
2000287a:	4a2c      	ldr	r2, [pc, #176]	; (2000292c <runtime_init+0xbc>)
2000287c:	601a      	str	r2, [r3, #0]
2000287e:	4b2c      	ldr	r3, [pc, #176]	; (20002930 <runtime_init+0xc0>)
20002880:	689a      	ldr	r2, [r3, #8]
20002882:	4b2a      	ldr	r3, [pc, #168]	; (2000292c <runtime_init+0xbc>)
20002884:	4393      	bics	r3, r2
20002886:	d1fa      	bne.n	2000287e <runtime_init+0xe>
20002888:	4c2a      	ldr	r4, [pc, #168]	; (20002934 <runtime_init+0xc4>)
2000288a:	e001      	b.n	20002890 <runtime_init+0x20>
2000288c:	cc08      	ldmia	r4!, {r3}
2000288e:	4798      	blx	r3
20002890:	4b29      	ldr	r3, [pc, #164]	; (20002938 <runtime_init+0xc8>)
20002892:	429c      	cmp	r4, r3
20002894:	d3fa      	bcc.n	2000288c <runtime_init+0x1c>
20002896:	f7ff fe8f 	bl	200025b8 <clocks_init>
2000289a:	4b23      	ldr	r3, [pc, #140]	; (20002928 <runtime_init+0xb8>)
2000289c:	4a27      	ldr	r2, [pc, #156]	; (2000293c <runtime_init+0xcc>)
2000289e:	601a      	str	r2, [r3, #0]
200028a0:	4b23      	ldr	r3, [pc, #140]	; (20002930 <runtime_init+0xc0>)
200028a2:	689b      	ldr	r3, [r3, #8]
200028a4:	43db      	mvns	r3, r3
200028a6:	01db      	lsls	r3, r3, #7
200028a8:	d1fa      	bne.n	200028a0 <runtime_init+0x30>
200028aa:	4b25      	ldr	r3, [pc, #148]	; (20002940 <runtime_init+0xd0>)
200028ac:	2240      	movs	r2, #64	; 0x40
200028ae:	679a      	str	r2, [r3, #120]	; 0x78
200028b0:	675a      	str	r2, [r3, #116]	; 0x74
200028b2:	671a      	str	r2, [r3, #112]	; 0x70
200028b4:	66da      	str	r2, [r3, #108]	; 0x6c
200028b6:	4c23      	ldr	r4, [pc, #140]	; (20002944 <runtime_init+0xd4>)
200028b8:	e009      	b.n	200028ce <runtime_init+0x5e>
200028ba:	4b23      	ldr	r3, [pc, #140]	; (20002948 <runtime_init+0xd8>)
200028bc:	4a23      	ldr	r2, [pc, #140]	; (2000294c <runtime_init+0xdc>)
200028be:	2187      	movs	r1, #135	; 0x87
200028c0:	4823      	ldr	r0, [pc, #140]	; (20002950 <runtime_init+0xe0>)
200028c2:	f7ff ffb7 	bl	20002834 <__assert_func>
200028c6:	0020      	movs	r0, r4
200028c8:	f7fe fbae 	bl	20001028 <mutex_init>
200028cc:	3408      	adds	r4, #8
200028ce:	4b21      	ldr	r3, [pc, #132]	; (20002954 <runtime_init+0xe4>)
200028d0:	429c      	cmp	r4, r3
200028d2:	d209      	bcs.n	200028e8 <runtime_init+0x78>
200028d4:	6823      	ldr	r3, [r4, #0]
200028d6:	2b00      	cmp	r3, #0
200028d8:	d0f5      	beq.n	200028c6 <runtime_init+0x56>
200028da:	2b01      	cmp	r3, #1
200028dc:	d1ed      	bne.n	200028ba <runtime_init+0x4a>
200028de:	0020      	movs	r0, r4
200028e0:	f7fe fbaf 	bl	20001042 <recursive_mutex_init>
200028e4:	3408      	adds	r4, #8
200028e6:	e7f2      	b.n	200028ce <runtime_init+0x5e>
200028e8:	4c1b      	ldr	r4, [pc, #108]	; (20002958 <runtime_init+0xe8>)
200028ea:	68a1      	ldr	r1, [r4, #8]
200028ec:	4d1b      	ldr	r5, [pc, #108]	; (2000295c <runtime_init+0xec>)
200028ee:	22c0      	movs	r2, #192	; 0xc0
200028f0:	0028      	movs	r0, r5
200028f2:	f001 fd55 	bl	200043a0 <__wrap___aeabi_memcpy>
200028f6:	60a5      	str	r5, [r4, #8]
200028f8:	f3ef 8305 	mrs	r3, IPSR
200028fc:	2b00      	cmp	r3, #0
200028fe:	d000      	beq.n	20002902 <runtime_init+0x92>
20002900:	be00      	bkpt	0x0000
20002902:	f7fe f961 	bl	20000bc8 <spin_locks_reset>
20002906:	f7fe fb79 	bl	20000ffc <irq_init_priorities>
2000290a:	f7fe fee9 	bl	200016e0 <alarm_pool_init_default>
2000290e:	4c14      	ldr	r4, [pc, #80]	; (20002960 <runtime_init+0xf0>)
20002910:	e001      	b.n	20002916 <runtime_init+0xa6>
20002912:	cc08      	ldmia	r4!, {r3}
20002914:	4798      	blx	r3
20002916:	4b13      	ldr	r3, [pc, #76]	; (20002964 <runtime_init+0xf4>)
20002918:	429c      	cmp	r4, r3
2000291a:	d3fa      	bcc.n	20002912 <runtime_init+0xa2>
2000291c:	bd70      	pop	{r4, r5, r6, pc}
2000291e:	46c0      	nop			; (mov r8, r8)
20002920:	4000e000 	.word	0x4000e000
20002924:	fefbcdbf 	.word	0xfefbcdbf
20002928:	4000f000 	.word	0x4000f000
2000292c:	003c7ffe 	.word	0x003c7ffe
20002930:	4000c000 	.word	0x4000c000
20002934:	20005ec8 	.word	0x20005ec8
20002938:	20005ed8 	.word	0x20005ed8
2000293c:	01ffffff 	.word	0x01ffffff
20002940:	4001f000 	.word	0x4001f000
20002944:	20005ec0 	.word	0x20005ec0
20002948:	20005774 	.word	0x20005774
2000294c:	200057e8 	.word	0x200057e8
20002950:	20005794 	.word	0x20005794
20002954:	20005ec8 	.word	0x20005ec8
20002958:	e000ed00 	.word	0xe000ed00
2000295c:	20000000 	.word	0x20000000
20002960:	20005ed8 	.word	0x20005ed8
20002964:	20005ee0 	.word	0x20005ee0

20002968 <panic>:
20002968:	b40f      	push	{r0, r1, r2, r3}
2000296a:	b500      	push	{lr}
2000296c:	b083      	sub	sp, #12
2000296e:	4808      	ldr	r0, [pc, #32]	; (20002990 <panic+0x28>)
20002970:	f001 fe28 	bl	200045c4 <__wrap_puts>
20002974:	9b04      	ldr	r3, [sp, #16]
20002976:	2b00      	cmp	r3, #0
20002978:	d007      	beq.n	2000298a <panic+0x22>
2000297a:	a905      	add	r1, sp, #20
2000297c:	9101      	str	r1, [sp, #4]
2000297e:	0018      	movs	r0, r3
20002980:	f001 fe30 	bl	200045e4 <__wrap_vprintf>
20002984:	4803      	ldr	r0, [pc, #12]	; (20002994 <panic+0x2c>)
20002986:	f001 fe1d 	bl	200045c4 <__wrap_puts>
2000298a:	2001      	movs	r0, #1
2000298c:	f7ff ff4c 	bl	20002828 <_exit>
20002990:	200057d4 	.word	0x200057d4
20002994:	200057e4 	.word	0x200057e4

20002998 <_out_null>:
20002998:	4770      	bx	lr

2000299a <_out_fct>:
2000299a:	b510      	push	{r4, lr}
2000299c:	2800      	cmp	r0, #0
2000299e:	d002      	beq.n	200029a6 <_out_fct+0xc>
200029a0:	680b      	ldr	r3, [r1, #0]
200029a2:	6849      	ldr	r1, [r1, #4]
200029a4:	4798      	blx	r3
200029a6:	bd10      	pop	{r4, pc}

200029a8 <_atoi>:
200029a8:	0001      	movs	r1, r0
200029aa:	2000      	movs	r0, #0
200029ac:	e007      	b.n	200029be <_atoi+0x16>
200029ae:	0083      	lsls	r3, r0, #2
200029b0:	181b      	adds	r3, r3, r0
200029b2:	005b      	lsls	r3, r3, #1
200029b4:	1c50      	adds	r0, r2, #1
200029b6:	6008      	str	r0, [r1, #0]
200029b8:	7810      	ldrb	r0, [r2, #0]
200029ba:	18c0      	adds	r0, r0, r3
200029bc:	3830      	subs	r0, #48	; 0x30
200029be:	680a      	ldr	r2, [r1, #0]
200029c0:	7813      	ldrb	r3, [r2, #0]
200029c2:	3b30      	subs	r3, #48	; 0x30
200029c4:	b2db      	uxtb	r3, r3
200029c6:	2b09      	cmp	r3, #9
200029c8:	d9f1      	bls.n	200029ae <_atoi+0x6>
200029ca:	4770      	bx	lr

200029cc <_out_rev>:
200029cc:	b5f0      	push	{r4, r5, r6, r7, lr}
200029ce:	46de      	mov	lr, fp
200029d0:	4657      	mov	r7, sl
200029d2:	464e      	mov	r6, r9
200029d4:	4645      	mov	r5, r8
200029d6:	b5e0      	push	{r5, r6, r7, lr}
200029d8:	b083      	sub	sp, #12
200029da:	4693      	mov	fp, r2
200029dc:	001f      	movs	r7, r3
200029de:	9b0c      	ldr	r3, [sp, #48]	; 0x30
200029e0:	469a      	mov	sl, r3
200029e2:	9c0d      	ldr	r4, [sp, #52]	; 0x34
200029e4:	9b0e      	ldr	r3, [sp, #56]	; 0x38
200029e6:	4699      	mov	r9, r3
200029e8:	9b0f      	ldr	r3, [sp, #60]	; 0x3c
200029ea:	079b      	lsls	r3, r3, #30
200029ec:	d003      	beq.n	200029f6 <_out_rev+0x2a>
200029ee:	46b8      	mov	r8, r7
200029f0:	000f      	movs	r7, r1
200029f2:	0006      	movs	r6, r0
200029f4:	e022      	b.n	20002a3c <_out_rev+0x70>
200029f6:	9201      	str	r2, [sp, #4]
200029f8:	46a3      	mov	fp, r4
200029fa:	4688      	mov	r8, r1
200029fc:	464e      	mov	r6, r9
200029fe:	46b9      	mov	r9, r7
20002a00:	0007      	movs	r7, r0
20002a02:	42b4      	cmp	r4, r6
20002a04:	d207      	bcs.n	20002a16 <_out_rev+0x4a>
20002a06:	1c55      	adds	r5, r2, #1
20002a08:	464b      	mov	r3, r9
20002a0a:	4641      	mov	r1, r8
20002a0c:	2020      	movs	r0, #32
20002a0e:	47b8      	blx	r7
20002a10:	3401      	adds	r4, #1
20002a12:	002a      	movs	r2, r5
20002a14:	e7f5      	b.n	20002a02 <_out_rev+0x36>
20002a16:	003d      	movs	r5, r7
20002a18:	464f      	mov	r7, r9
20002a1a:	465c      	mov	r4, fp
20002a1c:	9b01      	ldr	r3, [sp, #4]
20002a1e:	469b      	mov	fp, r3
20002a20:	46b1      	mov	r9, r6
20002a22:	4646      	mov	r6, r8
20002a24:	46b8      	mov	r8, r7
20002a26:	0037      	movs	r7, r6
20002a28:	002e      	movs	r6, r5
20002a2a:	e007      	b.n	20002a3c <_out_rev+0x70>
20002a2c:	3c01      	subs	r4, #1
20002a2e:	1c55      	adds	r5, r2, #1
20002a30:	4653      	mov	r3, sl
20002a32:	5d18      	ldrb	r0, [r3, r4]
20002a34:	4643      	mov	r3, r8
20002a36:	0039      	movs	r1, r7
20002a38:	47b0      	blx	r6
20002a3a:	002a      	movs	r2, r5
20002a3c:	2c00      	cmp	r4, #0
20002a3e:	d1f5      	bne.n	20002a2c <_out_rev+0x60>
20002a40:	0035      	movs	r5, r6
20002a42:	003e      	movs	r6, r7
20002a44:	4647      	mov	r7, r8
20002a46:	9b0f      	ldr	r3, [sp, #60]	; 0x3c
20002a48:	079b      	lsls	r3, r3, #30
20002a4a:	d407      	bmi.n	20002a5c <_out_rev+0x90>
20002a4c:	0010      	movs	r0, r2
20002a4e:	b003      	add	sp, #12
20002a50:	bcf0      	pop	{r4, r5, r6, r7}
20002a52:	46bb      	mov	fp, r7
20002a54:	46b2      	mov	sl, r6
20002a56:	46a9      	mov	r9, r5
20002a58:	46a0      	mov	r8, r4
20002a5a:	bdf0      	pop	{r4, r5, r6, r7, pc}
20002a5c:	46b0      	mov	r8, r6
20002a5e:	464e      	mov	r6, r9
20002a60:	46b9      	mov	r9, r7
20002a62:	002f      	movs	r7, r5
20002a64:	465d      	mov	r5, fp
20002a66:	1b53      	subs	r3, r2, r5
20002a68:	42b3      	cmp	r3, r6
20002a6a:	d2ef      	bcs.n	20002a4c <_out_rev+0x80>
20002a6c:	1c54      	adds	r4, r2, #1
20002a6e:	464b      	mov	r3, r9
20002a70:	4641      	mov	r1, r8
20002a72:	2020      	movs	r0, #32
20002a74:	47b8      	blx	r7
20002a76:	0022      	movs	r2, r4
20002a78:	e7f5      	b.n	20002a66 <_out_rev+0x9a>

20002a7a <_ntoa_format>:
20002a7a:	b5f0      	push	{r4, r5, r6, r7, lr}
20002a7c:	46ce      	mov	lr, r9
20002a7e:	4647      	mov	r7, r8
20002a80:	b580      	push	{r7, lr}
20002a82:	b085      	sub	sp, #20
20002a84:	4694      	mov	ip, r2
20002a86:	4698      	mov	r8, r3
20002a88:	9d0c      	ldr	r5, [sp, #48]	; 0x30
20002a8a:	9c0d      	ldr	r4, [sp, #52]	; 0x34
20002a8c:	ab0e      	add	r3, sp, #56	; 0x38
20002a8e:	781b      	ldrb	r3, [r3, #0]
20002a90:	4699      	mov	r9, r3
20002a92:	9a10      	ldr	r2, [sp, #64]	; 0x40
20002a94:	9b11      	ldr	r3, [sp, #68]	; 0x44
20002a96:	9e12      	ldr	r6, [sp, #72]	; 0x48
20002a98:	07b7      	lsls	r7, r6, #30
20002a9a:	d41c      	bmi.n	20002ad6 <_ntoa_format+0x5c>
20002a9c:	2b00      	cmp	r3, #0
20002a9e:	d00c      	beq.n	20002aba <_ntoa_format+0x40>
20002aa0:	07f7      	lsls	r7, r6, #31
20002aa2:	d50a      	bpl.n	20002aba <_ntoa_format+0x40>
20002aa4:	464f      	mov	r7, r9
20002aa6:	2f00      	cmp	r7, #0
20002aa8:	d102      	bne.n	20002ab0 <_ntoa_format+0x36>
20002aaa:	370c      	adds	r7, #12
20002aac:	4237      	tst	r7, r6
20002aae:	d004      	beq.n	20002aba <_ntoa_format+0x40>
20002ab0:	3b01      	subs	r3, #1
20002ab2:	e002      	b.n	20002aba <_ntoa_format+0x40>
20002ab4:	2730      	movs	r7, #48	; 0x30
20002ab6:	552f      	strb	r7, [r5, r4]
20002ab8:	3401      	adds	r4, #1
20002aba:	4294      	cmp	r4, r2
20002abc:	d201      	bcs.n	20002ac2 <_ntoa_format+0x48>
20002abe:	2c1f      	cmp	r4, #31
20002ac0:	d9f8      	bls.n	20002ab4 <_ntoa_format+0x3a>
20002ac2:	07f7      	lsls	r7, r6, #31
20002ac4:	d507      	bpl.n	20002ad6 <_ntoa_format+0x5c>
20002ac6:	429c      	cmp	r4, r3
20002ac8:	d205      	bcs.n	20002ad6 <_ntoa_format+0x5c>
20002aca:	2c1f      	cmp	r4, #31
20002acc:	d803      	bhi.n	20002ad6 <_ntoa_format+0x5c>
20002ace:	2730      	movs	r7, #48	; 0x30
20002ad0:	552f      	strb	r7, [r5, r4]
20002ad2:	3401      	adds	r4, #1
20002ad4:	e7f5      	b.n	20002ac2 <_ntoa_format+0x48>
20002ad6:	06f7      	lsls	r7, r6, #27
20002ad8:	d515      	bpl.n	20002b06 <_ntoa_format+0x8c>
20002ada:	0577      	lsls	r7, r6, #21
20002adc:	d405      	bmi.n	20002aea <_ntoa_format+0x70>
20002ade:	2c00      	cmp	r4, #0
20002ae0:	d003      	beq.n	20002aea <_ntoa_format+0x70>
20002ae2:	4294      	cmp	r4, r2
20002ae4:	d024      	beq.n	20002b30 <_ntoa_format+0xb6>
20002ae6:	429c      	cmp	r4, r3
20002ae8:	d022      	beq.n	20002b30 <_ntoa_format+0xb6>
20002aea:	9a0f      	ldr	r2, [sp, #60]	; 0x3c
20002aec:	2a10      	cmp	r2, #16
20002aee:	d02b      	beq.n	20002b48 <_ntoa_format+0xce>
20002af0:	9a0f      	ldr	r2, [sp, #60]	; 0x3c
20002af2:	2a10      	cmp	r2, #16
20002af4:	d030      	beq.n	20002b58 <_ntoa_format+0xde>
20002af6:	9a0f      	ldr	r2, [sp, #60]	; 0x3c
20002af8:	2a02      	cmp	r2, #2
20002afa:	d035      	beq.n	20002b68 <_ntoa_format+0xee>
20002afc:	2c1f      	cmp	r4, #31
20002afe:	d802      	bhi.n	20002b06 <_ntoa_format+0x8c>
20002b00:	2230      	movs	r2, #48	; 0x30
20002b02:	552a      	strb	r2, [r5, r4]
20002b04:	3401      	adds	r4, #1
20002b06:	2c1f      	cmp	r4, #31
20002b08:	d805      	bhi.n	20002b16 <_ntoa_format+0x9c>
20002b0a:	464a      	mov	r2, r9
20002b0c:	2a00      	cmp	r2, #0
20002b0e:	d031      	beq.n	20002b74 <_ntoa_format+0xfa>
20002b10:	222d      	movs	r2, #45	; 0x2d
20002b12:	552a      	strb	r2, [r5, r4]
20002b14:	3401      	adds	r4, #1
20002b16:	9603      	str	r6, [sp, #12]
20002b18:	9302      	str	r3, [sp, #8]
20002b1a:	9401      	str	r4, [sp, #4]
20002b1c:	9500      	str	r5, [sp, #0]
20002b1e:	4643      	mov	r3, r8
20002b20:	4662      	mov	r2, ip
20002b22:	f7ff ff53 	bl	200029cc <_out_rev>
20002b26:	b005      	add	sp, #20
20002b28:	bcc0      	pop	{r6, r7}
20002b2a:	46b9      	mov	r9, r7
20002b2c:	46b0      	mov	r8, r6
20002b2e:	bdf0      	pop	{r4, r5, r6, r7, pc}
20002b30:	1e62      	subs	r2, r4, #1
20002b32:	2c01      	cmp	r4, #1
20002b34:	d006      	beq.n	20002b44 <_ntoa_format+0xca>
20002b36:	9f0f      	ldr	r7, [sp, #60]	; 0x3c
20002b38:	2f10      	cmp	r7, #16
20002b3a:	d001      	beq.n	20002b40 <_ntoa_format+0xc6>
20002b3c:	0014      	movs	r4, r2
20002b3e:	e7d4      	b.n	20002aea <_ntoa_format+0x70>
20002b40:	3c02      	subs	r4, #2
20002b42:	e7d2      	b.n	20002aea <_ntoa_format+0x70>
20002b44:	0014      	movs	r4, r2
20002b46:	e7d0      	b.n	20002aea <_ntoa_format+0x70>
20002b48:	06b2      	lsls	r2, r6, #26
20002b4a:	d4d1      	bmi.n	20002af0 <_ntoa_format+0x76>
20002b4c:	2c1f      	cmp	r4, #31
20002b4e:	d8cf      	bhi.n	20002af0 <_ntoa_format+0x76>
20002b50:	2278      	movs	r2, #120	; 0x78
20002b52:	552a      	strb	r2, [r5, r4]
20002b54:	3401      	adds	r4, #1
20002b56:	e7d1      	b.n	20002afc <_ntoa_format+0x82>
20002b58:	06b2      	lsls	r2, r6, #26
20002b5a:	d5cc      	bpl.n	20002af6 <_ntoa_format+0x7c>
20002b5c:	2c1f      	cmp	r4, #31
20002b5e:	d8ca      	bhi.n	20002af6 <_ntoa_format+0x7c>
20002b60:	2258      	movs	r2, #88	; 0x58
20002b62:	552a      	strb	r2, [r5, r4]
20002b64:	3401      	adds	r4, #1
20002b66:	e7c9      	b.n	20002afc <_ntoa_format+0x82>
20002b68:	2c1f      	cmp	r4, #31
20002b6a:	d8c7      	bhi.n	20002afc <_ntoa_format+0x82>
20002b6c:	3260      	adds	r2, #96	; 0x60
20002b6e:	552a      	strb	r2, [r5, r4]
20002b70:	3401      	adds	r4, #1
20002b72:	e7c3      	b.n	20002afc <_ntoa_format+0x82>
20002b74:	0772      	lsls	r2, r6, #29
20002b76:	d503      	bpl.n	20002b80 <_ntoa_format+0x106>
20002b78:	222b      	movs	r2, #43	; 0x2b
20002b7a:	552a      	strb	r2, [r5, r4]
20002b7c:	3401      	adds	r4, #1
20002b7e:	e7ca      	b.n	20002b16 <_ntoa_format+0x9c>
20002b80:	0732      	lsls	r2, r6, #28
20002b82:	d5c8      	bpl.n	20002b16 <_ntoa_format+0x9c>
20002b84:	2220      	movs	r2, #32
20002b86:	552a      	strb	r2, [r5, r4]
20002b88:	3401      	adds	r4, #1
20002b8a:	e7c4      	b.n	20002b16 <_ntoa_format+0x9c>

20002b8c <_ntoa_long>:
20002b8c:	b5f0      	push	{r4, r5, r6, r7, lr}
20002b8e:	46de      	mov	lr, fp
20002b90:	4657      	mov	r7, sl
20002b92:	464e      	mov	r6, r9
20002b94:	4645      	mov	r5, r8
20002b96:	b5e0      	push	{r5, r6, r7, lr}
20002b98:	b093      	sub	sp, #76	; 0x4c
20002b9a:	4681      	mov	r9, r0
20002b9c:	468a      	mov	sl, r1
20002b9e:	9208      	str	r2, [sp, #32]
20002ba0:	9309      	str	r3, [sp, #36]	; 0x24
20002ba2:	ab1c      	add	r3, sp, #112	; 0x70
20002ba4:	cb10      	ldmia	r3!, {r4}
20002ba6:	781b      	ldrb	r3, [r3, #0]
20002ba8:	469b      	mov	fp, r3
20002baa:	9d1e      	ldr	r5, [sp, #120]	; 0x78
20002bac:	9b21      	ldr	r3, [sp, #132]	; 0x84
20002bae:	4698      	mov	r8, r3
20002bb0:	2c00      	cmp	r4, #0
20002bb2:	d103      	bne.n	20002bbc <_ntoa_long+0x30>
20002bb4:	2310      	movs	r3, #16
20002bb6:	4642      	mov	r2, r8
20002bb8:	439a      	bics	r2, r3
20002bba:	4690      	mov	r8, r2
20002bbc:	2380      	movs	r3, #128	; 0x80
20002bbe:	00db      	lsls	r3, r3, #3
20002bc0:	4646      	mov	r6, r8
20002bc2:	401e      	ands	r6, r3
20002bc4:	4642      	mov	r2, r8
20002bc6:	421a      	tst	r2, r3
20002bc8:	d012      	beq.n	20002bf0 <_ntoa_long+0x64>
20002bca:	2c00      	cmp	r4, #0
20002bcc:	d022      	beq.n	20002c14 <_ntoa_long+0x88>
20002bce:	2600      	movs	r6, #0
20002bd0:	e00e      	b.n	20002bf0 <_ntoa_long+0x64>
20002bd2:	3330      	adds	r3, #48	; 0x30
20002bd4:	b2d9      	uxtb	r1, r3
20002bd6:	1c77      	adds	r7, r6, #1
20002bd8:	ab0a      	add	r3, sp, #40	; 0x28
20002bda:	5599      	strb	r1, [r3, r6]
20002bdc:	0029      	movs	r1, r5
20002bde:	0020      	movs	r0, r4
20002be0:	f000 ffd6 	bl	20003b90 <__wrap___aeabi_uidiv>
20002be4:	42ac      	cmp	r4, r5
20002be6:	d316      	bcc.n	20002c16 <_ntoa_long+0x8a>
20002be8:	2f1f      	cmp	r7, #31
20002bea:	d814      	bhi.n	20002c16 <_ntoa_long+0x8a>
20002bec:	003e      	movs	r6, r7
20002bee:	0004      	movs	r4, r0
20002bf0:	0029      	movs	r1, r5
20002bf2:	0020      	movs	r0, r4
20002bf4:	f000 ffcc 	bl	20003b90 <__wrap___aeabi_uidiv>
20002bf8:	b2cb      	uxtb	r3, r1
20002bfa:	2b09      	cmp	r3, #9
20002bfc:	d9e9      	bls.n	20002bd2 <_ntoa_long+0x46>
20002bfe:	4642      	mov	r2, r8
20002c00:	0692      	lsls	r2, r2, #26
20002c02:	d505      	bpl.n	20002c10 <_ntoa_long+0x84>
20002c04:	2141      	movs	r1, #65	; 0x41
20002c06:	18c9      	adds	r1, r1, r3
20002c08:	b2c9      	uxtb	r1, r1
20002c0a:	390a      	subs	r1, #10
20002c0c:	b2c9      	uxtb	r1, r1
20002c0e:	e7e2      	b.n	20002bd6 <_ntoa_long+0x4a>
20002c10:	2161      	movs	r1, #97	; 0x61
20002c12:	e7f8      	b.n	20002c06 <_ntoa_long+0x7a>
20002c14:	0027      	movs	r7, r4
20002c16:	4643      	mov	r3, r8
20002c18:	9306      	str	r3, [sp, #24]
20002c1a:	9b20      	ldr	r3, [sp, #128]	; 0x80
20002c1c:	9305      	str	r3, [sp, #20]
20002c1e:	9b1f      	ldr	r3, [sp, #124]	; 0x7c
20002c20:	9304      	str	r3, [sp, #16]
20002c22:	9503      	str	r5, [sp, #12]
20002c24:	465b      	mov	r3, fp
20002c26:	9302      	str	r3, [sp, #8]
20002c28:	9701      	str	r7, [sp, #4]
20002c2a:	ab0a      	add	r3, sp, #40	; 0x28
20002c2c:	9300      	str	r3, [sp, #0]
20002c2e:	9b09      	ldr	r3, [sp, #36]	; 0x24
20002c30:	9a08      	ldr	r2, [sp, #32]
20002c32:	4651      	mov	r1, sl
20002c34:	4648      	mov	r0, r9
20002c36:	f7ff ff20 	bl	20002a7a <_ntoa_format>
20002c3a:	b013      	add	sp, #76	; 0x4c
20002c3c:	bcf0      	pop	{r4, r5, r6, r7}
20002c3e:	46bb      	mov	fp, r7
20002c40:	46b2      	mov	sl, r6
20002c42:	46a9      	mov	r9, r5
20002c44:	46a0      	mov	r8, r4
20002c46:	bdf0      	pop	{r4, r5, r6, r7, pc}

20002c48 <_ntoa_long_long>:
20002c48:	b5f0      	push	{r4, r5, r6, r7, lr}
20002c4a:	46de      	mov	lr, fp
20002c4c:	4657      	mov	r7, sl
20002c4e:	464e      	mov	r6, r9
20002c50:	4645      	mov	r5, r8
20002c52:	b5e0      	push	{r5, r6, r7, lr}
20002c54:	b095      	sub	sp, #84	; 0x54
20002c56:	9008      	str	r0, [sp, #32]
20002c58:	9109      	str	r1, [sp, #36]	; 0x24
20002c5a:	920a      	str	r2, [sp, #40]	; 0x28
20002c5c:	930b      	str	r3, [sp, #44]	; 0x2c
20002c5e:	9e1e      	ldr	r6, [sp, #120]	; 0x78
20002c60:	9c1f      	ldr	r4, [sp, #124]	; 0x7c
20002c62:	ab20      	add	r3, sp, #128	; 0x80
20002c64:	781b      	ldrb	r3, [r3, #0]
20002c66:	469b      	mov	fp, r3
20002c68:	9b22      	ldr	r3, [sp, #136]	; 0x88
20002c6a:	4699      	mov	r9, r3
20002c6c:	9d23      	ldr	r5, [sp, #140]	; 0x8c
20002c6e:	9b26      	ldr	r3, [sp, #152]	; 0x98
20002c70:	469a      	mov	sl, r3
20002c72:	0033      	movs	r3, r6
20002c74:	4323      	orrs	r3, r4
20002c76:	d103      	bne.n	20002c80 <_ntoa_long_long+0x38>
20002c78:	3310      	adds	r3, #16
20002c7a:	4652      	mov	r2, sl
20002c7c:	439a      	bics	r2, r3
20002c7e:	4692      	mov	sl, r2
20002c80:	2380      	movs	r3, #128	; 0x80
20002c82:	00db      	lsls	r3, r3, #3
20002c84:	4657      	mov	r7, sl
20002c86:	401f      	ands	r7, r3
20002c88:	4652      	mov	r2, sl
20002c8a:	421a      	tst	r2, r3
20002c8c:	d019      	beq.n	20002cc2 <_ntoa_long_long+0x7a>
20002c8e:	0033      	movs	r3, r6
20002c90:	4323      	orrs	r3, r4
20002c92:	d02d      	beq.n	20002cf0 <_ntoa_long_long+0xa8>
20002c94:	2700      	movs	r7, #0
20002c96:	e014      	b.n	20002cc2 <_ntoa_long_long+0x7a>
20002c98:	3330      	adds	r3, #48	; 0x30
20002c9a:	b2da      	uxtb	r2, r3
20002c9c:	1c7b      	adds	r3, r7, #1
20002c9e:	4698      	mov	r8, r3
20002ca0:	ab0c      	add	r3, sp, #48	; 0x30
20002ca2:	55da      	strb	r2, [r3, r7]
20002ca4:	464a      	mov	r2, r9
20002ca6:	002b      	movs	r3, r5
20002ca8:	0030      	movs	r0, r6
20002caa:	0021      	movs	r1, r4
20002cac:	f000 ffae 	bl	20003c0c <__wrap___aeabi_uldivmod>
20002cb0:	42a5      	cmp	r5, r4
20002cb2:	d81f      	bhi.n	20002cf4 <_ntoa_long_long+0xac>
20002cb4:	d019      	beq.n	20002cea <_ntoa_long_long+0xa2>
20002cb6:	4643      	mov	r3, r8
20002cb8:	2b1f      	cmp	r3, #31
20002cba:	d81b      	bhi.n	20002cf4 <_ntoa_long_long+0xac>
20002cbc:	4647      	mov	r7, r8
20002cbe:	0006      	movs	r6, r0
20002cc0:	000c      	movs	r4, r1
20002cc2:	464a      	mov	r2, r9
20002cc4:	002b      	movs	r3, r5
20002cc6:	0030      	movs	r0, r6
20002cc8:	0021      	movs	r1, r4
20002cca:	f000 ff9f 	bl	20003c0c <__wrap___aeabi_uldivmod>
20002cce:	b2d3      	uxtb	r3, r2
20002cd0:	2b09      	cmp	r3, #9
20002cd2:	d9e1      	bls.n	20002c98 <_ntoa_long_long+0x50>
20002cd4:	4652      	mov	r2, sl
20002cd6:	0692      	lsls	r2, r2, #26
20002cd8:	d505      	bpl.n	20002ce6 <_ntoa_long_long+0x9e>
20002cda:	2241      	movs	r2, #65	; 0x41
20002cdc:	18d2      	adds	r2, r2, r3
20002cde:	b2d2      	uxtb	r2, r2
20002ce0:	3a0a      	subs	r2, #10
20002ce2:	b2d2      	uxtb	r2, r2
20002ce4:	e7da      	b.n	20002c9c <_ntoa_long_long+0x54>
20002ce6:	2261      	movs	r2, #97	; 0x61
20002ce8:	e7f8      	b.n	20002cdc <_ntoa_long_long+0x94>
20002cea:	45b1      	cmp	r9, r6
20002cec:	d9e3      	bls.n	20002cb6 <_ntoa_long_long+0x6e>
20002cee:	e001      	b.n	20002cf4 <_ntoa_long_long+0xac>
20002cf0:	2300      	movs	r3, #0
20002cf2:	4698      	mov	r8, r3
20002cf4:	4653      	mov	r3, sl
20002cf6:	9306      	str	r3, [sp, #24]
20002cf8:	9b25      	ldr	r3, [sp, #148]	; 0x94
20002cfa:	9305      	str	r3, [sp, #20]
20002cfc:	9b24      	ldr	r3, [sp, #144]	; 0x90
20002cfe:	9304      	str	r3, [sp, #16]
20002d00:	464b      	mov	r3, r9
20002d02:	9303      	str	r3, [sp, #12]
20002d04:	465b      	mov	r3, fp
20002d06:	9302      	str	r3, [sp, #8]
20002d08:	4643      	mov	r3, r8
20002d0a:	9301      	str	r3, [sp, #4]
20002d0c:	ab0c      	add	r3, sp, #48	; 0x30
20002d0e:	9300      	str	r3, [sp, #0]
20002d10:	9b0b      	ldr	r3, [sp, #44]	; 0x2c
20002d12:	9a0a      	ldr	r2, [sp, #40]	; 0x28
20002d14:	9909      	ldr	r1, [sp, #36]	; 0x24
20002d16:	9808      	ldr	r0, [sp, #32]
20002d18:	f7ff feaf 	bl	20002a7a <_ntoa_format>
20002d1c:	b015      	add	sp, #84	; 0x54
20002d1e:	bcf0      	pop	{r4, r5, r6, r7}
20002d20:	46bb      	mov	fp, r7
20002d22:	46b2      	mov	sl, r6
20002d24:	46a9      	mov	r9, r5
20002d26:	46a0      	mov	r8, r4
20002d28:	bdf0      	pop	{r4, r5, r6, r7, pc}
	...

20002d2c <_etoa>:
20002d2c:	b5f0      	push	{r4, r5, r6, r7, lr}
20002d2e:	46de      	mov	lr, fp
20002d30:	4657      	mov	r7, sl
20002d32:	464e      	mov	r6, r9
20002d34:	4645      	mov	r5, r8
20002d36:	b5e0      	push	{r5, r6, r7, lr}
20002d38:	b091      	sub	sp, #68	; 0x44
20002d3a:	4683      	mov	fp, r0
20002d3c:	468a      	mov	sl, r1
20002d3e:	920c      	str	r2, [sp, #48]	; 0x30
20002d40:	4698      	mov	r8, r3
20002d42:	9c1a      	ldr	r4, [sp, #104]	; 0x68
20002d44:	9408      	str	r4, [sp, #32]
20002d46:	9d1b      	ldr	r5, [sp, #108]	; 0x6c
20002d48:	9509      	str	r5, [sp, #36]	; 0x24
20002d4a:	0022      	movs	r2, r4
20002d4c:	002b      	movs	r3, r5
20002d4e:	0020      	movs	r0, r4
20002d50:	0029      	movs	r1, r5
20002d52:	f001 f9d6 	bl	20004102 <__wrap___aeabi_dcmpun>
20002d56:	2800      	cmp	r0, #0
20002d58:	d000      	beq.n	20002d5c <_etoa+0x30>
20002d5a:	e0e5      	b.n	20002f28 <_etoa+0x1fc>
20002d5c:	2201      	movs	r2, #1
20002d5e:	4252      	negs	r2, r2
20002d60:	4bd7      	ldr	r3, [pc, #860]	; (200030c0 <_etoa+0x394>)
20002d62:	0020      	movs	r0, r4
20002d64:	0029      	movs	r1, r5
20002d66:	f001 f9c7 	bl	200040f8 <__wrap___aeabi_dcmpgt>
20002d6a:	2800      	cmp	r0, #0
20002d6c:	d000      	beq.n	20002d70 <_etoa+0x44>
20002d6e:	e0db      	b.n	20002f28 <_etoa+0x1fc>
20002d70:	2201      	movs	r2, #1
20002d72:	4252      	negs	r2, r2
20002d74:	4bd3      	ldr	r3, [pc, #844]	; (200030c4 <_etoa+0x398>)
20002d76:	0020      	movs	r0, r4
20002d78:	0029      	movs	r1, r5
20002d7a:	f001 f9a7 	bl	200040cc <__wrap___aeabi_dcmplt>
20002d7e:	2800      	cmp	r0, #0
20002d80:	d000      	beq.n	20002d84 <_etoa+0x58>
20002d82:	e0d1      	b.n	20002f28 <_etoa+0x1fc>
20002d84:	2200      	movs	r2, #0
20002d86:	2300      	movs	r3, #0
20002d88:	9e08      	ldr	r6, [sp, #32]
20002d8a:	0030      	movs	r0, r6
20002d8c:	9d09      	ldr	r5, [sp, #36]	; 0x24
20002d8e:	0029      	movs	r1, r5
20002d90:	f001 f99c 	bl	200040cc <__wrap___aeabi_dcmplt>
20002d94:	2800      	cmp	r0, #0
20002d96:	d000      	beq.n	20002d9a <_etoa+0x6e>
20002d98:	e0dd      	b.n	20002f56 <_etoa+0x22a>
20002d9a:	9808      	ldr	r0, [sp, #32]
20002d9c:	9909      	ldr	r1, [sp, #36]	; 0x24
20002d9e:	9006      	str	r0, [sp, #24]
20002da0:	9107      	str	r1, [sp, #28]
20002da2:	2380      	movs	r3, #128	; 0x80
20002da4:	00db      	lsls	r3, r3, #3
20002da6:	9a1e      	ldr	r2, [sp, #120]	; 0x78
20002da8:	401a      	ands	r2, r3
20002daa:	920d      	str	r2, [sp, #52]	; 0x34
20002dac:	9a1e      	ldr	r2, [sp, #120]	; 0x78
20002dae:	421a      	tst	r2, r3
20002db0:	d101      	bne.n	20002db6 <_etoa+0x8a>
20002db2:	2306      	movs	r3, #6
20002db4:	931c      	str	r3, [sp, #112]	; 0x70
20002db6:	9806      	ldr	r0, [sp, #24]
20002db8:	9907      	ldr	r1, [sp, #28]
20002dba:	0004      	movs	r4, r0
20002dbc:	000d      	movs	r5, r1
20002dbe:	000a      	movs	r2, r1
20002dc0:	0006      	movs	r6, r0
20002dc2:	4302      	orrs	r2, r0
20002dc4:	d100      	bne.n	20002dc8 <_etoa+0x9c>
20002dc6:	e0d1      	b.n	20002f6c <_etoa+0x240>
20002dc8:	0d08      	lsrs	r0, r1, #20
20002dca:	0540      	lsls	r0, r0, #21
20002dcc:	0d40      	lsrs	r0, r0, #21
20002dce:	4cbe      	ldr	r4, [pc, #760]	; (200030c8 <_etoa+0x39c>)
20002dd0:	46a4      	mov	ip, r4
20002dd2:	4460      	add	r0, ip
20002dd4:	030a      	lsls	r2, r1, #12
20002dd6:	0b12      	lsrs	r2, r2, #12
20002dd8:	4bbc      	ldr	r3, [pc, #752]	; (200030cc <_etoa+0x3a0>)
20002dda:	4313      	orrs	r3, r2
20002ddc:	001f      	movs	r7, r3
20002dde:	f001 f9a3 	bl	20004128 <__wrap___aeabi_i2d>
20002de2:	4abb      	ldr	r2, [pc, #748]	; (200030d0 <_etoa+0x3a4>)
20002de4:	4bbb      	ldr	r3, [pc, #748]	; (200030d4 <_etoa+0x3a8>)
20002de6:	f001 f932 	bl	2000404e <__wrap___aeabi_dmul>
20002dea:	4abb      	ldr	r2, [pc, #748]	; (200030d8 <_etoa+0x3ac>)
20002dec:	4bbb      	ldr	r3, [pc, #748]	; (200030dc <_etoa+0x3b0>)
20002dee:	f001 f90f 	bl	20004010 <__wrap___aeabi_dadd>
20002df2:	0004      	movs	r4, r0
20002df4:	000d      	movs	r5, r1
20002df6:	2200      	movs	r2, #0
20002df8:	4bb9      	ldr	r3, [pc, #740]	; (200030e0 <_etoa+0x3b4>)
20002dfa:	0030      	movs	r0, r6
20002dfc:	0039      	movs	r1, r7
20002dfe:	f001 f902 	bl	20004006 <__wrap___aeabi_dsub>
20002e02:	4ab8      	ldr	r2, [pc, #736]	; (200030e4 <_etoa+0x3b8>)
20002e04:	4bb8      	ldr	r3, [pc, #736]	; (200030e8 <_etoa+0x3bc>)
20002e06:	f001 f922 	bl	2000404e <__wrap___aeabi_dmul>
20002e0a:	0002      	movs	r2, r0
20002e0c:	000b      	movs	r3, r1
20002e0e:	0020      	movs	r0, r4
20002e10:	0029      	movs	r1, r5
20002e12:	f001 f8fd 	bl	20004010 <__wrap___aeabi_dadd>
20002e16:	f001 f99f 	bl	20004158 <__wrap___aeabi_d2iz>
20002e1a:	4681      	mov	r9, r0
20002e1c:	f001 f984 	bl	20004128 <__wrap___aeabi_i2d>
20002e20:	0004      	movs	r4, r0
20002e22:	000d      	movs	r5, r1
20002e24:	4ab1      	ldr	r2, [pc, #708]	; (200030ec <_etoa+0x3c0>)
20002e26:	4bb2      	ldr	r3, [pc, #712]	; (200030f0 <_etoa+0x3c4>)
20002e28:	f001 f911 	bl	2000404e <__wrap___aeabi_dmul>
20002e2c:	2200      	movs	r2, #0
20002e2e:	4bb1      	ldr	r3, [pc, #708]	; (200030f4 <_etoa+0x3c8>)
20002e30:	f001 f8ee 	bl	20004010 <__wrap___aeabi_dadd>
20002e34:	f001 f990 	bl	20004158 <__wrap___aeabi_d2iz>
20002e38:	0006      	movs	r6, r0
20002e3a:	4aaf      	ldr	r2, [pc, #700]	; (200030f8 <_etoa+0x3cc>)
20002e3c:	4baf      	ldr	r3, [pc, #700]	; (200030fc <_etoa+0x3d0>)
20002e3e:	0020      	movs	r0, r4
20002e40:	0029      	movs	r1, r5
20002e42:	f001 f904 	bl	2000404e <__wrap___aeabi_dmul>
20002e46:	0004      	movs	r4, r0
20002e48:	000d      	movs	r5, r1
20002e4a:	0030      	movs	r0, r6
20002e4c:	f001 f96c 	bl	20004128 <__wrap___aeabi_i2d>
20002e50:	4aab      	ldr	r2, [pc, #684]	; (20003100 <_etoa+0x3d4>)
20002e52:	4bac      	ldr	r3, [pc, #688]	; (20003104 <_etoa+0x3d8>)
20002e54:	f001 f8fb 	bl	2000404e <__wrap___aeabi_dmul>
20002e58:	0002      	movs	r2, r0
20002e5a:	000b      	movs	r3, r1
20002e5c:	0020      	movs	r0, r4
20002e5e:	0029      	movs	r1, r5
20002e60:	f001 f8d1 	bl	20004006 <__wrap___aeabi_dsub>
20002e64:	0004      	movs	r4, r0
20002e66:	000d      	movs	r5, r1
20002e68:	0002      	movs	r2, r0
20002e6a:	000b      	movs	r3, r1
20002e6c:	f001 f8ef 	bl	2000404e <__wrap___aeabi_dmul>
20002e70:	900a      	str	r0, [sp, #40]	; 0x28
20002e72:	910b      	str	r1, [sp, #44]	; 0x2c
20002e74:	4ba4      	ldr	r3, [pc, #656]	; (20003108 <_etoa+0x3dc>)
20002e76:	18f3      	adds	r3, r6, r3
20002e78:	2600      	movs	r6, #0
20002e7a:	051f      	lsls	r7, r3, #20
20002e7c:	0022      	movs	r2, r4
20002e7e:	002b      	movs	r3, r5
20002e80:	0020      	movs	r0, r4
20002e82:	0029      	movs	r1, r5
20002e84:	f001 f8c4 	bl	20004010 <__wrap___aeabi_dadd>
20002e88:	900e      	str	r0, [sp, #56]	; 0x38
20002e8a:	910f      	str	r1, [sp, #60]	; 0x3c
20002e8c:	0022      	movs	r2, r4
20002e8e:	002b      	movs	r3, r5
20002e90:	2000      	movs	r0, #0
20002e92:	2180      	movs	r1, #128	; 0x80
20002e94:	05c9      	lsls	r1, r1, #23
20002e96:	f001 f8b6 	bl	20004006 <__wrap___aeabi_dsub>
20002e9a:	0004      	movs	r4, r0
20002e9c:	000d      	movs	r5, r1
20002e9e:	2200      	movs	r2, #0
20002ea0:	4b9a      	ldr	r3, [pc, #616]	; (2000310c <_etoa+0x3e0>)
20002ea2:	980a      	ldr	r0, [sp, #40]	; 0x28
20002ea4:	990b      	ldr	r1, [sp, #44]	; 0x2c
20002ea6:	f001 f8b8 	bl	2000401a <__wrap___aeabi_ddiv>
20002eaa:	2200      	movs	r2, #0
20002eac:	4b98      	ldr	r3, [pc, #608]	; (20003110 <_etoa+0x3e4>)
20002eae:	f001 f8af 	bl	20004010 <__wrap___aeabi_dadd>
20002eb2:	0002      	movs	r2, r0
20002eb4:	000b      	movs	r3, r1
20002eb6:	980a      	ldr	r0, [sp, #40]	; 0x28
20002eb8:	990b      	ldr	r1, [sp, #44]	; 0x2c
20002eba:	f001 f8ae 	bl	2000401a <__wrap___aeabi_ddiv>
20002ebe:	2200      	movs	r2, #0
20002ec0:	4b94      	ldr	r3, [pc, #592]	; (20003114 <_etoa+0x3e8>)
20002ec2:	f001 f8a5 	bl	20004010 <__wrap___aeabi_dadd>
20002ec6:	0002      	movs	r2, r0
20002ec8:	000b      	movs	r3, r1
20002eca:	980a      	ldr	r0, [sp, #40]	; 0x28
20002ecc:	990b      	ldr	r1, [sp, #44]	; 0x2c
20002ece:	f001 f8a4 	bl	2000401a <__wrap___aeabi_ddiv>
20002ed2:	0002      	movs	r2, r0
20002ed4:	000b      	movs	r3, r1
20002ed6:	0020      	movs	r0, r4
20002ed8:	0029      	movs	r1, r5
20002eda:	f001 f899 	bl	20004010 <__wrap___aeabi_dadd>
20002ede:	0002      	movs	r2, r0
20002ee0:	000b      	movs	r3, r1
20002ee2:	980e      	ldr	r0, [sp, #56]	; 0x38
20002ee4:	990f      	ldr	r1, [sp, #60]	; 0x3c
20002ee6:	f001 f898 	bl	2000401a <__wrap___aeabi_ddiv>
20002eea:	2200      	movs	r2, #0
20002eec:	4b77      	ldr	r3, [pc, #476]	; (200030cc <_etoa+0x3a0>)
20002eee:	f001 f88f 	bl	20004010 <__wrap___aeabi_dadd>
20002ef2:	0032      	movs	r2, r6
20002ef4:	003b      	movs	r3, r7
20002ef6:	f001 f8aa 	bl	2000404e <__wrap___aeabi_dmul>
20002efa:	0006      	movs	r6, r0
20002efc:	000f      	movs	r7, r1
20002efe:	0004      	movs	r4, r0
20002f00:	000d      	movs	r5, r1
20002f02:	9a06      	ldr	r2, [sp, #24]
20002f04:	9b07      	ldr	r3, [sp, #28]
20002f06:	f001 f8f7 	bl	200040f8 <__wrap___aeabi_dcmpgt>
20002f0a:	2800      	cmp	r0, #0
20002f0c:	d030      	beq.n	20002f70 <_etoa+0x244>
20002f0e:	2301      	movs	r3, #1
20002f10:	425b      	negs	r3, r3
20002f12:	469c      	mov	ip, r3
20002f14:	44e1      	add	r9, ip
20002f16:	2200      	movs	r2, #0
20002f18:	4b7d      	ldr	r3, [pc, #500]	; (20003110 <_etoa+0x3e4>)
20002f1a:	0030      	movs	r0, r6
20002f1c:	0039      	movs	r1, r7
20002f1e:	f001 f87c 	bl	2000401a <__wrap___aeabi_ddiv>
20002f22:	0004      	movs	r4, r0
20002f24:	000d      	movs	r5, r1
20002f26:	e023      	b.n	20002f70 <_etoa+0x244>
20002f28:	9b1e      	ldr	r3, [sp, #120]	; 0x78
20002f2a:	9304      	str	r3, [sp, #16]
20002f2c:	9b1d      	ldr	r3, [sp, #116]	; 0x74
20002f2e:	9303      	str	r3, [sp, #12]
20002f30:	9b1c      	ldr	r3, [sp, #112]	; 0x70
20002f32:	9302      	str	r3, [sp, #8]
20002f34:	9a08      	ldr	r2, [sp, #32]
20002f36:	9b09      	ldr	r3, [sp, #36]	; 0x24
20002f38:	9200      	str	r2, [sp, #0]
20002f3a:	9301      	str	r3, [sp, #4]
20002f3c:	4643      	mov	r3, r8
20002f3e:	9a0c      	ldr	r2, [sp, #48]	; 0x30
20002f40:	4651      	mov	r1, sl
20002f42:	4658      	mov	r0, fp
20002f44:	f000 f8fc 	bl	20003140 <_ftoa>
20002f48:	b011      	add	sp, #68	; 0x44
20002f4a:	bcf0      	pop	{r4, r5, r6, r7}
20002f4c:	46bb      	mov	fp, r7
20002f4e:	46b2      	mov	sl, r6
20002f50:	46a9      	mov	r9, r5
20002f52:	46a0      	mov	r8, r4
20002f54:	bdf0      	pop	{r4, r5, r6, r7, pc}
20002f56:	2300      	movs	r3, #0
20002f58:	2400      	movs	r4, #0
20002f5a:	9306      	str	r3, [sp, #24]
20002f5c:	9407      	str	r4, [sp, #28]
20002f5e:	9606      	str	r6, [sp, #24]
20002f60:	2380      	movs	r3, #128	; 0x80
20002f62:	061b      	lsls	r3, r3, #24
20002f64:	469c      	mov	ip, r3
20002f66:	4465      	add	r5, ip
20002f68:	9507      	str	r5, [sp, #28]
20002f6a:	e71a      	b.n	20002da2 <_etoa+0x76>
20002f6c:	2300      	movs	r3, #0
20002f6e:	4699      	mov	r9, r3
20002f70:	464b      	mov	r3, r9
20002f72:	3363      	adds	r3, #99	; 0x63
20002f74:	2bc6      	cmp	r3, #198	; 0xc6
20002f76:	d81e      	bhi.n	20002fb6 <_etoa+0x28a>
20002f78:	2604      	movs	r6, #4
20002f7a:	9b1e      	ldr	r3, [sp, #120]	; 0x78
20002f7c:	051b      	lsls	r3, r3, #20
20002f7e:	d526      	bpl.n	20002fce <_etoa+0x2a2>
20002f80:	002b      	movs	r3, r5
20002f82:	4323      	orrs	r3, r4
20002f84:	d00f      	beq.n	20002fa6 <_etoa+0x27a>
20002f86:	4a64      	ldr	r2, [pc, #400]	; (20003118 <_etoa+0x3ec>)
20002f88:	4b64      	ldr	r3, [pc, #400]	; (2000311c <_etoa+0x3f0>)
20002f8a:	9806      	ldr	r0, [sp, #24]
20002f8c:	9907      	ldr	r1, [sp, #28]
20002f8e:	f001 f8ab 	bl	200040e8 <__wrap___aeabi_dcmpge>
20002f92:	2800      	cmp	r0, #0
20002f94:	d079      	beq.n	2000308a <_etoa+0x35e>
20002f96:	2200      	movs	r2, #0
20002f98:	4b61      	ldr	r3, [pc, #388]	; (20003120 <_etoa+0x3f4>)
20002f9a:	9806      	ldr	r0, [sp, #24]
20002f9c:	9907      	ldr	r1, [sp, #28]
20002f9e:	f001 f895 	bl	200040cc <__wrap___aeabi_dcmplt>
20002fa2:	2800      	cmp	r0, #0
20002fa4:	d071      	beq.n	2000308a <_etoa+0x35e>
20002fa6:	9b1c      	ldr	r3, [sp, #112]	; 0x70
20002fa8:	454b      	cmp	r3, r9
20002faa:	dd06      	ble.n	20002fba <_etoa+0x28e>
20002fac:	464a      	mov	r2, r9
20002fae:	1a98      	subs	r0, r3, r2
20002fb0:	1e43      	subs	r3, r0, #1
20002fb2:	931c      	str	r3, [sp, #112]	; 0x70
20002fb4:	e003      	b.n	20002fbe <_etoa+0x292>
20002fb6:	2605      	movs	r6, #5
20002fb8:	e7df      	b.n	20002f7a <_etoa+0x24e>
20002fba:	2300      	movs	r3, #0
20002fbc:	931c      	str	r3, [sp, #112]	; 0x70
20002fbe:	2380      	movs	r3, #128	; 0x80
20002fc0:	00db      	lsls	r3, r3, #3
20002fc2:	9a1e      	ldr	r2, [sp, #120]	; 0x78
20002fc4:	431a      	orrs	r2, r3
20002fc6:	921e      	str	r2, [sp, #120]	; 0x78
20002fc8:	2600      	movs	r6, #0
20002fca:	2300      	movs	r3, #0
20002fcc:	4699      	mov	r9, r3
20002fce:	9b1d      	ldr	r3, [sp, #116]	; 0x74
20002fd0:	429e      	cmp	r6, r3
20002fd2:	d264      	bcs.n	2000309e <_etoa+0x372>
20002fd4:	1b9f      	subs	r7, r3, r6
20002fd6:	2302      	movs	r3, #2
20002fd8:	9a1e      	ldr	r2, [sp, #120]	; 0x78
20002fda:	401a      	ands	r2, r3
20002fdc:	920a      	str	r2, [sp, #40]	; 0x28
20002fde:	9a1e      	ldr	r2, [sp, #120]	; 0x78
20002fe0:	4213      	tst	r3, r2
20002fe2:	d002      	beq.n	20002fea <_etoa+0x2be>
20002fe4:	2e00      	cmp	r6, #0
20002fe6:	d000      	beq.n	20002fea <_etoa+0x2be>
20002fe8:	2700      	movs	r7, #0
20002fea:	464b      	mov	r3, r9
20002fec:	2b00      	cmp	r3, #0
20002fee:	d007      	beq.n	20003000 <_etoa+0x2d4>
20002ff0:	0022      	movs	r2, r4
20002ff2:	002b      	movs	r3, r5
20002ff4:	9806      	ldr	r0, [sp, #24]
20002ff6:	9907      	ldr	r1, [sp, #28]
20002ff8:	f001 f80f 	bl	2000401a <__wrap___aeabi_ddiv>
20002ffc:	9006      	str	r0, [sp, #24]
20002ffe:	9107      	str	r1, [sp, #28]
20003000:	2200      	movs	r2, #0
20003002:	2300      	movs	r3, #0
20003004:	9808      	ldr	r0, [sp, #32]
20003006:	9909      	ldr	r1, [sp, #36]	; 0x24
20003008:	f001 f860 	bl	200040cc <__wrap___aeabi_dcmplt>
2000300c:	2800      	cmp	r0, #0
2000300e:	d148      	bne.n	200030a2 <_etoa+0x376>
20003010:	4b44      	ldr	r3, [pc, #272]	; (20003124 <_etoa+0x3f8>)
20003012:	9a1e      	ldr	r2, [sp, #120]	; 0x78
20003014:	4013      	ands	r3, r2
20003016:	9304      	str	r3, [sp, #16]
20003018:	9703      	str	r7, [sp, #12]
2000301a:	9b1c      	ldr	r3, [sp, #112]	; 0x70
2000301c:	9302      	str	r3, [sp, #8]
2000301e:	9b06      	ldr	r3, [sp, #24]
20003020:	9c07      	ldr	r4, [sp, #28]
20003022:	9300      	str	r3, [sp, #0]
20003024:	9401      	str	r4, [sp, #4]
20003026:	4643      	mov	r3, r8
20003028:	9a0c      	ldr	r2, [sp, #48]	; 0x30
2000302a:	4651      	mov	r1, sl
2000302c:	4658      	mov	r0, fp
2000302e:	f000 f887 	bl	20003140 <_ftoa>
20003032:	2e00      	cmp	r6, #0
20003034:	d100      	bne.n	20003038 <_etoa+0x30c>
20003036:	e787      	b.n	20002f48 <_etoa+0x21c>
20003038:	9b1e      	ldr	r3, [sp, #120]	; 0x78
2000303a:	069b      	lsls	r3, r3, #26
2000303c:	d53d      	bpl.n	200030ba <_etoa+0x38e>
2000303e:	2545      	movs	r5, #69	; 0x45
20003040:	1c44      	adds	r4, r0, #1
20003042:	4643      	mov	r3, r8
20003044:	0002      	movs	r2, r0
20003046:	4651      	mov	r1, sl
20003048:	0028      	movs	r0, r5
2000304a:	47d8      	blx	fp
2000304c:	464b      	mov	r3, r9
2000304e:	17da      	asrs	r2, r3, #31
20003050:	189b      	adds	r3, r3, r2
20003052:	4053      	eors	r3, r2
20003054:	2205      	movs	r2, #5
20003056:	9205      	str	r2, [sp, #20]
20003058:	3e01      	subs	r6, #1
2000305a:	9604      	str	r6, [sp, #16]
2000305c:	2200      	movs	r2, #0
2000305e:	9203      	str	r2, [sp, #12]
20003060:	320a      	adds	r2, #10
20003062:	9202      	str	r2, [sp, #8]
20003064:	464a      	mov	r2, r9
20003066:	0fd0      	lsrs	r0, r2, #31
20003068:	9001      	str	r0, [sp, #4]
2000306a:	9300      	str	r3, [sp, #0]
2000306c:	4643      	mov	r3, r8
2000306e:	0022      	movs	r2, r4
20003070:	4651      	mov	r1, sl
20003072:	4658      	mov	r0, fp
20003074:	f7ff fd8a 	bl	20002b8c <_ntoa_long>
20003078:	9b0a      	ldr	r3, [sp, #40]	; 0x28
2000307a:	2b00      	cmp	r3, #0
2000307c:	d100      	bne.n	20003080 <_etoa+0x354>
2000307e:	e763      	b.n	20002f48 <_etoa+0x21c>
20003080:	0002      	movs	r2, r0
20003082:	465f      	mov	r7, fp
20003084:	9e0c      	ldr	r6, [sp, #48]	; 0x30
20003086:	9d1d      	ldr	r5, [sp, #116]	; 0x74
20003088:	e054      	b.n	20003134 <_etoa+0x408>
2000308a:	9b1c      	ldr	r3, [sp, #112]	; 0x70
2000308c:	2b00      	cmp	r3, #0
2000308e:	d09e      	beq.n	20002fce <_etoa+0x2a2>
20003090:	9b0d      	ldr	r3, [sp, #52]	; 0x34
20003092:	2b00      	cmp	r3, #0
20003094:	d09b      	beq.n	20002fce <_etoa+0x2a2>
20003096:	9b1c      	ldr	r3, [sp, #112]	; 0x70
20003098:	3b01      	subs	r3, #1
2000309a:	931c      	str	r3, [sp, #112]	; 0x70
2000309c:	e797      	b.n	20002fce <_etoa+0x2a2>
2000309e:	2700      	movs	r7, #0
200030a0:	e799      	b.n	20002fd6 <_etoa+0x2aa>
200030a2:	9c06      	ldr	r4, [sp, #24]
200030a4:	9d07      	ldr	r5, [sp, #28]
200030a6:	0022      	movs	r2, r4
200030a8:	0029      	movs	r1, r5
200030aa:	2080      	movs	r0, #128	; 0x80
200030ac:	0600      	lsls	r0, r0, #24
200030ae:	4684      	mov	ip, r0
200030b0:	4461      	add	r1, ip
200030b2:	000b      	movs	r3, r1
200030b4:	9206      	str	r2, [sp, #24]
200030b6:	9307      	str	r3, [sp, #28]
200030b8:	e7aa      	b.n	20003010 <_etoa+0x2e4>
200030ba:	2565      	movs	r5, #101	; 0x65
200030bc:	e7c0      	b.n	20003040 <_etoa+0x314>
200030be:	46c0      	nop			; (mov r8, r8)
200030c0:	7fefffff 	.word	0x7fefffff
200030c4:	ffefffff 	.word	0xffefffff
200030c8:	fffffc01 	.word	0xfffffc01
200030cc:	3ff00000 	.word	0x3ff00000
200030d0:	509f79fb 	.word	0x509f79fb
200030d4:	3fd34413 	.word	0x3fd34413
200030d8:	8b60c8b3 	.word	0x8b60c8b3
200030dc:	3fc68a28 	.word	0x3fc68a28
200030e0:	3ff80000 	.word	0x3ff80000
200030e4:	636f4361 	.word	0x636f4361
200030e8:	3fd287a7 	.word	0x3fd287a7
200030ec:	0979a371 	.word	0x0979a371
200030f0:	400a934f 	.word	0x400a934f
200030f4:	3fe00000 	.word	0x3fe00000
200030f8:	bbb55516 	.word	0xbbb55516
200030fc:	40026bb1 	.word	0x40026bb1
20003100:	fefa39ef 	.word	0xfefa39ef
20003104:	3fe62e42 	.word	0x3fe62e42
20003108:	000003ff 	.word	0x000003ff
2000310c:	402c0000 	.word	0x402c0000
20003110:	40240000 	.word	0x40240000
20003114:	40180000 	.word	0x40180000
20003118:	eb1c432d 	.word	0xeb1c432d
2000311c:	3f1a36e2 	.word	0x3f1a36e2
20003120:	412e8480 	.word	0x412e8480
20003124:	fffff7ff 	.word	0xfffff7ff
20003128:	1c54      	adds	r4, r2, #1
2000312a:	4643      	mov	r3, r8
2000312c:	4651      	mov	r1, sl
2000312e:	2020      	movs	r0, #32
20003130:	47b8      	blx	r7
20003132:	0022      	movs	r2, r4
20003134:	1b93      	subs	r3, r2, r6
20003136:	42ab      	cmp	r3, r5
20003138:	d3f6      	bcc.n	20003128 <_etoa+0x3fc>
2000313a:	0010      	movs	r0, r2
2000313c:	e704      	b.n	20002f48 <_etoa+0x21c>
2000313e:	46c0      	nop			; (mov r8, r8)

20003140 <_ftoa>:
20003140:	b5f0      	push	{r4, r5, r6, r7, lr}
20003142:	46de      	mov	lr, fp
20003144:	4657      	mov	r7, sl
20003146:	464e      	mov	r6, r9
20003148:	4645      	mov	r5, r8
2000314a:	b5e0      	push	{r5, r6, r7, lr}
2000314c:	b095      	sub	sp, #84	; 0x54
2000314e:	9006      	str	r0, [sp, #24]
20003150:	9107      	str	r1, [sp, #28]
20003152:	4693      	mov	fp, r2
20003154:	4699      	mov	r9, r3
20003156:	9f20      	ldr	r7, [sp, #128]	; 0x80
20003158:	9a1e      	ldr	r2, [sp, #120]	; 0x78
2000315a:	9b1f      	ldr	r3, [sp, #124]	; 0x7c
2000315c:	0010      	movs	r0, r2
2000315e:	0019      	movs	r1, r3
20003160:	f000 ffcf 	bl	20004102 <__wrap___aeabi_dcmpun>
20003164:	2800      	cmp	r0, #0
20003166:	d131      	bne.n	200031cc <_ftoa+0x8c>
20003168:	2201      	movs	r2, #1
2000316a:	4252      	negs	r2, r2
2000316c:	4bbf      	ldr	r3, [pc, #764]	; (2000346c <_ftoa+0x32c>)
2000316e:	981e      	ldr	r0, [sp, #120]	; 0x78
20003170:	991f      	ldr	r1, [sp, #124]	; 0x7c
20003172:	f000 ffab 	bl	200040cc <__wrap___aeabi_dcmplt>
20003176:	2800      	cmp	r0, #0
20003178:	d137      	bne.n	200031ea <_ftoa+0xaa>
2000317a:	2201      	movs	r2, #1
2000317c:	4252      	negs	r2, r2
2000317e:	4bbc      	ldr	r3, [pc, #752]	; (20003470 <_ftoa+0x330>)
20003180:	981e      	ldr	r0, [sp, #120]	; 0x78
20003182:	991f      	ldr	r1, [sp, #124]	; 0x7c
20003184:	f000 ffb8 	bl	200040f8 <__wrap___aeabi_dcmpgt>
20003188:	2800      	cmp	r0, #0
2000318a:	d13d      	bne.n	20003208 <_ftoa+0xc8>
2000318c:	2200      	movs	r2, #0
2000318e:	4bb9      	ldr	r3, [pc, #740]	; (20003474 <_ftoa+0x334>)
20003190:	981e      	ldr	r0, [sp, #120]	; 0x78
20003192:	991f      	ldr	r1, [sp, #124]	; 0x7c
20003194:	f000 ffb0 	bl	200040f8 <__wrap___aeabi_dcmpgt>
20003198:	2800      	cmp	r0, #0
2000319a:	d150      	bne.n	2000323e <_ftoa+0xfe>
2000319c:	2200      	movs	r2, #0
2000319e:	4bb6      	ldr	r3, [pc, #728]	; (20003478 <_ftoa+0x338>)
200031a0:	981e      	ldr	r0, [sp, #120]	; 0x78
200031a2:	991f      	ldr	r1, [sp, #124]	; 0x7c
200031a4:	f000 ff92 	bl	200040cc <__wrap___aeabi_dcmplt>
200031a8:	2800      	cmp	r0, #0
200031aa:	d148      	bne.n	2000323e <_ftoa+0xfe>
200031ac:	2200      	movs	r2, #0
200031ae:	2300      	movs	r3, #0
200031b0:	981e      	ldr	r0, [sp, #120]	; 0x78
200031b2:	991f      	ldr	r1, [sp, #124]	; 0x7c
200031b4:	f000 ff8a 	bl	200040cc <__wrap___aeabi_dcmplt>
200031b8:	2800      	cmp	r0, #0
200031ba:	d150      	bne.n	2000325e <_ftoa+0x11e>
200031bc:	2300      	movs	r3, #0
200031be:	4698      	mov	r8, r3
200031c0:	9b22      	ldr	r3, [sp, #136]	; 0x88
200031c2:	055b      	lsls	r3, r3, #21
200031c4:	d400      	bmi.n	200031c8 <_ftoa+0x88>
200031c6:	e0b6      	b.n	20003336 <_ftoa+0x1f6>
200031c8:	2400      	movs	r4, #0
200031ca:	e058      	b.n	2000327e <_ftoa+0x13e>
200031cc:	9b22      	ldr	r3, [sp, #136]	; 0x88
200031ce:	9303      	str	r3, [sp, #12]
200031d0:	9b21      	ldr	r3, [sp, #132]	; 0x84
200031d2:	9302      	str	r3, [sp, #8]
200031d4:	2303      	movs	r3, #3
200031d6:	9301      	str	r3, [sp, #4]
200031d8:	4ba8      	ldr	r3, [pc, #672]	; (2000347c <_ftoa+0x33c>)
200031da:	9300      	str	r3, [sp, #0]
200031dc:	464b      	mov	r3, r9
200031de:	465a      	mov	r2, fp
200031e0:	9907      	ldr	r1, [sp, #28]
200031e2:	9806      	ldr	r0, [sp, #24]
200031e4:	f7ff fbf2 	bl	200029cc <_out_rev>
200031e8:	e10e      	b.n	20003408 <_ftoa+0x2c8>
200031ea:	9b22      	ldr	r3, [sp, #136]	; 0x88
200031ec:	9303      	str	r3, [sp, #12]
200031ee:	9b21      	ldr	r3, [sp, #132]	; 0x84
200031f0:	9302      	str	r3, [sp, #8]
200031f2:	2304      	movs	r3, #4
200031f4:	9301      	str	r3, [sp, #4]
200031f6:	4ba2      	ldr	r3, [pc, #648]	; (20003480 <_ftoa+0x340>)
200031f8:	9300      	str	r3, [sp, #0]
200031fa:	464b      	mov	r3, r9
200031fc:	465a      	mov	r2, fp
200031fe:	9907      	ldr	r1, [sp, #28]
20003200:	9806      	ldr	r0, [sp, #24]
20003202:	f7ff fbe3 	bl	200029cc <_out_rev>
20003206:	e0ff      	b.n	20003408 <_ftoa+0x2c8>
20003208:	2304      	movs	r3, #4
2000320a:	9a22      	ldr	r2, [sp, #136]	; 0x88
2000320c:	401a      	ands	r2, r3
2000320e:	9922      	ldr	r1, [sp, #136]	; 0x88
20003210:	420b      	tst	r3, r1
20003212:	d010      	beq.n	20003236 <_ftoa+0xf6>
20003214:	4b9b      	ldr	r3, [pc, #620]	; (20003484 <_ftoa+0x344>)
20003216:	2a00      	cmp	r2, #0
20003218:	d00f      	beq.n	2000323a <_ftoa+0xfa>
2000321a:	2204      	movs	r2, #4
2000321c:	9922      	ldr	r1, [sp, #136]	; 0x88
2000321e:	9103      	str	r1, [sp, #12]
20003220:	9921      	ldr	r1, [sp, #132]	; 0x84
20003222:	9102      	str	r1, [sp, #8]
20003224:	9201      	str	r2, [sp, #4]
20003226:	9300      	str	r3, [sp, #0]
20003228:	464b      	mov	r3, r9
2000322a:	465a      	mov	r2, fp
2000322c:	9907      	ldr	r1, [sp, #28]
2000322e:	9806      	ldr	r0, [sp, #24]
20003230:	f7ff fbcc 	bl	200029cc <_out_rev>
20003234:	e0e8      	b.n	20003408 <_ftoa+0x2c8>
20003236:	4b94      	ldr	r3, [pc, #592]	; (20003488 <_ftoa+0x348>)
20003238:	e7ed      	b.n	20003216 <_ftoa+0xd6>
2000323a:	2203      	movs	r2, #3
2000323c:	e7ee      	b.n	2000321c <_ftoa+0xdc>
2000323e:	9b22      	ldr	r3, [sp, #136]	; 0x88
20003240:	9304      	str	r3, [sp, #16]
20003242:	9b21      	ldr	r3, [sp, #132]	; 0x84
20003244:	9303      	str	r3, [sp, #12]
20003246:	9702      	str	r7, [sp, #8]
20003248:	9b1e      	ldr	r3, [sp, #120]	; 0x78
2000324a:	9c1f      	ldr	r4, [sp, #124]	; 0x7c
2000324c:	9300      	str	r3, [sp, #0]
2000324e:	9401      	str	r4, [sp, #4]
20003250:	464b      	mov	r3, r9
20003252:	465a      	mov	r2, fp
20003254:	9907      	ldr	r1, [sp, #28]
20003256:	9806      	ldr	r0, [sp, #24]
20003258:	f7ff fd68 	bl	20002d2c <_etoa>
2000325c:	e0d4      	b.n	20003408 <_ftoa+0x2c8>
2000325e:	9a1e      	ldr	r2, [sp, #120]	; 0x78
20003260:	9b1f      	ldr	r3, [sp, #124]	; 0x7c
20003262:	2000      	movs	r0, #0
20003264:	2100      	movs	r1, #0
20003266:	f000 fece 	bl	20004006 <__wrap___aeabi_dsub>
2000326a:	901e      	str	r0, [sp, #120]	; 0x78
2000326c:	911f      	str	r1, [sp, #124]	; 0x7c
2000326e:	2301      	movs	r3, #1
20003270:	4698      	mov	r8, r3
20003272:	e7a5      	b.n	200031c0 <_ftoa+0x80>
20003274:	ab0c      	add	r3, sp, #48	; 0x30
20003276:	2230      	movs	r2, #48	; 0x30
20003278:	551a      	strb	r2, [r3, r4]
2000327a:	3f01      	subs	r7, #1
2000327c:	3401      	adds	r4, #1
2000327e:	2c1f      	cmp	r4, #31
20003280:	d801      	bhi.n	20003286 <_ftoa+0x146>
20003282:	2f09      	cmp	r7, #9
20003284:	d8f6      	bhi.n	20003274 <_ftoa+0x134>
20003286:	981e      	ldr	r0, [sp, #120]	; 0x78
20003288:	991f      	ldr	r1, [sp, #124]	; 0x7c
2000328a:	f000 ff65 	bl	20004158 <__wrap___aeabi_d2iz>
2000328e:	0005      	movs	r5, r0
20003290:	f000 ff4a 	bl	20004128 <__wrap___aeabi_i2d>
20003294:	0002      	movs	r2, r0
20003296:	000b      	movs	r3, r1
20003298:	981e      	ldr	r0, [sp, #120]	; 0x78
2000329a:	991f      	ldr	r1, [sp, #124]	; 0x7c
2000329c:	f000 feb3 	bl	20004006 <__wrap___aeabi_dsub>
200032a0:	00fa      	lsls	r2, r7, #3
200032a2:	4b7a      	ldr	r3, [pc, #488]	; (2000348c <_ftoa+0x34c>)
200032a4:	189b      	adds	r3, r3, r2
200032a6:	681a      	ldr	r2, [r3, #0]
200032a8:	685b      	ldr	r3, [r3, #4]
200032aa:	920a      	str	r2, [sp, #40]	; 0x28
200032ac:	930b      	str	r3, [sp, #44]	; 0x2c
200032ae:	f000 fece 	bl	2000404e <__wrap___aeabi_dmul>
200032b2:	9008      	str	r0, [sp, #32]
200032b4:	9109      	str	r1, [sp, #36]	; 0x24
200032b6:	f000 ff73 	bl	200041a0 <__wrap___aeabi_d2uiz>
200032ba:	0006      	movs	r6, r0
200032bc:	f000 ff30 	bl	20004120 <__wrap___aeabi_ui2d>
200032c0:	0002      	movs	r2, r0
200032c2:	000b      	movs	r3, r1
200032c4:	9808      	ldr	r0, [sp, #32]
200032c6:	9909      	ldr	r1, [sp, #36]	; 0x24
200032c8:	f000 fe9d 	bl	20004006 <__wrap___aeabi_dsub>
200032cc:	9008      	str	r0, [sp, #32]
200032ce:	9109      	str	r1, [sp, #36]	; 0x24
200032d0:	2200      	movs	r2, #0
200032d2:	4b6f      	ldr	r3, [pc, #444]	; (20003490 <_ftoa+0x350>)
200032d4:	f000 ff10 	bl	200040f8 <__wrap___aeabi_dcmpgt>
200032d8:	2800      	cmp	r0, #0
200032da:	d02e      	beq.n	2000333a <_ftoa+0x1fa>
200032dc:	3601      	adds	r6, #1
200032de:	0030      	movs	r0, r6
200032e0:	f000 ff1e 	bl	20004120 <__wrap___aeabi_ui2d>
200032e4:	0002      	movs	r2, r0
200032e6:	000b      	movs	r3, r1
200032e8:	980a      	ldr	r0, [sp, #40]	; 0x28
200032ea:	990b      	ldr	r1, [sp, #44]	; 0x2c
200032ec:	f000 fef4 	bl	200040d8 <__wrap___aeabi_dcmple>
200032f0:	2800      	cmp	r0, #0
200032f2:	d001      	beq.n	200032f8 <_ftoa+0x1b8>
200032f4:	3501      	adds	r5, #1
200032f6:	2600      	movs	r6, #0
200032f8:	2f00      	cmp	r7, #0
200032fa:	d12c      	bne.n	20003356 <_ftoa+0x216>
200032fc:	0028      	movs	r0, r5
200032fe:	f000 ff13 	bl	20004128 <__wrap___aeabi_i2d>
20003302:	0002      	movs	r2, r0
20003304:	000b      	movs	r3, r1
20003306:	981e      	ldr	r0, [sp, #120]	; 0x78
20003308:	991f      	ldr	r1, [sp, #124]	; 0x7c
2000330a:	f000 fe7c 	bl	20004006 <__wrap___aeabi_dsub>
2000330e:	0006      	movs	r6, r0
20003310:	000f      	movs	r7, r1
20003312:	2200      	movs	r2, #0
20003314:	4b5e      	ldr	r3, [pc, #376]	; (20003490 <_ftoa+0x350>)
20003316:	f000 fed9 	bl	200040cc <__wrap___aeabi_dcmplt>
2000331a:	2800      	cmp	r0, #0
2000331c:	d146      	bne.n	200033ac <_ftoa+0x26c>
2000331e:	2200      	movs	r2, #0
20003320:	4b5b      	ldr	r3, [pc, #364]	; (20003490 <_ftoa+0x350>)
20003322:	0030      	movs	r0, r6
20003324:	0039      	movs	r1, r7
20003326:	f000 fee7 	bl	200040f8 <__wrap___aeabi_dcmpgt>
2000332a:	2800      	cmp	r0, #0
2000332c:	d13e      	bne.n	200033ac <_ftoa+0x26c>
2000332e:	07eb      	lsls	r3, r5, #31
20003330:	d53c      	bpl.n	200033ac <_ftoa+0x26c>
20003332:	3501      	adds	r5, #1
20003334:	e03a      	b.n	200033ac <_ftoa+0x26c>
20003336:	2706      	movs	r7, #6
20003338:	e746      	b.n	200031c8 <_ftoa+0x88>
2000333a:	2200      	movs	r2, #0
2000333c:	4b54      	ldr	r3, [pc, #336]	; (20003490 <_ftoa+0x350>)
2000333e:	9808      	ldr	r0, [sp, #32]
20003340:	9909      	ldr	r1, [sp, #36]	; 0x24
20003342:	f000 fec3 	bl	200040cc <__wrap___aeabi_dcmplt>
20003346:	2800      	cmp	r0, #0
20003348:	d1d6      	bne.n	200032f8 <_ftoa+0x1b8>
2000334a:	2e00      	cmp	r6, #0
2000334c:	d001      	beq.n	20003352 <_ftoa+0x212>
2000334e:	07f3      	lsls	r3, r6, #31
20003350:	d5d2      	bpl.n	200032f8 <_ftoa+0x1b8>
20003352:	3601      	adds	r6, #1
20003354:	e7d0      	b.n	200032f8 <_ftoa+0x1b8>
20003356:	46aa      	mov	sl, r5
20003358:	2c1f      	cmp	r4, #31
2000335a:	d811      	bhi.n	20003380 <_ftoa+0x240>
2000335c:	3f01      	subs	r7, #1
2000335e:	210a      	movs	r1, #10
20003360:	0030      	movs	r0, r6
20003362:	f000 fc15 	bl	20003b90 <__wrap___aeabi_uidiv>
20003366:	1c65      	adds	r5, r4, #1
20003368:	3130      	adds	r1, #48	; 0x30
2000336a:	ab0c      	add	r3, sp, #48	; 0x30
2000336c:	5519      	strb	r1, [r3, r4]
2000336e:	210a      	movs	r1, #10
20003370:	0030      	movs	r0, r6
20003372:	f000 fc0d 	bl	20003b90 <__wrap___aeabi_uidiv>
20003376:	2e09      	cmp	r6, #9
20003378:	d90e      	bls.n	20003398 <_ftoa+0x258>
2000337a:	0006      	movs	r6, r0
2000337c:	002c      	movs	r4, r5
2000337e:	e7eb      	b.n	20003358 <_ftoa+0x218>
20003380:	4655      	mov	r5, sl
20003382:	2c1f      	cmp	r4, #31
20003384:	d80c      	bhi.n	200033a0 <_ftoa+0x260>
20003386:	1e7b      	subs	r3, r7, #1
20003388:	2f00      	cmp	r7, #0
2000338a:	d009      	beq.n	200033a0 <_ftoa+0x260>
2000338c:	aa0c      	add	r2, sp, #48	; 0x30
2000338e:	2130      	movs	r1, #48	; 0x30
20003390:	5511      	strb	r1, [r2, r4]
20003392:	001f      	movs	r7, r3
20003394:	3401      	adds	r4, #1
20003396:	e7f4      	b.n	20003382 <_ftoa+0x242>
20003398:	002b      	movs	r3, r5
2000339a:	4655      	mov	r5, sl
2000339c:	001c      	movs	r4, r3
2000339e:	e7f0      	b.n	20003382 <_ftoa+0x242>
200033a0:	2c1f      	cmp	r4, #31
200033a2:	d803      	bhi.n	200033ac <_ftoa+0x26c>
200033a4:	ab0c      	add	r3, sp, #48	; 0x30
200033a6:	222e      	movs	r2, #46	; 0x2e
200033a8:	551a      	strb	r2, [r3, r4]
200033aa:	3401      	adds	r4, #1
200033ac:	2c1f      	cmp	r4, #31
200033ae:	d810      	bhi.n	200033d2 <_ftoa+0x292>
200033b0:	210a      	movs	r1, #10
200033b2:	0028      	movs	r0, r5
200033b4:	f000 fbc4 	bl	20003b40 <__wrap___aeabi_idiv>
200033b8:	1c66      	adds	r6, r4, #1
200033ba:	3130      	adds	r1, #48	; 0x30
200033bc:	ab0c      	add	r3, sp, #48	; 0x30
200033be:	5519      	strb	r1, [r3, r4]
200033c0:	210a      	movs	r1, #10
200033c2:	0028      	movs	r0, r5
200033c4:	f000 fbbc 	bl	20003b40 <__wrap___aeabi_idiv>
200033c8:	1e05      	subs	r5, r0, #0
200033ca:	d001      	beq.n	200033d0 <_ftoa+0x290>
200033cc:	0034      	movs	r4, r6
200033ce:	e7ed      	b.n	200033ac <_ftoa+0x26c>
200033d0:	0034      	movs	r4, r6
200033d2:	2303      	movs	r3, #3
200033d4:	9a22      	ldr	r2, [sp, #136]	; 0x88
200033d6:	4013      	ands	r3, r2
200033d8:	2b01      	cmp	r3, #1
200033da:	d01c      	beq.n	20003416 <_ftoa+0x2d6>
200033dc:	2c1f      	cmp	r4, #31
200033de:	d806      	bhi.n	200033ee <_ftoa+0x2ae>
200033e0:	4643      	mov	r3, r8
200033e2:	2b00      	cmp	r3, #0
200033e4:	d032      	beq.n	2000344c <_ftoa+0x30c>
200033e6:	ab0c      	add	r3, sp, #48	; 0x30
200033e8:	222d      	movs	r2, #45	; 0x2d
200033ea:	551a      	strb	r2, [r3, r4]
200033ec:	3401      	adds	r4, #1
200033ee:	9b22      	ldr	r3, [sp, #136]	; 0x88
200033f0:	9303      	str	r3, [sp, #12]
200033f2:	9b21      	ldr	r3, [sp, #132]	; 0x84
200033f4:	9302      	str	r3, [sp, #8]
200033f6:	9401      	str	r4, [sp, #4]
200033f8:	ab0c      	add	r3, sp, #48	; 0x30
200033fa:	9300      	str	r3, [sp, #0]
200033fc:	464b      	mov	r3, r9
200033fe:	465a      	mov	r2, fp
20003400:	9907      	ldr	r1, [sp, #28]
20003402:	9806      	ldr	r0, [sp, #24]
20003404:	f7ff fae2 	bl	200029cc <_out_rev>
20003408:	b015      	add	sp, #84	; 0x54
2000340a:	bcf0      	pop	{r4, r5, r6, r7}
2000340c:	46bb      	mov	fp, r7
2000340e:	46b2      	mov	sl, r6
20003410:	46a9      	mov	r9, r5
20003412:	46a0      	mov	r8, r4
20003414:	bdf0      	pop	{r4, r5, r6, r7, pc}
20003416:	9b21      	ldr	r3, [sp, #132]	; 0x84
20003418:	2b00      	cmp	r3, #0
2000341a:	d013      	beq.n	20003444 <_ftoa+0x304>
2000341c:	4643      	mov	r3, r8
2000341e:	2b00      	cmp	r3, #0
20003420:	d102      	bne.n	20003428 <_ftoa+0x2e8>
20003422:	330c      	adds	r3, #12
20003424:	4213      	tst	r3, r2
20003426:	d00f      	beq.n	20003448 <_ftoa+0x308>
20003428:	9b21      	ldr	r3, [sp, #132]	; 0x84
2000342a:	3b01      	subs	r3, #1
2000342c:	9321      	str	r3, [sp, #132]	; 0x84
2000342e:	0019      	movs	r1, r3
20003430:	e003      	b.n	2000343a <_ftoa+0x2fa>
20003432:	ab0c      	add	r3, sp, #48	; 0x30
20003434:	2230      	movs	r2, #48	; 0x30
20003436:	551a      	strb	r2, [r3, r4]
20003438:	3401      	adds	r4, #1
2000343a:	428c      	cmp	r4, r1
2000343c:	d2ce      	bcs.n	200033dc <_ftoa+0x29c>
2000343e:	2c1f      	cmp	r4, #31
20003440:	d9f7      	bls.n	20003432 <_ftoa+0x2f2>
20003442:	e7cb      	b.n	200033dc <_ftoa+0x29c>
20003444:	9921      	ldr	r1, [sp, #132]	; 0x84
20003446:	e7f8      	b.n	2000343a <_ftoa+0x2fa>
20003448:	9921      	ldr	r1, [sp, #132]	; 0x84
2000344a:	e7f6      	b.n	2000343a <_ftoa+0x2fa>
2000344c:	9b22      	ldr	r3, [sp, #136]	; 0x88
2000344e:	075b      	lsls	r3, r3, #29
20003450:	d504      	bpl.n	2000345c <_ftoa+0x31c>
20003452:	ab0c      	add	r3, sp, #48	; 0x30
20003454:	222b      	movs	r2, #43	; 0x2b
20003456:	551a      	strb	r2, [r3, r4]
20003458:	3401      	adds	r4, #1
2000345a:	e7c8      	b.n	200033ee <_ftoa+0x2ae>
2000345c:	9b22      	ldr	r3, [sp, #136]	; 0x88
2000345e:	071b      	lsls	r3, r3, #28
20003460:	d5c5      	bpl.n	200033ee <_ftoa+0x2ae>
20003462:	ab0c      	add	r3, sp, #48	; 0x30
20003464:	2220      	movs	r2, #32
20003466:	551a      	strb	r2, [r3, r4]
20003468:	3401      	adds	r4, #1
2000346a:	e7c0      	b.n	200033ee <_ftoa+0x2ae>
2000346c:	ffefffff 	.word	0xffefffff
20003470:	7fefffff 	.word	0x7fefffff
20003474:	41cdcd65 	.word	0x41cdcd65
20003478:	c1cdcd65 	.word	0xc1cdcd65
2000347c:	20005804 	.word	0x20005804
20003480:	20005808 	.word	0x20005808
20003484:	200057fc 	.word	0x200057fc
20003488:	200057f8 	.word	0x200057f8
2000348c:	200059f0 	.word	0x200059f0
20003490:	3fe00000 	.word	0x3fe00000

20003494 <_vsnprintf>:
20003494:	b5f0      	push	{r4, r5, r6, r7, lr}
20003496:	46de      	mov	lr, fp
20003498:	4657      	mov	r7, sl
2000349a:	464e      	mov	r6, r9
2000349c:	4645      	mov	r5, r8
2000349e:	b5e0      	push	{r5, r6, r7, lr}
200034a0:	b093      	sub	sp, #76	; 0x4c
200034a2:	4682      	mov	sl, r0
200034a4:	468b      	mov	fp, r1
200034a6:	4690      	mov	r8, r2
200034a8:	9311      	str	r3, [sp, #68]	; 0x44
200034aa:	2900      	cmp	r1, #0
200034ac:	d100      	bne.n	200034b0 <_vsnprintf+0x1c>
200034ae:	e2eb      	b.n	20003a88 <_vsnprintf+0x5f4>
200034b0:	2700      	movs	r7, #0
200034b2:	4655      	mov	r5, sl
200034b4:	9b11      	ldr	r3, [sp, #68]	; 0x44
200034b6:	7818      	ldrb	r0, [r3, #0]
200034b8:	2800      	cmp	r0, #0
200034ba:	d100      	bne.n	200034be <_vsnprintf+0x2a>
200034bc:	e2e7      	b.n	20003a8e <_vsnprintf+0x5fa>
200034be:	2825      	cmp	r0, #37	; 0x25
200034c0:	d009      	beq.n	200034d6 <_vsnprintf+0x42>
200034c2:	1c7c      	adds	r4, r7, #1
200034c4:	4643      	mov	r3, r8
200034c6:	003a      	movs	r2, r7
200034c8:	4659      	mov	r1, fp
200034ca:	47a8      	blx	r5
200034cc:	9b11      	ldr	r3, [sp, #68]	; 0x44
200034ce:	3301      	adds	r3, #1
200034d0:	9311      	str	r3, [sp, #68]	; 0x44
200034d2:	0027      	movs	r7, r4
200034d4:	e7ee      	b.n	200034b4 <_vsnprintf+0x20>
200034d6:	3301      	adds	r3, #1
200034d8:	9311      	str	r3, [sp, #68]	; 0x44
200034da:	2400      	movs	r4, #0
200034dc:	9a11      	ldr	r2, [sp, #68]	; 0x44
200034de:	7811      	ldrb	r1, [r2, #0]
200034e0:	000b      	movs	r3, r1
200034e2:	3b20      	subs	r3, #32
200034e4:	b2d8      	uxtb	r0, r3
200034e6:	2810      	cmp	r0, #16
200034e8:	d803      	bhi.n	200034f2 <_vsnprintf+0x5e>
200034ea:	0083      	lsls	r3, r0, #2
200034ec:	48d0      	ldr	r0, [pc, #832]	; (20003830 <_vsnprintf+0x39c>)
200034ee:	58c3      	ldr	r3, [r0, r3]
200034f0:	469f      	mov	pc, r3
200034f2:	000b      	movs	r3, r1
200034f4:	3b30      	subs	r3, #48	; 0x30
200034f6:	b2db      	uxtb	r3, r3
200034f8:	2b09      	cmp	r3, #9
200034fa:	d92c      	bls.n	20003556 <_vsnprintf+0xc2>
200034fc:	292a      	cmp	r1, #42	; 0x2a
200034fe:	d02f      	beq.n	20003560 <_vsnprintf+0xcc>
20003500:	2300      	movs	r3, #0
20003502:	930a      	str	r3, [sp, #40]	; 0x28
20003504:	9b11      	ldr	r3, [sp, #68]	; 0x44
20003506:	781a      	ldrb	r2, [r3, #0]
20003508:	2a2e      	cmp	r2, #46	; 0x2e
2000350a:	d039      	beq.n	20003580 <_vsnprintf+0xec>
2000350c:	2300      	movs	r3, #0
2000350e:	469a      	mov	sl, r3
20003510:	9a11      	ldr	r2, [sp, #68]	; 0x44
20003512:	7813      	ldrb	r3, [r2, #0]
20003514:	3b68      	subs	r3, #104	; 0x68
20003516:	b2d9      	uxtb	r1, r3
20003518:	2912      	cmp	r1, #18
2000351a:	d876      	bhi.n	2000360a <_vsnprintf+0x176>
2000351c:	008b      	lsls	r3, r1, #2
2000351e:	49c5      	ldr	r1, [pc, #788]	; (20003834 <_vsnprintf+0x3a0>)
20003520:	58cb      	ldr	r3, [r1, r3]
20003522:	469f      	mov	pc, r3
20003524:	2301      	movs	r3, #1
20003526:	431c      	orrs	r4, r3
20003528:	3201      	adds	r2, #1
2000352a:	9211      	str	r2, [sp, #68]	; 0x44
2000352c:	e7d6      	b.n	200034dc <_vsnprintf+0x48>
2000352e:	2302      	movs	r3, #2
20003530:	431c      	orrs	r4, r3
20003532:	3201      	adds	r2, #1
20003534:	9211      	str	r2, [sp, #68]	; 0x44
20003536:	e7d1      	b.n	200034dc <_vsnprintf+0x48>
20003538:	2304      	movs	r3, #4
2000353a:	431c      	orrs	r4, r3
2000353c:	3201      	adds	r2, #1
2000353e:	9211      	str	r2, [sp, #68]	; 0x44
20003540:	e7cc      	b.n	200034dc <_vsnprintf+0x48>
20003542:	2308      	movs	r3, #8
20003544:	431c      	orrs	r4, r3
20003546:	3201      	adds	r2, #1
20003548:	9211      	str	r2, [sp, #68]	; 0x44
2000354a:	e7c7      	b.n	200034dc <_vsnprintf+0x48>
2000354c:	2310      	movs	r3, #16
2000354e:	431c      	orrs	r4, r3
20003550:	3201      	adds	r2, #1
20003552:	9211      	str	r2, [sp, #68]	; 0x44
20003554:	e7c2      	b.n	200034dc <_vsnprintf+0x48>
20003556:	a811      	add	r0, sp, #68	; 0x44
20003558:	f7ff fa26 	bl	200029a8 <_atoi>
2000355c:	900a      	str	r0, [sp, #40]	; 0x28
2000355e:	e7d1      	b.n	20003504 <_vsnprintf+0x70>
20003560:	9b1c      	ldr	r3, [sp, #112]	; 0x70
20003562:	1d1a      	adds	r2, r3, #4
20003564:	921c      	str	r2, [sp, #112]	; 0x70
20003566:	6818      	ldr	r0, [r3, #0]
20003568:	2800      	cmp	r0, #0
2000356a:	db04      	blt.n	20003576 <_vsnprintf+0xe2>
2000356c:	900a      	str	r0, [sp, #40]	; 0x28
2000356e:	9b11      	ldr	r3, [sp, #68]	; 0x44
20003570:	3301      	adds	r3, #1
20003572:	9311      	str	r3, [sp, #68]	; 0x44
20003574:	e7c6      	b.n	20003504 <_vsnprintf+0x70>
20003576:	2302      	movs	r3, #2
20003578:	431c      	orrs	r4, r3
2000357a:	4243      	negs	r3, r0
2000357c:	930a      	str	r3, [sp, #40]	; 0x28
2000357e:	e7f6      	b.n	2000356e <_vsnprintf+0xda>
20003580:	2280      	movs	r2, #128	; 0x80
20003582:	00d2      	lsls	r2, r2, #3
20003584:	4314      	orrs	r4, r2
20003586:	1c5a      	adds	r2, r3, #1
20003588:	9211      	str	r2, [sp, #68]	; 0x44
2000358a:	785a      	ldrb	r2, [r3, #1]
2000358c:	0013      	movs	r3, r2
2000358e:	3b30      	subs	r3, #48	; 0x30
20003590:	b2db      	uxtb	r3, r3
20003592:	2b09      	cmp	r3, #9
20003594:	d904      	bls.n	200035a0 <_vsnprintf+0x10c>
20003596:	2a2a      	cmp	r2, #42	; 0x2a
20003598:	d007      	beq.n	200035aa <_vsnprintf+0x116>
2000359a:	2300      	movs	r3, #0
2000359c:	469a      	mov	sl, r3
2000359e:	e7b7      	b.n	20003510 <_vsnprintf+0x7c>
200035a0:	a811      	add	r0, sp, #68	; 0x44
200035a2:	f7ff fa01 	bl	200029a8 <_atoi>
200035a6:	4682      	mov	sl, r0
200035a8:	e7b2      	b.n	20003510 <_vsnprintf+0x7c>
200035aa:	9b1c      	ldr	r3, [sp, #112]	; 0x70
200035ac:	1d1a      	adds	r2, r3, #4
200035ae:	921c      	str	r2, [sp, #112]	; 0x70
200035b0:	6818      	ldr	r0, [r3, #0]
200035b2:	2800      	cmp	r0, #0
200035b4:	db04      	blt.n	200035c0 <_vsnprintf+0x12c>
200035b6:	4682      	mov	sl, r0
200035b8:	9b11      	ldr	r3, [sp, #68]	; 0x44
200035ba:	3301      	adds	r3, #1
200035bc:	9311      	str	r3, [sp, #68]	; 0x44
200035be:	e7a7      	b.n	20003510 <_vsnprintf+0x7c>
200035c0:	2000      	movs	r0, #0
200035c2:	e7f8      	b.n	200035b6 <_vsnprintf+0x122>
200035c4:	2380      	movs	r3, #128	; 0x80
200035c6:	005b      	lsls	r3, r3, #1
200035c8:	4323      	orrs	r3, r4
200035ca:	1c51      	adds	r1, r2, #1
200035cc:	9111      	str	r1, [sp, #68]	; 0x44
200035ce:	7852      	ldrb	r2, [r2, #1]
200035d0:	2a6c      	cmp	r2, #108	; 0x6c
200035d2:	d001      	beq.n	200035d8 <_vsnprintf+0x144>
200035d4:	001c      	movs	r4, r3
200035d6:	e018      	b.n	2000360a <_vsnprintf+0x176>
200035d8:	23c0      	movs	r3, #192	; 0xc0
200035da:	009b      	lsls	r3, r3, #2
200035dc:	431c      	orrs	r4, r3
200035de:	3101      	adds	r1, #1
200035e0:	9111      	str	r1, [sp, #68]	; 0x44
200035e2:	e012      	b.n	2000360a <_vsnprintf+0x176>
200035e4:	2380      	movs	r3, #128	; 0x80
200035e6:	4323      	orrs	r3, r4
200035e8:	1c51      	adds	r1, r2, #1
200035ea:	9111      	str	r1, [sp, #68]	; 0x44
200035ec:	7852      	ldrb	r2, [r2, #1]
200035ee:	2a68      	cmp	r2, #104	; 0x68
200035f0:	d001      	beq.n	200035f6 <_vsnprintf+0x162>
200035f2:	001c      	movs	r4, r3
200035f4:	e009      	b.n	2000360a <_vsnprintf+0x176>
200035f6:	23c0      	movs	r3, #192	; 0xc0
200035f8:	431c      	orrs	r4, r3
200035fa:	3101      	adds	r1, #1
200035fc:	9111      	str	r1, [sp, #68]	; 0x44
200035fe:	e004      	b.n	2000360a <_vsnprintf+0x176>
20003600:	2380      	movs	r3, #128	; 0x80
20003602:	005b      	lsls	r3, r3, #1
20003604:	431c      	orrs	r4, r3
20003606:	3201      	adds	r2, #1
20003608:	9211      	str	r2, [sp, #68]	; 0x44
2000360a:	9b11      	ldr	r3, [sp, #68]	; 0x44
2000360c:	7818      	ldrb	r0, [r3, #0]
2000360e:	0003      	movs	r3, r0
20003610:	3b25      	subs	r3, #37	; 0x25
20003612:	b2da      	uxtb	r2, r3
20003614:	2a53      	cmp	r2, #83	; 0x53
20003616:	d900      	bls.n	2000361a <_vsnprintf+0x186>
20003618:	e22c      	b.n	20003a74 <_vsnprintf+0x5e0>
2000361a:	0093      	lsls	r3, r2, #2
2000361c:	4a86      	ldr	r2, [pc, #536]	; (20003838 <_vsnprintf+0x3a4>)
2000361e:	58d3      	ldr	r3, [r2, r3]
20003620:	469f      	mov	pc, r3
20003622:	2380      	movs	r3, #128	; 0x80
20003624:	009b      	lsls	r3, r3, #2
20003626:	431c      	orrs	r4, r3
20003628:	3201      	adds	r2, #1
2000362a:	9211      	str	r2, [sp, #68]	; 0x44
2000362c:	e7ed      	b.n	2000360a <_vsnprintf+0x176>
2000362e:	2380      	movs	r3, #128	; 0x80
20003630:	005b      	lsls	r3, r3, #1
20003632:	431c      	orrs	r4, r3
20003634:	3201      	adds	r2, #1
20003636:	9211      	str	r2, [sp, #68]	; 0x44
20003638:	e7e7      	b.n	2000360a <_vsnprintf+0x176>
2000363a:	2878      	cmp	r0, #120	; 0x78
2000363c:	d009      	beq.n	20003652 <_vsnprintf+0x1be>
2000363e:	2858      	cmp	r0, #88	; 0x58
20003640:	d038      	beq.n	200036b4 <_vsnprintf+0x220>
20003642:	286f      	cmp	r0, #111	; 0x6f
20003644:	d038      	beq.n	200036b8 <_vsnprintf+0x224>
20003646:	2862      	cmp	r0, #98	; 0x62
20003648:	d038      	beq.n	200036bc <_vsnprintf+0x228>
2000364a:	2310      	movs	r3, #16
2000364c:	439c      	bics	r4, r3
2000364e:	260a      	movs	r6, #10
20003650:	e000      	b.n	20003654 <_vsnprintf+0x1c0>
20003652:	2610      	movs	r6, #16
20003654:	2858      	cmp	r0, #88	; 0x58
20003656:	d033      	beq.n	200036c0 <_vsnprintf+0x22c>
20003658:	2869      	cmp	r0, #105	; 0x69
2000365a:	d003      	beq.n	20003664 <_vsnprintf+0x1d0>
2000365c:	2864      	cmp	r0, #100	; 0x64
2000365e:	d001      	beq.n	20003664 <_vsnprintf+0x1d0>
20003660:	220c      	movs	r2, #12
20003662:	4394      	bics	r4, r2
20003664:	0563      	lsls	r3, r4, #21
20003666:	d501      	bpl.n	2000366c <_vsnprintf+0x1d8>
20003668:	2201      	movs	r2, #1
2000366a:	4394      	bics	r4, r2
2000366c:	2869      	cmp	r0, #105	; 0x69
2000366e:	d02a      	beq.n	200036c6 <_vsnprintf+0x232>
20003670:	2864      	cmp	r0, #100	; 0x64
20003672:	d028      	beq.n	200036c6 <_vsnprintf+0x232>
20003674:	05a3      	lsls	r3, r4, #22
20003676:	d500      	bpl.n	2000367a <_vsnprintf+0x1e6>
20003678:	e09f      	b.n	200037ba <_vsnprintf+0x326>
2000367a:	05e3      	lsls	r3, r4, #23
2000367c:	d500      	bpl.n	20003680 <_vsnprintf+0x1ec>
2000367e:	e0b8      	b.n	200037f2 <_vsnprintf+0x35e>
20003680:	0663      	lsls	r3, r4, #25
20003682:	d400      	bmi.n	20003686 <_vsnprintf+0x1f2>
20003684:	e0ca      	b.n	2000381c <_vsnprintf+0x388>
20003686:	9a1c      	ldr	r2, [sp, #112]	; 0x70
20003688:	1d11      	adds	r1, r2, #4
2000368a:	911c      	str	r1, [sp, #112]	; 0x70
2000368c:	6811      	ldr	r1, [r2, #0]
2000368e:	22ff      	movs	r2, #255	; 0xff
20003690:	400a      	ands	r2, r1
20003692:	9405      	str	r4, [sp, #20]
20003694:	9b0a      	ldr	r3, [sp, #40]	; 0x28
20003696:	9304      	str	r3, [sp, #16]
20003698:	4653      	mov	r3, sl
2000369a:	9303      	str	r3, [sp, #12]
2000369c:	9602      	str	r6, [sp, #8]
2000369e:	2300      	movs	r3, #0
200036a0:	9301      	str	r3, [sp, #4]
200036a2:	9200      	str	r2, [sp, #0]
200036a4:	4643      	mov	r3, r8
200036a6:	003a      	movs	r2, r7
200036a8:	4659      	mov	r1, fp
200036aa:	0028      	movs	r0, r5
200036ac:	f7ff fa6e 	bl	20002b8c <_ntoa_long>
200036b0:	0007      	movs	r7, r0
200036b2:	e027      	b.n	20003704 <_vsnprintf+0x270>
200036b4:	2610      	movs	r6, #16
200036b6:	e7cd      	b.n	20003654 <_vsnprintf+0x1c0>
200036b8:	2608      	movs	r6, #8
200036ba:	e7cb      	b.n	20003654 <_vsnprintf+0x1c0>
200036bc:	2602      	movs	r6, #2
200036be:	e7c9      	b.n	20003654 <_vsnprintf+0x1c0>
200036c0:	2220      	movs	r2, #32
200036c2:	4314      	orrs	r4, r2
200036c4:	e7c8      	b.n	20003658 <_vsnprintf+0x1c4>
200036c6:	05a3      	lsls	r3, r4, #22
200036c8:	d420      	bmi.n	2000370c <_vsnprintf+0x278>
200036ca:	05e3      	lsls	r3, r4, #23
200036cc:	d450      	bmi.n	20003770 <_vsnprintf+0x2dc>
200036ce:	0663      	lsls	r3, r4, #25
200036d0:	d566      	bpl.n	200037a0 <_vsnprintf+0x30c>
200036d2:	9a1c      	ldr	r2, [sp, #112]	; 0x70
200036d4:	1d11      	adds	r1, r2, #4
200036d6:	911c      	str	r1, [sp, #112]	; 0x70
200036d8:	6811      	ldr	r1, [r2, #0]
200036da:	22ff      	movs	r2, #255	; 0xff
200036dc:	400a      	ands	r2, r1
200036de:	17d3      	asrs	r3, r2, #31
200036e0:	18d1      	adds	r1, r2, r3
200036e2:	4059      	eors	r1, r3
200036e4:	9405      	str	r4, [sp, #20]
200036e6:	9b0a      	ldr	r3, [sp, #40]	; 0x28
200036e8:	9304      	str	r3, [sp, #16]
200036ea:	4653      	mov	r3, sl
200036ec:	9303      	str	r3, [sp, #12]
200036ee:	9602      	str	r6, [sp, #8]
200036f0:	0fd2      	lsrs	r2, r2, #31
200036f2:	9201      	str	r2, [sp, #4]
200036f4:	9100      	str	r1, [sp, #0]
200036f6:	4643      	mov	r3, r8
200036f8:	003a      	movs	r2, r7
200036fa:	4659      	mov	r1, fp
200036fc:	0028      	movs	r0, r5
200036fe:	f7ff fa45 	bl	20002b8c <_ntoa_long>
20003702:	0007      	movs	r7, r0
20003704:	9b11      	ldr	r3, [sp, #68]	; 0x44
20003706:	3301      	adds	r3, #1
20003708:	9311      	str	r3, [sp, #68]	; 0x44
2000370a:	e6d3      	b.n	200034b4 <_vsnprintf+0x20>
2000370c:	9b1c      	ldr	r3, [sp, #112]	; 0x70
2000370e:	1dda      	adds	r2, r3, #7
20003710:	2107      	movs	r1, #7
20003712:	438a      	bics	r2, r1
20003714:	0011      	movs	r1, r2
20003716:	3108      	adds	r1, #8
20003718:	911c      	str	r1, [sp, #112]	; 0x70
2000371a:	6811      	ldr	r1, [r2, #0]
2000371c:	6853      	ldr	r3, [r2, #4]
2000371e:	469c      	mov	ip, r3
20003720:	17db      	asrs	r3, r3, #31
20003722:	930c      	str	r3, [sp, #48]	; 0x30
20003724:	930d      	str	r3, [sp, #52]	; 0x34
20003726:	9a0c      	ldr	r2, [sp, #48]	; 0x30
20003728:	9b0d      	ldr	r3, [sp, #52]	; 0x34
2000372a:	0010      	movs	r0, r2
2000372c:	4048      	eors	r0, r1
2000372e:	900e      	str	r0, [sp, #56]	; 0x38
20003730:	4662      	mov	r2, ip
20003732:	4053      	eors	r3, r2
20003734:	930f      	str	r3, [sp, #60]	; 0x3c
20003736:	980e      	ldr	r0, [sp, #56]	; 0x38
20003738:	990f      	ldr	r1, [sp, #60]	; 0x3c
2000373a:	9a0c      	ldr	r2, [sp, #48]	; 0x30
2000373c:	9b0d      	ldr	r3, [sp, #52]	; 0x34
2000373e:	1a80      	subs	r0, r0, r2
20003740:	4199      	sbcs	r1, r3
20003742:	900e      	str	r0, [sp, #56]	; 0x38
20003744:	910f      	str	r1, [sp, #60]	; 0x3c
20003746:	9408      	str	r4, [sp, #32]
20003748:	9b0a      	ldr	r3, [sp, #40]	; 0x28
2000374a:	9307      	str	r3, [sp, #28]
2000374c:	4653      	mov	r3, sl
2000374e:	9306      	str	r3, [sp, #24]
20003750:	9604      	str	r6, [sp, #16]
20003752:	2300      	movs	r3, #0
20003754:	9305      	str	r3, [sp, #20]
20003756:	4663      	mov	r3, ip
20003758:	0fda      	lsrs	r2, r3, #31
2000375a:	9202      	str	r2, [sp, #8]
2000375c:	9000      	str	r0, [sp, #0]
2000375e:	9101      	str	r1, [sp, #4]
20003760:	4643      	mov	r3, r8
20003762:	003a      	movs	r2, r7
20003764:	4659      	mov	r1, fp
20003766:	0028      	movs	r0, r5
20003768:	f7ff fa6e 	bl	20002c48 <_ntoa_long_long>
2000376c:	0007      	movs	r7, r0
2000376e:	e7c9      	b.n	20003704 <_vsnprintf+0x270>
20003770:	9a1c      	ldr	r2, [sp, #112]	; 0x70
20003772:	1d11      	adds	r1, r2, #4
20003774:	911c      	str	r1, [sp, #112]	; 0x70
20003776:	6812      	ldr	r2, [r2, #0]
20003778:	17d3      	asrs	r3, r2, #31
2000377a:	18d1      	adds	r1, r2, r3
2000377c:	4059      	eors	r1, r3
2000377e:	9405      	str	r4, [sp, #20]
20003780:	9b0a      	ldr	r3, [sp, #40]	; 0x28
20003782:	9304      	str	r3, [sp, #16]
20003784:	4653      	mov	r3, sl
20003786:	9303      	str	r3, [sp, #12]
20003788:	9602      	str	r6, [sp, #8]
2000378a:	0fd2      	lsrs	r2, r2, #31
2000378c:	9201      	str	r2, [sp, #4]
2000378e:	9100      	str	r1, [sp, #0]
20003790:	4643      	mov	r3, r8
20003792:	003a      	movs	r2, r7
20003794:	4659      	mov	r1, fp
20003796:	0028      	movs	r0, r5
20003798:	f7ff f9f8 	bl	20002b8c <_ntoa_long>
2000379c:	0007      	movs	r7, r0
2000379e:	e7b1      	b.n	20003704 <_vsnprintf+0x270>
200037a0:	0623      	lsls	r3, r4, #24
200037a2:	d505      	bpl.n	200037b0 <_vsnprintf+0x31c>
200037a4:	9a1c      	ldr	r2, [sp, #112]	; 0x70
200037a6:	1d11      	adds	r1, r2, #4
200037a8:	911c      	str	r1, [sp, #112]	; 0x70
200037aa:	2300      	movs	r3, #0
200037ac:	5ed2      	ldrsh	r2, [r2, r3]
200037ae:	e796      	b.n	200036de <_vsnprintf+0x24a>
200037b0:	9a1c      	ldr	r2, [sp, #112]	; 0x70
200037b2:	1d11      	adds	r1, r2, #4
200037b4:	911c      	str	r1, [sp, #112]	; 0x70
200037b6:	6812      	ldr	r2, [r2, #0]
200037b8:	e791      	b.n	200036de <_vsnprintf+0x24a>
200037ba:	9b1c      	ldr	r3, [sp, #112]	; 0x70
200037bc:	1dda      	adds	r2, r3, #7
200037be:	2107      	movs	r1, #7
200037c0:	438a      	bics	r2, r1
200037c2:	0011      	movs	r1, r2
200037c4:	3108      	adds	r1, #8
200037c6:	911c      	str	r1, [sp, #112]	; 0x70
200037c8:	9408      	str	r4, [sp, #32]
200037ca:	9b0a      	ldr	r3, [sp, #40]	; 0x28
200037cc:	9307      	str	r3, [sp, #28]
200037ce:	4653      	mov	r3, sl
200037d0:	9306      	str	r3, [sp, #24]
200037d2:	9604      	str	r6, [sp, #16]
200037d4:	2300      	movs	r3, #0
200037d6:	9305      	str	r3, [sp, #20]
200037d8:	9302      	str	r3, [sp, #8]
200037da:	6813      	ldr	r3, [r2, #0]
200037dc:	6854      	ldr	r4, [r2, #4]
200037de:	9300      	str	r3, [sp, #0]
200037e0:	9401      	str	r4, [sp, #4]
200037e2:	4643      	mov	r3, r8
200037e4:	003a      	movs	r2, r7
200037e6:	4659      	mov	r1, fp
200037e8:	0028      	movs	r0, r5
200037ea:	f7ff fa2d 	bl	20002c48 <_ntoa_long_long>
200037ee:	0007      	movs	r7, r0
200037f0:	e788      	b.n	20003704 <_vsnprintf+0x270>
200037f2:	9a1c      	ldr	r2, [sp, #112]	; 0x70
200037f4:	1d11      	adds	r1, r2, #4
200037f6:	911c      	str	r1, [sp, #112]	; 0x70
200037f8:	9405      	str	r4, [sp, #20]
200037fa:	9b0a      	ldr	r3, [sp, #40]	; 0x28
200037fc:	9304      	str	r3, [sp, #16]
200037fe:	4653      	mov	r3, sl
20003800:	9303      	str	r3, [sp, #12]
20003802:	9602      	str	r6, [sp, #8]
20003804:	2300      	movs	r3, #0
20003806:	9301      	str	r3, [sp, #4]
20003808:	6813      	ldr	r3, [r2, #0]
2000380a:	9300      	str	r3, [sp, #0]
2000380c:	4643      	mov	r3, r8
2000380e:	003a      	movs	r2, r7
20003810:	4659      	mov	r1, fp
20003812:	0028      	movs	r0, r5
20003814:	f7ff f9ba 	bl	20002b8c <_ntoa_long>
20003818:	0007      	movs	r7, r0
2000381a:	e773      	b.n	20003704 <_vsnprintf+0x270>
2000381c:	0623      	lsls	r3, r4, #24
2000381e:	d50d      	bpl.n	2000383c <_vsnprintf+0x3a8>
20003820:	9a1c      	ldr	r2, [sp, #112]	; 0x70
20003822:	1d11      	adds	r1, r2, #4
20003824:	911c      	str	r1, [sp, #112]	; 0x70
20003826:	6812      	ldr	r2, [r2, #0]
20003828:	0412      	lsls	r2, r2, #16
2000382a:	0c12      	lsrs	r2, r2, #16
2000382c:	e731      	b.n	20003692 <_vsnprintf+0x1fe>
2000382e:	46c0      	nop			; (mov r8, r8)
20003830:	20005810 	.word	0x20005810
20003834:	20005854 	.word	0x20005854
20003838:	200058a0 	.word	0x200058a0
2000383c:	9a1c      	ldr	r2, [sp, #112]	; 0x70
2000383e:	1d11      	adds	r1, r2, #4
20003840:	911c      	str	r1, [sp, #112]	; 0x70
20003842:	6812      	ldr	r2, [r2, #0]
20003844:	e725      	b.n	20003692 <_vsnprintf+0x1fe>
20003846:	2846      	cmp	r0, #70	; 0x46
20003848:	d01a      	beq.n	20003880 <_vsnprintf+0x3ec>
2000384a:	9b1c      	ldr	r3, [sp, #112]	; 0x70
2000384c:	3307      	adds	r3, #7
2000384e:	2207      	movs	r2, #7
20003850:	4393      	bics	r3, r2
20003852:	001a      	movs	r2, r3
20003854:	3208      	adds	r2, #8
20003856:	921c      	str	r2, [sp, #112]	; 0x70
20003858:	9404      	str	r4, [sp, #16]
2000385a:	9a0a      	ldr	r2, [sp, #40]	; 0x28
2000385c:	9203      	str	r2, [sp, #12]
2000385e:	4652      	mov	r2, sl
20003860:	9202      	str	r2, [sp, #8]
20003862:	685c      	ldr	r4, [r3, #4]
20003864:	681b      	ldr	r3, [r3, #0]
20003866:	9300      	str	r3, [sp, #0]
20003868:	9401      	str	r4, [sp, #4]
2000386a:	4643      	mov	r3, r8
2000386c:	003a      	movs	r2, r7
2000386e:	4659      	mov	r1, fp
20003870:	0028      	movs	r0, r5
20003872:	f7ff fc65 	bl	20003140 <_ftoa>
20003876:	0007      	movs	r7, r0
20003878:	9b11      	ldr	r3, [sp, #68]	; 0x44
2000387a:	3301      	adds	r3, #1
2000387c:	9311      	str	r3, [sp, #68]	; 0x44
2000387e:	e619      	b.n	200034b4 <_vsnprintf+0x20>
20003880:	2320      	movs	r3, #32
20003882:	431c      	orrs	r4, r3
20003884:	e7e1      	b.n	2000384a <_vsnprintf+0x3b6>
20003886:	2867      	cmp	r0, #103	; 0x67
20003888:	d001      	beq.n	2000388e <_vsnprintf+0x3fa>
2000388a:	2847      	cmp	r0, #71	; 0x47
2000388c:	d102      	bne.n	20003894 <_vsnprintf+0x400>
2000388e:	2380      	movs	r3, #128	; 0x80
20003890:	011b      	lsls	r3, r3, #4
20003892:	431c      	orrs	r4, r3
20003894:	2845      	cmp	r0, #69	; 0x45
20003896:	d001      	beq.n	2000389c <_vsnprintf+0x408>
20003898:	2847      	cmp	r0, #71	; 0x47
2000389a:	d101      	bne.n	200038a0 <_vsnprintf+0x40c>
2000389c:	2320      	movs	r3, #32
2000389e:	431c      	orrs	r4, r3
200038a0:	9b1c      	ldr	r3, [sp, #112]	; 0x70
200038a2:	3307      	adds	r3, #7
200038a4:	2207      	movs	r2, #7
200038a6:	4393      	bics	r3, r2
200038a8:	001a      	movs	r2, r3
200038aa:	3208      	adds	r2, #8
200038ac:	921c      	str	r2, [sp, #112]	; 0x70
200038ae:	9404      	str	r4, [sp, #16]
200038b0:	9a0a      	ldr	r2, [sp, #40]	; 0x28
200038b2:	9203      	str	r2, [sp, #12]
200038b4:	4652      	mov	r2, sl
200038b6:	9202      	str	r2, [sp, #8]
200038b8:	685c      	ldr	r4, [r3, #4]
200038ba:	681b      	ldr	r3, [r3, #0]
200038bc:	9300      	str	r3, [sp, #0]
200038be:	9401      	str	r4, [sp, #4]
200038c0:	4643      	mov	r3, r8
200038c2:	003a      	movs	r2, r7
200038c4:	4659      	mov	r1, fp
200038c6:	0028      	movs	r0, r5
200038c8:	f7ff fa30 	bl	20002d2c <_etoa>
200038cc:	0007      	movs	r7, r0
200038ce:	9b11      	ldr	r3, [sp, #68]	; 0x44
200038d0:	3301      	adds	r3, #1
200038d2:	9311      	str	r3, [sp, #68]	; 0x44
200038d4:	e5ee      	b.n	200034b4 <_vsnprintf+0x20>
200038d6:	2302      	movs	r3, #2
200038d8:	001a      	movs	r2, r3
200038da:	4022      	ands	r2, r4
200038dc:	4692      	mov	sl, r2
200038de:	4223      	tst	r3, r4
200038e0:	d01f      	beq.n	20003922 <_vsnprintf+0x48e>
200038e2:	2401      	movs	r4, #1
200038e4:	9b1c      	ldr	r3, [sp, #112]	; 0x70
200038e6:	1d1a      	adds	r2, r3, #4
200038e8:	921c      	str	r2, [sp, #112]	; 0x70
200038ea:	1c7a      	adds	r2, r7, #1
200038ec:	4691      	mov	r9, r2
200038ee:	7818      	ldrb	r0, [r3, #0]
200038f0:	4643      	mov	r3, r8
200038f2:	003a      	movs	r2, r7
200038f4:	4659      	mov	r1, fp
200038f6:	47a8      	blx	r5
200038f8:	4653      	mov	r3, sl
200038fa:	2b00      	cmp	r3, #0
200038fc:	d116      	bne.n	2000392c <_vsnprintf+0x498>
200038fe:	9b11      	ldr	r3, [sp, #68]	; 0x44
20003900:	3301      	adds	r3, #1
20003902:	9311      	str	r3, [sp, #68]	; 0x44
20003904:	464f      	mov	r7, r9
20003906:	e5d5      	b.n	200034b4 <_vsnprintf+0x20>
20003908:	1c56      	adds	r6, r2, #1
2000390a:	4643      	mov	r3, r8
2000390c:	4659      	mov	r1, fp
2000390e:	2020      	movs	r0, #32
20003910:	47b8      	blx	r7
20003912:	0023      	movs	r3, r4
20003914:	0032      	movs	r2, r6
20003916:	1c5c      	adds	r4, r3, #1
20003918:	429d      	cmp	r5, r3
2000391a:	d8f5      	bhi.n	20003908 <_vsnprintf+0x474>
2000391c:	003d      	movs	r5, r7
2000391e:	0017      	movs	r7, r2
20003920:	e7e0      	b.n	200038e4 <_vsnprintf+0x450>
20003922:	2301      	movs	r3, #1
20003924:	003a      	movs	r2, r7
20003926:	002f      	movs	r7, r5
20003928:	9d0a      	ldr	r5, [sp, #40]	; 0x28
2000392a:	e7f4      	b.n	20003916 <_vsnprintf+0x482>
2000392c:	464a      	mov	r2, r9
2000392e:	46a9      	mov	r9, r5
20003930:	9d0a      	ldr	r5, [sp, #40]	; 0x28
20003932:	e006      	b.n	20003942 <_vsnprintf+0x4ae>
20003934:	1c57      	adds	r7, r2, #1
20003936:	4643      	mov	r3, r8
20003938:	4659      	mov	r1, fp
2000393a:	2020      	movs	r0, #32
2000393c:	47c8      	blx	r9
2000393e:	0034      	movs	r4, r6
20003940:	003a      	movs	r2, r7
20003942:	1c66      	adds	r6, r4, #1
20003944:	42a5      	cmp	r5, r4
20003946:	d8f5      	bhi.n	20003934 <_vsnprintf+0x4a0>
20003948:	464d      	mov	r5, r9
2000394a:	4691      	mov	r9, r2
2000394c:	e7d7      	b.n	200038fe <_vsnprintf+0x46a>
2000394e:	9b1c      	ldr	r3, [sp, #112]	; 0x70
20003950:	1d1a      	adds	r2, r3, #4
20003952:	921c      	str	r2, [sp, #112]	; 0x70
20003954:	681b      	ldr	r3, [r3, #0]
20003956:	4699      	mov	r9, r3
20003958:	4653      	mov	r3, sl
2000395a:	2b00      	cmp	r3, #0
2000395c:	d100      	bne.n	20003960 <_vsnprintf+0x4cc>
2000395e:	3b01      	subs	r3, #1
20003960:	464e      	mov	r6, r9
20003962:	e001      	b.n	20003968 <_vsnprintf+0x4d4>
20003964:	3601      	adds	r6, #1
20003966:	0013      	movs	r3, r2
20003968:	7832      	ldrb	r2, [r6, #0]
2000396a:	2a00      	cmp	r2, #0
2000396c:	d002      	beq.n	20003974 <_vsnprintf+0x4e0>
2000396e:	1e5a      	subs	r2, r3, #1
20003970:	2b00      	cmp	r3, #0
20003972:	d1f7      	bne.n	20003964 <_vsnprintf+0x4d0>
20003974:	464b      	mov	r3, r9
20003976:	1af2      	subs	r2, r6, r3
20003978:	9210      	str	r2, [sp, #64]	; 0x40
2000397a:	2380      	movs	r3, #128	; 0x80
2000397c:	00db      	lsls	r3, r3, #3
2000397e:	0026      	movs	r6, r4
20003980:	401e      	ands	r6, r3
20003982:	421c      	tst	r4, r3
20003984:	d003      	beq.n	2000398e <_vsnprintf+0x4fa>
20003986:	4552      	cmp	r2, sl
20003988:	d901      	bls.n	2000398e <_vsnprintf+0x4fa>
2000398a:	4653      	mov	r3, sl
2000398c:	9310      	str	r3, [sp, #64]	; 0x40
2000398e:	2302      	movs	r3, #2
20003990:	001a      	movs	r2, r3
20003992:	4022      	ands	r2, r4
20003994:	920b      	str	r2, [sp, #44]	; 0x2c
20003996:	4223      	tst	r3, r4
20003998:	d005      	beq.n	200039a6 <_vsnprintf+0x512>
2000399a:	003a      	movs	r2, r7
2000399c:	0037      	movs	r7, r6
2000399e:	464c      	mov	r4, r9
200039a0:	46a9      	mov	r9, r5
200039a2:	4655      	mov	r5, sl
200039a4:	e020      	b.n	200039e8 <_vsnprintf+0x554>
200039a6:	003a      	movs	r2, r7
200039a8:	9b10      	ldr	r3, [sp, #64]	; 0x40
200039aa:	465f      	mov	r7, fp
200039ac:	46b3      	mov	fp, r6
200039ae:	002e      	movs	r6, r5
200039b0:	e006      	b.n	200039c0 <_vsnprintf+0x52c>
200039b2:	1c55      	adds	r5, r2, #1
200039b4:	4643      	mov	r3, r8
200039b6:	0039      	movs	r1, r7
200039b8:	2020      	movs	r0, #32
200039ba:	47b0      	blx	r6
200039bc:	0023      	movs	r3, r4
200039be:	002a      	movs	r2, r5
200039c0:	1c5c      	adds	r4, r3, #1
200039c2:	990a      	ldr	r1, [sp, #40]	; 0x28
200039c4:	4299      	cmp	r1, r3
200039c6:	d8f4      	bhi.n	200039b2 <_vsnprintf+0x51e>
200039c8:	0035      	movs	r5, r6
200039ca:	465e      	mov	r6, fp
200039cc:	46bb      	mov	fp, r7
200039ce:	9410      	str	r4, [sp, #64]	; 0x40
200039d0:	0037      	movs	r7, r6
200039d2:	464c      	mov	r4, r9
200039d4:	46a9      	mov	r9, r5
200039d6:	4655      	mov	r5, sl
200039d8:	e006      	b.n	200039e8 <_vsnprintf+0x554>
200039da:	001d      	movs	r5, r3
200039dc:	3401      	adds	r4, #1
200039de:	1c56      	adds	r6, r2, #1
200039e0:	4643      	mov	r3, r8
200039e2:	4659      	mov	r1, fp
200039e4:	47c8      	blx	r9
200039e6:	0032      	movs	r2, r6
200039e8:	7820      	ldrb	r0, [r4, #0]
200039ea:	2800      	cmp	r0, #0
200039ec:	d004      	beq.n	200039f8 <_vsnprintf+0x564>
200039ee:	2f00      	cmp	r7, #0
200039f0:	d0f4      	beq.n	200039dc <_vsnprintf+0x548>
200039f2:	1e6b      	subs	r3, r5, #1
200039f4:	2d00      	cmp	r5, #0
200039f6:	d1f0      	bne.n	200039da <_vsnprintf+0x546>
200039f8:	0017      	movs	r7, r2
200039fa:	464d      	mov	r5, r9
200039fc:	9b0b      	ldr	r3, [sp, #44]	; 0x2c
200039fe:	2b00      	cmp	r3, #0
20003a00:	d103      	bne.n	20003a0a <_vsnprintf+0x576>
20003a02:	9b11      	ldr	r3, [sp, #68]	; 0x44
20003a04:	3301      	adds	r3, #1
20003a06:	9311      	str	r3, [sp, #68]	; 0x44
20003a08:	e554      	b.n	200034b4 <_vsnprintf+0x20>
20003a0a:	9f0a      	ldr	r7, [sp, #40]	; 0x28
20003a0c:	9b10      	ldr	r3, [sp, #64]	; 0x40
20003a0e:	e006      	b.n	20003a1e <_vsnprintf+0x58a>
20003a10:	1c56      	adds	r6, r2, #1
20003a12:	4643      	mov	r3, r8
20003a14:	4659      	mov	r1, fp
20003a16:	2020      	movs	r0, #32
20003a18:	47a8      	blx	r5
20003a1a:	0023      	movs	r3, r4
20003a1c:	0032      	movs	r2, r6
20003a1e:	1c5c      	adds	r4, r3, #1
20003a20:	429f      	cmp	r7, r3
20003a22:	d8f5      	bhi.n	20003a10 <_vsnprintf+0x57c>
20003a24:	0017      	movs	r7, r2
20003a26:	e7ec      	b.n	20003a02 <_vsnprintf+0x56e>
20003a28:	2321      	movs	r3, #33	; 0x21
20003a2a:	431c      	orrs	r4, r3
20003a2c:	9b1c      	ldr	r3, [sp, #112]	; 0x70
20003a2e:	1d1a      	adds	r2, r3, #4
20003a30:	921c      	str	r2, [sp, #112]	; 0x70
20003a32:	681b      	ldr	r3, [r3, #0]
20003a34:	9300      	str	r3, [sp, #0]
20003a36:	9405      	str	r4, [sp, #20]
20003a38:	2308      	movs	r3, #8
20003a3a:	9304      	str	r3, [sp, #16]
20003a3c:	4653      	mov	r3, sl
20003a3e:	9303      	str	r3, [sp, #12]
20003a40:	2310      	movs	r3, #16
20003a42:	9302      	str	r3, [sp, #8]
20003a44:	2300      	movs	r3, #0
20003a46:	9301      	str	r3, [sp, #4]
20003a48:	4643      	mov	r3, r8
20003a4a:	003a      	movs	r2, r7
20003a4c:	4659      	mov	r1, fp
20003a4e:	0028      	movs	r0, r5
20003a50:	f7ff f89c 	bl	20002b8c <_ntoa_long>
20003a54:	0007      	movs	r7, r0
20003a56:	9b11      	ldr	r3, [sp, #68]	; 0x44
20003a58:	3301      	adds	r3, #1
20003a5a:	9311      	str	r3, [sp, #68]	; 0x44
20003a5c:	e52a      	b.n	200034b4 <_vsnprintf+0x20>
20003a5e:	1c7c      	adds	r4, r7, #1
20003a60:	4643      	mov	r3, r8
20003a62:	003a      	movs	r2, r7
20003a64:	4659      	mov	r1, fp
20003a66:	2025      	movs	r0, #37	; 0x25
20003a68:	47a8      	blx	r5
20003a6a:	9b11      	ldr	r3, [sp, #68]	; 0x44
20003a6c:	3301      	adds	r3, #1
20003a6e:	9311      	str	r3, [sp, #68]	; 0x44
20003a70:	0027      	movs	r7, r4
20003a72:	e51f      	b.n	200034b4 <_vsnprintf+0x20>
20003a74:	1c7c      	adds	r4, r7, #1
20003a76:	4643      	mov	r3, r8
20003a78:	003a      	movs	r2, r7
20003a7a:	4659      	mov	r1, fp
20003a7c:	47a8      	blx	r5
20003a7e:	9b11      	ldr	r3, [sp, #68]	; 0x44
20003a80:	3301      	adds	r3, #1
20003a82:	9311      	str	r3, [sp, #68]	; 0x44
20003a84:	0027      	movs	r7, r4
20003a86:	e515      	b.n	200034b4 <_vsnprintf+0x20>
20003a88:	4b0a      	ldr	r3, [pc, #40]	; (20003ab4 <_vsnprintf+0x620>)
20003a8a:	469a      	mov	sl, r3
20003a8c:	e510      	b.n	200034b0 <_vsnprintf+0x1c>
20003a8e:	46aa      	mov	sl, r5
20003a90:	4547      	cmp	r7, r8
20003a92:	d302      	bcc.n	20003a9a <_vsnprintf+0x606>
20003a94:	4643      	mov	r3, r8
20003a96:	1e5a      	subs	r2, r3, #1
20003a98:	e000      	b.n	20003a9c <_vsnprintf+0x608>
20003a9a:	003a      	movs	r2, r7
20003a9c:	4643      	mov	r3, r8
20003a9e:	4659      	mov	r1, fp
20003aa0:	2000      	movs	r0, #0
20003aa2:	47d0      	blx	sl
20003aa4:	0038      	movs	r0, r7
20003aa6:	b013      	add	sp, #76	; 0x4c
20003aa8:	bcf0      	pop	{r4, r5, r6, r7}
20003aaa:	46bb      	mov	fp, r7
20003aac:	46b2      	mov	sl, r6
20003aae:	46a9      	mov	r9, r5
20003ab0:	46a0      	mov	r8, r4
20003ab2:	bdf0      	pop	{r4, r5, r6, r7, pc}
20003ab4:	20002999 	.word	0x20002999

20003ab8 <vfctprintf>:
20003ab8:	b500      	push	{lr}
20003aba:	b085      	sub	sp, #20
20003abc:	9002      	str	r0, [sp, #8]
20003abe:	9103      	str	r1, [sp, #12]
20003ac0:	2101      	movs	r1, #1
20003ac2:	9300      	str	r3, [sp, #0]
20003ac4:	0013      	movs	r3, r2
20003ac6:	424a      	negs	r2, r1
20003ac8:	a902      	add	r1, sp, #8
20003aca:	4802      	ldr	r0, [pc, #8]	; (20003ad4 <vfctprintf+0x1c>)
20003acc:	f7ff fce2 	bl	20003494 <_vsnprintf>
20003ad0:	b005      	add	sp, #20
20003ad2:	bd00      	pop	{pc}
20003ad4:	2000299b 	.word	0x2000299b

20003ad8 <__aeabi_bits_init>:
20003ad8:	4801      	ldr	r0, [pc, #4]	; (20003ae0 <__aeabi_bits_init+0x8>)
20003ada:	2104      	movs	r1, #4
20003adc:	4b01      	ldr	r3, [pc, #4]	; (20003ae4 <__aeabi_bits_init+0xc>)
20003ade:	4718      	bx	r3
20003ae0:	20005ea0 	.word	0x20005ea0
20003ae4:	20003b09 	.word	0x20003b09

20003ae8 <rom_func_lookup>:
20003ae8:	b510      	push	{r4, lr}
20003aea:	0001      	movs	r1, r0
20003aec:	2318      	movs	r3, #24
20003aee:	881b      	ldrh	r3, [r3, #0]
20003af0:	2214      	movs	r2, #20
20003af2:	8810      	ldrh	r0, [r2, #0]
20003af4:	4798      	blx	r3
20003af6:	bd10      	pop	{r4, pc}

20003af8 <rom_data_lookup>:
20003af8:	b510      	push	{r4, lr}
20003afa:	0001      	movs	r1, r0
20003afc:	2318      	movs	r3, #24
20003afe:	881b      	ldrh	r3, [r3, #0]
20003b00:	2216      	movs	r2, #22
20003b02:	8810      	ldrh	r0, [r2, #0]
20003b04:	4798      	blx	r3
20003b06:	bd10      	pop	{r4, pc}

20003b08 <rom_funcs_lookup>:
20003b08:	b5f0      	push	{r4, r5, r6, r7, lr}
20003b0a:	46c6      	mov	lr, r8
20003b0c:	b500      	push	{lr}
20003b0e:	0007      	movs	r7, r0
20003b10:	000e      	movs	r6, r1
20003b12:	2500      	movs	r5, #0
20003b14:	2301      	movs	r3, #1
20003b16:	4698      	mov	r8, r3
20003b18:	e000      	b.n	20003b1c <rom_funcs_lookup+0x14>
20003b1a:	3501      	adds	r5, #1
20003b1c:	42b5      	cmp	r5, r6
20003b1e:	d20a      	bcs.n	20003b36 <rom_funcs_lookup+0x2e>
20003b20:	00ac      	lsls	r4, r5, #2
20003b22:	193c      	adds	r4, r7, r4
20003b24:	6820      	ldr	r0, [r4, #0]
20003b26:	f7ff ffdf 	bl	20003ae8 <rom_func_lookup>
20003b2a:	6020      	str	r0, [r4, #0]
20003b2c:	2800      	cmp	r0, #0
20003b2e:	d1f4      	bne.n	20003b1a <rom_funcs_lookup+0x12>
20003b30:	2300      	movs	r3, #0
20003b32:	4698      	mov	r8, r3
20003b34:	e7f1      	b.n	20003b1a <rom_funcs_lookup+0x12>
20003b36:	4640      	mov	r0, r8
20003b38:	bc80      	pop	{r7}
20003b3a:	46b8      	mov	r8, r7
20003b3c:	bdf0      	pop	{r4, r5, r6, r7, pc}
	...

20003b40 <__wrap___aeabi_idiv>:
20003b40:	4a12      	ldr	r2, [pc, #72]	; (20003b8c <divmod_s32s32_savestate+0x18>)
20003b42:	6f93      	ldr	r3, [r2, #120]	; 0x78
20003b44:	089b      	lsrs	r3, r3, #2
20003b46:	d215      	bcs.n	20003b74 <divmod_s32s32_savestate>

20003b48 <divmod_s32s32_unsafe>:
20003b48:	6690      	str	r0, [r2, #104]	; 0x68
20003b4a:	66d1      	str	r1, [r2, #108]	; 0x6c
20003b4c:	2900      	cmp	r1, #0
20003b4e:	d005      	beq.n	20003b5c <divmod_s32s32_unsafe+0x14>
20003b50:	e7ff      	b.n	20003b52 <divmod_s32s32_unsafe+0xa>
20003b52:	e7ff      	b.n	20003b54 <divmod_s32s32_unsafe+0xc>
20003b54:	e7ff      	b.n	20003b56 <divmod_s32s32_unsafe+0xe>
20003b56:	6f51      	ldr	r1, [r2, #116]	; 0x74
20003b58:	6f10      	ldr	r0, [r2, #112]	; 0x70
20003b5a:	4770      	bx	lr
20003b5c:	b504      	push	{r2, lr}
20003b5e:	2180      	movs	r1, #128	; 0x80
20003b60:	0609      	lsls	r1, r1, #24
20003b62:	17c2      	asrs	r2, r0, #31
20003b64:	4051      	eors	r1, r2
20003b66:	2800      	cmp	r0, #0
20003b68:	d000      	beq.n	20003b6c <divmod_s32s32_unsafe+0x24>
20003b6a:	43c8      	mvns	r0, r1
20003b6c:	f000 ff2c 	bl	200049c8 <__aeabi_idiv0>
20003b70:	2100      	movs	r1, #0
20003b72:	bd04      	pop	{r2, pc}

20003b74 <divmod_s32s32_savestate>:
20003b74:	b5f0      	push	{r4, r5, r6, r7, lr}
20003b76:	6e14      	ldr	r4, [r2, #96]	; 0x60
20003b78:	6e55      	ldr	r5, [r2, #100]	; 0x64
20003b7a:	6f57      	ldr	r7, [r2, #116]	; 0x74
20003b7c:	6f16      	ldr	r6, [r2, #112]	; 0x70
20003b7e:	f7ff ffe3 	bl	20003b48 <divmod_s32s32_unsafe>
20003b82:	6614      	str	r4, [r2, #96]	; 0x60
20003b84:	6655      	str	r5, [r2, #100]	; 0x64
20003b86:	6757      	str	r7, [r2, #116]	; 0x74
20003b88:	6716      	str	r6, [r2, #112]	; 0x70
20003b8a:	bdf0      	pop	{r4, r5, r6, r7, pc}
20003b8c:	d0000000 	.word	0xd0000000

20003b90 <__wrap___aeabi_uidiv>:
20003b90:	4a11      	ldr	r2, [pc, #68]	; (20003bd8 <divmod_u32u32_savestate+0x18>)
20003b92:	6f93      	ldr	r3, [r2, #120]	; 0x78
20003b94:	089b      	lsrs	r3, r3, #2
20003b96:	d213      	bcs.n	20003bc0 <divmod_u32u32_savestate>

20003b98 <divmod_u32u32_unsafe>:
20003b98:	6610      	str	r0, [r2, #96]	; 0x60
20003b9a:	6651      	str	r1, [r2, #100]	; 0x64
20003b9c:	2900      	cmp	r1, #0
20003b9e:	d005      	beq.n	20003bac <divmod_u32u32_unsafe+0x14>
20003ba0:	e7ff      	b.n	20003ba2 <divmod_u32u32_unsafe+0xa>
20003ba2:	e7ff      	b.n	20003ba4 <divmod_u32u32_unsafe+0xc>
20003ba4:	e7ff      	b.n	20003ba6 <divmod_u32u32_unsafe+0xe>
20003ba6:	6f51      	ldr	r1, [r2, #116]	; 0x74
20003ba8:	6f10      	ldr	r0, [r2, #112]	; 0x70
20003baa:	4770      	bx	lr
20003bac:	b504      	push	{r2, lr}
20003bae:	2800      	cmp	r0, #0
20003bb0:	d001      	beq.n	20003bb6 <divmod_u32u32_unsafe+0x1e>
20003bb2:	2000      	movs	r0, #0
20003bb4:	43c0      	mvns	r0, r0
20003bb6:	f000 ff07 	bl	200049c8 <__aeabi_idiv0>
20003bba:	2100      	movs	r1, #0
20003bbc:	bd04      	pop	{r2, pc}
20003bbe:	46c0      	nop			; (mov r8, r8)

20003bc0 <divmod_u32u32_savestate>:
20003bc0:	b5f0      	push	{r4, r5, r6, r7, lr}
20003bc2:	6e14      	ldr	r4, [r2, #96]	; 0x60
20003bc4:	6e55      	ldr	r5, [r2, #100]	; 0x64
20003bc6:	6f57      	ldr	r7, [r2, #116]	; 0x74
20003bc8:	6f16      	ldr	r6, [r2, #112]	; 0x70
20003bca:	f7ff ffe5 	bl	20003b98 <divmod_u32u32_unsafe>
20003bce:	6614      	str	r4, [r2, #96]	; 0x60
20003bd0:	6655      	str	r5, [r2, #100]	; 0x64
20003bd2:	6757      	str	r7, [r2, #116]	; 0x74
20003bd4:	6716      	str	r6, [r2, #112]	; 0x70
20003bd6:	bdf0      	pop	{r4, r5, r6, r7, pc}
20003bd8:	d0000000 	.word	0xd0000000

20003bdc <__wrap___aeabi_ldivmod>:
20003bdc:	4694      	mov	ip, r2
20003bde:	4a4a      	ldr	r2, [pc, #296]	; (20003d08 <udiv0+0x1a>)
20003be0:	6f92      	ldr	r2, [r2, #120]	; 0x78
20003be2:	0892      	lsrs	r2, r2, #2
20003be4:	4662      	mov	r2, ip
20003be6:	d201      	bcs.n	20003bec <divmod_s64s64_savestate>
20003be8:	e028      	b.n	20003c3c <divmod_s64s64_unsafe>
20003bea:	46c0      	nop			; (mov r8, r8)

20003bec <divmod_s64s64_savestate>:
20003bec:	b5f0      	push	{r4, r5, r6, r7, lr}
20003bee:	4e46      	ldr	r6, [pc, #280]	; (20003d08 <udiv0+0x1a>)
20003bf0:	6e34      	ldr	r4, [r6, #96]	; 0x60
20003bf2:	6e75      	ldr	r5, [r6, #100]	; 0x64
20003bf4:	6f77      	ldr	r7, [r6, #116]	; 0x74
20003bf6:	6f36      	ldr	r6, [r6, #112]	; 0x70
20003bf8:	f000 f820 	bl	20003c3c <divmod_s64s64_unsafe>
20003bfc:	4694      	mov	ip, r2
20003bfe:	4a42      	ldr	r2, [pc, #264]	; (20003d08 <udiv0+0x1a>)
20003c00:	6614      	str	r4, [r2, #96]	; 0x60
20003c02:	6655      	str	r5, [r2, #100]	; 0x64
20003c04:	6757      	str	r7, [r2, #116]	; 0x74
20003c06:	6716      	str	r6, [r2, #112]	; 0x70
20003c08:	4662      	mov	r2, ip
20003c0a:	bdf0      	pop	{r4, r5, r6, r7, pc}

20003c0c <__wrap___aeabi_uldivmod>:
20003c0c:	4694      	mov	ip, r2
20003c0e:	4a3e      	ldr	r2, [pc, #248]	; (20003d08 <udiv0+0x1a>)
20003c10:	6f92      	ldr	r2, [r2, #120]	; 0x78
20003c12:	0892      	lsrs	r2, r2, #2
20003c14:	4662      	mov	r2, ip
20003c16:	d201      	bcs.n	20003c1c <divmod_u64u64_savestate>
20003c18:	e054      	b.n	20003cc4 <divmod_u64u64_unsafe>
20003c1a:	46c0      	nop			; (mov r8, r8)

20003c1c <divmod_u64u64_savestate>:
20003c1c:	b5f0      	push	{r4, r5, r6, r7, lr}
20003c1e:	4e3a      	ldr	r6, [pc, #232]	; (20003d08 <udiv0+0x1a>)
20003c20:	6e34      	ldr	r4, [r6, #96]	; 0x60
20003c22:	6e75      	ldr	r5, [r6, #100]	; 0x64
20003c24:	6f77      	ldr	r7, [r6, #116]	; 0x74
20003c26:	6f36      	ldr	r6, [r6, #112]	; 0x70
20003c28:	f000 f84c 	bl	20003cc4 <divmod_u64u64_unsafe>
20003c2c:	4694      	mov	ip, r2
20003c2e:	4a36      	ldr	r2, [pc, #216]	; (20003d08 <udiv0+0x1a>)
20003c30:	6614      	str	r4, [r2, #96]	; 0x60
20003c32:	6655      	str	r5, [r2, #100]	; 0x64
20003c34:	6757      	str	r7, [r2, #116]	; 0x74
20003c36:	6716      	str	r6, [r2, #112]	; 0x70
20003c38:	4662      	mov	r2, ip
20003c3a:	bdf0      	pop	{r4, r5, r6, r7, pc}

20003c3c <divmod_s64s64_unsafe>:
20003c3c:	2b00      	cmp	r3, #0
20003c3e:	db24      	blt.n	20003c8a <l42_1+0x26>
20003c40:	d011      	beq.n	20003c66 <l42_1+0x2>
20003c42:	2900      	cmp	r1, #0
20003c44:	da3e      	bge.n	20003cc4 <divmod_u64u64_unsafe>
20003c46:	b500      	push	{lr}
20003c48:	43c9      	mvns	r1, r1
20003c4a:	4240      	negs	r0, r0
20003c4c:	d100      	bne.n	20003c50 <l40_1>
20003c4e:	3101      	adds	r1, #1

20003c50 <l40_1>:
20003c50:	f000 f838 	bl	20003cc4 <divmod_u64u64_unsafe>
20003c54:	43c9      	mvns	r1, r1
20003c56:	4240      	negs	r0, r0
20003c58:	d100      	bne.n	20003c5c <l41_1>
20003c5a:	3101      	adds	r1, #1

20003c5c <l41_1>:
20003c5c:	43db      	mvns	r3, r3
20003c5e:	4252      	negs	r2, r2
20003c60:	d100      	bne.n	20003c64 <l42_1>
20003c62:	3301      	adds	r3, #1

20003c64 <l42_1>:
20003c64:	bd00      	pop	{pc}
20003c66:	2a00      	cmp	r2, #0
20003c68:	d1eb      	bne.n	20003c42 <divmod_s64s64_unsafe+0x6>
20003c6a:	2800      	cmp	r0, #0
20003c6c:	d101      	bne.n	20003c72 <l42_1+0xe>
20003c6e:	2900      	cmp	r1, #0
20003c70:	d005      	beq.n	20003c7e <l42_1+0x1a>
20003c72:	2000      	movs	r0, #0
20003c74:	0fc9      	lsrs	r1, r1, #31
20003c76:	07c9      	lsls	r1, r1, #31
20003c78:	d101      	bne.n	20003c7e <l42_1+0x1a>
20003c7a:	43c0      	mvns	r0, r0
20003c7c:	0841      	lsrs	r1, r0, #1
20003c7e:	b500      	push	{lr}
20003c80:	f000 fea2 	bl	200049c8 <__aeabi_idiv0>
20003c84:	2200      	movs	r2, #0
20003c86:	2300      	movs	r3, #0
20003c88:	bd00      	pop	{pc}
20003c8a:	b500      	push	{lr}
20003c8c:	2900      	cmp	r1, #0
20003c8e:	db0a      	blt.n	20003ca6 <l44_1+0x2>
20003c90:	43db      	mvns	r3, r3
20003c92:	4252      	negs	r2, r2
20003c94:	d100      	bne.n	20003c98 <l43_1>
20003c96:	3301      	adds	r3, #1

20003c98 <l43_1>:
20003c98:	f000 f814 	bl	20003cc4 <divmod_u64u64_unsafe>
20003c9c:	43c9      	mvns	r1, r1
20003c9e:	4240      	negs	r0, r0
20003ca0:	d100      	bne.n	20003ca4 <l44_1>
20003ca2:	3101      	adds	r1, #1

20003ca4 <l44_1>:
20003ca4:	bd00      	pop	{pc}
20003ca6:	43c9      	mvns	r1, r1
20003ca8:	4240      	negs	r0, r0
20003caa:	d100      	bne.n	20003cae <l45_1>
20003cac:	3101      	adds	r1, #1

20003cae <l45_1>:
20003cae:	43db      	mvns	r3, r3
20003cb0:	4252      	negs	r2, r2
20003cb2:	d100      	bne.n	20003cb6 <l46_1>
20003cb4:	3301      	adds	r3, #1

20003cb6 <l46_1>:
20003cb6:	f000 f805 	bl	20003cc4 <divmod_u64u64_unsafe>
20003cba:	43db      	mvns	r3, r3
20003cbc:	4252      	negs	r2, r2
20003cbe:	d100      	bne.n	20003cc2 <l47_1>
20003cc0:	3301      	adds	r3, #1

20003cc2 <l47_1>:
20003cc2:	bd00      	pop	{pc}

20003cc4 <divmod_u64u64_unsafe>:
20003cc4:	2900      	cmp	r1, #0
20003cc6:	d123      	bne.n	20003d10 <y64>
20003cc8:	2b00      	cmp	r3, #0
20003cca:	d118      	bne.n	20003cfe <udiv0+0x10>
20003ccc:	2a00      	cmp	r2, #0
20003cce:	d00c      	beq.n	20003cea <divmod_u64u64_unsafe+0x26>
20003cd0:	46bc      	mov	ip, r7
20003cd2:	4f0d      	ldr	r7, [pc, #52]	; (20003d08 <udiv0+0x1a>)
20003cd4:	6638      	str	r0, [r7, #96]	; 0x60
20003cd6:	667a      	str	r2, [r7, #100]	; 0x64
20003cd8:	2100      	movs	r1, #0
20003cda:	2300      	movs	r3, #0
20003cdc:	e7ff      	b.n	20003cde <divmod_u64u64_unsafe+0x1a>
20003cde:	e7ff      	b.n	20003ce0 <divmod_u64u64_unsafe+0x1c>
20003ce0:	e7ff      	b.n	20003ce2 <divmod_u64u64_unsafe+0x1e>
20003ce2:	6f7a      	ldr	r2, [r7, #116]	; 0x74
20003ce4:	6f38      	ldr	r0, [r7, #112]	; 0x70
20003ce6:	4667      	mov	r7, ip
20003ce8:	4770      	bx	lr
20003cea:	2800      	cmp	r0, #0
20003cec:	d001      	beq.n	20003cf2 <udiv0+0x4>

20003cee <udiv0>:
20003cee:	4807      	ldr	r0, [pc, #28]	; (20003d0c <udiv0+0x1e>)
20003cf0:	0001      	movs	r1, r0
20003cf2:	b500      	push	{lr}
20003cf4:	f000 fe68 	bl	200049c8 <__aeabi_idiv0>
20003cf8:	2200      	movs	r2, #0
20003cfa:	2300      	movs	r3, #0
20003cfc:	bd00      	pop	{pc}
20003cfe:	0002      	movs	r2, r0
20003d00:	000b      	movs	r3, r1
20003d02:	2000      	movs	r0, #0
20003d04:	2100      	movs	r1, #0
20003d06:	4770      	bx	lr
20003d08:	d0000000 	.word	0xd0000000
20003d0c:	ffffffff 	.word	0xffffffff

20003d10 <y64>:
20003d10:	2b00      	cmp	r3, #0
20003d12:	d000      	beq.n	20003d16 <y64+0x6>
20003d14:	e0bf      	b.n	20003e96 <y64_x48>
20003d16:	0c13      	lsrs	r3, r2, #16
20003d18:	d128      	bne.n	20003d6c <y64_x32>
20003d1a:	2a00      	cmp	r2, #0
20003d1c:	d0e7      	beq.n	20003cee <udiv0>
20003d1e:	b480      	push	{r7}
20003d20:	4f11      	ldr	r7, [pc, #68]	; (20003d68 <y64+0x58>)
20003d22:	6639      	str	r1, [r7, #96]	; 0x60
20003d24:	667a      	str	r2, [r7, #100]	; 0x64
20003d26:	e7ff      	b.n	20003d28 <y64+0x18>
20003d28:	e7ff      	b.n	20003d2a <y64+0x1a>
20003d2a:	b430      	push	{r4, r5}
20003d2c:	0c04      	lsrs	r4, r0, #16
20003d2e:	6f7b      	ldr	r3, [r7, #116]	; 0x74
20003d30:	6f39      	ldr	r1, [r7, #112]	; 0x70
20003d32:	041b      	lsls	r3, r3, #16
20003d34:	4323      	orrs	r3, r4
20003d36:	663b      	str	r3, [r7, #96]	; 0x60
20003d38:	667a      	str	r2, [r7, #100]	; 0x64
20003d3a:	e7ff      	b.n	20003d3c <y64+0x2c>
20003d3c:	e7ff      	b.n	20003d3e <y64+0x2e>
20003d3e:	e7ff      	b.n	20003d40 <y64+0x30>
20003d40:	46c0      	nop			; (mov r8, r8)
20003d42:	b284      	uxth	r4, r0
20003d44:	6f7b      	ldr	r3, [r7, #116]	; 0x74
20003d46:	6f3d      	ldr	r5, [r7, #112]	; 0x70
20003d48:	041b      	lsls	r3, r3, #16
20003d4a:	4323      	orrs	r3, r4
20003d4c:	663b      	str	r3, [r7, #96]	; 0x60
20003d4e:	667a      	str	r2, [r7, #100]	; 0x64
20003d50:	e7ff      	b.n	20003d52 <y64+0x42>
20003d52:	e7ff      	b.n	20003d54 <y64+0x44>
20003d54:	46c0      	nop			; (mov r8, r8)
20003d56:	2300      	movs	r3, #0
20003d58:	042c      	lsls	r4, r5, #16
20003d5a:	0c2d      	lsrs	r5, r5, #16
20003d5c:	6f7a      	ldr	r2, [r7, #116]	; 0x74
20003d5e:	6f38      	ldr	r0, [r7, #112]	; 0x70
20003d60:	1900      	adds	r0, r0, r4
20003d62:	4169      	adcs	r1, r5
20003d64:	bcb0      	pop	{r4, r5, r7}
20003d66:	4770      	bx	lr
20003d68:	d0000000 	.word	0xd0000000

20003d6c <y64_x32>:
20003d6c:	b5f0      	push	{r4, r5, r6, r7, lr}
20003d6e:	4694      	mov	ip, r2
20003d70:	2500      	movs	r5, #0
20003d72:	0e14      	lsrs	r4, r2, #24
20003d74:	d101      	bne.n	20003d7a <y64_x32+0xe>
20003d76:	0212      	lsls	r2, r2, #8
20003d78:	3508      	adds	r5, #8
20003d7a:	0f14      	lsrs	r4, r2, #28
20003d7c:	d101      	bne.n	20003d82 <y64_x32+0x16>
20003d7e:	0112      	lsls	r2, r2, #4
20003d80:	3504      	adds	r5, #4
20003d82:	0f94      	lsrs	r4, r2, #30
20003d84:	d101      	bne.n	20003d8a <y64_x32+0x1e>
20003d86:	0092      	lsls	r2, r2, #2
20003d88:	3502      	adds	r5, #2
20003d8a:	0fd4      	lsrs	r4, r2, #31
20003d8c:	d101      	bne.n	20003d92 <y64_x32+0x26>
20003d8e:	0052      	lsls	r2, r2, #1
20003d90:	3501      	adds	r5, #1
20003d92:	0bd4      	lsrs	r4, r2, #15
20003d94:	3401      	adds	r4, #1
20003d96:	4f25      	ldr	r7, [pc, #148]	; (20003e2c <y64_x32+0xc0>)
20003d98:	667c      	str	r4, [r7, #100]	; 0x64
20003d9a:	4c25      	ldr	r4, [pc, #148]	; (20003e30 <y64_x32+0xc4>)
20003d9c:	663c      	str	r4, [r7, #96]	; 0x60
20003d9e:	0c0e      	lsrs	r6, r1, #16
20003da0:	b293      	uxth	r3, r2
20003da2:	e7ff      	b.n	20003da4 <y64_x32+0x38>
20003da4:	e7ff      	b.n	20003da6 <y64_x32+0x3a>
20003da6:	e7ff      	b.n	20003da8 <y64_x32+0x3c>
20003da8:	6f3c      	ldr	r4, [r7, #112]	; 0x70
20003daa:	4366      	muls	r6, r4
20003dac:	0c36      	lsrs	r6, r6, #16
20003dae:	0377      	lsls	r7, r6, #13
20003db0:	46be      	mov	lr, r7
20003db2:	4373      	muls	r3, r6
20003db4:	0bdf      	lsrs	r7, r3, #15
20003db6:	045b      	lsls	r3, r3, #17
20003db8:	1ac0      	subs	r0, r0, r3
20003dba:	41b9      	sbcs	r1, r7
20003dbc:	0c13      	lsrs	r3, r2, #16
20003dbe:	4373      	muls	r3, r6
20003dc0:	18db      	adds	r3, r3, r3
20003dc2:	1ac9      	subs	r1, r1, r3
20003dc4:	08ce      	lsrs	r6, r1, #3
20003dc6:	4366      	muls	r6, r4
20003dc8:	0c36      	lsrs	r6, r6, #16
20003dca:	44b6      	add	lr, r6
20003dcc:	b293      	uxth	r3, r2
20003dce:	4373      	muls	r3, r6
20003dd0:	0f1f      	lsrs	r7, r3, #28
20003dd2:	011b      	lsls	r3, r3, #4
20003dd4:	1ac0      	subs	r0, r0, r3
20003dd6:	41b9      	sbcs	r1, r7
20003dd8:	0c13      	lsrs	r3, r2, #16
20003dda:	4373      	muls	r3, r6
20003ddc:	0b1f      	lsrs	r7, r3, #12
20003dde:	051b      	lsls	r3, r3, #20
20003de0:	1ac0      	subs	r0, r0, r3
20003de2:	41b9      	sbcs	r1, r7
20003de4:	0d86      	lsrs	r6, r0, #22
20003de6:	028f      	lsls	r7, r1, #10
20003de8:	433e      	orrs	r6, r7
20003dea:	4366      	muls	r6, r4
20003dec:	0c36      	lsrs	r6, r6, #16
20003dee:	2d09      	cmp	r5, #9
20003df0:	db24      	blt.n	20003e3c <last0>
20003df2:	0a52      	lsrs	r2, r2, #9
20003df4:	4372      	muls	r2, r6
20003df6:	1a80      	subs	r0, r0, r2
20003df8:	0377      	lsls	r7, r6, #13
20003dfa:	0a46      	lsrs	r6, r0, #9
20003dfc:	4366      	muls	r6, r4
20003dfe:	0c36      	lsrs	r6, r6, #16
20003e00:	2316      	movs	r3, #22
20003e02:	1b5b      	subs	r3, r3, r5
20003e04:	40de      	lsrs	r6, r3
20003e06:	40df      	lsrs	r7, r3
20003e08:	19bf      	adds	r7, r7, r6
20003e0a:	4664      	mov	r4, ip
20003e0c:	4366      	muls	r6, r4
20003e0e:	1b82      	subs	r2, r0, r6
20003e10:	4670      	mov	r0, lr
20003e12:	3504      	adds	r5, #4
20003e14:	3306      	adds	r3, #6
20003e16:	0001      	movs	r1, r0
20003e18:	40d9      	lsrs	r1, r3
20003e1a:	40a8      	lsls	r0, r5
20003e1c:	19c0      	adds	r0, r0, r7
20003e1e:	d300      	bcc.n	20003e22 <y64_x32+0xb6>
20003e20:	3101      	adds	r1, #1
20003e22:	42a2      	cmp	r2, r4
20003e24:	d206      	bcs.n	20003e34 <y64_x32+0xc8>
20003e26:	2300      	movs	r3, #0
20003e28:	bdf0      	pop	{r4, r5, r6, r7, pc}
20003e2a:	0000      	.short	0x0000
20003e2c:	d0000000 	.word	0xd0000000
20003e30:	ffffffff 	.word	0xffffffff
20003e34:	1b12      	subs	r2, r2, r4
20003e36:	3001      	adds	r0, #1
20003e38:	d3f3      	bcc.n	20003e22 <y64_x32+0xb6>
20003e3a:	e7f1      	b.n	20003e20 <y64_x32+0xb4>

20003e3c <last0>:
20003e3c:	2709      	movs	r7, #9
20003e3e:	1b7f      	subs	r7, r7, r5
20003e40:	40fe      	lsrs	r6, r7
20003e42:	4664      	mov	r4, ip
20003e44:	b2a2      	uxth	r2, r4
20003e46:	4372      	muls	r2, r6
20003e48:	1a80      	subs	r0, r0, r2
20003e4a:	d200      	bcs.n	20003e4e <last0+0x12>
20003e4c:	3901      	subs	r1, #1
20003e4e:	0c22      	lsrs	r2, r4, #16
20003e50:	4372      	muls	r2, r6
20003e52:	0c13      	lsrs	r3, r2, #16
20003e54:	0412      	lsls	r2, r2, #16
20003e56:	1a82      	subs	r2, r0, r2
20003e58:	4199      	sbcs	r1, r3
20003e5a:	000b      	movs	r3, r1
20003e5c:	4670      	mov	r0, lr
20003e5e:	3504      	adds	r5, #4
20003e60:	3713      	adds	r7, #19
20003e62:	0001      	movs	r1, r0
20003e64:	40f9      	lsrs	r1, r7
20003e66:	40a8      	lsls	r0, r5
20003e68:	1980      	adds	r0, r0, r6
20003e6a:	d300      	bcc.n	20003e6e <last0+0x32>
20003e6c:	3101      	adds	r1, #1
20003e6e:	2b00      	cmp	r3, #0
20003e70:	d102      	bne.n	20003e78 <last0+0x3c>
20003e72:	42a2      	cmp	r2, r4
20003e74:	d20a      	bcs.n	20003e8c <last0+0x50>
20003e76:	bdf0      	pop	{r4, r5, r6, r7, pc}
20003e78:	3001      	adds	r0, #1
20003e7a:	d300      	bcc.n	20003e7e <last0+0x42>
20003e7c:	3101      	adds	r1, #1
20003e7e:	1b12      	subs	r2, r2, r4
20003e80:	d2fa      	bcs.n	20003e78 <last0+0x3c>
20003e82:	3b01      	subs	r3, #1
20003e84:	d1f8      	bne.n	20003e78 <last0+0x3c>
20003e86:	42a2      	cmp	r2, r4
20003e88:	d200      	bcs.n	20003e8c <last0+0x50>
20003e8a:	bdf0      	pop	{r4, r5, r6, r7, pc}
20003e8c:	3001      	adds	r0, #1
20003e8e:	d300      	bcc.n	20003e92 <last0+0x56>
20003e90:	3101      	adds	r1, #1
20003e92:	1b12      	subs	r2, r2, r4
20003e94:	e7f7      	b.n	20003e86 <last0+0x4a>

20003e96 <y64_x48>:
20003e96:	b5f0      	push	{r4, r5, r6, r7, lr}
20003e98:	0c1c      	lsrs	r4, r3, #16
20003e9a:	d000      	beq.n	20003e9e <y64_x48+0x8>
20003e9c:	e080      	b.n	20003fa0 <y64_x64>
20003e9e:	b40c      	push	{r2, r3}
20003ea0:	2500      	movs	r5, #0
20003ea2:	0a1c      	lsrs	r4, r3, #8
20003ea4:	d104      	bne.n	20003eb0 <y64_x48+0x1a>
20003ea6:	021b      	lsls	r3, r3, #8
20003ea8:	0e16      	lsrs	r6, r2, #24
20003eaa:	4333      	orrs	r3, r6
20003eac:	0212      	lsls	r2, r2, #8
20003eae:	3508      	adds	r5, #8
20003eb0:	0b1c      	lsrs	r4, r3, #12
20003eb2:	d104      	bne.n	20003ebe <y64_x48+0x28>
20003eb4:	011b      	lsls	r3, r3, #4
20003eb6:	0f16      	lsrs	r6, r2, #28
20003eb8:	4333      	orrs	r3, r6
20003eba:	0112      	lsls	r2, r2, #4
20003ebc:	3504      	adds	r5, #4
20003ebe:	0b9c      	lsrs	r4, r3, #14
20003ec0:	d104      	bne.n	20003ecc <y64_x48+0x36>
20003ec2:	009b      	lsls	r3, r3, #2
20003ec4:	0f96      	lsrs	r6, r2, #30
20003ec6:	4333      	orrs	r3, r6
20003ec8:	0092      	lsls	r2, r2, #2
20003eca:	3502      	adds	r5, #2
20003ecc:	0bdc      	lsrs	r4, r3, #15
20003ece:	d102      	bne.n	20003ed6 <y64_x48+0x40>
20003ed0:	1892      	adds	r2, r2, r2
20003ed2:	415b      	adcs	r3, r3
20003ed4:	3501      	adds	r5, #1
20003ed6:	001c      	movs	r4, r3
20003ed8:	1897      	adds	r7, r2, r2
20003eda:	4164      	adcs	r4, r4
20003edc:	3401      	adds	r4, #1
20003ede:	4f46      	ldr	r7, [pc, #280]	; (20003ff8 <y64_x64+0x58>)
20003ee0:	667c      	str	r4, [r7, #100]	; 0x64
20003ee2:	4c46      	ldr	r4, [pc, #280]	; (20003ffc <y64_x64+0x5c>)
20003ee4:	663c      	str	r4, [r7, #96]	; 0x60
20003ee6:	0c0e      	lsrs	r6, r1, #16
20003ee8:	e7ff      	b.n	20003eea <y64_x48+0x54>
20003eea:	e7ff      	b.n	20003eec <y64_x48+0x56>
20003eec:	e7ff      	b.n	20003eee <y64_x48+0x58>
20003eee:	46c0      	nop			; (mov r8, r8)
20003ef0:	6f3c      	ldr	r4, [r7, #112]	; 0x70
20003ef2:	4366      	muls	r6, r4
20003ef4:	0c36      	lsrs	r6, r6, #16
20003ef6:	0377      	lsls	r7, r6, #13
20003ef8:	46be      	mov	lr, r7
20003efa:	b297      	uxth	r7, r2
20003efc:	4377      	muls	r7, r6
20003efe:	1bc0      	subs	r0, r0, r7
20003f00:	d200      	bcs.n	20003f04 <y64_x48+0x6e>
20003f02:	3901      	subs	r1, #1
20003f04:	1bc0      	subs	r0, r0, r7
20003f06:	d200      	bcs.n	20003f0a <y64_x48+0x74>
20003f08:	3901      	subs	r1, #1
20003f0a:	b29f      	uxth	r7, r3
20003f0c:	4377      	muls	r7, r6
20003f0e:	1bc9      	subs	r1, r1, r7
20003f10:	1bc9      	subs	r1, r1, r7
20003f12:	0c17      	lsrs	r7, r2, #16
20003f14:	4377      	muls	r7, r6
20003f16:	047e      	lsls	r6, r7, #17
20003f18:	0bff      	lsrs	r7, r7, #15
20003f1a:	1b80      	subs	r0, r0, r6
20003f1c:	41b9      	sbcs	r1, r7
20003f1e:	08ce      	lsrs	r6, r1, #3
20003f20:	4366      	muls	r6, r4
20003f22:	0c36      	lsrs	r6, r6, #16
20003f24:	2d0c      	cmp	r5, #12
20003f26:	db33      	blt.n	20003f90 <last1>
20003f28:	44b6      	add	lr, r6
20003f2a:	0b12      	lsrs	r2, r2, #12
20003f2c:	051f      	lsls	r7, r3, #20
20003f2e:	433a      	orrs	r2, r7
20003f30:	0b1b      	lsrs	r3, r3, #12
20003f32:	b297      	uxth	r7, r2
20003f34:	4377      	muls	r7, r6
20003f36:	1bc0      	subs	r0, r0, r7
20003f38:	d200      	bcs.n	20003f3c <y64_x48+0xa6>
20003f3a:	3901      	subs	r1, #1
20003f3c:	b29f      	uxth	r7, r3
20003f3e:	4377      	muls	r7, r6
20003f40:	1bc9      	subs	r1, r1, r7
20003f42:	0c17      	lsrs	r7, r2, #16
20003f44:	4377      	muls	r7, r6
20003f46:	043e      	lsls	r6, r7, #16
20003f48:	0c3f      	lsrs	r7, r7, #16
20003f4a:	1b80      	subs	r0, r0, r6
20003f4c:	41b9      	sbcs	r1, r7
20003f4e:	0d86      	lsrs	r6, r0, #22
20003f50:	028f      	lsls	r7, r1, #10
20003f52:	433e      	orrs	r6, r7
20003f54:	4366      	muls	r6, r4
20003f56:	2729      	movs	r7, #41	; 0x29
20003f58:	1b7f      	subs	r7, r7, r5
20003f5a:	40fe      	lsrs	r6, r7
20003f5c:	3d0c      	subs	r5, #12
20003f5e:	4677      	mov	r7, lr
20003f60:	40af      	lsls	r7, r5
20003f62:	19bf      	adds	r7, r7, r6
20003f64:	bc30      	pop	{r4, r5}
20003f66:	b2a2      	uxth	r2, r4
20003f68:	b2ab      	uxth	r3, r5
20003f6a:	4372      	muls	r2, r6
20003f6c:	4373      	muls	r3, r6
20003f6e:	1a80      	subs	r0, r0, r2
20003f70:	4199      	sbcs	r1, r3
20003f72:	0c22      	lsrs	r2, r4, #16
20003f74:	4372      	muls	r2, r6
20003f76:	0c13      	lsrs	r3, r2, #16
20003f78:	0412      	lsls	r2, r2, #16
20003f7a:	1a80      	subs	r0, r0, r2
20003f7c:	4199      	sbcs	r1, r3
20003f7e:	0002      	movs	r2, r0
20003f80:	000b      	movs	r3, r1
20003f82:	3701      	adds	r7, #1
20003f84:	1b00      	subs	r0, r0, r4
20003f86:	41a9      	sbcs	r1, r5
20003f88:	d2f9      	bcs.n	20003f7e <y64_x48+0xe8>
20003f8a:	1e78      	subs	r0, r7, #1
20003f8c:	2100      	movs	r1, #0
20003f8e:	bdf0      	pop	{r4, r5, r6, r7, pc}

20003f90 <last1>:
20003f90:	270c      	movs	r7, #12
20003f92:	1b7f      	subs	r7, r7, r5
20003f94:	40fe      	lsrs	r6, r7
20003f96:	4677      	mov	r7, lr
20003f98:	0b7f      	lsrs	r7, r7, #13
20003f9a:	40af      	lsls	r7, r5
20003f9c:	19ff      	adds	r7, r7, r7
20003f9e:	e7e0      	b.n	20003f62 <y64_x48+0xcc>

20003fa0 <y64_x64>:
20003fa0:	2400      	movs	r4, #0
20003fa2:	1c5d      	adds	r5, r3, #1
20003fa4:	d007      	beq.n	20003fb6 <y64_x64+0x16>
20003fa6:	4f14      	ldr	r7, [pc, #80]	; (20003ff8 <y64_x64+0x58>)
20003fa8:	667d      	str	r5, [r7, #100]	; 0x64
20003faa:	6639      	str	r1, [r7, #96]	; 0x60
20003fac:	e7ff      	b.n	20003fae <y64_x64+0xe>
20003fae:	e7ff      	b.n	20003fb0 <y64_x64+0x10>
20003fb0:	e7ff      	b.n	20003fb2 <y64_x64+0x12>
20003fb2:	e7ff      	b.n	20003fb4 <y64_x64+0x14>
20003fb4:	6f3c      	ldr	r4, [r7, #112]	; 0x70
20003fb6:	b295      	uxth	r5, r2
20003fb8:	b29e      	uxth	r6, r3
20003fba:	4365      	muls	r5, r4
20003fbc:	4366      	muls	r6, r4
20003fbe:	1b40      	subs	r0, r0, r5
20003fc0:	41b1      	sbcs	r1, r6
20003fc2:	0c15      	lsrs	r5, r2, #16
20003fc4:	0c1e      	lsrs	r6, r3, #16
20003fc6:	4365      	muls	r5, r4
20003fc8:	4366      	muls	r6, r4
20003fca:	0436      	lsls	r6, r6, #16
20003fcc:	0c2f      	lsrs	r7, r5, #16
20003fce:	433e      	orrs	r6, r7
20003fd0:	042d      	lsls	r5, r5, #16
20003fd2:	1b40      	subs	r0, r0, r5
20003fd4:	41b1      	sbcs	r1, r6
20003fd6:	4299      	cmp	r1, r3
20003fd8:	d204      	bcs.n	20003fe4 <y64_x64+0x44>
20003fda:	0002      	movs	r2, r0
20003fdc:	000b      	movs	r3, r1
20003fde:	0020      	movs	r0, r4
20003fe0:	2100      	movs	r1, #0
20003fe2:	bdf0      	pop	{r4, r5, r6, r7, pc}
20003fe4:	d101      	bne.n	20003fea <y64_x64+0x4a>
20003fe6:	4290      	cmp	r0, r2
20003fe8:	d3f7      	bcc.n	20003fda <y64_x64+0x3a>
20003fea:	1a80      	subs	r0, r0, r2
20003fec:	4199      	sbcs	r1, r3
20003fee:	3401      	adds	r4, #1
20003ff0:	4299      	cmp	r1, r3
20003ff2:	d3f2      	bcc.n	20003fda <y64_x64+0x3a>
20003ff4:	e7f6      	b.n	20003fe4 <y64_x64+0x44>
20003ff6:	0000      	.short	0x0000
20003ff8:	d0000000 	.word	0xd0000000
20003ffc:	ffffffff 	.word	0xffffffff

20004000 <__wrap___aeabi_drsub>:
20004000:	4048      	eors	r0, r1
20004002:	4041      	eors	r1, r0
20004004:	4048      	eors	r0, r1

20004006 <__wrap___aeabi_dsub>:
20004006:	b418      	push	{r3, r4}
20004008:	4b13      	ldr	r3, [pc, #76]	; (20004058 <__wrap___aeabi_dmul+0xa>)
2000400a:	685b      	ldr	r3, [r3, #4]
2000400c:	9301      	str	r3, [sp, #4]
2000400e:	bd08      	pop	{r3, pc}

20004010 <__wrap___aeabi_dadd>:
20004010:	b418      	push	{r3, r4}
20004012:	4b11      	ldr	r3, [pc, #68]	; (20004058 <__wrap___aeabi_dmul+0xa>)
20004014:	681b      	ldr	r3, [r3, #0]
20004016:	9301      	str	r3, [sp, #4]
20004018:	bd08      	pop	{r3, pc}

2000401a <__wrap___aeabi_ddiv>:
2000401a:	4694      	mov	ip, r2
2000401c:	4a0f      	ldr	r2, [pc, #60]	; (2000405c <__wrap___aeabi_dmul+0xe>)
2000401e:	6f92      	ldr	r2, [r2, #120]	; 0x78
20004020:	0892      	lsrs	r2, r2, #2
20004022:	d205      	bcs.n	20004030 <ddiv_save_state>
20004024:	4662      	mov	r2, ip

20004026 <ddiv_shim_call>:
20004026:	b418      	push	{r3, r4}
20004028:	4b0b      	ldr	r3, [pc, #44]	; (20004058 <__wrap___aeabi_dmul+0xa>)
2000402a:	68db      	ldr	r3, [r3, #12]
2000402c:	9301      	str	r3, [sp, #4]
2000402e:	bd08      	pop	{r3, pc}

20004030 <ddiv_save_state>:
20004030:	4a0a      	ldr	r2, [pc, #40]	; (2000405c <__wrap___aeabi_dmul+0xe>)
20004032:	b5f0      	push	{r4, r5, r6, r7, lr}
20004034:	6e14      	ldr	r4, [r2, #96]	; 0x60
20004036:	6e55      	ldr	r5, [r2, #100]	; 0x64
20004038:	6f57      	ldr	r7, [r2, #116]	; 0x74
2000403a:	6f16      	ldr	r6, [r2, #112]	; 0x70
2000403c:	4662      	mov	r2, ip
2000403e:	f7ff fff2 	bl	20004026 <ddiv_shim_call>
20004042:	4a06      	ldr	r2, [pc, #24]	; (2000405c <__wrap___aeabi_dmul+0xe>)
20004044:	6614      	str	r4, [r2, #96]	; 0x60
20004046:	6655      	str	r5, [r2, #100]	; 0x64
20004048:	6757      	str	r7, [r2, #116]	; 0x74
2000404a:	6716      	str	r6, [r2, #112]	; 0x70
2000404c:	bdf0      	pop	{r4, r5, r6, r7, pc}

2000404e <__wrap___aeabi_dmul>:
2000404e:	b418      	push	{r3, r4}
20004050:	4b01      	ldr	r3, [pc, #4]	; (20004058 <__wrap___aeabi_dmul+0xa>)
20004052:	689b      	ldr	r3, [r3, #8]
20004054:	9301      	str	r3, [sp, #4]
20004056:	bd08      	pop	{r3, pc}
20004058:	2000619c 	.word	0x2000619c
2000405c:	d0000000 	.word	0xd0000000

20004060 <__wrap___aeabi_cdrcmple>:
20004060:	b5ff      	push	{r0, r1, r2, r3, r4, r5, r6, r7, lr}
20004062:	4050      	eors	r0, r2
20004064:	4042      	eors	r2, r0
20004066:	4050      	eors	r0, r2
20004068:	4059      	eors	r1, r3
2000406a:	404b      	eors	r3, r1
2000406c:	4059      	eors	r1, r3
2000406e:	e000      	b.n	20004072 <__aeabi_dfcmple_guts>

20004070 <__wrap___aeabi_cdcmpeq>:
20004070:	b5ff      	push	{r0, r1, r2, r3, r4, r5, r6, r7, lr}

20004072 <__aeabi_dfcmple_guts>:
20004072:	4f15      	ldr	r7, [pc, #84]	; (200040c8 <__aeabi_dfcmple_guts+0x56>)
20004074:	004c      	lsls	r4, r1, #1
20004076:	0d64      	lsrs	r4, r4, #21
20004078:	d003      	beq.n	20004082 <__aeabi_dfcmple_guts+0x10>
2000407a:	42bc      	cmp	r4, r7
2000407c:	d104      	bne.n	20004088 <__aeabi_dfcmple_guts+0x16>
2000407e:	030c      	lsls	r4, r1, #12
20004080:	d814      	bhi.n	200040ac <__aeabi_dfcmple_guts+0x3a>
20004082:	2000      	movs	r0, #0
20004084:	0d09      	lsrs	r1, r1, #20
20004086:	0509      	lsls	r1, r1, #20
20004088:	005c      	lsls	r4, r3, #1
2000408a:	0d64      	lsrs	r4, r4, #21
2000408c:	d003      	beq.n	20004096 <__aeabi_dfcmple_guts+0x24>
2000408e:	42bc      	cmp	r4, r7
20004090:	d104      	bne.n	2000409c <__aeabi_dfcmple_guts+0x2a>
20004092:	031c      	lsls	r4, r3, #12
20004094:	d80a      	bhi.n	200040ac <__aeabi_dfcmple_guts+0x3a>
20004096:	2200      	movs	r2, #0
20004098:	0d1b      	lsrs	r3, r3, #20
2000409a:	051b      	lsls	r3, r3, #20
2000409c:	2601      	movs	r6, #1
2000409e:	404b      	eors	r3, r1
200040a0:	d409      	bmi.n	200040b6 <__aeabi_dfcmple_guts+0x44>
200040a2:	404b      	eors	r3, r1
200040a4:	d503      	bpl.n	200040ae <__aeabi_dfcmple_guts+0x3c>
200040a6:	428b      	cmp	r3, r1
200040a8:	d100      	bne.n	200040ac <__aeabi_dfcmple_guts+0x3a>
200040aa:	4282      	cmp	r2, r0
200040ac:	bdff      	pop	{r0, r1, r2, r3, r4, r5, r6, r7, pc}
200040ae:	4299      	cmp	r1, r3
200040b0:	d1fc      	bne.n	200040ac <__aeabi_dfcmple_guts+0x3a>
200040b2:	4290      	cmp	r0, r2
200040b4:	bdff      	pop	{r0, r1, r2, r3, r4, r5, r6, r7, pc}
200040b6:	430b      	orrs	r3, r1
200040b8:	18db      	adds	r3, r3, r3
200040ba:	4303      	orrs	r3, r0
200040bc:	4313      	orrs	r3, r2
200040be:	d0f5      	beq.n	200040ac <__aeabi_dfcmple_guts+0x3a>
200040c0:	43c9      	mvns	r1, r1
200040c2:	1849      	adds	r1, r1, r1
200040c4:	bdff      	pop	{r0, r1, r2, r3, r4, r5, r6, r7, pc}
200040c6:	0000      	.short	0x0000
200040c8:	000007ff 	.word	0x000007ff

200040cc <__wrap___aeabi_dcmplt>:
200040cc:	b500      	push	{lr}
200040ce:	f7ff ffcf 	bl	20004070 <__wrap___aeabi_cdcmpeq>
200040d2:	4180      	sbcs	r0, r0
200040d4:	bd00      	pop	{pc}
200040d6:	46c0      	nop			; (mov r8, r8)

200040d8 <__wrap___aeabi_dcmple>:
200040d8:	b500      	push	{lr}
200040da:	f7ff ffc9 	bl	20004070 <__wrap___aeabi_cdcmpeq>
200040de:	d901      	bls.n	200040e4 <__wrap___aeabi_dcmple+0xc>
200040e0:	2000      	movs	r0, #0
200040e2:	bd00      	pop	{pc}
200040e4:	2001      	movs	r0, #1
200040e6:	bd00      	pop	{pc}

200040e8 <__wrap___aeabi_dcmpge>:
200040e8:	b500      	push	{lr}
200040ea:	f7ff ffb9 	bl	20004060 <__wrap___aeabi_cdrcmple>
200040ee:	d901      	bls.n	200040f4 <__wrap___aeabi_dcmpge+0xc>
200040f0:	2000      	movs	r0, #0
200040f2:	bd00      	pop	{pc}
200040f4:	2001      	movs	r0, #1
200040f6:	bd00      	pop	{pc}

200040f8 <__wrap___aeabi_dcmpgt>:
200040f8:	b500      	push	{lr}
200040fa:	f7ff ffb1 	bl	20004060 <__wrap___aeabi_cdrcmple>
200040fe:	4180      	sbcs	r0, r0
20004100:	bd00      	pop	{pc}

20004102 <__wrap___aeabi_dcmpun>:
20004102:	2001      	movs	r0, #1
20004104:	0540      	lsls	r0, r0, #21
20004106:	004a      	lsls	r2, r1, #1
20004108:	1812      	adds	r2, r2, r0
2000410a:	d804      	bhi.n	20004116 <__wrap___aeabi_dcmpun+0x14>
2000410c:	005a      	lsls	r2, r3, #1
2000410e:	1812      	adds	r2, r2, r0
20004110:	d801      	bhi.n	20004116 <__wrap___aeabi_dcmpun+0x14>
20004112:	2000      	movs	r0, #0
20004114:	4770      	bx	lr
20004116:	2001      	movs	r0, #1
20004118:	4770      	bx	lr
2000411a:	2000      	movs	r0, #0
2000411c:	4770      	bx	lr
	...

20004120 <__wrap___aeabi_ui2d>:
20004120:	2100      	movs	r1, #0
20004122:	2800      	cmp	r0, #0
20004124:	d105      	bne.n	20004132 <__wrap___aeabi_i2d+0xa>
20004126:	4770      	bx	lr

20004128 <__wrap___aeabi_i2d>:
20004128:	17c1      	asrs	r1, r0, #31
2000412a:	4048      	eors	r0, r1
2000412c:	1a40      	subs	r0, r0, r1
2000412e:	d0fa      	beq.n	20004126 <__wrap___aeabi_ui2d+0x6>
20004130:	07c9      	lsls	r1, r1, #31
20004132:	b513      	push	{r0, r1, r4, lr}
20004134:	4b06      	ldr	r3, [pc, #24]	; (20004150 <__wrap___aeabi_i2d+0x28>)
20004136:	681b      	ldr	r3, [r3, #0]
20004138:	4798      	blx	r3
2000413a:	bc0c      	pop	{r2, r3}
2000413c:	1c44      	adds	r4, r0, #1
2000413e:	40a2      	lsls	r2, r4
20004140:	0510      	lsls	r0, r2, #20
20004142:	0b12      	lsrs	r2, r2, #12
20004144:	4903      	ldr	r1, [pc, #12]	; (20004154 <__wrap___aeabi_i2d+0x2c>)
20004146:	1b09      	subs	r1, r1, r4
20004148:	0509      	lsls	r1, r1, #20
2000414a:	4319      	orrs	r1, r3
2000414c:	4311      	orrs	r1, r2
2000414e:	bd10      	pop	{r4, pc}
20004150:	2000629c 	.word	0x2000629c
20004154:	0000041f 	.word	0x0000041f

20004158 <__wrap___aeabi_d2iz>:
20004158:	b510      	push	{r4, lr}
2000415a:	004c      	lsls	r4, r1, #1
2000415c:	0d62      	lsrs	r2, r4, #21
2000415e:	2380      	movs	r3, #128	; 0x80
20004160:	18d2      	adds	r2, r2, r3
20004162:	00db      	lsls	r3, r3, #3
20004164:	1ad2      	subs	r2, r2, r3
20004166:	055b      	lsls	r3, r3, #21
20004168:	2a7e      	cmp	r2, #126	; 0x7e
2000416a:	dd10      	ble.n	2000418e <__wrap___aeabi_d2iz+0x36>
2000416c:	3a9e      	subs	r2, #158	; 0x9e
2000416e:	da13      	bge.n	20004198 <__wrap___aeabi_d2iz+0x40>
20004170:	17cc      	asrs	r4, r1, #31
20004172:	0309      	lsls	r1, r1, #12
20004174:	0849      	lsrs	r1, r1, #1
20004176:	4319      	orrs	r1, r3
20004178:	4252      	negs	r2, r2
2000417a:	40d1      	lsrs	r1, r2
2000417c:	0064      	lsls	r4, r4, #1
2000417e:	3401      	adds	r4, #1
20004180:	3215      	adds	r2, #21
20004182:	2a20      	cmp	r2, #32
20004184:	da05      	bge.n	20004192 <__wrap___aeabi_d2iz+0x3a>
20004186:	40d0      	lsrs	r0, r2
20004188:	4308      	orrs	r0, r1
2000418a:	4360      	muls	r0, r4
2000418c:	bd10      	pop	{r4, pc}
2000418e:	2000      	movs	r0, #0
20004190:	bd10      	pop	{r4, pc}
20004192:	4608      	mov	r0, r1
20004194:	4360      	muls	r0, r4
20004196:	bd10      	pop	{r4, pc}
20004198:	0fc8      	lsrs	r0, r1, #31
2000419a:	18c0      	adds	r0, r0, r3
2000419c:	3801      	subs	r0, #1
2000419e:	bd10      	pop	{r4, pc}

200041a0 <__wrap___aeabi_d2uiz>:
200041a0:	b418      	push	{r3, r4}
200041a2:	4b02      	ldr	r3, [pc, #8]	; (200041ac <__wrap___aeabi_d2uiz+0xc>)
200041a4:	6a5b      	ldr	r3, [r3, #36]	; 0x24
200041a6:	9301      	str	r3, [sp, #4]
200041a8:	bd08      	pop	{r3, pc}
200041aa:	0000      	.short	0x0000
200041ac:	2000619c 	.word	0x2000619c

200041b0 <missing_double_func_shim>:
200041b0:	b510      	push	{r4, lr}
200041b2:	4801      	ldr	r0, [pc, #4]	; (200041b8 <missing_double_func_shim+0x8>)
200041b4:	f7fe fbd8 	bl	20002968 <panic>
200041b8:	20005a40 	.word	0x20005a40

200041bc <__aeabi_double_init>:
200041bc:	b570      	push	{r4, r5, r6, lr}
200041be:	2313      	movs	r3, #19
200041c0:	781c      	ldrb	r4, [r3, #0]
200041c2:	2c01      	cmp	r4, #1
200041c4:	d014      	beq.n	200041f0 <__aeabi_double_init+0x34>
200041c6:	2c01      	cmp	r4, #1
200041c8:	dc14      	bgt.n	200041f4 <__aeabi_double_init+0x38>
200041ca:	2c02      	cmp	r4, #2
200041cc:	dc02      	bgt.n	200041d4 <__aeabi_double_init+0x18>
200041ce:	4a1f      	ldr	r2, [pc, #124]	; (2000424c <__aeabi_double_init+0x90>)
200041d0:	4b1f      	ldr	r3, [pc, #124]	; (20004250 <__aeabi_double_init+0x94>)
200041d2:	649a      	str	r2, [r3, #72]	; 0x48
200041d4:	481f      	ldr	r0, [pc, #124]	; (20004254 <__aeabi_double_init+0x98>)
200041d6:	f7ff fc87 	bl	20003ae8 <rom_func_lookup>
200041da:	4b1f      	ldr	r3, [pc, #124]	; (20004258 <__aeabi_double_init+0x9c>)
200041dc:	6018      	str	r0, [r3, #0]
200041de:	bd70      	pop	{r4, r5, r6, pc}
200041e0:	0099      	lsls	r1, r3, #2
200041e2:	481e      	ldr	r0, [pc, #120]	; (2000425c <__aeabi_double_init+0xa0>)
200041e4:	4a1a      	ldr	r2, [pc, #104]	; (20004250 <__aeabi_double_init+0x94>)
200041e6:	5088      	str	r0, [r1, r2]
200041e8:	3301      	adds	r3, #1
200041ea:	2b1f      	cmp	r3, #31
200041ec:	d9f8      	bls.n	200041e0 <__aeabi_double_init+0x24>
200041ee:	e7ea      	b.n	200041c6 <__aeabi_double_init+0xa>
200041f0:	2300      	movs	r3, #0
200041f2:	e7fa      	b.n	200041ea <__aeabi_double_init+0x2e>
200041f4:	481a      	ldr	r0, [pc, #104]	; (20004260 <__aeabi_double_init+0xa4>)
200041f6:	f7ff fc7f 	bl	20003af8 <rom_data_lookup>
200041fa:	0005      	movs	r5, r0
200041fc:	4819      	ldr	r0, [pc, #100]	; (20004264 <__aeabi_double_init+0xa8>)
200041fe:	f7ff fc7b 	bl	20003af8 <rom_data_lookup>
20004202:	3802      	subs	r0, #2
20004204:	7803      	ldrb	r3, [r0, #0]
20004206:	009b      	lsls	r3, r3, #2
20004208:	2b7f      	cmp	r3, #127	; 0x7f
2000420a:	dd19      	ble.n	20004240 <__aeabi_double_init+0x84>
2000420c:	2280      	movs	r2, #128	; 0x80
2000420e:	0029      	movs	r1, r5
20004210:	480f      	ldr	r0, [pc, #60]	; (20004250 <__aeabi_double_init+0x94>)
20004212:	f000 f8c5 	bl	200043a0 <__wrap___aeabi_memcpy>
20004216:	2c02      	cmp	r4, #2
20004218:	d1d7      	bne.n	200041ca <__aeabi_double_init+0xe>
2000421a:	4b13      	ldr	r3, [pc, #76]	; (20004268 <__aeabi_double_init+0xac>)
2000421c:	881a      	ldrh	r2, [r3, #0]
2000421e:	23b5      	movs	r3, #181	; 0xb5
20004220:	021b      	lsls	r3, r3, #8
20004222:	429a      	cmp	r2, r3
20004224:	d109      	bne.n	2000423a <__aeabi_double_init+0x7e>
20004226:	4b11      	ldr	r3, [pc, #68]	; (2000426c <__aeabi_double_init+0xb0>)
20004228:	881a      	ldrh	r2, [r3, #0]
2000422a:	4b11      	ldr	r3, [pc, #68]	; (20004270 <__aeabi_double_init+0xb4>)
2000422c:	429a      	cmp	r2, r3
2000422e:	d104      	bne.n	2000423a <__aeabi_double_init+0x7e>
20004230:	4b10      	ldr	r3, [pc, #64]	; (20004274 <__aeabi_double_init+0xb8>)
20004232:	881a      	ldrh	r2, [r3, #0]
20004234:	4b10      	ldr	r3, [pc, #64]	; (20004278 <__aeabi_double_init+0xbc>)
20004236:	429a      	cmp	r2, r3
20004238:	d0c7      	beq.n	200041ca <__aeabi_double_init+0xe>
2000423a:	2000      	movs	r0, #0
2000423c:	f7fe fb94 	bl	20002968 <panic>
20004240:	4b0e      	ldr	r3, [pc, #56]	; (2000427c <__aeabi_double_init+0xc0>)
20004242:	4a0f      	ldr	r2, [pc, #60]	; (20004280 <__aeabi_double_init+0xc4>)
20004244:	2132      	movs	r1, #50	; 0x32
20004246:	480f      	ldr	r0, [pc, #60]	; (20004284 <__aeabi_double_init+0xc8>)
20004248:	f7fe faf4 	bl	20002834 <__assert_func>
2000424c:	20004289 	.word	0x20004289
20004250:	2000619c 	.word	0x2000619c
20004254:	0000334c 	.word	0x0000334c
20004258:	2000629c 	.word	0x2000629c
2000425c:	200041b1 	.word	0x200041b1
20004260:	00004453 	.word	0x00004453
20004264:	00004653 	.word	0x00004653
20004268:	00003854 	.word	0x00003854
2000426c:	000038d8 	.word	0x000038d8
20004270:	00004649 	.word	0x00004649
20004274:	0000389c 	.word	0x0000389c
20004278:	00004659 	.word	0x00004659
2000427c:	20005a58 	.word	0x20005a58
20004280:	20005af0 	.word	0x20005af0
20004284:	20005aac 	.word	0x20005aac

20004288 <double_table_shim_on_use_helper>:
20004288:	b507      	push	{r0, r1, r2, lr}
2000428a:	4660      	mov	r0, ip
2000428c:	2800      	cmp	r0, #0
2000428e:	d100      	bne.n	20004292 <double_table_shim_on_use_helper+0xa>
20004290:	be00      	bkpt	0x0000
20004292:	8801      	ldrh	r1, [r0, #0]
20004294:	0a0a      	lsrs	r2, r1, #8
20004296:	3002      	adds	r0, #2
20004298:	2adf      	cmp	r2, #223	; 0xdf
2000429a:	d1fa      	bne.n	20004292 <double_table_shim_on_use_helper+0xa>
2000429c:	b2c9      	uxtb	r1, r1
2000429e:	0882      	lsrs	r2, r0, #2
200042a0:	d304      	bcc.n	200042ac <double_table_shim_on_use_helper+0x24>
200042a2:	8802      	ldrh	r2, [r0, #0]
200042a4:	8840      	ldrh	r0, [r0, #2]
200042a6:	0400      	lsls	r0, r0, #16
200042a8:	4310      	orrs	r0, r2
200042aa:	e000      	b.n	200042ae <double_table_shim_on_use_helper+0x26>
200042ac:	6800      	ldr	r0, [r0, #0]
200042ae:	4a02      	ldr	r2, [pc, #8]	; (200042b8 <double_table_shim_on_use_helper+0x30>)
200042b0:	5050      	str	r0, [r2, r1]
200042b2:	9003      	str	r0, [sp, #12]
200042b4:	bd07      	pop	{r0, r1, r2, pc}
200042b6:	0000      	.short	0x0000
200042b8:	2000619c 	.word	0x2000619c

200042bc <__wrap___aeabi_lmul>:
200042bc:	4351      	muls	r1, r2
200042be:	4343      	muls	r3, r0
200042c0:	18c9      	adds	r1, r1, r3
200042c2:	468c      	mov	ip, r1
200042c4:	0c11      	lsrs	r1, r2, #16
200042c6:	b283      	uxth	r3, r0
200042c8:	434b      	muls	r3, r1
200042ca:	b410      	push	{r4}
200042cc:	0c04      	lsrs	r4, r0, #16
200042ce:	4361      	muls	r1, r4
200042d0:	b292      	uxth	r2, r2
200042d2:	b280      	uxth	r0, r0
200042d4:	4350      	muls	r0, r2
200042d6:	4362      	muls	r2, r4
200042d8:	041c      	lsls	r4, r3, #16
200042da:	0c1b      	lsrs	r3, r3, #16
200042dc:	1900      	adds	r0, r0, r4
200042de:	bc10      	pop	{r4}
200042e0:	4159      	adcs	r1, r3
200042e2:	0413      	lsls	r3, r2, #16
200042e4:	0c12      	lsrs	r2, r2, #16
200042e6:	18c0      	adds	r0, r0, r3
200042e8:	4151      	adcs	r1, r2
200042ea:	4461      	add	r1, ip
200042ec:	4770      	bx	lr
	...

200042f0 <missing_float_func_shim>:
200042f0:	b510      	push	{r4, lr}
200042f2:	4801      	ldr	r0, [pc, #4]	; (200042f8 <missing_float_func_shim+0x8>)
200042f4:	f7fe fb38 	bl	20002968 <panic>
200042f8:	20005740 	.word	0x20005740

200042fc <__aeabi_float_init>:
200042fc:	b570      	push	{r4, r5, r6, lr}
200042fe:	2313      	movs	r3, #19
20004300:	781e      	ldrb	r6, [r3, #0]
20004302:	4818      	ldr	r0, [pc, #96]	; (20004364 <__aeabi_float_init+0x68>)
20004304:	f7ff fbf8 	bl	20003af8 <rom_data_lookup>
20004308:	0005      	movs	r5, r0
2000430a:	2e01      	cmp	r6, #1
2000430c:	d011      	beq.n	20004332 <__aeabi_float_init+0x36>
2000430e:	2e01      	cmp	r6, #1
20004310:	dd09      	ble.n	20004326 <__aeabi_float_init+0x2a>
20004312:	1eab      	subs	r3, r5, #2
20004314:	781b      	ldrb	r3, [r3, #0]
20004316:	009b      	lsls	r3, r3, #2
20004318:	2b7f      	cmp	r3, #127	; 0x7f
2000431a:	dd1d      	ble.n	20004358 <__aeabi_float_init+0x5c>
2000431c:	2280      	movs	r2, #128	; 0x80
2000431e:	0029      	movs	r1, r5
20004320:	4811      	ldr	r0, [pc, #68]	; (20004368 <__aeabi_float_init+0x6c>)
20004322:	f000 f83d 	bl	200043a0 <__wrap___aeabi_memcpy>
20004326:	4811      	ldr	r0, [pc, #68]	; (2000436c <__aeabi_float_init+0x70>)
20004328:	f7ff fbde 	bl	20003ae8 <rom_func_lookup>
2000432c:	4b10      	ldr	r3, [pc, #64]	; (20004370 <__aeabi_float_init+0x74>)
2000432e:	6018      	str	r0, [r3, #0]
20004330:	bd70      	pop	{r4, r5, r6, pc}
20004332:	2254      	movs	r2, #84	; 0x54
20004334:	0001      	movs	r1, r0
20004336:	480c      	ldr	r0, [pc, #48]	; (20004368 <__aeabi_float_init+0x6c>)
20004338:	f000 f832 	bl	200043a0 <__wrap___aeabi_memcpy>
2000433c:	2300      	movs	r3, #0
2000433e:	e000      	b.n	20004342 <__aeabi_float_init+0x46>
20004340:	3301      	adds	r3, #1
20004342:	2b1f      	cmp	r3, #31
20004344:	d8e3      	bhi.n	2000430e <__aeabi_float_init+0x12>
20004346:	009a      	lsls	r2, r3, #2
20004348:	4c07      	ldr	r4, [pc, #28]	; (20004368 <__aeabi_float_init+0x6c>)
2000434a:	5912      	ldr	r2, [r2, r4]
2000434c:	2a00      	cmp	r2, #0
2000434e:	d1f7      	bne.n	20004340 <__aeabi_float_init+0x44>
20004350:	009a      	lsls	r2, r3, #2
20004352:	4808      	ldr	r0, [pc, #32]	; (20004374 <__aeabi_float_init+0x78>)
20004354:	5110      	str	r0, [r2, r4]
20004356:	e7f3      	b.n	20004340 <__aeabi_float_init+0x44>
20004358:	4b07      	ldr	r3, [pc, #28]	; (20004378 <__aeabi_float_init+0x7c>)
2000435a:	4a08      	ldr	r2, [pc, #32]	; (2000437c <__aeabi_float_init+0x80>)
2000435c:	2142      	movs	r1, #66	; 0x42
2000435e:	4808      	ldr	r0, [pc, #32]	; (20004380 <__aeabi_float_init+0x84>)
20004360:	f7fe fa68 	bl	20002834 <__assert_func>
20004364:	00004653 	.word	0x00004653
20004368:	200062a0 	.word	0x200062a0
2000436c:	0000334c 	.word	0x0000334c
20004370:	2000629c 	.word	0x2000629c
20004374:	200042f1 	.word	0x200042f1
20004378:	20005b04 	.word	0x20005b04
2000437c:	20005b7c 	.word	0x20005b7c
20004380:	20005b38 	.word	0x20005b38

20004384 <__aeabi_mem_init>:
20004384:	4801      	ldr	r0, [pc, #4]	; (2000438c <__aeabi_mem_init+0x8>)
20004386:	2104      	movs	r1, #4
20004388:	4b01      	ldr	r3, [pc, #4]	; (20004390 <__aeabi_mem_init+0xc>)
2000438a:	4718      	bx	r3
2000438c:	20005eb0 	.word	0x20005eb0
20004390:	20003b09 	.word	0x20003b09

20004394 <__wrap_memset>:
20004394:	4b01      	ldr	r3, [pc, #4]	; (2000439c <__wrap_memset+0x8>)
20004396:	681b      	ldr	r3, [r3, #0]
20004398:	4718      	bx	r3
2000439a:	0000      	.short	0x0000
2000439c:	20005eb0 	.word	0x20005eb0

200043a0 <__wrap___aeabi_memcpy>:
200043a0:	4b01      	ldr	r3, [pc, #4]	; (200043a8 <__wrap___aeabi_memcpy+0x8>)
200043a2:	685b      	ldr	r3, [r3, #4]
200043a4:	4718      	bx	r3
200043a6:	0000      	.short	0x0000
200043a8:	20005eb0 	.word	0x20005eb0

200043ac <stdio_out_chars_no_crlf>:
200043ac:	b510      	push	{r4, lr}
200043ae:	0003      	movs	r3, r0
200043b0:	0008      	movs	r0, r1
200043b2:	0011      	movs	r1, r2
200043b4:	681b      	ldr	r3, [r3, #0]
200043b6:	4798      	blx	r3
200043b8:	bd10      	pop	{r4, pc}
	...

200043bc <stdio_out_chars_crlf>:
200043bc:	b5f8      	push	{r3, r4, r5, r6, r7, lr}
200043be:	0007      	movs	r7, r0
200043c0:	000d      	movs	r5, r1
200043c2:	0016      	movs	r6, r2
200043c4:	7d43      	ldrb	r3, [r0, #21]
200043c6:	2b00      	cmp	r3, #0
200043c8:	d002      	beq.n	200043d0 <stdio_out_chars_crlf+0x14>
200043ca:	2400      	movs	r4, #0
200043cc:	2000      	movs	r0, #0
200043ce:	e00c      	b.n	200043ea <stdio_out_chars_crlf+0x2e>
200043d0:	6803      	ldr	r3, [r0, #0]
200043d2:	0011      	movs	r1, r2
200043d4:	0028      	movs	r0, r5
200043d6:	4798      	blx	r3
200043d8:	e02d      	b.n	20004436 <stdio_out_chars_crlf+0x7a>
200043da:	7d3b      	ldrb	r3, [r7, #20]
200043dc:	e010      	b.n	20004400 <stdio_out_chars_crlf+0x44>
200043de:	2102      	movs	r1, #2
200043e0:	4815      	ldr	r0, [pc, #84]	; (20004438 <stdio_out_chars_crlf+0x7c>)
200043e2:	683b      	ldr	r3, [r7, #0]
200043e4:	4798      	blx	r3
200043e6:	1c60      	adds	r0, r4, #1
200043e8:	3401      	adds	r4, #1
200043ea:	42b4      	cmp	r4, r6
200043ec:	da14      	bge.n	20004418 <stdio_out_chars_crlf+0x5c>
200043ee:	2c00      	cmp	r4, #0
200043f0:	ddf3      	ble.n	200043da <stdio_out_chars_crlf+0x1e>
200043f2:	192b      	adds	r3, r5, r4
200043f4:	3b01      	subs	r3, #1
200043f6:	781b      	ldrb	r3, [r3, #0]
200043f8:	3b0d      	subs	r3, #13
200043fa:	425a      	negs	r2, r3
200043fc:	4153      	adcs	r3, r2
200043fe:	b2db      	uxtb	r3, r3
20004400:	5d2a      	ldrb	r2, [r5, r4]
20004402:	2a0a      	cmp	r2, #10
20004404:	d1f0      	bne.n	200043e8 <stdio_out_chars_crlf+0x2c>
20004406:	2b00      	cmp	r3, #0
20004408:	d1ee      	bne.n	200043e8 <stdio_out_chars_crlf+0x2c>
2000440a:	42a0      	cmp	r0, r4
2000440c:	dae7      	bge.n	200043de <stdio_out_chars_crlf+0x22>
2000440e:	1a21      	subs	r1, r4, r0
20004410:	1828      	adds	r0, r5, r0
20004412:	683b      	ldr	r3, [r7, #0]
20004414:	4798      	blx	r3
20004416:	e7e2      	b.n	200043de <stdio_out_chars_crlf+0x22>
20004418:	42b0      	cmp	r0, r6
2000441a:	da03      	bge.n	20004424 <stdio_out_chars_crlf+0x68>
2000441c:	1a31      	subs	r1, r6, r0
2000441e:	1828      	adds	r0, r5, r0
20004420:	683b      	ldr	r3, [r7, #0]
20004422:	4798      	blx	r3
20004424:	2e00      	cmp	r6, #0
20004426:	dd06      	ble.n	20004436 <stdio_out_chars_crlf+0x7a>
20004428:	19ad      	adds	r5, r5, r6
2000442a:	3d01      	subs	r5, #1
2000442c:	782b      	ldrb	r3, [r5, #0]
2000442e:	3b0d      	subs	r3, #13
20004430:	425a      	negs	r2, r3
20004432:	4153      	adcs	r3, r2
20004434:	753b      	strb	r3, [r7, #20]
20004436:	bdf8      	pop	{r3, r4, r5, r6, r7, pc}
20004438:	20005c18 	.word	0x20005c18

2000443c <stdio_stack_buffer_flush>:
2000443c:	b570      	push	{r4, r5, r6, lr}
2000443e:	0005      	movs	r5, r0
20004440:	6803      	ldr	r3, [r0, #0]
20004442:	2b00      	cmp	r3, #0
20004444:	d016      	beq.n	20004474 <stdio_stack_buffer_flush+0x38>
20004446:	4b0c      	ldr	r3, [pc, #48]	; (20004478 <stdio_stack_buffer_flush+0x3c>)
20004448:	681c      	ldr	r4, [r3, #0]
2000444a:	e005      	b.n	20004458 <stdio_stack_buffer_flush+0x1c>
2000444c:	0029      	movs	r1, r5
2000444e:	c904      	ldmia	r1!, {r2}
20004450:	0020      	movs	r0, r4
20004452:	f7ff ffb3 	bl	200043bc <stdio_out_chars_crlf>
20004456:	6924      	ldr	r4, [r4, #16]
20004458:	2c00      	cmp	r4, #0
2000445a:	d009      	beq.n	20004470 <stdio_stack_buffer_flush+0x34>
2000445c:	6823      	ldr	r3, [r4, #0]
2000445e:	2b00      	cmp	r3, #0
20004460:	d0f9      	beq.n	20004456 <stdio_stack_buffer_flush+0x1a>
20004462:	4b06      	ldr	r3, [pc, #24]	; (2000447c <stdio_stack_buffer_flush+0x40>)
20004464:	681b      	ldr	r3, [r3, #0]
20004466:	2b00      	cmp	r3, #0
20004468:	d0f0      	beq.n	2000444c <stdio_stack_buffer_flush+0x10>
2000446a:	42a3      	cmp	r3, r4
2000446c:	d1f3      	bne.n	20004456 <stdio_stack_buffer_flush+0x1a>
2000446e:	e7ed      	b.n	2000444c <stdio_stack_buffer_flush+0x10>
20004470:	2300      	movs	r3, #0
20004472:	602b      	str	r3, [r5, #0]
20004474:	bd70      	pop	{r4, r5, r6, pc}
20004476:	46c0      	nop			; (mov r8, r8)
20004478:	2000617c 	.word	0x2000617c
2000447c:	20006180 	.word	0x20006180

20004480 <stdio_buffered_printer>:
20004480:	b570      	push	{r4, r5, r6, lr}
20004482:	0005      	movs	r5, r0
20004484:	000c      	movs	r4, r1
20004486:	680b      	ldr	r3, [r1, #0]
20004488:	2b80      	cmp	r3, #128	; 0x80
2000448a:	d005      	beq.n	20004498 <stdio_buffered_printer+0x18>
2000448c:	6821      	ldr	r1, [r4, #0]
2000448e:	1c4b      	adds	r3, r1, #1
20004490:	6023      	str	r3, [r4, #0]
20004492:	1864      	adds	r4, r4, r1
20004494:	7125      	strb	r5, [r4, #4]
20004496:	bd70      	pop	{r4, r5, r6, pc}
20004498:	0008      	movs	r0, r1
2000449a:	f7ff ffcf 	bl	2000443c <stdio_stack_buffer_flush>
2000449e:	e7f5      	b.n	2000448c <stdio_buffered_printer+0xc>

200044a0 <stdout_serialize_begin>:
200044a0:	b510      	push	{r4, lr}
200044a2:	f7fd fbe1 	bl	20001c68 <time_us_64>
200044a6:	0002      	movs	r2, r0
200044a8:	1e0b      	subs	r3, r1, #0
200044aa:	db0b      	blt.n	200044c4 <stdout_serialize_begin+0x24>
200044ac:	480d      	ldr	r0, [pc, #52]	; (200044e4 <stdout_serialize_begin+0x44>)
200044ae:	2100      	movs	r1, #0
200044b0:	1812      	adds	r2, r2, r0
200044b2:	414b      	adcs	r3, r1
200044b4:	2b00      	cmp	r3, #0
200044b6:	db0b      	blt.n	200044d0 <stdout_serialize_begin+0x30>
200044b8:	2b00      	cmp	r3, #0
200044ba:	db0d      	blt.n	200044d8 <stdout_serialize_begin+0x38>
200044bc:	480a      	ldr	r0, [pc, #40]	; (200044e8 <stdout_serialize_begin+0x48>)
200044be:	f000 fb21 	bl	20004b04 <mutex_try_enter_block_until>
200044c2:	bd10      	pop	{r4, pc}
200044c4:	4b09      	ldr	r3, [pc, #36]	; (200044ec <stdout_serialize_begin+0x4c>)
200044c6:	4a0a      	ldr	r2, [pc, #40]	; (200044f0 <stdout_serialize_begin+0x50>)
200044c8:	213f      	movs	r1, #63	; 0x3f
200044ca:	480a      	ldr	r0, [pc, #40]	; (200044f4 <stdout_serialize_begin+0x54>)
200044cc:	f7fe f9b2 	bl	20002834 <__assert_func>
200044d0:	2201      	movs	r2, #1
200044d2:	4252      	negs	r2, r2
200044d4:	4b08      	ldr	r3, [pc, #32]	; (200044f8 <stdout_serialize_begin+0x58>)
200044d6:	e7ef      	b.n	200044b8 <stdout_serialize_begin+0x18>
200044d8:	4b04      	ldr	r3, [pc, #16]	; (200044ec <stdout_serialize_begin+0x4c>)
200044da:	4a05      	ldr	r2, [pc, #20]	; (200044f0 <stdout_serialize_begin+0x50>)
200044dc:	213f      	movs	r1, #63	; 0x3f
200044de:	4805      	ldr	r0, [pc, #20]	; (200044f4 <stdout_serialize_begin+0x54>)
200044e0:	f7fe f9a8 	bl	20002834 <__assert_func>
200044e4:	000f4240 	.word	0x000f4240
200044e8:	20005ec0 	.word	0x20005ec0
200044ec:	20005000 	.word	0x20005000
200044f0:	20005c00 	.word	0x20005c00
200044f4:	2000501c 	.word	0x2000501c
200044f8:	7fffffff 	.word	0x7fffffff

200044fc <stdout_serialize_end>:
200044fc:	b510      	push	{r4, lr}
200044fe:	4802      	ldr	r0, [pc, #8]	; (20004508 <stdout_serialize_end+0xc>)
20004500:	f000 fb1a 	bl	20004b38 <mutex_exit>
20004504:	bd10      	pop	{r4, pc}
20004506:	46c0      	nop			; (mov r8, r8)
20004508:	20005ec0 	.word	0x20005ec0

2000450c <stdio_put_string>:
2000450c:	b5f0      	push	{r4, r5, r6, r7, lr}
2000450e:	46ce      	mov	lr, r9
20004510:	4647      	mov	r7, r8
20004512:	b580      	push	{r7, lr}
20004514:	b083      	sub	sp, #12
20004516:	0006      	movs	r6, r0
20004518:	000d      	movs	r5, r1
2000451a:	4690      	mov	r8, r2
2000451c:	001c      	movs	r4, r3
2000451e:	f7ff ffbf 	bl	200044a0 <stdout_serialize_begin>
20004522:	4681      	mov	r9, r0
20004524:	1c6b      	adds	r3, r5, #1
20004526:	d005      	beq.n	20004534 <stdio_put_string+0x28>
20004528:	2c00      	cmp	r4, #0
2000452a:	d008      	beq.n	2000453e <stdio_put_string+0x32>
2000452c:	4f19      	ldr	r7, [pc, #100]	; (20004594 <stdio_put_string+0x88>)
2000452e:	4b1a      	ldr	r3, [pc, #104]	; (20004598 <stdio_put_string+0x8c>)
20004530:	681c      	ldr	r4, [r3, #0]
20004532:	e007      	b.n	20004544 <stdio_put_string+0x38>
20004534:	0030      	movs	r0, r6
20004536:	f000 fa49 	bl	200049cc <strlen>
2000453a:	0005      	movs	r5, r0
2000453c:	e7f4      	b.n	20004528 <stdio_put_string+0x1c>
2000453e:	4f17      	ldr	r7, [pc, #92]	; (2000459c <stdio_put_string+0x90>)
20004540:	e7f5      	b.n	2000452e <stdio_put_string+0x22>
20004542:	6924      	ldr	r4, [r4, #16]
20004544:	2c00      	cmp	r4, #0
20004546:	d017      	beq.n	20004578 <stdio_put_string+0x6c>
20004548:	6823      	ldr	r3, [r4, #0]
2000454a:	2b00      	cmp	r3, #0
2000454c:	d0f9      	beq.n	20004542 <stdio_put_string+0x36>
2000454e:	4b14      	ldr	r3, [pc, #80]	; (200045a0 <stdio_put_string+0x94>)
20004550:	681b      	ldr	r3, [r3, #0]
20004552:	2b00      	cmp	r3, #0
20004554:	d001      	beq.n	2000455a <stdio_put_string+0x4e>
20004556:	42a3      	cmp	r3, r4
20004558:	d1f3      	bne.n	20004542 <stdio_put_string+0x36>
2000455a:	002a      	movs	r2, r5
2000455c:	0031      	movs	r1, r6
2000455e:	0020      	movs	r0, r4
20004560:	47b8      	blx	r7
20004562:	4643      	mov	r3, r8
20004564:	2b00      	cmp	r3, #0
20004566:	d0ec      	beq.n	20004542 <stdio_put_string+0x36>
20004568:	466b      	mov	r3, sp
2000456a:	1dd9      	adds	r1, r3, #7
2000456c:	230a      	movs	r3, #10
2000456e:	700b      	strb	r3, [r1, #0]
20004570:	2201      	movs	r2, #1
20004572:	0020      	movs	r0, r4
20004574:	47b8      	blx	r7
20004576:	e7e4      	b.n	20004542 <stdio_put_string+0x36>
20004578:	464b      	mov	r3, r9
2000457a:	2b00      	cmp	r3, #0
2000457c:	d107      	bne.n	2000458e <stdio_put_string+0x82>
2000457e:	1e6b      	subs	r3, r5, #1
20004580:	419d      	sbcs	r5, r3
20004582:	b2e8      	uxtb	r0, r5
20004584:	b003      	add	sp, #12
20004586:	bcc0      	pop	{r6, r7}
20004588:	46b9      	mov	r9, r7
2000458a:	46b0      	mov	r8, r6
2000458c:	bdf0      	pop	{r4, r5, r6, r7, pc}
2000458e:	f7ff ffb5 	bl	200044fc <stdout_serialize_end>
20004592:	e7f4      	b.n	2000457e <stdio_put_string+0x72>
20004594:	200043ad 	.word	0x200043ad
20004598:	2000617c 	.word	0x2000617c
2000459c:	200043bd 	.word	0x200043bd
200045a0:	20006180 	.word	0x20006180

200045a4 <stdio_flush>:
200045a4:	b510      	push	{r4, lr}
200045a6:	4b06      	ldr	r3, [pc, #24]	; (200045c0 <stdio_flush+0x1c>)
200045a8:	681c      	ldr	r4, [r3, #0]
200045aa:	e001      	b.n	200045b0 <stdio_flush+0xc>
200045ac:	4798      	blx	r3
200045ae:	6924      	ldr	r4, [r4, #16]
200045b0:	2c00      	cmp	r4, #0
200045b2:	d003      	beq.n	200045bc <stdio_flush+0x18>
200045b4:	6863      	ldr	r3, [r4, #4]
200045b6:	2b00      	cmp	r3, #0
200045b8:	d1f8      	bne.n	200045ac <stdio_flush+0x8>
200045ba:	e7f8      	b.n	200045ae <stdio_flush+0xa>
200045bc:	bd10      	pop	{r4, pc}
200045be:	46c0      	nop			; (mov r8, r8)
200045c0:	2000617c 	.word	0x2000617c

200045c4 <__wrap_puts>:
200045c4:	b570      	push	{r4, r5, r6, lr}
200045c6:	0005      	movs	r5, r0
200045c8:	f000 fa00 	bl	200049cc <strlen>
200045cc:	0004      	movs	r4, r0
200045ce:	2300      	movs	r3, #0
200045d0:	2201      	movs	r2, #1
200045d2:	0001      	movs	r1, r0
200045d4:	0028      	movs	r0, r5
200045d6:	f7ff ff99 	bl	2000450c <stdio_put_string>
200045da:	f7ff ffe3 	bl	200045a4 <stdio_flush>
200045de:	0020      	movs	r0, r4
200045e0:	bd70      	pop	{r4, r5, r6, pc}
	...

200045e4 <__wrap_vprintf>:
200045e4:	b570      	push	{r4, r5, r6, lr}
200045e6:	b0a2      	sub	sp, #136	; 0x88
200045e8:	0004      	movs	r4, r0
200045ea:	000e      	movs	r6, r1
200045ec:	f7ff ff58 	bl	200044a0 <stdout_serialize_begin>
200045f0:	0005      	movs	r5, r0
200045f2:	2300      	movs	r3, #0
200045f4:	9301      	str	r3, [sp, #4]
200045f6:	0033      	movs	r3, r6
200045f8:	0022      	movs	r2, r4
200045fa:	a901      	add	r1, sp, #4
200045fc:	4808      	ldr	r0, [pc, #32]	; (20004620 <__wrap_vprintf+0x3c>)
200045fe:	f7ff fa5b 	bl	20003ab8 <vfctprintf>
20004602:	0004      	movs	r4, r0
20004604:	a801      	add	r0, sp, #4
20004606:	f7ff ff19 	bl	2000443c <stdio_stack_buffer_flush>
2000460a:	f7ff ffcb 	bl	200045a4 <stdio_flush>
2000460e:	2d00      	cmp	r5, #0
20004610:	d102      	bne.n	20004618 <__wrap_vprintf+0x34>
20004612:	0020      	movs	r0, r4
20004614:	b022      	add	sp, #136	; 0x88
20004616:	bd70      	pop	{r4, r5, r6, pc}
20004618:	f7ff ff70 	bl	200044fc <stdout_serialize_end>
2000461c:	e7f9      	b.n	20004612 <__wrap_vprintf+0x2e>
2000461e:	46c0      	nop			; (mov r8, r8)
20004620:	20004481 	.word	0x20004481

20004624 <__wrap_printf>:
20004624:	b40f      	push	{r0, r1, r2, r3}
20004626:	b500      	push	{lr}
20004628:	b083      	sub	sp, #12
2000462a:	a904      	add	r1, sp, #16
2000462c:	c901      	ldmia	r1!, {r0}
2000462e:	9101      	str	r1, [sp, #4]
20004630:	f7ff ffd8 	bl	200045e4 <__wrap_vprintf>
20004634:	b003      	add	sp, #12
20004636:	bc08      	pop	{r3}
20004638:	b004      	add	sp, #16
2000463a:	4718      	bx	r3

2000463c <_retrieve_unique_id_on_boot>:
2000463c:	b510      	push	{r4, lr}
2000463e:	4802      	ldr	r0, [pc, #8]	; (20004648 <_retrieve_unique_id_on_boot+0xc>)
20004640:	f000 f80c 	bl	2000465c <flash_get_unique_id>
20004644:	bd10      	pop	{r4, pc}
20004646:	46c0      	nop			; (mov r8, r8)
20004648:	20006194 	.word	0x20006194

2000464c <pico_get_unique_board_id>:
2000464c:	b510      	push	{r4, lr}
2000464e:	2208      	movs	r2, #8
20004650:	4901      	ldr	r1, [pc, #4]	; (20004658 <pico_get_unique_board_id+0xc>)
20004652:	f7ff fea5 	bl	200043a0 <__wrap___aeabi_memcpy>
20004656:	bd10      	pop	{r4, pc}
20004658:	20006194 	.word	0x20006194

2000465c <flash_get_unique_id>:
2000465c:	b570      	push	{r4, r5, r6, lr}
2000465e:	b088      	sub	sp, #32
20004660:	0004      	movs	r4, r0
20004662:	ad04      	add	r5, sp, #16
20004664:	2600      	movs	r6, #0
20004666:	9604      	str	r6, [sp, #16]
20004668:	2209      	movs	r2, #9
2000466a:	2100      	movs	r1, #0
2000466c:	a805      	add	r0, sp, #20
2000466e:	f7ff fe91 	bl	20004394 <__wrap_memset>
20004672:	9600      	str	r6, [sp, #0]
20004674:	2209      	movs	r2, #9
20004676:	2100      	movs	r1, #0
20004678:	a801      	add	r0, sp, #4
2000467a:	f7ff fe8b 	bl	20004394 <__wrap_memset>
2000467e:	234b      	movs	r3, #75	; 0x4b
20004680:	702b      	strb	r3, [r5, #0]
20004682:	220d      	movs	r2, #13
20004684:	4669      	mov	r1, sp
20004686:	0028      	movs	r0, r5
20004688:	f000 fab0 	bl	20004bec <flash_do_cmd>
2000468c:	2300      	movs	r3, #0
2000468e:	e004      	b.n	2000469a <flash_get_unique_id+0x3e>
20004690:	1d5a      	adds	r2, r3, #5
20004692:	4669      	mov	r1, sp
20004694:	5c8a      	ldrb	r2, [r1, r2]
20004696:	54e2      	strb	r2, [r4, r3]
20004698:	3301      	adds	r3, #1
2000469a:	2b07      	cmp	r3, #7
2000469c:	ddf8      	ble.n	20004690 <flash_get_unique_id+0x34>
2000469e:	b008      	add	sp, #32
200046a0:	bd70      	pop	{r4, r5, r6, pc}
	...

200046a4 <adc_init>:
200046a4:	2301      	movs	r3, #1
200046a6:	4a08      	ldr	r2, [pc, #32]	; (200046c8 <adc_init+0x24>)
200046a8:	6013      	str	r3, [r2, #0]
200046aa:	4a08      	ldr	r2, [pc, #32]	; (200046cc <adc_init+0x28>)
200046ac:	6013      	str	r3, [r2, #0]
200046ae:	4b08      	ldr	r3, [pc, #32]	; (200046d0 <adc_init+0x2c>)
200046b0:	689a      	ldr	r2, [r3, #8]
200046b2:	2301      	movs	r3, #1
200046b4:	4393      	bics	r3, r2
200046b6:	d1fa      	bne.n	200046ae <adc_init+0xa>
200046b8:	4b06      	ldr	r3, [pc, #24]	; (200046d4 <adc_init+0x30>)
200046ba:	2201      	movs	r2, #1
200046bc:	601a      	str	r2, [r3, #0]
200046be:	4b05      	ldr	r3, [pc, #20]	; (200046d4 <adc_init+0x30>)
200046c0:	681b      	ldr	r3, [r3, #0]
200046c2:	05db      	lsls	r3, r3, #23
200046c4:	d5fb      	bpl.n	200046be <adc_init+0x1a>
200046c6:	4770      	bx	lr
200046c8:	4000e000 	.word	0x4000e000
200046cc:	4000f000 	.word	0x4000f000
200046d0:	4000c000 	.word	0x4000c000
200046d4:	4004c000 	.word	0x4004c000

200046d8 <_pio_can_add_program_at_offset>:
200046d8:	2305      	movs	r3, #5
200046da:	56cb      	ldrsb	r3, [r1, r3]
200046dc:	2b00      	cmp	r3, #0
200046de:	db01      	blt.n	200046e4 <_pio_can_add_program_at_offset+0xc>
200046e0:	4293      	cmp	r3, r2
200046e2:	d111      	bne.n	20004708 <_pio_can_add_program_at_offset+0x30>
200046e4:	4b09      	ldr	r3, [pc, #36]	; (2000470c <_pio_can_add_program_at_offset+0x34>)
200046e6:	469c      	mov	ip, r3
200046e8:	4460      	add	r0, ip
200046ea:	4243      	negs	r3, r0
200046ec:	4158      	adcs	r0, r3
200046ee:	0080      	lsls	r0, r0, #2
200046f0:	4b07      	ldr	r3, [pc, #28]	; (20004710 <_pio_can_add_program_at_offset+0x38>)
200046f2:	58c0      	ldr	r0, [r0, r3]
200046f4:	7909      	ldrb	r1, [r1, #4]
200046f6:	2301      	movs	r3, #1
200046f8:	408b      	lsls	r3, r1
200046fa:	3b01      	subs	r3, #1
200046fc:	4093      	lsls	r3, r2
200046fe:	4018      	ands	r0, r3
20004700:	4243      	negs	r3, r0
20004702:	4158      	adcs	r0, r3
20004704:	b2c0      	uxtb	r0, r0
20004706:	4770      	bx	lr
20004708:	2000      	movs	r0, #0
2000470a:	e7fc      	b.n	20004706 <_pio_can_add_program_at_offset+0x2e>
2000470c:	afd00000 	.word	0xafd00000
20004710:	20005ffc 	.word	0x20005ffc

20004714 <_pio_find_offset_for_program>:
20004714:	b570      	push	{r4, r5, r6, lr}
20004716:	790a      	ldrb	r2, [r1, #4]
20004718:	2a20      	cmp	r2, #32
2000471a:	d819      	bhi.n	20004750 <_pio_find_offset_for_program+0x3c>
2000471c:	4b17      	ldr	r3, [pc, #92]	; (2000477c <_pio_find_offset_for_program+0x68>)
2000471e:	469c      	mov	ip, r3
20004720:	4460      	add	r0, ip
20004722:	4243      	negs	r3, r0
20004724:	4158      	adcs	r0, r3
20004726:	0080      	lsls	r0, r0, #2
20004728:	4b15      	ldr	r3, [pc, #84]	; (20004780 <_pio_find_offset_for_program+0x6c>)
2000472a:	58c4      	ldr	r4, [r0, r3]
2000472c:	2301      	movs	r3, #1
2000472e:	4093      	lsls	r3, r2
20004730:	3b01      	subs	r3, #1
20004732:	7949      	ldrb	r1, [r1, #5]
20004734:	b249      	sxtb	r1, r1
20004736:	2900      	cmp	r1, #0
20004738:	db10      	blt.n	2000475c <_pio_find_offset_for_program+0x48>
2000473a:	0008      	movs	r0, r1
2000473c:	2520      	movs	r5, #32
2000473e:	1aaa      	subs	r2, r5, r2
20004740:	4291      	cmp	r1, r2
20004742:	dc18      	bgt.n	20004776 <_pio_find_offset_for_program+0x62>
20004744:	408b      	lsls	r3, r1
20004746:	421c      	tst	r4, r3
20004748:	d001      	beq.n	2000474e <_pio_find_offset_for_program+0x3a>
2000474a:	2001      	movs	r0, #1
2000474c:	4240      	negs	r0, r0
2000474e:	bd70      	pop	{r4, r5, r6, pc}
20004750:	4b0c      	ldr	r3, [pc, #48]	; (20004784 <_pio_find_offset_for_program+0x70>)
20004752:	4a0d      	ldr	r2, [pc, #52]	; (20004788 <_pio_find_offset_for_program+0x74>)
20004754:	2140      	movs	r1, #64	; 0x40
20004756:	480d      	ldr	r0, [pc, #52]	; (2000478c <_pio_find_offset_for_program+0x78>)
20004758:	f7fe f86c 	bl	20002834 <__assert_func>
2000475c:	2020      	movs	r0, #32
2000475e:	1a80      	subs	r0, r0, r2
20004760:	2800      	cmp	r0, #0
20004762:	db05      	blt.n	20004770 <_pio_find_offset_for_program+0x5c>
20004764:	001a      	movs	r2, r3
20004766:	4082      	lsls	r2, r0
20004768:	4214      	tst	r4, r2
2000476a:	d0f0      	beq.n	2000474e <_pio_find_offset_for_program+0x3a>
2000476c:	3801      	subs	r0, #1
2000476e:	e7f7      	b.n	20004760 <_pio_find_offset_for_program+0x4c>
20004770:	2001      	movs	r0, #1
20004772:	4240      	negs	r0, r0
20004774:	e7eb      	b.n	2000474e <_pio_find_offset_for_program+0x3a>
20004776:	2001      	movs	r0, #1
20004778:	4240      	negs	r0, r0
2000477a:	e7e8      	b.n	2000474e <_pio_find_offset_for_program+0x3a>
2000477c:	afd00000 	.word	0xafd00000
20004780:	20005ffc 	.word	0x20005ffc
20004784:	20005d84 	.word	0x20005d84
20004788:	20005e00 	.word	0x20005e00
2000478c:	20005db0 	.word	0x20005db0

20004790 <_pio_add_program_at_offset>:
20004790:	b570      	push	{r4, r5, r6, lr}
20004792:	0005      	movs	r5, r0
20004794:	000c      	movs	r4, r1
20004796:	0016      	movs	r6, r2
20004798:	f7ff ff9e 	bl	200046d8 <_pio_can_add_program_at_offset>
2000479c:	2800      	cmp	r0, #0
2000479e:	d001      	beq.n	200047a4 <_pio_add_program_at_offset+0x14>
200047a0:	2000      	movs	r0, #0
200047a2:	e007      	b.n	200047b4 <_pio_add_program_at_offset+0x24>
200047a4:	4815      	ldr	r0, [pc, #84]	; (200047fc <_pio_add_program_at_offset+0x6c>)
200047a6:	f7fe f8df 	bl	20002968 <panic>
200047aa:	1983      	adds	r3, r0, r6
200047ac:	3312      	adds	r3, #18
200047ae:	009b      	lsls	r3, r3, #2
200047b0:	515a      	str	r2, [r3, r5]
200047b2:	3001      	adds	r0, #1
200047b4:	7923      	ldrb	r3, [r4, #4]
200047b6:	4283      	cmp	r3, r0
200047b8:	d90f      	bls.n	200047da <_pio_add_program_at_offset+0x4a>
200047ba:	7823      	ldrb	r3, [r4, #0]
200047bc:	7861      	ldrb	r1, [r4, #1]
200047be:	0209      	lsls	r1, r1, #8
200047c0:	4319      	orrs	r1, r3
200047c2:	78a2      	ldrb	r2, [r4, #2]
200047c4:	0412      	lsls	r2, r2, #16
200047c6:	4311      	orrs	r1, r2
200047c8:	78e3      	ldrb	r3, [r4, #3]
200047ca:	061b      	lsls	r3, r3, #24
200047cc:	430b      	orrs	r3, r1
200047ce:	0042      	lsls	r2, r0, #1
200047d0:	5a9a      	ldrh	r2, [r3, r2]
200047d2:	0b53      	lsrs	r3, r2, #13
200047d4:	d1e9      	bne.n	200047aa <_pio_add_program_at_offset+0x1a>
200047d6:	1992      	adds	r2, r2, r6
200047d8:	e7e7      	b.n	200047aa <_pio_add_program_at_offset+0x1a>
200047da:	2201      	movs	r2, #1
200047dc:	409a      	lsls	r2, r3
200047de:	0013      	movs	r3, r2
200047e0:	3b01      	subs	r3, #1
200047e2:	4a07      	ldr	r2, [pc, #28]	; (20004800 <_pio_add_program_at_offset+0x70>)
200047e4:	4694      	mov	ip, r2
200047e6:	4465      	add	r5, ip
200047e8:	426a      	negs	r2, r5
200047ea:	4155      	adcs	r5, r2
200047ec:	40b3      	lsls	r3, r6
200047ee:	4a05      	ldr	r2, [pc, #20]	; (20004804 <_pio_add_program_at_offset+0x74>)
200047f0:	00ad      	lsls	r5, r5, #2
200047f2:	58a9      	ldr	r1, [r5, r2]
200047f4:	430b      	orrs	r3, r1
200047f6:	50ab      	str	r3, [r5, r2]
200047f8:	bd70      	pop	{r4, r5, r6, pc}
200047fa:	46c0      	nop			; (mov r8, r8)
200047fc:	20005dec 	.word	0x20005dec
20004800:	afd00000 	.word	0xafd00000
20004804:	20005ffc 	.word	0x20005ffc

20004808 <pio_add_program>:
20004808:	b5f8      	push	{r3, r4, r5, r6, r7, lr}
2000480a:	0005      	movs	r5, r0
2000480c:	000e      	movs	r6, r1
2000480e:	f7fc f9ab 	bl	20000b68 <hw_claim_lock>
20004812:	0007      	movs	r7, r0
20004814:	0031      	movs	r1, r6
20004816:	0028      	movs	r0, r5
20004818:	f7ff ff7c 	bl	20004714 <_pio_find_offset_for_program>
2000481c:	1e04      	subs	r4, r0, #0
2000481e:	db09      	blt.n	20004834 <pio_add_program+0x2c>
20004820:	0002      	movs	r2, r0
20004822:	0031      	movs	r1, r6
20004824:	0028      	movs	r0, r5
20004826:	f7ff ffb3 	bl	20004790 <_pio_add_program_at_offset>
2000482a:	0038      	movs	r0, r7
2000482c:	f7fc f9a8 	bl	20000b80 <hw_claim_unlock>
20004830:	0020      	movs	r0, r4
20004832:	bdf8      	pop	{r3, r4, r5, r6, r7, pc}
20004834:	4801      	ldr	r0, [pc, #4]	; (2000483c <pio_add_program+0x34>)
20004836:	f7fe f897 	bl	20002968 <panic>
2000483a:	46c0      	nop			; (mov r8, r8)
2000483c:	20005dec 	.word	0x20005dec

20004840 <pio_sm_set_consecutive_pindirs>:
20004840:	b5f0      	push	{r4, r5, r6, r7, lr}
20004842:	46c6      	mov	lr, r8
20004844:	b500      	push	{lr}
20004846:	ac06      	add	r4, sp, #24
20004848:	7825      	ldrb	r5, [r4, #0]
2000484a:	004c      	lsls	r4, r1, #1
2000484c:	1866      	adds	r6, r4, r1
2000484e:	00f6      	lsls	r6, r6, #3
20004850:	1986      	adds	r6, r0, r6
20004852:	0037      	movs	r7, r6
20004854:	37dc      	adds	r7, #220	; 0xdc
20004856:	683f      	ldr	r7, [r7, #0]
20004858:	46bc      	mov	ip, r7
2000485a:	36cc      	adds	r6, #204	; 0xcc
2000485c:	6836      	ldr	r6, [r6, #0]
2000485e:	46b0      	mov	r8, r6
20004860:	1864      	adds	r4, r4, r1
20004862:	00e4      	lsls	r4, r4, #3
20004864:	34c8      	adds	r4, #200	; 0xc8
20004866:	1904      	adds	r4, r0, r4
20004868:	3404      	adds	r4, #4
2000486a:	26c0      	movs	r6, #192	; 0xc0
2000486c:	01b6      	lsls	r6, r6, #6
2000486e:	4334      	orrs	r4, r6
20004870:	2680      	movs	r6, #128	; 0x80
20004872:	02b6      	lsls	r6, r6, #10
20004874:	6026      	str	r6, [r4, #0]
20004876:	2d00      	cmp	r5, #0
20004878:	d001      	beq.n	2000487e <pio_sm_set_consecutive_pindirs+0x3e>
2000487a:	261f      	movs	r6, #31
2000487c:	e014      	b.n	200048a8 <pio_sm_set_consecutive_pindirs+0x68>
2000487e:	2600      	movs	r6, #0
20004880:	e012      	b.n	200048a8 <pio_sm_set_consecutive_pindirs+0x68>
20004882:	0154      	lsls	r4, r2, #5
20004884:	25a0      	movs	r5, #160	; 0xa0
20004886:	056d      	lsls	r5, r5, #21
20004888:	4325      	orrs	r5, r4
2000488a:	004c      	lsls	r4, r1, #1
2000488c:	1864      	adds	r4, r4, r1
2000488e:	00e4      	lsls	r4, r4, #3
20004890:	1904      	adds	r4, r0, r4
20004892:	0027      	movs	r7, r4
20004894:	37dc      	adds	r7, #220	; 0xdc
20004896:	603d      	str	r5, [r7, #0]
20004898:	4d11      	ldr	r5, [pc, #68]	; (200048e0 <pio_sm_set_consecutive_pindirs+0xa0>)
2000489a:	4335      	orrs	r5, r6
2000489c:	34d8      	adds	r4, #216	; 0xd8
2000489e:	6025      	str	r5, [r4, #0]
200048a0:	3b05      	subs	r3, #5
200048a2:	3205      	adds	r2, #5
200048a4:	241f      	movs	r4, #31
200048a6:	4022      	ands	r2, r4
200048a8:	2b05      	cmp	r3, #5
200048aa:	d8ea      	bhi.n	20004882 <pio_sm_set_consecutive_pindirs+0x42>
200048ac:	069b      	lsls	r3, r3, #26
200048ae:	0152      	lsls	r2, r2, #5
200048b0:	4313      	orrs	r3, r2
200048b2:	004c      	lsls	r4, r1, #1
200048b4:	1862      	adds	r2, r4, r1
200048b6:	00d2      	lsls	r2, r2, #3
200048b8:	1882      	adds	r2, r0, r2
200048ba:	0015      	movs	r5, r2
200048bc:	35dc      	adds	r5, #220	; 0xdc
200048be:	602b      	str	r3, [r5, #0]
200048c0:	4b07      	ldr	r3, [pc, #28]	; (200048e0 <pio_sm_set_consecutive_pindirs+0xa0>)
200048c2:	431e      	orrs	r6, r3
200048c4:	32d8      	adds	r2, #216	; 0xd8
200048c6:	6016      	str	r6, [r2, #0]
200048c8:	4663      	mov	r3, ip
200048ca:	602b      	str	r3, [r5, #0]
200048cc:	1861      	adds	r1, r4, r1
200048ce:	00c9      	lsls	r1, r1, #3
200048d0:	1840      	adds	r0, r0, r1
200048d2:	30cc      	adds	r0, #204	; 0xcc
200048d4:	4643      	mov	r3, r8
200048d6:	6003      	str	r3, [r0, #0]
200048d8:	bc80      	pop	{r7}
200048da:	46b8      	mov	r8, r7
200048dc:	bdf0      	pop	{r4, r5, r6, r7, pc}
200048de:	46c0      	nop			; (mov r8, r8)
200048e0:	0000e080 	.word	0x0000e080

200048e4 <pio_sm_init>:
200048e4:	b570      	push	{r4, r5, r6, lr}
200048e6:	b08a      	sub	sp, #40	; 0x28
200048e8:	0004      	movs	r4, r0
200048ea:	000d      	movs	r5, r1
200048ec:	0016      	movs	r6, r2
200048ee:	6802      	ldr	r2, [r0, #0]
200048f0:	2101      	movs	r1, #1
200048f2:	40a9      	lsls	r1, r5
200048f4:	438a      	bics	r2, r1
200048f6:	6002      	str	r2, [r0, #0]
200048f8:	2b00      	cmp	r3, #0
200048fa:	d034      	beq.n	20004966 <pio_sm_init+0x82>
200048fc:	0069      	lsls	r1, r5, #1
200048fe:	1949      	adds	r1, r1, r5
20004900:	00c9      	lsls	r1, r1, #3
20004902:	1841      	adds	r1, r0, r1
20004904:	000a      	movs	r2, r1
20004906:	32c8      	adds	r2, #200	; 0xc8
20004908:	6818      	ldr	r0, [r3, #0]
2000490a:	6010      	str	r0, [r2, #0]
2000490c:	3204      	adds	r2, #4
2000490e:	6858      	ldr	r0, [r3, #4]
20004910:	6010      	str	r0, [r2, #0]
20004912:	3204      	adds	r2, #4
20004914:	6898      	ldr	r0, [r3, #8]
20004916:	6010      	str	r0, [r2, #0]
20004918:	68db      	ldr	r3, [r3, #12]
2000491a:	31dc      	adds	r1, #220	; 0xdc
2000491c:	600b      	str	r3, [r1, #0]
2000491e:	0069      	lsls	r1, r5, #1
20004920:	194b      	adds	r3, r1, r5
20004922:	00db      	lsls	r3, r3, #3
20004924:	33d0      	adds	r3, #208	; 0xd0
20004926:	18e3      	adds	r3, r4, r3
20004928:	2280      	movs	r2, #128	; 0x80
2000492a:	0152      	lsls	r2, r2, #5
2000492c:	4313      	orrs	r3, r2
2000492e:	2280      	movs	r2, #128	; 0x80
20004930:	0612      	lsls	r2, r2, #24
20004932:	601a      	str	r2, [r3, #0]
20004934:	601a      	str	r2, [r3, #0]
20004936:	4b23      	ldr	r3, [pc, #140]	; (200049c4 <pio_sm_init+0xe0>)
20004938:	40ab      	lsls	r3, r5
2000493a:	60a3      	str	r3, [r4, #8]
2000493c:	1d2b      	adds	r3, r5, #4
2000493e:	2201      	movs	r2, #1
20004940:	0010      	movs	r0, r2
20004942:	4098      	lsls	r0, r3
20004944:	2380      	movs	r3, #128	; 0x80
20004946:	019b      	lsls	r3, r3, #6
20004948:	4323      	orrs	r3, r4
2000494a:	6018      	str	r0, [r3, #0]
2000494c:	0028      	movs	r0, r5
2000494e:	3008      	adds	r0, #8
20004950:	4082      	lsls	r2, r0
20004952:	601a      	str	r2, [r3, #0]
20004954:	221f      	movs	r2, #31
20004956:	4016      	ands	r6, r2
20004958:	1949      	adds	r1, r1, r5
2000495a:	00c9      	lsls	r1, r1, #3
2000495c:	1864      	adds	r4, r4, r1
2000495e:	34d8      	adds	r4, #216	; 0xd8
20004960:	6026      	str	r6, [r4, #0]
20004962:	b00a      	add	sp, #40	; 0x28
20004964:	bd70      	pop	{r4, r5, r6, pc}
20004966:	2210      	movs	r2, #16
20004968:	2100      	movs	r1, #0
2000496a:	a806      	add	r0, sp, #24
2000496c:	f7ff fd12 	bl	20004394 <__wrap_memset>
20004970:	2380      	movs	r3, #128	; 0x80
20004972:	025b      	lsls	r3, r3, #9
20004974:	9306      	str	r3, [sp, #24]
20004976:	23f8      	movs	r3, #248	; 0xf8
20004978:	025b      	lsls	r3, r3, #9
2000497a:	9307      	str	r3, [sp, #28]
2000497c:	2380      	movs	r3, #128	; 0x80
2000497e:	02db      	lsls	r3, r3, #11
20004980:	9308      	str	r3, [sp, #32]
20004982:	23c0      	movs	r3, #192	; 0xc0
20004984:	031b      	lsls	r3, r3, #12
20004986:	9308      	str	r3, [sp, #32]
20004988:	2210      	movs	r2, #16
2000498a:	a906      	add	r1, sp, #24
2000498c:	a802      	add	r0, sp, #8
2000498e:	f7ff fd07 	bl	200043a0 <__wrap___aeabi_memcpy>
20004992:	006b      	lsls	r3, r5, #1
20004994:	195b      	adds	r3, r3, r5
20004996:	00db      	lsls	r3, r3, #3
20004998:	18e3      	adds	r3, r4, r3
2000499a:	001a      	movs	r2, r3
2000499c:	32c8      	adds	r2, #200	; 0xc8
2000499e:	9902      	ldr	r1, [sp, #8]
200049a0:	6011      	str	r1, [r2, #0]
200049a2:	9a03      	ldr	r2, [sp, #12]
200049a4:	9201      	str	r2, [sp, #4]
200049a6:	001a      	movs	r2, r3
200049a8:	32cc      	adds	r2, #204	; 0xcc
200049aa:	9901      	ldr	r1, [sp, #4]
200049ac:	6011      	str	r1, [r2, #0]
200049ae:	9a04      	ldr	r2, [sp, #16]
200049b0:	9201      	str	r2, [sp, #4]
200049b2:	001a      	movs	r2, r3
200049b4:	32d0      	adds	r2, #208	; 0xd0
200049b6:	9901      	ldr	r1, [sp, #4]
200049b8:	6011      	str	r1, [r2, #0]
200049ba:	9a05      	ldr	r2, [sp, #20]
200049bc:	33dc      	adds	r3, #220	; 0xdc
200049be:	601a      	str	r2, [r3, #0]
200049c0:	e7ad      	b.n	2000491e <pio_sm_init+0x3a>
200049c2:	46c0      	nop			; (mov r8, r8)
200049c4:	01010101 	.word	0x01010101

200049c8 <__aeabi_idiv0>:
200049c8:	4770      	bx	lr
200049ca:	46c0      	nop			; (mov r8, r8)

200049cc <strlen>:
200049cc:	b510      	push	{r4, lr}
200049ce:	0783      	lsls	r3, r0, #30
200049d0:	d00a      	beq.n	200049e8 <strlen+0x1c>
200049d2:	0003      	movs	r3, r0
200049d4:	2103      	movs	r1, #3
200049d6:	e002      	b.n	200049de <strlen+0x12>
200049d8:	3301      	adds	r3, #1
200049da:	420b      	tst	r3, r1
200049dc:	d005      	beq.n	200049ea <strlen+0x1e>
200049de:	781a      	ldrb	r2, [r3, #0]
200049e0:	2a00      	cmp	r2, #0
200049e2:	d1f9      	bne.n	200049d8 <strlen+0xc>
200049e4:	1a18      	subs	r0, r3, r0
200049e6:	bd10      	pop	{r4, pc}
200049e8:	0003      	movs	r3, r0
200049ea:	6819      	ldr	r1, [r3, #0]
200049ec:	4a0c      	ldr	r2, [pc, #48]	; (20004a20 <strlen+0x54>)
200049ee:	4c0d      	ldr	r4, [pc, #52]	; (20004a24 <strlen+0x58>)
200049f0:	188a      	adds	r2, r1, r2
200049f2:	438a      	bics	r2, r1
200049f4:	4222      	tst	r2, r4
200049f6:	d10f      	bne.n	20004a18 <strlen+0x4c>
200049f8:	6859      	ldr	r1, [r3, #4]
200049fa:	4a09      	ldr	r2, [pc, #36]	; (20004a20 <strlen+0x54>)
200049fc:	3304      	adds	r3, #4
200049fe:	188a      	adds	r2, r1, r2
20004a00:	438a      	bics	r2, r1
20004a02:	4222      	tst	r2, r4
20004a04:	d108      	bne.n	20004a18 <strlen+0x4c>
20004a06:	6859      	ldr	r1, [r3, #4]
20004a08:	4a05      	ldr	r2, [pc, #20]	; (20004a20 <strlen+0x54>)
20004a0a:	3304      	adds	r3, #4
20004a0c:	188a      	adds	r2, r1, r2
20004a0e:	438a      	bics	r2, r1
20004a10:	4222      	tst	r2, r4
20004a12:	d0f1      	beq.n	200049f8 <strlen+0x2c>
20004a14:	e000      	b.n	20004a18 <strlen+0x4c>
20004a16:	3301      	adds	r3, #1
20004a18:	781a      	ldrb	r2, [r3, #0]
20004a1a:	2a00      	cmp	r2, #0
20004a1c:	d1fb      	bne.n	20004a16 <strlen+0x4a>
20004a1e:	e7e1      	b.n	200049e4 <strlen+0x18>
20004a20:	fefefeff 	.word	0xfefefeff
20004a24:	80808080 	.word	0x80808080

20004a28 <_fini>:
20004a28:	b5f8      	push	{r3, r4, r5, r6, r7, lr}
20004a2a:	46c0      	nop			; (mov r8, r8)

Disassembly of section .data:

20004a30 <mutex_try_enter>:
20004a30:	0003      	movs	r3, r0
20004a32:	6800      	ldr	r0, [r0, #0]
20004a34:	f3ef 8c10 	mrs	ip, PRIMASK
20004a38:	b672      	cpsid	i
20004a3a:	6802      	ldr	r2, [r0, #0]
20004a3c:	2a00      	cmp	r2, #0
20004a3e:	d0fc      	beq.n	20004a3a <mutex_try_enter+0xa>
20004a40:	f3bf 8f5f 	dmb	sy
20004a44:	2204      	movs	r2, #4
20004a46:	569a      	ldrsb	r2, [r3, r2]
20004a48:	2a00      	cmp	r2, #0
20004a4a:	db0b      	blt.n	20004a64 <mutex_try_enter+0x34>
20004a4c:	2900      	cmp	r1, #0
20004a4e:	d010      	beq.n	20004a72 <mutex_try_enter+0x42>
20004a50:	600a      	str	r2, [r1, #0]
20004a52:	2000      	movs	r0, #0
20004a54:	681b      	ldr	r3, [r3, #0]
20004a56:	f3bf 8f5f 	dmb	sy
20004a5a:	2200      	movs	r2, #0
20004a5c:	601a      	str	r2, [r3, #0]
20004a5e:	f38c 8810 	msr	PRIMASK, ip
20004a62:	4770      	bx	lr
20004a64:	22d0      	movs	r2, #208	; 0xd0
20004a66:	0612      	lsls	r2, r2, #24
20004a68:	7812      	ldrb	r2, [r2, #0]
20004a6a:	b252      	sxtb	r2, r2
20004a6c:	711a      	strb	r2, [r3, #4]
20004a6e:	2001      	movs	r0, #1
20004a70:	e7f0      	b.n	20004a54 <mutex_try_enter+0x24>
20004a72:	2000      	movs	r0, #0
20004a74:	e7ee      	b.n	20004a54 <mutex_try_enter+0x24>
	...

20004a78 <mutex_enter_block_until>:
20004a78:	b5f8      	push	{r3, r4, r5, r6, r7, lr}
20004a7a:	46ce      	mov	lr, r9
20004a7c:	4647      	mov	r7, r8
20004a7e:	b580      	push	{r7, lr}
20004a80:	0004      	movs	r4, r0
20004a82:	0017      	movs	r7, r2
20004a84:	4698      	mov	r8, r3
20004a86:	6803      	ldr	r3, [r0, #0]
20004a88:	2b00      	cmp	r3, #0
20004a8a:	d020      	beq.n	20004ace <mutex_enter_block_until+0x56>
20004a8c:	23d0      	movs	r3, #208	; 0xd0
20004a8e:	061b      	lsls	r3, r3, #24
20004a90:	781b      	ldrb	r3, [r3, #0]
20004a92:	b25b      	sxtb	r3, r3
20004a94:	4699      	mov	r9, r3
20004a96:	6826      	ldr	r6, [r4, #0]
20004a98:	f3ef 8c10 	mrs	ip, PRIMASK
20004a9c:	b672      	cpsid	i
20004a9e:	6835      	ldr	r5, [r6, #0]
20004aa0:	2d00      	cmp	r5, #0
20004aa2:	d0fc      	beq.n	20004a9e <mutex_enter_block_until+0x26>
20004aa4:	f3bf 8f5f 	dmb	sy
20004aa8:	2504      	movs	r5, #4
20004aaa:	5765      	ldrsb	r5, [r4, r5]
20004aac:	2d00      	cmp	r5, #0
20004aae:	db14      	blt.n	20004ada <mutex_enter_block_until+0x62>
20004ab0:	6823      	ldr	r3, [r4, #0]
20004ab2:	f3bf 8f5f 	dmb	sy
20004ab6:	2200      	movs	r2, #0
20004ab8:	601a      	str	r2, [r3, #0]
20004aba:	f38c 8810 	msr	PRIMASK, ip
20004abe:	0038      	movs	r0, r7
20004ac0:	4641      	mov	r1, r8
20004ac2:	f7fd f827 	bl	20001b14 <best_effort_wfe_or_timeout>
20004ac6:	2800      	cmp	r0, #0
20004ac8:	d0e5      	beq.n	20004a96 <mutex_enter_block_until+0x1e>
20004aca:	2000      	movs	r0, #0
20004acc:	e00f      	b.n	20004aee <mutex_enter_block_until+0x76>
20004ace:	4b0a      	ldr	r3, [pc, #40]	; (20004af8 <mutex_enter_block_until+0x80>)
20004ad0:	4a0a      	ldr	r2, [pc, #40]	; (20004afc <mutex_enter_block_until+0x84>)
20004ad2:	2185      	movs	r1, #133	; 0x85
20004ad4:	480a      	ldr	r0, [pc, #40]	; (20004b00 <mutex_enter_block_until+0x88>)
20004ad6:	f7fd fead 	bl	20002834 <__assert_func>
20004ada:	464b      	mov	r3, r9
20004adc:	7123      	strb	r3, [r4, #4]
20004ade:	6823      	ldr	r3, [r4, #0]
20004ae0:	f3bf 8f5f 	dmb	sy
20004ae4:	2200      	movs	r2, #0
20004ae6:	601a      	str	r2, [r3, #0]
20004ae8:	f38c 8810 	msr	PRIMASK, ip
20004aec:	2001      	movs	r0, #1
20004aee:	bcc0      	pop	{r6, r7}
20004af0:	46b9      	mov	r9, r7
20004af2:	46b0      	mov	r8, r6
20004af4:	bdf8      	pop	{r3, r4, r5, r6, r7, pc}
20004af6:	46c0      	nop			; (mov r8, r8)
20004af8:	20004fec 	.word	0x20004fec
20004afc:	200050a4 	.word	0x200050a4
20004b00:	20004fb8 	.word	0x20004fb8

20004b04 <mutex_try_enter_block_until>:
20004b04:	b570      	push	{r4, r5, r6, lr}
20004b06:	b082      	sub	sp, #8
20004b08:	0006      	movs	r6, r0
20004b0a:	0015      	movs	r5, r2
20004b0c:	001c      	movs	r4, r3
20004b0e:	a901      	add	r1, sp, #4
20004b10:	f7ff ff8e 	bl	20004a30 <mutex_try_enter>
20004b14:	2800      	cmp	r0, #0
20004b16:	d107      	bne.n	20004b28 <mutex_try_enter_block_until+0x24>
20004b18:	9b01      	ldr	r3, [sp, #4]
20004b1a:	b25b      	sxtb	r3, r3
20004b1c:	22d0      	movs	r2, #208	; 0xd0
20004b1e:	0612      	lsls	r2, r2, #24
20004b20:	7812      	ldrb	r2, [r2, #0]
20004b22:	b252      	sxtb	r2, r2
20004b24:	4293      	cmp	r3, r2
20004b26:	d101      	bne.n	20004b2c <mutex_try_enter_block_until+0x28>
20004b28:	b002      	add	sp, #8
20004b2a:	bd70      	pop	{r4, r5, r6, pc}
20004b2c:	002a      	movs	r2, r5
20004b2e:	0023      	movs	r3, r4
20004b30:	0030      	movs	r0, r6
20004b32:	f7ff ffa1 	bl	20004a78 <mutex_enter_block_until>
20004b36:	e7f7      	b.n	20004b28 <mutex_try_enter_block_until+0x24>

20004b38 <mutex_exit>:
20004b38:	b510      	push	{r4, lr}
20004b3a:	6802      	ldr	r2, [r0, #0]
20004b3c:	f3ef 8110 	mrs	r1, PRIMASK
20004b40:	b672      	cpsid	i
20004b42:	6813      	ldr	r3, [r2, #0]
20004b44:	2b00      	cmp	r3, #0
20004b46:	d0fc      	beq.n	20004b42 <mutex_exit+0xa>
20004b48:	f3bf 8f5f 	dmb	sy
20004b4c:	2304      	movs	r3, #4
20004b4e:	56c3      	ldrsb	r3, [r0, r3]
20004b50:	2b00      	cmp	r3, #0
20004b52:	db0a      	blt.n	20004b6a <mutex_exit+0x32>
20004b54:	23ff      	movs	r3, #255	; 0xff
20004b56:	7103      	strb	r3, [r0, #4]
20004b58:	6803      	ldr	r3, [r0, #0]
20004b5a:	f3bf 8f5f 	dmb	sy
20004b5e:	2200      	movs	r2, #0
20004b60:	601a      	str	r2, [r3, #0]
20004b62:	f381 8810 	msr	PRIMASK, r1
20004b66:	bf40      	sev
20004b68:	bd10      	pop	{r4, pc}
20004b6a:	4b03      	ldr	r3, [pc, #12]	; (20004b78 <mutex_exit+0x40>)
20004b6c:	4a03      	ldr	r2, [pc, #12]	; (20004b7c <mutex_exit+0x44>)
20004b6e:	21b4      	movs	r1, #180	; 0xb4
20004b70:	4803      	ldr	r0, [pc, #12]	; (20004b80 <mutex_exit+0x48>)
20004b72:	f7fd fe5f 	bl	20002834 <__assert_func>
20004b76:	46c0      	nop			; (mov r8, r8)
20004b78:	20005060 	.word	0x20005060
20004b7c:	20005098 	.word	0x20005098
20004b80:	20004fb8 	.word	0x20004fb8

20004b84 <flash_init_boot2_copyout>:
20004b84:	4b09      	ldr	r3, [pc, #36]	; (20004bac <flash_init_boot2_copyout+0x28>)
20004b86:	781b      	ldrb	r3, [r3, #0]
20004b88:	2b00      	cmp	r3, #0
20004b8a:	d008      	beq.n	20004b9e <flash_init_boot2_copyout+0x1a>
20004b8c:	e00c      	b.n	20004ba8 <flash_init_boot2_copyout+0x24>
20004b8e:	009a      	lsls	r2, r3, #2
20004b90:	2180      	movs	r1, #128	; 0x80
20004b92:	0549      	lsls	r1, r1, #21
20004b94:	1851      	adds	r1, r2, r1
20004b96:	6808      	ldr	r0, [r1, #0]
20004b98:	4905      	ldr	r1, [pc, #20]	; (20004bb0 <flash_init_boot2_copyout+0x2c>)
20004b9a:	5050      	str	r0, [r2, r1]
20004b9c:	3301      	adds	r3, #1
20004b9e:	2b3f      	cmp	r3, #63	; 0x3f
20004ba0:	ddf5      	ble.n	20004b8e <flash_init_boot2_copyout+0xa>
20004ba2:	4b02      	ldr	r3, [pc, #8]	; (20004bac <flash_init_boot2_copyout+0x28>)
20004ba4:	2201      	movs	r2, #1
20004ba6:	701a      	strb	r2, [r3, #0]
20004ba8:	4770      	bx	lr
20004baa:	46c0      	nop			; (mov r8, r8)
20004bac:	200063b8 	.word	0x200063b8
20004bb0:	20006014 	.word	0x20006014

20004bb4 <flash_enable_xip_via_boot2>:
20004bb4:	b510      	push	{r4, lr}
20004bb6:	4b02      	ldr	r3, [pc, #8]	; (20004bc0 <flash_enable_xip_via_boot2+0xc>)
20004bb8:	3301      	adds	r3, #1
20004bba:	4798      	blx	r3
20004bbc:	bd10      	pop	{r4, pc}
20004bbe:	46c0      	nop			; (mov r8, r8)
20004bc0:	20006014 	.word	0x20006014

20004bc4 <flash_cs_force>:
20004bc4:	2800      	cmp	r0, #0
20004bc6:	d00a      	beq.n	20004bde <flash_cs_force+0x1a>
20004bc8:	2303      	movs	r3, #3
20004bca:	021b      	lsls	r3, r3, #8
20004bcc:	4a05      	ldr	r2, [pc, #20]	; (20004be4 <flash_cs_force+0x20>)
20004bce:	6812      	ldr	r2, [r2, #0]
20004bd0:	4053      	eors	r3, r2
20004bd2:	22c0      	movs	r2, #192	; 0xc0
20004bd4:	0092      	lsls	r2, r2, #2
20004bd6:	4013      	ands	r3, r2
20004bd8:	4a03      	ldr	r2, [pc, #12]	; (20004be8 <flash_cs_force+0x24>)
20004bda:	6013      	str	r3, [r2, #0]
20004bdc:	4770      	bx	lr
20004bde:	2302      	movs	r3, #2
20004be0:	e7f3      	b.n	20004bca <flash_cs_force+0x6>
20004be2:	46c0      	nop			; (mov r8, r8)
20004be4:	4001800c 	.word	0x4001800c
20004be8:	4001900c 	.word	0x4001900c

20004bec <flash_do_cmd>:
20004bec:	b5f0      	push	{r4, r5, r6, r7, lr}
20004bee:	46d6      	mov	lr, sl
20004bf0:	464f      	mov	r7, r9
20004bf2:	4646      	mov	r6, r8
20004bf4:	b5c0      	push	{r6, r7, lr}
20004bf6:	0007      	movs	r7, r0
20004bf8:	000e      	movs	r6, r1
20004bfa:	0015      	movs	r5, r2
20004bfc:	2318      	movs	r3, #24
20004bfe:	469a      	mov	sl, r3
20004c00:	881b      	ldrh	r3, [r3, #0]
20004c02:	2214      	movs	r2, #20
20004c04:	4690      	mov	r8, r2
20004c06:	8810      	ldrh	r0, [r2, #0]
20004c08:	4928      	ldr	r1, [pc, #160]	; (20004cac <flash_do_cmd+0xc0>)
20004c0a:	4798      	blx	r3
20004c0c:	4681      	mov	r9, r0
20004c0e:	4653      	mov	r3, sl
20004c10:	881b      	ldrh	r3, [r3, #0]
20004c12:	4642      	mov	r2, r8
20004c14:	8810      	ldrh	r0, [r2, #0]
20004c16:	4926      	ldr	r1, [pc, #152]	; (20004cb0 <flash_do_cmd+0xc4>)
20004c18:	4798      	blx	r3
20004c1a:	0004      	movs	r4, r0
20004c1c:	4653      	mov	r3, sl
20004c1e:	881b      	ldrh	r3, [r3, #0]
20004c20:	4642      	mov	r2, r8
20004c22:	8810      	ldrh	r0, [r2, #0]
20004c24:	4923      	ldr	r1, [pc, #140]	; (20004cb4 <flash_do_cmd+0xc8>)
20004c26:	4798      	blx	r3
20004c28:	4680      	mov	r8, r0
20004c2a:	464b      	mov	r3, r9
20004c2c:	2b00      	cmp	r3, #0
20004c2e:	d00c      	beq.n	20004c4a <flash_do_cmd+0x5e>
20004c30:	2c00      	cmp	r4, #0
20004c32:	d00a      	beq.n	20004c4a <flash_do_cmd+0x5e>
20004c34:	2800      	cmp	r0, #0
20004c36:	d008      	beq.n	20004c4a <flash_do_cmd+0x5e>
20004c38:	f7ff ffa4 	bl	20004b84 <flash_init_boot2_copyout>
20004c3c:	47c8      	blx	r9
20004c3e:	47a0      	blx	r4
20004c40:	2000      	movs	r0, #0
20004c42:	f7ff ffbf 	bl	20004bc4 <flash_cs_force>
20004c46:	002a      	movs	r2, r5
20004c48:	e00f      	b.n	20004c6a <flash_do_cmd+0x7e>
20004c4a:	4b1b      	ldr	r3, [pc, #108]	; (20004cb8 <flash_do_cmd+0xcc>)
20004c4c:	4a1b      	ldr	r2, [pc, #108]	; (20004cbc <flash_do_cmd+0xd0>)
20004c4e:	2180      	movs	r1, #128	; 0x80
20004c50:	481b      	ldr	r0, [pc, #108]	; (20004cc0 <flash_do_cmd+0xd4>)
20004c52:	f7fd fdef 	bl	20002834 <__assert_func>
20004c56:	2b00      	cmp	r3, #0
20004c58:	d007      	beq.n	20004c6a <flash_do_cmd+0x7e>
20004c5a:	2a00      	cmp	r2, #0
20004c5c:	d005      	beq.n	20004c6a <flash_do_cmd+0x7e>
20004c5e:	23c0      	movs	r3, #192	; 0xc0
20004c60:	055b      	lsls	r3, r3, #21
20004c62:	6e1b      	ldr	r3, [r3, #96]	; 0x60
20004c64:	7033      	strb	r3, [r6, #0]
20004c66:	3a01      	subs	r2, #1
20004c68:	3601      	adds	r6, #1
20004c6a:	002b      	movs	r3, r5
20004c6c:	4313      	orrs	r3, r2
20004c6e:	d012      	beq.n	20004c96 <flash_do_cmd+0xaa>
20004c70:	23c0      	movs	r3, #192	; 0xc0
20004c72:	055b      	lsls	r3, r3, #21
20004c74:	6a9c      	ldr	r4, [r3, #40]	; 0x28
20004c76:	2308      	movs	r3, #8
20004c78:	4023      	ands	r3, r4
20004c7a:	07a1      	lsls	r1, r4, #30
20004c7c:	d5eb      	bpl.n	20004c56 <flash_do_cmd+0x6a>
20004c7e:	2d00      	cmp	r5, #0
20004c80:	d0e9      	beq.n	20004c56 <flash_do_cmd+0x6a>
20004c82:	1b51      	subs	r1, r2, r5
20004c84:	290d      	cmp	r1, #13
20004c86:	d8e6      	bhi.n	20004c56 <flash_do_cmd+0x6a>
20004c88:	7838      	ldrb	r0, [r7, #0]
20004c8a:	21c0      	movs	r1, #192	; 0xc0
20004c8c:	0549      	lsls	r1, r1, #21
20004c8e:	6608      	str	r0, [r1, #96]	; 0x60
20004c90:	3d01      	subs	r5, #1
20004c92:	3701      	adds	r7, #1
20004c94:	e7df      	b.n	20004c56 <flash_do_cmd+0x6a>
20004c96:	2001      	movs	r0, #1
20004c98:	f7ff ff94 	bl	20004bc4 <flash_cs_force>
20004c9c:	47c0      	blx	r8
20004c9e:	f7ff ff89 	bl	20004bb4 <flash_enable_xip_via_boot2>
20004ca2:	bce0      	pop	{r5, r6, r7}
20004ca4:	46ba      	mov	sl, r7
20004ca6:	46b1      	mov	r9, r6
20004ca8:	46a8      	mov	r8, r5
20004caa:	bdf0      	pop	{r4, r5, r6, r7, pc}
20004cac:	00004649 	.word	0x00004649
20004cb0:	00005845 	.word	0x00005845
20004cb4:	00004346 	.word	0x00004346
20004cb8:	20005d34 	.word	0x20005d34
20004cbc:	20005d74 	.word	0x20005d74
20004cc0:	20005c48 	.word	0x20005c48

20004cc4 <DET_ADC_MAP>:
20004cc4:	00000001 00000000 00000004 00000005     ................
20004cd4:	00000003 00000002 00000006 00000007     ................

20004ce4 <adcacq_main_program>:
20004ce4:	20004cec 0000ff13                       .L. ....

20004cec <adcacq_main_program_instructions>:
20004cec:	3003f001 d0353083 e050f000 00865001     ...0.05...P..P..
20004cfc:	90005001 90a0f001 f04ff000 50017101     .P........O..q.P
20004d0c:	9020028e 0000100a                       .. .....

20004d14 <adcacq_miso_b_program>:
20004d14:	20004d1c 0000ff06                       .M. ....

20004d1c <adcacq_miso_b_program_instructions>:
20004d1c:	e15020d4 00824001 80004001 746c6564     . P..@...@..delt
20004d2c:	3d3e2061 30322d20 26203834 65642026     a >= -2048 && de
20004d3c:	2061746c 32203d3c 20363430 21202626     lta <= 2046 && !
20004d4c:	6c656428 26206174 00293120 6d6f682f     (delta & 1)./hom
20004d5c:	69702f65 6369702f 69702f6f 732d6f63     e/pi/pico/pico-s
20004d6c:	732f6b64 722f6372 635f3270 6f6d6d6f     dk/src/rp2_commo
20004d7c:	61682f6e 61776472 695f6572 692f7172     n/hardware_irq/i
20004d8c:	632e7172 00000000 65642821 2061746c     rq.c....!(delta 
20004d9c:	31203e3e 00297531 72727563 20746e65     >> 11u).current 
20004dac:	5f203d3d 686e755f 6c646e61 755f6465     == __unhandled_u
20004dbc:	5f726573 20717269 63207c7c 65727275     ser_irq || curre
20004dcc:	3d20746e 6168203d 656c646e 00000072     nt == handler...
20004ddc:	5f717269 646e6168 635f7265 6e696168     irq_hander_chain
20004dec:	6572665f 6c735f65 685f746f 20646165     _free_slot_head 
20004dfc:	30203d3e 00000000 62617476 685f656c     >= 0....vtable_h
20004e0c:	6c646e61 3d207265 5f5f203d 61686e75     andler == __unha
20004e1c:	656c646e 73755f64 695f7265 00007172     ndled_user_irq..
20004e2c:	28282821 6e697528 72747074 7629745f     !((((uintptr_t)v
20004e3c:	6c626174 61685f65 656c646e 2d202972     table_handler) -
20004e4c:	75282820 70746e69 745f7274 71726929      ((uintptr_t)irq
20004e5c:	6e61685f 72656c64 6168635f 735f6e69     _handler_chain_s
20004e6c:	73746f6c 202d2029 73252931 6f657a69     lots) - 1)%sizeo
20004e7c:	74732866 74637572 71726920 6e61685f     f(struct irq_han
20004e8c:	72656c64 6168635f 735f6e69 29746f6c     dler_chain_slot)
20004e9c:	00000029 63317830 203d3d20 6e692a28     )...0x1c == (*in
20004eac:	3e297473 7531313e 00000000 63786521     st)>>11u....!exc
20004ebc:	69747065 7c206e6f 7865207c 74706563     eption || except
20004ecc:	206e6f69 6e203d3d 2b206d75 41545620     ion == num + VTA
20004edc:	5f454c42 53524946 52495f54 00000051     BLE_FIRST_IRQ...
20004eec:	736c6166 00000065 735f7369 65726168     false...is_share
20004efc:	72695f64 61725f71 61685f77 656c646e     d_irq_raw_handle
20004f0c:	6c732872 685f746f 6c646e61 00297265     r(slot_handler).
20004f1c:	65637865 6f697470 0000006e 6e756f66     exception...foun
20004f2c:	00000064                                d...

20004f30 <__func__.0>:
20004f30:	5f717269 5f646461 6c696174 5f6f745f     irq_add_tail_to_
20004f40:	65657266 73696c5f 00000074              free_list...

20004f4c <__func__.1>:
20004f4c:	65736e69 625f7472 636e6172 6e615f68     insert_branch_an
20004f5c:	696c5f64 00006b6e                       d_link..

20004f64 <__func__.2>:
20004f64:	5f717269 6f6d6572 685f6576 6c646e61     irq_remove_handl
20004f74:	00007265                                er..

20004f78 <__func__.3>:
20004f78:	656b616d 6172625f 0068636e              make_branch.

20004f84 <__func__.4>:
20004f84:	6f736572 5f65766c 6e617262 00006863     resolve_branch..

20004f94 <__func__.6>:
20004f94:	5f717269 5f746573 6c637865 76697375     irq_set_exclusiv
20004fa4:	61685f65 656c646e 00000072 61746f74     e_handler...tota
20004fb4:	0000006c 6d6f682f 69702f65 6369702f     l.../home/pi/pic
20004fc4:	69702f6f 732d6f63 732f6b64 632f6372     o/pico-sdk/src/c
20004fd4:	6f6d6d6f 69702f6e 735f6f63 2f636e79     ommon/pico_sync/
20004fe4:	6574756d 00632e78 2d78746d 726f633e     mutex.c.mtx->cor
20004ff4:	70732e65 6c5f6e69 006b636f 735f7375     e.spin_lock.us_s
20005004:	65636e69 6f6f625f 3d3c2074 544e4920     ince_boot <= INT
20005014:	4d5f3436 00005841 6d6f682f 69702f65     64_MAX../home/pi
20005024:	6369702f 69702f6f 732d6f63 732f6b64     /pico/pico-sdk/s
20005034:	632f6372 6f6d6d6f 69702f6e 625f6f63     rc/common/pico_b
20005044:	2f657361 6c636e69 2f656475 6f636970     ase/include/pico
20005054:	7079742f 682e7365 00000000 6b636f6c     /types.h....lock
20005064:	5f73695f 656e776f 64695f72 6c61765f     _is_owner_id_val
20005074:	6d286469 3e2d7874 656e776f 00002972     id(mtx->owner)..
20005084:	2d78746d 746e653e 635f7265 746e756f     mtx->enter_count
20005094:	00000000                                ....

20005098 <__func__.1>:
20005098:	6574756d 78655f78 00007469              mutex_exit..

200050a4 <__func__.3>:
200050a4:	6574756d 6e655f78 5f726574 636f6c62     mutex_enter_bloc
200050b4:	6e755f6b 006c6974 3e2d7472 72616c61     k_until.rt->alar
200050c4:	64695f6d 203d3d20 00006469 6d6f682f     m_id == id../hom
200050d4:	69702f65 6369702f 69702f6f 732d6f63     e/pi/pico/pico-s
200050e4:	732f6b64 632f6372 6f6d6d6f 69702f6e     dk/src/common/pi
200050f4:	745f6f63 2f656d69 656d6974 0000632e     co_time/time.c..
20005104:	26206469 64692026 203d3c20 6c6f6f70     id && id <= pool
20005114:	65683e2d 3e2d7061 5f78616d 65646f6e     ->heap->max_node
20005124:	00000073 26206469 64692026 203d3c20     s...id && id <= 
20005134:	70616568 616d3e2d 6f6e5f78 00736564     heap->max_nodes.
20005144:	6d6f682f 69702f65 6369702f 69702f6f     /home/pi/pico/pi
20005154:	732d6f63 732f6b64 632f6372 6f6d6d6f     co-sdk/src/commo
20005164:	69702f6e 755f6f63 2f6c6974 6c636e69     n/pico_util/incl
20005174:	2f656475 6f636970 6974752f 68702f6c     ude/pico/util/ph
20005184:	2e706165 00000068 65726170 695f746e     eap.h...parent_i
20005194:	00000064 6c696863 64695f64 00000000     d...child_id....
200051a4:	65726170 695f746e 3d212064 69686320     parent_id != chi
200051b4:	695f646c 00000064 5f687021 746e6f63     ld_id...!ph_cont
200051c4:	736e6961 646f6e5f 6f702865 3e2d6c6f     ains_node(pool->
200051d4:	70616568 6572202c 5f657375 00296469     heap, reuse_id).
200051e4:	6f6d6572 5f646576 3d206469 656e203d     removed_id == ne
200051f4:	695f7478 00000064 6c6c6163 6b636162     xt_id...callback
20005204:	00000000 6c6f6f70 6c613e2d 5f6d7261     ....pool->alarm_
20005214:	705f6e69 72676f72 20737365 6d203d3d     in_progress == m
20005224:	5f656b61 6c627570 695f6369 64692864     ake_public_id(id
20005234:	6769685f 6e202c68 5f747865 00296469     _high, next_id).
20005244:	26206469 70212026 6f635f68 6961746e     id && !ph_contai
20005254:	6e5f736e 2865646f 70616568 6469202c     ns_node(heap, id
20005264:	00000029 61656821 663e2d70 5f656572     )...!heap->free_
20005274:	6c696174 0064695f 61666564 5f746c75     tail_id.default_
20005284:	72616c61 6f705f6d 695f6c6f 6974696e     alarm_pool_initi
20005294:	7a696c61 29286465 00000000 72616c61     alized()....alar
200052a4:	64695f6d 203d2120 6c6f6f70 6c613e2d     m_id != pool->al
200052b4:	5f6d7261 705f6e69 72676f72 00737365     arm_in_progress.
200052c4:	00006372 65747441 6574706d 6f742064     rc..Attempted to
200052d4:	656c7320 69207065 6469736e 666f2065      sleep inside of
200052e4:	206e6120 65637865 6f697470 6168206e      an exception ha
200052f4:	656c646e 75203b72 62206573 5f797375     ndler; use busy_
20005304:	74696177 20666920 20756f79 7473756d     wait if you must
20005314:	00000000                                ....

20005318 <__func__.1>:
20005318:	72616c61 6f705f6d 635f6c6f 65636e61     alarm_pool_cance
20005328:	6c615f6c 006d7261                       l_alarm.

20005330 <__func__.10>:
20005330:	61647075 755f6574 69735f73 5f65636e     update_us_since_
20005340:	746f6f62 00000000                       boot....

20005348 <__func__.11>:
20005348:	72616c61 6f705f6d 615f6c6f 6d72616c     alarm_pool_alarm
20005358:	6c61635f 6361626c 0000006b              _callback...

20005364 <__func__.12>:
20005364:	5f746567 72746e65 00000079              get_entry...

20005370 <__func__.3>:
20005370:	72616c61 6f705f6d 675f6c6f 645f7465     alarm_pool_get_d
20005380:	75616665 0000746c                       efault..

20005388 <__func__.4>:
20005388:	5f746567 72746e65 64695f79 6769685f     get_entry_id_hig
20005398:	00000068                                h...

2000539c <__func__.5>:
2000539c:	665f6870 5f656572 65646f6e 00000000     ph_free_node....

200053ac <__func__.6>:
200053ac:	615f6870 635f6464 646c6968 646f6e5f     ph_add_child_nod
200053bc:	00000065                                e...

200053c0 <__func__.7>:
200053c0:	695f6870 7265736e 6f6e5f74 00006564     ph_insert_node..

200053d0 <__func__.8>:
200053d0:	675f6870 6e5f7465 0065646f              ph_get_node.

200053dc <__func__.9>:
200053dc:	5f646461 72616c61 6e755f6d 5f726564     add_alarm_under_
200053ec:	6b636f6c 00000000 64726148 65726177     lock....Hardware
200053fc:	616c6120 25206d72 6c612064 64616572      alarm %d alread
2000540c:	6c632079 656d6961 00000064 656d6974     y claimed...time
2000541c:	77685f72 6e693e2d 26207374 20753120     r_hw->ints & 1u 
2000542c:	61203c3c 6d72616c 6d756e5f 00000000     << alarm_num....
2000543c:	6d6f682f 69702f65 6369702f 69702f6f     /home/pi/pico/pi
2000544c:	732d6f63 732f6b64 722f6372 635f3270     co-sdk/src/rp2_c
2000545c:	6f6d6d6f 61682f6e 61776472 745f6572     ommon/hardware_t
2000546c:	72656d69 6d69742f 632e7265 00000000     imer/timer.c....

2000547c <__func__.0>:
2000547c:	64726168 65726177 616c615f 735f6d72     hardware_alarm_s
2000548c:	745f7465 65677261 00000074              et_target...

20005498 <__func__.1>:
20005498:	61647075 755f6574 69735f73 5f65636e     update_us_since_
200054a8:	746f6f62 00000000 746f6f72 0064695f     boot....root_id.
200054b8:	6d6f682f 69702f65 6369702f 69702f6f     /home/pi/pico/pi
200054c8:	732d6f63 732f6b64 632f6372 6f6d6d6f     co-sdk/src/commo
200054d8:	69702f6e 755f6f63 2f6c6974 61656870     n/pico_util/phea
200054e8:	00632e70 5f687021 5f746567 65646f6e     p.c.!ph_get_node
200054f8:	61656828 72202c70 5f746f6f 2d296469     (heap, root_id)-
20005508:	6269733e 676e696c 00000000 5f687021     >sibling....!ph_
20005518:	5f746567 65646f6e 61656828 72202c70     get_node(heap, r
20005528:	5f746f6f 2d296469 7261703e 00746e65     oot_id)->parent.
20005538:	5f77656e 5f627573 65657274 203d2120     new_sub_tree != 
20005548:	70616568 6f723e2d 695f746f 00000064     heap->root_id...

20005558 <__func__.0>:
20005558:	725f6870 766f6d65 6e615f65 72665f64     ph_remove_and_fr
20005568:	6e5f6565 0065646f                       ee_node.

20005570 <__func__.1>:
20005570:	725f6870 766f6d65 6e615f65 65685f79     ph_remove_any_he
20005580:	00006461                                ad..

20005584 <__func__.2>:
20005584:	615f6870 635f6464 646c6968 646f6e5f     ph_add_child_nod
20005594:	00000065                                e...

20005598 <__func__.3>:
20005598:	675f6870 6e5f7465 0065646f 5f637273     ph_get_node.src_
200055a8:	71657266 203d3e20 71657266 00000000     freq >= freq....
200055b8:	6d6f682f 69702f65 6369702f 69702f6f     /home/pi/pico/pi
200055c8:	732d6f63 732f6b64 722f6372 635f3270     co-sdk/src/rp2_c
200055d8:	6f6d6d6f 61682f6e 61776472 635f6572     ommon/hardware_c
200055e8:	6b636f6c 6c632f73 736b636f 0000632e     locks/clocks.c..

200055f8 <__func__.1>:
200055f8:	636f6c63 6f635f6b 6769666e 00657275     clock_configure.
20005608:	5f6f6376 71657266 203d3e20 43495028     vco_freq >= (PIC
20005618:	4c505f4f 43565f4c 494d5f4f 52465f4e     O_PLL_VCO_MIN_FR
20005628:	4b5f5145 2a205a48 5a484b20 26262029     EQ_KHZ * KHZ) &&
20005638:	6f637620 6572665f 3d3c2071 49502820      vco_freq <= (PI
20005648:	505f4f43 565f4c4c 4d5f4f43 465f5841     CO_PLL_VCO_MAX_F
20005658:	5f514552 205a484b 484b202a 0000295a     REQ_KHZ * KHZ)..
20005668:	6d6f682f 69702f65 6369702f 69702f6f     /home/pi/pico/pi
20005678:	732d6f63 732f6b64 722f6372 635f3270     co-sdk/src/rp2_c
20005688:	6f6d6d6f 61682f6e 61776472 705f6572     ommon/hardware_p
20005698:	702f6c6c 632e6c6c 00000000 69646266     ll/pll.c....fbdi
200056a8:	3d3e2076 20363120 66202626 76696462     v >= 16 && fbdiv
200056b8:	203d3c20 00303233 736f7028 69645f74      <= 320.(post_di
200056c8:	3e203176 2031203d 70202626 5f74736f     v1 >= 1 && post_
200056d8:	31766964 203d3c20 26202937 70282026     div1 <= 7) && (p
200056e8:	5f74736f 32766964 203d3e20 26262031     ost_div2 >= 1 &&
200056f8:	736f7020 69645f74 3c203276 2937203d      post_div2 <= 7)
20005708:	00000000 5f666572 71657266 203d3c20     ....ref_freq <= 
20005718:	6f637628 6572665f 202f2071 00293631     (vco_freq / 16).

20005728 <__func__.0>:
20005728:	5f6c6c70 74696e69 00000000 7566202c     pll_init...., fu
20005738:	6974636e 203a6e6f 00000000 65737361     nction: ....asse
20005748:	6f697472 2522206e 66202273 656c6961     rtion "%s" faile
20005758:	66203a64 20656c69 22732522 696c202c     d: file "%s", li
20005768:	2520656e 25732564 00000a73 3d3d2031     ne %d%s%s...1 ==
20005778:	69752820 7470746e 29745f72 733e2d6c      (uintptr_t)l->s
20005788:	5f6e6970 6b636f6c 00000000 6d6f682f     pin_lock..../hom
20005798:	69702f65 6369702f 69702f6f 732d6f63     e/pi/pico/pico-s
200057a8:	732f6b64 722f6372 635f3270 6f6d6d6f     dk/src/rp2_commo
200057b8:	69702f6e 725f6f63 69746e75 722f656d     n/pico_runtime/r
200057c8:	69746e75 632e656d 00000000 2a2a2a0a     untime.c.....***
200057d8:	4e415020 2a204349 000a2a2a 0000000a      PANIC ***......

200057e8 <__func__.2>:
200057e8:	746e7572 5f656d69 74696e69 00000000     runtime_init....
200057f8:	00696e66 2b696e66 00000000 006e616e     fni.fni+....nan.
20005808:	2d696e66 00000000 20003542 200034f2     fni-....B5. .4. 
20005818:	200034f2 2000354c 200034f2 200034f2     .4. L5. .4. .4. 
20005828:	200034f2 200034f2 200034f2 200034f2     .4. .4. .4. .4. 
20005838:	200034f2 20003538 200034f2 2000352e     .4. 85. .4. .5. 
20005848:	200034f2 200034f2 20003524 200035e4     .4. .4. $5. .5. 
20005858:	2000360a 20003622 2000360a 200035c4     .6. "6. .6. .5. 
20005868:	2000360a 2000360a 2000360a 2000360a     .6. .6. .6. .6. 
20005878:	2000360a 2000360a 2000360a 20003600     .6. .6. .6. .6. 
20005888:	2000360a 2000360a 2000360a 2000360a     .6. .6. .6. .6. 
20005898:	2000360a 2000362e 20003a5e 20003a74     .6. .6. ^:. t:. 
200058a8:	20003a74 20003a74 20003a74 20003a74     t:. t:. t:. t:. 
200058b8:	20003a74 20003a74 20003a74 20003a74     t:. t:. t:. t:. 
200058c8:	20003a74 20003a74 20003a74 20003a74     t:. t:. t:. t:. 
200058d8:	20003a74 20003a74 20003a74 20003a74     t:. t:. t:. t:. 
200058e8:	20003a74 20003a74 20003a74 20003a74     t:. t:. t:. t:. 
200058f8:	20003a74 20003a74 20003a74 20003a74     t:. t:. t:. t:. 
20005908:	20003a74 20003a74 20003a74 20003a74     t:. t:. t:. t:. 
20005918:	20003a74 20003a74 20003886 20003846     t:. t:. .8. F8. 
20005928:	20003886 20003a74 20003a74 20003a74     .8. t:. t:. t:. 
20005938:	20003a74 20003a74 20003a74 20003a74     t:. t:. t:. t:. 
20005948:	20003a74 20003a74 20003a74 20003a74     t:. t:. t:. t:. 
20005958:	20003a74 20003a74 20003a74 20003a74     t:. t:. t:. t:. 
20005968:	20003a74 2000363a 20003a74 20003a74     t:. :6. t:. t:. 
20005978:	20003a74 20003a74 20003a74 20003a74     t:. t:. t:. t:. 
20005988:	20003a74 20003a74 20003a74 2000363a     t:. t:. t:. :6. 
20005998:	200038d6 2000363a 20003886 20003846     .8. :6. .8. F8. 
200059a8:	20003886 20003a74 2000363a 20003a74     .8. t:. :6. t:. 
200059b8:	20003a74 20003a74 20003a74 20003a74     t:. t:. t:. t:. 
200059c8:	2000363a 20003a28 20003a74 20003a74     :6. (:. t:. t:. 
200059d8:	2000394e 20003a74 2000363a 20003a74     N9. t:. :6. t:. 
200059e8:	20003a74 2000363a                       t:. :6. 

200059f0 <pow10.0>:
200059f0:	00000000 3ff00000 00000000 40240000     .......?......$@
20005a00:	00000000 40590000 00000000 408f4000     ......Y@.....@.@
20005a10:	00000000 40c38800 00000000 40f86a00     .......@.....j.@
20005a20:	00000000 412e8480 00000000 416312d0     .......A......cA
20005a30:	00000000 4197d784 00000000 41cdcd65     .......A....e..A
20005a40:	7373696d 20676e69 62756f64 6620656c     missing double f
20005a50:	74636e75 006e6f69 7528282a 38746e69     unction.*((uint8
20005a60:	2a20745f 6d6f7229 7461645f 6f6c5f61     _t *)rom_data_lo
20005a70:	70756b6f 6d6f7228 6261745f 635f656c     okup(rom_table_c
20005a80:	2865646f 2c275327 27462720 322d2929     ode('S', 'F'))-2
20005a90:	202a2029 3d3e2034 5f465320 4c424154     ) * 4 >= SF_TABL
20005aa0:	32565f45 5a49535f 00000045 6d6f682f     E_V2_SIZE.../hom
20005ab0:	69702f65 6369702f 69702f6f 732d6f63     e/pi/pico/pico-s
20005ac0:	732f6b64 722f6372 635f3270 6f6d6d6f     dk/src/rp2_commo
20005ad0:	69702f6e 645f6f63 6c62756f 6f642f65     n/pico_double/do
20005ae0:	656c6275 696e695f 6f725f74 00632e6d     uble_init_rom.c.

20005af0 <__func__.0>:
20005af0:	65615f5f 5f696261 62756f64 695f656c     __aeabi_double_i
20005b00:	0074696e 7528282a 38746e69 2a20745f     nit.*((uint8_t *
20005b10:	6d6f7229 6261745f 322d656c 202a2029     )rom_table-2) * 
20005b20:	3d3e2034 5f465320 4c424154 32565f45     4 >= SF_TABLE_V2
20005b30:	5a49535f 00000045 6d6f682f 69702f65     _SIZE.../home/pi
20005b40:	6369702f 69702f6f 732d6f63 732f6b64     /pico/pico-sdk/s
20005b50:	722f6372 635f3270 6f6d6d6f 69702f6e     rc/rp2_common/pi
20005b60:	665f6f63 74616f6c 6f6c662f 695f7461     co_float/float_i
20005b70:	5f74696e 2e6d6f72 00000063              nit_rom.c...

20005b7c <__func__.0>:
20005b7c:	65615f5f 5f696261 616f6c66 6e695f74     __aeabi_float_in
20005b8c:	00007469 75626544 00000067 746f6f62     it..Debug...boot
20005b9c:	32775f32 38307135 00000030 2e352e31     2_w25q080...1.5.
20005bac:	00000031 32326e6e 72616f62 00000064     1...nn22board...
20005bbc:	42746544 6472616f 6d726946 65726177     DetBoardFirmware
20005bcc:	00000000 20727041 32203032 00343230     ....Apr 20 2024.

20005bdc <__bi_44>:
20005bdc:	50520006 b63cffbb 20005bb0              ..RP..<..[. 

20005be8 <__bi_75>:
20005be8:	50520006 7f8882e1 20005b98              ..RP.....[. 

20005bf4 <__bi_81>:
20005bf4:	50520006 4275f0d3 20005b90              ..RP..uB.[. 

20005c00 <__func__.3>:
20005c00:	61647075 755f6574 69735f73 5f65636e     update_us_since_
20005c10:	746f6f62 00000000                       boot....

20005c18 <crlf_str.2>:
20005c18:	00000a0d 73616c66 666f5f68 2b207366     ....flash_offs +
20005c28:	756f6320 3c20746e 4950203d 465f4f43      count <= PICO_F
20005c38:	4853414c 5a49535f 59425f45 00534554     LASH_SIZE_BYTES.
20005c48:	6d6f682f 69702f65 6369702f 69702f6f     /home/pi/pico/pi
20005c58:	732d6f63 732f6b64 722f6372 635f3270     co-sdk/src/rp2_c
20005c68:	6f6d6d6f 61682f6e 61776472 665f6572     ommon/hardware_f
20005c78:	6873616c 616c662f 632e6873 00000000     lash/flash.c....
20005c88:	6e6e6f63 5f746365 65746e69 6c616e72     connect_internal
20005c98:	616c665f 26206873 6c662026 5f687361     _flash && flash_
20005ca8:	74697865 7069785f 20262620 73616c66     exit_xip && flas
20005cb8:	61725f68 5f65676e 73617265 26262065     h_range_erase &&
20005cc8:	616c6620 665f6873 6873756c 6361635f      flash_flush_cac
20005cd8:	00006568 6e6e6f63 5f746365 65746e69     he..connect_inte
20005ce8:	6c616e72 616c665f 26206873 6c662026     rnal_flash && fl
20005cf8:	5f687361 74697865 7069785f 20262620     ash_exit_xip && 
20005d08:	73616c66 61725f68 5f65676e 676f7270     flash_range_prog
20005d18:	206d6172 66202626 6873616c 756c665f     ram && flash_flu
20005d28:	635f6873 65686361 00000000 6e6e6f63     sh_cache....conn
20005d38:	5f746365 65746e69 6c616e72 616c665f     ect_internal_fla
20005d48:	26206873 6c662026 5f687361 74697865     sh && flash_exit
20005d58:	7069785f 20262620 73616c66 6c665f68     _xip && flash_fl
20005d68:	5f687375 68636163 00000065              ush_cache...

20005d74 <__func__.0>:
20005d74:	73616c66 6f645f68 646d635f 00000000     flash_do_cmd....
20005d84:	676f7270 2d6d6172 6e656c3e 20687467     program->length 
20005d94:	50203d3c 495f4f49 5254534e 49544355     <= PIO_INSTRUCTI
20005da4:	435f4e4f 544e554f 00000000 6d6f682f     ON_COUNT..../hom
20005db4:	69702f65 6369702f 69702f6f 732d6f63     e/pi/pico/pico-s
20005dc4:	732f6b64 722f6372 635f3270 6f6d6d6f     dk/src/rp2_commo
20005dd4:	61682f6e 61776472 705f6572 702f6f69     n/hardware_pio/p
20005de4:	632e6f69 00000000 70206f4e 72676f72     io.c....No progr
20005df4:	73206d61 65636170 00000000              am space....

20005e00 <__func__.1>:
20005e00:	6f69705f 6e69665f 666f5f64 74657366     _pio_find_offset
20005e10:	726f665f 6f72705f 6d617267 00000000     _for_program....

20005e20 <striped_spin_lock_num>:
20005e20:	00000010                                ....

20005e24 <irq_handler_chain_slots>:
20005e24:	00000000 	.word	0x00000000
20005e28:	00010000 	.word	0x00010000
	...
20005e34:	00020000 	.word	0x00020000
	...
20005e40:	00030000 	.word	0x00030000
	...
20005e4c:	00ff0000 	.word	0x00ff0000
20005e50:	00000000 	.word	0x00000000

20005e54 <irq_handler_chain_first_slot>:
20005e54:	b501      	push	{r0, lr}
20005e56:	6848      	ldr	r0, [r1, #4]
20005e58:	3101      	adds	r1, #1
20005e5a:	468e      	mov	lr, r1
20005e5c:	4700      	bx	r0

20005e5e <irq_handler_chain_remove_tail>:
20005e5e:	4670      	mov	r0, lr
20005e60:	3809      	subs	r0, #9
20005e62:	4901      	ldr	r1, [pc, #4]	; (20005e68 <irq_handler_chain_remove_tail+0xa>)
20005e64:	4788      	blx	r1
20005e66:	bd01      	pop	{r0, pc}
20005e68:	20000f0d 	.word	0x20000f0d

20005e6c <default_alarm_pool>:
20005e6c:	20005e84 00000000 20005ee0 2000613c     .^. .....^. <a. 
	...

20005e84 <default_alarm_pool_heap>:
20005e84:	2000614c 00000000 00000000 00000010     La. ............
	...

20005ea0 <aeabi_bits_funcs>:
20005ea0:	00003350 	.word	0x00003350
20005ea4:	0000334c 	.word	0x0000334c
20005ea8:	00003354 	.word	0x00003354
20005eac:	00003352 	.word	0x00003352

20005eb0 <aeabi_bits_funcs_end>:
20005eb0:	0000534d 	.word	0x0000534d
20005eb4:	0000434d 	.word	0x0000434d
20005eb8:	00003453 	.word	0x00003453
20005ebc:	00003443 	.word	0x00003443

20005ec0 <print_mutex>:
	...

20005ec8 <__mutex_array_end>:
20005ec8:	20004385 	.word	0x20004385
20005ecc:	20003ad9 	.word	0x20003ad9
20005ed0:	200041bd 	.word	0x200041bd
20005ed4:	200042fd 	.word	0x200042fd

20005ed8 <__frame_dummy_init_array_entry>:
20005ed8:	20000139 2000463d                       9.. =F. 
